[0.000000] (-) TimerEvent: {}
[0.000154] (px4_msgs) JobQueued: {'identifier': 'px4_msgs', 'dependencies': OrderedDict()}
[0.000360] (px4_ros_com) JobQueued: {'identifier': 'px4_ros_com', 'dependencies': OrderedDict([('px4_msgs', '/home/jmj/pro_asp_ws/ws_px4_controls/install/px4_msgs')])}
[0.000373] (uav_controller_pkg) JobQueued: {'identifier': 'uav_controller_pkg', 'dependencies': OrderedDict([('px4_msgs', '/home/jmj/pro_asp_ws/ws_px4_controls/install/px4_msgs')])}
[0.000383] (utilities_pkg) JobQueued: {'identifier': 'utilities_pkg', 'dependencies': OrderedDict([('px4_msgs', '/home/jmj/pro_asp_ws/ws_px4_controls/install/px4_msgs')])}
[0.000392] (px4_msgs) JobStarted: {'identifier': 'px4_msgs'}
[0.006725] (px4_msgs) JobProgress: {'identifier': 'px4_msgs', 'progress': 'cmake'}
[0.007043] (px4_msgs) JobProgress: {'identifier': 'px4_msgs', 'progress': 'build'}
[0.007405] (px4_msgs) Command: {'cmd': ['/usr/bin/cmake', '--build', '/home/jmj/pro_asp_ws/ws_px4_controls/build/px4_msgs', '--', '-j20', '-l20'], 'cwd': '/home/jmj/pro_asp_ws/ws_px4_controls/build/px4_msgs', 'env': OrderedDict([('LESSOPEN', '| /usr/bin/lesspipe %s'), ('USER', 'jmj'), ('LC_TIME', 'ko_KR.UTF-8'), ('CCACHE_DIR', '/var/tmp/ccache'), ('XDG_SESSION_TYPE', 'x11'), ('SHLVL', '1'), ('LD_LIBRARY_PATH', '/home/jmj/pro_asp_ws/ws_aruco/install/aruco_interfaces/lib:/home/jmj/pro_asp_ws/ws_aruco/install/multi_tracker/lib:/home/jmj/pro_asp_ws/ws_aruco/install/image_geometry/lib:/home/jmj/pro_asp_ws/ws_aruco/install/cv_bridge/lib:/home/jmj/pro_asp_ws/ws_px4_controls/install/px4_ros_com/lib:/home/jmj/pro_asp_ws/ws_px4_controls/install/px4_msgs/lib:/opt/ros/humble/opt/rviz_ogre_vendor/lib:/opt/ros/humble/lib/x86_64-linux-gnu:/opt/ros/humble/lib:/usr/local/cuda/lib64'), ('HOME', '/home/jmj'), ('OLDPWD', '/home/jmj/pro_asp_ws'), ('DESKTOP_SESSION', 'ubuntu'), ('NVM_BIN', '/home/jmj/.nvm/versions/node/v22.14.0/bin'), ('NVM_INC', '/home/jmj/.nvm/versions/node/v22.14.0/include/node'), ('ROS_PYTHON_VERSION', '3'), ('GNOME_SHELL_SESSION_MODE', 'ubuntu'), ('GTK_MODULES', 'gail:atk-bridge'), ('LC_MONETARY', 'ko_KR.UTF-8'), ('MANAGERPID', '1020'), ('SYSTEMD_EXEC_PID', '2153'), ('DBUS_SESSION_BUS_ADDRESS', 'unix:path=/run/user/1000/bus'), ('COLORTERM', 'truecolor'), ('TERMINATOR_DBUS_NAME', 'net.tenshu.Terminator21a9d5db22c73a993ff0b42f64b396873'), ('GIO_LAUNCHED_DESKTOP_FILE_PID', '4545'), ('NVM_DIR', '/home/jmj/.nvm'), ('IM_CONFIG_PHASE', '1'), ('COLCON_PREFIX_PATH', '/home/jmj/pro_asp_ws/ws_aruco/install:/home/jmj/pro_asp_ws/ws_px4_controls/install'), ('ROS_DISTRO', 'humble'), ('GTK_IM_MODULE', 'ibus'), ('LOGNAME', 'jmj'), ('JOURNAL_STREAM', '8:7695'), ('_', '/usr/bin/colcon'), ('ROS_VERSION', '2'), ('XDG_SESSION_CLASS', 'user'), ('USERNAME', 'jmj'), ('TERM', 'xterm-256color'), ('GNOME_DESKTOP_SESSION_ID', 'this-is-deprecated'), ('ROS_LOCALHOST_ONLY', '0'), ('WINDOWPATH', '2'), ('PATH', '/home/jmj/anaconda3/bin:/usr/bin:/opt/ros/humble/bin:/home/jmj/.nvm/versions/node/v22.14.0/bin:/usr/local/cuda/bin:/home/jmj/.cargo/bin:/usr/local/sbin:/usr/local/bin:/usr/sbin:/usr/bin:/sbin:/bin:/usr/games:/usr/local/games:/snap/bin:/snap/bin:/home/jmj/.local/bin'), ('SESSION_MANAGER', 'local/jmj:@/tmp/.ICE-unix/1927,unix/jmj:/tmp/.ICE-unix/1927'), ('INVOCATION_ID', '76055a6707e341d29d392405f8760929'), ('XDG_MENU_PREFIX', 'gnome-'), ('LC_ADDRESS', 'ko_KR.UTF-8'), ('XDG_RUNTIME_DIR', '/run/user/1000'), ('DISPLAY', ':0'), ('TERMINATOR_DBUS_PATH', '/net/tenshu/Terminator2'), ('LANG', 'en_US.UTF-8'), ('XDG_CURRENT_DESKTOP', 'ubuntu:GNOME'), ('IBUS_DISABLE_SNOOPER', '1'), ('LC_TELEPHONE', 'ko_KR.UTF-8'), ('XMODIFIERS', '@im=ibus'), ('XDG_SESSION_DESKTOP', 'ubuntu'), ('XAUTHORITY', '/run/user/1000/gdm/Xauthority'), ('LS_COLORS', 'rs=0:di=01;34:ln=01;36:mh=00:pi=40;33:so=01;35:do=01;35:bd=40;33;01:cd=40;33;01:or=40;31;01:mi=00:su=37;41:sg=30;43:ca=30;41:tw=30;42:ow=34;42:st=37;44:ex=01;32:*.tar=01;31:*.tgz=01;31:*.arc=01;31:*.arj=01;31:*.taz=01;31:*.lha=01;31:*.lz4=01;31:*.lzh=01;31:*.lzma=01;31:*.tlz=01;31:*.txz=01;31:*.tzo=01;31:*.t7z=01;31:*.zip=01;31:*.z=01;31:*.dz=01;31:*.gz=01;31:*.lrz=01;31:*.lz=01;31:*.lzo=01;31:*.xz=01;31:*.zst=01;31:*.tzst=01;31:*.bz2=01;31:*.bz=01;31:*.tbz=01;31:*.tbz2=01;31:*.tz=01;31:*.deb=01;31:*.rpm=01;31:*.jar=01;31:*.war=01;31:*.ear=01;31:*.sar=01;31:*.rar=01;31:*.alz=01;31:*.ace=01;31:*.zoo=01;31:*.cpio=01;31:*.7z=01;31:*.rz=01;31:*.cab=01;31:*.wim=01;31:*.swm=01;31:*.dwm=01;31:*.esd=01;31:*.jpg=01;35:*.jpeg=01;35:*.mjpg=01;35:*.mjpeg=01;35:*.gif=01;35:*.bmp=01;35:*.pbm=01;35:*.pgm=01;35:*.ppm=01;35:*.tga=01;35:*.xbm=01;35:*.xpm=01;35:*.tif=01;35:*.tiff=01;35:*.png=01;35:*.svg=01;35:*.svgz=01;35:*.mng=01;35:*.pcx=01;35:*.mov=01;35:*.mpg=01;35:*.mpeg=01;35:*.m2v=01;35:*.mkv=01;35:*.webm=01;35:*.webp=01;35:*.ogm=01;35:*.mp4=01;35:*.m4v=01;35:*.mp4v=01;35:*.vob=01;35:*.qt=01;35:*.nuv=01;35:*.wmv=01;35:*.asf=01;35:*.rm=01;35:*.rmvb=01;35:*.flc=01;35:*.avi=01;35:*.fli=01;35:*.flv=01;35:*.gl=01;35:*.dl=01;35:*.xcf=01;35:*.xwd=01;35:*.yuv=01;35:*.cgm=01;35:*.emf=01;35:*.ogv=01;35:*.ogx=01;35:*.aac=00;36:*.au=00;36:*.flac=00;36:*.m4a=00;36:*.mid=00;36:*.midi=00;36:*.mka=00;36:*.mp3=00;36:*.mpc=00;36:*.ogg=00;36:*.ra=00;36:*.wav=00;36:*.oga=00;36:*.opus=00;36:*.spx=00;36:*.xspf=00;36:'), ('SSH_AGENT_LAUNCHER', 'gnome-keyring'), ('SSH_AUTH_SOCK', '/run/user/1000/keyring/ssh'), ('AMENT_PREFIX_PATH', '/home/jmj/pro_asp_ws/ws_aruco/install/aruco_interfaces:/home/jmj/pro_asp_ws/ws_aruco/install/vision_opencv:/home/jmj/pro_asp_ws/ws_aruco/install/opencv_tests:/home/jmj/pro_asp_ws/ws_aruco/install/multi_tracker:/home/jmj/pro_asp_ws/ws_aruco/install/image_geometry:/home/jmj/pro_asp_ws/ws_aruco/install/cv_bridge:/home/jmj/pro_asp_ws/ws_px4_controls/install/utilities_pkg:/home/jmj/pro_asp_ws/ws_px4_controls/install/uav_controller_pkg:/home/jmj/pro_asp_ws/ws_px4_controls/install/px4_ros_com:/home/jmj/pro_asp_ws/ws_px4_controls/install/px4_msgs:/opt/ros/humble'), ('SHELL', '/bin/bash'), ('LC_NAME', 'ko_KR.UTF-8'), ('TERMINATOR_UUID', 'urn:uuid:ac10e9f5-7634-4617-a685-a5192a4cf882'), ('QT_ACCESSIBILITY', '1'), ('CXX', '/usr/lib/ccache/g++'), ('GDMSESSION', 'ubuntu'), ('LESSCLOSE', '/usr/bin/lesspipe %s %s'), ('LC_MEASUREMENT', 'ko_KR.UTF-8'), ('GPG_AGENT_INFO', '/run/user/1000/gnupg/S.gpg-agent:0:1'), ('LC_IDENTIFICATION', 'ko_KR.UTF-8'), ('QT_IM_MODULE', 'ibus'), ('PWD', '/home/jmj/pro_asp_ws/ws_px4_controls/build/px4_msgs'), ('LC_ALL', 'en_US.UTF-8'), ('XDG_CONFIG_DIRS', '/etc/xdg/xdg-ubuntu:/etc/xdg'), ('NVM_CD_FLAGS', ''), ('XDG_DATA_DIRS', '/usr/share/ubuntu:/usr/share/gnome:/usr/local/share/:/usr/share/:/var/lib/snapd/desktop'), ('PYTHONPATH', '/home/jmj/pro_asp_ws/ws_aruco/install/aruco_interfaces/local/lib/python3.10/dist-packages:/home/jmj/pro_asp_ws/ws_aruco/install/multi_tracker/local/lib/python3.10/dist-packages:/home/jmj/pro_asp_ws/ws_aruco/install/opencv_tests/lib/python3.10/site-packages:/home/jmj/pro_asp_ws/ws_aruco/install/image_geometry/local/lib/python3.10/dist-packages:/home/jmj/pro_asp_ws/ws_aruco/install/cv_bridge/local/lib/python3.10/dist-packages:/home/jmj/pro_asp_ws/ws_px4_controls/install/px4_ros_com/local/lib/python3.10/dist-packages:/home/jmj/pro_asp_ws/ws_px4_controls/install/px4_msgs/local/lib/python3.10/dist-packages:/opt/ros/humble/lib/python3.10/site-packages:/opt/ros/humble/local/lib/python3.10/dist-packages'), ('LC_NUMERIC', 'ko_KR.UTF-8'), ('LC_PAPER', 'ko_KR.UTF-8'), ('CC', '/usr/lib/ccache/gcc'), ('COLCON', '1'), ('VTE_VERSION', '6800'), ('CMAKE_PREFIX_PATH', '/home/jmj/pro_asp_ws/ws_aruco/install/aruco_interfaces:/home/jmj/pro_asp_ws/ws_aruco/install/vision_opencv:/home/jmj/pro_asp_ws/ws_aruco/install/multi_tracker:/home/jmj/pro_asp_ws/ws_aruco/install/image_geometry:/home/jmj/pro_asp_ws/ws_aruco/install/cv_bridge:/home/jmj/pro_asp_ws/ws_px4_controls/install/utilities_pkg:/home/jmj/pro_asp_ws/ws_px4_controls/install/uav_controller_pkg:/home/jmj/pro_asp_ws/ws_px4_controls/install/px4_ros_com:/home/jmj/pro_asp_ws/ws_px4_controls/install/px4_msgs:/home/jmj/pro_asp_ws/ws_aruco/install/opencv_tests:/opt/ros/humble')]), 'shell': False}
[0.099727] (-) TimerEvent: {}
[0.199998] (-) TimerEvent: {}
[0.300250] (-) TimerEvent: {}
[0.400496] (-) TimerEvent: {}
[0.443304] (px4_msgs) StdoutLine: {'line': b'\x1b[35m\x1b[1mConsolidate compiler generated dependencies of target px4_msgs__rosidl_generator_c\x1b[0m\n'}
[0.448221] (px4_msgs) StdoutLine: {'line': b'[  0%] Built target px4_msgs__cpp\n'}
[0.461017] (px4_msgs) StdoutLine: {'line': b'[  0%] Built target ament_cmake_python_copy_px4_msgs\n'}
[0.495215] (px4_msgs) StdoutLine: {'line': b'\x1b[35m\x1b[1mConsolidate compiler generated dependencies of target px4_msgs__rosidl_typesupport_cpp\x1b[0m\n'}
[0.500038] (px4_msgs) StdoutLine: {'line': b'\x1b[35m\x1b[1mConsolidate compiler generated dependencies of target px4_msgs__rosidl_typesupport_fastrtps_cpp\x1b[0m\n'}
[0.500575] (-) TimerEvent: {}
[0.501110] (px4_msgs) StdoutLine: {'line': b'\x1b[35m\x1b[1mConsolidate compiler generated dependencies of target px4_msgs__rosidl_typesupport_introspection_cpp\x1b[0m\n'}
[0.504489] (px4_msgs) StdoutLine: {'line': b'[ 12%] Built target px4_msgs__rosidl_generator_c\n'}
[0.529715] (px4_msgs) StdoutLine: {'line': b'\x1b[35m\x1b[1mConsolidate compiler generated dependencies of target px4_msgs__rosidl_typesupport_c\x1b[0m\n'}
[0.534590] (px4_msgs) StdoutLine: {'line': b'\x1b[35m\x1b[1mConsolidate compiler generated dependencies of target px4_msgs__rosidl_typesupport_introspection_c\x1b[0m\n'}
[0.565761] (px4_msgs) StdoutLine: {'line': b'[ 25%] Built target px4_msgs__rosidl_typesupport_c\n'}
[0.566084] (px4_msgs) StdoutLine: {'line': b'\x1b[35m\x1b[1mConsolidate compiler generated dependencies of target px4_msgs__rosidl_typesupport_fastrtps_c\x1b[0m\n'}
[0.599861] (px4_msgs) StdoutLine: {'line': b'[ 37%] Built target px4_msgs__rosidl_typesupport_cpp\n'}
[0.600653] (-) TimerEvent: {}
[0.604561] (px4_msgs) StdoutLine: {'line': b'[ 50%] Built target px4_msgs__rosidl_typesupport_introspection_c\n'}
[0.623826] (px4_msgs) StdoutLine: {'line': b'[ 63%] Built target px4_msgs__rosidl_typesupport_introspection_cpp\n'}
[0.636095] (px4_msgs) StdoutLine: {'line': b'[ 75%] Built target px4_msgs__rosidl_typesupport_fastrtps_cpp\n'}
[0.680468] (px4_msgs) StdoutLine: {'line': b'running egg_info\n'}
[0.681294] (px4_msgs) StdoutLine: {'line': b'writing px4_msgs.egg-info/PKG-INFO\n'}
[0.681542] (px4_msgs) StdoutLine: {'line': b'writing dependency_links to px4_msgs.egg-info/dependency_links.txt\n'}
[0.681711] (px4_msgs) StdoutLine: {'line': b'writing top-level names to px4_msgs.egg-info/top_level.txt\n'}
[0.687504] (px4_msgs) StdoutLine: {'line': b"reading manifest file 'px4_msgs.egg-info/SOURCES.txt'\n"}
[0.689046] (px4_msgs) StdoutLine: {'line': b"writing manifest file 'px4_msgs.egg-info/SOURCES.txt'\n"}
[0.700867] (-) TimerEvent: {}
[0.717150] (px4_msgs) StdoutLine: {'line': b'[ 88%] Built target px4_msgs__rosidl_typesupport_fastrtps_c\n'}
[0.721902] (px4_msgs) StdoutLine: {'line': b'[ 88%] Built target ament_cmake_python_build_px4_msgs_egg\n'}
[0.733750] (px4_msgs) StdoutLine: {'line': b'[ 88%] Built target px4_msgs\n'}
[0.760002] (px4_msgs) StdoutLine: {'line': b'[ 88%] Built target px4_msgs__py\n'}
[0.799390] (px4_msgs) StdoutLine: {'line': b'\x1b[35m\x1b[1mConsolidate compiler generated dependencies of target px4_msgs__rosidl_generator_py\x1b[0m\n'}
[0.800910] (-) TimerEvent: {}
[0.900834] (px4_msgs) StdoutLine: {'line': b'[100%] Built target px4_msgs__rosidl_generator_py\n'}
[0.900973] (-) TimerEvent: {}
[0.908259] (px4_msgs) StdoutLine: {'line': b'\x1b[35m\x1b[1mConsolidate compiler generated dependencies of target px4_msgs__rosidl_typesupport_c__pyext\x1b[0m\n'}
[0.908769] (px4_msgs) StdoutLine: {'line': b'\x1b[35m\x1b[1mConsolidate compiler generated dependencies of target px4_msgs__rosidl_typesupport_fastrtps_c__pyext\x1b[0m\n'}
[0.910288] (px4_msgs) StdoutLine: {'line': b'\x1b[35m\x1b[1mConsolidate compiler generated dependencies of target px4_msgs__rosidl_typesupport_introspection_c__pyext\x1b[0m\n'}
[0.922650] (px4_msgs) StdoutLine: {'line': b'[100%] Built target px4_msgs__rosidl_typesupport_fastrtps_c__pyext\n'}
[0.923436] (px4_msgs) StdoutLine: {'line': b'[100%] Built target px4_msgs__rosidl_typesupport_introspection_c__pyext\n'}
[0.923617] (px4_msgs) StdoutLine: {'line': b'[100%] Built target px4_msgs__rosidl_typesupport_c__pyext\n'}
[0.935994] (px4_msgs) CommandEnded: {'returncode': 0}
[0.936560] (px4_msgs) JobProgress: {'identifier': 'px4_msgs', 'progress': 'install'}
[0.945190] (px4_msgs) Command: {'cmd': ['/usr/bin/cmake', '--install', '/home/jmj/pro_asp_ws/ws_px4_controls/build/px4_msgs'], 'cwd': '/home/jmj/pro_asp_ws/ws_px4_controls/build/px4_msgs', 'env': OrderedDict([('LESSOPEN', '| /usr/bin/lesspipe %s'), ('USER', 'jmj'), ('LC_TIME', 'ko_KR.UTF-8'), ('CCACHE_DIR', '/var/tmp/ccache'), ('XDG_SESSION_TYPE', 'x11'), ('SHLVL', '1'), ('LD_LIBRARY_PATH', '/home/jmj/pro_asp_ws/ws_aruco/install/aruco_interfaces/lib:/home/jmj/pro_asp_ws/ws_aruco/install/multi_tracker/lib:/home/jmj/pro_asp_ws/ws_aruco/install/image_geometry/lib:/home/jmj/pro_asp_ws/ws_aruco/install/cv_bridge/lib:/home/jmj/pro_asp_ws/ws_px4_controls/install/px4_ros_com/lib:/home/jmj/pro_asp_ws/ws_px4_controls/install/px4_msgs/lib:/opt/ros/humble/opt/rviz_ogre_vendor/lib:/opt/ros/humble/lib/x86_64-linux-gnu:/opt/ros/humble/lib:/usr/local/cuda/lib64'), ('HOME', '/home/jmj'), ('OLDPWD', '/home/jmj/pro_asp_ws'), ('DESKTOP_SESSION', 'ubuntu'), ('NVM_BIN', '/home/jmj/.nvm/versions/node/v22.14.0/bin'), ('NVM_INC', '/home/jmj/.nvm/versions/node/v22.14.0/include/node'), ('ROS_PYTHON_VERSION', '3'), ('GNOME_SHELL_SESSION_MODE', 'ubuntu'), ('GTK_MODULES', 'gail:atk-bridge'), ('LC_MONETARY', 'ko_KR.UTF-8'), ('MANAGERPID', '1020'), ('SYSTEMD_EXEC_PID', '2153'), ('DBUS_SESSION_BUS_ADDRESS', 'unix:path=/run/user/1000/bus'), ('COLORTERM', 'truecolor'), ('TERMINATOR_DBUS_NAME', 'net.tenshu.Terminator21a9d5db22c73a993ff0b42f64b396873'), ('GIO_LAUNCHED_DESKTOP_FILE_PID', '4545'), ('NVM_DIR', '/home/jmj/.nvm'), ('IM_CONFIG_PHASE', '1'), ('COLCON_PREFIX_PATH', '/home/jmj/pro_asp_ws/ws_aruco/install:/home/jmj/pro_asp_ws/ws_px4_controls/install'), ('ROS_DISTRO', 'humble'), ('GTK_IM_MODULE', 'ibus'), ('LOGNAME', 'jmj'), ('JOURNAL_STREAM', '8:7695'), ('_', '/usr/bin/colcon'), ('ROS_VERSION', '2'), ('XDG_SESSION_CLASS', 'user'), ('USERNAME', 'jmj'), ('TERM', 'xterm-256color'), ('GNOME_DESKTOP_SESSION_ID', 'this-is-deprecated'), ('ROS_LOCALHOST_ONLY', '0'), ('WINDOWPATH', '2'), ('PATH', '/home/jmj/anaconda3/bin:/usr/bin:/opt/ros/humble/bin:/home/jmj/.nvm/versions/node/v22.14.0/bin:/usr/local/cuda/bin:/home/jmj/.cargo/bin:/usr/local/sbin:/usr/local/bin:/usr/sbin:/usr/bin:/sbin:/bin:/usr/games:/usr/local/games:/snap/bin:/snap/bin:/home/jmj/.local/bin'), ('SESSION_MANAGER', 'local/jmj:@/tmp/.ICE-unix/1927,unix/jmj:/tmp/.ICE-unix/1927'), ('INVOCATION_ID', '76055a6707e341d29d392405f8760929'), ('XDG_MENU_PREFIX', 'gnome-'), ('LC_ADDRESS', 'ko_KR.UTF-8'), ('XDG_RUNTIME_DIR', '/run/user/1000'), ('DISPLAY', ':0'), ('TERMINATOR_DBUS_PATH', '/net/tenshu/Terminator2'), ('LANG', 'en_US.UTF-8'), ('XDG_CURRENT_DESKTOP', 'ubuntu:GNOME'), ('IBUS_DISABLE_SNOOPER', '1'), ('LC_TELEPHONE', 'ko_KR.UTF-8'), ('XMODIFIERS', '@im=ibus'), ('XDG_SESSION_DESKTOP', 'ubuntu'), ('XAUTHORITY', '/run/user/1000/gdm/Xauthority'), ('LS_COLORS', 'rs=0:di=01;34:ln=01;36:mh=00:pi=40;33:so=01;35:do=01;35:bd=40;33;01:cd=40;33;01:or=40;31;01:mi=00:su=37;41:sg=30;43:ca=30;41:tw=30;42:ow=34;42:st=37;44:ex=01;32:*.tar=01;31:*.tgz=01;31:*.arc=01;31:*.arj=01;31:*.taz=01;31:*.lha=01;31:*.lz4=01;31:*.lzh=01;31:*.lzma=01;31:*.tlz=01;31:*.txz=01;31:*.tzo=01;31:*.t7z=01;31:*.zip=01;31:*.z=01;31:*.dz=01;31:*.gz=01;31:*.lrz=01;31:*.lz=01;31:*.lzo=01;31:*.xz=01;31:*.zst=01;31:*.tzst=01;31:*.bz2=01;31:*.bz=01;31:*.tbz=01;31:*.tbz2=01;31:*.tz=01;31:*.deb=01;31:*.rpm=01;31:*.jar=01;31:*.war=01;31:*.ear=01;31:*.sar=01;31:*.rar=01;31:*.alz=01;31:*.ace=01;31:*.zoo=01;31:*.cpio=01;31:*.7z=01;31:*.rz=01;31:*.cab=01;31:*.wim=01;31:*.swm=01;31:*.dwm=01;31:*.esd=01;31:*.jpg=01;35:*.jpeg=01;35:*.mjpg=01;35:*.mjpeg=01;35:*.gif=01;35:*.bmp=01;35:*.pbm=01;35:*.pgm=01;35:*.ppm=01;35:*.tga=01;35:*.xbm=01;35:*.xpm=01;35:*.tif=01;35:*.tiff=01;35:*.png=01;35:*.svg=01;35:*.svgz=01;35:*.mng=01;35:*.pcx=01;35:*.mov=01;35:*.mpg=01;35:*.mpeg=01;35:*.m2v=01;35:*.mkv=01;35:*.webm=01;35:*.webp=01;35:*.ogm=01;35:*.mp4=01;35:*.m4v=01;35:*.mp4v=01;35:*.vob=01;35:*.qt=01;35:*.nuv=01;35:*.wmv=01;35:*.asf=01;35:*.rm=01;35:*.rmvb=01;35:*.flc=01;35:*.avi=01;35:*.fli=01;35:*.flv=01;35:*.gl=01;35:*.dl=01;35:*.xcf=01;35:*.xwd=01;35:*.yuv=01;35:*.cgm=01;35:*.emf=01;35:*.ogv=01;35:*.ogx=01;35:*.aac=00;36:*.au=00;36:*.flac=00;36:*.m4a=00;36:*.mid=00;36:*.midi=00;36:*.mka=00;36:*.mp3=00;36:*.mpc=00;36:*.ogg=00;36:*.ra=00;36:*.wav=00;36:*.oga=00;36:*.opus=00;36:*.spx=00;36:*.xspf=00;36:'), ('SSH_AGENT_LAUNCHER', 'gnome-keyring'), ('SSH_AUTH_SOCK', '/run/user/1000/keyring/ssh'), ('AMENT_PREFIX_PATH', '/home/jmj/pro_asp_ws/ws_aruco/install/aruco_interfaces:/home/jmj/pro_asp_ws/ws_aruco/install/vision_opencv:/home/jmj/pro_asp_ws/ws_aruco/install/opencv_tests:/home/jmj/pro_asp_ws/ws_aruco/install/multi_tracker:/home/jmj/pro_asp_ws/ws_aruco/install/image_geometry:/home/jmj/pro_asp_ws/ws_aruco/install/cv_bridge:/home/jmj/pro_asp_ws/ws_px4_controls/install/utilities_pkg:/home/jmj/pro_asp_ws/ws_px4_controls/install/uav_controller_pkg:/home/jmj/pro_asp_ws/ws_px4_controls/install/px4_ros_com:/home/jmj/pro_asp_ws/ws_px4_controls/install/px4_msgs:/opt/ros/humble'), ('SHELL', '/bin/bash'), ('LC_NAME', 'ko_KR.UTF-8'), ('TERMINATOR_UUID', 'urn:uuid:ac10e9f5-7634-4617-a685-a5192a4cf882'), ('QT_ACCESSIBILITY', '1'), ('CXX', '/usr/lib/ccache/g++'), ('GDMSESSION', 'ubuntu'), ('LESSCLOSE', '/usr/bin/lesspipe %s %s'), ('LC_MEASUREMENT', 'ko_KR.UTF-8'), ('GPG_AGENT_INFO', '/run/user/1000/gnupg/S.gpg-agent:0:1'), ('LC_IDENTIFICATION', 'ko_KR.UTF-8'), ('QT_IM_MODULE', 'ibus'), ('PWD', '/home/jmj/pro_asp_ws/ws_px4_controls/build/px4_msgs'), ('LC_ALL', 'en_US.UTF-8'), ('XDG_CONFIG_DIRS', '/etc/xdg/xdg-ubuntu:/etc/xdg'), ('NVM_CD_FLAGS', ''), ('XDG_DATA_DIRS', '/usr/share/ubuntu:/usr/share/gnome:/usr/local/share/:/usr/share/:/var/lib/snapd/desktop'), ('PYTHONPATH', '/home/jmj/pro_asp_ws/ws_aruco/install/aruco_interfaces/local/lib/python3.10/dist-packages:/home/jmj/pro_asp_ws/ws_aruco/install/multi_tracker/local/lib/python3.10/dist-packages:/home/jmj/pro_asp_ws/ws_aruco/install/opencv_tests/lib/python3.10/site-packages:/home/jmj/pro_asp_ws/ws_aruco/install/image_geometry/local/lib/python3.10/dist-packages:/home/jmj/pro_asp_ws/ws_aruco/install/cv_bridge/local/lib/python3.10/dist-packages:/home/jmj/pro_asp_ws/ws_px4_controls/install/px4_ros_com/local/lib/python3.10/dist-packages:/home/jmj/pro_asp_ws/ws_px4_controls/install/px4_msgs/local/lib/python3.10/dist-packages:/opt/ros/humble/lib/python3.10/site-packages:/opt/ros/humble/local/lib/python3.10/dist-packages'), ('LC_NUMERIC', 'ko_KR.UTF-8'), ('LC_PAPER', 'ko_KR.UTF-8'), ('CC', '/usr/lib/ccache/gcc'), ('COLCON', '1'), ('VTE_VERSION', '6800'), ('CMAKE_PREFIX_PATH', '/home/jmj/pro_asp_ws/ws_aruco/install/aruco_interfaces:/home/jmj/pro_asp_ws/ws_aruco/install/vision_opencv:/home/jmj/pro_asp_ws/ws_aruco/install/multi_tracker:/home/jmj/pro_asp_ws/ws_aruco/install/image_geometry:/home/jmj/pro_asp_ws/ws_aruco/install/cv_bridge:/home/jmj/pro_asp_ws/ws_px4_controls/install/utilities_pkg:/home/jmj/pro_asp_ws/ws_px4_controls/install/uav_controller_pkg:/home/jmj/pro_asp_ws/ws_px4_controls/install/px4_ros_com:/home/jmj/pro_asp_ws/ws_px4_controls/install/px4_msgs:/home/jmj/pro_asp_ws/ws_aruco/install/opencv_tests:/opt/ros/humble')]), 'shell': False}
[0.954615] (px4_msgs) StdoutLine: {'line': b'-- Install configuration: ""\n'}
[0.954810] (px4_msgs) StdoutLine: {'line': b'-- Up-to-date: /home/jmj/pro_asp_ws/ws_px4_controls/install/px4_msgs/share/ament_index/resource_index/rosidl_interfaces/px4_msgs\n'}
[0.954861] (px4_msgs) StdoutLine: {'line': b'-- Up-to-date: /home/jmj/pro_asp_ws/ws_px4_controls/install/px4_msgs/include/px4_msgs/px4_msgs\n'}
[0.954902] (px4_msgs) StdoutLine: {'line': b'-- Up-to-date: /home/jmj/pro_asp_ws/ws_px4_controls/install/px4_msgs/include/px4_msgs/px4_msgs/srv\n'}
[0.954946] (px4_msgs) StdoutLine: {'line': b'-- Up-to-date: /home/jmj/pro_asp_ws/ws_px4_controls/install/px4_msgs/include/px4_msgs/px4_msgs/srv/vehicle_command.h\n'}
[0.955077] (px4_msgs) StdoutLine: {'line': b'-- Up-to-date: /home/jmj/pro_asp_ws/ws_px4_controls/install/px4_msgs/include/px4_msgs/px4_msgs/srv/detail\n'}
[0.955155] (px4_msgs) StdoutLine: {'line': b'-- Up-to-date: /home/jmj/pro_asp_ws/ws_px4_controls/install/px4_msgs/include/px4_msgs/px4_msgs/srv/detail/vehicle_command__struct.h\n'}
[0.955220] (px4_msgs) StdoutLine: {'line': b'-- Up-to-date: /home/jmj/pro_asp_ws/ws_px4_controls/install/px4_msgs/include/px4_msgs/px4_msgs/srv/detail/vehicle_command__type_support.h\n'}
[0.955257] (px4_msgs) StdoutLine: {'line': b'-- Up-to-date: /home/jmj/pro_asp_ws/ws_px4_controls/install/px4_msgs/include/px4_msgs/px4_msgs/srv/detail/vehicle_command__functions.h\n'}
[0.955335] (px4_msgs) StdoutLine: {'line': b'-- Up-to-date: /home/jmj/pro_asp_ws/ws_px4_controls/install/px4_msgs/include/px4_msgs/px4_msgs/srv/detail/vehicle_command__functions.c\n'}
[0.955362] (px4_msgs) StdoutLine: {'line': b'-- Up-to-date: /home/jmj/pro_asp_ws/ws_px4_controls/install/px4_msgs/include/px4_msgs/px4_msgs/msg\n'}
[0.955387] (px4_msgs) StdoutLine: {'line': b'-- Up-to-date: /home/jmj/pro_asp_ws/ws_px4_controls/install/px4_msgs/include/px4_msgs/px4_msgs/msg/sensor_combined.h\n'}
[0.955412] (px4_msgs) StdoutLine: {'line': b'-- Up-to-date: /home/jmj/pro_asp_ws/ws_px4_controls/install/px4_msgs/include/px4_msgs/px4_msgs/msg/actuator_armed.h\n'}
[0.955437] (px4_msgs) StdoutLine: {'line': b'-- Up-to-date: /home/jmj/pro_asp_ws/ws_px4_controls/install/px4_msgs/include/px4_msgs/px4_msgs/msg/follow_target_status.h\n'}
[0.955473] (px4_msgs) StdoutLine: {'line': b'-- Up-to-date: /home/jmj/pro_asp_ws/ws_px4_controls/install/px4_msgs/include/px4_msgs/px4_msgs/msg/cellular_status.h\n'}
[0.955563] (px4_msgs) StdoutLine: {'line': b'-- Up-to-date: /home/jmj/pro_asp_ws/ws_px4_controls/install/px4_msgs/include/px4_msgs/px4_msgs/msg/gimbal_device_set_attitude.h\n'}
[0.955618] (px4_msgs) StdoutLine: {'line': b'-- Up-to-date: /home/jmj/pro_asp_ws/ws_px4_controls/install/px4_msgs/include/px4_msgs/px4_msgs/msg/ulog_stream_ack.h\n'}
[0.955653] (px4_msgs) StdoutLine: {'line': b'-- Up-to-date: /home/jmj/pro_asp_ws/ws_px4_controls/install/px4_msgs/include/px4_msgs/px4_msgs/msg/battery_status.h\n'}
[0.955678] (px4_msgs) StdoutLine: {'line': b'-- Up-to-date: /home/jmj/pro_asp_ws/ws_px4_controls/install/px4_msgs/include/px4_msgs/px4_msgs/msg/pps_capture.h\n'}
[0.955705] (px4_msgs) StdoutLine: {'line': b'-- Up-to-date: /home/jmj/pro_asp_ws/ws_px4_controls/install/px4_msgs/include/px4_msgs/px4_msgs/msg/fixed_wing_longitudinal_setpoint.h\n'}
[0.955731] (px4_msgs) StdoutLine: {'line': b'-- Up-to-date: /home/jmj/pro_asp_ws/ws_px4_controls/install/px4_msgs/include/px4_msgs/px4_msgs/msg/ulog_stream.h\n'}
[0.955756] (px4_msgs) StdoutLine: {'line': b'-- Up-to-date: /home/jmj/pro_asp_ws/ws_px4_controls/install/px4_msgs/include/px4_msgs/px4_msgs/msg/sensor_gyro_fft.h\n'}
[0.955780] (px4_msgs) StdoutLine: {'line': b'-- Up-to-date: /home/jmj/pro_asp_ws/ws_px4_controls/install/px4_msgs/include/px4_msgs/px4_msgs/msg/fixed_wing_runway_control.h\n'}
[0.955805] (px4_msgs) StdoutLine: {'line': b'-- Up-to-date: /home/jmj/pro_asp_ws/ws_px4_controls/install/px4_msgs/include/px4_msgs/px4_msgs/msg/led_control.h\n'}
[0.955829] (px4_msgs) StdoutLine: {'line': b'-- Up-to-date: /home/jmj/pro_asp_ws/ws_px4_controls/install/px4_msgs/include/px4_msgs/px4_msgs/msg/trajectory_setpoint.h\n'}
[0.955854] (px4_msgs) StdoutLine: {'line': b'-- Up-to-date: /home/jmj/pro_asp_ws/ws_px4_controls/install/px4_msgs/include/px4_msgs/px4_msgs/msg/geofence_status.h\n'}
[0.955878] (px4_msgs) StdoutLine: {'line': b'-- Up-to-date: /home/jmj/pro_asp_ws/ws_px4_controls/install/px4_msgs/include/px4_msgs/px4_msgs/msg/vehicle_local_position.h\n'}
[0.955902] (px4_msgs) StdoutLine: {'line': b'-- Up-to-date: /home/jmj/pro_asp_ws/ws_px4_controls/install/px4_msgs/include/px4_msgs/px4_msgs/msg/sensor_gyro.h\n'}
[0.955926] (px4_msgs) StdoutLine: {'line': b'-- Up-to-date: /home/jmj/pro_asp_ws/ws_px4_controls/install/px4_msgs/include/px4_msgs/px4_msgs/msg/estimator_aid_source3d.h\n'}
[0.955976] (px4_msgs) StdoutLine: {'line': b'-- Up-to-date: /home/jmj/pro_asp_ws/ws_px4_controls/install/px4_msgs/include/px4_msgs/px4_msgs/msg/vehicle_imu_status.h\n'}
[0.956065] (px4_msgs) StdoutLine: {'line': b'-- Up-to-date: /home/jmj/pro_asp_ws/ws_px4_controls/install/px4_msgs/include/px4_msgs/px4_msgs/msg/onboard_computer_status.h\n'}
[0.956091] (px4_msgs) StdoutLine: {'line': b'-- Up-to-date: /home/jmj/pro_asp_ws/ws_px4_controls/install/px4_msgs/include/px4_msgs/px4_msgs/msg/estimator_gps_status.h\n'}
[0.956116] (px4_msgs) StdoutLine: {'line': b'-- Up-to-date: /home/jmj/pro_asp_ws/ws_px4_controls/install/px4_msgs/include/px4_msgs/px4_msgs/msg/home_position.h\n'}
[0.956140] (px4_msgs) StdoutLine: {'line': b'-- Up-to-date: /home/jmj/pro_asp_ws/ws_px4_controls/install/px4_msgs/include/px4_msgs/px4_msgs/msg/launch_detection_status.h\n'}
[0.956164] (px4_msgs) StdoutLine: {'line': b'-- Up-to-date: /home/jmj/pro_asp_ws/ws_px4_controls/install/px4_msgs/include/px4_msgs/px4_msgs/msg/camera_trigger.h\n'}
[0.956188] (px4_msgs) StdoutLine: {'line': b'-- Up-to-date: /home/jmj/pro_asp_ws/ws_px4_controls/install/px4_msgs/include/px4_msgs/px4_msgs/msg/iridiumsbd_status.h\n'}
[0.956211] (px4_msgs) StdoutLine: {'line': b'-- Up-to-date: /home/jmj/pro_asp_ws/ws_px4_controls/install/px4_msgs/include/px4_msgs/px4_msgs/msg/rover_velocity_setpoint.h\n'}
[0.956235] (px4_msgs) StdoutLine: {'line': b'-- Up-to-date: /home/jmj/pro_asp_ws/ws_px4_controls/install/px4_msgs/include/px4_msgs/px4_msgs/msg/task_stack_info.h\n'}
[0.956291] (px4_msgs) StdoutLine: {'line': b'-- Up-to-date: /home/jmj/pro_asp_ws/ws_px4_controls/install/px4_msgs/include/px4_msgs/px4_msgs/msg/vehicle_constraints.h\n'}
[0.956316] (px4_msgs) StdoutLine: {'line': b'-- Up-to-date: /home/jmj/pro_asp_ws/ws_px4_controls/install/px4_msgs/include/px4_msgs/px4_msgs/msg/rover_rate_setpoint.h\n'}
[0.956339] (px4_msgs) StdoutLine: {'line': b'-- Up-to-date: /home/jmj/pro_asp_ws/ws_px4_controls/install/px4_msgs/include/px4_msgs/px4_msgs/msg/actuator_servos_trim.h\n'}
[0.956364] (px4_msgs) StdoutLine: {'line': b'-- Up-to-date: /home/jmj/pro_asp_ws/ws_px4_controls/install/px4_msgs/include/px4_msgs/px4_msgs/msg/vehicle_command.h\n'}
[0.956389] (px4_msgs) StdoutLine: {'line': b'-- Up-to-date: /home/jmj/pro_asp_ws/ws_px4_controls/install/px4_msgs/include/px4_msgs/px4_msgs/msg/ping.h\n'}
[0.956413] (px4_msgs) StdoutLine: {'line': b'-- Up-to-date: /home/jmj/pro_asp_ws/ws_px4_controls/install/px4_msgs/include/px4_msgs/px4_msgs/msg/sensor_uwb.h\n'}
[0.956438] (px4_msgs) StdoutLine: {'line': b'-- Up-to-date: /home/jmj/pro_asp_ws/ws_px4_controls/install/px4_msgs/include/px4_msgs/px4_msgs/msg/estimator_aid_source2d.h\n'}
[0.956463] (px4_msgs) StdoutLine: {'line': b'-- Up-to-date: /home/jmj/pro_asp_ws/ws_px4_controls/install/px4_msgs/include/px4_msgs/px4_msgs/msg/estimator_selector_status.h\n'}
[0.956487] (px4_msgs) StdoutLine: {'line': b'-- Up-to-date: /home/jmj/pro_asp_ws/ws_px4_controls/install/px4_msgs/include/px4_msgs/px4_msgs/msg/event.h\n'}
[0.956512] (px4_msgs) StdoutLine: {'line': b'-- Up-to-date: /home/jmj/pro_asp_ws/ws_px4_controls/install/px4_msgs/include/px4_msgs/px4_msgs/msg/mission_result.h\n'}
[0.956536] (px4_msgs) StdoutLine: {'line': b'-- Up-to-date: /home/jmj/pro_asp_ws/ws_px4_controls/install/px4_msgs/include/px4_msgs/px4_msgs/msg/rosidl_generator_c__visibility_control.h\n'}
[0.956561] (px4_msgs) StdoutLine: {'line': b'-- Up-to-date: /home/jmj/pro_asp_ws/ws_px4_controls/install/px4_msgs/include/px4_msgs/px4_msgs/msg/fixed_wing_lateral_setpoint.h\n'}
[0.956789] (px4_msgs) StdoutLine: {'line': b'-- Up-to-date: /home/jmj/pro_asp_ws/ws_px4_controls/install/px4_msgs/include/px4_msgs/px4_msgs/msg/trajectory_setpoint6dof.h\n'}
[0.956818] (px4_msgs) StdoutLine: {'line': b'-- Up-to-date: /home/jmj/pro_asp_ws/ws_px4_controls/install/px4_msgs/include/px4_msgs/px4_msgs/msg/esc_report.h\n'}
[0.956844] (px4_msgs) StdoutLine: {'line': b'-- Up-to-date: /home/jmj/pro_asp_ws/ws_px4_controls/install/px4_msgs/include/px4_msgs/px4_msgs/msg/message_format_request.h\n'}
[0.956870] (px4_msgs) StdoutLine: {'line': b'-- Up-to-date: /home/jmj/pro_asp_ws/ws_px4_controls/install/px4_msgs/include/px4_msgs/px4_msgs/msg/sensor_selection.h\n'}
[0.957017] (px4_msgs) StdoutLine: {'line': b'-- Up-to-date: /home/jmj/pro_asp_ws/ws_px4_controls/install/px4_msgs/include/px4_msgs/px4_msgs/msg/estimator_states.h\n'}
[0.957044] (px4_msgs) StdoutLine: {'line': b'-- Up-to-date: /home/jmj/pro_asp_ws/ws_px4_controls/install/px4_msgs/include/px4_msgs/px4_msgs/msg/timesync_status.h\n'}
[0.957069] (px4_msgs) StdoutLine: {'line': b'-- Up-to-date: /home/jmj/pro_asp_ws/ws_px4_controls/install/px4_msgs/include/px4_msgs/px4_msgs/msg/arming_check_reply.h\n'}
[0.957094] (px4_msgs) StdoutLine: {'line': b'-- Up-to-date: /home/jmj/pro_asp_ws/ws_px4_controls/install/px4_msgs/include/px4_msgs/px4_msgs/msg/gimbal_manager_set_manual_control.h\n'}
[0.957119] (px4_msgs) StdoutLine: {'line': b'-- Up-to-date: /home/jmj/pro_asp_ws/ws_px4_controls/install/px4_msgs/include/px4_msgs/px4_msgs/msg/figure_eight_status.h\n'}
[0.957144] (px4_msgs) StdoutLine: {'line': b'-- Up-to-date: /home/jmj/pro_asp_ws/ws_px4_controls/install/px4_msgs/include/px4_msgs/px4_msgs/msg/uavcan_parameter_value.h\n'}
[0.957168] (px4_msgs) StdoutLine: {'line': b'-- Up-to-date: /home/jmj/pro_asp_ws/ws_px4_controls/install/px4_msgs/include/px4_msgs/px4_msgs/msg/airspeed_validated.h\n'}
[0.957192] (px4_msgs) StdoutLine: {'line': b'-- Up-to-date: /home/jmj/pro_asp_ws/ws_px4_controls/install/px4_msgs/include/px4_msgs/px4_msgs/msg/debug_key_value.h\n'}
[0.957215] (px4_msgs) StdoutLine: {'line': b'-- Up-to-date: /home/jmj/pro_asp_ws/ws_px4_controls/install/px4_msgs/include/px4_msgs/px4_msgs/msg/gpio_config.h\n'}
[0.957240] (px4_msgs) StdoutLine: {'line': b'-- Up-to-date: /home/jmj/pro_asp_ws/ws_px4_controls/install/px4_msgs/include/px4_msgs/px4_msgs/msg/estimator_bias3d.h\n'}
[0.957264] (px4_msgs) StdoutLine: {'line': b'-- Up-to-date: /home/jmj/pro_asp_ws/ws_px4_controls/install/px4_msgs/include/px4_msgs/px4_msgs/msg/can_interface_status.h\n'}
[0.957288] (px4_msgs) StdoutLine: {'line': b'-- Up-to-date: /home/jmj/pro_asp_ws/ws_px4_controls/install/px4_msgs/include/px4_msgs/px4_msgs/msg/rover_attitude_status.h\n'}
[0.957312] (px4_msgs) StdoutLine: {'line': b'-- Up-to-date: /home/jmj/pro_asp_ws/ws_px4_controls/install/px4_msgs/include/px4_msgs/px4_msgs/msg/landing_target_pose.h\n'}
[0.957335] (px4_msgs) StdoutLine: {'line': b'-- Up-to-date: /home/jmj/pro_asp_ws/ws_px4_controls/install/px4_msgs/include/px4_msgs/px4_msgs/msg/input_rc.h\n'}
[0.957358] (px4_msgs) StdoutLine: {'line': b'-- Up-to-date: /home/jmj/pro_asp_ws/ws_px4_controls/install/px4_msgs/include/px4_msgs/px4_msgs/msg/orb_test_medium.h\n'}
[0.957382] (px4_msgs) StdoutLine: {'line': b'-- Up-to-date: /home/jmj/pro_asp_ws/ws_px4_controls/install/px4_msgs/include/px4_msgs/px4_msgs/msg/button_event.h\n'}
[0.957452] (px4_msgs) StdoutLine: {'line': b'-- Up-to-date: /home/jmj/pro_asp_ws/ws_px4_controls/install/px4_msgs/include/px4_msgs/px4_msgs/msg/adc_report.h\n'}
[0.957479] (px4_msgs) StdoutLine: {'line': b'-- Up-to-date: /home/jmj/pro_asp_ws/ws_px4_controls/install/px4_msgs/include/px4_msgs/px4_msgs/msg/parameter_reset_request.h\n'}
[0.957502] (px4_msgs) StdoutLine: {'line': b'-- Up-to-date: /home/jmj/pro_asp_ws/ws_px4_controls/install/px4_msgs/include/px4_msgs/px4_msgs/msg/log_message.h\n'}
[0.957670] (px4_msgs) StdoutLine: {'line': b'-- Up-to-date: /home/jmj/pro_asp_ws/ws_px4_controls/install/px4_msgs/include/px4_msgs/px4_msgs/msg/power_monitor.h\n'}
[0.957697] (px4_msgs) StdoutLine: {'line': b'-- Up-to-date: /home/jmj/pro_asp_ws/ws_px4_controls/install/px4_msgs/include/px4_msgs/px4_msgs/msg/fuel_tank_status.h\n'}
[0.957721] (px4_msgs) StdoutLine: {'line': b'-- Up-to-date: /home/jmj/pro_asp_ws/ws_px4_controls/install/px4_msgs/include/px4_msgs/px4_msgs/msg/actuator_test.h\n'}
[0.957746] (px4_msgs) StdoutLine: {'line': b'-- Up-to-date: /home/jmj/pro_asp_ws/ws_px4_controls/install/px4_msgs/include/px4_msgs/px4_msgs/msg/internal_combustion_engine_status.h\n'}
[0.957913] (px4_msgs) StdoutLine: {'line': b'-- Up-to-date: /home/jmj/pro_asp_ws/ws_px4_controls/install/px4_msgs/include/px4_msgs/px4_msgs/msg/detail\n'}
[0.957940] (px4_msgs) StdoutLine: {'line': b'-- Up-to-date: /home/jmj/pro_asp_ws/ws_px4_controls/install/px4_msgs/include/px4_msgs/px4_msgs/msg/detail/radio_status__functions.h\n'}
[0.958013] (px4_msgs) StdoutLine: {'line': b'-- Up-to-date: /home/jmj/pro_asp_ws/ws_px4_controls/install/px4_msgs/include/px4_msgs/px4_msgs/msg/detail/wind__struct.h\n'}
[0.958040] (px4_msgs) StdoutLine: {'line': b'-- Up-to-date: /home/jmj/pro_asp_ws/ws_px4_controls/install/px4_msgs/include/px4_msgs/px4_msgs/msg/detail/actuator_test__functions.c\n'}
[0.958068] (px4_msgs) StdoutLine: {'line': b'-- Up-to-date: /home/jmj/pro_asp_ws/ws_px4_controls/install/px4_msgs/include/px4_msgs/px4_msgs/msg/detail/cpuload__functions.c\n'}
[0.958127] (px4_msgs) StdoutLine: {'line': b'-- Up-to-date: /home/jmj/pro_asp_ws/ws_px4_controls/install/px4_msgs/include/px4_msgs/px4_msgs/msg/detail/mavlink_tunnel__type_support.h\n'}
[0.958155] (px4_msgs) StdoutLine: {'line': b'-- Up-to-date: /home/jmj/pro_asp_ws/ws_px4_controls/install/px4_msgs/include/px4_msgs/px4_msgs/msg/detail/rover_attitude_status__type_support.h\n'}
[0.958185] (px4_msgs) StdoutLine: {'line': b'-- Up-to-date: /home/jmj/pro_asp_ws/ws_px4_controls/install/px4_msgs/include/px4_msgs/px4_msgs/msg/detail/log_message__functions.h\n'}
[0.958268] (px4_msgs) StdoutLine: {'line': b'-- Up-to-date: /home/jmj/pro_asp_ws/ws_px4_controls/install/px4_msgs/include/px4_msgs/px4_msgs/msg/detail/airspeed_wind__type_support.h\n'}
[0.958359] (px4_msgs) StdoutLine: {'line': b'-- Up-to-date: /home/jmj/pro_asp_ws/ws_px4_controls/install/px4_msgs/include/px4_msgs/px4_msgs/msg/detail/sensor_selection__type_support.h\n'}
[0.958385] (px4_msgs) StdoutLine: {'line': b'-- Up-to-date: /home/jmj/pro_asp_ws/ws_px4_controls/install/px4_msgs/include/px4_msgs/px4_msgs/msg/detail/gimbal_device_information__struct.h\n'}
[0.958410] (px4_msgs) StdoutLine: {'line': b'-- Up-to-date: /home/jmj/pro_asp_ws/ws_px4_controls/install/px4_msgs/include/px4_msgs/px4_msgs/msg/detail/distance_sensor_mode_change_request__type_support.h\n'}
[0.958457] (px4_msgs) StdoutLine: {'line': b'-- Up-to-date: /home/jmj/pro_asp_ws/ws_px4_controls/install/px4_msgs/include/px4_msgs/px4_msgs/msg/detail/rover_velocity_status__functions.c\n'}
[0.958483] (px4_msgs) StdoutLine: {'line': b'-- Up-to-date: /home/jmj/pro_asp_ws/ws_px4_controls/install/px4_msgs/include/px4_msgs/px4_msgs/msg/detail/actuator_test__type_support.h\n'}
[0.958508] (px4_msgs) StdoutLine: {'line': b'-- Up-to-date: /home/jmj/pro_asp_ws/ws_px4_controls/install/px4_msgs/include/px4_msgs/px4_msgs/msg/detail/vehicle_angular_acceleration_setpoint__functions.c\n'}
[0.958541] (px4_msgs) StdoutLine: {'line': b'-- Up-to-date: /home/jmj/pro_asp_ws/ws_px4_controls/install/px4_msgs/include/px4_msgs/px4_msgs/msg/detail/landing_target_innovations__functions.h\n'}
[0.958605] (px4_msgs) StdoutLine: {'line': b'-- Up-to-date: /home/jmj/pro_asp_ws/ws_px4_controls/install/px4_msgs/include/px4_msgs/px4_msgs/msg/detail/arming_check_request__type_support.h\n'}
[0.958645] (px4_msgs) StdoutLine: {'line': b'-- Up-to-date: /home/jmj/pro_asp_ws/ws_px4_controls/install/px4_msgs/include/px4_msgs/px4_msgs/msg/detail/camera_capture__struct.h\n'}
[0.958682] (px4_msgs) StdoutLine: {'line': b'-- Up-to-date: /home/jmj/pro_asp_ws/ws_px4_controls/install/px4_msgs/include/px4_msgs/px4_msgs/msg/detail/vehicle_status__functions.c\n'}
[0.958719] (px4_msgs) StdoutLine: {'line': b'-- Up-to-date: /home/jmj/pro_asp_ws/ws_px4_controls/install/px4_msgs/include/px4_msgs/px4_msgs/msg/detail/rtl_status__functions.c\n'}
[0.958754] (px4_msgs) StdoutLine: {'line': b'-- Up-to-date: /home/jmj/pro_asp_ws/ws_px4_controls/install/px4_msgs/include/px4_msgs/px4_msgs/msg/detail/rover_rate_status__functions.c\n'}
[0.958792] (px4_msgs) StdoutLine: {'line': b'-- Up-to-date: /home/jmj/pro_asp_ws/ws_px4_controls/install/px4_msgs/include/px4_msgs/px4_msgs/msg/detail/logger_status__functions.c\n'}
[0.959046] (px4_msgs) StdoutLine: {'line': b'-- Up-to-date: /home/jmj/pro_asp_ws/ws_px4_controls/install/px4_msgs/include/px4_msgs/px4_msgs/msg/detail/parameter_reset_request__functions.h\n'}
[0.959388] (px4_msgs) StdoutLine: {'line': b'-- Up-to-date: /home/jmj/pro_asp_ws/ws_px4_controls/install/px4_msgs/include/px4_msgs/px4_msgs/msg/detail/can_interface_status__functions.c\n'}
[0.959461] (px4_msgs) StdoutLine: {'line': b'-- Up-to-date: /home/jmj/pro_asp_ws/ws_px4_controls/install/px4_msgs/include/px4_msgs/px4_msgs/msg/detail/led_control__type_support.h\n'}
[0.959494] (px4_msgs) StdoutLine: {'line': b'-- Up-to-date: /home/jmj/pro_asp_ws/ws_px4_controls/install/px4_msgs/include/px4_msgs/px4_msgs/msg/detail/follow_target__struct.h\n'}
[0.959522] (px4_msgs) StdoutLine: {'line': b'-- Up-to-date: /home/jmj/pro_asp_ws/ws_px4_controls/install/px4_msgs/include/px4_msgs/px4_msgs/msg/detail/power_monitor__functions.h\n'}
[0.959549] (px4_msgs) StdoutLine: {'line': b'-- Up-to-date: /home/jmj/pro_asp_ws/ws_px4_controls/install/px4_msgs/include/px4_msgs/px4_msgs/msg/detail/debug_value__struct.h\n'}
[0.959576] (px4_msgs) StdoutLine: {'line': b'-- Up-to-date: /home/jmj/pro_asp_ws/ws_px4_controls/install/px4_msgs/include/px4_msgs/px4_msgs/msg/detail/rover_velocity_setpoint__struct.h\n'}
[0.959601] (px4_msgs) StdoutLine: {'line': b'-- Up-to-date: /home/jmj/pro_asp_ws/ws_px4_controls/install/px4_msgs/include/px4_msgs/px4_msgs/msg/detail/landing_target_innovations__functions.c\n'}
[0.959627] (px4_msgs) StdoutLine: {'line': b'-- Up-to-date: /home/jmj/pro_asp_ws/ws_px4_controls/install/px4_msgs/include/px4_msgs/px4_msgs/msg/detail/vehicle_thrust_setpoint__struct.h\n'}
[0.959663] (px4_msgs) StdoutLine: {'line': b'-- Up-to-date: /home/jmj/pro_asp_ws/ws_px4_controls/install/px4_msgs/include/px4_msgs/px4_msgs/msg/detail/gripper__type_support.h\n'}
[0.959690] (px4_msgs) StdoutLine: {'line': b'-- Up-to-date: /home/jmj/pro_asp_ws/ws_px4_controls/install/px4_msgs/include/px4_msgs/px4_msgs/msg/detail/normalized_unsigned_setpoint__functions.c\n'}
[0.959717] (px4_msgs) StdoutLine: {'line': b'-- Up-to-date: /home/jmj/pro_asp_ws/ws_px4_controls/install/px4_msgs/include/px4_msgs/px4_msgs/msg/detail/rover_rate_status__struct.h\n'}
[0.959757] (px4_msgs) StdoutLine: {'line': b'-- Up-to-date: /home/jmj/pro_asp_ws/ws_px4_controls/install/px4_msgs/include/px4_msgs/px4_msgs/msg/detail/mode_completed__functions.c\n'}
[0.959796] (px4_msgs) StdoutLine: {'line': b'-- Up-to-date: /home/jmj/pro_asp_ws/ws_px4_controls/install/px4_msgs/include/px4_msgs/px4_msgs/msg/detail/sensor_preflight_mag__functions.h\n'}
[0.959839] (px4_msgs) StdoutLine: {'line': b'-- Up-to-date: /home/jmj/pro_asp_ws/ws_px4_controls/install/px4_msgs/include/px4_msgs/px4_msgs/msg/detail/landing_gear__functions.h\n'}
[0.959892] (px4_msgs) StdoutLine: {'line': b'-- Up-to-date: /home/jmj/pro_asp_ws/ws_px4_controls/install/px4_msgs/include/px4_msgs/px4_msgs/msg/detail/ping__functions.h\n'}
[0.959934] (px4_msgs) StdoutLine: {'line': b'-- Up-to-date: /home/jmj/pro_asp_ws/ws_px4_controls/install/px4_msgs/include/px4_msgs/px4_msgs/msg/detail/message_format_request__struct.h\n'}
[0.960100] (px4_msgs) StdoutLine: {'line': b'-- Up-to-date: /home/jmj/pro_asp_ws/ws_px4_controls/install/px4_msgs/include/px4_msgs/px4_msgs/msg/detail/internal_combustion_engine_control__functions.h\n'}
[0.960179] (px4_msgs) StdoutLine: {'line': b'-- Up-to-date: /home/jmj/pro_asp_ws/ws_px4_controls/install/px4_msgs/include/px4_msgs/px4_msgs/msg/detail/mission__functions.c\n'}
[0.960231] (px4_msgs) StdoutLine: {'line': b'-- Up-to-date: /home/jmj/pro_asp_ws/ws_px4_controls/install/px4_msgs/include/px4_msgs/px4_msgs/msg/detail/sensor_gyro_fifo__struct.h\n'}
[0.960291] (px4_msgs) StdoutLine: {'line': b'-- Up-to-date: /home/jmj/pro_asp_ws/ws_px4_controls/install/px4_msgs/include/px4_msgs/px4_msgs/msg/detail/estimator_status__functions.h\n'}
[0.960343] (px4_msgs) StdoutLine: {'line': b'-- Up-to-date: /home/jmj/pro_asp_ws/ws_px4_controls/install/px4_msgs/include/px4_msgs/px4_msgs/msg/detail/unregister_ext_component__struct.h\n'}
[0.960378] (px4_msgs) StdoutLine: {'line': b'-- Up-to-date: /home/jmj/pro_asp_ws/ws_px4_controls/install/px4_msgs/include/px4_msgs/px4_msgs/msg/detail/register_ext_component_reply__type_support.h\n'}
[0.960414] (px4_msgs) StdoutLine: {'line': b'-- Up-to-date: /home/jmj/pro_asp_ws/ws_px4_controls/install/px4_msgs/include/px4_msgs/px4_msgs/msg/detail/trajectory_setpoint6dof__functions.c\n'}
[0.960601] (px4_msgs) StdoutLine: {'line': b'-- Up-to-date: /home/jmj/pro_asp_ws/ws_px4_controls/install/px4_msgs/include/px4_msgs/px4_msgs/msg/detail/navigator_mission_item__struct.h\n'}
[0.960680] (px4_msgs) StdoutLine: {'line': b'-- Up-to-date: /home/jmj/pro_asp_ws/ws_px4_controls/install/px4_msgs/include/px4_msgs/px4_msgs/msg/detail/adc_report__struct.h\n'}
[0.960709] (px4_msgs) StdoutLine: {'line': b'-- Up-to-date: /home/jmj/pro_asp_ws/ws_px4_controls/install/px4_msgs/include/px4_msgs/px4_msgs/msg/detail/yaw_estimator_status__functions.h\n'}
[0.960737] (px4_msgs) StdoutLine: {'line': b'-- Up-to-date: /home/jmj/pro_asp_ws/ws_px4_controls/install/px4_msgs/include/px4_msgs/px4_msgs/msg/detail/parameter_set_used_request__functions.h\n'}
[0.960773] (px4_msgs) StdoutLine: {'line': b'-- Up-to-date: /home/jmj/pro_asp_ws/ws_px4_controls/install/px4_msgs/include/px4_msgs/px4_msgs/msg/detail/px4io_status__functions.c\n'}
[0.960910] (px4_msgs) StdoutLine: {'line': b'-- Up-to-date: /home/jmj/pro_asp_ws/ws_px4_controls/install/px4_msgs/include/px4_msgs/px4_msgs/msg/detail/esc_status__type_support.h\n'}
[0.960938] (px4_msgs) StdoutLine: {'line': b'-- Up-to-date: /home/jmj/pro_asp_ws/ws_px4_controls/install/px4_msgs/include/px4_msgs/px4_msgs/msg/detail/position_controller_status__struct.h\n'}
[0.960997] (px4_msgs) StdoutLine: {'line': b'-- Up-to-date: /home/jmj/pro_asp_ws/ws_px4_controls/install/px4_msgs/include/px4_msgs/px4_msgs/msg/detail/tiltrotor_extra_controls__struct.h\n'}
[0.961024] (px4_msgs) StdoutLine: {'line': b'-- Up-to-date: /home/jmj/pro_asp_ws/ws_px4_controls/install/px4_msgs/include/px4_msgs/px4_msgs/msg/detail/sensor_airflow__functions.h\n'}
[0.961049] (px4_msgs) StdoutLine: {'line': b'-- Up-to-date: /home/jmj/pro_asp_ws/ws_px4_controls/install/px4_msgs/include/px4_msgs/px4_msgs/msg/detail/airspeed_validated__struct.h\n'}
[0.961099] (px4_msgs) StdoutLine: {'line': b'-- Up-to-date: /home/jmj/pro_asp_ws/ws_px4_controls/install/px4_msgs/include/px4_msgs/px4_msgs/msg/detail/gpio_out__struct.h\n'}
[0.961126] (px4_msgs) StdoutLine: {'line': b'-- Up-to-date: /home/jmj/pro_asp_ws/ws_px4_controls/install/px4_msgs/include/px4_msgs/px4_msgs/msg/detail/fixed_wing_lateral_guidance_status__type_support.h\n'}
[0.961152] (px4_msgs) StdoutLine: {'line': b'-- Up-to-date: /home/jmj/pro_asp_ws/ws_px4_controls/install/px4_msgs/include/px4_msgs/px4_msgs/msg/detail/gpio_config__functions.c\n'}
[0.961178] (px4_msgs) StdoutLine: {'line': b'-- Up-to-date: /home/jmj/pro_asp_ws/ws_px4_controls/install/px4_msgs/include/px4_msgs/px4_msgs/msg/detail/estimator_event_flags__functions.h\n'}
[0.961262] (px4_msgs) StdoutLine: {'line': b'-- Up-to-date: /home/jmj/pro_asp_ws/ws_px4_controls/install/px4_msgs/include/px4_msgs/px4_msgs/msg/detail/rover_rate_setpoint__struct.h\n'}
[0.961290] (px4_msgs) StdoutLine: {'line': b'-- Up-to-date: /home/jmj/pro_asp_ws/ws_px4_controls/install/px4_msgs/include/px4_msgs/px4_msgs/msg/detail/manual_control_setpoint__functions.c\n'}
[0.961316] (px4_msgs) StdoutLine: {'line': b'-- Up-to-date: /home/jmj/pro_asp_ws/ws_px4_controls/install/px4_msgs/include/px4_msgs/px4_msgs/msg/detail/wheel_encoders__struct.h\n'}
[0.961343] (px4_msgs) StdoutLine: {'line': b'-- Up-to-date: /home/jmj/pro_asp_ws/ws_px4_controls/install/px4_msgs/include/px4_msgs/px4_msgs/msg/detail/rc_parameter_map__type_support.h\n'}
[0.961443] (px4_msgs) StdoutLine: {'line': b'-- Up-to-date: /home/jmj/pro_asp_ws/ws_px4_controls/install/px4_msgs/include/px4_msgs/px4_msgs/msg/detail/estimator_sensor_bias__type_support.h\n'}
[0.961498] (px4_msgs) StdoutLine: {'line': b'-- Up-to-date: /home/jmj/pro_asp_ws/ws_px4_controls/install/px4_msgs/include/px4_msgs/px4_msgs/msg/detail/sensor_combined__struct.h\n'}
[0.961549] (px4_msgs) StdoutLine: {'line': b'-- Up-to-date: /home/jmj/pro_asp_ws/ws_px4_controls/install/px4_msgs/include/px4_msgs/px4_msgs/msg/detail/vehicle_status__functions.h\n'}
[0.961757] (px4_msgs) StdoutLine: {'line': b'-- Up-to-date: /home/jmj/pro_asp_ws/ws_px4_controls/install/px4_msgs/include/px4_msgs/px4_msgs/msg/detail/fixed_wing_runway_control__type_support.h\n'}
[0.961908] (px4_msgs) StdoutLine: {'line': b'-- Up-to-date: /home/jmj/pro_asp_ws/ws_px4_controls/install/px4_msgs/include/px4_msgs/px4_msgs/msg/detail/uavcan_parameter_value__struct.h\n'}
[0.961985] (px4_msgs) StdoutLine: {'line': b'-- Up-to-date: /home/jmj/pro_asp_ws/ws_px4_controls/install/px4_msgs/include/px4_msgs/px4_msgs/msg/detail/sensor_gyro__functions.c\n'}
[0.962025] (px4_msgs) StdoutLine: {'line': b'-- Up-to-date: /home/jmj/pro_asp_ws/ws_px4_controls/install/px4_msgs/include/px4_msgs/px4_msgs/msg/detail/vehicle_local_position__type_support.h\n'}
[0.962059] (px4_msgs) StdoutLine: {'line': b'-- Up-to-date: /home/jmj/pro_asp_ws/ws_px4_controls/install/px4_msgs/include/px4_msgs/px4_msgs/msg/detail/vehicle_local_position__functions.c\n'}
[0.962088] (px4_msgs) StdoutLine: {'line': b'-- Up-to-date: /home/jmj/pro_asp_ws/ws_px4_controls/install/px4_msgs/include/px4_msgs/px4_msgs/msg/detail/longitudinal_control_configuration__struct.h\n'}
[0.962128] (px4_msgs) StdoutLine: {'line': b'-- Up-to-date: /home/jmj/pro_asp_ws/ws_px4_controls/install/px4_msgs/include/px4_msgs/px4_msgs/msg/detail/health_report__functions.c\n'}
[0.962154] (px4_msgs) StdoutLine: {'line': b'-- Up-to-date: /home/jmj/pro_asp_ws/ws_px4_controls/install/px4_msgs/include/px4_msgs/px4_msgs/msg/detail/open_drone_id_operator_id__functions.c\n'}
[0.962179] (px4_msgs) StdoutLine: {'line': b'-- Up-to-date: /home/jmj/pro_asp_ws/ws_px4_controls/install/px4_msgs/include/px4_msgs/px4_msgs/msg/detail/vehicle_magnetometer__functions.h\n'}
[0.962205] (px4_msgs) StdoutLine: {'line': b'-- Up-to-date: /home/jmj/pro_asp_ws/ws_px4_controls/install/px4_msgs/include/px4_msgs/px4_msgs/msg/detail/debug_array__functions.c\n'}
[0.962230] (px4_msgs) StdoutLine: {'line': b'-- Up-to-date: /home/jmj/pro_asp_ws/ws_px4_controls/install/px4_msgs/include/px4_msgs/px4_msgs/msg/detail/sensor_uwb__type_support.h\n'}
[0.962286] (px4_msgs) StdoutLine: {'line': b'-- Up-to-date: /home/jmj/pro_asp_ws/ws_px4_controls/install/px4_msgs/include/px4_msgs/px4_msgs/msg/detail/sensor_baro__functions.c\n'}
[0.962313] (px4_msgs) StdoutLine: {'line': b'-- Up-to-date: /home/jmj/pro_asp_ws/ws_px4_controls/install/px4_msgs/include/px4_msgs/px4_msgs/msg/detail/ulog_stream_ack__functions.h\n'}
[0.962339] (px4_msgs) StdoutLine: {'line': b'-- Up-to-date: /home/jmj/pro_asp_ws/ws_px4_controls/install/px4_msgs/include/px4_msgs/px4_msgs/msg/detail/takeoff_status__struct.h\n'}
[0.962365] (px4_msgs) StdoutLine: {'line': b'-- Up-to-date: /home/jmj/pro_asp_ws/ws_px4_controls/install/px4_msgs/include/px4_msgs/px4_msgs/msg/detail/gimbal_manager_set_attitude__struct.h\n'}
[0.962582] (px4_msgs) StdoutLine: {'line': b'-- Up-to-date: /home/jmj/pro_asp_ws/ws_px4_controls/install/px4_msgs/include/px4_msgs/px4_msgs/msg/detail/geofence_status__functions.h\n'}
[0.962703] (px4_msgs) StdoutLine: {'line': b'-- Up-to-date: /home/jmj/pro_asp_ws/ws_px4_controls/install/px4_msgs/include/px4_msgs/px4_msgs/msg/detail/orb_test_large__functions.c\n'}
[0.962737] (px4_msgs) StdoutLine: {'line': b'-- Up-to-date: /home/jmj/pro_asp_ws/ws_px4_controls/install/px4_msgs/include/px4_msgs/px4_msgs/msg/detail/rc_parameter_map__functions.h\n'}
[0.962766] (px4_msgs) StdoutLine: {'line': b'-- Up-to-date: /home/jmj/pro_asp_ws/ws_px4_controls/install/px4_msgs/include/px4_msgs/px4_msgs/msg/detail/estimator_aid_source1d__type_support.h\n'}
[0.962793] (px4_msgs) StdoutLine: {'line': b'-- Up-to-date: /home/jmj/pro_asp_ws/ws_px4_controls/install/px4_msgs/include/px4_msgs/px4_msgs/msg/detail/parameter_set_value_response__struct.h\n'}
[0.962820] (px4_msgs) StdoutLine: {'line': b'-- Up-to-date: /home/jmj/pro_asp_ws/ws_px4_controls/install/px4_msgs/include/px4_msgs/px4_msgs/msg/detail/vehicle_attitude_setpoint__functions.h\n'}
[0.962845] (px4_msgs) StdoutLine: {'line': b'-- Up-to-date: /home/jmj/pro_asp_ws/ws_px4_controls/install/px4_msgs/include/px4_msgs/px4_msgs/msg/detail/task_stack_info__struct.h\n'}
[0.962870] (px4_msgs) StdoutLine: {'line': b'-- Up-to-date: /home/jmj/pro_asp_ws/ws_px4_controls/install/px4_msgs/include/px4_msgs/px4_msgs/msg/detail/control_allocator_status__type_support.h\n'}
[0.962926] (px4_msgs) StdoutLine: {'line': b'-- Up-to-date: /home/jmj/pro_asp_ws/ws_px4_controls/install/px4_msgs/include/px4_msgs/px4_msgs/msg/detail/vehicle_constraints__functions.h\n'}
[0.963035] (px4_msgs) StdoutLine: {'line': b'-- Up-to-date: /home/jmj/pro_asp_ws/ws_px4_controls/install/px4_msgs/include/px4_msgs/px4_msgs/msg/detail/radio_status__type_support.h\n'}
[0.963066] (px4_msgs) StdoutLine: {'line': b'-- Up-to-date: /home/jmj/pro_asp_ws/ws_px4_controls/install/px4_msgs/include/px4_msgs/px4_msgs/msg/detail/parameter_set_value_request__functions.h\n'}
[0.963092] (px4_msgs) StdoutLine: {'line': b'-- Up-to-date: /home/jmj/pro_asp_ws/ws_px4_controls/install/px4_msgs/include/px4_msgs/px4_msgs/msg/detail/rpm__type_support.h\n'}
[0.963118] (px4_msgs) StdoutLine: {'line': b'-- Up-to-date: /home/jmj/pro_asp_ws/ws_px4_controls/install/px4_msgs/include/px4_msgs/px4_msgs/msg/detail/home_position__functions.c\n'}
[0.963144] (px4_msgs) StdoutLine: {'line': b'-- Up-to-date: /home/jmj/pro_asp_ws/ws_px4_controls/install/px4_msgs/include/px4_msgs/px4_msgs/msg/detail/manual_control_switches__functions.c\n'}
[0.963203] (px4_msgs) StdoutLine: {'line': b'-- Up-to-date: /home/jmj/pro_asp_ws/ws_px4_controls/install/px4_msgs/include/px4_msgs/px4_msgs/msg/detail/sensor_gyro__type_support.h\n'}
[0.963230] (px4_msgs) StdoutLine: {'line': b'-- Up-to-date: /home/jmj/pro_asp_ws/ws_px4_controls/install/px4_msgs/include/px4_msgs/px4_msgs/msg/detail/debug_key_value__functions.c\n'}
[0.963255] (px4_msgs) StdoutLine: {'line': b'-- Up-to-date: /home/jmj/pro_asp_ws/ws_px4_controls/install/px4_msgs/include/px4_msgs/px4_msgs/msg/detail/actuator_armed__functions.c\n'}
[0.963281] (px4_msgs) StdoutLine: {'line': b'-- Up-to-date: /home/jmj/pro_asp_ws/ws_px4_controls/install/px4_msgs/include/px4_msgs/px4_msgs/msg/detail/distance_sensor__functions.h\n'}
[0.963306] (px4_msgs) StdoutLine: {'line': b'-- Up-to-date: /home/jmj/pro_asp_ws/ws_px4_controls/install/px4_msgs/include/px4_msgs/px4_msgs/msg/detail/airspeed_validated__type_support.h\n'}
[0.963331] (px4_msgs) StdoutLine: {'line': b'-- Up-to-date: /home/jmj/pro_asp_ws/ws_px4_controls/install/px4_msgs/include/px4_msgs/px4_msgs/msg/detail/orb_test__type_support.h\n'}
[0.963356] (px4_msgs) StdoutLine: {'line': b'-- Up-to-date: /home/jmj/pro_asp_ws/ws_px4_controls/install/px4_msgs/include/px4_msgs/px4_msgs/msg/detail/sensor_accel__functions.h\n'}
[0.963408] (px4_msgs) StdoutLine: {'line': b'-- Up-to-date: /home/jmj/pro_asp_ws/ws_px4_controls/install/px4_msgs/include/px4_msgs/px4_msgs/msg/detail/mission_result__type_support.h\n'}
[0.963434] (px4_msgs) StdoutLine: {'line': b'-- Up-to-date: /home/jmj/pro_asp_ws/ws_px4_controls/install/px4_msgs/include/px4_msgs/px4_msgs/msg/detail/estimator_aid_source1d__functions.c\n'}
[0.963516] (px4_msgs) StdoutLine: {'line': b'-- Up-to-date: /home/jmj/pro_asp_ws/ws_px4_controls/install/px4_msgs/include/px4_msgs/px4_msgs/msg/detail/battery_status__struct.h\n'}
[0.963567] (px4_msgs) StdoutLine: {'line': b'-- Up-to-date: /home/jmj/pro_asp_ws/ws_px4_controls/install/px4_msgs/include/px4_msgs/px4_msgs/msg/detail/sensor_optical_flow__type_support.h\n'}
[0.963597] (px4_msgs) StdoutLine: {'line': b'-- Up-to-date: /home/jmj/pro_asp_ws/ws_px4_controls/install/px4_msgs/include/px4_msgs/px4_msgs/msg/detail/sensor_optical_flow__struct.h\n'}
[0.963674] (px4_msgs) StdoutLine: {'line': b'-- Up-to-date: /home/jmj/pro_asp_ws/ws_px4_controls/install/px4_msgs/include/px4_msgs/px4_msgs/msg/detail/estimator_bias__type_support.h\n'}
[0.963878] (px4_msgs) StdoutLine: {'line': b'-- Up-to-date: /home/jmj/pro_asp_ws/ws_px4_controls/install/px4_msgs/include/px4_msgs/px4_msgs/msg/detail/vehicle_imu__struct.h\n'}
[0.963915] (px4_msgs) StdoutLine: {'line': b'-- Up-to-date: /home/jmj/pro_asp_ws/ws_px4_controls/install/px4_msgs/include/px4_msgs/px4_msgs/msg/detail/sensor_airflow__struct.h\n'}
[0.963946] (px4_msgs) StdoutLine: {'line': b'-- Up-to-date: /home/jmj/pro_asp_ws/ws_px4_controls/install/px4_msgs/include/px4_msgs/px4_msgs/msg/detail/landing_target_pose__functions.c\n'}
[0.964003] (px4_msgs) StdoutLine: {'line': b'-- Up-to-date: /home/jmj/pro_asp_ws/ws_px4_controls/install/px4_msgs/include/px4_msgs/px4_msgs/msg/detail/tecs_status__functions.h\n'}
[0.964030] (px4_msgs) StdoutLine: {'line': b'-- Up-to-date: /home/jmj/pro_asp_ws/ws_px4_controls/install/px4_msgs/include/px4_msgs/px4_msgs/msg/detail/follow_target_estimator__functions.c\n'}
[0.964057] (px4_msgs) StdoutLine: {'line': b'-- Up-to-date: /home/jmj/pro_asp_ws/ws_px4_controls/install/px4_msgs/include/px4_msgs/px4_msgs/msg/detail/sensor_selection__struct.h\n'}
[0.964082] (px4_msgs) StdoutLine: {'line': b'-- Up-to-date: /home/jmj/pro_asp_ws/ws_px4_controls/install/px4_msgs/include/px4_msgs/px4_msgs/msg/detail/debug_key_value__functions.h\n'}
[0.964107] (px4_msgs) StdoutLine: {'line': b'-- Up-to-date: /home/jmj/pro_asp_ws/ws_px4_controls/install/px4_msgs/include/px4_msgs/px4_msgs/msg/detail/rover_position_setpoint__struct.h\n'}
[0.964132] (px4_msgs) StdoutLine: {'line': b'-- Up-to-date: /home/jmj/pro_asp_ws/ws_px4_controls/install/px4_msgs/include/px4_msgs/px4_msgs/msg/detail/mission__struct.h\n'}
[0.964156] (px4_msgs) StdoutLine: {'line': b'-- Up-to-date: /home/jmj/pro_asp_ws/ws_px4_controls/install/px4_msgs/include/px4_msgs/px4_msgs/msg/detail/manual_control_switches__functions.h\n'}
[0.964180] (px4_msgs) StdoutLine: {'line': b'-- Up-to-date: /home/jmj/pro_asp_ws/ws_px4_controls/install/px4_msgs/include/px4_msgs/px4_msgs/msg/detail/trajectory_setpoint__functions.h\n'}
[0.964204] (px4_msgs) StdoutLine: {'line': b'-- Up-to-date: /home/jmj/pro_asp_ws/ws_px4_controls/install/px4_msgs/include/px4_msgs/px4_msgs/msg/detail/actuator_armed__struct.h\n'}
[0.964228] (px4_msgs) StdoutLine: {'line': b'-- Up-to-date: /home/jmj/pro_asp_ws/ws_px4_controls/install/px4_msgs/include/px4_msgs/px4_msgs/msg/detail/rover_position_setpoint__type_support.h\n'}
[0.964253] (px4_msgs) StdoutLine: {'line': b'-- Up-to-date: /home/jmj/pro_asp_ws/ws_px4_controls/install/px4_msgs/include/px4_msgs/px4_msgs/msg/detail/position_setpoint_triplet__struct.h\n'}
[0.964278] (px4_msgs) StdoutLine: {'line': b'-- Up-to-date: /home/jmj/pro_asp_ws/ws_px4_controls/install/px4_msgs/include/px4_msgs/px4_msgs/msg/detail/uavcan_parameter_request__type_support.h\n'}
[0.964303] (px4_msgs) StdoutLine: {'line': b'-- Up-to-date: /home/jmj/pro_asp_ws/ws_px4_controls/install/px4_msgs/include/px4_msgs/px4_msgs/msg/detail/health_report__struct.h\n'}
[0.964327] (px4_msgs) StdoutLine: {'line': b'-- Up-to-date: /home/jmj/pro_asp_ws/ws_px4_controls/install/px4_msgs/include/px4_msgs/px4_msgs/msg/detail/sensor_mag__functions.c\n'}
[0.964404] (px4_msgs) StdoutLine: {'line': b'-- Up-to-date: /home/jmj/pro_asp_ws/ws_px4_controls/install/px4_msgs/include/px4_msgs/px4_msgs/msg/detail/esc_status__functions.h\n'}
[0.964430] (px4_msgs) StdoutLine: {'line': b'-- Up-to-date: /home/jmj/pro_asp_ws/ws_px4_controls/install/px4_msgs/include/px4_msgs/px4_msgs/msg/detail/figure_eight_status__functions.h\n'}
[0.964456] (px4_msgs) StdoutLine: {'line': b'-- Up-to-date: /home/jmj/pro_asp_ws/ws_px4_controls/install/px4_msgs/include/px4_msgs/px4_msgs/msg/detail/vehicle_control_mode__functions.h\n'}
[0.964481] (px4_msgs) StdoutLine: {'line': b'-- Up-to-date: /home/jmj/pro_asp_ws/ws_px4_controls/install/px4_msgs/include/px4_msgs/px4_msgs/msg/detail/vehicle_imu_status__type_support.h\n'}
[0.964505] (px4_msgs) StdoutLine: {'line': b'-- Up-to-date: /home/jmj/pro_asp_ws/ws_px4_controls/install/px4_msgs/include/px4_msgs/px4_msgs/msg/detail/mount_orientation__functions.c\n'}
[0.964529] (px4_msgs) StdoutLine: {'line': b'-- Up-to-date: /home/jmj/pro_asp_ws/ws_px4_controls/install/px4_msgs/include/px4_msgs/px4_msgs/msg/detail/rc_parameter_map__struct.h\n'}
[0.964553] (px4_msgs) StdoutLine: {'line': b'-- Up-to-date: /home/jmj/pro_asp_ws/ws_px4_controls/install/px4_msgs/include/px4_msgs/px4_msgs/msg/detail/hover_thrust_estimate__functions.c\n'}
[0.964577] (px4_msgs) StdoutLine: {'line': b'-- Up-to-date: /home/jmj/pro_asp_ws/ws_px4_controls/install/px4_msgs/include/px4_msgs/px4_msgs/msg/detail/mavlink_log__type_support.h\n'}
[0.964671] (px4_msgs) StdoutLine: {'line': b'-- Up-to-date: /home/jmj/pro_asp_ws/ws_px4_controls/install/px4_msgs/include/px4_msgs/px4_msgs/msg/detail/open_drone_id_arm_status__functions.h\n'}
[0.964696] (px4_msgs) StdoutLine: {'line': b'-- Up-to-date: /home/jmj/pro_asp_ws/ws_px4_controls/install/px4_msgs/include/px4_msgs/px4_msgs/msg/detail/sensors_status_imu__functions.c\n'}
[0.964721] (px4_msgs) StdoutLine: {'line': b'-- Up-to-date: /home/jmj/pro_asp_ws/ws_px4_controls/install/px4_msgs/include/px4_msgs/px4_msgs/msg/detail/flight_phase_estimation__functions.c\n'}
[0.964747] (px4_msgs) StdoutLine: {'line': b'-- Up-to-date: /home/jmj/pro_asp_ws/ws_px4_controls/install/px4_msgs/include/px4_msgs/px4_msgs/msg/detail/orbit_status__functions.h\n'}
[0.964771] (px4_msgs) StdoutLine: {'line': b'-- Up-to-date: /home/jmj/pro_asp_ws/ws_px4_controls/install/px4_msgs/include/px4_msgs/px4_msgs/msg/detail/input_rc__struct.h\n'}
[0.964805] (px4_msgs) StdoutLine: {'line': b'-- Up-to-date: /home/jmj/pro_asp_ws/ws_px4_controls/install/px4_msgs/include/px4_msgs/px4_msgs/msg/detail/mag_worker_data__type_support.h\n'}
[0.964830] (px4_msgs) StdoutLine: {'line': b'-- Up-to-date: /home/jmj/pro_asp_ws/ws_px4_controls/install/px4_msgs/include/px4_msgs/px4_msgs/msg/detail/uavcan_parameter_value__functions.c\n'}
[0.964855] (px4_msgs) StdoutLine: {'line': b'-- Up-to-date: /home/jmj/pro_asp_ws/ws_px4_controls/install/px4_msgs/include/px4_msgs/px4_msgs/msg/detail/distance_sensor__functions.c\n'}
[0.964879] (px4_msgs) StdoutLine: {'line': b'-- Up-to-date: /home/jmj/pro_asp_ws/ws_px4_controls/install/px4_msgs/include/px4_msgs/px4_msgs/msg/detail/vtol_vehicle_status__type_support.h\n'}
[0.964903] (px4_msgs) StdoutLine: {'line': b'-- Up-to-date: /home/jmj/pro_asp_ws/ws_px4_controls/install/px4_msgs/include/px4_msgs/px4_msgs/msg/detail/velocity_limits__functions.h\n'}
[0.964928] (px4_msgs) StdoutLine: {'line': b'-- Up-to-date: /home/jmj/pro_asp_ws/ws_px4_controls/install/px4_msgs/include/px4_msgs/px4_msgs/msg/detail/dataman_response__struct.h\n'}
[0.964958] (px4_msgs) StdoutLine: {'line': b'-- Up-to-date: /home/jmj/pro_asp_ws/ws_px4_controls/install/px4_msgs/include/px4_msgs/px4_msgs/msg/detail/mavlink_tunnel__struct.h\n'}
[0.964983] (px4_msgs) StdoutLine: {'line': b'-- Up-to-date: /home/jmj/pro_asp_ws/ws_px4_controls/install/px4_msgs/include/px4_msgs/px4_msgs/msg/detail/rc_channels__functions.h\n'}
[0.965006] (px4_msgs) StdoutLine: {'line': b'-- Up-to-date: /home/jmj/pro_asp_ws/ws_px4_controls/install/px4_msgs/include/px4_msgs/px4_msgs/msg/detail/transponder_report__type_support.h\n'}
[0.965031] (px4_msgs) StdoutLine: {'line': b'-- Up-to-date: /home/jmj/pro_asp_ws/ws_px4_controls/install/px4_msgs/include/px4_msgs/px4_msgs/msg/detail/rover_throttle_setpoint__functions.c\n'}
[0.965055] (px4_msgs) StdoutLine: {'line': b'-- Up-to-date: /home/jmj/pro_asp_ws/ws_px4_controls/install/px4_msgs/include/px4_msgs/px4_msgs/msg/detail/sensor_correction__functions.c\n'}
[0.965079] (px4_msgs) StdoutLine: {'line': b'-- Up-to-date: /home/jmj/pro_asp_ws/ws_px4_controls/install/px4_msgs/include/px4_msgs/px4_msgs/msg/detail/gimbal_manager_information__struct.h\n'}
[0.965103] (px4_msgs) StdoutLine: {'line': b'-- Up-to-date: /home/jmj/pro_asp_ws/ws_px4_controls/install/px4_msgs/include/px4_msgs/px4_msgs/msg/detail/sensor_baro__type_support.h\n'}
[0.965127] (px4_msgs) StdoutLine: {'line': b'-- Up-to-date: /home/jmj/pro_asp_ws/ws_px4_controls/install/px4_msgs/include/px4_msgs/px4_msgs/msg/detail/can_interface_status__type_support.h\n'}
[0.965150] (px4_msgs) StdoutLine: {'line': b'-- Up-to-date: /home/jmj/pro_asp_ws/ws_px4_controls/install/px4_msgs/include/px4_msgs/px4_msgs/msg/detail/sensor_accel_fifo__functions.c\n'}
[0.965174] (px4_msgs) StdoutLine: {'line': b'-- Up-to-date: /home/jmj/pro_asp_ws/ws_px4_controls/install/px4_msgs/include/px4_msgs/px4_msgs/msg/detail/fixed_wing_lateral_status__type_support.h\n'}
[0.965198] (px4_msgs) StdoutLine: {'line': b'-- Up-to-date: /home/jmj/pro_asp_ws/ws_px4_controls/install/px4_msgs/include/px4_msgs/px4_msgs/msg/detail/geofence_result__functions.h\n'}
[0.965401] (px4_msgs) StdoutLine: {'line': b'-- Up-to-date: /home/jmj/pro_asp_ws/ws_px4_controls/install/px4_msgs/include/px4_msgs/px4_msgs/msg/detail/power_monitor__type_support.h\n'}
[0.965446] (px4_msgs) StdoutLine: {'line': b'-- Up-to-date: /home/jmj/pro_asp_ws/ws_px4_controls/install/px4_msgs/include/px4_msgs/px4_msgs/msg/detail/sensor_preflight_mag__type_support.h\n'}
[0.965504] (px4_msgs) StdoutLine: {'line': b'-- Up-to-date: /home/jmj/pro_asp_ws/ws_px4_controls/install/px4_msgs/include/px4_msgs/px4_msgs/msg/detail/system_power__struct.h\n'}
[0.965530] (px4_msgs) StdoutLine: {'line': b'-- Up-to-date: /home/jmj/pro_asp_ws/ws_px4_controls/install/px4_msgs/include/px4_msgs/px4_msgs/msg/detail/longitudinal_control_configuration__functions.h\n'}
[0.965555] (px4_msgs) StdoutLine: {'line': b'-- Up-to-date: /home/jmj/pro_asp_ws/ws_px4_controls/install/px4_msgs/include/px4_msgs/px4_msgs/msg/detail/orbit_status__functions.c\n'}
[0.965581] (px4_msgs) StdoutLine: {'line': b'-- Up-to-date: /home/jmj/pro_asp_ws/ws_px4_controls/install/px4_msgs/include/px4_msgs/px4_msgs/msg/detail/fixed_wing_lateral_setpoint__functions.c\n'}
[0.965656] (px4_msgs) StdoutLine: {'line': b'-- Up-to-date: /home/jmj/pro_asp_ws/ws_px4_controls/install/px4_msgs/include/px4_msgs/px4_msgs/msg/detail/estimator_selector_status__functions.c\n'}
[0.965681] (px4_msgs) StdoutLine: {'line': b'-- Up-to-date: /home/jmj/pro_asp_ws/ws_px4_controls/install/px4_msgs/include/px4_msgs/px4_msgs/msg/detail/log_message__struct.h\n'}
[0.965706] (px4_msgs) StdoutLine: {'line': b'-- Up-to-date: /home/jmj/pro_asp_ws/ws_px4_controls/install/px4_msgs/include/px4_msgs/px4_msgs/msg/detail/sensor_gnss_relative__struct.h\n'}
[0.965730] (px4_msgs) StdoutLine: {'line': b'-- Up-to-date: /home/jmj/pro_asp_ws/ws_px4_controls/install/px4_msgs/include/px4_msgs/px4_msgs/msg/detail/timesync_status__type_support.h\n'}
[0.965754] (px4_msgs) StdoutLine: {'line': b'-- Up-to-date: /home/jmj/pro_asp_ws/ws_px4_controls/install/px4_msgs/include/px4_msgs/px4_msgs/msg/detail/geofence_result__functions.c\n'}
[0.965778] (px4_msgs) StdoutLine: {'line': b'-- Up-to-date: /home/jmj/pro_asp_ws/ws_px4_controls/install/px4_msgs/include/px4_msgs/px4_msgs/msg/detail/geofence_status__type_support.h\n'}
[0.965802] (px4_msgs) StdoutLine: {'line': b'-- Up-to-date: /home/jmj/pro_asp_ws/ws_px4_controls/install/px4_msgs/include/px4_msgs/px4_msgs/msg/detail/estimator_event_flags__functions.c\n'}
[0.965826] (px4_msgs) StdoutLine: {'line': b'-- Up-to-date: /home/jmj/pro_asp_ws/ws_px4_controls/install/px4_msgs/include/px4_msgs/px4_msgs/msg/detail/arming_check_reply__functions.h\n'}
[0.965849] (px4_msgs) StdoutLine: {'line': b'-- Up-to-date: /home/jmj/pro_asp_ws/ws_px4_controls/install/px4_msgs/include/px4_msgs/px4_msgs/msg/detail/rover_attitude_status__functions.c\n'}
[0.965873] (px4_msgs) StdoutLine: {'line': b'-- Up-to-date: /home/jmj/pro_asp_ws/ws_px4_controls/install/px4_msgs/include/px4_msgs/px4_msgs/msg/detail/manual_control_switches__type_support.h\n'}
[0.965896] (px4_msgs) StdoutLine: {'line': b'-- Up-to-date: /home/jmj/pro_asp_ws/ws_px4_controls/install/px4_msgs/include/px4_msgs/px4_msgs/msg/detail/gimbal_controls__struct.h\n'}
[0.965920] (px4_msgs) StdoutLine: {'line': b'-- Up-to-date: /home/jmj/pro_asp_ws/ws_px4_controls/install/px4_msgs/include/px4_msgs/px4_msgs/msg/detail/orb_test_large__struct.h\n'}
[0.965947] (px4_msgs) StdoutLine: {'line': b'-- Up-to-date: /home/jmj/pro_asp_ws/ws_px4_controls/install/px4_msgs/include/px4_msgs/px4_msgs/msg/detail/vehicle_air_data__functions.h\n'}
[0.966001] (px4_msgs) StdoutLine: {'line': b'-- Up-to-date: /home/jmj/pro_asp_ws/ws_px4_controls/install/px4_msgs/include/px4_msgs/px4_msgs/msg/detail/input_rc__type_support.h\n'}
[0.966027] (px4_msgs) StdoutLine: {'line': b'-- Up-to-date: /home/jmj/pro_asp_ws/ws_px4_controls/install/px4_msgs/include/px4_msgs/px4_msgs/msg/detail/arming_check_request__functions.c\n'}
[0.966052] (px4_msgs) StdoutLine: {'line': b'-- Up-to-date: /home/jmj/pro_asp_ws/ws_px4_controls/install/px4_msgs/include/px4_msgs/px4_msgs/msg/detail/fixed_wing_runway_control__functions.c\n'}
[0.966130] (px4_msgs) StdoutLine: {'line': b'-- Up-to-date: /home/jmj/pro_asp_ws/ws_px4_controls/install/px4_msgs/include/px4_msgs/px4_msgs/msg/detail/open_drone_id_operator_id__struct.h\n'}
[0.966156] (px4_msgs) StdoutLine: {'line': b'-- Up-to-date: /home/jmj/pro_asp_ws/ws_px4_controls/install/px4_msgs/include/px4_msgs/px4_msgs/msg/detail/actuator_controls_status__struct.h\n'}
[0.966180] (px4_msgs) StdoutLine: {'line': b'-- Up-to-date: /home/jmj/pro_asp_ws/ws_px4_controls/install/px4_msgs/include/px4_msgs/px4_msgs/msg/detail/sensor_airflow__type_support.h\n'}
[0.966205] (px4_msgs) StdoutLine: {'line': b'-- Up-to-date: /home/jmj/pro_asp_ws/ws_px4_controls/install/px4_msgs/include/px4_msgs/px4_msgs/msg/detail/logger_status__type_support.h\n'}
[0.966228] (px4_msgs) StdoutLine: {'line': b'-- Up-to-date: /home/jmj/pro_asp_ws/ws_px4_controls/install/px4_msgs/include/px4_msgs/px4_msgs/msg/detail/vehicle_optical_flow_vel__functions.c\n'}
[0.966252] (px4_msgs) StdoutLine: {'line': b'-- Up-to-date: /home/jmj/pro_asp_ws/ws_px4_controls/install/px4_msgs/include/px4_msgs/px4_msgs/msg/detail/magnetometer_bias_estimate__struct.h\n'}
[0.966276] (px4_msgs) StdoutLine: {'line': b'-- Up-to-date: /home/jmj/pro_asp_ws/ws_px4_controls/install/px4_msgs/include/px4_msgs/px4_msgs/msg/detail/airspeed__functions.c\n'}
[0.966299] (px4_msgs) StdoutLine: {'line': b'-- Up-to-date: /home/jmj/pro_asp_ws/ws_px4_controls/install/px4_msgs/include/px4_msgs/px4_msgs/msg/detail/vehicle_land_detected__type_support.h\n'}
[0.966388] (px4_msgs) StdoutLine: {'line': b'-- Up-to-date: /home/jmj/pro_asp_ws/ws_px4_controls/install/px4_msgs/include/px4_msgs/px4_msgs/msg/detail/open_drone_id_system__type_support.h\n'}
[0.966413] (px4_msgs) StdoutLine: {'line': b'-- Up-to-date: /home/jmj/pro_asp_ws/ws_px4_controls/install/px4_msgs/include/px4_msgs/px4_msgs/msg/detail/vehicle_command__struct.h\n'}
[0.966437] (px4_msgs) StdoutLine: {'line': b'-- Up-to-date: /home/jmj/pro_asp_ws/ws_px4_controls/install/px4_msgs/include/px4_msgs/px4_msgs/msg/detail/parameter_reset_request__type_support.h\n'}
[0.966461] (px4_msgs) StdoutLine: {'line': b'-- Up-to-date: /home/jmj/pro_asp_ws/ws_px4_controls/install/px4_msgs/include/px4_msgs/px4_msgs/msg/detail/fixed_wing_lateral_guidance_status__functions.c\n'}
[0.966533] (px4_msgs) StdoutLine: {'line': b'-- Up-to-date: /home/jmj/pro_asp_ws/ws_px4_controls/install/px4_msgs/include/px4_msgs/px4_msgs/msg/detail/estimator_status_flags__functions.c\n'}
[0.966556] (px4_msgs) StdoutLine: {'line': b'-- Up-to-date: /home/jmj/pro_asp_ws/ws_px4_controls/install/px4_msgs/include/px4_msgs/px4_msgs/msg/detail/hover_thrust_estimate__struct.h\n'}
[0.966578] (px4_msgs) StdoutLine: {'line': b'-- Up-to-date: /home/jmj/pro_asp_ws/ws_px4_controls/install/px4_msgs/include/px4_msgs/px4_msgs/msg/detail/orb_test_medium__struct.h\n'}
[0.966604] (px4_msgs) StdoutLine: {'line': b'-- Up-to-date: /home/jmj/pro_asp_ws/ws_px4_controls/install/px4_msgs/include/px4_msgs/px4_msgs/msg/detail/actuator_outputs__struct.h\n'}
[0.966631] (px4_msgs) StdoutLine: {'line': b'-- Up-to-date: /home/jmj/pro_asp_ws/ws_px4_controls/install/px4_msgs/include/px4_msgs/px4_msgs/msg/detail/action_request__struct.h\n'}
[0.966665] (px4_msgs) StdoutLine: {'line': b'-- Up-to-date: /home/jmj/pro_asp_ws/ws_px4_controls/install/px4_msgs/include/px4_msgs/px4_msgs/msg/detail/vehicle_optical_flow_vel__type_support.h\n'}
[0.966693] (px4_msgs) StdoutLine: {'line': b'-- Up-to-date: /home/jmj/pro_asp_ws/ws_px4_controls/install/px4_msgs/include/px4_msgs/px4_msgs/msg/detail/led_control__functions.c\n'}
[0.966718] (px4_msgs) StdoutLine: {'line': b'-- Up-to-date: /home/jmj/pro_asp_ws/ws_px4_controls/install/px4_msgs/include/px4_msgs/px4_msgs/msg/detail/gpio_out__functions.c\n'}
[0.966743] (px4_msgs) StdoutLine: {'line': b'-- Up-to-date: /home/jmj/pro_asp_ws/ws_px4_controls/install/px4_msgs/include/px4_msgs/px4_msgs/msg/detail/power_monitor__functions.c\n'}
[0.966782] (px4_msgs) StdoutLine: {'line': b'-- Up-to-date: /home/jmj/pro_asp_ws/ws_px4_controls/install/px4_msgs/include/px4_msgs/px4_msgs/msg/detail/mission__type_support.h\n'}
[0.966806] (px4_msgs) StdoutLine: {'line': b'-- Up-to-date: /home/jmj/pro_asp_ws/ws_px4_controls/install/px4_msgs/include/px4_msgs/px4_msgs/msg/detail/position_controller_landing_status__struct.h\n'}
[0.966829] (px4_msgs) StdoutLine: {'line': b'-- Up-to-date: /home/jmj/pro_asp_ws/ws_px4_controls/install/px4_msgs/include/px4_msgs/px4_msgs/msg/detail/rtl_status__struct.h\n'}
[0.966851] (px4_msgs) StdoutLine: {'line': b'-- Up-to-date: /home/jmj/pro_asp_ws/ws_px4_controls/install/px4_msgs/include/px4_msgs/px4_msgs/msg/detail/vehicle_roi__functions.c\n'}
[0.966873] (px4_msgs) StdoutLine: {'line': b'-- Up-to-date: /home/jmj/pro_asp_ws/ws_px4_controls/install/px4_msgs/include/px4_msgs/px4_msgs/msg/detail/rover_velocity_setpoint__functions.c\n'}
[0.966897] (px4_msgs) StdoutLine: {'line': b'-- Up-to-date: /home/jmj/pro_asp_ws/ws_px4_controls/install/px4_msgs/include/px4_msgs/px4_msgs/msg/detail/autotune_attitude_control_status__functions.c\n'}
[0.966921] (px4_msgs) StdoutLine: {'line': b'-- Up-to-date: /home/jmj/pro_asp_ws/ws_px4_controls/install/px4_msgs/include/px4_msgs/px4_msgs/msg/detail/vehicle_status__type_support.h\n'}
[0.966949] (px4_msgs) StdoutLine: {'line': b'-- Up-to-date: /home/jmj/pro_asp_ws/ws_px4_controls/install/px4_msgs/include/px4_msgs/px4_msgs/msg/detail/pwm_input__functions.c\n'}
[0.966984] (px4_msgs) StdoutLine: {'line': b'-- Up-to-date: /home/jmj/pro_asp_ws/ws_px4_controls/install/px4_msgs/include/px4_msgs/px4_msgs/msg/detail/rover_attitude_setpoint__type_support.h\n'}
[0.967009] (px4_msgs) StdoutLine: {'line': b'-- Up-to-date: /home/jmj/pro_asp_ws/ws_px4_controls/install/px4_msgs/include/px4_msgs/px4_msgs/msg/detail/battery_status__functions.c\n'}
[0.967033] (px4_msgs) StdoutLine: {'line': b'-- Up-to-date: /home/jmj/pro_asp_ws/ws_px4_controls/install/px4_msgs/include/px4_msgs/px4_msgs/msg/detail/onboard_computer_status__type_support.h\n'}
[0.967057] (px4_msgs) StdoutLine: {'line': b'-- Up-to-date: /home/jmj/pro_asp_ws/ws_px4_controls/install/px4_msgs/include/px4_msgs/px4_msgs/msg/detail/gimbal_device_attitude_status__functions.c\n'}
[0.967081] (px4_msgs) StdoutLine: {'line': b'-- Up-to-date: /home/jmj/pro_asp_ws/ws_px4_controls/install/px4_msgs/include/px4_msgs/px4_msgs/msg/detail/camera_capture__functions.c\n'}
[0.967105] (px4_msgs) StdoutLine: {'line': b'-- Up-to-date: /home/jmj/pro_asp_ws/ws_px4_controls/install/px4_msgs/include/px4_msgs/px4_msgs/msg/detail/estimator_states__type_support.h\n'}
[0.967128] (px4_msgs) StdoutLine: {'line': b'-- Up-to-date: /home/jmj/pro_asp_ws/ws_px4_controls/install/px4_msgs/include/px4_msgs/px4_msgs/msg/detail/estimator_bias3d__struct.h\n'}
[0.967152] (px4_msgs) StdoutLine: {'line': b'-- Up-to-date: /home/jmj/pro_asp_ws/ws_px4_controls/install/px4_msgs/include/px4_msgs/px4_msgs/msg/detail/sensor_airflow__functions.c\n'}
[0.967193] (px4_msgs) StdoutLine: {'line': b'-- Up-to-date: /home/jmj/pro_asp_ws/ws_px4_controls/install/px4_msgs/include/px4_msgs/px4_msgs/msg/detail/sensor_optical_flow__functions.c\n'}
[0.967219] (px4_msgs) StdoutLine: {'line': b'-- Up-to-date: /home/jmj/pro_asp_ws/ws_px4_controls/install/px4_msgs/include/px4_msgs/px4_msgs/msg/detail/log_message__functions.c\n'}
[0.967245] (px4_msgs) StdoutLine: {'line': b'-- Up-to-date: /home/jmj/pro_asp_ws/ws_px4_controls/install/px4_msgs/include/px4_msgs/px4_msgs/msg/detail/launch_detection_status__struct.h\n'}
[0.967278] (px4_msgs) StdoutLine: {'line': b'-- Up-to-date: /home/jmj/pro_asp_ws/ws_px4_controls/install/px4_msgs/include/px4_msgs/px4_msgs/msg/detail/rc_channels__struct.h\n'}
[0.967304] (px4_msgs) StdoutLine: {'line': b'-- Up-to-date: /home/jmj/pro_asp_ws/ws_px4_controls/install/px4_msgs/include/px4_msgs/px4_msgs/msg/detail/health_report__functions.h\n'}
[0.967344] (px4_msgs) StdoutLine: {'line': b'-- Up-to-date: /home/jmj/pro_asp_ws/ws_px4_controls/install/px4_msgs/include/px4_msgs/px4_msgs/msg/detail/geofence_result__type_support.h\n'}
[0.967397] (px4_msgs) StdoutLine: {'line': b'-- Up-to-date: /home/jmj/pro_asp_ws/ws_px4_controls/install/px4_msgs/include/px4_msgs/px4_msgs/msg/detail/ekf2_timestamps__functions.h\n'}
[0.967425] (px4_msgs) StdoutLine: {'line': b'-- Up-to-date: /home/jmj/pro_asp_ws/ws_px4_controls/install/px4_msgs/include/px4_msgs/px4_msgs/msg/detail/message_format_response__type_support.h\n'}
[0.967450] (px4_msgs) StdoutLine: {'line': b'-- Up-to-date: /home/jmj/pro_asp_ws/ws_px4_controls/install/px4_msgs/include/px4_msgs/px4_msgs/msg/detail/vehicle_control_mode__functions.c\n'}
[0.967490] (px4_msgs) StdoutLine: {'line': b'-- Up-to-date: /home/jmj/pro_asp_ws/ws_px4_controls/install/px4_msgs/include/px4_msgs/px4_msgs/msg/detail/failure_detector_status__type_support.h\n'}
[0.967518] (px4_msgs) StdoutLine: {'line': b'-- Up-to-date: /home/jmj/pro_asp_ws/ws_px4_controls/install/px4_msgs/include/px4_msgs/px4_msgs/msg/detail/sensor_gnss_relative__functions.c\n'}
[0.967553] (px4_msgs) StdoutLine: {'line': b'-- Up-to-date: /home/jmj/pro_asp_ws/ws_px4_controls/install/px4_msgs/include/px4_msgs/px4_msgs/msg/detail/rover_rate_setpoint__type_support.h\n'}
[0.967577] (px4_msgs) StdoutLine: {'line': b'-- Up-to-date: /home/jmj/pro_asp_ws/ws_px4_controls/install/px4_msgs/include/px4_msgs/px4_msgs/msg/detail/estimator_aid_source3d__functions.h\n'}
[0.967606] (px4_msgs) StdoutLine: {'line': b'-- Up-to-date: /home/jmj/pro_asp_ws/ws_px4_controls/install/px4_msgs/include/px4_msgs/px4_msgs/msg/detail/logger_status__functions.h\n'}
[0.967632] (px4_msgs) StdoutLine: {'line': b'-- Up-to-date: /home/jmj/pro_asp_ws/ws_px4_controls/install/px4_msgs/include/px4_msgs/px4_msgs/msg/detail/airspeed_wind__functions.c\n'}
[0.967657] (px4_msgs) StdoutLine: {'line': b'-- Up-to-date: /home/jmj/pro_asp_ws/ws_px4_controls/install/px4_msgs/include/px4_msgs/px4_msgs/msg/detail/fuel_tank_status__functions.c\n'}
[0.967682] (px4_msgs) StdoutLine: {'line': b'-- Up-to-date: /home/jmj/pro_asp_ws/ws_px4_controls/install/px4_msgs/include/px4_msgs/px4_msgs/msg/detail/ulog_stream__functions.c\n'}
[0.967706] (px4_msgs) StdoutLine: {'line': b'-- Up-to-date: /home/jmj/pro_asp_ws/ws_px4_controls/install/px4_msgs/include/px4_msgs/px4_msgs/msg/detail/launch_detection_status__functions.h\n'}
[0.967732] (px4_msgs) StdoutLine: {'line': b'-- Up-to-date: /home/jmj/pro_asp_ws/ws_px4_controls/install/px4_msgs/include/px4_msgs/px4_msgs/msg/detail/button_event__struct.h\n'}
[0.967756] (px4_msgs) StdoutLine: {'line': b'-- Up-to-date: /home/jmj/pro_asp_ws/ws_px4_controls/install/px4_msgs/include/px4_msgs/px4_msgs/msg/detail/sensor_preflight_mag__struct.h\n'}
[0.967780] (px4_msgs) StdoutLine: {'line': b'-- Up-to-date: /home/jmj/pro_asp_ws/ws_px4_controls/install/px4_msgs/include/px4_msgs/px4_msgs/msg/detail/navigator_status__functions.c\n'}
[0.967803] (px4_msgs) StdoutLine: {'line': b'-- Up-to-date: /home/jmj/pro_asp_ws/ws_px4_controls/install/px4_msgs/include/px4_msgs/px4_msgs/msg/detail/battery_status__functions.h\n'}
[0.967827] (px4_msgs) StdoutLine: {'line': b'-- Up-to-date: /home/jmj/pro_asp_ws/ws_px4_controls/install/px4_msgs/include/px4_msgs/px4_msgs/msg/detail/distance_sensor_mode_change_request__functions.c\n'}
[0.967850] (px4_msgs) StdoutLine: {'line': b'-- Up-to-date: /home/jmj/pro_asp_ws/ws_px4_controls/install/px4_msgs/include/px4_msgs/px4_msgs/msg/detail/estimator_gps_status__struct.h\n'}
[0.967873] (px4_msgs) StdoutLine: {'line': b'-- Up-to-date: /home/jmj/pro_asp_ws/ws_px4_controls/install/px4_msgs/include/px4_msgs/px4_msgs/msg/detail/trajectory_setpoint6dof__type_support.h\n'}
[0.967897] (px4_msgs) StdoutLine: {'line': b'-- Up-to-date: /home/jmj/pro_asp_ws/ws_px4_controls/install/px4_msgs/include/px4_msgs/px4_msgs/msg/detail/fixed_wing_lateral_guidance_status__struct.h\n'}
[0.967921] (px4_msgs) StdoutLine: {'line': b'-- Up-to-date: /home/jmj/pro_asp_ws/ws_px4_controls/install/px4_msgs/include/px4_msgs/px4_msgs/msg/detail/sensor_accel__type_support.h\n'}
[0.967949] (px4_msgs) StdoutLine: {'line': b'-- Up-to-date: /home/jmj/pro_asp_ws/ws_px4_controls/install/px4_msgs/include/px4_msgs/px4_msgs/msg/detail/differential_pressure__type_support.h\n'}
[0.968006] (px4_msgs) StdoutLine: {'line': b'-- Up-to-date: /home/jmj/pro_asp_ws/ws_px4_controls/install/px4_msgs/include/px4_msgs/px4_msgs/msg/detail/estimator_aid_source3d__struct.h\n'}
[0.968031] (px4_msgs) StdoutLine: {'line': b'-- Up-to-date: /home/jmj/pro_asp_ws/ws_px4_controls/install/px4_msgs/include/px4_msgs/px4_msgs/msg/detail/debug_key_value__struct.h\n'}
[0.968155] (px4_msgs) StdoutLine: {'line': b'-- Up-to-date: /home/jmj/pro_asp_ws/ws_px4_controls/install/px4_msgs/include/px4_msgs/px4_msgs/msg/detail/event__type_support.h\n'}
[0.968181] (px4_msgs) StdoutLine: {'line': b'-- Up-to-date: /home/jmj/pro_asp_ws/ws_px4_controls/install/px4_msgs/include/px4_msgs/px4_msgs/msg/detail/debug_array__functions.h\n'}
[0.968206] (px4_msgs) StdoutLine: {'line': b'-- Up-to-date: /home/jmj/pro_asp_ws/ws_px4_controls/install/px4_msgs/include/px4_msgs/px4_msgs/msg/detail/cpuload__struct.h\n'}
[0.968231] (px4_msgs) StdoutLine: {'line': b'-- Up-to-date: /home/jmj/pro_asp_ws/ws_px4_controls/install/px4_msgs/include/px4_msgs/px4_msgs/msg/detail/camera_status__struct.h\n'}
[0.968257] (px4_msgs) StdoutLine: {'line': b'-- Up-to-date: /home/jmj/pro_asp_ws/ws_px4_controls/install/px4_msgs/include/px4_msgs/px4_msgs/msg/detail/vehicle_torque_setpoint__type_support.h\n'}
[0.968282] (px4_msgs) StdoutLine: {'line': b'-- Up-to-date: /home/jmj/pro_asp_ws/ws_px4_controls/install/px4_msgs/include/px4_msgs/px4_msgs/msg/detail/fixed_wing_lateral_guidance_status__functions.h\n'}
[0.968307] (px4_msgs) StdoutLine: {'line': b'-- Up-to-date: /home/jmj/pro_asp_ws/ws_px4_controls/install/px4_msgs/include/px4_msgs/px4_msgs/msg/detail/rover_steering_setpoint__struct.h\n'}
[0.968333] (px4_msgs) StdoutLine: {'line': b'-- Up-to-date: /home/jmj/pro_asp_ws/ws_px4_controls/install/px4_msgs/include/px4_msgs/px4_msgs/msg/detail/home_position__struct.h\n'}
[0.968357] (px4_msgs) StdoutLine: {'line': b'-- Up-to-date: /home/jmj/pro_asp_ws/ws_px4_controls/install/px4_msgs/include/px4_msgs/px4_msgs/msg/detail/actuator_outputs__functions.c\n'}
[0.968380] (px4_msgs) StdoutLine: {'line': b'-- Up-to-date: /home/jmj/pro_asp_ws/ws_px4_controls/install/px4_msgs/include/px4_msgs/px4_msgs/msg/detail/goto_setpoint__struct.h\n'}
[0.968405] (px4_msgs) StdoutLine: {'line': b'-- Up-to-date: /home/jmj/pro_asp_ws/ws_px4_controls/install/px4_msgs/include/px4_msgs/px4_msgs/msg/detail/navigator_status__functions.h\n'}
[0.968429] (px4_msgs) StdoutLine: {'line': b'-- Up-to-date: /home/jmj/pro_asp_ws/ws_px4_controls/install/px4_msgs/include/px4_msgs/px4_msgs/msg/detail/position_setpoint__struct.h\n'}
[0.968452] (px4_msgs) StdoutLine: {'line': b'-- Up-to-date: /home/jmj/pro_asp_ws/ws_px4_controls/install/px4_msgs/include/px4_msgs/px4_msgs/msg/detail/message_format_response__struct.h\n'}
[0.968475] (px4_msgs) StdoutLine: {'line': b'-- Up-to-date: /home/jmj/pro_asp_ws/ws_px4_controls/install/px4_msgs/include/px4_msgs/px4_msgs/msg/detail/gimbal_manager_status__functions.c\n'}
[0.968499] (px4_msgs) StdoutLine: {'line': b'-- Up-to-date: /home/jmj/pro_asp_ws/ws_px4_controls/install/px4_msgs/include/px4_msgs/px4_msgs/msg/detail/irlock_report__struct.h\n'}
[0.968522] (px4_msgs) StdoutLine: {'line': b'-- Up-to-date: /home/jmj/pro_asp_ws/ws_px4_controls/install/px4_msgs/include/px4_msgs/px4_msgs/msg/detail/pwm_input__struct.h\n'}
[0.968546] (px4_msgs) StdoutLine: {'line': b'-- Up-to-date: /home/jmj/pro_asp_ws/ws_px4_controls/install/px4_msgs/include/px4_msgs/px4_msgs/msg/detail/control_allocator_status__struct.h\n'}
[0.968570] (px4_msgs) StdoutLine: {'line': b'-- Up-to-date: /home/jmj/pro_asp_ws/ws_px4_controls/install/px4_msgs/include/px4_msgs/px4_msgs/msg/detail/sensor_mag__type_support.h\n'}
[0.968594] (px4_msgs) StdoutLine: {'line': b'-- Up-to-date: /home/jmj/pro_asp_ws/ws_px4_controls/install/px4_msgs/include/px4_msgs/px4_msgs/msg/detail/heater_status__struct.h\n'}
[0.968618] (px4_msgs) StdoutLine: {'line': b'-- Up-to-date: /home/jmj/pro_asp_ws/ws_px4_controls/install/px4_msgs/include/px4_msgs/px4_msgs/msg/detail/sensor_combined__functions.h\n'}
[0.968661] (px4_msgs) StdoutLine: {'line': b'-- Up-to-date: /home/jmj/pro_asp_ws/ws_px4_controls/install/px4_msgs/include/px4_msgs/px4_msgs/msg/detail/rpm__functions.h\n'}
[0.968686] (px4_msgs) StdoutLine: {'line': b'-- Up-to-date: /home/jmj/pro_asp_ws/ws_px4_controls/install/px4_msgs/include/px4_msgs/px4_msgs/msg/detail/gimbal_controls__type_support.h\n'}
[0.968710] (px4_msgs) StdoutLine: {'line': b'-- Up-to-date: /home/jmj/pro_asp_ws/ws_px4_controls/install/px4_msgs/include/px4_msgs/px4_msgs/msg/detail/lateral_control_configuration__functions.h\n'}
[0.968735] (px4_msgs) StdoutLine: {'line': b'-- Up-to-date: /home/jmj/pro_asp_ws/ws_px4_controls/install/px4_msgs/include/px4_msgs/px4_msgs/msg/detail/pps_capture__struct.h\n'}
[0.968759] (px4_msgs) StdoutLine: {'line': b'-- Up-to-date: /home/jmj/pro_asp_ws/ws_px4_controls/install/px4_msgs/include/px4_msgs/px4_msgs/msg/detail/generator_status__struct.h\n'}
[0.968783] (px4_msgs) StdoutLine: {'line': b'-- Up-to-date: /home/jmj/pro_asp_ws/ws_px4_controls/install/px4_msgs/include/px4_msgs/px4_msgs/msg/detail/tecs_status__struct.h\n'}
[0.968807] (px4_msgs) StdoutLine: {'line': b'-- Up-to-date: /home/jmj/pro_asp_ws/ws_px4_controls/install/px4_msgs/include/px4_msgs/px4_msgs/msg/detail/vehicle_rates_setpoint__functions.h\n'}
[0.968831] (px4_msgs) StdoutLine: {'line': b'-- Up-to-date: /home/jmj/pro_asp_ws/ws_px4_controls/install/px4_msgs/include/px4_msgs/px4_msgs/msg/detail/vehicle_thrust_setpoint__functions.h\n'}
[0.968854] (px4_msgs) StdoutLine: {'line': b'-- Up-to-date: /home/jmj/pro_asp_ws/ws_px4_controls/install/px4_msgs/include/px4_msgs/px4_msgs/msg/detail/debug_value__type_support.h\n'}
[0.968910] (px4_msgs) StdoutLine: {'line': b'-- Up-to-date: /home/jmj/pro_asp_ws/ws_px4_controls/install/px4_msgs/include/px4_msgs/px4_msgs/msg/detail/airspeed__functions.h\n'}
[0.969026] (px4_msgs) StdoutLine: {'line': b'-- Up-to-date: /home/jmj/pro_asp_ws/ws_px4_controls/install/px4_msgs/include/px4_msgs/px4_msgs/msg/detail/sensor_selection__functions.c\n'}
[0.969053] (px4_msgs) StdoutLine: {'line': b'-- Up-to-date: /home/jmj/pro_asp_ws/ws_px4_controls/install/px4_msgs/include/px4_msgs/px4_msgs/msg/detail/pps_capture__functions.c\n'}
[0.969078] (px4_msgs) StdoutLine: {'line': b'-- Up-to-date: /home/jmj/pro_asp_ws/ws_px4_controls/install/px4_msgs/include/px4_msgs/px4_msgs/msg/detail/vehicle_rates_setpoint__type_support.h\n'}
[0.969104] (px4_msgs) StdoutLine: {'line': b'-- Up-to-date: /home/jmj/pro_asp_ws/ws_px4_controls/install/px4_msgs/include/px4_msgs/px4_msgs/msg/detail/orb_test_large__functions.h\n'}
[0.969129] (px4_msgs) StdoutLine: {'line': b'-- Up-to-date: /home/jmj/pro_asp_ws/ws_px4_controls/install/px4_msgs/include/px4_msgs/px4_msgs/msg/detail/message_format_response__functions.c\n'}
[0.969154] (px4_msgs) StdoutLine: {'line': b'-- Up-to-date: /home/jmj/pro_asp_ws/ws_px4_controls/install/px4_msgs/include/px4_msgs/px4_msgs/msg/detail/gps_inject_data__struct.h\n'}
[0.969178] (px4_msgs) StdoutLine: {'line': b'-- Up-to-date: /home/jmj/pro_asp_ws/ws_px4_controls/install/px4_msgs/include/px4_msgs/px4_msgs/msg/detail/goto_setpoint__type_support.h\n'}
[0.969201] (px4_msgs) StdoutLine: {'line': b'-- Up-to-date: /home/jmj/pro_asp_ws/ws_px4_controls/install/px4_msgs/include/px4_msgs/px4_msgs/msg/detail/ulog_stream__functions.h\n'}
[0.969226] (px4_msgs) StdoutLine: {'line': b'-- Up-to-date: /home/jmj/pro_asp_ws/ws_px4_controls/install/px4_msgs/include/px4_msgs/px4_msgs/msg/detail/gimbal_manager_set_manual_control__functions.c\n'}
[0.969250] (px4_msgs) StdoutLine: {'line': b'-- Up-to-date: /home/jmj/pro_asp_ws/ws_px4_controls/install/px4_msgs/include/px4_msgs/px4_msgs/msg/detail/collision_constraints__functions.c\n'}
[0.969274] (px4_msgs) StdoutLine: {'line': b'-- Up-to-date: /home/jmj/pro_asp_ws/ws_px4_controls/install/px4_msgs/include/px4_msgs/px4_msgs/msg/detail/uavcan_parameter_value__functions.h\n'}
[0.969297] (px4_msgs) StdoutLine: {'line': b'-- Up-to-date: /home/jmj/pro_asp_ws/ws_px4_controls/install/px4_msgs/include/px4_msgs/px4_msgs/msg/detail/vehicle_local_position__struct.h\n'}
[0.969332] (px4_msgs) StdoutLine: {'line': b'-- Up-to-date: /home/jmj/pro_asp_ws/ws_px4_controls/install/px4_msgs/include/px4_msgs/px4_msgs/msg/detail/fixed_wing_longitudinal_setpoint__type_support.h\n'}
[0.969358] (px4_msgs) StdoutLine: {'line': b'-- Up-to-date: /home/jmj/pro_asp_ws/ws_px4_controls/install/px4_msgs/include/px4_msgs/px4_msgs/msg/detail/mount_orientation__type_support.h\n'}
[0.969383] (px4_msgs) StdoutLine: {'line': b'-- Up-to-date: /home/jmj/pro_asp_ws/ws_px4_controls/install/px4_msgs/include/px4_msgs/px4_msgs/msg/detail/estimator_aid_source2d__functions.c\n'}
[0.969408] (px4_msgs) StdoutLine: {'line': b'-- Up-to-date: /home/jmj/pro_asp_ws/ws_px4_controls/install/px4_msgs/include/px4_msgs/px4_msgs/msg/detail/mission_result__functions.c\n'}
[0.969445] (px4_msgs) StdoutLine: {'line': b'-- Up-to-date: /home/jmj/pro_asp_ws/ws_px4_controls/install/px4_msgs/include/px4_msgs/px4_msgs/msg/detail/estimator_innovations__type_support.h\n'}
[0.969484] (px4_msgs) StdoutLine: {'line': b'-- Up-to-date: /home/jmj/pro_asp_ws/ws_px4_controls/install/px4_msgs/include/px4_msgs/px4_msgs/msg/detail/mavlink_tunnel__functions.c\n'}
[0.969509] (px4_msgs) StdoutLine: {'line': b'-- Up-to-date: /home/jmj/pro_asp_ws/ws_px4_controls/install/px4_msgs/include/px4_msgs/px4_msgs/msg/detail/radio_status__functions.c\n'}
[0.969535] (px4_msgs) StdoutLine: {'line': b'-- Up-to-date: /home/jmj/pro_asp_ws/ws_px4_controls/install/px4_msgs/include/px4_msgs/px4_msgs/msg/detail/parameter_set_value_response__functions.c\n'}
[0.969559] (px4_msgs) StdoutLine: {'line': b'-- Up-to-date: /home/jmj/pro_asp_ws/ws_px4_controls/install/px4_msgs/include/px4_msgs/px4_msgs/msg/detail/manual_control_setpoint__type_support.h\n'}
[0.969583] (px4_msgs) StdoutLine: {'line': b'-- Up-to-date: /home/jmj/pro_asp_ws/ws_px4_controls/install/px4_msgs/include/px4_msgs/px4_msgs/msg/detail/vehicle_magnetometer__type_support.h\n'}
[0.969607] (px4_msgs) StdoutLine: {'line': b'-- Up-to-date: /home/jmj/pro_asp_ws/ws_px4_controls/install/px4_msgs/include/px4_msgs/px4_msgs/msg/detail/gimbal_manager_set_manual_control__type_support.h\n'}
[0.969631] (px4_msgs) StdoutLine: {'line': b'-- Up-to-date: /home/jmj/pro_asp_ws/ws_px4_controls/install/px4_msgs/include/px4_msgs/px4_msgs/msg/detail/mavlink_log__functions.h\n'}
[0.969654] (px4_msgs) StdoutLine: {'line': b'-- Up-to-date: /home/jmj/pro_asp_ws/ws_px4_controls/install/px4_msgs/include/px4_msgs/px4_msgs/msg/detail/sensor_accel__struct.h\n'}
[0.969679] (px4_msgs) StdoutLine: {'line': b'-- Up-to-date: /home/jmj/pro_asp_ws/ws_px4_controls/install/px4_msgs/include/px4_msgs/px4_msgs/msg/detail/vehicle_local_position_setpoint__functions.h\n'}
[0.969734] (px4_msgs) StdoutLine: {'line': b'-- Up-to-date: /home/jmj/pro_asp_ws/ws_px4_controls/install/px4_msgs/include/px4_msgs/px4_msgs/msg/detail/rover_attitude_status__functions.h\n'}
[0.969761] (px4_msgs) StdoutLine: {'line': b'-- Up-to-date: /home/jmj/pro_asp_ws/ws_px4_controls/install/px4_msgs/include/px4_msgs/px4_msgs/msg/detail/vehicle_roi__type_support.h\n'}
[0.969786] (px4_msgs) StdoutLine: {'line': b'-- Up-to-date: /home/jmj/pro_asp_ws/ws_px4_controls/install/px4_msgs/include/px4_msgs/px4_msgs/msg/detail/iridiumsbd_status__functions.h\n'}
[0.969857] (px4_msgs) StdoutLine: {'line': b'-- Up-to-date: /home/jmj/pro_asp_ws/ws_px4_controls/install/px4_msgs/include/px4_msgs/px4_msgs/msg/detail/estimator_gps_status__functions.c\n'}
[0.969918] (px4_msgs) StdoutLine: {'line': b'-- Up-to-date: /home/jmj/pro_asp_ws/ws_px4_controls/install/px4_msgs/include/px4_msgs/px4_msgs/msg/detail/vehicle_attitude__functions.h\n'}
[0.969948] (px4_msgs) StdoutLine: {'line': b'-- Up-to-date: /home/jmj/pro_asp_ws/ws_px4_controls/install/px4_msgs/include/px4_msgs/px4_msgs/msg/detail/open_drone_id_system__struct.h\n'}
[0.969993] (px4_msgs) StdoutLine: {'line': b'-- Up-to-date: /home/jmj/pro_asp_ws/ws_px4_controls/install/px4_msgs/include/px4_msgs/px4_msgs/msg/detail/camera_trigger__struct.h\n'}
[0.970019] (px4_msgs) StdoutLine: {'line': b'-- Up-to-date: /home/jmj/pro_asp_ws/ws_px4_controls/install/px4_msgs/include/px4_msgs/px4_msgs/msg/detail/power_button_state__type_support.h\n'}
[0.970051] (px4_msgs) StdoutLine: {'line': b'-- Up-to-date: /home/jmj/pro_asp_ws/ws_px4_controls/install/px4_msgs/include/px4_msgs/px4_msgs/msg/detail/vehicle_thrust_setpoint__functions.c\n'}
[0.970096] (px4_msgs) StdoutLine: {'line': b'-- Up-to-date: /home/jmj/pro_asp_ws/ws_px4_controls/install/px4_msgs/include/px4_msgs/px4_msgs/msg/detail/actuator_servos_trim__type_support.h\n'}
[0.970122] (px4_msgs) StdoutLine: {'line': b'-- Up-to-date: /home/jmj/pro_asp_ws/ws_px4_controls/install/px4_msgs/include/px4_msgs/px4_msgs/msg/detail/estimator_selector_status__struct.h\n'}
[0.970147] (px4_msgs) StdoutLine: {'line': b'-- Up-to-date: /home/jmj/pro_asp_ws/ws_px4_controls/install/px4_msgs/include/px4_msgs/px4_msgs/msg/detail/gimbal_device_attitude_status__struct.h\n'}
[0.970171] (px4_msgs) StdoutLine: {'line': b'-- Up-to-date: /home/jmj/pro_asp_ws/ws_px4_controls/install/px4_msgs/include/px4_msgs/px4_msgs/msg/detail/pure_pursuit_status__functions.h\n'}
[0.970196] (px4_msgs) StdoutLine: {'line': b'-- Up-to-date: /home/jmj/pro_asp_ws/ws_px4_controls/install/px4_msgs/include/px4_msgs/px4_msgs/msg/detail/transponder_report__functions.c\n'}
[0.970222] (px4_msgs) StdoutLine: {'line': b'-- Up-to-date: /home/jmj/pro_asp_ws/ws_px4_controls/install/px4_msgs/include/px4_msgs/px4_msgs/msg/detail/rover_position_setpoint__functions.c\n'}
[0.970247] (px4_msgs) StdoutLine: {'line': b'-- Up-to-date: /home/jmj/pro_asp_ws/ws_px4_controls/install/px4_msgs/include/px4_msgs/px4_msgs/msg/detail/button_event__functions.h\n'}
[0.970272] (px4_msgs) StdoutLine: {'line': b'-- Up-to-date: /home/jmj/pro_asp_ws/ws_px4_controls/install/px4_msgs/include/px4_msgs/px4_msgs/msg/detail/action_request__functions.h\n'}
[0.970296] (px4_msgs) StdoutLine: {'line': b'-- Up-to-date: /home/jmj/pro_asp_ws/ws_px4_controls/install/px4_msgs/include/px4_msgs/px4_msgs/msg/detail/vehicle_imu__functions.c\n'}
[0.970320] (px4_msgs) StdoutLine: {'line': b'-- Up-to-date: /home/jmj/pro_asp_ws/ws_px4_controls/install/px4_msgs/include/px4_msgs/px4_msgs/msg/detail/camera_status__type_support.h\n'}
[0.970343] (px4_msgs) StdoutLine: {'line': b'-- Up-to-date: /home/jmj/pro_asp_ws/ws_px4_controls/install/px4_msgs/include/px4_msgs/px4_msgs/msg/detail/estimator_event_flags__struct.h\n'}
[0.970367] (px4_msgs) StdoutLine: {'line': b'-- Up-to-date: /home/jmj/pro_asp_ws/ws_px4_controls/install/px4_msgs/include/px4_msgs/px4_msgs/msg/detail/fixed_wing_lateral_status__functions.c\n'}
[0.970391] (px4_msgs) StdoutLine: {'line': b'-- Up-to-date: /home/jmj/pro_asp_ws/ws_px4_controls/install/px4_msgs/include/px4_msgs/px4_msgs/msg/detail/fuel_tank_status__functions.h\n'}
[0.970438] (px4_msgs) StdoutLine: {'line': b'-- Up-to-date: /home/jmj/pro_asp_ws/ws_px4_controls/install/px4_msgs/include/px4_msgs/px4_msgs/msg/detail/goto_setpoint__functions.h\n'}
[0.970465] (px4_msgs) StdoutLine: {'line': b'-- Up-to-date: /home/jmj/pro_asp_ws/ws_px4_controls/install/px4_msgs/include/px4_msgs/px4_msgs/msg/detail/navigator_mission_item__functions.h\n'}
[0.970490] (px4_msgs) StdoutLine: {'line': b'-- Up-to-date: /home/jmj/pro_asp_ws/ws_px4_controls/install/px4_msgs/include/px4_msgs/px4_msgs/msg/detail/gps_dump__type_support.h\n'}
[0.970515] (px4_msgs) StdoutLine: {'line': b'-- Up-to-date: /home/jmj/pro_asp_ws/ws_px4_controls/install/px4_msgs/include/px4_msgs/px4_msgs/msg/detail/gpio_config__functions.h\n'}
[0.970549] (px4_msgs) StdoutLine: {'line': b'-- Up-to-date: /home/jmj/pro_asp_ws/ws_px4_controls/install/px4_msgs/include/px4_msgs/px4_msgs/msg/detail/estimator_sensor_bias__functions.h\n'}
[0.970577] (px4_msgs) StdoutLine: {'line': b'-- Up-to-date: /home/jmj/pro_asp_ws/ws_px4_controls/install/px4_msgs/include/px4_msgs/px4_msgs/msg/detail/message_format_request__type_support.h\n'}
[0.970630] (px4_msgs) StdoutLine: {'line': b'-- Up-to-date: /home/jmj/pro_asp_ws/ws_px4_controls/install/px4_msgs/include/px4_msgs/px4_msgs/msg/detail/rtl_time_estimate__type_support.h\n'}
[0.970658] (px4_msgs) StdoutLine: {'line': b'-- Up-to-date: /home/jmj/pro_asp_ws/ws_px4_controls/install/px4_msgs/include/px4_msgs/px4_msgs/msg/detail/estimator_gps_status__type_support.h\n'}
[0.970745] (px4_msgs) StdoutLine: {'line': b'-- Up-to-date: /home/jmj/pro_asp_ws/ws_px4_controls/install/px4_msgs/include/px4_msgs/px4_msgs/msg/detail/esc_report__struct.h\n'}
[0.970773] (px4_msgs) StdoutLine: {'line': b'-- Up-to-date: /home/jmj/pro_asp_ws/ws_px4_controls/install/px4_msgs/include/px4_msgs/px4_msgs/msg/detail/register_ext_component_request__type_support.h\n'}
[0.970800] (px4_msgs) StdoutLine: {'line': b'-- Up-to-date: /home/jmj/pro_asp_ws/ws_px4_controls/install/px4_msgs/include/px4_msgs/px4_msgs/msg/detail/position_controller_landing_status__type_support.h\n'}
[0.970902] (px4_msgs) StdoutLine: {'line': b'-- Up-to-date: /home/jmj/pro_asp_ws/ws_px4_controls/install/px4_msgs/include/px4_msgs/px4_msgs/msg/detail/adc_report__type_support.h\n'}
[0.970929] (px4_msgs) StdoutLine: {'line': b'-- Up-to-date: /home/jmj/pro_asp_ws/ws_px4_controls/install/px4_msgs/include/px4_msgs/px4_msgs/msg/detail/sensor_correction__struct.h\n'}
[0.970985] (px4_msgs) StdoutLine: {'line': b'-- Up-to-date: /home/jmj/pro_asp_ws/ws_px4_controls/install/px4_msgs/include/px4_msgs/px4_msgs/msg/detail/qshell_retval__struct.h\n'}
[0.971014] (px4_msgs) StdoutLine: {'line': b'-- Up-to-date: /home/jmj/pro_asp_ws/ws_px4_controls/install/px4_msgs/include/px4_msgs/px4_msgs/msg/detail/estimator_aid_source1d__functions.h\n'}
[0.971039] (px4_msgs) StdoutLine: {'line': b'-- Up-to-date: /home/jmj/pro_asp_ws/ws_px4_controls/install/px4_msgs/include/px4_msgs/px4_msgs/msg/detail/landing_gear_wheel__struct.h\n'}
[0.971065] (px4_msgs) StdoutLine: {'line': b'-- Up-to-date: /home/jmj/pro_asp_ws/ws_px4_controls/install/px4_msgs/include/px4_msgs/px4_msgs/msg/detail/camera_trigger__type_support.h\n'}
[0.971090] (px4_msgs) StdoutLine: {'line': b'-- Up-to-date: /home/jmj/pro_asp_ws/ws_px4_controls/install/px4_msgs/include/px4_msgs/px4_msgs/msg/detail/onboard_computer_status__functions.c\n'}
[0.971115] (px4_msgs) StdoutLine: {'line': b'-- Up-to-date: /home/jmj/pro_asp_ws/ws_px4_controls/install/px4_msgs/include/px4_msgs/px4_msgs/msg/detail/mode_completed__functions.h\n'}
[0.971140] (px4_msgs) StdoutLine: {'line': b'-- Up-to-date: /home/jmj/pro_asp_ws/ws_px4_controls/install/px4_msgs/include/px4_msgs/px4_msgs/msg/detail/follow_target_status__functions.c\n'}
[0.971169] (px4_msgs) StdoutLine: {'line': b'-- Up-to-date: /home/jmj/pro_asp_ws/ws_px4_controls/install/px4_msgs/include/px4_msgs/px4_msgs/msg/detail/gpio_request__functions.c\n'}
[0.971197] (px4_msgs) StdoutLine: {'line': b'-- Up-to-date: /home/jmj/pro_asp_ws/ws_px4_controls/install/px4_msgs/include/px4_msgs/px4_msgs/msg/detail/fixed_wing_longitudinal_setpoint__struct.h\n'}
[0.971259] (px4_msgs) StdoutLine: {'line': b'-- Up-to-date: /home/jmj/pro_asp_ws/ws_px4_controls/install/px4_msgs/include/px4_msgs/px4_msgs/msg/detail/vehicle_optical_flow_vel__functions.h\n'}
[0.971544] (px4_msgs) StdoutLine: {'line': b'-- Up-to-date: /home/jmj/pro_asp_ws/ws_px4_controls/install/px4_msgs/include/px4_msgs/px4_msgs/msg/detail/sensor_selection__functions.h\n'}
[0.971573] (px4_msgs) StdoutLine: {'line': b'-- Up-to-date: /home/jmj/pro_asp_ws/ws_px4_controls/install/px4_msgs/include/px4_msgs/px4_msgs/msg/detail/vehicle_local_position_setpoint__struct.h\n'}
[0.971601] (px4_msgs) StdoutLine: {'line': b'-- Up-to-date: /home/jmj/pro_asp_ws/ws_px4_controls/install/px4_msgs/include/px4_msgs/px4_msgs/msg/detail/pps_capture__type_support.h\n'}
[0.971627] (px4_msgs) StdoutLine: {'line': b'-- Up-to-date: /home/jmj/pro_asp_ws/ws_px4_controls/install/px4_msgs/include/px4_msgs/px4_msgs/msg/detail/rate_ctrl_status__functions.h\n'}
[0.971652] (px4_msgs) StdoutLine: {'line': b'-- Up-to-date: /home/jmj/pro_asp_ws/ws_px4_controls/install/px4_msgs/include/px4_msgs/px4_msgs/msg/detail/estimator_bias3d__functions.h\n'}
[0.971677] (px4_msgs) StdoutLine: {'line': b'-- Up-to-date: /home/jmj/pro_asp_ws/ws_px4_controls/install/px4_msgs/include/px4_msgs/px4_msgs/msg/detail/sensor_hygrometer__functions.h\n'}
[0.971702] (px4_msgs) StdoutLine: {'line': b'-- Up-to-date: /home/jmj/pro_asp_ws/ws_px4_controls/install/px4_msgs/include/px4_msgs/px4_msgs/msg/detail/camera_status__functions.h\n'}
[0.971765] (px4_msgs) StdoutLine: {'line': b'-- Up-to-date: /home/jmj/pro_asp_ws/ws_px4_controls/install/px4_msgs/include/px4_msgs/px4_msgs/msg/detail/gimbal_controls__functions.h\n'}
[0.971791] (px4_msgs) StdoutLine: {'line': b'-- Up-to-date: /home/jmj/pro_asp_ws/ws_px4_controls/install/px4_msgs/include/px4_msgs/px4_msgs/msg/detail/led_control__struct.h\n'}
[0.971817] (px4_msgs) StdoutLine: {'line': b'-- Up-to-date: /home/jmj/pro_asp_ws/ws_px4_controls/install/px4_msgs/include/px4_msgs/px4_msgs/msg/detail/mag_worker_data__functions.c\n'}
[0.971841] (px4_msgs) StdoutLine: {'line': b'-- Up-to-date: /home/jmj/pro_asp_ws/ws_px4_controls/install/px4_msgs/include/px4_msgs/px4_msgs/msg/detail/irlock_report__functions.h\n'}
[0.971906] (px4_msgs) StdoutLine: {'line': b'-- Up-to-date: /home/jmj/pro_asp_ws/ws_px4_controls/install/px4_msgs/include/px4_msgs/px4_msgs/msg/detail/fixed_wing_lateral_setpoint__functions.h\n'}
[0.971931] (px4_msgs) StdoutLine: {'line': b'-- Up-to-date: /home/jmj/pro_asp_ws/ws_px4_controls/install/px4_msgs/include/px4_msgs/px4_msgs/msg/detail/arming_check_request__functions.h\n'}
[0.971964] (px4_msgs) StdoutLine: {'line': b'-- Up-to-date: /home/jmj/pro_asp_ws/ws_px4_controls/install/px4_msgs/include/px4_msgs/px4_msgs/msg/detail/failsafe_flags__functions.h\n'}
[0.971989] (px4_msgs) StdoutLine: {'line': b'-- Up-to-date: /home/jmj/pro_asp_ws/ws_px4_controls/install/px4_msgs/include/px4_msgs/px4_msgs/msg/detail/vehicle_roi__struct.h\n'}
[0.972013] (px4_msgs) StdoutLine: {'line': b'-- Up-to-date: /home/jmj/pro_asp_ws/ws_px4_controls/install/px4_msgs/include/px4_msgs/px4_msgs/msg/detail/ulog_stream__type_support.h\n'}
[0.972037] (px4_msgs) StdoutLine: {'line': b'-- Up-to-date: /home/jmj/pro_asp_ws/ws_px4_controls/install/px4_msgs/include/px4_msgs/px4_msgs/msg/detail/system_power__functions.h\n'}
[0.972060] (px4_msgs) StdoutLine: {'line': b'-- Up-to-date: /home/jmj/pro_asp_ws/ws_px4_controls/install/px4_msgs/include/px4_msgs/px4_msgs/msg/detail/register_ext_component_reply__functions.c\n'}
[0.972150] (px4_msgs) StdoutLine: {'line': b'-- Up-to-date: /home/jmj/pro_asp_ws/ws_px4_controls/install/px4_msgs/include/px4_msgs/px4_msgs/msg/detail/logger_status__struct.h\n'}
[0.972175] (px4_msgs) StdoutLine: {'line': b'-- Up-to-date: /home/jmj/pro_asp_ws/ws_px4_controls/install/px4_msgs/include/px4_msgs/px4_msgs/msg/detail/vehicle_command_ack__functions.h\n'}
[0.972201] (px4_msgs) StdoutLine: {'line': b'-- Up-to-date: /home/jmj/pro_asp_ws/ws_px4_controls/install/px4_msgs/include/px4_msgs/px4_msgs/msg/detail/gimbal_device_set_attitude__struct.h\n'}
[0.972226] (px4_msgs) StdoutLine: {'line': b'-- Up-to-date: /home/jmj/pro_asp_ws/ws_px4_controls/install/px4_msgs/include/px4_msgs/px4_msgs/msg/detail/vehicle_magnetometer__functions.c\n'}
[0.972251] (px4_msgs) StdoutLine: {'line': b'-- Up-to-date: /home/jmj/pro_asp_ws/ws_px4_controls/install/px4_msgs/include/px4_msgs/px4_msgs/msg/detail/follow_target_estimator__struct.h\n'}
[0.972275] (px4_msgs) StdoutLine: {'line': b'-- Up-to-date: /home/jmj/pro_asp_ws/ws_px4_controls/install/px4_msgs/include/px4_msgs/px4_msgs/msg/detail/sensor_gps__struct.h\n'}
[0.972307] (px4_msgs) StdoutLine: {'line': b'-- Up-to-date: /home/jmj/pro_asp_ws/ws_px4_controls/install/px4_msgs/include/px4_msgs/px4_msgs/msg/detail/magnetometer_bias_estimate__functions.h\n'}
[0.972334] (px4_msgs) StdoutLine: {'line': b'-- Up-to-date: /home/jmj/pro_asp_ws/ws_px4_controls/install/px4_msgs/include/px4_msgs/px4_msgs/msg/detail/vehicle_command__type_support.h\n'}
[0.972360] (px4_msgs) StdoutLine: {'line': b'-- Up-to-date: /home/jmj/pro_asp_ws/ws_px4_controls/install/px4_msgs/include/px4_msgs/px4_msgs/msg/detail/debug_value__functions.h\n'}
[0.972385] (px4_msgs) StdoutLine: {'line': b'-- Up-to-date: /home/jmj/pro_asp_ws/ws_px4_controls/install/px4_msgs/include/px4_msgs/px4_msgs/msg/detail/orbit_status__struct.h\n'}
[0.972409] (px4_msgs) StdoutLine: {'line': b'-- Up-to-date: /home/jmj/pro_asp_ws/ws_px4_controls/install/px4_msgs/include/px4_msgs/px4_msgs/msg/detail/event__functions.c\n'}
[0.972462] (px4_msgs) StdoutLine: {'line': b'-- Up-to-date: /home/jmj/pro_asp_ws/ws_px4_controls/install/px4_msgs/include/px4_msgs/px4_msgs/msg/detail/sensor_gyro_fifo__functions.c\n'}
[0.972488] (px4_msgs) StdoutLine: {'line': b'-- Up-to-date: /home/jmj/pro_asp_ws/ws_px4_controls/install/px4_msgs/include/px4_msgs/px4_msgs/msg/detail/sensor_preflight_mag__functions.c\n'}
[0.972513] (px4_msgs) StdoutLine: {'line': b'-- Up-to-date: /home/jmj/pro_asp_ws/ws_px4_controls/install/px4_msgs/include/px4_msgs/px4_msgs/msg/detail/follow_target__functions.h\n'}
[0.972537] (px4_msgs) StdoutLine: {'line': b'-- Up-to-date: /home/jmj/pro_asp_ws/ws_px4_controls/install/px4_msgs/include/px4_msgs/px4_msgs/msg/detail/dataman_request__functions.c\n'}
[0.972561] (px4_msgs) StdoutLine: {'line': b'-- Up-to-date: /home/jmj/pro_asp_ws/ws_px4_controls/install/px4_msgs/include/px4_msgs/px4_msgs/msg/detail/open_drone_id_operator_id__functions.h\n'}
[0.972584] (px4_msgs) StdoutLine: {'line': b'-- Up-to-date: /home/jmj/pro_asp_ws/ws_px4_controls/install/px4_msgs/include/px4_msgs/px4_msgs/msg/detail/vehicle_global_position__functions.c\n'}
[0.972609] (px4_msgs) StdoutLine: {'line': b'-- Up-to-date: /home/jmj/pro_asp_ws/ws_px4_controls/install/px4_msgs/include/px4_msgs/px4_msgs/msg/detail/vehicle_imu_status__struct.h\n'}
[0.972633] (px4_msgs) StdoutLine: {'line': b'-- Up-to-date: /home/jmj/pro_asp_ws/ws_px4_controls/install/px4_msgs/include/px4_msgs/px4_msgs/msg/detail/event__struct.h\n'}
[0.972657] (px4_msgs) StdoutLine: {'line': b'-- Up-to-date: /home/jmj/pro_asp_ws/ws_px4_controls/install/px4_msgs/include/px4_msgs/px4_msgs/msg/detail/actuator_motors__type_support.h\n'}
[0.972682] (px4_msgs) StdoutLine: {'line': b'-- Up-to-date: /home/jmj/pro_asp_ws/ws_px4_controls/install/px4_msgs/include/px4_msgs/px4_msgs/msg/detail/gimbal_manager_status__struct.h\n'}
[0.972731] (px4_msgs) StdoutLine: {'line': b'-- Up-to-date: /home/jmj/pro_asp_ws/ws_px4_controls/install/px4_msgs/include/px4_msgs/px4_msgs/msg/detail/estimator_status__functions.c\n'}
[0.972795] (px4_msgs) StdoutLine: {'line': b'-- Up-to-date: /home/jmj/pro_asp_ws/ws_px4_controls/install/px4_msgs/include/px4_msgs/px4_msgs/msg/detail/pure_pursuit_status__type_support.h\n'}
[0.972821] (px4_msgs) StdoutLine: {'line': b'-- Up-to-date: /home/jmj/pro_asp_ws/ws_px4_controls/install/px4_msgs/include/px4_msgs/px4_msgs/msg/detail/actuator_test__functions.h\n'}
[0.972846] (px4_msgs) StdoutLine: {'line': b'-- Up-to-date: /home/jmj/pro_asp_ws/ws_px4_controls/install/px4_msgs/include/px4_msgs/px4_msgs/msg/detail/sensors_status__type_support.h\n'}
[0.972871] (px4_msgs) StdoutLine: {'line': b'-- Up-to-date: /home/jmj/pro_asp_ws/ws_px4_controls/install/px4_msgs/include/px4_msgs/px4_msgs/msg/detail/heater_status__functions.h\n'}
[0.972896] (px4_msgs) StdoutLine: {'line': b'-- Up-to-date: /home/jmj/pro_asp_ws/ws_px4_controls/install/px4_msgs/include/px4_msgs/px4_msgs/msg/detail/rover_attitude_setpoint__struct.h\n'}
[0.972923] (px4_msgs) StdoutLine: {'line': b'-- Up-to-date: /home/jmj/pro_asp_ws/ws_px4_controls/install/px4_msgs/include/px4_msgs/px4_msgs/msg/detail/trajectory_setpoint6dof__struct.h\n'}
[0.972975] (px4_msgs) StdoutLine: {'line': b'-- Up-to-date: /home/jmj/pro_asp_ws/ws_px4_controls/install/px4_msgs/include/px4_msgs/px4_msgs/msg/detail/gpio_out__functions.h\n'}
[0.973043] (px4_msgs) StdoutLine: {'line': b'-- Up-to-date: /home/jmj/pro_asp_ws/ws_px4_controls/install/px4_msgs/include/px4_msgs/px4_msgs/msg/detail/vehicle_angular_velocity__struct.h\n'}
[0.973097] (px4_msgs) StdoutLine: {'line': b'-- Up-to-date: /home/jmj/pro_asp_ws/ws_px4_controls/install/px4_msgs/include/px4_msgs/px4_msgs/msg/detail/vehicle_imu_status__functions.h\n'}
[0.973124] (px4_msgs) StdoutLine: {'line': b'-- Up-to-date: /home/jmj/pro_asp_ws/ws_px4_controls/install/px4_msgs/include/px4_msgs/px4_msgs/msg/detail/rpm__struct.h\n'}
[0.973150] (px4_msgs) StdoutLine: {'line': b'-- Up-to-date: /home/jmj/pro_asp_ws/ws_px4_controls/install/px4_msgs/include/px4_msgs/px4_msgs/msg/detail/magnetometer_bias_estimate__functions.c\n'}
[0.973184] (px4_msgs) StdoutLine: {'line': b'-- Up-to-date: /home/jmj/pro_asp_ws/ws_px4_controls/install/px4_msgs/include/px4_msgs/px4_msgs/msg/detail/tune_control__struct.h\n'}
[0.973209] (px4_msgs) StdoutLine: {'line': b'-- Up-to-date: /home/jmj/pro_asp_ws/ws_px4_controls/install/px4_msgs/include/px4_msgs/px4_msgs/msg/detail/normalized_unsigned_setpoint__struct.h\n'}
[0.973233] (px4_msgs) StdoutLine: {'line': b'-- Up-to-date: /home/jmj/pro_asp_ws/ws_px4_controls/install/px4_msgs/include/px4_msgs/px4_msgs/msg/detail/cellular_status__type_support.h\n'}
[0.973258] (px4_msgs) StdoutLine: {'line': b'-- Up-to-date: /home/jmj/pro_asp_ws/ws_px4_controls/install/px4_msgs/include/px4_msgs/px4_msgs/msg/detail/uavcan_parameter_request__functions.c\n'}
[0.973282] (px4_msgs) StdoutLine: {'line': b'-- Up-to-date: /home/jmj/pro_asp_ws/ws_px4_controls/install/px4_msgs/include/px4_msgs/px4_msgs/msg/detail/gimbal_device_information__type_support.h\n'}
[0.973306] (px4_msgs) StdoutLine: {'line': b'-- Up-to-date: /home/jmj/pro_asp_ws/ws_px4_controls/install/px4_msgs/include/px4_msgs/px4_msgs/msg/detail/actuator_controls_status__functions.c\n'}
[0.973329] (px4_msgs) StdoutLine: {'line': b'-- Up-to-date: /home/jmj/pro_asp_ws/ws_px4_controls/install/px4_msgs/include/px4_msgs/px4_msgs/msg/detail/vehicle_odometry__functions.c\n'}
[0.973353] (px4_msgs) StdoutLine: {'line': b'-- Up-to-date: /home/jmj/pro_asp_ws/ws_px4_controls/install/px4_msgs/include/px4_msgs/px4_msgs/msg/detail/esc_status__functions.c\n'}
[0.973378] (px4_msgs) StdoutLine: {'line': b'-- Up-to-date: /home/jmj/pro_asp_ws/ws_px4_controls/install/px4_msgs/include/px4_msgs/px4_msgs/msg/detail/wheel_encoders__functions.c\n'}
[0.973403] (px4_msgs) StdoutLine: {'line': b'-- Up-to-date: /home/jmj/pro_asp_ws/ws_px4_controls/install/px4_msgs/include/px4_msgs/px4_msgs/msg/detail/collision_constraints__functions.h\n'}
[0.973429] (px4_msgs) StdoutLine: {'line': b'-- Up-to-date: /home/jmj/pro_asp_ws/ws_px4_controls/install/px4_msgs/include/px4_msgs/px4_msgs/msg/detail/sensor_accel_fifo__struct.h\n'}
[0.973453] (px4_msgs) StdoutLine: {'line': b'-- Up-to-date: /home/jmj/pro_asp_ws/ws_px4_controls/install/px4_msgs/include/px4_msgs/px4_msgs/msg/detail/obstacle_distance__functions.h\n'}
[0.973477] (px4_msgs) StdoutLine: {'line': b'-- Up-to-date: /home/jmj/pro_asp_ws/ws_px4_controls/install/px4_msgs/include/px4_msgs/px4_msgs/msg/detail/iridiumsbd_status__type_support.h\n'}
[0.973500] (px4_msgs) StdoutLine: {'line': b'-- Up-to-date: /home/jmj/pro_asp_ws/ws_px4_controls/install/px4_msgs/include/px4_msgs/px4_msgs/msg/detail/camera_trigger__functions.c\n'}
[0.973524] (px4_msgs) StdoutLine: {'line': b'-- Up-to-date: /home/jmj/pro_asp_ws/ws_px4_controls/install/px4_msgs/include/px4_msgs/px4_msgs/msg/detail/open_drone_id_system__functions.h\n'}
[0.973548] (px4_msgs) StdoutLine: {'line': b'-- Up-to-date: /home/jmj/pro_asp_ws/ws_px4_controls/install/px4_msgs/include/px4_msgs/px4_msgs/msg/detail/gpio_in__struct.h\n'}
[0.973587] (px4_msgs) StdoutLine: {'line': b'-- Up-to-date: /home/jmj/pro_asp_ws/ws_px4_controls/install/px4_msgs/include/px4_msgs/px4_msgs/msg/detail/vehicle_local_position__functions.h\n'}
[0.973612] (px4_msgs) StdoutLine: {'line': b'-- Up-to-date: /home/jmj/pro_asp_ws/ws_px4_controls/install/px4_msgs/include/px4_msgs/px4_msgs/msg/detail/qshell_retval__type_support.h\n'}
[0.973636] (px4_msgs) StdoutLine: {'line': b'-- Up-to-date: /home/jmj/pro_asp_ws/ws_px4_controls/install/px4_msgs/include/px4_msgs/px4_msgs/msg/detail/vehicle_constraints__functions.c\n'}
[0.973661] (px4_msgs) StdoutLine: {'line': b'-- Up-to-date: /home/jmj/pro_asp_ws/ws_px4_controls/install/px4_msgs/include/px4_msgs/px4_msgs/msg/detail/sensor_gyro__struct.h\n'}
[0.973685] (px4_msgs) StdoutLine: {'line': b'-- Up-to-date: /home/jmj/pro_asp_ws/ws_px4_controls/install/px4_msgs/include/px4_msgs/px4_msgs/msg/detail/vehicle_angular_acceleration_setpoint__functions.h\n'}
[0.973708] (px4_msgs) StdoutLine: {'line': b'-- Up-to-date: /home/jmj/pro_asp_ws/ws_px4_controls/install/px4_msgs/include/px4_msgs/px4_msgs/msg/detail/vehicle_thrust_setpoint__type_support.h\n'}
[0.973773] (px4_msgs) StdoutLine: {'line': b'-- Up-to-date: /home/jmj/pro_asp_ws/ws_px4_controls/install/px4_msgs/include/px4_msgs/px4_msgs/msg/detail/wind__type_support.h\n'}
[0.973798] (px4_msgs) StdoutLine: {'line': b'-- Up-to-date: /home/jmj/pro_asp_ws/ws_px4_controls/install/px4_msgs/include/px4_msgs/px4_msgs/msg/detail/internal_combustion_engine_status__type_support.h\n'}
[0.973823] (px4_msgs) StdoutLine: {'line': b'-- Up-to-date: /home/jmj/pro_asp_ws/ws_px4_controls/install/px4_msgs/include/px4_msgs/px4_msgs/msg/detail/estimator_status_flags__functions.h\n'}
[0.973848] (px4_msgs) StdoutLine: {'line': b'-- Up-to-date: /home/jmj/pro_asp_ws/ws_px4_controls/install/px4_msgs/include/px4_msgs/px4_msgs/msg/detail/airspeed_wind__struct.h\n'}
[0.973873] (px4_msgs) StdoutLine: {'line': b'-- Up-to-date: /home/jmj/pro_asp_ws/ws_px4_controls/install/px4_msgs/include/px4_msgs/px4_msgs/msg/detail/parameter_update__struct.h\n'}
[0.973975] (px4_msgs) StdoutLine: {'line': b'-- Up-to-date: /home/jmj/pro_asp_ws/ws_px4_controls/install/px4_msgs/include/px4_msgs/px4_msgs/msg/detail/wind__functions.c\n'}
[0.974003] (px4_msgs) StdoutLine: {'line': b'-- Up-to-date: /home/jmj/pro_asp_ws/ws_px4_controls/install/px4_msgs/include/px4_msgs/px4_msgs/msg/detail/vtol_vehicle_status__functions.h\n'}
[0.974028] (px4_msgs) StdoutLine: {'line': b'-- Up-to-date: /home/jmj/pro_asp_ws/ws_px4_controls/install/px4_msgs/include/px4_msgs/px4_msgs/msg/detail/vehicle_angular_acceleration_setpoint__struct.h\n'}
[0.974053] (px4_msgs) StdoutLine: {'line': b'-- Up-to-date: /home/jmj/pro_asp_ws/ws_px4_controls/install/px4_msgs/include/px4_msgs/px4_msgs/msg/detail/navigator_mission_item__type_support.h\n'}
[0.974078] (px4_msgs) StdoutLine: {'line': b'-- Up-to-date: /home/jmj/pro_asp_ws/ws_px4_controls/install/px4_msgs/include/px4_msgs/px4_msgs/msg/detail/manual_control_setpoint__struct.h\n'}
[0.974103] (px4_msgs) StdoutLine: {'line': b'-- Up-to-date: /home/jmj/pro_asp_ws/ws_px4_controls/install/px4_msgs/include/px4_msgs/px4_msgs/msg/detail/autotune_attitude_control_status__type_support.h\n'}
[0.974127] (px4_msgs) StdoutLine: {'line': b'-- Up-to-date: /home/jmj/pro_asp_ws/ws_px4_controls/install/px4_msgs/include/px4_msgs/px4_msgs/msg/detail/rover_velocity_setpoint__type_support.h\n'}
[0.974150] (px4_msgs) StdoutLine: {'line': b'-- Up-to-date: /home/jmj/pro_asp_ws/ws_px4_controls/install/px4_msgs/include/px4_msgs/px4_msgs/msg/detail/vehicle_optical_flow_vel__struct.h\n'}
[0.974174] (px4_msgs) StdoutLine: {'line': b'-- Up-to-date: /home/jmj/pro_asp_ws/ws_px4_controls/install/px4_msgs/include/px4_msgs/px4_msgs/msg/detail/gps_dump__struct.h\n'}
[0.974198] (px4_msgs) StdoutLine: {'line': b'-- Up-to-date: /home/jmj/pro_asp_ws/ws_px4_controls/install/px4_msgs/include/px4_msgs/px4_msgs/msg/detail/wind__functions.h\n'}
[0.974243] (px4_msgs) StdoutLine: {'line': b'-- Up-to-date: /home/jmj/pro_asp_ws/ws_px4_controls/install/px4_msgs/include/px4_msgs/px4_msgs/msg/detail/register_ext_component_reply__struct.h\n'}
[0.974268] (px4_msgs) StdoutLine: {'line': b'-- Up-to-date: /home/jmj/pro_asp_ws/ws_px4_controls/install/px4_msgs/include/px4_msgs/px4_msgs/msg/detail/rtl_status__type_support.h\n'}
[0.974293] (px4_msgs) StdoutLine: {'line': b'-- Up-to-date: /home/jmj/pro_asp_ws/ws_px4_controls/install/px4_msgs/include/px4_msgs/px4_msgs/msg/detail/obstacle_distance__type_support.h\n'}
[0.974317] (px4_msgs) StdoutLine: {'line': b'-- Up-to-date: /home/jmj/pro_asp_ws/ws_px4_controls/install/px4_msgs/include/px4_msgs/px4_msgs/msg/detail/vehicle_imu_status__functions.c\n'}
[0.974341] (px4_msgs) StdoutLine: {'line': b'-- Up-to-date: /home/jmj/pro_asp_ws/ws_px4_controls/install/px4_msgs/include/px4_msgs/px4_msgs/msg/detail/orbit_status__type_support.h\n'}
[0.974365] (px4_msgs) StdoutLine: {'line': b'-- Up-to-date: /home/jmj/pro_asp_ws/ws_px4_controls/install/px4_msgs/include/px4_msgs/px4_msgs/msg/detail/power_button_state__struct.h\n'}
[0.974389] (px4_msgs) StdoutLine: {'line': b'-- Up-to-date: /home/jmj/pro_asp_ws/ws_px4_controls/install/px4_msgs/include/px4_msgs/px4_msgs/msg/detail/vehicle_rates_setpoint__functions.c\n'}
[0.974498] (px4_msgs) StdoutLine: {'line': b'-- Up-to-date: /home/jmj/pro_asp_ws/ws_px4_controls/install/px4_msgs/include/px4_msgs/px4_msgs/msg/detail/rtl_status__functions.h\n'}
[0.974523] (px4_msgs) StdoutLine: {'line': b'-- Up-to-date: /home/jmj/pro_asp_ws/ws_px4_controls/install/px4_msgs/include/px4_msgs/px4_msgs/msg/detail/failure_detector_status__struct.h\n'}
[0.974549] (px4_msgs) StdoutLine: {'line': b'-- Up-to-date: /home/jmj/pro_asp_ws/ws_px4_controls/install/px4_msgs/include/px4_msgs/px4_msgs/msg/detail/vehicle_land_detected__functions.h\n'}
[0.974573] (px4_msgs) StdoutLine: {'line': b'-- Up-to-date: /home/jmj/pro_asp_ws/ws_px4_controls/install/px4_msgs/include/px4_msgs/px4_msgs/msg/detail/vehicle_acceleration__functions.c\n'}
[0.974598] (px4_msgs) StdoutLine: {'line': b'-- Up-to-date: /home/jmj/pro_asp_ws/ws_px4_controls/install/px4_msgs/include/px4_msgs/px4_msgs/msg/detail/landing_target_pose__functions.h\n'}
[0.974630] (px4_msgs) StdoutLine: {'line': b'-- Up-to-date: /home/jmj/pro_asp_ws/ws_px4_controls/install/px4_msgs/include/px4_msgs/px4_msgs/msg/detail/obstacle_distance__struct.h\n'}
[0.974659] (px4_msgs) StdoutLine: {'line': b'-- Up-to-date: /home/jmj/pro_asp_ws/ws_px4_controls/install/px4_msgs/include/px4_msgs/px4_msgs/msg/detail/sensor_baro__functions.h\n'}
[0.974686] (px4_msgs) StdoutLine: {'line': b'-- Up-to-date: /home/jmj/pro_asp_ws/ws_px4_controls/install/px4_msgs/include/px4_msgs/px4_msgs/msg/detail/telemetry_status__functions.h\n'}
[0.974711] (px4_msgs) StdoutLine: {'line': b'-- Up-to-date: /home/jmj/pro_asp_ws/ws_px4_controls/install/px4_msgs/include/px4_msgs/px4_msgs/msg/detail/system_power__functions.c\n'}
[0.974737] (px4_msgs) StdoutLine: {'line': b'-- Up-to-date: /home/jmj/pro_asp_ws/ws_px4_controls/install/px4_msgs/include/px4_msgs/px4_msgs/msg/detail/mavlink_log__functions.c\n'}
[0.974762] (px4_msgs) StdoutLine: {'line': b'-- Up-to-date: /home/jmj/pro_asp_ws/ws_px4_controls/install/px4_msgs/include/px4_msgs/px4_msgs/msg/detail/mavlink_tunnel__functions.h\n'}
[0.974785] (px4_msgs) StdoutLine: {'line': b'-- Up-to-date: /home/jmj/pro_asp_ws/ws_px4_controls/install/px4_msgs/include/px4_msgs/px4_msgs/msg/detail/sensors_status_imu__functions.h\n'}
[0.974855] (px4_msgs) StdoutLine: {'line': b'-- Up-to-date: /home/jmj/pro_asp_ws/ws_px4_controls/install/px4_msgs/include/px4_msgs/px4_msgs/msg/detail/mount_orientation__struct.h\n'}
[0.974881] (px4_msgs) StdoutLine: {'line': b'-- Up-to-date: /home/jmj/pro_asp_ws/ws_px4_controls/install/px4_msgs/include/px4_msgs/px4_msgs/msg/detail/cellular_status__functions.c\n'}
[0.974907] (px4_msgs) StdoutLine: {'line': b'-- Up-to-date: /home/jmj/pro_asp_ws/ws_px4_controls/install/px4_msgs/include/px4_msgs/px4_msgs/msg/detail/failure_detector_status__functions.c\n'}
[0.974932] (px4_msgs) StdoutLine: {'line': b'-- Up-to-date: /home/jmj/pro_asp_ws/ws_px4_controls/install/px4_msgs/include/px4_msgs/px4_msgs/msg/detail/ekf2_timestamps__functions.c\n'}
[0.975003] (px4_msgs) StdoutLine: {'line': b'-- Up-to-date: /home/jmj/pro_asp_ws/ws_px4_controls/install/px4_msgs/include/px4_msgs/px4_msgs/msg/detail/rover_throttle_setpoint__functions.h\n'}
[0.975029] (px4_msgs) StdoutLine: {'line': b'-- Up-to-date: /home/jmj/pro_asp_ws/ws_px4_controls/install/px4_msgs/include/px4_msgs/px4_msgs/msg/detail/ping__functions.c\n'}
[0.975053] (px4_msgs) StdoutLine: {'line': b'-- Up-to-date: /home/jmj/pro_asp_ws/ws_px4_controls/install/px4_msgs/include/px4_msgs/px4_msgs/msg/detail/gps_inject_data__functions.c\n'}
[0.975078] (px4_msgs) StdoutLine: {'line': b'-- Up-to-date: /home/jmj/pro_asp_ws/ws_px4_controls/install/px4_msgs/include/px4_msgs/px4_msgs/msg/detail/rover_rate_status__type_support.h\n'}
[0.975101] (px4_msgs) StdoutLine: {'line': b'-- Up-to-date: /home/jmj/pro_asp_ws/ws_px4_controls/install/px4_msgs/include/px4_msgs/px4_msgs/msg/detail/gpio_config__struct.h\n'}
[0.975127] (px4_msgs) StdoutLine: {'line': b'-- Up-to-date: /home/jmj/pro_asp_ws/ws_px4_controls/install/px4_msgs/include/px4_msgs/px4_msgs/msg/detail/vehicle_attitude_setpoint__type_support.h\n'}
[0.975177] (px4_msgs) StdoutLine: {'line': b'-- Up-to-date: /home/jmj/pro_asp_ws/ws_px4_controls/install/px4_msgs/include/px4_msgs/px4_msgs/msg/detail/vehicle_acceleration__type_support.h\n'}
[0.975202] (px4_msgs) StdoutLine: {'line': b'-- Up-to-date: /home/jmj/pro_asp_ws/ws_px4_controls/install/px4_msgs/include/px4_msgs/px4_msgs/msg/detail/onboard_computer_status__struct.h\n'}
[0.975229] (px4_msgs) StdoutLine: {'line': b'-- Up-to-date: /home/jmj/pro_asp_ws/ws_px4_controls/install/px4_msgs/include/px4_msgs/px4_msgs/msg/detail/cpuload__functions.h\n'}
[0.975534] (px4_msgs) StdoutLine: {'line': b'-- Up-to-date: /home/jmj/pro_asp_ws/ws_px4_controls/install/px4_msgs/include/px4_msgs/px4_msgs/msg/detail/gimbal_manager_status__functions.h\n'}
[0.975751] (px4_msgs) StdoutLine: {'line': b'-- Up-to-date: /home/jmj/pro_asp_ws/ws_px4_controls/install/px4_msgs/include/px4_msgs/px4_msgs/msg/detail/tiltrotor_extra_controls__functions.c\n'}
[0.975912] (px4_msgs) StdoutLine: {'line': b'-- Up-to-date: /home/jmj/pro_asp_ws/ws_px4_controls/install/px4_msgs/include/px4_msgs/px4_msgs/msg/detail/actuator_servos__functions.h\n'}
[0.976071] (px4_msgs) StdoutLine: {'line': b'-- Up-to-date: /home/jmj/pro_asp_ws/ws_px4_controls/install/px4_msgs/include/px4_msgs/px4_msgs/msg/detail/estimator_sensor_bias__struct.h\n'}
[0.976271] (px4_msgs) StdoutLine: {'line': b'-- Up-to-date: /home/jmj/pro_asp_ws/ws_px4_controls/install/px4_msgs/include/px4_msgs/px4_msgs/msg/detail/follow_target__type_support.h\n'}
[0.976443] (px4_msgs) StdoutLine: {'line': b'-- Up-to-date: /home/jmj/pro_asp_ws/ws_px4_controls/install/px4_msgs/include/px4_msgs/px4_msgs/msg/detail/rover_attitude_setpoint__functions.c\n'}
[0.976495] (px4_msgs) StdoutLine: {'line': b'-- Up-to-date: /home/jmj/pro_asp_ws/ws_px4_controls/install/px4_msgs/include/px4_msgs/px4_msgs/msg/detail/heater_status__functions.c\n'}
[0.976533] (px4_msgs) StdoutLine: {'line': b'-- Up-to-date: /home/jmj/pro_asp_ws/ws_px4_controls/install/px4_msgs/include/px4_msgs/px4_msgs/msg/detail/open_drone_id_self_id__functions.h\n'}
[0.976561] (px4_msgs) StdoutLine: {'line': b'-- Up-to-date: /home/jmj/pro_asp_ws/ws_px4_controls/install/px4_msgs/include/px4_msgs/px4_msgs/msg/detail/estimator_gps_status__functions.h\n'}
[0.976591] (px4_msgs) StdoutLine: {'line': b'-- Up-to-date: /home/jmj/pro_asp_ws/ws_px4_controls/install/px4_msgs/include/px4_msgs/px4_msgs/msg/detail/sensor_gyro_fifo__type_support.h\n'}
[0.976623] (px4_msgs) StdoutLine: {'line': b'-- Up-to-date: /home/jmj/pro_asp_ws/ws_px4_controls/install/px4_msgs/include/px4_msgs/px4_msgs/msg/detail/qshell_req__functions.c\n'}
[0.976657] (px4_msgs) StdoutLine: {'line': b'-- Up-to-date: /home/jmj/pro_asp_ws/ws_px4_controls/install/px4_msgs/include/px4_msgs/px4_msgs/msg/detail/autotune_attitude_control_status__functions.h\n'}
[0.976685] (px4_msgs) StdoutLine: {'line': b'-- Up-to-date: /home/jmj/pro_asp_ws/ws_px4_controls/install/px4_msgs/include/px4_msgs/px4_msgs/msg/detail/action_request__type_support.h\n'}
[0.976711] (px4_msgs) StdoutLine: {'line': b'-- Up-to-date: /home/jmj/pro_asp_ws/ws_px4_controls/install/px4_msgs/include/px4_msgs/px4_msgs/msg/detail/actuator_motors__functions.c\n'}
[0.976738] (px4_msgs) StdoutLine: {'line': b'-- Up-to-date: /home/jmj/pro_asp_ws/ws_px4_controls/install/px4_msgs/include/px4_msgs/px4_msgs/msg/detail/launch_detection_status__type_support.h\n'}
[0.976764] (px4_msgs) StdoutLine: {'line': b'-- Up-to-date: /home/jmj/pro_asp_ws/ws_px4_controls/install/px4_msgs/include/px4_msgs/px4_msgs/msg/detail/qshell_retval__functions.h\n'}
[0.976791] (px4_msgs) StdoutLine: {'line': b'-- Up-to-date: /home/jmj/pro_asp_ws/ws_px4_controls/install/px4_msgs/include/px4_msgs/px4_msgs/msg/detail/lateral_control_configuration__type_support.h\n'}
[0.976865] (px4_msgs) StdoutLine: {'line': b'-- Up-to-date: /home/jmj/pro_asp_ws/ws_px4_controls/install/px4_msgs/include/px4_msgs/px4_msgs/msg/detail/gimbal_controls__functions.c\n'}
[0.976909] (px4_msgs) StdoutLine: {'line': b'-- Up-to-date: /home/jmj/pro_asp_ws/ws_px4_controls/install/px4_msgs/include/px4_msgs/px4_msgs/msg/detail/geofence_result__struct.h\n'}
[0.977072] (px4_msgs) StdoutLine: {'line': b'-- Up-to-date: /home/jmj/pro_asp_ws/ws_px4_controls/install/px4_msgs/include/px4_msgs/px4_msgs/msg/detail/velocity_limits__type_support.h\n'}
[0.977164] (px4_msgs) StdoutLine: {'line': b'-- Up-to-date: /home/jmj/pro_asp_ws/ws_px4_controls/install/px4_msgs/include/px4_msgs/px4_msgs/msg/detail/sensors_status__functions.c\n'}
[0.977211] (px4_msgs) StdoutLine: {'line': b'-- Up-to-date: /home/jmj/pro_asp_ws/ws_px4_controls/install/px4_msgs/include/px4_msgs/px4_msgs/msg/detail/register_ext_component_reply__functions.h\n'}
[0.977263] (px4_msgs) StdoutLine: {'line': b'-- Up-to-date: /home/jmj/pro_asp_ws/ws_px4_controls/install/px4_msgs/include/px4_msgs/px4_msgs/msg/detail/vehicle_imu__functions.h\n'}
[0.977310] (px4_msgs) StdoutLine: {'line': b'-- Up-to-date: /home/jmj/pro_asp_ws/ws_px4_controls/install/px4_msgs/include/px4_msgs/px4_msgs/msg/detail/sensors_status__struct.h\n'}
[0.977336] (px4_msgs) StdoutLine: {'line': b'-- Up-to-date: /home/jmj/pro_asp_ws/ws_px4_controls/install/px4_msgs/include/px4_msgs/px4_msgs/msg/detail/vehicle_command__functions.h\n'}
[0.977363] (px4_msgs) StdoutLine: {'line': b'-- Up-to-date: /home/jmj/pro_asp_ws/ws_px4_controls/install/px4_msgs/include/px4_msgs/px4_msgs/msg/detail/gimbal_manager_set_manual_control__struct.h\n'}
[0.977389] (px4_msgs) StdoutLine: {'line': b'-- Up-to-date: /home/jmj/pro_asp_ws/ws_px4_controls/install/px4_msgs/include/px4_msgs/px4_msgs/msg/detail/mag_worker_data__functions.h\n'}
[0.977415] (px4_msgs) StdoutLine: {'line': b'-- Up-to-date: /home/jmj/pro_asp_ws/ws_px4_controls/install/px4_msgs/include/px4_msgs/px4_msgs/msg/detail/estimator_innovations__functions.c\n'}
[0.977441] (px4_msgs) StdoutLine: {'line': b'-- Up-to-date: /home/jmj/pro_asp_ws/ws_px4_controls/install/px4_msgs/include/px4_msgs/px4_msgs/msg/detail/config_overrides__functions.h\n'}
[0.977580] (px4_msgs) StdoutLine: {'line': b'-- Up-to-date: /home/jmj/pro_asp_ws/ws_px4_controls/install/px4_msgs/include/px4_msgs/px4_msgs/msg/detail/transponder_report__struct.h\n'}
[0.977624] (px4_msgs) StdoutLine: {'line': b'-- Up-to-date: /home/jmj/pro_asp_ws/ws_px4_controls/install/px4_msgs/include/px4_msgs/px4_msgs/msg/detail/onboard_computer_status__functions.h\n'}
[0.977713] (px4_msgs) StdoutLine: {'line': b'-- Up-to-date: /home/jmj/pro_asp_ws/ws_px4_controls/install/px4_msgs/include/px4_msgs/px4_msgs/msg/detail/trajectory_setpoint__functions.c\n'}
[0.977754] (px4_msgs) StdoutLine: {'line': b'-- Up-to-date: /home/jmj/pro_asp_ws/ws_px4_controls/install/px4_msgs/include/px4_msgs/px4_msgs/msg/detail/differential_pressure__functions.c\n'}
[0.977789] (px4_msgs) StdoutLine: {'line': b'-- Up-to-date: /home/jmj/pro_asp_ws/ws_px4_controls/install/px4_msgs/include/px4_msgs/px4_msgs/msg/detail/longitudinal_control_configuration__functions.c\n'}
[0.977856] (px4_msgs) StdoutLine: {'line': b'-- Up-to-date: /home/jmj/pro_asp_ws/ws_px4_controls/install/px4_msgs/include/px4_msgs/px4_msgs/msg/detail/sensor_uwb__struct.h\n'}
[0.977884] (px4_msgs) StdoutLine: {'line': b'-- Up-to-date: /home/jmj/pro_asp_ws/ws_px4_controls/install/px4_msgs/include/px4_msgs/px4_msgs/msg/detail/vehicle_constraints__type_support.h\n'}
[0.977911] (px4_msgs) StdoutLine: {'line': b'-- Up-to-date: /home/jmj/pro_asp_ws/ws_px4_controls/install/px4_msgs/include/px4_msgs/px4_msgs/msg/detail/action_request__functions.c\n'}
[0.977936] (px4_msgs) StdoutLine: {'line': b'-- Up-to-date: /home/jmj/pro_asp_ws/ws_px4_controls/install/px4_msgs/include/px4_msgs/px4_msgs/msg/detail/pure_pursuit_status__struct.h\n'}
[0.978055] (px4_msgs) StdoutLine: {'line': b'-- Up-to-date: /home/jmj/pro_asp_ws/ws_px4_controls/install/px4_msgs/include/px4_msgs/px4_msgs/msg/detail/transponder_report__functions.h\n'}
[0.978089] (px4_msgs) StdoutLine: {'line': b'-- Up-to-date: /home/jmj/pro_asp_ws/ws_px4_controls/install/px4_msgs/include/px4_msgs/px4_msgs/msg/detail/task_stack_info__type_support.h\n'}
[0.978125] (px4_msgs) StdoutLine: {'line': b'-- Up-to-date: /home/jmj/pro_asp_ws/ws_px4_controls/install/px4_msgs/include/px4_msgs/px4_msgs/msg/detail/fixed_wing_longitudinal_setpoint__functions.c\n'}
[0.978165] (px4_msgs) StdoutLine: {'line': b'-- Up-to-date: /home/jmj/pro_asp_ws/ws_px4_controls/install/px4_msgs/include/px4_msgs/px4_msgs/msg/detail/input_rc__functions.c\n'}
[0.978200] (px4_msgs) StdoutLine: {'line': b'-- Up-to-date: /home/jmj/pro_asp_ws/ws_px4_controls/install/px4_msgs/include/px4_msgs/px4_msgs/msg/detail/esc_report__functions.c\n'}
[0.978233] (px4_msgs) StdoutLine: {'line': b'-- Up-to-date: /home/jmj/pro_asp_ws/ws_px4_controls/install/px4_msgs/include/px4_msgs/px4_msgs/msg/detail/config_overrides__functions.c\n'}
[0.978257] (px4_msgs) StdoutLine: {'line': b'-- Up-to-date: /home/jmj/pro_asp_ws/ws_px4_controls/install/px4_msgs/include/px4_msgs/px4_msgs/msg/detail/estimator_states__struct.h\n'}
[0.978282] (px4_msgs) StdoutLine: {'line': b'-- Up-to-date: /home/jmj/pro_asp_ws/ws_px4_controls/install/px4_msgs/include/px4_msgs/px4_msgs/msg/detail/ulog_stream__struct.h\n'}
[0.978307] (px4_msgs) StdoutLine: {'line': b'-- Up-to-date: /home/jmj/pro_asp_ws/ws_px4_controls/install/px4_msgs/include/px4_msgs/px4_msgs/msg/detail/rc_parameter_map__functions.c\n'}
[0.978432] (px4_msgs) StdoutLine: {'line': b'-- Up-to-date: /home/jmj/pro_asp_ws/ws_px4_controls/install/px4_msgs/include/px4_msgs/px4_msgs/msg/detail/gimbal_device_set_attitude__type_support.h\n'}
[0.978476] (px4_msgs) StdoutLine: {'line': b'-- Up-to-date: /home/jmj/pro_asp_ws/ws_px4_controls/install/px4_msgs/include/px4_msgs/px4_msgs/msg/detail/lateral_control_configuration__functions.c\n'}
[0.978513] (px4_msgs) StdoutLine: {'line': b'-- Up-to-date: /home/jmj/pro_asp_ws/ws_px4_controls/install/px4_msgs/include/px4_msgs/px4_msgs/msg/detail/timesync_status__functions.c\n'}
[0.978623] (px4_msgs) StdoutLine: {'line': b'-- Up-to-date: /home/jmj/pro_asp_ws/ws_px4_controls/install/px4_msgs/include/px4_msgs/px4_msgs/msg/detail/gpio_in__functions.c\n'}
[0.978669] (px4_msgs) StdoutLine: {'line': b'-- Up-to-date: /home/jmj/pro_asp_ws/ws_px4_controls/install/px4_msgs/include/px4_msgs/px4_msgs/msg/detail/figure_eight_status__struct.h\n'}
[0.978712] (px4_msgs) StdoutLine: {'line': b'-- Up-to-date: /home/jmj/pro_asp_ws/ws_px4_controls/install/px4_msgs/include/px4_msgs/px4_msgs/msg/detail/debug_vect__struct.h\n'}
[0.978740] (px4_msgs) StdoutLine: {'line': b'-- Up-to-date: /home/jmj/pro_asp_ws/ws_px4_controls/install/px4_msgs/include/px4_msgs/px4_msgs/msg/detail/gps_dump__functions.c\n'}
[0.978766] (px4_msgs) StdoutLine: {'line': b'-- Up-to-date: /home/jmj/pro_asp_ws/ws_px4_controls/install/px4_msgs/include/px4_msgs/px4_msgs/msg/detail/rover_attitude_setpoint__functions.h\n'}
[0.978793] (px4_msgs) StdoutLine: {'line': b'-- Up-to-date: /home/jmj/pro_asp_ws/ws_px4_controls/install/px4_msgs/include/px4_msgs/px4_msgs/msg/detail/landing_gear__type_support.h\n'}
[0.978819] (px4_msgs) StdoutLine: {'line': b'-- Up-to-date: /home/jmj/pro_asp_ws/ws_px4_controls/install/px4_msgs/include/px4_msgs/px4_msgs/msg/detail/vehicle_command_ack__type_support.h\n'}
[0.978844] (px4_msgs) StdoutLine: {'line': b'-- Up-to-date: /home/jmj/pro_asp_ws/ws_px4_controls/install/px4_msgs/include/px4_msgs/px4_msgs/msg/detail/follow_target_status__struct.h\n'}
[0.978869] (px4_msgs) StdoutLine: {'line': b'-- Up-to-date: /home/jmj/pro_asp_ws/ws_px4_controls/install/px4_msgs/include/px4_msgs/px4_msgs/msg/detail/estimator_status_flags__type_support.h\n'}
[0.978905] (px4_msgs) StdoutLine: {'line': b'-- Up-to-date: /home/jmj/pro_asp_ws/ws_px4_controls/install/px4_msgs/include/px4_msgs/px4_msgs/msg/detail/estimator_status__struct.h\n'}
[0.978933] (px4_msgs) StdoutLine: {'line': b'-- Up-to-date: /home/jmj/pro_asp_ws/ws_px4_controls/install/px4_msgs/include/px4_msgs/px4_msgs/msg/detail/rtl_time_estimate__functions.c\n'}
[0.979028] (px4_msgs) StdoutLine: {'line': b'-- Up-to-date: /home/jmj/pro_asp_ws/ws_px4_controls/install/px4_msgs/include/px4_msgs/px4_msgs/msg/detail/irlock_report__type_support.h\n'}
[0.979058] (px4_msgs) StdoutLine: {'line': b'-- Up-to-date: /home/jmj/pro_asp_ws/ws_px4_controls/install/px4_msgs/include/px4_msgs/px4_msgs/msg/detail/wheel_encoders__type_support.h\n'}
[0.979162] (px4_msgs) StdoutLine: {'line': b'-- Up-to-date: /home/jmj/pro_asp_ws/ws_px4_controls/install/px4_msgs/include/px4_msgs/px4_msgs/msg/detail/vehicle_air_data__struct.h\n'}
[0.979189] (px4_msgs) StdoutLine: {'line': b'-- Up-to-date: /home/jmj/pro_asp_ws/ws_px4_controls/install/px4_msgs/include/px4_msgs/px4_msgs/msg/detail/mavlink_log__struct.h\n'}
[0.979215] (px4_msgs) StdoutLine: {'line': b'-- Up-to-date: /home/jmj/pro_asp_ws/ws_px4_controls/install/px4_msgs/include/px4_msgs/px4_msgs/msg/detail/unregister_ext_component__type_support.h\n'}
[0.979241] (px4_msgs) StdoutLine: {'line': b'-- Up-to-date: /home/jmj/pro_asp_ws/ws_px4_controls/install/px4_msgs/include/px4_msgs/px4_msgs/msg/detail/rover_throttle_setpoint__type_support.h\n'}
[0.979268] (px4_msgs) StdoutLine: {'line': b'-- Up-to-date: /home/jmj/pro_asp_ws/ws_px4_controls/install/px4_msgs/include/px4_msgs/px4_msgs/msg/detail/position_setpoint__functions.h\n'}
[0.979294] (px4_msgs) StdoutLine: {'line': b'-- Up-to-date: /home/jmj/pro_asp_ws/ws_px4_controls/install/px4_msgs/include/px4_msgs/px4_msgs/msg/detail/figure_eight_status__type_support.h\n'}
[0.979319] (px4_msgs) StdoutLine: {'line': b'-- Up-to-date: /home/jmj/pro_asp_ws/ws_px4_controls/install/px4_msgs/include/px4_msgs/px4_msgs/msg/detail/arming_check_reply__struct.h\n'}
[0.979345] (px4_msgs) StdoutLine: {'line': b'-- Up-to-date: /home/jmj/pro_asp_ws/ws_px4_controls/install/px4_msgs/include/px4_msgs/px4_msgs/msg/detail/pps_capture__functions.h\n'}
[0.979370] (px4_msgs) StdoutLine: {'line': b'-- Up-to-date: /home/jmj/pro_asp_ws/ws_px4_controls/install/px4_msgs/include/px4_msgs/px4_msgs/msg/detail/position_setpoint__type_support.h\n'}
[0.979399] (px4_msgs) StdoutLine: {'line': b'-- Up-to-date: /home/jmj/pro_asp_ws/ws_px4_controls/install/px4_msgs/include/px4_msgs/px4_msgs/msg/detail/vehicle_angular_acceleration_setpoint__type_support.h\n'}
[0.979443] (px4_msgs) StdoutLine: {'line': b'-- Up-to-date: /home/jmj/pro_asp_ws/ws_px4_controls/install/px4_msgs/include/px4_msgs/px4_msgs/msg/detail/fixed_wing_lateral_setpoint__type_support.h\n'}
[0.979481] (px4_msgs) StdoutLine: {'line': b'-- Up-to-date: /home/jmj/pro_asp_ws/ws_px4_controls/install/px4_msgs/include/px4_msgs/px4_msgs/msg/detail/internal_combustion_engine_control__functions.c\n'}
[0.979516] (px4_msgs) StdoutLine: {'line': b'-- Up-to-date: /home/jmj/pro_asp_ws/ws_px4_controls/install/px4_msgs/include/px4_msgs/px4_msgs/msg/detail/internal_combustion_engine_status__functions.c\n'}
[0.979666] (px4_msgs) StdoutLine: {'line': b'-- Up-to-date: /home/jmj/pro_asp_ws/ws_px4_controls/install/px4_msgs/include/px4_msgs/px4_msgs/msg/detail/gimbal_device_set_attitude__functions.h\n'}
[0.979704] (px4_msgs) StdoutLine: {'line': b'-- Up-to-date: /home/jmj/pro_asp_ws/ws_px4_controls/install/px4_msgs/include/px4_msgs/px4_msgs/msg/detail/register_ext_component_request__functions.c\n'}
[0.979737] (px4_msgs) StdoutLine: {'line': b'-- Up-to-date: /home/jmj/pro_asp_ws/ws_px4_controls/install/px4_msgs/include/px4_msgs/px4_msgs/msg/detail/distance_sensor__type_support.h\n'}
[0.979769] (px4_msgs) StdoutLine: {'line': b'-- Up-to-date: /home/jmj/pro_asp_ws/ws_px4_controls/install/px4_msgs/include/px4_msgs/px4_msgs/msg/detail/yaw_estimator_status__struct.h\n'}
[0.979800] (px4_msgs) StdoutLine: {'line': b'-- Up-to-date: /home/jmj/pro_asp_ws/ws_px4_controls/install/px4_msgs/include/px4_msgs/px4_msgs/msg/detail/tiltrotor_extra_controls__functions.h\n'}
[0.979831] (px4_msgs) StdoutLine: {'line': b'-- Up-to-date: /home/jmj/pro_asp_ws/ws_px4_controls/install/px4_msgs/include/px4_msgs/px4_msgs/msg/detail/fixed_wing_runway_control__struct.h\n'}
[0.979860] (px4_msgs) StdoutLine: {'line': b'-- Up-to-date: /home/jmj/pro_asp_ws/ws_px4_controls/install/px4_msgs/include/px4_msgs/px4_msgs/msg/detail/estimator_innovations__functions.h\n'}
[0.979890] (px4_msgs) StdoutLine: {'line': b'-- Up-to-date: /home/jmj/pro_asp_ws/ws_px4_controls/install/px4_msgs/include/px4_msgs/px4_msgs/msg/detail/sensor_gps__functions.c\n'}
[0.979983] (px4_msgs) StdoutLine: {'line': b'-- Up-to-date: /home/jmj/pro_asp_ws/ws_px4_controls/install/px4_msgs/include/px4_msgs/px4_msgs/msg/detail/rover_throttle_setpoint__struct.h\n'}
[0.980010] (px4_msgs) StdoutLine: {'line': b'-- Up-to-date: /home/jmj/pro_asp_ws/ws_px4_controls/install/px4_msgs/include/px4_msgs/px4_msgs/msg/detail/manual_control_switches__struct.h\n'}
[0.980088] (px4_msgs) StdoutLine: {'line': b'-- Up-to-date: /home/jmj/pro_asp_ws/ws_px4_controls/install/px4_msgs/include/px4_msgs/px4_msgs/msg/detail/sensors_status__functions.h\n'}
[0.980112] (px4_msgs) StdoutLine: {'line': b'-- Up-to-date: /home/jmj/pro_asp_ws/ws_px4_controls/install/px4_msgs/include/px4_msgs/px4_msgs/msg/detail/vehicle_global_position__struct.h\n'}
[0.980134] (px4_msgs) StdoutLine: {'line': b'-- Up-to-date: /home/jmj/pro_asp_ws/ws_px4_controls/install/px4_msgs/include/px4_msgs/px4_msgs/msg/detail/gimbal_manager_set_manual_control__functions.h\n'}
[0.980156] (px4_msgs) StdoutLine: {'line': b'-- Up-to-date: /home/jmj/pro_asp_ws/ws_px4_controls/install/px4_msgs/include/px4_msgs/px4_msgs/msg/detail/gimbal_device_set_attitude__functions.c\n'}
[0.980178] (px4_msgs) StdoutLine: {'line': b'-- Up-to-date: /home/jmj/pro_asp_ws/ws_px4_controls/install/px4_msgs/include/px4_msgs/px4_msgs/msg/detail/task_stack_info__functions.c\n'}
[0.980205] (px4_msgs) StdoutLine: {'line': b'-- Up-to-date: /home/jmj/pro_asp_ws/ws_px4_controls/install/px4_msgs/include/px4_msgs/px4_msgs/msg/detail/vehicle_angular_velocity__functions.h\n'}
[0.980235] (px4_msgs) StdoutLine: {'line': b'-- Up-to-date: /home/jmj/pro_asp_ws/ws_px4_controls/install/px4_msgs/include/px4_msgs/px4_msgs/msg/detail/gripper__functions.c\n'}
[0.980263] (px4_msgs) StdoutLine: {'line': b'-- Up-to-date: /home/jmj/pro_asp_ws/ws_px4_controls/install/px4_msgs/include/px4_msgs/px4_msgs/msg/detail/manual_control_setpoint__functions.h\n'}
[0.980290] (px4_msgs) StdoutLine: {'line': b'-- Up-to-date: /home/jmj/pro_asp_ws/ws_px4_controls/install/px4_msgs/include/px4_msgs/px4_msgs/msg/detail/vehicle_attitude_setpoint__functions.c\n'}
[0.980317] (px4_msgs) StdoutLine: {'line': b'-- Up-to-date: /home/jmj/pro_asp_ws/ws_px4_controls/install/px4_msgs/include/px4_msgs/px4_msgs/msg/detail/vehicle_optical_flow__functions.c\n'}
[0.980342] (px4_msgs) StdoutLine: {'line': b'-- Up-to-date: /home/jmj/pro_asp_ws/ws_px4_controls/install/px4_msgs/include/px4_msgs/px4_msgs/msg/detail/wheel_encoders__functions.h\n'}
[0.980367] (px4_msgs) StdoutLine: {'line': b'-- Up-to-date: /home/jmj/pro_asp_ws/ws_px4_controls/install/px4_msgs/include/px4_msgs/px4_msgs/msg/detail/flight_phase_estimation__struct.h\n'}
[0.980392] (px4_msgs) StdoutLine: {'line': b'-- Up-to-date: /home/jmj/pro_asp_ws/ws_px4_controls/install/px4_msgs/include/px4_msgs/px4_msgs/msg/detail/gpio_request__struct.h\n'}
[0.980419] (px4_msgs) StdoutLine: {'line': b'-- Up-to-date: /home/jmj/pro_asp_ws/ws_px4_controls/install/px4_msgs/include/px4_msgs/px4_msgs/msg/detail/qshell_retval__functions.c\n'}
[0.980447] (px4_msgs) StdoutLine: {'line': b'-- Up-to-date: /home/jmj/pro_asp_ws/ws_px4_controls/install/px4_msgs/include/px4_msgs/px4_msgs/msg/detail/distance_sensor__struct.h\n'}
[0.980473] (px4_msgs) StdoutLine: {'line': b'-- Up-to-date: /home/jmj/pro_asp_ws/ws_px4_controls/install/px4_msgs/include/px4_msgs/px4_msgs/msg/detail/camera_trigger__functions.h\n'}
[0.980498] (px4_msgs) StdoutLine: {'line': b'-- Up-to-date: /home/jmj/pro_asp_ws/ws_px4_controls/install/px4_msgs/include/px4_msgs/px4_msgs/msg/detail/rate_ctrl_status__functions.c\n'}
[0.980528] (px4_msgs) StdoutLine: {'line': b'-- Up-to-date: /home/jmj/pro_asp_ws/ws_px4_controls/install/px4_msgs/include/px4_msgs/px4_msgs/msg/detail/fuel_tank_status__type_support.h\n'}
[0.980557] (px4_msgs) StdoutLine: {'line': b'-- Up-to-date: /home/jmj/pro_asp_ws/ws_px4_controls/install/px4_msgs/include/px4_msgs/px4_msgs/msg/detail/gimbal_manager_set_attitude__functions.c\n'}
[0.980585] (px4_msgs) StdoutLine: {'line': b'-- Up-to-date: /home/jmj/pro_asp_ws/ws_px4_controls/install/px4_msgs/include/px4_msgs/px4_msgs/msg/detail/ulog_stream_ack__functions.c\n'}
[0.980668] (px4_msgs) StdoutLine: {'line': b'-- Up-to-date: /home/jmj/pro_asp_ws/ws_px4_controls/install/px4_msgs/include/px4_msgs/px4_msgs/msg/detail/navigator_mission_item__functions.c\n'}
[0.980695] (px4_msgs) StdoutLine: {'line': b'-- Up-to-date: /home/jmj/pro_asp_ws/ws_px4_controls/install/px4_msgs/include/px4_msgs/px4_msgs/msg/detail/estimator_selector_status__type_support.h\n'}
[0.980718] (px4_msgs) StdoutLine: {'line': b'-- Up-to-date: /home/jmj/pro_asp_ws/ws_px4_controls/install/px4_msgs/include/px4_msgs/px4_msgs/msg/detail/position_controller_status__functions.h\n'}
[0.980740] (px4_msgs) StdoutLine: {'line': b'-- Up-to-date: /home/jmj/pro_asp_ws/ws_px4_controls/install/px4_msgs/include/px4_msgs/px4_msgs/msg/detail/vehicle_optical_flow__functions.h\n'}
[0.980762] (px4_msgs) StdoutLine: {'line': b'-- Up-to-date: /home/jmj/pro_asp_ws/ws_px4_controls/install/px4_msgs/include/px4_msgs/px4_msgs/msg/detail/longitudinal_control_configuration__type_support.h\n'}
[0.980784] (px4_msgs) StdoutLine: {'line': b'-- Up-to-date: /home/jmj/pro_asp_ws/ws_px4_controls/install/px4_msgs/include/px4_msgs/px4_msgs/msg/detail/tune_control__functions.c\n'}
[0.980805] (px4_msgs) StdoutLine: {'line': b'-- Up-to-date: /home/jmj/pro_asp_ws/ws_px4_controls/install/px4_msgs/include/px4_msgs/px4_msgs/msg/detail/iridiumsbd_status__functions.c\n'}
[0.980828] (px4_msgs) StdoutLine: {'line': b'-- Up-to-date: /home/jmj/pro_asp_ws/ws_px4_controls/install/px4_msgs/include/px4_msgs/px4_msgs/msg/detail/actuator_armed__type_support.h\n'}
[0.980875] (px4_msgs) StdoutLine: {'line': b'-- Up-to-date: /home/jmj/pro_asp_ws/ws_px4_controls/install/px4_msgs/include/px4_msgs/px4_msgs/msg/detail/vehicle_global_position__functions.h\n'}
[0.980906] (px4_msgs) StdoutLine: {'line': b'-- Up-to-date: /home/jmj/pro_asp_ws/ws_px4_controls/install/px4_msgs/include/px4_msgs/px4_msgs/msg/detail/estimator_bias__functions.h\n'}
[0.980935] (px4_msgs) StdoutLine: {'line': b'-- Up-to-date: /home/jmj/pro_asp_ws/ws_px4_controls/install/px4_msgs/include/px4_msgs/px4_msgs/msg/detail/vehicle_magnetometer__struct.h\n'}
[0.980970] (px4_msgs) StdoutLine: {'line': b'-- Up-to-date: /home/jmj/pro_asp_ws/ws_px4_controls/install/px4_msgs/include/px4_msgs/px4_msgs/msg/detail/mag_worker_data__struct.h\n'}
[0.981002] (px4_msgs) StdoutLine: {'line': b'-- Up-to-date: /home/jmj/pro_asp_ws/ws_px4_controls/install/px4_msgs/include/px4_msgs/px4_msgs/msg/detail/fixed_wing_lateral_status__struct.h\n'}
[0.981031] (px4_msgs) StdoutLine: {'line': b'-- Up-to-date: /home/jmj/pro_asp_ws/ws_px4_controls/install/px4_msgs/include/px4_msgs/px4_msgs/msg/detail/takeoff_status__functions.h\n'}
[0.981061] (px4_msgs) StdoutLine: {'line': b'-- Up-to-date: /home/jmj/pro_asp_ws/ws_px4_controls/install/px4_msgs/include/px4_msgs/px4_msgs/msg/detail/gimbal_manager_status__type_support.h\n'}
[0.981092] (px4_msgs) StdoutLine: {'line': b'-- Up-to-date: /home/jmj/pro_asp_ws/ws_px4_controls/install/px4_msgs/include/px4_msgs/px4_msgs/msg/detail/parameter_update__functions.c\n'}
[0.981121] (px4_msgs) StdoutLine: {'line': b'-- Up-to-date: /home/jmj/pro_asp_ws/ws_px4_controls/install/px4_msgs/include/px4_msgs/px4_msgs/msg/detail/qshell_req__struct.h\n'}
[0.981152] (px4_msgs) StdoutLine: {'line': b'-- Up-to-date: /home/jmj/pro_asp_ws/ws_px4_controls/install/px4_msgs/include/px4_msgs/px4_msgs/msg/detail/landing_gear_wheel__functions.h\n'}
[0.981181] (px4_msgs) StdoutLine: {'line': b'-- Up-to-date: /home/jmj/pro_asp_ws/ws_px4_controls/install/px4_msgs/include/px4_msgs/px4_msgs/msg/detail/debug_vect__functions.c\n'}
[0.981212] (px4_msgs) StdoutLine: {'line': b'-- Up-to-date: /home/jmj/pro_asp_ws/ws_px4_controls/install/px4_msgs/include/px4_msgs/px4_msgs/msg/detail/position_setpoint__functions.c\n'}
[0.981241] (px4_msgs) StdoutLine: {'line': b'-- Up-to-date: /home/jmj/pro_asp_ws/ws_px4_controls/install/px4_msgs/include/px4_msgs/px4_msgs/msg/detail/actuator_motors__functions.h\n'}
[0.981268] (px4_msgs) StdoutLine: {'line': b'-- Up-to-date: /home/jmj/pro_asp_ws/ws_px4_controls/install/px4_msgs/include/px4_msgs/px4_msgs/msg/detail/arming_check_request__struct.h\n'}
[0.981313] (px4_msgs) StdoutLine: {'line': b'-- Up-to-date: /home/jmj/pro_asp_ws/ws_px4_controls/install/px4_msgs/include/px4_msgs/px4_msgs/msg/detail/tecs_status__functions.c\n'}
[0.981344] (px4_msgs) StdoutLine: {'line': b'-- Up-to-date: /home/jmj/pro_asp_ws/ws_px4_controls/install/px4_msgs/include/px4_msgs/px4_msgs/msg/detail/gps_inject_data__type_support.h\n'}
[0.981374] (px4_msgs) StdoutLine: {'line': b'-- Up-to-date: /home/jmj/pro_asp_ws/ws_px4_controls/install/px4_msgs/include/px4_msgs/px4_msgs/msg/detail/geofence_status__struct.h\n'}
[0.981405] (px4_msgs) StdoutLine: {'line': b'-- Up-to-date: /home/jmj/pro_asp_ws/ws_px4_controls/install/px4_msgs/include/px4_msgs/px4_msgs/msg/detail/gps_inject_data__functions.h\n'}
[0.981434] (px4_msgs) StdoutLine: {'line': b'-- Up-to-date: /home/jmj/pro_asp_ws/ws_px4_controls/install/px4_msgs/include/px4_msgs/px4_msgs/msg/detail/irlock_report__functions.c\n'}
[0.981464] (px4_msgs) StdoutLine: {'line': b'-- Up-to-date: /home/jmj/pro_asp_ws/ws_px4_controls/install/px4_msgs/include/px4_msgs/px4_msgs/msg/detail/trajectory_setpoint6dof__functions.h\n'}
[0.981494] (px4_msgs) StdoutLine: {'line': b'-- Up-to-date: /home/jmj/pro_asp_ws/ws_px4_controls/install/px4_msgs/include/px4_msgs/px4_msgs/msg/detail/rpm__functions.c\n'}
[0.981524] (px4_msgs) StdoutLine: {'line': b'-- Up-to-date: /home/jmj/pro_asp_ws/ws_px4_controls/install/px4_msgs/include/px4_msgs/px4_msgs/msg/detail/heater_status__type_support.h\n'}
[0.981665] (px4_msgs) StdoutLine: {'line': b'-- Up-to-date: /home/jmj/pro_asp_ws/ws_px4_controls/install/px4_msgs/include/px4_msgs/px4_msgs/msg/detail/estimator_selector_status__functions.h\n'}
[0.981699] (px4_msgs) StdoutLine: {'line': b'-- Up-to-date: /home/jmj/pro_asp_ws/ws_px4_controls/install/px4_msgs/include/px4_msgs/px4_msgs/msg/detail/gripper__functions.h\n'}
[0.981731] (px4_msgs) StdoutLine: {'line': b'-- Up-to-date: /home/jmj/pro_asp_ws/ws_px4_controls/install/px4_msgs/include/px4_msgs/px4_msgs/msg/detail/estimator_aid_source2d__struct.h\n'}
[0.981761] (px4_msgs) StdoutLine: {'line': b'-- Up-to-date: /home/jmj/pro_asp_ws/ws_px4_controls/install/px4_msgs/include/px4_msgs/px4_msgs/msg/detail/vehicle_torque_setpoint__struct.h\n'}
[0.981792] (px4_msgs) StdoutLine: {'line': b'-- Up-to-date: /home/jmj/pro_asp_ws/ws_px4_controls/install/px4_msgs/include/px4_msgs/px4_msgs/msg/detail/led_control__functions.h\n'}
[0.981821] (px4_msgs) StdoutLine: {'line': b'-- Up-to-date: /home/jmj/pro_asp_ws/ws_px4_controls/install/px4_msgs/include/px4_msgs/px4_msgs/msg/detail/input_rc__functions.h\n'}
[0.981984] (px4_msgs) StdoutLine: {'line': b'-- Up-to-date: /home/jmj/pro_asp_ws/ws_px4_controls/install/px4_msgs/include/px4_msgs/px4_msgs/msg/detail/flight_phase_estimation__functions.h\n'}
[0.982137] (px4_msgs) StdoutLine: {'line': b'-- Up-to-date: /home/jmj/pro_asp_ws/ws_px4_controls/install/px4_msgs/include/px4_msgs/px4_msgs/msg/detail/generator_status__functions.h\n'}
[0.982171] (px4_msgs) StdoutLine: {'line': b'-- Up-to-date: /home/jmj/pro_asp_ws/ws_px4_controls/install/px4_msgs/include/px4_msgs/px4_msgs/msg/detail/airspeed_wind__functions.h\n'}
[0.982204] (px4_msgs) StdoutLine: {'line': b'-- Up-to-date: /home/jmj/pro_asp_ws/ws_px4_controls/install/px4_msgs/include/px4_msgs/px4_msgs/msg/detail/tiltrotor_extra_controls__type_support.h\n'}
[0.982237] (px4_msgs) StdoutLine: {'line': b'-- Up-to-date: /home/jmj/pro_asp_ws/ws_px4_controls/install/px4_msgs/include/px4_msgs/px4_msgs/msg/detail/ping__struct.h\n'}
[0.982269] (px4_msgs) StdoutLine: {'line': b'-- Up-to-date: /home/jmj/pro_asp_ws/ws_px4_controls/install/px4_msgs/include/px4_msgs/px4_msgs/msg/detail/vehicle_command_ack__functions.c\n'}
[0.982301] (px4_msgs) StdoutLine: {'line': b'-- Up-to-date: /home/jmj/pro_asp_ws/ws_px4_controls/install/px4_msgs/include/px4_msgs/px4_msgs/msg/detail/satellite_info__struct.h\n'}
[0.982332] (px4_msgs) StdoutLine: {'line': b'-- Up-to-date: /home/jmj/pro_asp_ws/ws_px4_controls/install/px4_msgs/include/px4_msgs/px4_msgs/msg/detail/actuator_servos__functions.c\n'}
[0.982522] (px4_msgs) StdoutLine: {'line': b'-- Up-to-date: /home/jmj/pro_asp_ws/ws_px4_controls/install/px4_msgs/include/px4_msgs/px4_msgs/msg/detail/estimator_status_flags__struct.h\n'}
[0.982553] (px4_msgs) StdoutLine: {'line': b'-- Up-to-date: /home/jmj/pro_asp_ws/ws_px4_controls/install/px4_msgs/include/px4_msgs/px4_msgs/msg/detail/rover_rate_status__functions.h\n'}
[0.982587] (px4_msgs) StdoutLine: {'line': b'-- Up-to-date: /home/jmj/pro_asp_ws/ws_px4_controls/install/px4_msgs/include/px4_msgs/px4_msgs/msg/detail/orb_test_large__type_support.h\n'}
[0.982619] (px4_msgs) StdoutLine: {'line': b'-- Up-to-date: /home/jmj/pro_asp_ws/ws_px4_controls/install/px4_msgs/include/px4_msgs/px4_msgs/msg/detail/vehicle_local_position_setpoint__type_support.h\n'}
[0.982650] (px4_msgs) StdoutLine: {'line': b'-- Up-to-date: /home/jmj/pro_asp_ws/ws_px4_controls/install/px4_msgs/include/px4_msgs/px4_msgs/msg/detail/offboard_control_mode__functions.c\n'}
[0.982763] (px4_msgs) StdoutLine: {'line': b'-- Up-to-date: /home/jmj/pro_asp_ws/ws_px4_controls/install/px4_msgs/include/px4_msgs/px4_msgs/msg/detail/trajectory_setpoint__type_support.h\n'}
[0.982798] (px4_msgs) StdoutLine: {'line': b'-- Up-to-date: /home/jmj/pro_asp_ws/ws_px4_controls/install/px4_msgs/include/px4_msgs/px4_msgs/msg/detail/px4io_status__functions.h\n'}
[0.982831] (px4_msgs) StdoutLine: {'line': b'-- Up-to-date: /home/jmj/pro_asp_ws/ws_px4_controls/install/px4_msgs/include/px4_msgs/px4_msgs/msg/detail/home_position__functions.h\n'}
[0.982860] (px4_msgs) StdoutLine: {'line': b'-- Up-to-date: /home/jmj/pro_asp_ws/ws_px4_controls/install/px4_msgs/include/px4_msgs/px4_msgs/msg/detail/open_drone_id_self_id__struct.h\n'}
[0.982890] (px4_msgs) StdoutLine: {'line': b'-- Up-to-date: /home/jmj/pro_asp_ws/ws_px4_controls/install/px4_msgs/include/px4_msgs/px4_msgs/msg/detail/estimator_event_flags__type_support.h\n'}
[0.983023] (px4_msgs) StdoutLine: {'line': b'-- Up-to-date: /home/jmj/pro_asp_ws/ws_px4_controls/install/px4_msgs/include/px4_msgs/px4_msgs/msg/detail/parameter_reset_request__struct.h\n'}
[0.983057] (px4_msgs) StdoutLine: {'line': b'-- Up-to-date: /home/jmj/pro_asp_ws/ws_px4_controls/install/px4_msgs/include/px4_msgs/px4_msgs/msg/detail/flight_phase_estimation__type_support.h\n'}
[0.983099] (px4_msgs) StdoutLine: {'line': b'-- Up-to-date: /home/jmj/pro_asp_ws/ws_px4_controls/install/px4_msgs/include/px4_msgs/px4_msgs/msg/detail/sensor_gps__functions.h\n'}
[0.983124] (px4_msgs) StdoutLine: {'line': b'-- Up-to-date: /home/jmj/pro_asp_ws/ws_px4_controls/install/px4_msgs/include/px4_msgs/px4_msgs/msg/detail/estimator_bias3d__functions.c\n'}
[0.983147] (px4_msgs) StdoutLine: {'line': b'-- Up-to-date: /home/jmj/pro_asp_ws/ws_px4_controls/install/px4_msgs/include/px4_msgs/px4_msgs/msg/detail/dataman_request__type_support.h\n'}
[0.983177] (px4_msgs) StdoutLine: {'line': b'-- Up-to-date: /home/jmj/pro_asp_ws/ws_px4_controls/install/px4_msgs/include/px4_msgs/px4_msgs/msg/detail/follow_target_status__functions.h\n'}
[0.983203] (px4_msgs) StdoutLine: {'line': b'-- Up-to-date: /home/jmj/pro_asp_ws/ws_px4_controls/install/px4_msgs/include/px4_msgs/px4_msgs/msg/detail/parameter_update__functions.h\n'}
[0.983225] (px4_msgs) StdoutLine: {'line': b'-- Up-to-date: /home/jmj/pro_asp_ws/ws_px4_controls/install/px4_msgs/include/px4_msgs/px4_msgs/msg/detail/sensor_baro__struct.h\n'}
[0.983248] (px4_msgs) StdoutLine: {'line': b'-- Up-to-date: /home/jmj/pro_asp_ws/ws_px4_controls/install/px4_msgs/include/px4_msgs/px4_msgs/msg/detail/esc_report__functions.h\n'}
[0.983272] (px4_msgs) StdoutLine: {'line': b'-- Up-to-date: /home/jmj/pro_asp_ws/ws_px4_controls/install/px4_msgs/include/px4_msgs/px4_msgs/msg/detail/collision_constraints__type_support.h\n'}
[0.983298] (px4_msgs) StdoutLine: {'line': b'-- Up-to-date: /home/jmj/pro_asp_ws/ws_px4_controls/install/px4_msgs/include/px4_msgs/px4_msgs/msg/detail/collision_constraints__struct.h\n'}
[0.983324] (px4_msgs) StdoutLine: {'line': b'-- Up-to-date: /home/jmj/pro_asp_ws/ws_px4_controls/install/px4_msgs/include/px4_msgs/px4_msgs/msg/detail/camera_capture__type_support.h\n'}
[0.983349] (px4_msgs) StdoutLine: {'line': b'-- Up-to-date: /home/jmj/pro_asp_ws/ws_px4_controls/install/px4_msgs/include/px4_msgs/px4_msgs/msg/detail/sensor_gyro__functions.h\n'}
[0.983373] (px4_msgs) StdoutLine: {'line': b'-- Up-to-date: /home/jmj/pro_asp_ws/ws_px4_controls/install/px4_msgs/include/px4_msgs/px4_msgs/msg/detail/position_setpoint_triplet__functions.c\n'}
[0.983398] (px4_msgs) StdoutLine: {'line': b'-- Up-to-date: /home/jmj/pro_asp_ws/ws_px4_controls/install/px4_msgs/include/px4_msgs/px4_msgs/msg/detail/sensor_uwb__functions.c\n'}
[0.983423] (px4_msgs) StdoutLine: {'line': b'-- Up-to-date: /home/jmj/pro_asp_ws/ws_px4_controls/install/px4_msgs/include/px4_msgs/px4_msgs/msg/detail/open_drone_id_arm_status__functions.c\n'}
[0.983464] (px4_msgs) StdoutLine: {'line': b'-- Up-to-date: /home/jmj/pro_asp_ws/ws_px4_controls/install/px4_msgs/include/px4_msgs/px4_msgs/msg/detail/figure_eight_status__functions.c\n'}
[0.983490] (px4_msgs) StdoutLine: {'line': b'-- Up-to-date: /home/jmj/pro_asp_ws/ws_px4_controls/install/px4_msgs/include/px4_msgs/px4_msgs/msg/detail/position_controller_status__type_support.h\n'}
[0.983516] (px4_msgs) StdoutLine: {'line': b'-- Up-to-date: /home/jmj/pro_asp_ws/ws_px4_controls/install/px4_msgs/include/px4_msgs/px4_msgs/msg/detail/vehicle_acceleration__struct.h\n'}
[0.983554] (px4_msgs) StdoutLine: {'line': b'-- Up-to-date: /home/jmj/pro_asp_ws/ws_px4_controls/install/px4_msgs/include/px4_msgs/px4_msgs/msg/detail/normalized_unsigned_setpoint__type_support.h\n'}
[0.983606] (px4_msgs) StdoutLine: {'line': b'-- Up-to-date: /home/jmj/pro_asp_ws/ws_px4_controls/install/px4_msgs/include/px4_msgs/px4_msgs/msg/detail/actuator_controls_status__type_support.h\n'}
[0.983635] (px4_msgs) StdoutLine: {'line': b'-- Up-to-date: /home/jmj/pro_asp_ws/ws_px4_controls/install/px4_msgs/include/px4_msgs/px4_msgs/msg/detail/button_event__type_support.h\n'}
[0.983661] (px4_msgs) StdoutLine: {'line': b'-- Up-to-date: /home/jmj/pro_asp_ws/ws_px4_controls/install/px4_msgs/include/px4_msgs/px4_msgs/msg/detail/gimbal_manager_set_attitude__functions.h\n'}
[0.983689] (px4_msgs) StdoutLine: {'line': b'-- Up-to-date: /home/jmj/pro_asp_ws/ws_px4_controls/install/px4_msgs/include/px4_msgs/px4_msgs/msg/detail/orb_test_medium__functions.h\n'}
[0.983745] (px4_msgs) StdoutLine: {'line': b'-- Up-to-date: /home/jmj/pro_asp_ws/ws_px4_controls/install/px4_msgs/include/px4_msgs/px4_msgs/msg/detail/task_stack_info__functions.h\n'}
[0.983770] (px4_msgs) StdoutLine: {'line': b'-- Up-to-date: /home/jmj/pro_asp_ws/ws_px4_controls/install/px4_msgs/include/px4_msgs/px4_msgs/msg/detail/open_drone_id_self_id__functions.c\n'}
[0.983800] (px4_msgs) StdoutLine: {'line': b'-- Up-to-date: /home/jmj/pro_asp_ws/ws_px4_controls/install/px4_msgs/include/px4_msgs/px4_msgs/msg/detail/gpio_in__type_support.h\n'}
[0.983830] (px4_msgs) StdoutLine: {'line': b'-- Up-to-date: /home/jmj/pro_asp_ws/ws_px4_controls/install/px4_msgs/include/px4_msgs/px4_msgs/msg/detail/system_power__type_support.h\n'}
[0.983859] (px4_msgs) StdoutLine: {'line': b'-- Up-to-date: /home/jmj/pro_asp_ws/ws_px4_controls/install/px4_msgs/include/px4_msgs/px4_msgs/msg/detail/orb_test__functions.c\n'}
[0.983905] (px4_msgs) StdoutLine: {'line': b'-- Up-to-date: /home/jmj/pro_asp_ws/ws_px4_controls/install/px4_msgs/include/px4_msgs/px4_msgs/msg/detail/timesync_status__functions.h\n'}
[0.983937] (px4_msgs) StdoutLine: {'line': b'-- Up-to-date: /home/jmj/pro_asp_ws/ws_px4_controls/install/px4_msgs/include/px4_msgs/px4_msgs/msg/detail/log_message__type_support.h\n'}
[0.983971] (px4_msgs) StdoutLine: {'line': b'-- Up-to-date: /home/jmj/pro_asp_ws/ws_px4_controls/install/px4_msgs/include/px4_msgs/px4_msgs/msg/detail/vehicle_command_ack__struct.h\n'}
[0.983998] (px4_msgs) StdoutLine: {'line': b'-- Up-to-date: /home/jmj/pro_asp_ws/ws_px4_controls/install/px4_msgs/include/px4_msgs/px4_msgs/msg/detail/landing_target_pose__struct.h\n'}
[0.984023] (px4_msgs) StdoutLine: {'line': b'-- Up-to-date: /home/jmj/pro_asp_ws/ws_px4_controls/install/px4_msgs/include/px4_msgs/px4_msgs/msg/detail/actuator_servos_trim__functions.h\n'}
[0.984152] (px4_msgs) StdoutLine: {'line': b'-- Up-to-date: /home/jmj/pro_asp_ws/ws_px4_controls/install/px4_msgs/include/px4_msgs/px4_msgs/msg/detail/vehicle_odometry__type_support.h\n'}
[0.984225] (px4_msgs) StdoutLine: {'line': b'-- Up-to-date: /home/jmj/pro_asp_ws/ws_px4_controls/install/px4_msgs/include/px4_msgs/px4_msgs/msg/detail/sensor_combined__functions.c\n'}
[0.984253] (px4_msgs) StdoutLine: {'line': b'-- Up-to-date: /home/jmj/pro_asp_ws/ws_px4_controls/install/px4_msgs/include/px4_msgs/px4_msgs/msg/detail/parameter_set_used_request__functions.c\n'}
[0.984282] (px4_msgs) StdoutLine: {'line': b'-- Up-to-date: /home/jmj/pro_asp_ws/ws_px4_controls/install/px4_msgs/include/px4_msgs/px4_msgs/msg/detail/gripper__struct.h\n'}
[0.984320] (px4_msgs) StdoutLine: {'line': b'-- Up-to-date: /home/jmj/pro_asp_ws/ws_px4_controls/install/px4_msgs/include/px4_msgs/px4_msgs/msg/detail/geofence_status__functions.c\n'}
[0.984349] (px4_msgs) StdoutLine: {'line': b'-- Up-to-date: /home/jmj/pro_asp_ws/ws_px4_controls/install/px4_msgs/include/px4_msgs/px4_msgs/msg/detail/sensor_correction__functions.h\n'}
[0.984378] (px4_msgs) StdoutLine: {'line': b'-- Up-to-date: /home/jmj/pro_asp_ws/ws_px4_controls/install/px4_msgs/include/px4_msgs/px4_msgs/msg/detail/battery_status__type_support.h\n'}
[0.984410] (px4_msgs) StdoutLine: {'line': b'-- Up-to-date: /home/jmj/pro_asp_ws/ws_px4_controls/install/px4_msgs/include/px4_msgs/px4_msgs/msg/detail/cellular_status__functions.h\n'}
[0.984458] (px4_msgs) StdoutLine: {'line': b'-- Up-to-date: /home/jmj/pro_asp_ws/ws_px4_controls/install/px4_msgs/include/px4_msgs/px4_msgs/msg/detail/fixed_wing_lateral_setpoint__struct.h\n'}
[0.984485] (px4_msgs) StdoutLine: {'line': b'-- Up-to-date: /home/jmj/pro_asp_ws/ws_px4_controls/install/px4_msgs/include/px4_msgs/px4_msgs/msg/detail/rtl_time_estimate__functions.h\n'}
[0.984539] (px4_msgs) StdoutLine: {'line': b'-- Up-to-date: /home/jmj/pro_asp_ws/ws_px4_controls/install/px4_msgs/include/px4_msgs/px4_msgs/msg/detail/can_interface_status__struct.h\n'}
[0.984567] (px4_msgs) StdoutLine: {'line': b'-- Up-to-date: /home/jmj/pro_asp_ws/ws_px4_controls/install/px4_msgs/include/px4_msgs/px4_msgs/msg/detail/vehicle_imu__type_support.h\n'}
[0.984595] (px4_msgs) StdoutLine: {'line': b'-- Up-to-date: /home/jmj/pro_asp_ws/ws_px4_controls/install/px4_msgs/include/px4_msgs/px4_msgs/msg/detail/register_ext_component_request__struct.h\n'}
[0.984629] (px4_msgs) StdoutLine: {'line': b'-- Up-to-date: /home/jmj/pro_asp_ws/ws_px4_controls/install/px4_msgs/include/px4_msgs/px4_msgs/msg/detail/follow_target_estimator__functions.h\n'}
[0.984669] (px4_msgs) StdoutLine: {'line': b'-- Up-to-date: /home/jmj/pro_asp_ws/ws_px4_controls/install/px4_msgs/include/px4_msgs/px4_msgs/msg/detail/fixed_wing_runway_control__functions.h\n'}
[0.984699] (px4_msgs) StdoutLine: {'line': b'-- Up-to-date: /home/jmj/pro_asp_ws/ws_px4_controls/install/px4_msgs/include/px4_msgs/px4_msgs/msg/detail/cpuload__type_support.h\n'}
[0.984730] (px4_msgs) StdoutLine: {'line': b'-- Up-to-date: /home/jmj/pro_asp_ws/ws_px4_controls/install/px4_msgs/include/px4_msgs/px4_msgs/msg/detail/open_drone_id_arm_status__struct.h\n'}
[0.984756] (px4_msgs) StdoutLine: {'line': b'-- Up-to-date: /home/jmj/pro_asp_ws/ws_px4_controls/install/px4_msgs/include/px4_msgs/px4_msgs/msg/detail/qshell_req__type_support.h\n'}
[0.984854] (px4_msgs) StdoutLine: {'line': b'-- Up-to-date: /home/jmj/pro_asp_ws/ws_px4_controls/install/px4_msgs/include/px4_msgs/px4_msgs/msg/detail/tecs_status__type_support.h\n'}
[0.984881] (px4_msgs) StdoutLine: {'line': b'-- Up-to-date: /home/jmj/pro_asp_ws/ws_px4_controls/install/px4_msgs/include/px4_msgs/px4_msgs/msg/detail/rc_channels__type_support.h\n'}
[0.984908] (px4_msgs) StdoutLine: {'line': b'-- Up-to-date: /home/jmj/pro_asp_ws/ws_px4_controls/install/px4_msgs/include/px4_msgs/px4_msgs/msg/detail/velocity_limits__functions.c\n'}
[0.984947] (px4_msgs) StdoutLine: {'line': b'-- Up-to-date: /home/jmj/pro_asp_ws/ws_px4_controls/install/px4_msgs/include/px4_msgs/px4_msgs/msg/detail/vehicle_land_detected__struct.h\n'}
[0.985017] (px4_msgs) StdoutLine: {'line': b'-- Up-to-date: /home/jmj/pro_asp_ws/ws_px4_controls/install/px4_msgs/include/px4_msgs/px4_msgs/msg/detail/gpio_request__type_support.h\n'}
[0.985045] (px4_msgs) StdoutLine: {'line': b'-- Up-to-date: /home/jmj/pro_asp_ws/ws_px4_controls/install/px4_msgs/include/px4_msgs/px4_msgs/msg/detail/vehicle_rates_setpoint__struct.h\n'}
[0.985074] (px4_msgs) StdoutLine: {'line': b'-- Up-to-date: /home/jmj/pro_asp_ws/ws_px4_controls/install/px4_msgs/include/px4_msgs/px4_msgs/msg/detail/tune_control__type_support.h\n'}
[0.985108] (px4_msgs) StdoutLine: {'line': b'-- Up-to-date: /home/jmj/pro_asp_ws/ws_px4_controls/install/px4_msgs/include/px4_msgs/px4_msgs/msg/detail/airspeed__type_support.h\n'}
[0.985140] (px4_msgs) StdoutLine: {'line': b'-- Up-to-date: /home/jmj/pro_asp_ws/ws_px4_controls/install/px4_msgs/include/px4_msgs/px4_msgs/msg/detail/hover_thrust_estimate__type_support.h\n'}
[0.985182] (px4_msgs) StdoutLine: {'line': b'-- Up-to-date: /home/jmj/pro_asp_ws/ws_px4_controls/install/px4_msgs/include/px4_msgs/px4_msgs/msg/detail/gpio_in__functions.h\n'}
[0.985323] (px4_msgs) StdoutLine: {'line': b'-- Up-to-date: /home/jmj/pro_asp_ws/ws_px4_controls/install/px4_msgs/include/px4_msgs/px4_msgs/msg/detail/arming_check_reply__functions.c\n'}
[0.985379] (px4_msgs) StdoutLine: {'line': b'-- Up-to-date: /home/jmj/pro_asp_ws/ws_px4_controls/install/px4_msgs/include/px4_msgs/px4_msgs/msg/detail/rate_ctrl_status__type_support.h\n'}
[0.985569] (px4_msgs) StdoutLine: {'line': b'-- Up-to-date: /home/jmj/pro_asp_ws/ws_px4_controls/install/px4_msgs/include/px4_msgs/px4_msgs/msg/detail/actuator_outputs__functions.h\n'}
[0.985694] (px4_msgs) StdoutLine: {'line': b'-- Up-to-date: /home/jmj/pro_asp_ws/ws_px4_controls/install/px4_msgs/include/px4_msgs/px4_msgs/msg/detail/dataman_request__struct.h\n'}
[0.985776] (px4_msgs) StdoutLine: {'line': b'-- Up-to-date: /home/jmj/pro_asp_ws/ws_px4_controls/install/px4_msgs/include/px4_msgs/px4_msgs/msg/detail/sensor_optical_flow__functions.h\n'}
[0.985823] (px4_msgs) StdoutLine: {'line': b'-- Up-to-date: /home/jmj/pro_asp_ws/ws_px4_controls/install/px4_msgs/include/px4_msgs/px4_msgs/msg/detail/fuel_tank_status__struct.h\n'}
[0.985871] (px4_msgs) StdoutLine: {'line': b'-- Up-to-date: /home/jmj/pro_asp_ws/ws_px4_controls/install/px4_msgs/include/px4_msgs/px4_msgs/msg/detail/rover_rate_setpoint__functions.h\n'}
[0.985921] (px4_msgs) StdoutLine: {'line': b'-- Up-to-date: /home/jmj/pro_asp_ws/ws_px4_controls/install/px4_msgs/include/px4_msgs/px4_msgs/msg/detail/rover_steering_setpoint__type_support.h\n'}
[0.986135] (px4_msgs) StdoutLine: {'line': b'-- Up-to-date: /home/jmj/pro_asp_ws/ws_px4_controls/install/px4_msgs/include/px4_msgs/px4_msgs/msg/detail/airspeed__struct.h\n'}
[0.986287] (px4_msgs) StdoutLine: {'line': b'-- Up-to-date: /home/jmj/pro_asp_ws/ws_px4_controls/install/px4_msgs/include/px4_msgs/px4_msgs/msg/detail/iridiumsbd_status__struct.h\n'}
[0.986337] (px4_msgs) StdoutLine: {'line': b'-- Up-to-date: /home/jmj/pro_asp_ws/ws_px4_controls/install/px4_msgs/include/px4_msgs/px4_msgs/msg/detail/rover_rate_setpoint__functions.c\n'}
[0.986539] (px4_msgs) StdoutLine: {'line': b'-- Up-to-date: /home/jmj/pro_asp_ws/ws_px4_controls/install/px4_msgs/include/px4_msgs/px4_msgs/msg/detail/ulog_stream_ack__type_support.h\n'}
[0.986596] (px4_msgs) StdoutLine: {'line': b'-- Up-to-date: /home/jmj/pro_asp_ws/ws_px4_controls/install/px4_msgs/include/px4_msgs/px4_msgs/msg/detail/follow_target_status__type_support.h\n'}
[0.986625] (px4_msgs) StdoutLine: {'line': b'-- Up-to-date: /home/jmj/pro_asp_ws/ws_px4_controls/install/px4_msgs/include/px4_msgs/px4_msgs/msg/detail/pure_pursuit_status__functions.c\n'}
[0.986650] (px4_msgs) StdoutLine: {'line': b'-- Up-to-date: /home/jmj/pro_asp_ws/ws_px4_controls/install/px4_msgs/include/px4_msgs/px4_msgs/msg/detail/mode_completed__struct.h\n'}
[0.986675] (px4_msgs) StdoutLine: {'line': b'-- Up-to-date: /home/jmj/pro_asp_ws/ws_px4_controls/install/px4_msgs/include/px4_msgs/px4_msgs/msg/detail/sensor_mag__functions.h\n'}
[0.986715] (px4_msgs) StdoutLine: {'line': b'-- Up-to-date: /home/jmj/pro_asp_ws/ws_px4_controls/install/px4_msgs/include/px4_msgs/px4_msgs/msg/detail/sensor_gyro_fft__struct.h\n'}
[0.986749] (px4_msgs) StdoutLine: {'line': b'-- Up-to-date: /home/jmj/pro_asp_ws/ws_px4_controls/install/px4_msgs/include/px4_msgs/px4_msgs/msg/detail/rover_velocity_status__type_support.h\n'}
[0.986860] (px4_msgs) StdoutLine: {'line': b'-- Up-to-date: /home/jmj/pro_asp_ws/ws_px4_controls/install/px4_msgs/include/px4_msgs/px4_msgs/msg/detail/fixed_wing_lateral_status__functions.h\n'}
[0.986949] (px4_msgs) StdoutLine: {'line': b'-- Up-to-date: /home/jmj/pro_asp_ws/ws_px4_controls/install/px4_msgs/include/px4_msgs/px4_msgs/msg/detail/actuator_test__struct.h\n'}
[0.986996] (px4_msgs) StdoutLine: {'line': b'-- Up-to-date: /home/jmj/pro_asp_ws/ws_px4_controls/install/px4_msgs/include/px4_msgs/px4_msgs/msg/detail/velocity_limits__struct.h\n'}
[0.987025] (px4_msgs) StdoutLine: {'line': b'-- Up-to-date: /home/jmj/pro_asp_ws/ws_px4_controls/install/px4_msgs/include/px4_msgs/px4_msgs/msg/detail/control_allocator_status__functions.h\n'}
[0.987152] (px4_msgs) StdoutLine: {'line': b'-- Up-to-date: /home/jmj/pro_asp_ws/ws_px4_controls/install/px4_msgs/include/px4_msgs/px4_msgs/msg/detail/rtl_time_estimate__struct.h\n'}
[0.987211] (px4_msgs) StdoutLine: {'line': b'-- Up-to-date: /home/jmj/pro_asp_ws/ws_px4_controls/install/px4_msgs/include/px4_msgs/px4_msgs/msg/detail/gimbal_manager_information__functions.h\n'}
[0.987246] (px4_msgs) StdoutLine: {'line': b'-- Up-to-date: /home/jmj/pro_asp_ws/ws_px4_controls/install/px4_msgs/include/px4_msgs/px4_msgs/msg/detail/estimator_innovations__struct.h\n'}
[0.987292] (px4_msgs) StdoutLine: {'line': b'-- Up-to-date: /home/jmj/pro_asp_ws/ws_px4_controls/install/px4_msgs/include/px4_msgs/px4_msgs/msg/detail/mission_result__functions.h\n'}
[0.987327] (px4_msgs) StdoutLine: {'line': b'-- Up-to-date: /home/jmj/pro_asp_ws/ws_px4_controls/install/px4_msgs/include/px4_msgs/px4_msgs/msg/detail/vehicle_torque_setpoint__functions.h\n'}
[0.987363] (px4_msgs) StdoutLine: {'line': b'-- Up-to-date: /home/jmj/pro_asp_ws/ws_px4_controls/install/px4_msgs/include/px4_msgs/px4_msgs/msg/detail/rover_attitude_status__struct.h\n'}
[0.987398] (px4_msgs) StdoutLine: {'line': b'-- Up-to-date: /home/jmj/pro_asp_ws/ws_px4_controls/install/px4_msgs/include/px4_msgs/px4_msgs/msg/detail/sensor_combined__type_support.h\n'}
[0.987432] (px4_msgs) StdoutLine: {'line': b'-- Up-to-date: /home/jmj/pro_asp_ws/ws_px4_controls/install/px4_msgs/include/px4_msgs/px4_msgs/msg/detail/vehicle_angular_velocity__type_support.h\n'}
[0.987470] (px4_msgs) StdoutLine: {'line': b'-- Up-to-date: /home/jmj/pro_asp_ws/ws_px4_controls/install/px4_msgs/include/px4_msgs/px4_msgs/msg/detail/normalized_unsigned_setpoint__functions.h\n'}
[0.987547] (px4_msgs) StdoutLine: {'line': b'-- Up-to-date: /home/jmj/pro_asp_ws/ws_px4_controls/install/px4_msgs/include/px4_msgs/px4_msgs/msg/detail/dataman_response__functions.h\n'}
[0.987717] (px4_msgs) StdoutLine: {'line': b'-- Up-to-date: /home/jmj/pro_asp_ws/ws_px4_controls/install/px4_msgs/include/px4_msgs/px4_msgs/msg/detail/telemetry_status__struct.h\n'}
[0.987795] (px4_msgs) StdoutLine: {'line': b'-- Up-to-date: /home/jmj/pro_asp_ws/ws_px4_controls/install/px4_msgs/include/px4_msgs/px4_msgs/msg/detail/estimator_aid_source3d__type_support.h\n'}
[0.987831] (px4_msgs) StdoutLine: {'line': b'-- Up-to-date: /home/jmj/pro_asp_ws/ws_px4_controls/install/px4_msgs/include/px4_msgs/px4_msgs/msg/detail/satellite_info__functions.h\n'}
[0.987872] (px4_msgs) StdoutLine: {'line': b'-- Up-to-date: /home/jmj/pro_asp_ws/ws_px4_controls/install/px4_msgs/include/px4_msgs/px4_msgs/msg/detail/vehicle_attitude__type_support.h\n'}
[0.987901] (px4_msgs) StdoutLine: {'line': b'-- Up-to-date: /home/jmj/pro_asp_ws/ws_px4_controls/install/px4_msgs/include/px4_msgs/px4_msgs/msg/detail/vehicle_global_position__type_support.h\n'}
[0.987927] (px4_msgs) StdoutLine: {'line': b'-- Up-to-date: /home/jmj/pro_asp_ws/ws_px4_controls/install/px4_msgs/include/px4_msgs/px4_msgs/msg/detail/vehicle_air_data__functions.c\n'}
[0.988205] (px4_msgs) StdoutLine: {'line': b'-- Up-to-date: /home/jmj/pro_asp_ws/ws_px4_controls/install/px4_msgs/include/px4_msgs/px4_msgs/msg/detail/estimator_aid_source2d__functions.h\n'}
[0.988273] (px4_msgs) StdoutLine: {'line': b'-- Up-to-date: /home/jmj/pro_asp_ws/ws_px4_controls/install/px4_msgs/include/px4_msgs/px4_msgs/msg/detail/qshell_req__functions.h\n'}
[0.988320] (px4_msgs) StdoutLine: {'line': b'-- Up-to-date: /home/jmj/pro_asp_ws/ws_px4_controls/install/px4_msgs/include/px4_msgs/px4_msgs/msg/detail/estimator_bias3d__type_support.h\n'}
[0.988364] (px4_msgs) StdoutLine: {'line': b'-- Up-to-date: /home/jmj/pro_asp_ws/ws_px4_controls/install/px4_msgs/include/px4_msgs/px4_msgs/msg/detail/debug_vect__functions.h\n'}
[0.988406] (px4_msgs) StdoutLine: {'line': b'-- Up-to-date: /home/jmj/pro_asp_ws/ws_px4_controls/install/px4_msgs/include/px4_msgs/px4_msgs/msg/detail/gpio_out__type_support.h\n'}
[0.988447] (px4_msgs) StdoutLine: {'line': b'-- Up-to-date: /home/jmj/pro_asp_ws/ws_px4_controls/install/px4_msgs/include/px4_msgs/px4_msgs/msg/detail/failsafe_flags__struct.h\n'}
[0.988487] (px4_msgs) StdoutLine: {'line': b'-- Up-to-date: /home/jmj/pro_asp_ws/ws_px4_controls/install/px4_msgs/include/px4_msgs/px4_msgs/msg/detail/autotune_attitude_control_status__struct.h\n'}
[0.988529] (px4_msgs) StdoutLine: {'line': b'-- Up-to-date: /home/jmj/pro_asp_ws/ws_px4_controls/install/px4_msgs/include/px4_msgs/px4_msgs/msg/detail/debug_vect__type_support.h\n'}
[0.988572] (px4_msgs) StdoutLine: {'line': b'-- Up-to-date: /home/jmj/pro_asp_ws/ws_px4_controls/install/px4_msgs/include/px4_msgs/px4_msgs/msg/detail/gimbal_manager_set_attitude__type_support.h\n'}
[0.988614] (px4_msgs) StdoutLine: {'line': b'-- Up-to-date: /home/jmj/pro_asp_ws/ws_px4_controls/install/px4_msgs/include/px4_msgs/px4_msgs/msg/detail/rover_steering_setpoint__functions.c\n'}
[0.988658] (px4_msgs) StdoutLine: {'line': b'-- Up-to-date: /home/jmj/pro_asp_ws/ws_px4_controls/install/px4_msgs/include/px4_msgs/px4_msgs/msg/detail/open_drone_id_self_id__type_support.h\n'}
[0.988700] (px4_msgs) StdoutLine: {'line': b'-- Up-to-date: /home/jmj/pro_asp_ws/ws_px4_controls/install/px4_msgs/include/px4_msgs/px4_msgs/msg/detail/estimator_bias__functions.c\n'}
[0.988741] (px4_msgs) StdoutLine: {'line': b'-- Up-to-date: /home/jmj/pro_asp_ws/ws_px4_controls/install/px4_msgs/include/px4_msgs/px4_msgs/msg/detail/estimator_aid_source3d__functions.c\n'}
[0.988782] (px4_msgs) StdoutLine: {'line': b'-- Up-to-date: /home/jmj/pro_asp_ws/ws_px4_controls/install/px4_msgs/include/px4_msgs/px4_msgs/msg/detail/config_overrides__type_support.h\n'}
[0.988824] (px4_msgs) StdoutLine: {'line': b'-- Up-to-date: /home/jmj/pro_asp_ws/ws_px4_controls/install/px4_msgs/include/px4_msgs/px4_msgs/msg/detail/vehicle_local_position_setpoint__functions.c\n'}
[0.989025] (px4_msgs) StdoutLine: {'line': b'-- Up-to-date: /home/jmj/pro_asp_ws/ws_px4_controls/install/px4_msgs/include/px4_msgs/px4_msgs/msg/detail/ekf2_timestamps__type_support.h\n'}
[0.989084] (px4_msgs) StdoutLine: {'line': b'-- Up-to-date: /home/jmj/pro_asp_ws/ws_px4_controls/install/px4_msgs/include/px4_msgs/px4_msgs/msg/detail/pwm_input__functions.h\n'}
[0.989127] (px4_msgs) StdoutLine: {'line': b'-- Up-to-date: /home/jmj/pro_asp_ws/ws_px4_controls/install/px4_msgs/include/px4_msgs/px4_msgs/msg/detail/navigator_status__struct.h\n'}
[0.989262] (px4_msgs) StdoutLine: {'line': b'-- Up-to-date: /home/jmj/pro_asp_ws/ws_px4_controls/install/px4_msgs/include/px4_msgs/px4_msgs/msg/detail/telemetry_status__functions.c\n'}
[0.989323] (px4_msgs) StdoutLine: {'line': b'-- Up-to-date: /home/jmj/pro_asp_ws/ws_px4_controls/install/px4_msgs/include/px4_msgs/px4_msgs/msg/detail/vehicle_command__functions.c\n'}
[0.989392] (px4_msgs) StdoutLine: {'line': b'-- Up-to-date: /home/jmj/pro_asp_ws/ws_px4_controls/install/px4_msgs/include/px4_msgs/px4_msgs/msg/detail/camera_capture__functions.h\n'}
[0.989425] (px4_msgs) StdoutLine: {'line': b'-- Up-to-date: /home/jmj/pro_asp_ws/ws_px4_controls/install/px4_msgs/include/px4_msgs/px4_msgs/msg/detail/event__functions.h\n'}
[0.989464] (px4_msgs) StdoutLine: {'line': b'-- Up-to-date: /home/jmj/pro_asp_ws/ws_px4_controls/install/px4_msgs/include/px4_msgs/px4_msgs/msg/detail/generator_status__type_support.h\n'}
[0.989491] (px4_msgs) StdoutLine: {'line': b'-- Up-to-date: /home/jmj/pro_asp_ws/ws_px4_controls/install/px4_msgs/include/px4_msgs/px4_msgs/msg/detail/gpio_request__functions.h\n'}
[0.989516] (px4_msgs) StdoutLine: {'line': b'-- Up-to-date: /home/jmj/pro_asp_ws/ws_px4_controls/install/px4_msgs/include/px4_msgs/px4_msgs/msg/detail/gimbal_manager_information__type_support.h\n'}
[0.989864] (px4_msgs) StdoutLine: {'line': b'-- Up-to-date: /home/jmj/pro_asp_ws/ws_px4_controls/install/px4_msgs/include/px4_msgs/px4_msgs/msg/detail/airspeed_validated__functions.h\n'}
[0.989899] (px4_msgs) StdoutLine: {'line': b'-- Up-to-date: /home/jmj/pro_asp_ws/ws_px4_controls/install/px4_msgs/include/px4_msgs/px4_msgs/msg/detail/vehicle_control_mode__type_support.h\n'}
[0.989928] (px4_msgs) StdoutLine: {'line': b'-- Up-to-date: /home/jmj/pro_asp_ws/ws_px4_controls/install/px4_msgs/include/px4_msgs/px4_msgs/msg/detail/landing_gear_wheel__type_support.h\n'}
[0.989962] (px4_msgs) StdoutLine: {'line': b'-- Up-to-date: /home/jmj/pro_asp_ws/ws_px4_controls/install/px4_msgs/include/px4_msgs/px4_msgs/msg/detail/distance_sensor_mode_change_request__functions.h\n'}
[0.989989] (px4_msgs) StdoutLine: {'line': b'-- Up-to-date: /home/jmj/pro_asp_ws/ws_px4_controls/install/px4_msgs/include/px4_msgs/px4_msgs/msg/detail/health_report__type_support.h\n'}
[0.990015] (px4_msgs) StdoutLine: {'line': b'-- Up-to-date: /home/jmj/pro_asp_ws/ws_px4_controls/install/px4_msgs/include/px4_msgs/px4_msgs/msg/detail/gimbal_device_information__functions.c\n'}
[0.990041] (px4_msgs) StdoutLine: {'line': b'-- Up-to-date: /home/jmj/pro_asp_ws/ws_px4_controls/install/px4_msgs/include/px4_msgs/px4_msgs/msg/detail/actuator_servos__struct.h\n'}
[0.990066] (px4_msgs) StdoutLine: {'line': b'-- Up-to-date: /home/jmj/pro_asp_ws/ws_px4_controls/install/px4_msgs/include/px4_msgs/px4_msgs/msg/detail/sensor_correction__type_support.h\n'}
[0.990091] (px4_msgs) StdoutLine: {'line': b'-- Up-to-date: /home/jmj/pro_asp_ws/ws_px4_controls/install/px4_msgs/include/px4_msgs/px4_msgs/msg/detail/home_position__type_support.h\n'}
[0.990140] (px4_msgs) StdoutLine: {'line': b'-- Up-to-date: /home/jmj/pro_asp_ws/ws_px4_controls/install/px4_msgs/include/px4_msgs/px4_msgs/msg/detail/position_setpoint_triplet__functions.h\n'}
[0.990164] (px4_msgs) StdoutLine: {'line': b'-- Up-to-date: /home/jmj/pro_asp_ws/ws_px4_controls/install/px4_msgs/include/px4_msgs/px4_msgs/msg/detail/magnetometer_bias_estimate__type_support.h\n'}
[0.990189] (px4_msgs) StdoutLine: {'line': b'-- Up-to-date: /home/jmj/pro_asp_ws/ws_px4_controls/install/px4_msgs/include/px4_msgs/px4_msgs/msg/detail/rover_velocity_status__struct.h\n'}
[0.990212] (px4_msgs) StdoutLine: {'line': b'-- Up-to-date: /home/jmj/pro_asp_ws/ws_px4_controls/install/px4_msgs/include/px4_msgs/px4_msgs/msg/detail/mode_completed__type_support.h\n'}
[0.990237] (px4_msgs) StdoutLine: {'line': b'-- Up-to-date: /home/jmj/pro_asp_ws/ws_px4_controls/install/px4_msgs/include/px4_msgs/px4_msgs/msg/detail/cellular_status__struct.h\n'}
[0.990261] (px4_msgs) StdoutLine: {'line': b'-- Up-to-date: /home/jmj/pro_asp_ws/ws_px4_controls/install/px4_msgs/include/px4_msgs/px4_msgs/msg/detail/debug_array__type_support.h\n'}
[0.990285] (px4_msgs) StdoutLine: {'line': b'-- Up-to-date: /home/jmj/pro_asp_ws/ws_px4_controls/install/px4_msgs/include/px4_msgs/px4_msgs/msg/detail/position_controller_landing_status__functions.h\n'}
[0.990307] (px4_msgs) StdoutLine: {'line': b'-- Up-to-date: /home/jmj/pro_asp_ws/ws_px4_controls/install/px4_msgs/include/px4_msgs/px4_msgs/msg/detail/rover_velocity_status__functions.h\n'}
[0.990329] (px4_msgs) StdoutLine: {'line': b'-- Up-to-date: /home/jmj/pro_asp_ws/ws_px4_controls/install/px4_msgs/include/px4_msgs/px4_msgs/msg/detail/open_drone_id_operator_id__type_support.h\n'}
[0.990355] (px4_msgs) StdoutLine: {'line': b'-- Up-to-date: /home/jmj/pro_asp_ws/ws_px4_controls/install/px4_msgs/include/px4_msgs/px4_msgs/msg/detail/vehicle_constraints__struct.h\n'}
[0.990379] (px4_msgs) StdoutLine: {'line': b'-- Up-to-date: /home/jmj/pro_asp_ws/ws_px4_controls/install/px4_msgs/include/px4_msgs/px4_msgs/msg/detail/yaw_estimator_status__type_support.h\n'}
[0.990404] (px4_msgs) StdoutLine: {'line': b'-- Up-to-date: /home/jmj/pro_asp_ws/ws_px4_controls/install/px4_msgs/include/px4_msgs/px4_msgs/msg/detail/vehicle_acceleration__functions.h\n'}
[0.990429] (px4_msgs) StdoutLine: {'line': b'-- Up-to-date: /home/jmj/pro_asp_ws/ws_px4_controls/install/px4_msgs/include/px4_msgs/px4_msgs/msg/detail/parameter_reset_request__functions.c\n'}
[0.990454] (px4_msgs) StdoutLine: {'line': b'-- Up-to-date: /home/jmj/pro_asp_ws/ws_px4_controls/install/px4_msgs/include/px4_msgs/px4_msgs/msg/detail/gps_dump__functions.h\n'}
[0.990478] (px4_msgs) StdoutLine: {'line': b'-- Up-to-date: /home/jmj/pro_asp_ws/ws_px4_controls/install/px4_msgs/include/px4_msgs/px4_msgs/msg/detail/actuator_outputs__type_support.h\n'}
[0.990522] (px4_msgs) StdoutLine: {'line': b'-- Up-to-date: /home/jmj/pro_asp_ws/ws_px4_controls/install/px4_msgs/include/px4_msgs/px4_msgs/msg/detail/estimator_states__functions.c\n'}
[0.990549] (px4_msgs) StdoutLine: {'line': b'-- Up-to-date: /home/jmj/pro_asp_ws/ws_px4_controls/install/px4_msgs/include/px4_msgs/px4_msgs/msg/detail/sensor_gyro_fft__type_support.h\n'}
[0.990575] (px4_msgs) StdoutLine: {'line': b'-- Up-to-date: /home/jmj/pro_asp_ws/ws_px4_controls/install/px4_msgs/include/px4_msgs/px4_msgs/msg/detail/satellite_info__type_support.h\n'}
[0.990600] (px4_msgs) StdoutLine: {'line': b'-- Up-to-date: /home/jmj/pro_asp_ws/ws_px4_controls/install/px4_msgs/include/px4_msgs/px4_msgs/msg/detail/telemetry_status__type_support.h\n'}
[0.990625] (px4_msgs) StdoutLine: {'line': b'-- Up-to-date: /home/jmj/pro_asp_ws/ws_px4_controls/install/px4_msgs/include/px4_msgs/px4_msgs/msg/detail/vehicle_optical_flow__type_support.h\n'}
[0.990670] (px4_msgs) StdoutLine: {'line': b'-- Up-to-date: /home/jmj/pro_asp_ws/ws_px4_controls/install/px4_msgs/include/px4_msgs/px4_msgs/msg/detail/estimator_sensor_bias__functions.c\n'}
[0.990697] (px4_msgs) StdoutLine: {'line': b'-- Up-to-date: /home/jmj/pro_asp_ws/ws_px4_controls/install/px4_msgs/include/px4_msgs/px4_msgs/msg/detail/vehicle_optical_flow__struct.h\n'}
[0.990723] (px4_msgs) StdoutLine: {'line': b'-- Up-to-date: /home/jmj/pro_asp_ws/ws_px4_controls/install/px4_msgs/include/px4_msgs/px4_msgs/msg/detail/px4io_status__type_support.h\n'}
[0.990751] (px4_msgs) StdoutLine: {'line': b'-- Up-to-date: /home/jmj/pro_asp_ws/ws_px4_controls/install/px4_msgs/include/px4_msgs/px4_msgs/msg/detail/estimator_status__type_support.h\n'}
[0.990790] (px4_msgs) StdoutLine: {'line': b'-- Up-to-date: /home/jmj/pro_asp_ws/ws_px4_controls/install/px4_msgs/include/px4_msgs/px4_msgs/msg/detail/parameter_set_value_request__functions.c\n'}
[0.990822] (px4_msgs) StdoutLine: {'line': b'-- Up-to-date: /home/jmj/pro_asp_ws/ws_px4_controls/install/px4_msgs/include/px4_msgs/px4_msgs/msg/detail/mount_orientation__functions.h\n'}
[0.990849] (px4_msgs) StdoutLine: {'line': b'-- Up-to-date: /home/jmj/pro_asp_ws/ws_px4_controls/install/px4_msgs/include/px4_msgs/px4_msgs/msg/detail/vehicle_angular_velocity__functions.c\n'}
[0.990876] (px4_msgs) StdoutLine: {'line': b'-- Up-to-date: /home/jmj/pro_asp_ws/ws_px4_controls/install/px4_msgs/include/px4_msgs/px4_msgs/msg/detail/sensors_status_imu__struct.h\n'}
[0.990903] (px4_msgs) StdoutLine: {'line': b'-- Up-to-date: /home/jmj/pro_asp_ws/ws_px4_controls/install/px4_msgs/include/px4_msgs/px4_msgs/msg/detail/sensor_gyro_fifo__functions.h\n'}
[0.990929] (px4_msgs) StdoutLine: {'line': b'-- Up-to-date: /home/jmj/pro_asp_ws/ws_px4_controls/install/px4_msgs/include/px4_msgs/px4_msgs/msg/detail/uavcan_parameter_request__struct.h\n'}
[0.990967] (px4_msgs) StdoutLine: {'line': b'-- Up-to-date: /home/jmj/pro_asp_ws/ws_px4_controls/install/px4_msgs/include/px4_msgs/px4_msgs/msg/detail/sensor_uwb__functions.h\n'}
[0.991042] (px4_msgs) StdoutLine: {'line': b'-- Up-to-date: /home/jmj/pro_asp_ws/ws_px4_controls/install/px4_msgs/include/px4_msgs/px4_msgs/msg/detail/arming_check_reply__type_support.h\n'}
[0.991068] (px4_msgs) StdoutLine: {'line': b'-- Up-to-date: /home/jmj/pro_asp_ws/ws_px4_controls/install/px4_msgs/include/px4_msgs/px4_msgs/msg/detail/landing_gear_wheel__functions.c\n'}
[0.991096] (px4_msgs) StdoutLine: {'line': b'-- Up-to-date: /home/jmj/pro_asp_ws/ws_px4_controls/install/px4_msgs/include/px4_msgs/px4_msgs/msg/detail/camera_status__functions.c\n'}
[0.991123] (px4_msgs) StdoutLine: {'line': b'-- Up-to-date: /home/jmj/pro_asp_ws/ws_px4_controls/install/px4_msgs/include/px4_msgs/px4_msgs/msg/detail/takeoff_status__type_support.h\n'}
[0.991151] (px4_msgs) StdoutLine: {'line': b'-- Up-to-date: /home/jmj/pro_asp_ws/ws_px4_controls/install/px4_msgs/include/px4_msgs/px4_msgs/msg/detail/config_overrides__struct.h\n'}
[0.991184] (px4_msgs) StdoutLine: {'line': b'-- Up-to-date: /home/jmj/pro_asp_ws/ws_px4_controls/install/px4_msgs/include/px4_msgs/px4_msgs/msg/detail/sensor_gyro_fft__functions.h\n'}
[0.991212] (px4_msgs) StdoutLine: {'line': b'-- Up-to-date: /home/jmj/pro_asp_ws/ws_px4_controls/install/px4_msgs/include/px4_msgs/px4_msgs/msg/detail/radio_status__struct.h\n'}
[0.991242] (px4_msgs) StdoutLine: {'line': b'-- Up-to-date: /home/jmj/pro_asp_ws/ws_px4_controls/install/px4_msgs/include/px4_msgs/px4_msgs/msg/detail/sensor_accel__functions.c\n'}
[0.991287] (px4_msgs) StdoutLine: {'line': b'-- Up-to-date: /home/jmj/pro_asp_ws/ws_px4_controls/install/px4_msgs/include/px4_msgs/px4_msgs/msg/detail/vehicle_status__struct.h\n'}
[0.991319] (px4_msgs) StdoutLine: {'line': b'-- Up-to-date: /home/jmj/pro_asp_ws/ws_px4_controls/install/px4_msgs/include/px4_msgs/px4_msgs/msg/detail/vehicle_roi__functions.h\n'}
[0.991346] (px4_msgs) StdoutLine: {'line': b'-- Up-to-date: /home/jmj/pro_asp_ws/ws_px4_controls/install/px4_msgs/include/px4_msgs/px4_msgs/msg/detail/parameter_update__type_support.h\n'}
[0.991376] (px4_msgs) StdoutLine: {'line': b'-- Up-to-date: /home/jmj/pro_asp_ws/ws_px4_controls/install/px4_msgs/include/px4_msgs/px4_msgs/msg/detail/message_format_request__functions.c\n'}
[0.991428] (px4_msgs) StdoutLine: {'line': b'-- Up-to-date: /home/jmj/pro_asp_ws/ws_px4_controls/install/px4_msgs/include/px4_msgs/px4_msgs/msg/detail/debug_key_value__type_support.h\n'}
[0.991460] (px4_msgs) StdoutLine: {'line': b'-- Up-to-date: /home/jmj/pro_asp_ws/ws_px4_controls/install/px4_msgs/include/px4_msgs/px4_msgs/msg/detail/airspeed_validated__functions.c\n'}
[0.991489] (px4_msgs) StdoutLine: {'line': b'-- Up-to-date: /home/jmj/pro_asp_ws/ws_px4_controls/install/px4_msgs/include/px4_msgs/px4_msgs/msg/detail/rover_steering_setpoint__functions.h\n'}
[0.991517] (px4_msgs) StdoutLine: {'line': b'-- Up-to-date: /home/jmj/pro_asp_ws/ws_px4_controls/install/px4_msgs/include/px4_msgs/px4_msgs/msg/detail/differential_pressure__struct.h\n'}
[0.991543] (px4_msgs) StdoutLine: {'line': b'-- Up-to-date: /home/jmj/pro_asp_ws/ws_px4_controls/install/px4_msgs/include/px4_msgs/px4_msgs/msg/detail/vehicle_land_detected__functions.c\n'}
[0.991571] (px4_msgs) StdoutLine: {'line': b'-- Up-to-date: /home/jmj/pro_asp_ws/ws_px4_controls/install/px4_msgs/include/px4_msgs/px4_msgs/msg/detail/orb_test_medium__functions.c\n'}
[0.991599] (px4_msgs) StdoutLine: {'line': b'-- Up-to-date: /home/jmj/pro_asp_ws/ws_px4_controls/install/px4_msgs/include/px4_msgs/px4_msgs/msg/detail/unregister_ext_component__functions.c\n'}
[0.991667] (px4_msgs) StdoutLine: {'line': b'-- Up-to-date: /home/jmj/pro_asp_ws/ws_px4_controls/install/px4_msgs/include/px4_msgs/px4_msgs/msg/detail/distance_sensor_mode_change_request__struct.h\n'}
[0.991695] (px4_msgs) StdoutLine: {'line': b'-- Up-to-date: /home/jmj/pro_asp_ws/ws_px4_controls/install/px4_msgs/include/px4_msgs/px4_msgs/msg/detail/takeoff_status__functions.c\n'}
[0.991721] (px4_msgs) StdoutLine: {'line': b'-- Up-to-date: /home/jmj/pro_asp_ws/ws_px4_controls/install/px4_msgs/include/px4_msgs/px4_msgs/msg/detail/actuator_servos_trim__struct.h\n'}
[0.991773] (px4_msgs) StdoutLine: {'line': b'-- Up-to-date: /home/jmj/pro_asp_ws/ws_px4_controls/install/px4_msgs/include/px4_msgs/px4_msgs/msg/detail/adc_report__functions.c\n'}
[0.991813] (px4_msgs) StdoutLine: {'line': b'-- Up-to-date: /home/jmj/pro_asp_ws/ws_px4_controls/install/px4_msgs/include/px4_msgs/px4_msgs/msg/detail/adc_report__functions.h\n'}
[0.991883] (px4_msgs) StdoutLine: {'line': b'-- Up-to-date: /home/jmj/pro_asp_ws/ws_px4_controls/install/px4_msgs/include/px4_msgs/px4_msgs/msg/detail/control_allocator_status__functions.c\n'}
[0.991924] (px4_msgs) StdoutLine: {'line': b'-- Up-to-date: /home/jmj/pro_asp_ws/ws_px4_controls/install/px4_msgs/include/px4_msgs/px4_msgs/msg/detail/actuator_servos__type_support.h\n'}
[0.992133] (px4_msgs) StdoutLine: {'line': b'-- Up-to-date: /home/jmj/pro_asp_ws/ws_px4_controls/install/px4_msgs/include/px4_msgs/px4_msgs/msg/detail/sensor_mag__struct.h\n'}
[0.992246] (px4_msgs) StdoutLine: {'line': b'-- Up-to-date: /home/jmj/pro_asp_ws/ws_px4_controls/install/px4_msgs/include/px4_msgs/px4_msgs/msg/detail/orb_test__struct.h\n'}
[0.992284] (px4_msgs) StdoutLine: {'line': b'-- Up-to-date: /home/jmj/pro_asp_ws/ws_px4_controls/install/px4_msgs/include/px4_msgs/px4_msgs/msg/detail/power_button_state__functions.c\n'}
[0.992314] (px4_msgs) StdoutLine: {'line': b'-- Up-to-date: /home/jmj/pro_asp_ws/ws_px4_controls/install/px4_msgs/include/px4_msgs/px4_msgs/msg/detail/rc_channels__functions.c\n'}
[0.992342] (px4_msgs) StdoutLine: {'line': b'-- Up-to-date: /home/jmj/pro_asp_ws/ws_px4_controls/install/px4_msgs/include/px4_msgs/px4_msgs/msg/detail/debug_array__struct.h\n'}
[0.992370] (px4_msgs) StdoutLine: {'line': b'-- Up-to-date: /home/jmj/pro_asp_ws/ws_px4_controls/install/px4_msgs/include/px4_msgs/px4_msgs/msg/detail/vtol_vehicle_status__struct.h\n'}
[0.992396] (px4_msgs) StdoutLine: {'line': b'-- Up-to-date: /home/jmj/pro_asp_ws/ws_px4_controls/install/px4_msgs/include/px4_msgs/px4_msgs/msg/detail/sensor_gyro_fft__functions.c\n'}
[0.992423] (px4_msgs) StdoutLine: {'line': b'-- Up-to-date: /home/jmj/pro_asp_ws/ws_px4_controls/install/px4_msgs/include/px4_msgs/px4_msgs/msg/detail/vehicle_odometry__struct.h\n'}
[0.992449] (px4_msgs) StdoutLine: {'line': b'-- Up-to-date: /home/jmj/pro_asp_ws/ws_px4_controls/install/px4_msgs/include/px4_msgs/px4_msgs/msg/detail/estimator_states__functions.h\n'}
[0.992473] (px4_msgs) StdoutLine: {'line': b'-- Up-to-date: /home/jmj/pro_asp_ws/ws_px4_controls/install/px4_msgs/include/px4_msgs/px4_msgs/msg/detail/actuator_controls_status__functions.h\n'}
[0.992499] (px4_msgs) StdoutLine: {'line': b'-- Up-to-date: /home/jmj/pro_asp_ws/ws_px4_controls/install/px4_msgs/include/px4_msgs/px4_msgs/msg/detail/generator_status__functions.c\n'}
[0.992525] (px4_msgs) StdoutLine: {'line': b'-- Up-to-date: /home/jmj/pro_asp_ws/ws_px4_controls/install/px4_msgs/include/px4_msgs/px4_msgs/msg/detail/differential_pressure__functions.h\n'}
[0.992553] (px4_msgs) StdoutLine: {'line': b'-- Up-to-date: /home/jmj/pro_asp_ws/ws_px4_controls/install/px4_msgs/include/px4_msgs/px4_msgs/msg/detail/mission_result__struct.h\n'}
[0.992577] (px4_msgs) StdoutLine: {'line': b'-- Up-to-date: /home/jmj/pro_asp_ws/ws_px4_controls/install/px4_msgs/include/px4_msgs/px4_msgs/msg/detail/px4io_status__struct.h\n'}
[0.992601] (px4_msgs) StdoutLine: {'line': b'-- Up-to-date: /home/jmj/pro_asp_ws/ws_px4_controls/install/px4_msgs/include/px4_msgs/px4_msgs/msg/detail/open_drone_id_system__functions.c\n'}
[0.992640] (px4_msgs) StdoutLine: {'line': b'-- Up-to-date: /home/jmj/pro_asp_ws/ws_px4_controls/install/px4_msgs/include/px4_msgs/px4_msgs/msg/detail/internal_combustion_engine_control__struct.h\n'}
[0.992664] (px4_msgs) StdoutLine: {'line': b'-- Up-to-date: /home/jmj/pro_asp_ws/ws_px4_controls/install/px4_msgs/include/px4_msgs/px4_msgs/msg/detail/ekf2_timestamps__struct.h\n'}
[0.992687] (px4_msgs) StdoutLine: {'line': b'-- Up-to-date: /home/jmj/pro_asp_ws/ws_px4_controls/install/px4_msgs/include/px4_msgs/px4_msgs/msg/detail/sensor_hygrometer__functions.c\n'}
[0.992711] (px4_msgs) StdoutLine: {'line': b'-- Up-to-date: /home/jmj/pro_asp_ws/ws_px4_controls/install/px4_msgs/include/px4_msgs/px4_msgs/msg/detail/rover_position_setpoint__functions.h\n'}
[0.992734] (px4_msgs) StdoutLine: {'line': b'-- Up-to-date: /home/jmj/pro_asp_ws/ws_px4_controls/install/px4_msgs/include/px4_msgs/px4_msgs/msg/detail/vehicle_odometry__functions.h\n'}
[0.992757] (px4_msgs) StdoutLine: {'line': b'-- Up-to-date: /home/jmj/pro_asp_ws/ws_px4_controls/install/px4_msgs/include/px4_msgs/px4_msgs/msg/detail/position_controller_landing_status__functions.c\n'}
[0.992780] (px4_msgs) StdoutLine: {'line': b'-- Up-to-date: /home/jmj/pro_asp_ws/ws_px4_controls/install/px4_msgs/include/px4_msgs/px4_msgs/msg/detail/parameter_set_value_request__struct.h\n'}
[0.992806] (px4_msgs) StdoutLine: {'line': b'-- Up-to-date: /home/jmj/pro_asp_ws/ws_px4_controls/install/px4_msgs/include/px4_msgs/px4_msgs/msg/detail/gimbal_device_attitude_status__type_support.h\n'}
[0.992829] (px4_msgs) StdoutLine: {'line': b'-- Up-to-date: /home/jmj/pro_asp_ws/ws_px4_controls/install/px4_msgs/include/px4_msgs/px4_msgs/msg/detail/gimbal_manager_information__functions.c\n'}
[0.992851] (px4_msgs) StdoutLine: {'line': b'-- Up-to-date: /home/jmj/pro_asp_ws/ws_px4_controls/install/px4_msgs/include/px4_msgs/px4_msgs/msg/detail/gimbal_device_attitude_status__functions.h\n'}
[0.992873] (px4_msgs) StdoutLine: {'line': b'-- Up-to-date: /home/jmj/pro_asp_ws/ws_px4_controls/install/px4_msgs/include/px4_msgs/px4_msgs/msg/detail/satellite_info__functions.c\n'}
[0.992896] (px4_msgs) StdoutLine: {'line': b'-- Up-to-date: /home/jmj/pro_asp_ws/ws_px4_controls/install/px4_msgs/include/px4_msgs/px4_msgs/msg/detail/sensor_hygrometer__type_support.h\n'}
[0.992918] (px4_msgs) StdoutLine: {'line': b'-- Up-to-date: /home/jmj/pro_asp_ws/ws_px4_controls/install/px4_msgs/include/px4_msgs/px4_msgs/msg/detail/ulog_stream_ack__struct.h\n'}
[0.992941] (px4_msgs) StdoutLine: {'line': b'-- Up-to-date: /home/jmj/pro_asp_ws/ws_px4_controls/install/px4_msgs/include/px4_msgs/px4_msgs/msg/detail/parameter_set_value_response__type_support.h\n'}
[0.992983] (px4_msgs) StdoutLine: {'line': b'-- Up-to-date: /home/jmj/pro_asp_ws/ws_px4_controls/install/px4_msgs/include/px4_msgs/px4_msgs/msg/detail/sensor_gnss_relative__type_support.h\n'}
[0.993009] (px4_msgs) StdoutLine: {'line': b'-- Up-to-date: /home/jmj/pro_asp_ws/ws_px4_controls/install/px4_msgs/include/px4_msgs/px4_msgs/msg/detail/rover_velocity_setpoint__functions.h\n'}
[0.993032] (px4_msgs) StdoutLine: {'line': b'-- Up-to-date: /home/jmj/pro_asp_ws/ws_px4_controls/install/px4_msgs/include/px4_msgs/px4_msgs/msg/detail/message_format_request__functions.h\n'}
[0.993060] (px4_msgs) StdoutLine: {'line': b'-- Up-to-date: /home/jmj/pro_asp_ws/ws_px4_controls/install/px4_msgs/include/px4_msgs/px4_msgs/msg/detail/offboard_control_mode__type_support.h\n'}
[0.993412] (px4_msgs) StdoutLine: {'line': b'-- Up-to-date: /home/jmj/pro_asp_ws/ws_px4_controls/install/px4_msgs/include/px4_msgs/px4_msgs/msg/detail/failure_detector_status__functions.h\n'}
[0.993544] (px4_msgs) StdoutLine: {'line': b'-- Up-to-date: /home/jmj/pro_asp_ws/ws_px4_controls/install/px4_msgs/include/px4_msgs/px4_msgs/msg/detail/timesync_status__struct.h\n'}
[0.993675] (px4_msgs) StdoutLine: {'line': b'-- Up-to-date: /home/jmj/pro_asp_ws/ws_px4_controls/install/px4_msgs/include/px4_msgs/px4_msgs/msg/detail/follow_target_estimator__type_support.h\n'}
[0.993800] (px4_msgs) StdoutLine: {'line': b'-- Up-to-date: /home/jmj/pro_asp_ws/ws_px4_controls/install/px4_msgs/include/px4_msgs/px4_msgs/msg/detail/unregister_ext_component__functions.h\n'}
[0.993921] (px4_msgs) StdoutLine: {'line': b'-- Up-to-date: /home/jmj/pro_asp_ws/ws_px4_controls/install/px4_msgs/include/px4_msgs/px4_msgs/msg/detail/goto_setpoint__functions.c\n'}
[0.994052] (px4_msgs) StdoutLine: {'line': b'-- Up-to-date: /home/jmj/pro_asp_ws/ws_px4_controls/install/px4_msgs/include/px4_msgs/px4_msgs/msg/detail/failsafe_flags__functions.c\n'}
[0.994167] (px4_msgs) StdoutLine: {'line': b'-- Up-to-date: /home/jmj/pro_asp_ws/ws_px4_controls/install/px4_msgs/include/px4_msgs/px4_msgs/msg/detail/dataman_response__functions.c\n'}
[0.994294] (px4_msgs) StdoutLine: {'line': b'-- Up-to-date: /home/jmj/pro_asp_ws/ws_px4_controls/install/px4_msgs/include/px4_msgs/px4_msgs/msg/detail/estimator_aid_source2d__type_support.h\n'}
[0.994407] (px4_msgs) StdoutLine: {'line': b'-- Up-to-date: /home/jmj/pro_asp_ws/ws_px4_controls/install/px4_msgs/include/px4_msgs/px4_msgs/msg/detail/internal_combustion_engine_status__functions.h\n'}
[0.994525] (px4_msgs) StdoutLine: {'line': b'-- Up-to-date: /home/jmj/pro_asp_ws/ws_px4_controls/install/px4_msgs/include/px4_msgs/px4_msgs/msg/detail/parameter_set_used_request__type_support.h\n'}
[0.994640] (px4_msgs) StdoutLine: {'line': b'-- Up-to-date: /home/jmj/pro_asp_ws/ws_px4_controls/install/px4_msgs/include/px4_msgs/px4_msgs/msg/detail/ping__type_support.h\n'}
[0.994754] (px4_msgs) StdoutLine: {'line': b'-- Up-to-date: /home/jmj/pro_asp_ws/ws_px4_controls/install/px4_msgs/include/px4_msgs/px4_msgs/msg/detail/rate_ctrl_status__struct.h\n'}
[0.994905] (px4_msgs) StdoutLine: {'line': b'-- Up-to-date: /home/jmj/pro_asp_ws/ws_px4_controls/install/px4_msgs/include/px4_msgs/px4_msgs/msg/detail/gpio_config__type_support.h\n'}
[0.995027] (px4_msgs) StdoutLine: {'line': b'-- Up-to-date: /home/jmj/pro_asp_ws/ws_px4_controls/install/px4_msgs/include/px4_msgs/px4_msgs/msg/detail/offboard_control_mode__struct.h\n'}
[0.995098] (px4_msgs) StdoutLine: {'line': b'-- Up-to-date: /home/jmj/pro_asp_ws/ws_px4_controls/install/px4_msgs/include/px4_msgs/px4_msgs/msg/detail/vehicle_attitude__functions.c\n'}
[0.995132] (px4_msgs) StdoutLine: {'line': b'-- Up-to-date: /home/jmj/pro_asp_ws/ws_px4_controls/install/px4_msgs/include/px4_msgs/px4_msgs/msg/detail/failsafe_flags__type_support.h\n'}
[0.995185] (px4_msgs) StdoutLine: {'line': b'-- Up-to-date: /home/jmj/pro_asp_ws/ws_px4_controls/install/px4_msgs/include/px4_msgs/px4_msgs/msg/detail/estimator_aid_source1d__struct.h\n'}
[0.995219] (px4_msgs) StdoutLine: {'line': b'-- Up-to-date: /home/jmj/pro_asp_ws/ws_px4_controls/install/px4_msgs/include/px4_msgs/px4_msgs/msg/detail/sensor_hygrometer__struct.h\n'}
[0.995261] (px4_msgs) StdoutLine: {'line': b'-- Up-to-date: /home/jmj/pro_asp_ws/ws_px4_controls/install/px4_msgs/include/px4_msgs/px4_msgs/msg/detail/sensors_status_imu__type_support.h\n'}
[0.995395] (px4_msgs) StdoutLine: {'line': b'-- Up-to-date: /home/jmj/pro_asp_ws/ws_px4_controls/install/px4_msgs/include/px4_msgs/px4_msgs/msg/detail/dataman_response__type_support.h\n'}
[0.995422] (px4_msgs) StdoutLine: {'line': b'-- Up-to-date: /home/jmj/pro_asp_ws/ws_px4_controls/install/px4_msgs/include/px4_msgs/px4_msgs/msg/detail/open_drone_id_arm_status__type_support.h\n'}
[0.995474] (px4_msgs) StdoutLine: {'line': b'-- Up-to-date: /home/jmj/pro_asp_ws/ws_px4_controls/install/px4_msgs/include/px4_msgs/px4_msgs/msg/detail/position_setpoint_triplet__type_support.h\n'}
[0.995501] (px4_msgs) StdoutLine: {'line': b'-- Up-to-date: /home/jmj/pro_asp_ws/ws_px4_controls/install/px4_msgs/include/px4_msgs/px4_msgs/msg/detail/message_format_response__functions.h\n'}
[0.995526] (px4_msgs) StdoutLine: {'line': b'-- Up-to-date: /home/jmj/pro_asp_ws/ws_px4_controls/install/px4_msgs/include/px4_msgs/px4_msgs/msg/detail/tune_control__functions.h\n'}
[0.995620] (px4_msgs) StdoutLine: {'line': b'-- Up-to-date: /home/jmj/pro_asp_ws/ws_px4_controls/install/px4_msgs/include/px4_msgs/px4_msgs/msg/detail/obstacle_distance__functions.c\n'}
[0.995726] (px4_msgs) StdoutLine: {'line': b'-- Up-to-date: /home/jmj/pro_asp_ws/ws_px4_controls/install/px4_msgs/include/px4_msgs/px4_msgs/msg/detail/vehicle_air_data__type_support.h\n'}
[0.995816] (px4_msgs) StdoutLine: {'line': b'-- Up-to-date: /home/jmj/pro_asp_ws/ws_px4_controls/install/px4_msgs/include/px4_msgs/px4_msgs/msg/detail/sensor_gps__type_support.h\n'}
[0.995850] (px4_msgs) StdoutLine: {'line': b'-- Up-to-date: /home/jmj/pro_asp_ws/ws_px4_controls/install/px4_msgs/include/px4_msgs/px4_msgs/msg/detail/actuator_armed__functions.h\n'}
[0.995878] (px4_msgs) StdoutLine: {'line': b'-- Up-to-date: /home/jmj/pro_asp_ws/ws_px4_controls/install/px4_msgs/include/px4_msgs/px4_msgs/msg/detail/debug_value__functions.c\n'}
[0.995937] (px4_msgs) StdoutLine: {'line': b'-- Up-to-date: /home/jmj/pro_asp_ws/ws_px4_controls/install/px4_msgs/include/px4_msgs/px4_msgs/msg/detail/actuator_servos_trim__functions.c\n'}
[0.995988] (px4_msgs) StdoutLine: {'line': b'-- Up-to-date: /home/jmj/pro_asp_ws/ws_px4_controls/install/px4_msgs/include/px4_msgs/px4_msgs/msg/detail/navigator_status__type_support.h\n'}
[0.996026] (px4_msgs) StdoutLine: {'line': b'-- Up-to-date: /home/jmj/pro_asp_ws/ws_px4_controls/install/px4_msgs/include/px4_msgs/px4_msgs/msg/detail/uavcan_parameter_value__type_support.h\n'}
[0.996070] (px4_msgs) StdoutLine: {'line': b'-- Up-to-date: /home/jmj/pro_asp_ws/ws_px4_controls/install/px4_msgs/include/px4_msgs/px4_msgs/msg/detail/vehicle_attitude_setpoint__struct.h\n'}
[0.996111] (px4_msgs) StdoutLine: {'line': b'-- Up-to-date: /home/jmj/pro_asp_ws/ws_px4_controls/install/px4_msgs/include/px4_msgs/px4_msgs/msg/detail/estimator_bias__struct.h\n'}
[0.996152] (px4_msgs) StdoutLine: {'line': b'-- Up-to-date: /home/jmj/pro_asp_ws/ws_px4_controls/install/px4_msgs/include/px4_msgs/px4_msgs/msg/detail/landing_gear__struct.h\n'}
[0.996190] (px4_msgs) StdoutLine: {'line': b'-- Up-to-date: /home/jmj/pro_asp_ws/ws_px4_controls/install/px4_msgs/include/px4_msgs/px4_msgs/msg/detail/actuator_motors__struct.h\n'}
[0.996228] (px4_msgs) StdoutLine: {'line': b'-- Up-to-date: /home/jmj/pro_asp_ws/ws_px4_controls/install/px4_msgs/include/px4_msgs/px4_msgs/msg/detail/power_button_state__functions.h\n'}
[0.996272] (px4_msgs) StdoutLine: {'line': b'-- Up-to-date: /home/jmj/pro_asp_ws/ws_px4_controls/install/px4_msgs/include/px4_msgs/px4_msgs/msg/detail/launch_detection_status__functions.c\n'}
[0.996298] (px4_msgs) StdoutLine: {'line': b'-- Up-to-date: /home/jmj/pro_asp_ws/ws_px4_controls/install/px4_msgs/include/px4_msgs/px4_msgs/msg/detail/trajectory_setpoint__struct.h\n'}
[0.996321] (px4_msgs) StdoutLine: {'line': b'-- Up-to-date: /home/jmj/pro_asp_ws/ws_px4_controls/install/px4_msgs/include/px4_msgs/px4_msgs/msg/detail/fixed_wing_longitudinal_setpoint__functions.h\n'}
[0.996346] (px4_msgs) StdoutLine: {'line': b'-- Up-to-date: /home/jmj/pro_asp_ws/ws_px4_controls/install/px4_msgs/include/px4_msgs/px4_msgs/msg/detail/dataman_request__functions.h\n'}
[0.996372] (px4_msgs) StdoutLine: {'line': b'-- Up-to-date: /home/jmj/pro_asp_ws/ws_px4_controls/install/px4_msgs/include/px4_msgs/px4_msgs/msg/detail/vehicle_torque_setpoint__functions.c\n'}
[0.996399] (px4_msgs) StdoutLine: {'line': b'-- Up-to-date: /home/jmj/pro_asp_ws/ws_px4_controls/install/px4_msgs/include/px4_msgs/px4_msgs/msg/detail/landing_gear__functions.c\n'}
[0.996455] (px4_msgs) StdoutLine: {'line': b'-- Up-to-date: /home/jmj/pro_asp_ws/ws_px4_controls/install/px4_msgs/include/px4_msgs/px4_msgs/msg/detail/esc_status__struct.h\n'}
[0.996491] (px4_msgs) StdoutLine: {'line': b'-- Up-to-date: /home/jmj/pro_asp_ws/ws_px4_controls/install/px4_msgs/include/px4_msgs/px4_msgs/msg/detail/vehicle_attitude__struct.h\n'}
[0.996523] (px4_msgs) StdoutLine: {'line': b'-- Up-to-date: /home/jmj/pro_asp_ws/ws_px4_controls/install/px4_msgs/include/px4_msgs/px4_msgs/msg/detail/register_ext_component_request__functions.h\n'}
[0.996550] (px4_msgs) StdoutLine: {'line': b'-- Up-to-date: /home/jmj/pro_asp_ws/ws_px4_controls/install/px4_msgs/include/px4_msgs/px4_msgs/msg/detail/parameter_set_used_request__struct.h\n'}
[0.996575] (px4_msgs) StdoutLine: {'line': b'-- Up-to-date: /home/jmj/pro_asp_ws/ws_px4_controls/install/px4_msgs/include/px4_msgs/px4_msgs/msg/detail/parameter_set_value_request__type_support.h\n'}
[0.996641] (px4_msgs) StdoutLine: {'line': b'-- Up-to-date: /home/jmj/pro_asp_ws/ws_px4_controls/install/px4_msgs/include/px4_msgs/px4_msgs/msg/detail/can_interface_status__functions.h\n'}
[0.996677] (px4_msgs) StdoutLine: {'line': b'-- Up-to-date: /home/jmj/pro_asp_ws/ws_px4_controls/install/px4_msgs/include/px4_msgs/px4_msgs/msg/detail/parameter_set_value_response__functions.h\n'}
[0.996719] (px4_msgs) StdoutLine: {'line': b'-- Up-to-date: /home/jmj/pro_asp_ws/ws_px4_controls/install/px4_msgs/include/px4_msgs/px4_msgs/msg/detail/pwm_input__type_support.h\n'}
[0.996746] (px4_msgs) StdoutLine: {'line': b'-- Up-to-date: /home/jmj/pro_asp_ws/ws_px4_controls/install/px4_msgs/include/px4_msgs/px4_msgs/msg/detail/landing_target_innovations__type_support.h\n'}
[0.996770] (px4_msgs) StdoutLine: {'line': b'-- Up-to-date: /home/jmj/pro_asp_ws/ws_px4_controls/install/px4_msgs/include/px4_msgs/px4_msgs/msg/detail/esc_report__type_support.h\n'}
[0.996796] (px4_msgs) StdoutLine: {'line': b'-- Up-to-date: /home/jmj/pro_asp_ws/ws_px4_controls/install/px4_msgs/include/px4_msgs/px4_msgs/msg/detail/vtol_vehicle_status__functions.c\n'}
[0.996825] (px4_msgs) StdoutLine: {'line': b'-- Up-to-date: /home/jmj/pro_asp_ws/ws_px4_controls/install/px4_msgs/include/px4_msgs/px4_msgs/msg/detail/power_monitor__struct.h\n'}
[0.996857] (px4_msgs) StdoutLine: {'line': b'-- Up-to-date: /home/jmj/pro_asp_ws/ws_px4_controls/install/px4_msgs/include/px4_msgs/px4_msgs/msg/detail/sensor_gnss_relative__functions.h\n'}
[0.996888] (px4_msgs) StdoutLine: {'line': b'-- Up-to-date: /home/jmj/pro_asp_ws/ws_px4_controls/install/px4_msgs/include/px4_msgs/px4_msgs/msg/detail/internal_combustion_engine_status__struct.h\n'}
[0.996969] (px4_msgs) StdoutLine: {'line': b'-- Up-to-date: /home/jmj/pro_asp_ws/ws_px4_controls/install/px4_msgs/include/px4_msgs/px4_msgs/msg/detail/vehicle_control_mode__struct.h\n'}
[0.997005] (px4_msgs) StdoutLine: {'line': b'-- Up-to-date: /home/jmj/pro_asp_ws/ws_px4_controls/install/px4_msgs/include/px4_msgs/px4_msgs/msg/detail/landing_target_innovations__struct.h\n'}
[0.997036] (px4_msgs) StdoutLine: {'line': b'-- Up-to-date: /home/jmj/pro_asp_ws/ws_px4_controls/install/px4_msgs/include/px4_msgs/px4_msgs/msg/detail/uavcan_parameter_request__functions.h\n'}
[0.997073] (px4_msgs) StdoutLine: {'line': b'-- Up-to-date: /home/jmj/pro_asp_ws/ws_px4_controls/install/px4_msgs/include/px4_msgs/px4_msgs/msg/detail/mission__functions.h\n'}
[0.997100] (px4_msgs) StdoutLine: {'line': b'-- Up-to-date: /home/jmj/pro_asp_ws/ws_px4_controls/install/px4_msgs/include/px4_msgs/px4_msgs/msg/detail/sensor_accel_fifo__type_support.h\n'}
[0.997126] (px4_msgs) StdoutLine: {'line': b'-- Up-to-date: /home/jmj/pro_asp_ws/ws_px4_controls/install/px4_msgs/include/px4_msgs/px4_msgs/msg/detail/landing_target_pose__type_support.h\n'}
[0.997151] (px4_msgs) StdoutLine: {'line': b'-- Up-to-date: /home/jmj/pro_asp_ws/ws_px4_controls/install/px4_msgs/include/px4_msgs/px4_msgs/msg/detail/orb_test__functions.h\n'}
[0.997187] (px4_msgs) StdoutLine: {'line': b'-- Up-to-date: /home/jmj/pro_asp_ws/ws_px4_controls/install/px4_msgs/include/px4_msgs/px4_msgs/msg/detail/follow_target__functions.c\n'}
[0.997212] (px4_msgs) StdoutLine: {'line': b'-- Up-to-date: /home/jmj/pro_asp_ws/ws_px4_controls/install/px4_msgs/include/px4_msgs/px4_msgs/msg/detail/offboard_control_mode__functions.h\n'}
[0.997235] (px4_msgs) StdoutLine: {'line': b'-- Up-to-date: /home/jmj/pro_asp_ws/ws_px4_controls/install/px4_msgs/include/px4_msgs/px4_msgs/msg/detail/lateral_control_configuration__struct.h\n'}
[0.997260] (px4_msgs) StdoutLine: {'line': b'-- Up-to-date: /home/jmj/pro_asp_ws/ws_px4_controls/install/px4_msgs/include/px4_msgs/px4_msgs/msg/detail/yaw_estimator_status__functions.c\n'}
[0.997283] (px4_msgs) StdoutLine: {'line': b'-- Up-to-date: /home/jmj/pro_asp_ws/ws_px4_controls/install/px4_msgs/include/px4_msgs/px4_msgs/msg/detail/gimbal_device_information__functions.h\n'}
[0.997306] (px4_msgs) StdoutLine: {'line': b'-- Up-to-date: /home/jmj/pro_asp_ws/ws_px4_controls/install/px4_msgs/include/px4_msgs/px4_msgs/msg/detail/sensor_accel_fifo__functions.h\n'}
[0.997331] (px4_msgs) StdoutLine: {'line': b'-- Up-to-date: /home/jmj/pro_asp_ws/ws_px4_controls/install/px4_msgs/include/px4_msgs/px4_msgs/msg/detail/position_controller_status__functions.c\n'}
[0.997355] (px4_msgs) StdoutLine: {'line': b'-- Up-to-date: /home/jmj/pro_asp_ws/ws_px4_controls/install/px4_msgs/include/px4_msgs/px4_msgs/msg/detail/hover_thrust_estimate__functions.h\n'}
[0.997390] (px4_msgs) StdoutLine: {'line': b'-- Up-to-date: /home/jmj/pro_asp_ws/ws_px4_controls/install/px4_msgs/include/px4_msgs/px4_msgs/msg/detail/orb_test_medium__type_support.h\n'}
[0.997428] (px4_msgs) StdoutLine: {'line': b'-- Up-to-date: /home/jmj/pro_asp_ws/ws_px4_controls/install/px4_msgs/include/px4_msgs/px4_msgs/msg/detail/button_event__functions.c\n'}
[0.997463] (px4_msgs) StdoutLine: {'line': b'-- Up-to-date: /home/jmj/pro_asp_ws/ws_px4_controls/install/px4_msgs/include/px4_msgs/px4_msgs/msg/detail/internal_combustion_engine_control__type_support.h\n'}
[0.997497] (px4_msgs) StdoutLine: {'line': b'-- Up-to-date: /home/jmj/pro_asp_ws/ws_px4_controls/install/px4_msgs/include/px4_msgs/px4_msgs/msg/debug_array.h\n'}
[0.997535] (px4_msgs) StdoutLine: {'line': b'-- Up-to-date: /home/jmj/pro_asp_ws/ws_px4_controls/install/px4_msgs/include/px4_msgs/px4_msgs/msg/takeoff_status.h\n'}
[0.997563] (px4_msgs) StdoutLine: {'line': b'-- Up-to-date: /home/jmj/pro_asp_ws/ws_px4_controls/install/px4_msgs/include/px4_msgs/px4_msgs/msg/offboard_control_mode.h\n'}
[0.997601] (px4_msgs) StdoutLine: {'line': b'-- Up-to-date: /home/jmj/pro_asp_ws/ws_px4_controls/install/px4_msgs/include/px4_msgs/px4_msgs/msg/gimbal_controls.h\n'}
[0.997628] (px4_msgs) StdoutLine: {'line': b'-- Up-to-date: /home/jmj/pro_asp_ws/ws_px4_controls/install/px4_msgs/include/px4_msgs/px4_msgs/msg/vehicle_status.h\n'}
[0.997654] (px4_msgs) StdoutLine: {'line': b'-- Up-to-date: /home/jmj/pro_asp_ws/ws_px4_controls/install/px4_msgs/include/px4_msgs/px4_msgs/msg/estimator_sensor_bias.h\n'}
[0.997681] (px4_msgs) StdoutLine: {'line': b'-- Up-to-date: /home/jmj/pro_asp_ws/ws_px4_controls/install/px4_msgs/include/px4_msgs/px4_msgs/msg/orb_test_large.h\n'}
[0.997703] (px4_msgs) StdoutLine: {'line': b'-- Up-to-date: /home/jmj/pro_asp_ws/ws_px4_controls/install/px4_msgs/include/px4_msgs/px4_msgs/msg/gimbal_device_attitude_status.h\n'}
[0.997728] (px4_msgs) StdoutLine: {'line': b'-- Up-to-date: /home/jmj/pro_asp_ws/ws_px4_controls/install/px4_msgs/include/px4_msgs/px4_msgs/msg/position_controller_landing_status.h\n'}
[0.997751] (px4_msgs) StdoutLine: {'line': b'-- Up-to-date: /home/jmj/pro_asp_ws/ws_px4_controls/install/px4_msgs/include/px4_msgs/px4_msgs/msg/gimbal_device_information.h\n'}
[0.997773] (px4_msgs) StdoutLine: {'line': b'-- Up-to-date: /home/jmj/pro_asp_ws/ws_px4_controls/install/px4_msgs/include/px4_msgs/px4_msgs/msg/velocity_limits.h\n'}
[0.997798] (px4_msgs) StdoutLine: {'line': b'-- Up-to-date: /home/jmj/pro_asp_ws/ws_px4_controls/install/px4_msgs/include/px4_msgs/px4_msgs/msg/heater_status.h\n'}
[0.997823] (px4_msgs) StdoutLine: {'line': b'-- Up-to-date: /home/jmj/pro_asp_ws/ws_px4_controls/install/px4_msgs/include/px4_msgs/px4_msgs/msg/vehicle_control_mode.h\n'}
[0.997850] (px4_msgs) StdoutLine: {'line': b'-- Up-to-date: /home/jmj/pro_asp_ws/ws_px4_controls/install/px4_msgs/include/px4_msgs/px4_msgs/msg/failsafe_flags.h\n'}
[0.997875] (px4_msgs) StdoutLine: {'line': b'-- Up-to-date: /home/jmj/pro_asp_ws/ws_px4_controls/install/px4_msgs/include/px4_msgs/px4_msgs/msg/estimator_status.h\n'}
[0.997903] (px4_msgs) StdoutLine: {'line': b'-- Up-to-date: /home/jmj/pro_asp_ws/ws_px4_controls/install/px4_msgs/include/px4_msgs/px4_msgs/msg/irlock_report.h\n'}
[0.997931] (px4_msgs) StdoutLine: {'line': b'-- Up-to-date: /home/jmj/pro_asp_ws/ws_px4_controls/install/px4_msgs/include/px4_msgs/px4_msgs/msg/vehicle_local_position_setpoint.h\n'}
[0.997976] (px4_msgs) StdoutLine: {'line': b'-- Up-to-date: /home/jmj/pro_asp_ws/ws_px4_controls/install/px4_msgs/include/px4_msgs/px4_msgs/msg/wheel_encoders.h\n'}
[0.998067] (px4_msgs) StdoutLine: {'line': b'-- Up-to-date: /home/jmj/pro_asp_ws/ws_px4_controls/install/px4_msgs/include/px4_msgs/px4_msgs/msg/rover_velocity_status.h\n'}
[0.998223] (px4_msgs) StdoutLine: {'line': b'-- Up-to-date: /home/jmj/pro_asp_ws/ws_px4_controls/install/px4_msgs/include/px4_msgs/px4_msgs/msg/qshell_retval.h\n'}
[0.998254] (px4_msgs) StdoutLine: {'line': b'-- Up-to-date: /home/jmj/pro_asp_ws/ws_px4_controls/install/px4_msgs/include/px4_msgs/px4_msgs/msg/rover_attitude_setpoint.h\n'}
[0.998288] (px4_msgs) StdoutLine: {'line': b'-- Up-to-date: /home/jmj/pro_asp_ws/ws_px4_controls/install/px4_msgs/include/px4_msgs/px4_msgs/msg/rpm.h\n'}
[0.998314] (px4_msgs) StdoutLine: {'line': b'-- Up-to-date: /home/jmj/pro_asp_ws/ws_px4_controls/install/px4_msgs/include/px4_msgs/px4_msgs/msg/estimator_status_flags.h\n'}
[0.998337] (px4_msgs) StdoutLine: {'line': b'-- Up-to-date: /home/jmj/pro_asp_ws/ws_px4_controls/install/px4_msgs/include/px4_msgs/px4_msgs/msg/mavlink_tunnel.h\n'}
[0.998361] (px4_msgs) StdoutLine: {'line': b'-- Up-to-date: /home/jmj/pro_asp_ws/ws_px4_controls/install/px4_msgs/include/px4_msgs/px4_msgs/msg/airspeed.h\n'}
[0.998385] (px4_msgs) StdoutLine: {'line': b'-- Up-to-date: /home/jmj/pro_asp_ws/ws_px4_controls/install/px4_msgs/include/px4_msgs/px4_msgs/msg/rover_position_setpoint.h\n'}
[0.998409] (px4_msgs) StdoutLine: {'line': b'-- Up-to-date: /home/jmj/pro_asp_ws/ws_px4_controls/install/px4_msgs/include/px4_msgs/px4_msgs/msg/qshell_req.h\n'}
[0.998434] (px4_msgs) StdoutLine: {'line': b'-- Up-to-date: /home/jmj/pro_asp_ws/ws_px4_controls/install/px4_msgs/include/px4_msgs/px4_msgs/msg/manual_control_switches.h\n'}
[0.998459] (px4_msgs) StdoutLine: {'line': b'-- Up-to-date: /home/jmj/pro_asp_ws/ws_px4_controls/install/px4_msgs/include/px4_msgs/px4_msgs/msg/gps_dump.h\n'}
[0.998483] (px4_msgs) StdoutLine: {'line': b'-- Up-to-date: /home/jmj/pro_asp_ws/ws_px4_controls/install/px4_msgs/include/px4_msgs/px4_msgs/msg/sensor_mag.h\n'}
[0.998507] (px4_msgs) StdoutLine: {'line': b'-- Up-to-date: /home/jmj/pro_asp_ws/ws_px4_controls/install/px4_msgs/include/px4_msgs/px4_msgs/msg/vehicle_magnetometer.h\n'}
[0.998531] (px4_msgs) StdoutLine: {'line': b'-- Up-to-date: /home/jmj/pro_asp_ws/ws_px4_controls/install/px4_msgs/include/px4_msgs/px4_msgs/msg/actuator_outputs.h\n'}
[0.998554] (px4_msgs) StdoutLine: {'line': b'-- Up-to-date: /home/jmj/pro_asp_ws/ws_px4_controls/install/px4_msgs/include/px4_msgs/px4_msgs/msg/unregister_ext_component.h\n'}
[0.998578] (px4_msgs) StdoutLine: {'line': b'-- Up-to-date: /home/jmj/pro_asp_ws/ws_px4_controls/install/px4_msgs/include/px4_msgs/px4_msgs/msg/normalized_unsigned_setpoint.h\n'}
[0.998601] (px4_msgs) StdoutLine: {'line': b'-- Up-to-date: /home/jmj/pro_asp_ws/ws_px4_controls/install/px4_msgs/include/px4_msgs/px4_msgs/msg/vtol_vehicle_status.h\n'}
[0.998624] (px4_msgs) StdoutLine: {'line': b'-- Up-to-date: /home/jmj/pro_asp_ws/ws_px4_controls/install/px4_msgs/include/px4_msgs/px4_msgs/msg/vehicle_roi.h\n'}
[0.998648] (px4_msgs) StdoutLine: {'line': b'-- Up-to-date: /home/jmj/pro_asp_ws/ws_px4_controls/install/px4_msgs/include/px4_msgs/px4_msgs/msg/telemetry_status.h\n'}
[0.998758] (px4_msgs) StdoutLine: {'line': b'-- Up-to-date: /home/jmj/pro_asp_ws/ws_px4_controls/install/px4_msgs/include/px4_msgs/px4_msgs/msg/estimator_innovations.h\n'}
[0.998785] (px4_msgs) StdoutLine: {'line': b'-- Up-to-date: /home/jmj/pro_asp_ws/ws_px4_controls/install/px4_msgs/include/px4_msgs/px4_msgs/msg/vehicle_torque_setpoint.h\n'}
[0.998811] (px4_msgs) StdoutLine: {'line': b'-- Up-to-date: /home/jmj/pro_asp_ws/ws_px4_controls/install/px4_msgs/include/px4_msgs/px4_msgs/msg/obstacle_distance.h\n'}
[0.998837] (px4_msgs) StdoutLine: {'line': b'-- Up-to-date: /home/jmj/pro_asp_ws/ws_px4_controls/install/px4_msgs/include/px4_msgs/px4_msgs/msg/debug_value.h\n'}
[0.998862] (px4_msgs) StdoutLine: {'line': b'-- Up-to-date: /home/jmj/pro_asp_ws/ws_px4_controls/install/px4_msgs/include/px4_msgs/px4_msgs/msg/open_drone_id_self_id.h\n'}
[0.998886] (px4_msgs) StdoutLine: {'line': b'-- Up-to-date: /home/jmj/pro_asp_ws/ws_px4_controls/install/px4_msgs/include/px4_msgs/px4_msgs/msg/power_button_state.h\n'}
[0.998910] (px4_msgs) StdoutLine: {'line': b'-- Up-to-date: /home/jmj/pro_asp_ws/ws_px4_controls/install/px4_msgs/include/px4_msgs/px4_msgs/msg/gimbal_manager_set_attitude.h\n'}
[0.998936] (px4_msgs) StdoutLine: {'line': b'-- Up-to-date: /home/jmj/pro_asp_ws/ws_px4_controls/install/px4_msgs/include/px4_msgs/px4_msgs/msg/open_drone_id_operator_id.h\n'}
[0.999118] (px4_msgs) StdoutLine: {'line': b'-- Up-to-date: /home/jmj/pro_asp_ws/ws_px4_controls/install/px4_msgs/include/px4_msgs/px4_msgs/msg/sensors_status.h\n'}
[0.999192] (px4_msgs) StdoutLine: {'line': b'-- Up-to-date: /home/jmj/pro_asp_ws/ws_px4_controls/install/px4_msgs/include/px4_msgs/px4_msgs/msg/lateral_control_configuration.h\n'}
[0.999237] (px4_msgs) StdoutLine: {'line': b'-- Up-to-date: /home/jmj/pro_asp_ws/ws_px4_controls/install/px4_msgs/include/px4_msgs/px4_msgs/msg/esc_status.h\n'}
[0.999278] (px4_msgs) StdoutLine: {'line': b'-- Up-to-date: /home/jmj/pro_asp_ws/ws_px4_controls/install/px4_msgs/include/px4_msgs/px4_msgs/msg/actuator_motors.h\n'}
[0.999320] (px4_msgs) StdoutLine: {'line': b'-- Up-to-date: /home/jmj/pro_asp_ws/ws_px4_controls/install/px4_msgs/include/px4_msgs/px4_msgs/msg/generator_status.h\n'}
[0.999361] (px4_msgs) StdoutLine: {'line': b'-- Up-to-date: /home/jmj/pro_asp_ws/ws_px4_controls/install/px4_msgs/include/px4_msgs/px4_msgs/msg/rate_ctrl_status.h\n'}
[0.999411] (px4_msgs) StdoutLine: {'line': b'-- Up-to-date: /home/jmj/pro_asp_ws/ws_px4_controls/install/px4_msgs/include/px4_msgs/px4_msgs/msg/position_controller_status.h\n'}
[0.999452] (px4_msgs) StdoutLine: {'line': b'-- Up-to-date: /home/jmj/pro_asp_ws/ws_px4_controls/install/px4_msgs/include/px4_msgs/px4_msgs/msg/distance_sensor.h\n'}
[0.999492] (px4_msgs) StdoutLine: {'line': b'-- Up-to-date: /home/jmj/pro_asp_ws/ws_px4_controls/install/px4_msgs/include/px4_msgs/px4_msgs/msg/dataman_request.h\n'}
[0.999534] (px4_msgs) StdoutLine: {'line': b'-- Up-to-date: /home/jmj/pro_asp_ws/ws_px4_controls/install/px4_msgs/include/px4_msgs/px4_msgs/msg/vehicle_acceleration.h\n'}
[0.999576] (px4_msgs) StdoutLine: {'line': b'-- Up-to-date: /home/jmj/pro_asp_ws/ws_px4_controls/install/px4_msgs/include/px4_msgs/px4_msgs/msg/sensor_airflow.h\n'}
[0.999617] (px4_msgs) StdoutLine: {'line': b'-- Up-to-date: /home/jmj/pro_asp_ws/ws_px4_controls/install/px4_msgs/include/px4_msgs/px4_msgs/msg/landing_gear.h\n'}
[0.999657] (px4_msgs) StdoutLine: {'line': b'-- Up-to-date: /home/jmj/pro_asp_ws/ws_px4_controls/install/px4_msgs/include/px4_msgs/px4_msgs/msg/gripper.h\n'}
[0.999696] (px4_msgs) StdoutLine: {'line': b'-- Up-to-date: /home/jmj/pro_asp_ws/ws_px4_controls/install/px4_msgs/include/px4_msgs/px4_msgs/msg/position_setpoint.h\n'}
[0.999735] (px4_msgs) StdoutLine: {'line': b'-- Up-to-date: /home/jmj/pro_asp_ws/ws_px4_controls/install/px4_msgs/include/px4_msgs/px4_msgs/msg/sensor_baro.h\n'}
[0.999774] (px4_msgs) StdoutLine: {'line': b'-- Up-to-date: /home/jmj/pro_asp_ws/ws_px4_controls/install/px4_msgs/include/px4_msgs/px4_msgs/msg/flight_phase_estimation.h\n'}
[0.999813] (px4_msgs) StdoutLine: {'line': b'-- Up-to-date: /home/jmj/pro_asp_ws/ws_px4_controls/install/px4_msgs/include/px4_msgs/px4_msgs/msg/register_ext_component_reply.h\n'}
[0.999853] (px4_msgs) StdoutLine: {'line': b'-- Up-to-date: /home/jmj/pro_asp_ws/ws_px4_controls/install/px4_msgs/include/px4_msgs/px4_msgs/msg/parameter_set_used_request.h\n'}
[0.999892] (px4_msgs) StdoutLine: {'line': b'-- Up-to-date: /home/jmj/pro_asp_ws/ws_px4_controls/install/px4_msgs/include/px4_msgs/px4_msgs/msg/actuator_controls_status.h\n'}
[0.999932] (px4_msgs) StdoutLine: {'line': b'-- Up-to-date: /home/jmj/pro_asp_ws/ws_px4_controls/install/px4_msgs/include/px4_msgs/px4_msgs/msg/gps_inject_data.h\n'}
[1.000146] (px4_msgs) StdoutLine: {'line': b'-- Up-to-date: /home/jmj/pro_asp_ws/ws_px4_controls/install/px4_msgs/include/px4_msgs/px4_msgs/msg/vehicle_attitude.h\n'}
[1.000347] (px4_msgs) StdoutLine: {'line': b'-- Up-to-date: /home/jmj/pro_asp_ws/ws_px4_controls/install/px4_msgs/include/px4_msgs/px4_msgs/msg/mavlink_log.h\n'}
[1.000509] (px4_msgs) StdoutLine: {'line': b'-- Up-to-date: /home/jmj/pro_asp_ws/ws_px4_controls/install/px4_msgs/include/px4_msgs/px4_msgs/msg/wind.h\n'}
[1.000648] (px4_msgs) StdoutLine: {'line': b'-- Up-to-date: /home/jmj/pro_asp_ws/ws_px4_controls/install/px4_msgs/include/px4_msgs/px4_msgs/msg/yaw_estimator_status.h\n'}
[1.000800] (px4_msgs) StdoutLine: {'line': b'-- Up-to-date: /home/jmj/pro_asp_ws/ws_px4_controls/install/px4_msgs/include/px4_msgs/px4_msgs/msg/gpio_out.h\n'}
[1.000925] (px4_msgs) StdoutLine: {'line': b'-- Up-to-date: /home/jmj/pro_asp_ws/ws_px4_controls/install/px4_msgs/include/px4_msgs/px4_msgs/msg/satellite_info.h\n'}
[1.001034] (-) TimerEvent: {}
[1.001176] (px4_msgs) StdoutLine: {'line': b'-- Up-to-date: /home/jmj/pro_asp_ws/ws_px4_controls/install/px4_msgs/include/px4_msgs/px4_msgs/msg/position_setpoint_triplet.h\n'}
[1.001291] (px4_msgs) StdoutLine: {'line': b'-- Up-to-date: /home/jmj/pro_asp_ws/ws_px4_controls/install/px4_msgs/include/px4_msgs/px4_msgs/msg/rtl_status.h\n'}
[1.001424] (px4_msgs) StdoutLine: {'line': b'-- Up-to-date: /home/jmj/pro_asp_ws/ws_px4_controls/install/px4_msgs/include/px4_msgs/px4_msgs/msg/landing_gear_wheel.h\n'}
[1.001539] (px4_msgs) StdoutLine: {'line': b'-- Up-to-date: /home/jmj/pro_asp_ws/ws_px4_controls/install/px4_msgs/include/px4_msgs/px4_msgs/msg/uavcan_parameter_request.h\n'}
[1.001657] (px4_msgs) StdoutLine: {'line': b'-- Up-to-date: /home/jmj/pro_asp_ws/ws_px4_controls/install/px4_msgs/include/px4_msgs/px4_msgs/msg/parameter_update.h\n'}
[1.001765] (px4_msgs) StdoutLine: {'line': b'-- Up-to-date: /home/jmj/pro_asp_ws/ws_px4_controls/install/px4_msgs/include/px4_msgs/px4_msgs/msg/tiltrotor_extra_controls.h\n'}
[1.001879] (px4_msgs) StdoutLine: {'line': b'-- Up-to-date: /home/jmj/pro_asp_ws/ws_px4_controls/install/px4_msgs/include/px4_msgs/px4_msgs/msg/hover_thrust_estimate.h\n'}
[1.001999] (px4_msgs) StdoutLine: {'line': b'-- Up-to-date: /home/jmj/pro_asp_ws/ws_px4_controls/install/px4_msgs/include/px4_msgs/px4_msgs/msg/sensor_accel_fifo.h\n'}
[1.002114] (px4_msgs) StdoutLine: {'line': b'-- Up-to-date: /home/jmj/pro_asp_ws/ws_px4_controls/install/px4_msgs/include/px4_msgs/px4_msgs/msg/vehicle_land_detected.h\n'}
[1.002226] (px4_msgs) StdoutLine: {'line': b'-- Up-to-date: /home/jmj/pro_asp_ws/ws_px4_controls/install/px4_msgs/include/px4_msgs/px4_msgs/msg/estimator_bias.h\n'}
[1.002332] (px4_msgs) StdoutLine: {'line': b'-- Up-to-date: /home/jmj/pro_asp_ws/ws_px4_controls/install/px4_msgs/include/px4_msgs/px4_msgs/msg/pure_pursuit_status.h\n'}
[1.002437] (px4_msgs) StdoutLine: {'line': b'-- Up-to-date: /home/jmj/pro_asp_ws/ws_px4_controls/install/px4_msgs/include/px4_msgs/px4_msgs/msg/sensor_gnss_relative.h\n'}
[1.002545] (px4_msgs) StdoutLine: {'line': b'-- Up-to-date: /home/jmj/pro_asp_ws/ws_px4_controls/install/px4_msgs/include/px4_msgs/px4_msgs/msg/open_drone_id_arm_status.h\n'}
[1.002651] (px4_msgs) StdoutLine: {'line': b'-- Up-to-date: /home/jmj/pro_asp_ws/ws_px4_controls/install/px4_msgs/include/px4_msgs/px4_msgs/msg/sensor_preflight_mag.h\n'}
[1.002759] (px4_msgs) StdoutLine: {'line': b'-- Up-to-date: /home/jmj/pro_asp_ws/ws_px4_controls/install/px4_msgs/include/px4_msgs/px4_msgs/msg/message_format_response.h\n'}
[1.002885] (px4_msgs) StdoutLine: {'line': b'-- Up-to-date: /home/jmj/pro_asp_ws/ws_px4_controls/install/px4_msgs/include/px4_msgs/px4_msgs/msg/logger_status.h\n'}
[1.002996] (px4_msgs) StdoutLine: {'line': b'-- Up-to-date: /home/jmj/pro_asp_ws/ws_px4_controls/install/px4_msgs/include/px4_msgs/px4_msgs/msg/system_power.h\n'}
[1.003062] (px4_msgs) StdoutLine: {'line': b'-- Up-to-date: /home/jmj/pro_asp_ws/ws_px4_controls/install/px4_msgs/include/px4_msgs/px4_msgs/msg/gimbal_manager_information.h\n'}
[1.003122] (px4_msgs) StdoutLine: {'line': b'-- Up-to-date: /home/jmj/pro_asp_ws/ws_px4_controls/install/px4_msgs/include/px4_msgs/px4_msgs/msg/dataman_response.h\n'}
[1.003180] (px4_msgs) StdoutLine: {'line': b'-- Up-to-date: /home/jmj/pro_asp_ws/ws_px4_controls/install/px4_msgs/include/px4_msgs/px4_msgs/msg/follow_target.h\n'}
[1.003238] (px4_msgs) StdoutLine: {'line': b'-- Up-to-date: /home/jmj/pro_asp_ws/ws_px4_controls/install/px4_msgs/include/px4_msgs/px4_msgs/msg/gimbal_manager_status.h\n'}
[1.003295] (px4_msgs) StdoutLine: {'line': b'-- Up-to-date: /home/jmj/pro_asp_ws/ws_px4_controls/install/px4_msgs/include/px4_msgs/px4_msgs/msg/navigator_status.h\n'}
[1.003353] (px4_msgs) StdoutLine: {'line': b'-- Up-to-date: /home/jmj/pro_asp_ws/ws_px4_controls/install/px4_msgs/include/px4_msgs/px4_msgs/msg/airspeed_wind.h\n'}
[1.003418] (px4_msgs) StdoutLine: {'line': b'-- Up-to-date: /home/jmj/pro_asp_ws/ws_px4_controls/install/px4_msgs/include/px4_msgs/px4_msgs/msg/sensor_correction.h\n'}
[1.003478] (px4_msgs) StdoutLine: {'line': b'-- Up-to-date: /home/jmj/pro_asp_ws/ws_px4_controls/install/px4_msgs/include/px4_msgs/px4_msgs/msg/rtl_time_estimate.h\n'}
[1.003538] (px4_msgs) StdoutLine: {'line': b'-- Up-to-date: /home/jmj/pro_asp_ws/ws_px4_controls/install/px4_msgs/include/px4_msgs/px4_msgs/msg/vehicle_imu.h\n'}
[1.003596] (px4_msgs) StdoutLine: {'line': b'-- Up-to-date: /home/jmj/pro_asp_ws/ws_px4_controls/install/px4_msgs/include/px4_msgs/px4_msgs/msg/vehicle_attitude_setpoint.h\n'}
[1.003658] (px4_msgs) StdoutLine: {'line': b'-- Up-to-date: /home/jmj/pro_asp_ws/ws_px4_controls/install/px4_msgs/include/px4_msgs/px4_msgs/msg/sensor_accel.h\n'}
[1.003717] (px4_msgs) StdoutLine: {'line': b'-- Up-to-date: /home/jmj/pro_asp_ws/ws_px4_controls/install/px4_msgs/include/px4_msgs/px4_msgs/msg/sensor_optical_flow.h\n'}
[1.003775] (px4_msgs) StdoutLine: {'line': b'-- Up-to-date: /home/jmj/pro_asp_ws/ws_px4_controls/install/px4_msgs/include/px4_msgs/px4_msgs/msg/orb_test.h\n'}
[1.003834] (px4_msgs) StdoutLine: {'line': b'-- Up-to-date: /home/jmj/pro_asp_ws/ws_px4_controls/install/px4_msgs/include/px4_msgs/px4_msgs/msg/parameter_set_value_response.h\n'}
[1.003893] (px4_msgs) StdoutLine: {'line': b'-- Up-to-date: /home/jmj/pro_asp_ws/ws_px4_controls/install/px4_msgs/include/px4_msgs/px4_msgs/msg/vehicle_odometry.h\n'}
[1.003957] (px4_msgs) StdoutLine: {'line': b'-- Up-to-date: /home/jmj/pro_asp_ws/ws_px4_controls/install/px4_msgs/include/px4_msgs/px4_msgs/msg/rc_parameter_map.h\n'}
[1.004021] (px4_msgs) StdoutLine: {'line': b'-- Up-to-date: /home/jmj/pro_asp_ws/ws_px4_controls/install/px4_msgs/include/px4_msgs/px4_msgs/msg/rover_throttle_setpoint.h\n'}
[1.004089] (px4_msgs) StdoutLine: {'line': b'-- Up-to-date: /home/jmj/pro_asp_ws/ws_px4_controls/install/px4_msgs/include/px4_msgs/px4_msgs/msg/px4io_status.h\n'}
[1.004147] (px4_msgs) StdoutLine: {'line': b'-- Up-to-date: /home/jmj/pro_asp_ws/ws_px4_controls/install/px4_msgs/include/px4_msgs/px4_msgs/msg/sensors_status_imu.h\n'}
[1.004204] (px4_msgs) StdoutLine: {'line': b'-- Up-to-date: /home/jmj/pro_asp_ws/ws_px4_controls/install/px4_msgs/include/px4_msgs/px4_msgs/msg/camera_capture.h\n'}
[1.004262] (px4_msgs) StdoutLine: {'line': b'-- Up-to-date: /home/jmj/pro_asp_ws/ws_px4_controls/install/px4_msgs/include/px4_msgs/px4_msgs/msg/open_drone_id_system.h\n'}
[1.004323] (px4_msgs) StdoutLine: {'line': b'-- Up-to-date: /home/jmj/pro_asp_ws/ws_px4_controls/install/px4_msgs/include/px4_msgs/px4_msgs/msg/differential_pressure.h\n'}
[1.004381] (px4_msgs) StdoutLine: {'line': b'-- Up-to-date: /home/jmj/pro_asp_ws/ws_px4_controls/install/px4_msgs/include/px4_msgs/px4_msgs/msg/tecs_status.h\n'}
[1.004440] (px4_msgs) StdoutLine: {'line': b'-- Up-to-date: /home/jmj/pro_asp_ws/ws_px4_controls/install/px4_msgs/include/px4_msgs/px4_msgs/msg/mag_worker_data.h\n'}
[1.004500] (px4_msgs) StdoutLine: {'line': b'-- Up-to-date: /home/jmj/pro_asp_ws/ws_px4_controls/install/px4_msgs/include/px4_msgs/px4_msgs/msg/estimator_aid_source1d.h\n'}
[1.004565] (px4_msgs) StdoutLine: {'line': b'-- Up-to-date: /home/jmj/pro_asp_ws/ws_px4_controls/install/px4_msgs/include/px4_msgs/px4_msgs/msg/geofence_result.h\n'}
[1.004626] (px4_msgs) StdoutLine: {'line': b'-- Up-to-date: /home/jmj/pro_asp_ws/ws_px4_controls/install/px4_msgs/include/px4_msgs/px4_msgs/msg/cpuload.h\n'}
[1.004689] (px4_msgs) StdoutLine: {'line': b'-- Up-to-date: /home/jmj/pro_asp_ws/ws_px4_controls/install/px4_msgs/include/px4_msgs/px4_msgs/msg/estimator_event_flags.h\n'}
[1.004748] (px4_msgs) StdoutLine: {'line': b'-- Up-to-date: /home/jmj/pro_asp_ws/ws_px4_controls/install/px4_msgs/include/px4_msgs/px4_msgs/msg/health_report.h\n'}
[1.004807] (px4_msgs) StdoutLine: {'line': b'-- Up-to-date: /home/jmj/pro_asp_ws/ws_px4_controls/install/px4_msgs/include/px4_msgs/px4_msgs/msg/transponder_report.h\n'}
[1.004886] (px4_msgs) StdoutLine: {'line': b'-- Up-to-date: /home/jmj/pro_asp_ws/ws_px4_controls/install/px4_msgs/include/px4_msgs/px4_msgs/msg/gpio_in.h\n'}
[1.004949] (px4_msgs) StdoutLine: {'line': b'-- Up-to-date: /home/jmj/pro_asp_ws/ws_px4_controls/install/px4_msgs/include/px4_msgs/px4_msgs/msg/landing_target_innovations.h\n'}
[1.005042] (px4_msgs) StdoutLine: {'line': b'-- Up-to-date: /home/jmj/pro_asp_ws/ws_px4_controls/install/px4_msgs/include/px4_msgs/px4_msgs/msg/fixed_wing_lateral_guidance_status.h\n'}
[1.005073] (px4_msgs) StdoutLine: {'line': b'-- Up-to-date: /home/jmj/pro_asp_ws/ws_px4_controls/install/px4_msgs/include/px4_msgs/px4_msgs/msg/distance_sensor_mode_change_request.h\n'}
[1.005098] (px4_msgs) StdoutLine: {'line': b'-- Up-to-date: /home/jmj/pro_asp_ws/ws_px4_controls/install/px4_msgs/include/px4_msgs/px4_msgs/msg/radio_status.h\n'}
[1.005121] (px4_msgs) StdoutLine: {'line': b'-- Up-to-date: /home/jmj/pro_asp_ws/ws_px4_controls/install/px4_msgs/include/px4_msgs/px4_msgs/msg/rover_steering_setpoint.h\n'}
[1.005144] (px4_msgs) StdoutLine: {'line': b'-- Up-to-date: /home/jmj/pro_asp_ws/ws_px4_controls/install/px4_msgs/include/px4_msgs/px4_msgs/msg/mission.h\n'}
[1.005168] (px4_msgs) StdoutLine: {'line': b'-- Up-to-date: /home/jmj/pro_asp_ws/ws_px4_controls/install/px4_msgs/include/px4_msgs/px4_msgs/msg/rc_channels.h\n'}
[1.005192] (px4_msgs) StdoutLine: {'line': b'-- Up-to-date: /home/jmj/pro_asp_ws/ws_px4_controls/install/px4_msgs/include/px4_msgs/px4_msgs/msg/longitudinal_control_configuration.h\n'}
[1.005215] (px4_msgs) StdoutLine: {'line': b'-- Up-to-date: /home/jmj/pro_asp_ws/ws_px4_controls/install/px4_msgs/include/px4_msgs/px4_msgs/msg/manual_control_setpoint.h\n'}
[1.005236] (px4_msgs) StdoutLine: {'line': b'-- Up-to-date: /home/jmj/pro_asp_ws/ws_px4_controls/install/px4_msgs/include/px4_msgs/px4_msgs/msg/action_request.h\n'}
[1.005259] (px4_msgs) StdoutLine: {'line': b'-- Up-to-date: /home/jmj/pro_asp_ws/ws_px4_controls/install/px4_msgs/include/px4_msgs/px4_msgs/msg/goto_setpoint.h\n'}
[1.005280] (px4_msgs) StdoutLine: {'line': b'-- Up-to-date: /home/jmj/pro_asp_ws/ws_px4_controls/install/px4_msgs/include/px4_msgs/px4_msgs/msg/tune_control.h\n'}
[1.005303] (px4_msgs) StdoutLine: {'line': b'-- Up-to-date: /home/jmj/pro_asp_ws/ws_px4_controls/install/px4_msgs/include/px4_msgs/px4_msgs/msg/sensor_hygrometer.h\n'}
[1.005328] (px4_msgs) StdoutLine: {'line': b'-- Up-to-date: /home/jmj/pro_asp_ws/ws_px4_controls/install/px4_msgs/include/px4_msgs/px4_msgs/msg/vehicle_air_data.h\n'}
[1.005350] (px4_msgs) StdoutLine: {'line': b'-- Up-to-date: /home/jmj/pro_asp_ws/ws_px4_controls/install/px4_msgs/include/px4_msgs/px4_msgs/msg/parameter_set_value_request.h\n'}
[1.005370] (px4_msgs) StdoutLine: {'line': b'-- Up-to-date: /home/jmj/pro_asp_ws/ws_px4_controls/install/px4_msgs/include/px4_msgs/px4_msgs/msg/vehicle_command_ack.h\n'}
[1.005391] (px4_msgs) StdoutLine: {'line': b'-- Up-to-date: /home/jmj/pro_asp_ws/ws_px4_controls/install/px4_msgs/include/px4_msgs/px4_msgs/msg/mount_orientation.h\n'}
[1.005412] (px4_msgs) StdoutLine: {'line': b'-- Up-to-date: /home/jmj/pro_asp_ws/ws_px4_controls/install/px4_msgs/include/px4_msgs/px4_msgs/msg/mode_completed.h\n'}
[1.005432] (px4_msgs) StdoutLine: {'line': b'-- Up-to-date: /home/jmj/pro_asp_ws/ws_px4_controls/install/px4_msgs/include/px4_msgs/px4_msgs/msg/fixed_wing_lateral_status.h\n'}
[1.005453] (px4_msgs) StdoutLine: {'line': b'-- Up-to-date: /home/jmj/pro_asp_ws/ws_px4_controls/install/px4_msgs/include/px4_msgs/px4_msgs/msg/orbit_status.h\n'}
[1.005474] (px4_msgs) StdoutLine: {'line': b'-- Up-to-date: /home/jmj/pro_asp_ws/ws_px4_controls/install/px4_msgs/include/px4_msgs/px4_msgs/msg/vehicle_optical_flow.h\n'}
[1.005503] (px4_msgs) StdoutLine: {'line': b'-- Up-to-date: /home/jmj/pro_asp_ws/ws_px4_controls/install/px4_msgs/include/px4_msgs/px4_msgs/msg/autotune_attitude_control_status.h\n'}
[1.005526] (px4_msgs) StdoutLine: {'line': b'-- Up-to-date: /home/jmj/pro_asp_ws/ws_px4_controls/install/px4_msgs/include/px4_msgs/px4_msgs/msg/sensor_gps.h\n'}
[1.005550] (px4_msgs) StdoutLine: {'line': b'-- Up-to-date: /home/jmj/pro_asp_ws/ws_px4_controls/install/px4_msgs/include/px4_msgs/px4_msgs/msg/failure_detector_status.h\n'}
[1.005571] (px4_msgs) StdoutLine: {'line': b'-- Up-to-date: /home/jmj/pro_asp_ws/ws_px4_controls/install/px4_msgs/include/px4_msgs/px4_msgs/msg/follow_target_estimator.h\n'}
[1.005591] (px4_msgs) StdoutLine: {'line': b'-- Up-to-date: /home/jmj/pro_asp_ws/ws_px4_controls/install/px4_msgs/include/px4_msgs/px4_msgs/msg/vehicle_rates_setpoint.h\n'}
[1.005612] (px4_msgs) StdoutLine: {'line': b'-- Up-to-date: /home/jmj/pro_asp_ws/ws_px4_controls/install/px4_msgs/include/px4_msgs/px4_msgs/msg/control_allocator_status.h\n'}
[1.005636] (px4_msgs) StdoutLine: {'line': b'-- Up-to-date: /home/jmj/pro_asp_ws/ws_px4_controls/install/px4_msgs/include/px4_msgs/px4_msgs/msg/vehicle_angular_acceleration_setpoint.h\n'}
[1.005657] (px4_msgs) StdoutLine: {'line': b'-- Up-to-date: /home/jmj/pro_asp_ws/ws_px4_controls/install/px4_msgs/include/px4_msgs/px4_msgs/msg/rover_rate_status.h\n'}
[1.005678] (px4_msgs) StdoutLine: {'line': b'-- Up-to-date: /home/jmj/pro_asp_ws/ws_px4_controls/install/px4_msgs/include/px4_msgs/px4_msgs/msg/vehicle_angular_velocity.h\n'}
[1.005698] (px4_msgs) StdoutLine: {'line': b'-- Up-to-date: /home/jmj/pro_asp_ws/ws_px4_controls/install/px4_msgs/include/px4_msgs/px4_msgs/msg/navigator_mission_item.h\n'}
[1.005719] (px4_msgs) StdoutLine: {'line': b'-- Up-to-date: /home/jmj/pro_asp_ws/ws_px4_controls/install/px4_msgs/include/px4_msgs/px4_msgs/msg/pwm_input.h\n'}
[1.005740] (px4_msgs) StdoutLine: {'line': b'-- Up-to-date: /home/jmj/pro_asp_ws/ws_px4_controls/install/px4_msgs/include/px4_msgs/px4_msgs/msg/gpio_request.h\n'}
[1.005761] (px4_msgs) StdoutLine: {'line': b'-- Up-to-date: /home/jmj/pro_asp_ws/ws_px4_controls/install/px4_msgs/include/px4_msgs/px4_msgs/msg/debug_vect.h\n'}
[1.005782] (px4_msgs) StdoutLine: {'line': b'-- Up-to-date: /home/jmj/pro_asp_ws/ws_px4_controls/install/px4_msgs/include/px4_msgs/px4_msgs/msg/collision_constraints.h\n'}
[1.005803] (px4_msgs) StdoutLine: {'line': b'-- Up-to-date: /home/jmj/pro_asp_ws/ws_px4_controls/install/px4_msgs/include/px4_msgs/px4_msgs/msg/actuator_servos.h\n'}
[1.005823] (px4_msgs) StdoutLine: {'line': b'-- Up-to-date: /home/jmj/pro_asp_ws/ws_px4_controls/install/px4_msgs/include/px4_msgs/px4_msgs/msg/vehicle_thrust_setpoint.h\n'}
[1.005844] (px4_msgs) StdoutLine: {'line': b'-- Up-to-date: /home/jmj/pro_asp_ws/ws_px4_controls/install/px4_msgs/include/px4_msgs/px4_msgs/msg/arming_check_request.h\n'}
[1.005865] (px4_msgs) StdoutLine: {'line': b'-- Up-to-date: /home/jmj/pro_asp_ws/ws_px4_controls/install/px4_msgs/include/px4_msgs/px4_msgs/msg/vehicle_optical_flow_vel.h\n'}
[1.005886] (px4_msgs) StdoutLine: {'line': b'-- Up-to-date: /home/jmj/pro_asp_ws/ws_px4_controls/install/px4_msgs/include/px4_msgs/px4_msgs/msg/vehicle_global_position.h\n'}
[1.005906] (px4_msgs) StdoutLine: {'line': b'-- Up-to-date: /home/jmj/pro_asp_ws/ws_px4_controls/install/px4_msgs/include/px4_msgs/px4_msgs/msg/ekf2_timestamps.h\n'}
[1.005927] (px4_msgs) StdoutLine: {'line': b'-- Up-to-date: /home/jmj/pro_asp_ws/ws_px4_controls/install/px4_msgs/include/px4_msgs/px4_msgs/msg/config_overrides.h\n'}
[1.005956] (px4_msgs) StdoutLine: {'line': b'-- Up-to-date: /home/jmj/pro_asp_ws/ws_px4_controls/install/px4_msgs/include/px4_msgs/px4_msgs/msg/register_ext_component_request.h\n'}
[1.005986] (px4_msgs) StdoutLine: {'line': b'-- Up-to-date: /home/jmj/pro_asp_ws/ws_px4_controls/install/px4_msgs/include/px4_msgs/px4_msgs/msg/magnetometer_bias_estimate.h\n'}
[1.006009] (px4_msgs) StdoutLine: {'line': b'-- Up-to-date: /home/jmj/pro_asp_ws/ws_px4_controls/install/px4_msgs/include/px4_msgs/px4_msgs/msg/internal_combustion_engine_control.h\n'}
[1.006030] (px4_msgs) StdoutLine: {'line': b'-- Up-to-date: /home/jmj/pro_asp_ws/ws_px4_controls/install/px4_msgs/include/px4_msgs/px4_msgs/msg/sensor_gyro_fifo.h\n'}
[1.006051] (px4_msgs) StdoutLine: {'line': b'-- Up-to-date: /home/jmj/pro_asp_ws/ws_px4_controls/install/px4_msgs/include/px4_msgs/px4_msgs/msg/camera_status.h\n'}
[1.006075] (px4_msgs) StdoutLine: {'line': b'-- Up-to-date: /home/jmj/pro_asp_ws/ws_px4_controls/install/px4_msgs/share/px4_msgs/environment/library_path.sh\n'}
[1.006095] (px4_msgs) StdoutLine: {'line': b'-- Up-to-date: /home/jmj/pro_asp_ws/ws_px4_controls/install/px4_msgs/share/px4_msgs/environment/library_path.dsv\n'}
[1.006116] (px4_msgs) StdoutLine: {'line': b'-- Up-to-date: /home/jmj/pro_asp_ws/ws_px4_controls/install/px4_msgs/lib/libpx4_msgs__rosidl_generator_c.so\n'}
[1.006137] (px4_msgs) StdoutLine: {'line': b'-- Up-to-date: /home/jmj/pro_asp_ws/ws_px4_controls/install/px4_msgs/include/px4_msgs/px4_msgs\n'}
[1.006158] (px4_msgs) StdoutLine: {'line': b'-- Up-to-date: /home/jmj/pro_asp_ws/ws_px4_controls/install/px4_msgs/include/px4_msgs/px4_msgs/srv\n'}
[1.006180] (px4_msgs) StdoutLine: {'line': b'-- Up-to-date: /home/jmj/pro_asp_ws/ws_px4_controls/install/px4_msgs/include/px4_msgs/px4_msgs/srv/detail\n'}
[1.006203] (px4_msgs) StdoutLine: {'line': b'-- Up-to-date: /home/jmj/pro_asp_ws/ws_px4_controls/install/px4_msgs/include/px4_msgs/px4_msgs/srv/detail/vehicle_command__rosidl_typesupport_fastrtps_c.h\n'}
[1.006226] (px4_msgs) StdoutLine: {'line': b'-- Up-to-date: /home/jmj/pro_asp_ws/ws_px4_controls/install/px4_msgs/include/px4_msgs/px4_msgs/msg\n'}
[1.006252] (px4_msgs) StdoutLine: {'line': b'-- Up-to-date: /home/jmj/pro_asp_ws/ws_px4_controls/install/px4_msgs/include/px4_msgs/px4_msgs/msg/detail\n'}
[1.006274] (px4_msgs) StdoutLine: {'line': b'-- Up-to-date: /home/jmj/pro_asp_ws/ws_px4_controls/install/px4_msgs/include/px4_msgs/px4_msgs/msg/detail/estimator_aid_source2d__rosidl_typesupport_fastrtps_c.h\n'}
[1.006295] (px4_msgs) StdoutLine: {'line': b'-- Up-to-date: /home/jmj/pro_asp_ws/ws_px4_controls/install/px4_msgs/include/px4_msgs/px4_msgs/msg/detail/offboard_control_mode__rosidl_typesupport_fastrtps_c.h\n'}
[1.006317] (px4_msgs) StdoutLine: {'line': b'-- Up-to-date: /home/jmj/pro_asp_ws/ws_px4_controls/install/px4_msgs/include/px4_msgs/px4_msgs/msg/detail/figure_eight_status__rosidl_typesupport_fastrtps_c.h\n'}
[1.006340] (px4_msgs) StdoutLine: {'line': b'-- Up-to-date: /home/jmj/pro_asp_ws/ws_px4_controls/install/px4_msgs/include/px4_msgs/px4_msgs/msg/detail/sensors_status__rosidl_typesupport_fastrtps_c.h\n'}
[1.006362] (px4_msgs) StdoutLine: {'line': b'-- Up-to-date: /home/jmj/pro_asp_ws/ws_px4_controls/install/px4_msgs/include/px4_msgs/px4_msgs/msg/detail/landing_target_innovations__rosidl_typesupport_fastrtps_c.h\n'}
[1.006382] (px4_msgs) StdoutLine: {'line': b'-- Up-to-date: /home/jmj/pro_asp_ws/ws_px4_controls/install/px4_msgs/include/px4_msgs/px4_msgs/msg/detail/rover_attitude_setpoint__rosidl_typesupport_fastrtps_c.h\n'}
[1.006404] (px4_msgs) StdoutLine: {'line': b'-- Up-to-date: /home/jmj/pro_asp_ws/ws_px4_controls/install/px4_msgs/include/px4_msgs/px4_msgs/msg/detail/adc_report__rosidl_typesupport_fastrtps_c.h\n'}
[1.006425] (px4_msgs) StdoutLine: {'line': b'-- Up-to-date: /home/jmj/pro_asp_ws/ws_px4_controls/install/px4_msgs/include/px4_msgs/px4_msgs/msg/detail/estimator_status__rosidl_typesupport_fastrtps_c.h\n'}
[1.006446] (px4_msgs) StdoutLine: {'line': b'-- Up-to-date: /home/jmj/pro_asp_ws/ws_px4_controls/install/px4_msgs/include/px4_msgs/px4_msgs/msg/detail/differential_pressure__rosidl_typesupport_fastrtps_c.h\n'}
[1.006466] (px4_msgs) StdoutLine: {'line': b'-- Up-to-date: /home/jmj/pro_asp_ws/ws_px4_controls/install/px4_msgs/include/px4_msgs/px4_msgs/msg/detail/camera_capture__rosidl_typesupport_fastrtps_c.h\n'}
[1.006487] (px4_msgs) StdoutLine: {'line': b'-- Up-to-date: /home/jmj/pro_asp_ws/ws_px4_controls/install/px4_msgs/include/px4_msgs/px4_msgs/msg/detail/rtl_time_estimate__rosidl_typesupport_fastrtps_c.h\n'}
[1.006508] (px4_msgs) StdoutLine: {'line': b'-- Up-to-date: /home/jmj/pro_asp_ws/ws_px4_controls/install/px4_msgs/include/px4_msgs/px4_msgs/msg/detail/open_drone_id_arm_status__rosidl_typesupport_fastrtps_c.h\n'}
[1.006529] (px4_msgs) StdoutLine: {'line': b'-- Up-to-date: /home/jmj/pro_asp_ws/ws_px4_controls/install/px4_msgs/include/px4_msgs/px4_msgs/msg/detail/parameter_set_value_request__rosidl_typesupport_fastrtps_c.h\n'}
[1.006552] (px4_msgs) StdoutLine: {'line': b'-- Up-to-date: /home/jmj/pro_asp_ws/ws_px4_controls/install/px4_msgs/include/px4_msgs/px4_msgs/msg/detail/navigator_mission_item__rosidl_typesupport_fastrtps_c.h\n'}
[1.006573] (px4_msgs) StdoutLine: {'line': b'-- Up-to-date: /home/jmj/pro_asp_ws/ws_px4_controls/install/px4_msgs/include/px4_msgs/px4_msgs/msg/detail/vehicle_air_data__rosidl_typesupport_fastrtps_c.h\n'}
[1.006594] (px4_msgs) StdoutLine: {'line': b'-- Up-to-date: /home/jmj/pro_asp_ws/ws_px4_controls/install/px4_msgs/include/px4_msgs/px4_msgs/msg/detail/pwm_input__rosidl_typesupport_fastrtps_c.h\n'}
[1.006616] (px4_msgs) StdoutLine: {'line': b'-- Up-to-date: /home/jmj/pro_asp_ws/ws_px4_controls/install/px4_msgs/include/px4_msgs/px4_msgs/msg/detail/mission_result__rosidl_typesupport_fastrtps_c.h\n'}
[1.006637] (px4_msgs) StdoutLine: {'line': b'-- Up-to-date: /home/jmj/pro_asp_ws/ws_px4_controls/install/px4_msgs/include/px4_msgs/px4_msgs/msg/detail/orb_test_large__rosidl_typesupport_fastrtps_c.h\n'}
[1.006658] (px4_msgs) StdoutLine: {'line': b'-- Up-to-date: /home/jmj/pro_asp_ws/ws_px4_controls/install/px4_msgs/include/px4_msgs/px4_msgs/msg/detail/estimator_bias3d__rosidl_typesupport_fastrtps_c.h\n'}
[1.006680] (px4_msgs) StdoutLine: {'line': b'-- Up-to-date: /home/jmj/pro_asp_ws/ws_px4_controls/install/px4_msgs/include/px4_msgs/px4_msgs/msg/detail/vehicle_constraints__rosidl_typesupport_fastrtps_c.h\n'}
[1.006702] (px4_msgs) StdoutLine: {'line': b'-- Up-to-date: /home/jmj/pro_asp_ws/ws_px4_controls/install/px4_msgs/include/px4_msgs/px4_msgs/msg/detail/sensor_optical_flow__rosidl_typesupport_fastrtps_c.h\n'}
[1.006723] (px4_msgs) StdoutLine: {'line': b'-- Up-to-date: /home/jmj/pro_asp_ws/ws_px4_controls/install/px4_msgs/include/px4_msgs/px4_msgs/msg/detail/rc_channels__rosidl_typesupport_fastrtps_c.h\n'}
[1.006745] (px4_msgs) StdoutLine: {'line': b'-- Up-to-date: /home/jmj/pro_asp_ws/ws_px4_controls/install/px4_msgs/include/px4_msgs/px4_msgs/msg/detail/geofence_result__rosidl_typesupport_fastrtps_c.h\n'}
[1.006767] (px4_msgs) StdoutLine: {'line': b'-- Up-to-date: /home/jmj/pro_asp_ws/ws_px4_controls/install/px4_msgs/include/px4_msgs/px4_msgs/msg/detail/power_button_state__rosidl_typesupport_fastrtps_c.h\n'}
[1.006789] (px4_msgs) StdoutLine: {'line': b'-- Up-to-date: /home/jmj/pro_asp_ws/ws_px4_controls/install/px4_msgs/include/px4_msgs/px4_msgs/msg/detail/gimbal_manager_set_attitude__rosidl_typesupport_fastrtps_c.h\n'}
[1.006817] (px4_msgs) StdoutLine: {'line': b'-- Up-to-date: /home/jmj/pro_asp_ws/ws_px4_controls/install/px4_msgs/include/px4_msgs/px4_msgs/msg/detail/logger_status__rosidl_typesupport_fastrtps_c.h\n'}
[1.006840] (px4_msgs) StdoutLine: {'line': b'-- Up-to-date: /home/jmj/pro_asp_ws/ws_px4_controls/install/px4_msgs/include/px4_msgs/px4_msgs/msg/detail/vehicle_odometry__rosidl_typesupport_fastrtps_c.h\n'}
[1.006863] (px4_msgs) StdoutLine: {'line': b'-- Up-to-date: /home/jmj/pro_asp_ws/ws_px4_controls/install/px4_msgs/include/px4_msgs/px4_msgs/msg/detail/gpio_in__rosidl_typesupport_fastrtps_c.h\n'}
[1.006885] (px4_msgs) StdoutLine: {'line': b'-- Up-to-date: /home/jmj/pro_asp_ws/ws_px4_controls/install/px4_msgs/include/px4_msgs/px4_msgs/msg/detail/vehicle_command__rosidl_typesupport_fastrtps_c.h\n'}
[1.006907] (px4_msgs) StdoutLine: {'line': b'-- Up-to-date: /home/jmj/pro_asp_ws/ws_px4_controls/install/px4_msgs/include/px4_msgs/px4_msgs/msg/detail/orbit_status__rosidl_typesupport_fastrtps_c.h\n'}
[1.006930] (px4_msgs) StdoutLine: {'line': b'-- Up-to-date: /home/jmj/pro_asp_ws/ws_px4_controls/install/px4_msgs/include/px4_msgs/px4_msgs/msg/detail/vehicle_optical_flow_vel__rosidl_typesupport_fastrtps_c.h\n'}
[1.006960] (px4_msgs) StdoutLine: {'line': b'-- Up-to-date: /home/jmj/pro_asp_ws/ws_px4_controls/install/px4_msgs/include/px4_msgs/px4_msgs/msg/detail/gimbal_device_information__rosidl_typesupport_fastrtps_c.h\n'}
[1.006984] (px4_msgs) StdoutLine: {'line': b'-- Up-to-date: /home/jmj/pro_asp_ws/ws_px4_controls/install/px4_msgs/include/px4_msgs/px4_msgs/msg/detail/estimator_bias__rosidl_typesupport_fastrtps_c.h\n'}
[1.007009] (px4_msgs) StdoutLine: {'line': b'-- Up-to-date: /home/jmj/pro_asp_ws/ws_px4_controls/install/px4_msgs/include/px4_msgs/px4_msgs/msg/detail/rtl_status__rosidl_typesupport_fastrtps_c.h\n'}
[1.007031] (px4_msgs) StdoutLine: {'line': b'-- Up-to-date: /home/jmj/pro_asp_ws/ws_px4_controls/install/px4_msgs/include/px4_msgs/px4_msgs/msg/detail/orb_test__rosidl_typesupport_fastrtps_c.h\n'}
[1.007053] (px4_msgs) StdoutLine: {'line': b'-- Up-to-date: /home/jmj/pro_asp_ws/ws_px4_controls/install/px4_msgs/include/px4_msgs/px4_msgs/msg/detail/gpio_request__rosidl_typesupport_fastrtps_c.h\n'}
[1.007074] (px4_msgs) StdoutLine: {'line': b'-- Up-to-date: /home/jmj/pro_asp_ws/ws_px4_controls/install/px4_msgs/include/px4_msgs/px4_msgs/msg/detail/home_position__rosidl_typesupport_fastrtps_c.h\n'}
[1.007097] (px4_msgs) StdoutLine: {'line': b'-- Up-to-date: /home/jmj/pro_asp_ws/ws_px4_controls/install/px4_msgs/include/px4_msgs/px4_msgs/msg/detail/heater_status__rosidl_typesupport_fastrtps_c.h\n'}
[1.007118] (px4_msgs) StdoutLine: {'line': b'-- Up-to-date: /home/jmj/pro_asp_ws/ws_px4_controls/install/px4_msgs/include/px4_msgs/px4_msgs/msg/detail/actuator_servos_trim__rosidl_typesupport_fastrtps_c.h\n'}
[1.007140] (px4_msgs) StdoutLine: {'line': b'-- Up-to-date: /home/jmj/pro_asp_ws/ws_px4_controls/install/px4_msgs/include/px4_msgs/px4_msgs/msg/detail/mavlink_log__rosidl_typesupport_fastrtps_c.h\n'}
[1.007161] (px4_msgs) StdoutLine: {'line': b'-- Up-to-date: /home/jmj/pro_asp_ws/ws_px4_controls/install/px4_msgs/include/px4_msgs/px4_msgs/msg/detail/timesync_status__rosidl_typesupport_fastrtps_c.h\n'}
[1.007182] (px4_msgs) StdoutLine: {'line': b'-- Up-to-date: /home/jmj/pro_asp_ws/ws_px4_controls/install/px4_msgs/include/px4_msgs/px4_msgs/msg/detail/generator_status__rosidl_typesupport_fastrtps_c.h\n'}
[1.007204] (px4_msgs) StdoutLine: {'line': b'-- Up-to-date: /home/jmj/pro_asp_ws/ws_px4_controls/install/px4_msgs/include/px4_msgs/px4_msgs/msg/detail/rover_attitude_status__rosidl_typesupport_fastrtps_c.h\n'}
[1.007225] (px4_msgs) StdoutLine: {'line': b'-- Up-to-date: /home/jmj/pro_asp_ws/ws_px4_controls/install/px4_msgs/include/px4_msgs/px4_msgs/msg/detail/gimbal_controls__rosidl_typesupport_fastrtps_c.h\n'}
[1.007247] (px4_msgs) StdoutLine: {'line': b'-- Up-to-date: /home/jmj/pro_asp_ws/ws_px4_controls/install/px4_msgs/include/px4_msgs/px4_msgs/msg/detail/iridiumsbd_status__rosidl_typesupport_fastrtps_c.h\n'}
[1.007269] (px4_msgs) StdoutLine: {'line': b'-- Up-to-date: /home/jmj/pro_asp_ws/ws_px4_controls/install/px4_msgs/include/px4_msgs/px4_msgs/msg/detail/open_drone_id_self_id__rosidl_typesupport_fastrtps_c.h\n'}
[1.007290] (px4_msgs) StdoutLine: {'line': b'-- Up-to-date: /home/jmj/pro_asp_ws/ws_px4_controls/install/px4_msgs/include/px4_msgs/px4_msgs/msg/detail/pure_pursuit_status__rosidl_typesupport_fastrtps_c.h\n'}
[1.007311] (px4_msgs) StdoutLine: {'line': b'-- Up-to-date: /home/jmj/pro_asp_ws/ws_px4_controls/install/px4_msgs/include/px4_msgs/px4_msgs/msg/detail/position_setpoint__rosidl_typesupport_fastrtps_c.h\n'}
[1.007332] (px4_msgs) StdoutLine: {'line': b'-- Up-to-date: /home/jmj/pro_asp_ws/ws_px4_controls/install/px4_msgs/include/px4_msgs/px4_msgs/msg/detail/rate_ctrl_status__rosidl_typesupport_fastrtps_c.h\n'}
[1.007352] (px4_msgs) StdoutLine: {'line': b'-- Up-to-date: /home/jmj/pro_asp_ws/ws_px4_controls/install/px4_msgs/include/px4_msgs/px4_msgs/msg/detail/position_controller_landing_status__rosidl_typesupport_fastrtps_c.h\n'}
[1.007377] (px4_msgs) StdoutLine: {'line': b'-- Up-to-date: /home/jmj/pro_asp_ws/ws_px4_controls/install/px4_msgs/include/px4_msgs/px4_msgs/msg/detail/goto_setpoint__rosidl_typesupport_fastrtps_c.h\n'}
[1.007415] (px4_msgs) StdoutLine: {'line': b'-- Up-to-date: /home/jmj/pro_asp_ws/ws_px4_controls/install/px4_msgs/include/px4_msgs/px4_msgs/msg/detail/failsafe_flags__rosidl_typesupport_fastrtps_c.h\n'}
[1.007441] (px4_msgs) StdoutLine: {'line': b'-- Up-to-date: /home/jmj/pro_asp_ws/ws_px4_controls/install/px4_msgs/include/px4_msgs/px4_msgs/msg/detail/sensor_selection__rosidl_typesupport_fastrtps_c.h\n'}
[1.007465] (px4_msgs) StdoutLine: {'line': b'-- Up-to-date: /home/jmj/pro_asp_ws/ws_px4_controls/install/px4_msgs/include/px4_msgs/px4_msgs/msg/detail/sensor_mag__rosidl_typesupport_fastrtps_c.h\n'}
[1.007487] (px4_msgs) StdoutLine: {'line': b'-- Up-to-date: /home/jmj/pro_asp_ws/ws_px4_controls/install/px4_msgs/include/px4_msgs/px4_msgs/msg/detail/longitudinal_control_configuration__rosidl_typesupport_fastrtps_c.h\n'}
[1.007509] (px4_msgs) StdoutLine: {'line': b'-- Up-to-date: /home/jmj/pro_asp_ws/ws_px4_controls/install/px4_msgs/include/px4_msgs/px4_msgs/msg/detail/gimbal_device_set_attitude__rosidl_typesupport_fastrtps_c.h\n'}
[1.007531] (px4_msgs) StdoutLine: {'line': b'-- Up-to-date: /home/jmj/pro_asp_ws/ws_px4_controls/install/px4_msgs/include/px4_msgs/px4_msgs/msg/detail/mag_worker_data__rosidl_typesupport_fastrtps_c.h\n'}
[1.007554] (px4_msgs) StdoutLine: {'line': b'-- Up-to-date: /home/jmj/pro_asp_ws/ws_px4_controls/install/px4_msgs/include/px4_msgs/px4_msgs/msg/detail/vehicle_magnetometer__rosidl_typesupport_fastrtps_c.h\n'}
[1.007582] (px4_msgs) StdoutLine: {'line': b'-- Up-to-date: /home/jmj/pro_asp_ws/ws_px4_controls/install/px4_msgs/include/px4_msgs/px4_msgs/msg/detail/debug_array__rosidl_typesupport_fastrtps_c.h\n'}
[1.007609] (px4_msgs) StdoutLine: {'line': b'-- Up-to-date: /home/jmj/pro_asp_ws/ws_px4_controls/install/px4_msgs/include/px4_msgs/px4_msgs/msg/detail/debug_value__rosidl_typesupport_fastrtps_c.h\n'}
[1.007633] (px4_msgs) StdoutLine: {'line': b'-- Up-to-date: /home/jmj/pro_asp_ws/ws_px4_controls/install/px4_msgs/include/px4_msgs/px4_msgs/msg/detail/ulog_stream__rosidl_typesupport_fastrtps_c.h\n'}
[1.007656] (px4_msgs) StdoutLine: {'line': b'-- Up-to-date: /home/jmj/pro_asp_ws/ws_px4_controls/install/px4_msgs/include/px4_msgs/px4_msgs/msg/detail/manual_control_switches__rosidl_typesupport_fastrtps_c.h\n'}
[1.007680] (px4_msgs) StdoutLine: {'line': b'-- Up-to-date: /home/jmj/pro_asp_ws/ws_px4_controls/install/px4_msgs/include/px4_msgs/px4_msgs/msg/detail/sensor_gyro_fifo__rosidl_typesupport_fastrtps_c.h\n'}
[1.007701] (px4_msgs) StdoutLine: {'line': b'-- Up-to-date: /home/jmj/pro_asp_ws/ws_px4_controls/install/px4_msgs/include/px4_msgs/px4_msgs/msg/detail/gps_inject_data__rosidl_typesupport_fastrtps_c.h\n'}
[1.007723] (px4_msgs) StdoutLine: {'line': b'-- Up-to-date: /home/jmj/pro_asp_ws/ws_px4_controls/install/px4_msgs/include/px4_msgs/px4_msgs/msg/detail/sensor_correction__rosidl_typesupport_fastrtps_c.h\n'}
[1.007745] (px4_msgs) StdoutLine: {'line': b'-- Up-to-date: /home/jmj/pro_asp_ws/ws_px4_controls/install/px4_msgs/include/px4_msgs/px4_msgs/msg/detail/wheel_encoders__rosidl_typesupport_fastrtps_c.h\n'}
[1.007766] (px4_msgs) StdoutLine: {'line': b'-- Up-to-date: /home/jmj/pro_asp_ws/ws_px4_controls/install/px4_msgs/include/px4_msgs/px4_msgs/msg/detail/follow_target__rosidl_typesupport_fastrtps_c.h\n'}
[1.007787] (px4_msgs) StdoutLine: {'line': b'-- Up-to-date: /home/jmj/pro_asp_ws/ws_px4_controls/install/px4_msgs/include/px4_msgs/px4_msgs/msg/detail/vehicle_global_position__rosidl_typesupport_fastrtps_c.h\n'}
[1.007809] (px4_msgs) StdoutLine: {'line': b'-- Up-to-date: /home/jmj/pro_asp_ws/ws_px4_controls/install/px4_msgs/include/px4_msgs/px4_msgs/msg/detail/vehicle_torque_setpoint__rosidl_typesupport_fastrtps_c.h\n'}
[1.007830] (px4_msgs) StdoutLine: {'line': b'-- Up-to-date: /home/jmj/pro_asp_ws/ws_px4_controls/install/px4_msgs/include/px4_msgs/px4_msgs/msg/detail/dataman_response__rosidl_typesupport_fastrtps_c.h\n'}
[1.007851] (px4_msgs) StdoutLine: {'line': b'-- Up-to-date: /home/jmj/pro_asp_ws/ws_px4_controls/install/px4_msgs/include/px4_msgs/px4_msgs/msg/detail/fuel_tank_status__rosidl_typesupport_fastrtps_c.h\n'}
[1.007873] (px4_msgs) StdoutLine: {'line': b'-- Up-to-date: /home/jmj/pro_asp_ws/ws_px4_controls/install/px4_msgs/include/px4_msgs/px4_msgs/msg/detail/follow_target_estimator__rosidl_typesupport_fastrtps_c.h\n'}
[1.007894] (px4_msgs) StdoutLine: {'line': b'-- Up-to-date: /home/jmj/pro_asp_ws/ws_px4_controls/install/px4_msgs/include/px4_msgs/px4_msgs/msg/detail/gimbal_manager_information__rosidl_typesupport_fastrtps_c.h\n'}
[1.007917] (px4_msgs) StdoutLine: {'line': b'-- Up-to-date: /home/jmj/pro_asp_ws/ws_px4_controls/install/px4_msgs/include/px4_msgs/px4_msgs/msg/detail/estimator_aid_source1d__rosidl_typesupport_fastrtps_c.h\n'}
[1.007937] (px4_msgs) StdoutLine: {'line': b'-- Up-to-date: /home/jmj/pro_asp_ws/ws_px4_controls/install/px4_msgs/include/px4_msgs/px4_msgs/msg/detail/config_overrides__rosidl_typesupport_fastrtps_c.h\n'}
[1.007964] (px4_msgs) StdoutLine: {'line': b'-- Up-to-date: /home/jmj/pro_asp_ws/ws_px4_controls/install/px4_msgs/include/px4_msgs/px4_msgs/msg/detail/tiltrotor_extra_controls__rosidl_typesupport_fastrtps_c.h\n'}
[1.007986] (px4_msgs) StdoutLine: {'line': b'-- Up-to-date: /home/jmj/pro_asp_ws/ws_px4_controls/install/px4_msgs/include/px4_msgs/px4_msgs/msg/detail/esc_status__rosidl_typesupport_fastrtps_c.h\n'}
[1.008012] (px4_msgs) StdoutLine: {'line': b'-- Up-to-date: /home/jmj/pro_asp_ws/ws_px4_controls/install/px4_msgs/include/px4_msgs/px4_msgs/msg/detail/autotune_attitude_control_status__rosidl_typesupport_fastrtps_c.h\n'}
[1.008033] (px4_msgs) StdoutLine: {'line': b'-- Up-to-date: /home/jmj/pro_asp_ws/ws_px4_controls/install/px4_msgs/include/px4_msgs/px4_msgs/msg/detail/trajectory_setpoint6dof__rosidl_typesupport_fastrtps_c.h\n'}
[1.008054] (px4_msgs) StdoutLine: {'line': b'-- Up-to-date: /home/jmj/pro_asp_ws/ws_px4_controls/install/px4_msgs/include/px4_msgs/px4_msgs/msg/detail/estimator_aid_source3d__rosidl_typesupport_fastrtps_c.h\n'}
[1.008075] (px4_msgs) StdoutLine: {'line': b'-- Up-to-date: /home/jmj/pro_asp_ws/ws_px4_controls/install/px4_msgs/include/px4_msgs/px4_msgs/msg/detail/ekf2_timestamps__rosidl_typesupport_fastrtps_c.h\n'}
[1.008096] (px4_msgs) StdoutLine: {'line': b'-- Up-to-date: /home/jmj/pro_asp_ws/ws_px4_controls/install/px4_msgs/include/px4_msgs/px4_msgs/msg/detail/landing_gear_wheel__rosidl_typesupport_fastrtps_c.h\n'}
[1.008117] (px4_msgs) StdoutLine: {'line': b'-- Up-to-date: /home/jmj/pro_asp_ws/ws_px4_controls/install/px4_msgs/include/px4_msgs/px4_msgs/msg/detail/sensor_gps__rosidl_typesupport_fastrtps_c.h\n'}
[1.008137] (px4_msgs) StdoutLine: {'line': b'-- Up-to-date: /home/jmj/pro_asp_ws/ws_px4_controls/install/px4_msgs/include/px4_msgs/px4_msgs/msg/detail/ulog_stream_ack__rosidl_typesupport_fastrtps_c.h\n'}
[1.008158] (px4_msgs) StdoutLine: {'line': b'-- Up-to-date: /home/jmj/pro_asp_ws/ws_px4_controls/install/px4_msgs/include/px4_msgs/px4_msgs/msg/detail/airspeed_wind__rosidl_typesupport_fastrtps_c.h\n'}
[1.008180] (px4_msgs) StdoutLine: {'line': b'-- Up-to-date: /home/jmj/pro_asp_ws/ws_px4_controls/install/px4_msgs/include/px4_msgs/px4_msgs/msg/detail/can_interface_status__rosidl_typesupport_fastrtps_c.h\n'}
[1.008200] (px4_msgs) StdoutLine: {'line': b'-- Up-to-date: /home/jmj/pro_asp_ws/ws_px4_controls/install/px4_msgs/include/px4_msgs/px4_msgs/msg/detail/transponder_report__rosidl_typesupport_fastrtps_c.h\n'}
[1.008222] (px4_msgs) StdoutLine: {'line': b'-- Up-to-date: /home/jmj/pro_asp_ws/ws_px4_controls/install/px4_msgs/include/px4_msgs/px4_msgs/msg/detail/parameter_update__rosidl_typesupport_fastrtps_c.h\n'}
[1.008243] (px4_msgs) StdoutLine: {'line': b'-- Up-to-date: /home/jmj/pro_asp_ws/ws_px4_controls/install/px4_msgs/include/px4_msgs/px4_msgs/msg/detail/manual_control_setpoint__rosidl_typesupport_fastrtps_c.h\n'}
[1.008264] (px4_msgs) StdoutLine: {'line': b'-- Up-to-date: /home/jmj/pro_asp_ws/ws_px4_controls/install/px4_msgs/include/px4_msgs/px4_msgs/msg/detail/esc_report__rosidl_typesupport_fastrtps_c.h\n'}
[1.008284] (px4_msgs) StdoutLine: {'line': b'-- Up-to-date: /home/jmj/pro_asp_ws/ws_px4_controls/install/px4_msgs/include/px4_msgs/px4_msgs/msg/detail/control_allocator_status__rosidl_typesupport_fastrtps_c.h\n'}
[1.008305] (px4_msgs) StdoutLine: {'line': b'-- Up-to-date: /home/jmj/pro_asp_ws/ws_px4_controls/install/px4_msgs/include/px4_msgs/px4_msgs/msg/detail/fixed_wing_runway_control__rosidl_typesupport_fastrtps_c.h\n'}
[1.008328] (px4_msgs) StdoutLine: {'line': b'-- Up-to-date: /home/jmj/pro_asp_ws/ws_px4_controls/install/px4_msgs/include/px4_msgs/px4_msgs/msg/detail/debug_vect__rosidl_typesupport_fastrtps_c.h\n'}
[1.008348] (px4_msgs) StdoutLine: {'line': b'-- Up-to-date: /home/jmj/pro_asp_ws/ws_px4_controls/install/px4_msgs/include/px4_msgs/px4_msgs/msg/detail/vehicle_local_position__rosidl_typesupport_fastrtps_c.h\n'}
[1.008369] (px4_msgs) StdoutLine: {'line': b'-- Up-to-date: /home/jmj/pro_asp_ws/ws_px4_controls/install/px4_msgs/include/px4_msgs/px4_msgs/msg/detail/rover_velocity_setpoint__rosidl_typesupport_fastrtps_c.h\n'}
[1.008390] (px4_msgs) StdoutLine: {'line': b'-- Up-to-date: /home/jmj/pro_asp_ws/ws_px4_controls/install/px4_msgs/include/px4_msgs/px4_msgs/msg/detail/estimator_selector_status__rosidl_typesupport_fastrtps_c.h\n'}
[1.008411] (px4_msgs) StdoutLine: {'line': b'-- Up-to-date: /home/jmj/pro_asp_ws/ws_px4_controls/install/px4_msgs/include/px4_msgs/px4_msgs/msg/detail/event__rosidl_typesupport_fastrtps_c.h\n'}
[1.008432] (px4_msgs) StdoutLine: {'line': b'-- Up-to-date: /home/jmj/pro_asp_ws/ws_px4_controls/install/px4_msgs/include/px4_msgs/px4_msgs/msg/detail/qshell_req__rosidl_typesupport_fastrtps_c.h\n'}
[1.008453] (px4_msgs) StdoutLine: {'line': b'-- Up-to-date: /home/jmj/pro_asp_ws/ws_px4_controls/install/px4_msgs/include/px4_msgs/px4_msgs/msg/detail/debug_key_value__rosidl_typesupport_fastrtps_c.h\n'}
[1.008474] (px4_msgs) StdoutLine: {'line': b'-- Up-to-date: /home/jmj/pro_asp_ws/ws_px4_controls/install/px4_msgs/include/px4_msgs/px4_msgs/msg/detail/power_monitor__rosidl_typesupport_fastrtps_c.h\n'}
[1.008496] (px4_msgs) StdoutLine: {'line': b'-- Up-to-date: /home/jmj/pro_asp_ws/ws_px4_controls/install/px4_msgs/include/px4_msgs/px4_msgs/msg/detail/dataman_request__rosidl_typesupport_fastrtps_c.h\n'}
[1.008518] (px4_msgs) StdoutLine: {'line': b'-- Up-to-date: /home/jmj/pro_asp_ws/ws_px4_controls/install/px4_msgs/include/px4_msgs/px4_msgs/msg/detail/vehicle_control_mode__rosidl_typesupport_fastrtps_c.h\n'}
[1.008539] (px4_msgs) StdoutLine: {'line': b'-- Up-to-date: /home/jmj/pro_asp_ws/ws_px4_controls/install/px4_msgs/include/px4_msgs/px4_msgs/msg/detail/battery_status__rosidl_typesupport_fastrtps_c.h\n'}
[1.008562] (px4_msgs) StdoutLine: {'line': b'-- Up-to-date: /home/jmj/pro_asp_ws/ws_px4_controls/install/px4_msgs/include/px4_msgs/px4_msgs/msg/detail/vehicle_angular_acceleration_setpoint__rosidl_typesupport_fastrtps_c.h\n'}
[1.008583] (px4_msgs) StdoutLine: {'line': b'-- Up-to-date: /home/jmj/pro_asp_ws/ws_px4_controls/install/px4_msgs/include/px4_msgs/px4_msgs/msg/detail/camera_trigger__rosidl_typesupport_fastrtps_c.h\n'}
[1.008605] (px4_msgs) StdoutLine: {'line': b'-- Up-to-date: /home/jmj/pro_asp_ws/ws_px4_controls/install/px4_msgs/include/px4_msgs/px4_msgs/msg/detail/action_request__rosidl_typesupport_fastrtps_c.h\n'}
[1.008626] (px4_msgs) StdoutLine: {'line': b'-- Up-to-date: /home/jmj/pro_asp_ws/ws_px4_controls/install/px4_msgs/include/px4_msgs/px4_msgs/msg/detail/sensor_baro__rosidl_typesupport_fastrtps_c.h\n'}
[1.008647] (px4_msgs) StdoutLine: {'line': b'-- Up-to-date: /home/jmj/pro_asp_ws/ws_px4_controls/install/px4_msgs/include/px4_msgs/px4_msgs/msg/detail/pps_capture__rosidl_typesupport_fastrtps_c.h\n'}
[1.008668] (px4_msgs) StdoutLine: {'line': b'-- Up-to-date: /home/jmj/pro_asp_ws/ws_px4_controls/install/px4_msgs/include/px4_msgs/px4_msgs/msg/detail/rover_position_setpoint__rosidl_typesupport_fastrtps_c.h\n'}
[1.008689] (px4_msgs) StdoutLine: {'line': b'-- Up-to-date: /home/jmj/pro_asp_ws/ws_px4_controls/install/px4_msgs/include/px4_msgs/px4_msgs/msg/detail/vehicle_acceleration__rosidl_typesupport_fastrtps_c.h\n'}
[1.008711] (px4_msgs) StdoutLine: {'line': b'-- Up-to-date: /home/jmj/pro_asp_ws/ws_px4_controls/install/px4_msgs/include/px4_msgs/px4_msgs/msg/detail/gimbal_manager_set_manual_control__rosidl_typesupport_fastrtps_c.h\n'}
[1.008732] (px4_msgs) StdoutLine: {'line': b'-- Up-to-date: /home/jmj/pro_asp_ws/ws_px4_controls/install/px4_msgs/include/px4_msgs/px4_msgs/msg/detail/gimbal_manager_status__rosidl_typesupport_fastrtps_c.h\n'}
[1.008764] (px4_msgs) StdoutLine: {'line': b'-- Up-to-date: /home/jmj/pro_asp_ws/ws_px4_controls/install/px4_msgs/include/px4_msgs/px4_msgs/msg/detail/rover_rate_setpoint__rosidl_typesupport_fastrtps_c.h\n'}
[1.008784] (px4_msgs) StdoutLine: {'line': b'-- Up-to-date: /home/jmj/pro_asp_ws/ws_px4_controls/install/px4_msgs/include/px4_msgs/px4_msgs/msg/detail/distance_sensor_mode_change_request__rosidl_typesupport_fastrtps_c.h\n'}
[1.008805] (px4_msgs) StdoutLine: {'line': b'-- Up-to-date: /home/jmj/pro_asp_ws/ws_px4_controls/install/px4_msgs/include/px4_msgs/px4_msgs/msg/detail/mavlink_tunnel__rosidl_typesupport_fastrtps_c.h\n'}
[1.008826] (px4_msgs) StdoutLine: {'line': b'-- Up-to-date: /home/jmj/pro_asp_ws/ws_px4_controls/install/px4_msgs/include/px4_msgs/px4_msgs/msg/detail/position_controller_status__rosidl_typesupport_fastrtps_c.h\n'}
[1.008852] (px4_msgs) StdoutLine: {'line': b'-- Up-to-date: /home/jmj/pro_asp_ws/ws_px4_controls/install/px4_msgs/include/px4_msgs/px4_msgs/msg/detail/camera_status__rosidl_typesupport_fastrtps_c.h\n'}
[1.008873] (px4_msgs) StdoutLine: {'line': b'-- Up-to-date: /home/jmj/pro_asp_ws/ws_px4_controls/install/px4_msgs/include/px4_msgs/px4_msgs/msg/detail/telemetry_status__rosidl_typesupport_fastrtps_c.h\n'}
[1.008894] (px4_msgs) StdoutLine: {'line': b'-- Up-to-date: /home/jmj/pro_asp_ws/ws_px4_controls/install/px4_msgs/include/px4_msgs/px4_msgs/msg/detail/sensor_accel_fifo__rosidl_typesupport_fastrtps_c.h\n'}
[1.008915] (px4_msgs) StdoutLine: {'line': b'-- Up-to-date: /home/jmj/pro_asp_ws/ws_px4_controls/install/px4_msgs/include/px4_msgs/px4_msgs/msg/detail/arming_check_request__rosidl_typesupport_fastrtps_c.h\n'}
[1.008937] (px4_msgs) StdoutLine: {'line': b'-- Up-to-date: /home/jmj/pro_asp_ws/ws_px4_controls/install/px4_msgs/include/px4_msgs/px4_msgs/msg/detail/obstacle_distance__rosidl_typesupport_fastrtps_c.h\n'}
[1.008965] (px4_msgs) StdoutLine: {'line': b'-- Up-to-date: /home/jmj/pro_asp_ws/ws_px4_controls/install/px4_msgs/include/px4_msgs/px4_msgs/msg/detail/tune_control__rosidl_typesupport_fastrtps_c.h\n'}
[1.008988] (px4_msgs) StdoutLine: {'line': b'-- Up-to-date: /home/jmj/pro_asp_ws/ws_px4_controls/install/px4_msgs/include/px4_msgs/px4_msgs/msg/detail/lateral_control_configuration__rosidl_typesupport_fastrtps_c.h\n'}
[1.009010] (px4_msgs) StdoutLine: {'line': b'-- Up-to-date: /home/jmj/pro_asp_ws/ws_px4_controls/install/px4_msgs/include/px4_msgs/px4_msgs/msg/detail/uavcan_parameter_request__rosidl_typesupport_fastrtps_c.h\n'}
[1.009032] (px4_msgs) StdoutLine: {'line': b'-- Up-to-date: /home/jmj/pro_asp_ws/ws_px4_controls/install/px4_msgs/include/px4_msgs/px4_msgs/msg/detail/irlock_report__rosidl_typesupport_fastrtps_c.h\n'}
[1.009057] (px4_msgs) StdoutLine: {'line': b'-- Up-to-date: /home/jmj/pro_asp_ws/ws_px4_controls/install/px4_msgs/include/px4_msgs/px4_msgs/msg/detail/cellular_status__rosidl_typesupport_fastrtps_c.h\n'}
[1.009078] (px4_msgs) StdoutLine: {'line': b'-- Up-to-date: /home/jmj/pro_asp_ws/ws_px4_controls/install/px4_msgs/include/px4_msgs/px4_msgs/msg/detail/velocity_limits__rosidl_typesupport_fastrtps_c.h\n'}
[1.009100] (px4_msgs) StdoutLine: {'line': b'-- Up-to-date: /home/jmj/pro_asp_ws/ws_px4_controls/install/px4_msgs/include/px4_msgs/px4_msgs/msg/detail/gimbal_device_attitude_status__rosidl_typesupport_fastrtps_c.h\n'}
[1.009123] (px4_msgs) StdoutLine: {'line': b'-- Up-to-date: /home/jmj/pro_asp_ws/ws_px4_controls/install/px4_msgs/include/px4_msgs/px4_msgs/msg/detail/vehicle_land_detected__rosidl_typesupport_fastrtps_c.h\n'}
[1.009150] (px4_msgs) StdoutLine: {'line': b'-- Up-to-date: /home/jmj/pro_asp_ws/ws_px4_controls/install/px4_msgs/include/px4_msgs/px4_msgs/msg/detail/vehicle_attitude_setpoint__rosidl_typesupport_fastrtps_c.h\n'}
[1.009175] (px4_msgs) StdoutLine: {'line': b'-- Up-to-date: /home/jmj/pro_asp_ws/ws_px4_controls/install/px4_msgs/include/px4_msgs/px4_msgs/msg/detail/internal_combustion_engine_status__rosidl_typesupport_fastrtps_c.h\n'}
[1.009199] (px4_msgs) StdoutLine: {'line': b'-- Up-to-date: /home/jmj/pro_asp_ws/ws_px4_controls/install/px4_msgs/include/px4_msgs/px4_msgs/msg/detail/led_control__rosidl_typesupport_fastrtps_c.h\n'}
[1.009227] (px4_msgs) StdoutLine: {'line': b'-- Up-to-date: /home/jmj/pro_asp_ws/ws_px4_controls/install/px4_msgs/include/px4_msgs/px4_msgs/msg/detail/radio_status__rosidl_typesupport_fastrtps_c.h\n'}
[1.009249] (px4_msgs) StdoutLine: {'line': b'-- Up-to-date: /home/jmj/pro_asp_ws/ws_px4_controls/install/px4_msgs/include/px4_msgs/px4_msgs/msg/detail/rpm__rosidl_typesupport_fastrtps_c.h\n'}
[1.009273] (px4_msgs) StdoutLine: {'line': b'-- Up-to-date: /home/jmj/pro_asp_ws/ws_px4_controls/install/px4_msgs/include/px4_msgs/px4_msgs/msg/detail/magnetometer_bias_estimate__rosidl_typesupport_fastrtps_c.h\n'}
[1.009297] (px4_msgs) StdoutLine: {'line': b'-- Up-to-date: /home/jmj/pro_asp_ws/ws_px4_controls/install/px4_msgs/include/px4_msgs/px4_msgs/msg/detail/airspeed__rosidl_typesupport_fastrtps_c.h\n'}
[1.009318] (px4_msgs) StdoutLine: {'line': b'-- Up-to-date: /home/jmj/pro_asp_ws/ws_px4_controls/install/px4_msgs/include/px4_msgs/px4_msgs/msg/detail/sensor_accel__rosidl_typesupport_fastrtps_c.h\n'}
[1.009341] (px4_msgs) StdoutLine: {'line': b'-- Up-to-date: /home/jmj/pro_asp_ws/ws_px4_controls/install/px4_msgs/include/px4_msgs/px4_msgs/msg/detail/system_power__rosidl_typesupport_fastrtps_c.h\n'}
[1.009362] (px4_msgs) StdoutLine: {'line': b'-- Up-to-date: /home/jmj/pro_asp_ws/ws_px4_controls/install/px4_msgs/include/px4_msgs/px4_msgs/msg/detail/vehicle_rates_setpoint__rosidl_typesupport_fastrtps_c.h\n'}
[1.009385] (px4_msgs) StdoutLine: {'line': b'-- Up-to-date: /home/jmj/pro_asp_ws/ws_px4_controls/install/px4_msgs/include/px4_msgs/px4_msgs/msg/detail/estimator_status_flags__rosidl_typesupport_fastrtps_c.h\n'}
[1.009407] (px4_msgs) StdoutLine: {'line': b'-- Up-to-date: /home/jmj/pro_asp_ws/ws_px4_controls/install/px4_msgs/include/px4_msgs/px4_msgs/msg/detail/position_setpoint_triplet__rosidl_typesupport_fastrtps_c.h\n'}
[1.009428] (px4_msgs) StdoutLine: {'line': b'-- Up-to-date: /home/jmj/pro_asp_ws/ws_px4_controls/install/px4_msgs/include/px4_msgs/px4_msgs/msg/detail/fixed_wing_longitudinal_setpoint__rosidl_typesupport_fastrtps_c.h\n'}
[1.009451] (px4_msgs) StdoutLine: {'line': b'-- Up-to-date: /home/jmj/pro_asp_ws/ws_px4_controls/install/px4_msgs/include/px4_msgs/px4_msgs/msg/detail/sensor_combined__rosidl_typesupport_fastrtps_c.h\n'}
[1.009473] (px4_msgs) StdoutLine: {'line': b'-- Up-to-date: /home/jmj/pro_asp_ws/ws_px4_controls/install/px4_msgs/include/px4_msgs/px4_msgs/msg/detail/vehicle_optical_flow__rosidl_typesupport_fastrtps_c.h\n'}
[1.009496] (px4_msgs) StdoutLine: {'line': b'-- Up-to-date: /home/jmj/pro_asp_ws/ws_px4_controls/install/px4_msgs/include/px4_msgs/px4_msgs/msg/detail/vtol_vehicle_status__rosidl_typesupport_fastrtps_c.h\n'}
[1.009519] (px4_msgs) StdoutLine: {'line': b'-- Up-to-date: /home/jmj/pro_asp_ws/ws_px4_controls/install/px4_msgs/include/px4_msgs/px4_msgs/msg/detail/sensors_status_imu__rosidl_typesupport_fastrtps_c.h\n'}
[1.009542] (px4_msgs) StdoutLine: {'line': b'-- Up-to-date: /home/jmj/pro_asp_ws/ws_px4_controls/install/px4_msgs/include/px4_msgs/px4_msgs/msg/detail/gripper__rosidl_typesupport_fastrtps_c.h\n'}
[1.009565] (px4_msgs) StdoutLine: {'line': b'-- Up-to-date: /home/jmj/pro_asp_ws/ws_px4_controls/install/px4_msgs/include/px4_msgs/px4_msgs/msg/detail/vehicle_command_ack__rosidl_typesupport_fastrtps_c.h\n'}
[1.009592] (px4_msgs) StdoutLine: {'line': b'-- Up-to-date: /home/jmj/pro_asp_ws/ws_px4_controls/install/px4_msgs/include/px4_msgs/px4_msgs/msg/detail/button_event__rosidl_typesupport_fastrtps_c.h\n'}
[1.009631] (px4_msgs) StdoutLine: {'line': b'-- Up-to-date: /home/jmj/pro_asp_ws/ws_px4_controls/install/px4_msgs/include/px4_msgs/px4_msgs/msg/detail/rover_velocity_status__rosidl_typesupport_fastrtps_c.h\n'}
[1.009671] (px4_msgs) StdoutLine: {'line': b'-- Up-to-date: /home/jmj/pro_asp_ws/ws_px4_controls/install/px4_msgs/include/px4_msgs/px4_msgs/msg/detail/cpuload__rosidl_typesupport_fastrtps_c.h\n'}
[1.009706] (px4_msgs) StdoutLine: {'line': b'-- Up-to-date: /home/jmj/pro_asp_ws/ws_px4_controls/install/px4_msgs/include/px4_msgs/px4_msgs/msg/detail/internal_combustion_engine_control__rosidl_typesupport_fastrtps_c.h\n'}
[1.009740] (px4_msgs) StdoutLine: {'line': b'-- Up-to-date: /home/jmj/pro_asp_ws/ws_px4_controls/install/px4_msgs/include/px4_msgs/px4_msgs/msg/detail/takeoff_status__rosidl_typesupport_fastrtps_c.h\n'}
[1.009770] (px4_msgs) StdoutLine: {'line': b'-- Up-to-date: /home/jmj/pro_asp_ws/ws_px4_controls/install/px4_msgs/include/px4_msgs/px4_msgs/msg/detail/vehicle_imu__rosidl_typesupport_fastrtps_c.h\n'}
[1.009798] (px4_msgs) StdoutLine: {'line': b'-- Up-to-date: /home/jmj/pro_asp_ws/ws_px4_controls/install/px4_msgs/include/px4_msgs/px4_msgs/msg/detail/onboard_computer_status__rosidl_typesupport_fastrtps_c.h\n'}
[1.009828] (px4_msgs) StdoutLine: {'line': b'-- Up-to-date: /home/jmj/pro_asp_ws/ws_px4_controls/install/px4_msgs/include/px4_msgs/px4_msgs/msg/detail/health_report__rosidl_typesupport_fastrtps_c.h\n'}
[1.009859] (px4_msgs) StdoutLine: {'line': b'-- Up-to-date: /home/jmj/pro_asp_ws/ws_px4_controls/install/px4_msgs/include/px4_msgs/px4_msgs/msg/detail/landing_gear__rosidl_typesupport_fastrtps_c.h\n'}
[1.009882] (px4_msgs) StdoutLine: {'line': b'-- Up-to-date: /home/jmj/pro_asp_ws/ws_px4_controls/install/px4_msgs/include/px4_msgs/px4_msgs/msg/detail/landing_target_pose__rosidl_typesupport_fastrtps_c.h\n'}
[1.009909] (px4_msgs) StdoutLine: {'line': b'-- Up-to-date: /home/jmj/pro_asp_ws/ws_px4_controls/install/px4_msgs/include/px4_msgs/px4_msgs/msg/detail/hover_thrust_estimate__rosidl_typesupport_fastrtps_c.h\n'}
[1.009932] (px4_msgs) StdoutLine: {'line': b'-- Up-to-date: /home/jmj/pro_asp_ws/ws_px4_controls/install/px4_msgs/include/px4_msgs/px4_msgs/msg/detail/arming_check_reply__rosidl_typesupport_fastrtps_c.h\n'}
[1.009961] (px4_msgs) StdoutLine: {'line': b'-- Up-to-date: /home/jmj/pro_asp_ws/ws_px4_controls/install/px4_msgs/include/px4_msgs/px4_msgs/msg/detail/register_ext_component_request__rosidl_typesupport_fastrtps_c.h\n'}
[1.009985] (px4_msgs) StdoutLine: {'line': b'-- Up-to-date: /home/jmj/pro_asp_ws/ws_px4_controls/install/px4_msgs/include/px4_msgs/px4_msgs/msg/detail/task_stack_info__rosidl_typesupport_fastrtps_c.h\n'}
[1.010007] (px4_msgs) StdoutLine: {'line': b'-- Up-to-date: /home/jmj/pro_asp_ws/ws_px4_controls/install/px4_msgs/include/px4_msgs/px4_msgs/msg/detail/distance_sensor__rosidl_typesupport_fastrtps_c.h\n'}
[1.010037] (px4_msgs) StdoutLine: {'line': b'-- Up-to-date: /home/jmj/pro_asp_ws/ws_px4_controls/install/px4_msgs/include/px4_msgs/px4_msgs/msg/detail/sensor_preflight_mag__rosidl_typesupport_fastrtps_c.h\n'}
[1.010063] (px4_msgs) StdoutLine: {'line': b'-- Up-to-date: /home/jmj/pro_asp_ws/ws_px4_controls/install/px4_msgs/include/px4_msgs/px4_msgs/msg/detail/rover_steering_setpoint__rosidl_typesupport_fastrtps_c.h\n'}
[1.010087] (px4_msgs) StdoutLine: {'line': b'-- Up-to-date: /home/jmj/pro_asp_ws/ws_px4_controls/install/px4_msgs/include/px4_msgs/px4_msgs/msg/detail/fixed_wing_lateral_setpoint__rosidl_typesupport_fastrtps_c.h\n'}
[1.010110] (px4_msgs) StdoutLine: {'line': b'-- Up-to-date: /home/jmj/pro_asp_ws/ws_px4_controls/install/px4_msgs/include/px4_msgs/px4_msgs/msg/detail/vehicle_local_position_setpoint__rosidl_typesupport_fastrtps_c.h\n'}
[1.010132] (px4_msgs) StdoutLine: {'line': b'-- Up-to-date: /home/jmj/pro_asp_ws/ws_px4_controls/install/px4_msgs/include/px4_msgs/px4_msgs/msg/detail/parameter_set_value_response__rosidl_typesupport_fastrtps_c.h\n'}
[1.010154] (px4_msgs) StdoutLine: {'line': b'-- Up-to-date: /home/jmj/pro_asp_ws/ws_px4_controls/install/px4_msgs/include/px4_msgs/px4_msgs/msg/detail/vehicle_roi__rosidl_typesupport_fastrtps_c.h\n'}
[1.010176] (px4_msgs) StdoutLine: {'line': b'-- Up-to-date: /home/jmj/pro_asp_ws/ws_px4_controls/install/px4_msgs/include/px4_msgs/px4_msgs/msg/detail/fixed_wing_lateral_status__rosidl_typesupport_fastrtps_c.h\n'}
[1.010198] (px4_msgs) StdoutLine: {'line': b'-- Up-to-date: /home/jmj/pro_asp_ws/ws_px4_controls/install/px4_msgs/include/px4_msgs/px4_msgs/msg/detail/actuator_armed__rosidl_typesupport_fastrtps_c.h\n'}
[1.010229] (px4_msgs) StdoutLine: {'line': b'-- Up-to-date: /home/jmj/pro_asp_ws/ws_px4_controls/install/px4_msgs/include/px4_msgs/px4_msgs/msg/detail/mount_orientation__rosidl_typesupport_fastrtps_c.h\n'}
[1.010252] (px4_msgs) StdoutLine: {'line': b'-- Up-to-date: /home/jmj/pro_asp_ws/ws_px4_controls/install/px4_msgs/include/px4_msgs/px4_msgs/msg/detail/fixed_wing_lateral_guidance_status__rosidl_typesupport_fastrtps_c.h\n'}
[1.010275] (px4_msgs) StdoutLine: {'line': b'-- Up-to-date: /home/jmj/pro_asp_ws/ws_px4_controls/install/px4_msgs/include/px4_msgs/px4_msgs/msg/detail/mission__rosidl_typesupport_fastrtps_c.h\n'}
[1.010298] (px4_msgs) StdoutLine: {'line': b'-- Up-to-date: /home/jmj/pro_asp_ws/ws_px4_controls/install/px4_msgs/include/px4_msgs/px4_msgs/msg/detail/estimator_sensor_bias__rosidl_typesupport_fastrtps_c.h\n'}
[1.010320] (px4_msgs) StdoutLine: {'line': b'-- Up-to-date: /home/jmj/pro_asp_ws/ws_px4_controls/install/px4_msgs/include/px4_msgs/px4_msgs/msg/detail/actuator_test__rosidl_typesupport_fastrtps_c.h\n'}
[1.010341] (px4_msgs) StdoutLine: {'line': b'-- Up-to-date: /home/jmj/pro_asp_ws/ws_px4_controls/install/px4_msgs/include/px4_msgs/px4_msgs/msg/detail/tecs_status__rosidl_typesupport_fastrtps_c.h\n'}
[1.010362] (px4_msgs) StdoutLine: {'line': b'-- Up-to-date: /home/jmj/pro_asp_ws/ws_px4_controls/install/px4_msgs/include/px4_msgs/px4_msgs/msg/detail/sensor_airflow__rosidl_typesupport_fastrtps_c.h\n'}
[1.010387] (px4_msgs) StdoutLine: {'line': b'-- Up-to-date: /home/jmj/pro_asp_ws/ws_px4_controls/install/px4_msgs/include/px4_msgs/px4_msgs/msg/detail/yaw_estimator_status__rosidl_typesupport_fastrtps_c.h\n'}
[1.010414] (px4_msgs) StdoutLine: {'line': b'-- Up-to-date: /home/jmj/pro_asp_ws/ws_px4_controls/install/px4_msgs/include/px4_msgs/px4_msgs/msg/detail/parameter_reset_request__rosidl_typesupport_fastrtps_c.h\n'}
[1.010438] (px4_msgs) StdoutLine: {'line': b'-- Up-to-date: /home/jmj/pro_asp_ws/ws_px4_controls/install/px4_msgs/include/px4_msgs/px4_msgs/msg/detail/px4io_status__rosidl_typesupport_fastrtps_c.h\n'}
[1.010464] (px4_msgs) StdoutLine: {'line': b'-- Up-to-date: /home/jmj/pro_asp_ws/ws_px4_controls/install/px4_msgs/include/px4_msgs/px4_msgs/msg/detail/failure_detector_status__rosidl_typesupport_fastrtps_c.h\n'}
[1.010486] (px4_msgs) StdoutLine: {'line': b'-- Up-to-date: /home/jmj/pro_asp_ws/ws_px4_controls/install/px4_msgs/include/px4_msgs/px4_msgs/msg/detail/vehicle_angular_velocity__rosidl_typesupport_fastrtps_c.h\n'}
[1.010508] (px4_msgs) StdoutLine: {'line': b'-- Up-to-date: /home/jmj/pro_asp_ws/ws_px4_controls/install/px4_msgs/include/px4_msgs/px4_msgs/msg/detail/estimator_event_flags__rosidl_typesupport_fastrtps_c.h\n'}
[1.010531] (px4_msgs) StdoutLine: {'line': b'-- Up-to-date: /home/jmj/pro_asp_ws/ws_px4_controls/install/px4_msgs/include/px4_msgs/px4_msgs/msg/detail/message_format_response__rosidl_typesupport_fastrtps_c.h\n'}
[1.010552] (px4_msgs) StdoutLine: {'line': b'-- Up-to-date: /home/jmj/pro_asp_ws/ws_px4_controls/install/px4_msgs/include/px4_msgs/px4_msgs/msg/detail/rover_throttle_setpoint__rosidl_typesupport_fastrtps_c.h\n'}
[1.010574] (px4_msgs) StdoutLine: {'line': b'-- Up-to-date: /home/jmj/pro_asp_ws/ws_px4_controls/install/px4_msgs/include/px4_msgs/px4_msgs/msg/detail/sensor_gnss_relative__rosidl_typesupport_fastrtps_c.h\n'}
[1.010596] (px4_msgs) StdoutLine: {'line': b'-- Up-to-date: /home/jmj/pro_asp_ws/ws_px4_controls/install/px4_msgs/include/px4_msgs/px4_msgs/msg/detail/trajectory_setpoint__rosidl_typesupport_fastrtps_c.h\n'}
[1.010618] (px4_msgs) StdoutLine: {'line': b'-- Up-to-date: /home/jmj/pro_asp_ws/ws_px4_controls/install/px4_msgs/include/px4_msgs/px4_msgs/msg/detail/uavcan_parameter_value__rosidl_typesupport_fastrtps_c.h\n'}
[1.010639] (px4_msgs) StdoutLine: {'line': b'-- Up-to-date: /home/jmj/pro_asp_ws/ws_px4_controls/install/px4_msgs/include/px4_msgs/px4_msgs/msg/detail/sensor_uwb__rosidl_typesupport_fastrtps_c.h\n'}
[1.010661] (px4_msgs) StdoutLine: {'line': b'-- Up-to-date: /home/jmj/pro_asp_ws/ws_px4_controls/install/px4_msgs/include/px4_msgs/px4_msgs/msg/detail/actuator_servos__rosidl_typesupport_fastrtps_c.h\n'}
[1.010689] (px4_msgs) StdoutLine: {'line': b'-- Up-to-date: /home/jmj/pro_asp_ws/ws_px4_controls/install/px4_msgs/include/px4_msgs/px4_msgs/msg/detail/input_rc__rosidl_typesupport_fastrtps_c.h\n'}
[1.010716] (px4_msgs) StdoutLine: {'line': b'-- Up-to-date: /home/jmj/pro_asp_ws/ws_px4_controls/install/px4_msgs/include/px4_msgs/px4_msgs/msg/detail/wind__rosidl_typesupport_fastrtps_c.h\n'}
[1.010753] (px4_msgs) StdoutLine: {'line': b'-- Up-to-date: /home/jmj/pro_asp_ws/ws_px4_controls/install/px4_msgs/include/px4_msgs/px4_msgs/msg/detail/actuator_controls_status__rosidl_typesupport_fastrtps_c.h\n'}
[1.010786] (px4_msgs) StdoutLine: {'line': b'-- Up-to-date: /home/jmj/pro_asp_ws/ws_px4_controls/install/px4_msgs/include/px4_msgs/px4_msgs/msg/detail/log_message__rosidl_typesupport_fastrtps_c.h\n'}
[1.010817] (px4_msgs) StdoutLine: {'line': b'-- Up-to-date: /home/jmj/pro_asp_ws/ws_px4_controls/install/px4_msgs/include/px4_msgs/px4_msgs/msg/detail/actuator_motors__rosidl_typesupport_fastrtps_c.h\n'}
[1.010845] (px4_msgs) StdoutLine: {'line': b'-- Up-to-date: /home/jmj/pro_asp_ws/ws_px4_controls/install/px4_msgs/include/px4_msgs/px4_msgs/msg/detail/normalized_unsigned_setpoint__rosidl_typesupport_fastrtps_c.h\n'}
[1.010869] (px4_msgs) StdoutLine: {'line': b'-- Up-to-date: /home/jmj/pro_asp_ws/ws_px4_controls/install/px4_msgs/include/px4_msgs/px4_msgs/msg/detail/rover_rate_status__rosidl_typesupport_fastrtps_c.h\n'}
[1.010891] (px4_msgs) StdoutLine: {'line': b'-- Up-to-date: /home/jmj/pro_asp_ws/ws_px4_controls/install/px4_msgs/include/px4_msgs/px4_msgs/msg/detail/geofence_status__rosidl_typesupport_fastrtps_c.h\n'}
[1.010915] (px4_msgs) StdoutLine: {'line': b'-- Up-to-date: /home/jmj/pro_asp_ws/ws_px4_controls/install/px4_msgs/include/px4_msgs/px4_msgs/msg/detail/sensor_gyro_fft__rosidl_typesupport_fastrtps_c.h\n'}
[1.010941] (px4_msgs) StdoutLine: {'line': b'-- Up-to-date: /home/jmj/pro_asp_ws/ws_px4_controls/install/px4_msgs/include/px4_msgs/px4_msgs/msg/detail/launch_detection_status__rosidl_typesupport_fastrtps_c.h\n'}
[1.010972] (px4_msgs) StdoutLine: {'line': b'-- Up-to-date: /home/jmj/pro_asp_ws/ws_px4_controls/install/px4_msgs/include/px4_msgs/px4_msgs/msg/detail/parameter_set_used_request__rosidl_typesupport_fastrtps_c.h\n'}
[1.010997] (px4_msgs) StdoutLine: {'line': b'-- Up-to-date: /home/jmj/pro_asp_ws/ws_px4_controls/install/px4_msgs/include/px4_msgs/px4_msgs/msg/detail/gpio_config__rosidl_typesupport_fastrtps_c.h\n'}
[1.011023] (px4_msgs) StdoutLine: {'line': b'-- Up-to-date: /home/jmj/pro_asp_ws/ws_px4_controls/install/px4_msgs/include/px4_msgs/px4_msgs/msg/detail/estimator_gps_status__rosidl_typesupport_fastrtps_c.h\n'}
[1.011049] (px4_msgs) StdoutLine: {'line': b'-- Up-to-date: /home/jmj/pro_asp_ws/ws_px4_controls/install/px4_msgs/include/px4_msgs/px4_msgs/msg/detail/gpio_out__rosidl_typesupport_fastrtps_c.h\n'}
[1.011071] (px4_msgs) StdoutLine: {'line': b'-- Up-to-date: /home/jmj/pro_asp_ws/ws_px4_controls/install/px4_msgs/include/px4_msgs/px4_msgs/msg/detail/register_ext_component_reply__rosidl_typesupport_fastrtps_c.h\n'}
[1.011092] (px4_msgs) StdoutLine: {'line': b'-- Up-to-date: /home/jmj/pro_asp_ws/ws_px4_controls/install/px4_msgs/include/px4_msgs/px4_msgs/msg/detail/estimator_states__rosidl_typesupport_fastrtps_c.h\n'}
[1.011118] (px4_msgs) StdoutLine: {'line': b'-- Up-to-date: /home/jmj/pro_asp_ws/ws_px4_controls/install/px4_msgs/include/px4_msgs/px4_msgs/msg/detail/qshell_retval__rosidl_typesupport_fastrtps_c.h\n'}
[1.011146] (px4_msgs) StdoutLine: {'line': b'-- Up-to-date: /home/jmj/pro_asp_ws/ws_px4_controls/install/px4_msgs/include/px4_msgs/px4_msgs/msg/detail/airspeed_validated__rosidl_typesupport_fastrtps_c.h\n'}
[1.011167] (px4_msgs) StdoutLine: {'line': b'-- Up-to-date: /home/jmj/pro_asp_ws/ws_px4_controls/install/px4_msgs/include/px4_msgs/px4_msgs/msg/detail/vehicle_attitude__rosidl_typesupport_fastrtps_c.h\n'}
[1.011190] (px4_msgs) StdoutLine: {'line': b'-- Up-to-date: /home/jmj/pro_asp_ws/ws_px4_controls/install/px4_msgs/include/px4_msgs/px4_msgs/msg/detail/orb_test_medium__rosidl_typesupport_fastrtps_c.h\n'}
[1.011215] (px4_msgs) StdoutLine: {'line': b'-- Up-to-date: /home/jmj/pro_asp_ws/ws_px4_controls/install/px4_msgs/include/px4_msgs/px4_msgs/msg/detail/sensor_hygrometer__rosidl_typesupport_fastrtps_c.h\n'}
[1.011236] (px4_msgs) StdoutLine: {'line': b'-- Up-to-date: /home/jmj/pro_asp_ws/ws_px4_controls/install/px4_msgs/include/px4_msgs/px4_msgs/msg/detail/collision_constraints__rosidl_typesupport_fastrtps_c.h\n'}
[1.011257] (px4_msgs) StdoutLine: {'line': b'-- Up-to-date: /home/jmj/pro_asp_ws/ws_px4_controls/install/px4_msgs/include/px4_msgs/px4_msgs/msg/detail/message_format_request__rosidl_typesupport_fastrtps_c.h\n'}
[1.011279] (px4_msgs) StdoutLine: {'line': b'-- Up-to-date: /home/jmj/pro_asp_ws/ws_px4_controls/install/px4_msgs/include/px4_msgs/px4_msgs/msg/detail/gps_dump__rosidl_typesupport_fastrtps_c.h\n'}
[1.011301] (px4_msgs) StdoutLine: {'line': b'-- Up-to-date: /home/jmj/pro_asp_ws/ws_px4_controls/install/px4_msgs/include/px4_msgs/px4_msgs/msg/detail/vehicle_imu_status__rosidl_typesupport_fastrtps_c.h\n'}
[1.011322] (px4_msgs) StdoutLine: {'line': b'-- Up-to-date: /home/jmj/pro_asp_ws/ws_px4_controls/install/px4_msgs/include/px4_msgs/px4_msgs/msg/detail/vehicle_status__rosidl_typesupport_fastrtps_c.h\n'}
[1.011343] (px4_msgs) StdoutLine: {'line': b'-- Up-to-date: /home/jmj/pro_asp_ws/ws_px4_controls/install/px4_msgs/include/px4_msgs/px4_msgs/msg/detail/open_drone_id_operator_id__rosidl_typesupport_fastrtps_c.h\n'}
[1.011364] (px4_msgs) StdoutLine: {'line': b'-- Up-to-date: /home/jmj/pro_asp_ws/ws_px4_controls/install/px4_msgs/include/px4_msgs/px4_msgs/msg/detail/sensor_gyro__rosidl_typesupport_fastrtps_c.h\n'}
[1.011386] (px4_msgs) StdoutLine: {'line': b'-- Up-to-date: /home/jmj/pro_asp_ws/ws_px4_controls/install/px4_msgs/include/px4_msgs/px4_msgs/msg/detail/open_drone_id_system__rosidl_typesupport_fastrtps_c.h\n'}
[1.011408] (px4_msgs) StdoutLine: {'line': b'-- Up-to-date: /home/jmj/pro_asp_ws/ws_px4_controls/install/px4_msgs/include/px4_msgs/px4_msgs/msg/detail/estimator_innovations__rosidl_typesupport_fastrtps_c.h\n'}
[1.011430] (px4_msgs) StdoutLine: {'line': b'-- Up-to-date: /home/jmj/pro_asp_ws/ws_px4_controls/install/px4_msgs/include/px4_msgs/px4_msgs/msg/detail/navigator_status__rosidl_typesupport_fastrtps_c.h\n'}
[1.011450] (px4_msgs) StdoutLine: {'line': b'-- Up-to-date: /home/jmj/pro_asp_ws/ws_px4_controls/install/px4_msgs/include/px4_msgs/px4_msgs/msg/detail/follow_target_status__rosidl_typesupport_fastrtps_c.h\n'}
[1.011473] (px4_msgs) StdoutLine: {'line': b'-- Up-to-date: /home/jmj/pro_asp_ws/ws_px4_controls/install/px4_msgs/include/px4_msgs/px4_msgs/msg/detail/ping__rosidl_typesupport_fastrtps_c.h\n'}
[1.011493] (px4_msgs) StdoutLine: {'line': b'-- Up-to-date: /home/jmj/pro_asp_ws/ws_px4_controls/install/px4_msgs/include/px4_msgs/px4_msgs/msg/detail/mode_completed__rosidl_typesupport_fastrtps_c.h\n'}
[1.011514] (px4_msgs) StdoutLine: {'line': b'-- Up-to-date: /home/jmj/pro_asp_ws/ws_px4_controls/install/px4_msgs/include/px4_msgs/px4_msgs/msg/detail/flight_phase_estimation__rosidl_typesupport_fastrtps_c.h\n'}
[1.011535] (px4_msgs) StdoutLine: {'line': b'-- Up-to-date: /home/jmj/pro_asp_ws/ws_px4_controls/install/px4_msgs/include/px4_msgs/px4_msgs/msg/detail/satellite_info__rosidl_typesupport_fastrtps_c.h\n'}
[1.011557] (px4_msgs) StdoutLine: {'line': b'-- Up-to-date: /home/jmj/pro_asp_ws/ws_px4_controls/install/px4_msgs/include/px4_msgs/px4_msgs/msg/detail/actuator_outputs__rosidl_typesupport_fastrtps_c.h\n'}
[1.011583] (px4_msgs) StdoutLine: {'line': b'-- Up-to-date: /home/jmj/pro_asp_ws/ws_px4_controls/install/px4_msgs/include/px4_msgs/px4_msgs/msg/detail/unregister_ext_component__rosidl_typesupport_fastrtps_c.h\n'}
[1.011607] (px4_msgs) StdoutLine: {'line': b'-- Up-to-date: /home/jmj/pro_asp_ws/ws_px4_controls/install/px4_msgs/include/px4_msgs/px4_msgs/msg/detail/rc_parameter_map__rosidl_typesupport_fastrtps_c.h\n'}
[1.011637] (px4_msgs) StdoutLine: {'line': b'-- Up-to-date: /home/jmj/pro_asp_ws/ws_px4_controls/install/px4_msgs/include/px4_msgs/px4_msgs/msg/detail/vehicle_thrust_setpoint__rosidl_typesupport_fastrtps_c.h\n'}
[1.011673] (px4_msgs) StdoutLine: {'line': b'-- Up-to-date: /home/jmj/pro_asp_ws/ws_px4_controls/install/px4_msgs/include/px4_msgs/px4_msgs/msg/rosidl_typesupport_fastrtps_c__visibility_control.h\n'}
[1.011706] (px4_msgs) StdoutLine: {'line': b'-- Up-to-date: /home/jmj/pro_asp_ws/ws_px4_controls/install/px4_msgs/lib/libpx4_msgs__rosidl_typesupport_fastrtps_c.so\n'}
[1.011742] (px4_msgs) StdoutLine: {'line': b'-- Up-to-date: /home/jmj/pro_asp_ws/ws_px4_controls/install/px4_msgs/include/px4_msgs/px4_msgs\n'}
[1.011764] (px4_msgs) StdoutLine: {'line': b'-- Up-to-date: /home/jmj/pro_asp_ws/ws_px4_controls/install/px4_msgs/include/px4_msgs/px4_msgs/srv\n'}
[1.011786] (px4_msgs) StdoutLine: {'line': b'-- Up-to-date: /home/jmj/pro_asp_ws/ws_px4_controls/install/px4_msgs/include/px4_msgs/px4_msgs/srv/detail\n'}
[1.011807] (px4_msgs) StdoutLine: {'line': b'-- Up-to-date: /home/jmj/pro_asp_ws/ws_px4_controls/install/px4_msgs/include/px4_msgs/px4_msgs/srv/detail/vehicle_command__type_support.hpp\n'}
[1.011831] (px4_msgs) StdoutLine: {'line': b'-- Up-to-date: /home/jmj/pro_asp_ws/ws_px4_controls/install/px4_msgs/include/px4_msgs/px4_msgs/srv/detail/vehicle_command__struct.hpp\n'}
[1.011857] (px4_msgs) StdoutLine: {'line': b'-- Up-to-date: /home/jmj/pro_asp_ws/ws_px4_controls/install/px4_msgs/include/px4_msgs/px4_msgs/srv/detail/vehicle_command__builder.hpp\n'}
[1.011888] (px4_msgs) StdoutLine: {'line': b'-- Up-to-date: /home/jmj/pro_asp_ws/ws_px4_controls/install/px4_msgs/include/px4_msgs/px4_msgs/srv/detail/vehicle_command__traits.hpp\n'}
[1.011912] (px4_msgs) StdoutLine: {'line': b'-- Up-to-date: /home/jmj/pro_asp_ws/ws_px4_controls/install/px4_msgs/include/px4_msgs/px4_msgs/srv/vehicle_command.hpp\n'}
[1.011935] (px4_msgs) StdoutLine: {'line': b'-- Up-to-date: /home/jmj/pro_asp_ws/ws_px4_controls/install/px4_msgs/include/px4_msgs/px4_msgs/msg\n'}
[1.011969] (px4_msgs) StdoutLine: {'line': b'-- Up-to-date: /home/jmj/pro_asp_ws/ws_px4_controls/install/px4_msgs/include/px4_msgs/px4_msgs/msg/sensor_gyro_fft.hpp\n'}
[1.011993] (px4_msgs) StdoutLine: {'line': b'-- Up-to-date: /home/jmj/pro_asp_ws/ws_px4_controls/install/px4_msgs/include/px4_msgs/px4_msgs/msg/wheel_encoders.hpp\n'}
[1.012018] (px4_msgs) StdoutLine: {'line': b'-- Up-to-date: /home/jmj/pro_asp_ws/ws_px4_controls/install/px4_msgs/include/px4_msgs/px4_msgs/msg/estimator_sensor_bias.hpp\n'}
[1.012045] (px4_msgs) StdoutLine: {'line': b'-- Up-to-date: /home/jmj/pro_asp_ws/ws_px4_controls/install/px4_msgs/include/px4_msgs/px4_msgs/msg/qshell_req.hpp\n'}
[1.012069] (px4_msgs) StdoutLine: {'line': b'-- Up-to-date: /home/jmj/pro_asp_ws/ws_px4_controls/install/px4_msgs/include/px4_msgs/px4_msgs/msg/launch_detection_status.hpp\n'}
[1.012091] (px4_msgs) StdoutLine: {'line': b'-- Up-to-date: /home/jmj/pro_asp_ws/ws_px4_controls/install/px4_msgs/include/px4_msgs/px4_msgs/msg/tiltrotor_extra_controls.hpp\n'}
[1.012114] (px4_msgs) StdoutLine: {'line': b'-- Up-to-date: /home/jmj/pro_asp_ws/ws_px4_controls/install/px4_msgs/include/px4_msgs/px4_msgs/msg/vehicle_control_mode.hpp\n'}
[1.012136] (px4_msgs) StdoutLine: {'line': b'-- Up-to-date: /home/jmj/pro_asp_ws/ws_px4_controls/install/px4_msgs/include/px4_msgs/px4_msgs/msg/estimator_gps_status.hpp\n'}
[1.012158] (px4_msgs) StdoutLine: {'line': b'-- Up-to-date: /home/jmj/pro_asp_ws/ws_px4_controls/install/px4_msgs/include/px4_msgs/px4_msgs/msg/differential_pressure.hpp\n'}
[1.012181] (px4_msgs) StdoutLine: {'line': b'-- Up-to-date: /home/jmj/pro_asp_ws/ws_px4_controls/install/px4_msgs/include/px4_msgs/px4_msgs/msg/gpio_request.hpp\n'}
[1.012204] (px4_msgs) StdoutLine: {'line': b'-- Up-to-date: /home/jmj/pro_asp_ws/ws_px4_controls/install/px4_msgs/include/px4_msgs/px4_msgs/msg/goto_setpoint.hpp\n'}
[1.012229] (px4_msgs) StdoutLine: {'line': b'-- Up-to-date: /home/jmj/pro_asp_ws/ws_px4_controls/install/px4_msgs/include/px4_msgs/px4_msgs/msg/rover_rate_status.hpp\n'}
[1.012251] (px4_msgs) StdoutLine: {'line': b'-- Up-to-date: /home/jmj/pro_asp_ws/ws_px4_controls/install/px4_msgs/include/px4_msgs/px4_msgs/msg/vehicle_odometry.hpp\n'}
[1.012275] (px4_msgs) StdoutLine: {'line': b'-- Up-to-date: /home/jmj/pro_asp_ws/ws_px4_controls/install/px4_msgs/include/px4_msgs/px4_msgs/msg/heater_status.hpp\n'}
[1.012296] (px4_msgs) StdoutLine: {'line': b'-- Up-to-date: /home/jmj/pro_asp_ws/ws_px4_controls/install/px4_msgs/include/px4_msgs/px4_msgs/msg/vehicle_roi.hpp\n'}
[1.012318] (px4_msgs) StdoutLine: {'line': b'-- Up-to-date: /home/jmj/pro_asp_ws/ws_px4_controls/install/px4_msgs/include/px4_msgs/px4_msgs/msg/sensor_selection.hpp\n'}
[1.012340] (px4_msgs) StdoutLine: {'line': b'-- Up-to-date: /home/jmj/pro_asp_ws/ws_px4_controls/install/px4_msgs/include/px4_msgs/px4_msgs/msg/task_stack_info.hpp\n'}
[1.012361] (px4_msgs) StdoutLine: {'line': b'-- Up-to-date: /home/jmj/pro_asp_ws/ws_px4_controls/install/px4_msgs/include/px4_msgs/px4_msgs/msg/actuator_armed.hpp\n'}
[1.012381] (px4_msgs) StdoutLine: {'line': b'-- Up-to-date: /home/jmj/pro_asp_ws/ws_px4_controls/install/px4_msgs/include/px4_msgs/px4_msgs/msg/control_allocator_status.hpp\n'}
[1.012403] (px4_msgs) StdoutLine: {'line': b'-- Up-to-date: /home/jmj/pro_asp_ws/ws_px4_controls/install/px4_msgs/include/px4_msgs/px4_msgs/msg/open_drone_id_operator_id.hpp\n'}
[1.012424] (px4_msgs) StdoutLine: {'line': b'-- Up-to-date: /home/jmj/pro_asp_ws/ws_px4_controls/install/px4_msgs/include/px4_msgs/px4_msgs/msg/orb_test.hpp\n'}
[1.012446] (px4_msgs) StdoutLine: {'line': b'-- Up-to-date: /home/jmj/pro_asp_ws/ws_px4_controls/install/px4_msgs/include/px4_msgs/px4_msgs/msg/uavcan_parameter_request.hpp\n'}
[1.012466] (px4_msgs) StdoutLine: {'line': b'-- Up-to-date: /home/jmj/pro_asp_ws/ws_px4_controls/install/px4_msgs/include/px4_msgs/px4_msgs/msg/internal_combustion_engine_status.hpp\n'}
[1.012487] (px4_msgs) StdoutLine: {'line': b'-- Up-to-date: /home/jmj/pro_asp_ws/ws_px4_controls/install/px4_msgs/include/px4_msgs/px4_msgs/msg/landing_target_pose.hpp\n'}
[1.012508] (px4_msgs) StdoutLine: {'line': b'-- Up-to-date: /home/jmj/pro_asp_ws/ws_px4_controls/install/px4_msgs/include/px4_msgs/px4_msgs/msg/mission.hpp\n'}
[1.012533] (px4_msgs) StdoutLine: {'line': b'-- Up-to-date: /home/jmj/pro_asp_ws/ws_px4_controls/install/px4_msgs/include/px4_msgs/px4_msgs/msg/can_interface_status.hpp\n'}
[1.012553] (px4_msgs) StdoutLine: {'line': b'-- Up-to-date: /home/jmj/pro_asp_ws/ws_px4_controls/install/px4_msgs/include/px4_msgs/px4_msgs/msg/rover_velocity_status.hpp\n'}
[1.012574] (px4_msgs) StdoutLine: {'line': b'-- Up-to-date: /home/jmj/pro_asp_ws/ws_px4_controls/install/px4_msgs/include/px4_msgs/px4_msgs/msg/dataman_response.hpp\n'}
[1.012594] (px4_msgs) StdoutLine: {'line': b'-- Up-to-date: /home/jmj/pro_asp_ws/ws_px4_controls/install/px4_msgs/include/px4_msgs/px4_msgs/msg/orb_test_large.hpp\n'}
[1.012615] (px4_msgs) StdoutLine: {'line': b'-- Up-to-date: /home/jmj/pro_asp_ws/ws_px4_controls/install/px4_msgs/include/px4_msgs/px4_msgs/msg/rover_position_setpoint.hpp\n'}
[1.012636] (px4_msgs) StdoutLine: {'line': b'-- Up-to-date: /home/jmj/pro_asp_ws/ws_px4_controls/install/px4_msgs/include/px4_msgs/px4_msgs/msg/sensor_uwb.hpp\n'}
[1.012658] (px4_msgs) StdoutLine: {'line': b'-- Up-to-date: /home/jmj/pro_asp_ws/ws_px4_controls/install/px4_msgs/include/px4_msgs/px4_msgs/msg/camera_trigger.hpp\n'}
[1.012680] (px4_msgs) StdoutLine: {'line': b'-- Up-to-date: /home/jmj/pro_asp_ws/ws_px4_controls/install/px4_msgs/include/px4_msgs/px4_msgs/msg/takeoff_status.hpp\n'}
[1.012702] (px4_msgs) StdoutLine: {'line': b'-- Up-to-date: /home/jmj/pro_asp_ws/ws_px4_controls/install/px4_msgs/include/px4_msgs/px4_msgs/msg/fixed_wing_lateral_status.hpp\n'}
[1.012723] (px4_msgs) StdoutLine: {'line': b'-- Up-to-date: /home/jmj/pro_asp_ws/ws_px4_controls/install/px4_msgs/include/px4_msgs/px4_msgs/msg/rover_velocity_setpoint.hpp\n'}
[1.012745] (px4_msgs) StdoutLine: {'line': b'-- Up-to-date: /home/jmj/pro_asp_ws/ws_px4_controls/install/px4_msgs/include/px4_msgs/px4_msgs/msg/rover_attitude_setpoint.hpp\n'}
[1.012767] (px4_msgs) StdoutLine: {'line': b'-- Up-to-date: /home/jmj/pro_asp_ws/ws_px4_controls/install/px4_msgs/include/px4_msgs/px4_msgs/msg/vehicle_command_ack.hpp\n'}
[1.012790] (px4_msgs) StdoutLine: {'line': b'-- Up-to-date: /home/jmj/pro_asp_ws/ws_px4_controls/install/px4_msgs/include/px4_msgs/px4_msgs/msg/mag_worker_data.hpp\n'}
[1.012811] (px4_msgs) StdoutLine: {'line': b'-- Up-to-date: /home/jmj/pro_asp_ws/ws_px4_controls/install/px4_msgs/include/px4_msgs/px4_msgs/msg/input_rc.hpp\n'}
[1.012831] (px4_msgs) StdoutLine: {'line': b'-- Up-to-date: /home/jmj/pro_asp_ws/ws_px4_controls/install/px4_msgs/include/px4_msgs/px4_msgs/msg/ping.hpp\n'}
[1.012852] (px4_msgs) StdoutLine: {'line': b'-- Up-to-date: /home/jmj/pro_asp_ws/ws_px4_controls/install/px4_msgs/include/px4_msgs/px4_msgs/msg/vehicle_attitude.hpp\n'}
[1.012872] (px4_msgs) StdoutLine: {'line': b'-- Up-to-date: /home/jmj/pro_asp_ws/ws_px4_controls/install/px4_msgs/include/px4_msgs/px4_msgs/msg/iridiumsbd_status.hpp\n'}
[1.012895] (px4_msgs) StdoutLine: {'line': b'-- Up-to-date: /home/jmj/pro_asp_ws/ws_px4_controls/install/px4_msgs/include/px4_msgs/px4_msgs/msg/open_drone_id_self_id.hpp\n'}
[1.012916] (px4_msgs) StdoutLine: {'line': b'-- Up-to-date: /home/jmj/pro_asp_ws/ws_px4_controls/install/px4_msgs/include/px4_msgs/px4_msgs/msg/obstacle_distance.hpp\n'}
[1.012936] (px4_msgs) StdoutLine: {'line': b'-- Up-to-date: /home/jmj/pro_asp_ws/ws_px4_controls/install/px4_msgs/include/px4_msgs/px4_msgs/msg/normalized_unsigned_setpoint.hpp\n'}
[1.012962] (px4_msgs) StdoutLine: {'line': b'-- Up-to-date: /home/jmj/pro_asp_ws/ws_px4_controls/install/px4_msgs/include/px4_msgs/px4_msgs/msg/rtl_status.hpp\n'}
[1.012984] (px4_msgs) StdoutLine: {'line': b'-- Up-to-date: /home/jmj/pro_asp_ws/ws_px4_controls/install/px4_msgs/include/px4_msgs/px4_msgs/msg/px4io_status.hpp\n'}
[1.013005] (px4_msgs) StdoutLine: {'line': b'-- Up-to-date: /home/jmj/pro_asp_ws/ws_px4_controls/install/px4_msgs/include/px4_msgs/px4_msgs/msg/vtol_vehicle_status.hpp\n'}
[1.013025] (px4_msgs) StdoutLine: {'line': b'-- Up-to-date: /home/jmj/pro_asp_ws/ws_px4_controls/install/px4_msgs/include/px4_msgs/px4_msgs/msg/airspeed.hpp\n'}
[1.013046] (px4_msgs) StdoutLine: {'line': b'-- Up-to-date: /home/jmj/pro_asp_ws/ws_px4_controls/install/px4_msgs/include/px4_msgs/px4_msgs/msg/sensor_preflight_mag.hpp\n'}
[1.013070] (px4_msgs) StdoutLine: {'line': b'-- Up-to-date: /home/jmj/pro_asp_ws/ws_px4_controls/install/px4_msgs/include/px4_msgs/px4_msgs/msg/esc_report.hpp\n'}
[1.013091] (px4_msgs) StdoutLine: {'line': b'-- Up-to-date: /home/jmj/pro_asp_ws/ws_px4_controls/install/px4_msgs/include/px4_msgs/px4_msgs/msg/sensors_status.hpp\n'}
[1.013112] (px4_msgs) StdoutLine: {'line': b'-- Up-to-date: /home/jmj/pro_asp_ws/ws_px4_controls/install/px4_msgs/include/px4_msgs/px4_msgs/msg/actuator_controls_status.hpp\n'}
[1.013133] (px4_msgs) StdoutLine: {'line': b'-- Up-to-date: /home/jmj/pro_asp_ws/ws_px4_controls/install/px4_msgs/include/px4_msgs/px4_msgs/msg/position_setpoint.hpp\n'}
[1.013154] (px4_msgs) StdoutLine: {'line': b'-- Up-to-date: /home/jmj/pro_asp_ws/ws_px4_controls/install/px4_msgs/include/px4_msgs/px4_msgs/msg/timesync_status.hpp\n'}
[1.013175] (px4_msgs) StdoutLine: {'line': b'-- Up-to-date: /home/jmj/pro_asp_ws/ws_px4_controls/install/px4_msgs/include/px4_msgs/px4_msgs/msg/vehicle_acceleration.hpp\n'}
[1.013196] (px4_msgs) StdoutLine: {'line': b'-- Up-to-date: /home/jmj/pro_asp_ws/ws_px4_controls/install/px4_msgs/include/px4_msgs/px4_msgs/msg/logger_status.hpp\n'}
[1.013216] (px4_msgs) StdoutLine: {'line': b'-- Up-to-date: /home/jmj/pro_asp_ws/ws_px4_controls/install/px4_msgs/include/px4_msgs/px4_msgs/msg/ulog_stream_ack.hpp\n'}
[1.013237] (px4_msgs) StdoutLine: {'line': b'-- Up-to-date: /home/jmj/pro_asp_ws/ws_px4_controls/install/px4_msgs/include/px4_msgs/px4_msgs/msg/gpio_out.hpp\n'}
[1.013261] (px4_msgs) StdoutLine: {'line': b'-- Up-to-date: /home/jmj/pro_asp_ws/ws_px4_controls/install/px4_msgs/include/px4_msgs/px4_msgs/msg/transponder_report.hpp\n'}
[1.013282] (px4_msgs) StdoutLine: {'line': b'-- Up-to-date: /home/jmj/pro_asp_ws/ws_px4_controls/install/px4_msgs/include/px4_msgs/px4_msgs/msg/estimator_status_flags.hpp\n'}
[1.013305] (px4_msgs) StdoutLine: {'line': b'-- Up-to-date: /home/jmj/pro_asp_ws/ws_px4_controls/install/px4_msgs/include/px4_msgs/px4_msgs/msg/longitudinal_control_configuration.hpp\n'}
[1.013325] (px4_msgs) StdoutLine: {'line': b'-- Up-to-date: /home/jmj/pro_asp_ws/ws_px4_controls/install/px4_msgs/include/px4_msgs/px4_msgs/msg/vehicle_angular_velocity.hpp\n'}
[1.013346] (px4_msgs) StdoutLine: {'line': b'-- Up-to-date: /home/jmj/pro_asp_ws/ws_px4_controls/install/px4_msgs/include/px4_msgs/px4_msgs/msg/estimator_status.hpp\n'}
[1.013367] (px4_msgs) StdoutLine: {'line': b'-- Up-to-date: /home/jmj/pro_asp_ws/ws_px4_controls/install/px4_msgs/include/px4_msgs/px4_msgs/msg/gimbal_manager_set_manual_control.hpp\n'}
[1.013387] (px4_msgs) StdoutLine: {'line': b'-- Up-to-date: /home/jmj/pro_asp_ws/ws_px4_controls/install/px4_msgs/include/px4_msgs/px4_msgs/msg/estimator_aid_source1d.hpp\n'}
[1.013408] (px4_msgs) StdoutLine: {'line': b'-- Up-to-date: /home/jmj/pro_asp_ws/ws_px4_controls/install/px4_msgs/include/px4_msgs/px4_msgs/msg/detail\n'}
[1.013429] (px4_msgs) StdoutLine: {'line': b'-- Up-to-date: /home/jmj/pro_asp_ws/ws_px4_controls/install/px4_msgs/include/px4_msgs/px4_msgs/msg/detail/goto_setpoint__traits.hpp\n'}
[1.013451] (px4_msgs) StdoutLine: {'line': b'-- Up-to-date: /home/jmj/pro_asp_ws/ws_px4_controls/install/px4_msgs/include/px4_msgs/px4_msgs/msg/detail/sensor_selection__traits.hpp\n'}
[1.013472] (px4_msgs) StdoutLine: {'line': b'-- Up-to-date: /home/jmj/pro_asp_ws/ws_px4_controls/install/px4_msgs/include/px4_msgs/px4_msgs/msg/detail/dataman_request__type_support.hpp\n'}
[1.013493] (px4_msgs) StdoutLine: {'line': b'-- Up-to-date: /home/jmj/pro_asp_ws/ws_px4_controls/install/px4_msgs/include/px4_msgs/px4_msgs/msg/detail/navigator_status__traits.hpp\n'}
[1.013514] (px4_msgs) StdoutLine: {'line': b'-- Up-to-date: /home/jmj/pro_asp_ws/ws_px4_controls/install/px4_msgs/include/px4_msgs/px4_msgs/msg/detail/generator_status__traits.hpp\n'}
[1.013535] (px4_msgs) StdoutLine: {'line': b'-- Up-to-date: /home/jmj/pro_asp_ws/ws_px4_controls/install/px4_msgs/include/px4_msgs/px4_msgs/msg/detail/sensors_status_imu__traits.hpp\n'}
[1.013558] (px4_msgs) StdoutLine: {'line': b'-- Up-to-date: /home/jmj/pro_asp_ws/ws_px4_controls/install/px4_msgs/include/px4_msgs/px4_msgs/msg/detail/estimator_bias3d__type_support.hpp\n'}
[1.013578] (px4_msgs) StdoutLine: {'line': b'-- Up-to-date: /home/jmj/pro_asp_ws/ws_px4_controls/install/px4_msgs/include/px4_msgs/px4_msgs/msg/detail/orb_test_medium__struct.hpp\n'}
[1.013599] (px4_msgs) StdoutLine: {'line': b'-- Up-to-date: /home/jmj/pro_asp_ws/ws_px4_controls/install/px4_msgs/include/px4_msgs/px4_msgs/msg/detail/pwm_input__type_support.hpp\n'}
[1.013620] (px4_msgs) StdoutLine: {'line': b'-- Up-to-date: /home/jmj/pro_asp_ws/ws_px4_controls/install/px4_msgs/include/px4_msgs/px4_msgs/msg/detail/iridiumsbd_status__builder.hpp\n'}
[1.013642] (px4_msgs) StdoutLine: {'line': b'-- Up-to-date: /home/jmj/pro_asp_ws/ws_px4_controls/install/px4_msgs/include/px4_msgs/px4_msgs/msg/detail/follow_target_estimator__struct.hpp\n'}
[1.013663] (px4_msgs) StdoutLine: {'line': b'-- Up-to-date: /home/jmj/pro_asp_ws/ws_px4_controls/install/px4_msgs/include/px4_msgs/px4_msgs/msg/detail/longitudinal_control_configuration__builder.hpp\n'}
[1.013684] (px4_msgs) StdoutLine: {'line': b'-- Up-to-date: /home/jmj/pro_asp_ws/ws_px4_controls/install/px4_msgs/include/px4_msgs/px4_msgs/msg/detail/qshell_req__type_support.hpp\n'}
[1.013705] (px4_msgs) StdoutLine: {'line': b'-- Up-to-date: /home/jmj/pro_asp_ws/ws_px4_controls/install/px4_msgs/include/px4_msgs/px4_msgs/msg/detail/estimator_sensor_bias__builder.hpp\n'}
[1.013725] (px4_msgs) StdoutLine: {'line': b'-- Up-to-date: /home/jmj/pro_asp_ws/ws_px4_controls/install/px4_msgs/include/px4_msgs/px4_msgs/msg/detail/sensor_combined__builder.hpp\n'}
[1.013746] (px4_msgs) StdoutLine: {'line': b'-- Up-to-date: /home/jmj/pro_asp_ws/ws_px4_controls/install/px4_msgs/include/px4_msgs/px4_msgs/msg/detail/trajectory_setpoint6dof__builder.hpp\n'}
[1.013770] (px4_msgs) StdoutLine: {'line': b'-- Up-to-date: /home/jmj/pro_asp_ws/ws_px4_controls/install/px4_msgs/include/px4_msgs/px4_msgs/msg/detail/rtl_time_estimate__traits.hpp\n'}
[1.013791] (px4_msgs) StdoutLine: {'line': b'-- Up-to-date: /home/jmj/pro_asp_ws/ws_px4_controls/install/px4_msgs/include/px4_msgs/px4_msgs/msg/detail/estimator_selector_status__type_support.hpp\n'}
[1.013812] (px4_msgs) StdoutLine: {'line': b'-- Up-to-date: /home/jmj/pro_asp_ws/ws_px4_controls/install/px4_msgs/include/px4_msgs/px4_msgs/msg/detail/onboard_computer_status__builder.hpp\n'}
[1.013832] (px4_msgs) StdoutLine: {'line': b'-- Up-to-date: /home/jmj/pro_asp_ws/ws_px4_controls/install/px4_msgs/include/px4_msgs/px4_msgs/msg/detail/estimator_status_flags__type_support.hpp\n'}
[1.013853] (px4_msgs) StdoutLine: {'line': b'-- Up-to-date: /home/jmj/pro_asp_ws/ws_px4_controls/install/px4_msgs/include/px4_msgs/px4_msgs/msg/detail/velocity_limits__traits.hpp\n'}
[1.013875] (px4_msgs) StdoutLine: {'line': b'-- Up-to-date: /home/jmj/pro_asp_ws/ws_px4_controls/install/px4_msgs/include/px4_msgs/px4_msgs/msg/detail/sensor_uwb__struct.hpp\n'}
[1.013900] (px4_msgs) StdoutLine: {'line': b'-- Up-to-date: /home/jmj/pro_asp_ws/ws_px4_controls/install/px4_msgs/include/px4_msgs/px4_msgs/msg/detail/yaw_estimator_status__builder.hpp\n'}
[1.013920] (px4_msgs) StdoutLine: {'line': b'-- Up-to-date: /home/jmj/pro_asp_ws/ws_px4_controls/install/px4_msgs/include/px4_msgs/px4_msgs/msg/detail/navigator_status__type_support.hpp\n'}
[1.013941] (px4_msgs) StdoutLine: {'line': b'-- Up-to-date: /home/jmj/pro_asp_ws/ws_px4_controls/install/px4_msgs/include/px4_msgs/px4_msgs/msg/detail/sensor_uwb__traits.hpp\n'}
[1.013965] (px4_msgs) StdoutLine: {'line': b'-- Up-to-date: /home/jmj/pro_asp_ws/ws_px4_controls/install/px4_msgs/include/px4_msgs/px4_msgs/msg/detail/orb_test_medium__builder.hpp\n'}
[1.013987] (px4_msgs) StdoutLine: {'line': b'-- Up-to-date: /home/jmj/pro_asp_ws/ws_px4_controls/install/px4_msgs/include/px4_msgs/px4_msgs/msg/detail/manual_control_switches__builder.hpp\n'}
[1.014008] (px4_msgs) StdoutLine: {'line': b'-- Up-to-date: /home/jmj/pro_asp_ws/ws_px4_controls/install/px4_msgs/include/px4_msgs/px4_msgs/msg/detail/vehicle_imu_status__type_support.hpp\n'}
[1.014028] (px4_msgs) StdoutLine: {'line': b'-- Up-to-date: /home/jmj/pro_asp_ws/ws_px4_controls/install/px4_msgs/include/px4_msgs/px4_msgs/msg/detail/arming_check_reply__builder.hpp\n'}
[1.014049] (px4_msgs) StdoutLine: {'line': b'-- Up-to-date: /home/jmj/pro_asp_ws/ws_px4_controls/install/px4_msgs/include/px4_msgs/px4_msgs/msg/detail/timesync_status__struct.hpp\n'}
[1.014069] (px4_msgs) StdoutLine: {'line': b'-- Up-to-date: /home/jmj/pro_asp_ws/ws_px4_controls/install/px4_msgs/include/px4_msgs/px4_msgs/msg/detail/follow_target_estimator__builder.hpp\n'}
[1.014090] (px4_msgs) StdoutLine: {'line': b'-- Up-to-date: /home/jmj/pro_asp_ws/ws_px4_controls/install/px4_msgs/include/px4_msgs/px4_msgs/msg/detail/actuator_motors__traits.hpp\n'}
[1.014114] (px4_msgs) StdoutLine: {'line': b'-- Up-to-date: /home/jmj/pro_asp_ws/ws_px4_controls/install/px4_msgs/include/px4_msgs/px4_msgs/msg/detail/radio_status__type_support.hpp\n'}
[1.014135] (px4_msgs) StdoutLine: {'line': b'-- Up-to-date: /home/jmj/pro_asp_ws/ws_px4_controls/install/px4_msgs/include/px4_msgs/px4_msgs/msg/detail/vehicle_odometry__struct.hpp\n'}
[1.014159] (px4_msgs) StdoutLine: {'line': b'-- Up-to-date: /home/jmj/pro_asp_ws/ws_px4_controls/install/px4_msgs/include/px4_msgs/px4_msgs/msg/detail/debug_vect__builder.hpp\n'}
[1.014179] (px4_msgs) StdoutLine: {'line': b'-- Up-to-date: /home/jmj/pro_asp_ws/ws_px4_controls/install/px4_msgs/include/px4_msgs/px4_msgs/msg/detail/open_drone_id_operator_id__type_support.hpp\n'}
[1.014200] (px4_msgs) StdoutLine: {'line': b'-- Up-to-date: /home/jmj/pro_asp_ws/ws_px4_controls/install/px4_msgs/include/px4_msgs/px4_msgs/msg/detail/failsafe_flags__type_support.hpp\n'}
[1.014221] (px4_msgs) StdoutLine: {'line': b'-- Up-to-date: /home/jmj/pro_asp_ws/ws_px4_controls/install/px4_msgs/include/px4_msgs/px4_msgs/msg/detail/airspeed_validated__builder.hpp\n'}
[1.014243] (px4_msgs) StdoutLine: {'line': b'-- Up-to-date: /home/jmj/pro_asp_ws/ws_px4_controls/install/px4_msgs/include/px4_msgs/px4_msgs/msg/detail/gimbal_device_attitude_status__type_support.hpp\n'}
[1.014265] (px4_msgs) StdoutLine: {'line': b'-- Up-to-date: /home/jmj/pro_asp_ws/ws_px4_controls/install/px4_msgs/include/px4_msgs/px4_msgs/msg/detail/fixed_wing_runway_control__traits.hpp\n'}
[1.014286] (px4_msgs) StdoutLine: {'line': b'-- Up-to-date: /home/jmj/pro_asp_ws/ws_px4_controls/install/px4_msgs/include/px4_msgs/px4_msgs/msg/detail/sensor_gyro_fifo__type_support.hpp\n'}
[1.014306] (px4_msgs) StdoutLine: {'line': b'-- Up-to-date: /home/jmj/pro_asp_ws/ws_px4_controls/install/px4_msgs/include/px4_msgs/px4_msgs/msg/detail/landing_gear_wheel__struct.hpp\n'}
[1.014328] (px4_msgs) StdoutLine: {'line': b'-- Up-to-date: /home/jmj/pro_asp_ws/ws_px4_controls/install/px4_msgs/include/px4_msgs/px4_msgs/msg/detail/gimbal_manager_status__builder.hpp\n'}
[1.014349] (px4_msgs) StdoutLine: {'line': b'-- Up-to-date: /home/jmj/pro_asp_ws/ws_px4_controls/install/px4_msgs/include/px4_msgs/px4_msgs/msg/detail/gimbal_manager_set_attitude__traits.hpp\n'}
[1.014370] (px4_msgs) StdoutLine: {'line': b'-- Up-to-date: /home/jmj/pro_asp_ws/ws_px4_controls/install/px4_msgs/include/px4_msgs/px4_msgs/msg/detail/ping__struct.hpp\n'}
[1.014391] (px4_msgs) StdoutLine: {'line': b'-- Up-to-date: /home/jmj/pro_asp_ws/ws_px4_controls/install/px4_msgs/include/px4_msgs/px4_msgs/msg/detail/led_control__type_support.hpp\n'}
[1.014411] (px4_msgs) StdoutLine: {'line': b'-- Up-to-date: /home/jmj/pro_asp_ws/ws_px4_controls/install/px4_msgs/include/px4_msgs/px4_msgs/msg/detail/follow_target_status__type_support.hpp\n'}
[1.014433] (px4_msgs) StdoutLine: {'line': b'-- Up-to-date: /home/jmj/pro_asp_ws/ws_px4_controls/install/px4_msgs/include/px4_msgs/px4_msgs/msg/detail/sensor_airflow__type_support.hpp\n'}
[1.014454] (px4_msgs) StdoutLine: {'line': b'-- Up-to-date: /home/jmj/pro_asp_ws/ws_px4_controls/install/px4_msgs/include/px4_msgs/px4_msgs/msg/detail/gpio_in__traits.hpp\n'}
[1.014474] (px4_msgs) StdoutLine: {'line': b'-- Up-to-date: /home/jmj/pro_asp_ws/ws_px4_controls/install/px4_msgs/include/px4_msgs/px4_msgs/msg/detail/mount_orientation__type_support.hpp\n'}
[1.014494] (px4_msgs) StdoutLine: {'line': b'-- Up-to-date: /home/jmj/pro_asp_ws/ws_px4_controls/install/px4_msgs/include/px4_msgs/px4_msgs/msg/detail/heater_status__type_support.hpp\n'}
[1.014515] (px4_msgs) StdoutLine: {'line': b'-- Up-to-date: /home/jmj/pro_asp_ws/ws_px4_controls/install/px4_msgs/include/px4_msgs/px4_msgs/msg/detail/position_setpoint__builder.hpp\n'}
[1.014539] (px4_msgs) StdoutLine: {'line': b'-- Up-to-date: /home/jmj/pro_asp_ws/ws_px4_controls/install/px4_msgs/include/px4_msgs/px4_msgs/msg/detail/open_drone_id_operator_id__struct.hpp\n'}
[1.014559] (px4_msgs) StdoutLine: {'line': b'-- Up-to-date: /home/jmj/pro_asp_ws/ws_px4_controls/install/px4_msgs/include/px4_msgs/px4_msgs/msg/detail/fixed_wing_lateral_setpoint__traits.hpp\n'}
[1.014580] (px4_msgs) StdoutLine: {'line': b'-- Up-to-date: /home/jmj/pro_asp_ws/ws_px4_controls/install/px4_msgs/include/px4_msgs/px4_msgs/msg/detail/sensors_status__struct.hpp\n'}
[1.014601] (px4_msgs) StdoutLine: {'line': b'-- Up-to-date: /home/jmj/pro_asp_ws/ws_px4_controls/install/px4_msgs/include/px4_msgs/px4_msgs/msg/detail/ekf2_timestamps__traits.hpp\n'}
[1.014622] (px4_msgs) StdoutLine: {'line': b'-- Up-to-date: /home/jmj/pro_asp_ws/ws_px4_controls/install/px4_msgs/include/px4_msgs/px4_msgs/msg/detail/px4io_status__struct.hpp\n'}
[1.014642] (px4_msgs) StdoutLine: {'line': b'-- Up-to-date: /home/jmj/pro_asp_ws/ws_px4_controls/install/px4_msgs/include/px4_msgs/px4_msgs/msg/detail/actuator_controls_status__traits.hpp\n'}
[1.014663] (px4_msgs) StdoutLine: {'line': b'-- Up-to-date: /home/jmj/pro_asp_ws/ws_px4_controls/install/px4_msgs/include/px4_msgs/px4_msgs/msg/detail/vehicle_local_position__traits.hpp\n'}
[1.014684] (px4_msgs) StdoutLine: {'line': b'-- Up-to-date: /home/jmj/pro_asp_ws/ws_px4_controls/install/px4_msgs/include/px4_msgs/px4_msgs/msg/detail/rover_steering_setpoint__builder.hpp\n'}
[1.014711] (px4_msgs) StdoutLine: {'line': b'-- Up-to-date: /home/jmj/pro_asp_ws/ws_px4_controls/install/px4_msgs/include/px4_msgs/px4_msgs/msg/detail/irlock_report__type_support.hpp\n'}
[1.014736] (px4_msgs) StdoutLine: {'line': b'-- Up-to-date: /home/jmj/pro_asp_ws/ws_px4_controls/install/px4_msgs/include/px4_msgs/px4_msgs/msg/detail/vehicle_land_detected__struct.hpp\n'}
[1.014759] (px4_msgs) StdoutLine: {'line': b'-- Up-to-date: /home/jmj/pro_asp_ws/ws_px4_controls/install/px4_msgs/include/px4_msgs/px4_msgs/msg/detail/launch_detection_status__type_support.hpp\n'}
[1.014782] (px4_msgs) StdoutLine: {'line': b'-- Up-to-date: /home/jmj/pro_asp_ws/ws_px4_controls/install/px4_msgs/include/px4_msgs/px4_msgs/msg/detail/mavlink_tunnel__traits.hpp\n'}
[1.014804] (px4_msgs) StdoutLine: {'line': b'-- Up-to-date: /home/jmj/pro_asp_ws/ws_px4_controls/install/px4_msgs/include/px4_msgs/px4_msgs/msg/detail/trajectory_setpoint6dof__type_support.hpp\n'}
[1.014826] (px4_msgs) StdoutLine: {'line': b'-- Up-to-date: /home/jmj/pro_asp_ws/ws_px4_controls/install/px4_msgs/include/px4_msgs/px4_msgs/msg/detail/debug_vect__struct.hpp\n'}
[1.014849] (px4_msgs) StdoutLine: {'line': b'-- Up-to-date: /home/jmj/pro_asp_ws/ws_px4_controls/install/px4_msgs/include/px4_msgs/px4_msgs/msg/detail/message_format_request__builder.hpp\n'}
[1.014871] (px4_msgs) StdoutLine: {'line': b'-- Up-to-date: /home/jmj/pro_asp_ws/ws_px4_controls/install/px4_msgs/include/px4_msgs/px4_msgs/msg/detail/sensor_gyro_fft__type_support.hpp\n'}
[1.014893] (px4_msgs) StdoutLine: {'line': b'-- Up-to-date: /home/jmj/pro_asp_ws/ws_px4_controls/install/px4_msgs/include/px4_msgs/px4_msgs/msg/detail/fuel_tank_status__type_support.hpp\n'}
[1.014915] (px4_msgs) StdoutLine: {'line': b'-- Up-to-date: /home/jmj/pro_asp_ws/ws_px4_controls/install/px4_msgs/include/px4_msgs/px4_msgs/msg/detail/position_setpoint_triplet__builder.hpp\n'}
[1.014937] (px4_msgs) StdoutLine: {'line': b'-- Up-to-date: /home/jmj/pro_asp_ws/ws_px4_controls/install/px4_msgs/include/px4_msgs/px4_msgs/msg/detail/health_report__struct.hpp\n'}
[1.014968] (px4_msgs) StdoutLine: {'line': b'-- Up-to-date: /home/jmj/pro_asp_ws/ws_px4_controls/install/px4_msgs/include/px4_msgs/px4_msgs/msg/detail/rate_ctrl_status__builder.hpp\n'}
[1.014992] (px4_msgs) StdoutLine: {'line': b'-- Up-to-date: /home/jmj/pro_asp_ws/ws_px4_controls/install/px4_msgs/include/px4_msgs/px4_msgs/msg/detail/pwm_input__traits.hpp\n'}
[1.015015] (px4_msgs) StdoutLine: {'line': b'-- Up-to-date: /home/jmj/pro_asp_ws/ws_px4_controls/install/px4_msgs/include/px4_msgs/px4_msgs/msg/detail/rover_rate_setpoint__type_support.hpp\n'}
[1.015039] (px4_msgs) StdoutLine: {'line': b'-- Up-to-date: /home/jmj/pro_asp_ws/ws_px4_controls/install/px4_msgs/include/px4_msgs/px4_msgs/msg/detail/distance_sensor_mode_change_request__builder.hpp\n'}
[1.015061] (px4_msgs) StdoutLine: {'line': b'-- Up-to-date: /home/jmj/pro_asp_ws/ws_px4_controls/install/px4_msgs/include/px4_msgs/px4_msgs/msg/detail/estimator_innovations__struct.hpp\n'}
[1.015085] (px4_msgs) StdoutLine: {'line': b'-- Up-to-date: /home/jmj/pro_asp_ws/ws_px4_controls/install/px4_msgs/include/px4_msgs/px4_msgs/msg/detail/tune_control__traits.hpp\n'}
[1.015108] (px4_msgs) StdoutLine: {'line': b'-- Up-to-date: /home/jmj/pro_asp_ws/ws_px4_controls/install/px4_msgs/include/px4_msgs/px4_msgs/msg/detail/follow_target_status__struct.hpp\n'}
[1.015130] (px4_msgs) StdoutLine: {'line': b'-- Up-to-date: /home/jmj/pro_asp_ws/ws_px4_controls/install/px4_msgs/include/px4_msgs/px4_msgs/msg/detail/can_interface_status__struct.hpp\n'}
[1.015152] (px4_msgs) StdoutLine: {'line': b'-- Up-to-date: /home/jmj/pro_asp_ws/ws_px4_controls/install/px4_msgs/include/px4_msgs/px4_msgs/msg/detail/gimbal_manager_status__traits.hpp\n'}
[1.015177] (px4_msgs) StdoutLine: {'line': b'-- Up-to-date: /home/jmj/pro_asp_ws/ws_px4_controls/install/px4_msgs/include/px4_msgs/px4_msgs/msg/detail/obstacle_distance__builder.hpp\n'}
[1.015206] (px4_msgs) StdoutLine: {'line': b'-- Up-to-date: /home/jmj/pro_asp_ws/ws_px4_controls/install/px4_msgs/include/px4_msgs/px4_msgs/msg/detail/ekf2_timestamps__builder.hpp\n'}
[1.015231] (px4_msgs) StdoutLine: {'line': b'-- Up-to-date: /home/jmj/pro_asp_ws/ws_px4_controls/install/px4_msgs/include/px4_msgs/px4_msgs/msg/detail/gpio_in__builder.hpp\n'}
[1.015256] (px4_msgs) StdoutLine: {'line': b'-- Up-to-date: /home/jmj/pro_asp_ws/ws_px4_controls/install/px4_msgs/include/px4_msgs/px4_msgs/msg/detail/rc_parameter_map__struct.hpp\n'}
[1.015281] (px4_msgs) StdoutLine: {'line': b'-- Up-to-date: /home/jmj/pro_asp_ws/ws_px4_controls/install/px4_msgs/include/px4_msgs/px4_msgs/msg/detail/takeoff_status__traits.hpp\n'}
[1.015304] (px4_msgs) StdoutLine: {'line': b'-- Up-to-date: /home/jmj/pro_asp_ws/ws_px4_controls/install/px4_msgs/include/px4_msgs/px4_msgs/msg/detail/vehicle_constraints__builder.hpp\n'}
[1.015326] (px4_msgs) StdoutLine: {'line': b'-- Up-to-date: /home/jmj/pro_asp_ws/ws_px4_controls/install/px4_msgs/include/px4_msgs/px4_msgs/msg/detail/estimator_event_flags__builder.hpp\n'}
[1.015347] (px4_msgs) StdoutLine: {'line': b'-- Up-to-date: /home/jmj/pro_asp_ws/ws_px4_controls/install/px4_msgs/include/px4_msgs/px4_msgs/msg/detail/event__traits.hpp\n'}
[1.015369] (px4_msgs) StdoutLine: {'line': b'-- Up-to-date: /home/jmj/pro_asp_ws/ws_px4_controls/install/px4_msgs/include/px4_msgs/px4_msgs/msg/detail/follow_target__builder.hpp\n'}
[1.015392] (px4_msgs) StdoutLine: {'line': b'-- Up-to-date: /home/jmj/pro_asp_ws/ws_px4_controls/install/px4_msgs/include/px4_msgs/px4_msgs/msg/detail/pps_capture__type_support.hpp\n'}
[1.015414] (px4_msgs) StdoutLine: {'line': b'-- Up-to-date: /home/jmj/pro_asp_ws/ws_px4_controls/install/px4_msgs/include/px4_msgs/px4_msgs/msg/detail/vehicle_acceleration__traits.hpp\n'}
[1.015435] (px4_msgs) StdoutLine: {'line': b'-- Up-to-date: /home/jmj/pro_asp_ws/ws_px4_controls/install/px4_msgs/include/px4_msgs/px4_msgs/msg/detail/sensor_combined__traits.hpp\n'}
[1.015457] (px4_msgs) StdoutLine: {'line': b'-- Up-to-date: /home/jmj/pro_asp_ws/ws_px4_controls/install/px4_msgs/include/px4_msgs/px4_msgs/msg/detail/control_allocator_status__builder.hpp\n'}
[1.015478] (px4_msgs) StdoutLine: {'line': b'-- Up-to-date: /home/jmj/pro_asp_ws/ws_px4_controls/install/px4_msgs/include/px4_msgs/px4_msgs/msg/detail/mode_completed__traits.hpp\n'}
[1.015499] (px4_msgs) StdoutLine: {'line': b'-- Up-to-date: /home/jmj/pro_asp_ws/ws_px4_controls/install/px4_msgs/include/px4_msgs/px4_msgs/msg/detail/camera_capture__type_support.hpp\n'}
[1.015520] (px4_msgs) StdoutLine: {'line': b'-- Up-to-date: /home/jmj/pro_asp_ws/ws_px4_controls/install/px4_msgs/include/px4_msgs/px4_msgs/msg/detail/sensor_uwb__builder.hpp\n'}
[1.015542] (px4_msgs) StdoutLine: {'line': b'-- Up-to-date: /home/jmj/pro_asp_ws/ws_px4_controls/install/px4_msgs/include/px4_msgs/px4_msgs/msg/detail/qshell_retval__struct.hpp\n'}
[1.015563] (px4_msgs) StdoutLine: {'line': b'-- Up-to-date: /home/jmj/pro_asp_ws/ws_px4_controls/install/px4_msgs/include/px4_msgs/px4_msgs/msg/detail/vehicle_land_detected__builder.hpp\n'}
[1.015584] (px4_msgs) StdoutLine: {'line': b'-- Up-to-date: /home/jmj/pro_asp_ws/ws_px4_controls/install/px4_msgs/include/px4_msgs/px4_msgs/msg/detail/telemetry_status__struct.hpp\n'}
[1.015605] (px4_msgs) StdoutLine: {'line': b'-- Up-to-date: /home/jmj/pro_asp_ws/ws_px4_controls/install/px4_msgs/include/px4_msgs/px4_msgs/msg/detail/rover_velocity_setpoint__type_support.hpp\n'}
[1.015626] (px4_msgs) StdoutLine: {'line': b'-- Up-to-date: /home/jmj/pro_asp_ws/ws_px4_controls/install/px4_msgs/include/px4_msgs/px4_msgs/msg/detail/camera_status__builder.hpp\n'}
[1.015647] (px4_msgs) StdoutLine: {'line': b'-- Up-to-date: /home/jmj/pro_asp_ws/ws_px4_controls/install/px4_msgs/include/px4_msgs/px4_msgs/msg/detail/gimbal_device_information__type_support.hpp\n'}
[1.015669] (px4_msgs) StdoutLine: {'line': b'-- Up-to-date: /home/jmj/pro_asp_ws/ws_px4_controls/install/px4_msgs/include/px4_msgs/px4_msgs/msg/detail/position_controller_status__builder.hpp\n'}
[1.015690] (px4_msgs) StdoutLine: {'line': b'-- Up-to-date: /home/jmj/pro_asp_ws/ws_px4_controls/install/px4_msgs/include/px4_msgs/px4_msgs/msg/detail/debug_key_value__struct.hpp\n'}
[1.015714] (px4_msgs) StdoutLine: {'line': b'-- Up-to-date: /home/jmj/pro_asp_ws/ws_px4_controls/install/px4_msgs/include/px4_msgs/px4_msgs/msg/detail/parameter_reset_request__traits.hpp\n'}
[1.015736] (px4_msgs) StdoutLine: {'line': b'-- Up-to-date: /home/jmj/pro_asp_ws/ws_px4_controls/install/px4_msgs/include/px4_msgs/px4_msgs/msg/detail/vehicle_command__type_support.hpp\n'}
[1.015758] (px4_msgs) StdoutLine: {'line': b'-- Up-to-date: /home/jmj/pro_asp_ws/ws_px4_controls/install/px4_msgs/include/px4_msgs/px4_msgs/msg/detail/estimator_gps_status__traits.hpp\n'}
[1.015779] (px4_msgs) StdoutLine: {'line': b'-- Up-to-date: /home/jmj/pro_asp_ws/ws_px4_controls/install/px4_msgs/include/px4_msgs/px4_msgs/msg/detail/vehicle_command_ack__builder.hpp\n'}
[1.015800] (px4_msgs) StdoutLine: {'line': b'-- Up-to-date: /home/jmj/pro_asp_ws/ws_px4_controls/install/px4_msgs/include/px4_msgs/px4_msgs/msg/detail/gps_dump__builder.hpp\n'}
[1.015822] (px4_msgs) StdoutLine: {'line': b'-- Up-to-date: /home/jmj/pro_asp_ws/ws_px4_controls/install/px4_msgs/include/px4_msgs/px4_msgs/msg/detail/navigator_status__struct.hpp\n'}
[1.015843] (px4_msgs) StdoutLine: {'line': b'-- Up-to-date: /home/jmj/pro_asp_ws/ws_px4_controls/install/px4_msgs/include/px4_msgs/px4_msgs/msg/detail/vehicle_command__struct.hpp\n'}
[1.015870] (px4_msgs) StdoutLine: {'line': b'-- Up-to-date: /home/jmj/pro_asp_ws/ws_px4_controls/install/px4_msgs/include/px4_msgs/px4_msgs/msg/detail/parameter_update__struct.hpp\n'}
[1.015892] (px4_msgs) StdoutLine: {'line': b'-- Up-to-date: /home/jmj/pro_asp_ws/ws_px4_controls/install/px4_msgs/include/px4_msgs/px4_msgs/msg/detail/launch_detection_status__struct.hpp\n'}
[1.015913] (px4_msgs) StdoutLine: {'line': b'-- Up-to-date: /home/jmj/pro_asp_ws/ws_px4_controls/install/px4_msgs/include/px4_msgs/px4_msgs/msg/detail/sensor_optical_flow__builder.hpp\n'}
[1.015934] (px4_msgs) StdoutLine: {'line': b'-- Up-to-date: /home/jmj/pro_asp_ws/ws_px4_controls/install/px4_msgs/include/px4_msgs/px4_msgs/msg/detail/rate_ctrl_status__traits.hpp\n'}
[1.015962] (px4_msgs) StdoutLine: {'line': b'-- Up-to-date: /home/jmj/pro_asp_ws/ws_px4_controls/install/px4_msgs/include/px4_msgs/px4_msgs/msg/detail/landing_gear__type_support.hpp\n'}
[1.015985] (px4_msgs) StdoutLine: {'line': b'-- Up-to-date: /home/jmj/pro_asp_ws/ws_px4_controls/install/px4_msgs/include/px4_msgs/px4_msgs/msg/detail/pps_capture__struct.hpp\n'}
[1.016010] (px4_msgs) StdoutLine: {'line': b'-- Up-to-date: /home/jmj/pro_asp_ws/ws_px4_controls/install/px4_msgs/include/px4_msgs/px4_msgs/msg/detail/obstacle_distance__struct.hpp\n'}
[1.016031] (px4_msgs) StdoutLine: {'line': b'-- Up-to-date: /home/jmj/pro_asp_ws/ws_px4_controls/install/px4_msgs/include/px4_msgs/px4_msgs/msg/detail/arming_check_request__type_support.hpp\n'}
[1.016052] (px4_msgs) StdoutLine: {'line': b'-- Up-to-date: /home/jmj/pro_asp_ws/ws_px4_controls/install/px4_msgs/include/px4_msgs/px4_msgs/msg/detail/heater_status__struct.hpp\n'}
[1.016084] (px4_msgs) StdoutLine: {'line': b'-- Up-to-date: /home/jmj/pro_asp_ws/ws_px4_controls/install/px4_msgs/include/px4_msgs/px4_msgs/msg/detail/fixed_wing_runway_control__type_support.hpp\n'}
[1.016107] (px4_msgs) StdoutLine: {'line': b'-- Up-to-date: /home/jmj/pro_asp_ws/ws_px4_controls/install/px4_msgs/include/px4_msgs/px4_msgs/msg/detail/sensor_gnss_relative__struct.hpp\n'}
[1.016130] (px4_msgs) StdoutLine: {'line': b'-- Up-to-date: /home/jmj/pro_asp_ws/ws_px4_controls/install/px4_msgs/include/px4_msgs/px4_msgs/msg/detail/rover_position_setpoint__type_support.hpp\n'}
[1.016152] (px4_msgs) StdoutLine: {'line': b'-- Up-to-date: /home/jmj/pro_asp_ws/ws_px4_controls/install/px4_msgs/include/px4_msgs/px4_msgs/msg/detail/uavcan_parameter_value__struct.hpp\n'}
[1.016175] (px4_msgs) StdoutLine: {'line': b'-- Up-to-date: /home/jmj/pro_asp_ws/ws_px4_controls/install/px4_msgs/include/px4_msgs/px4_msgs/msg/detail/vehicle_imu_status__struct.hpp\n'}
[1.016213] (px4_msgs) StdoutLine: {'line': b'-- Up-to-date: /home/jmj/pro_asp_ws/ws_px4_controls/install/px4_msgs/include/px4_msgs/px4_msgs/msg/detail/irlock_report__builder.hpp\n'}
[1.016311] (px4_msgs) StdoutLine: {'line': b'-- Up-to-date: /home/jmj/pro_asp_ws/ws_px4_controls/install/px4_msgs/include/px4_msgs/px4_msgs/msg/detail/register_ext_component_reply__traits.hpp\n'}
[1.016371] (px4_msgs) StdoutLine: {'line': b'-- Up-to-date: /home/jmj/pro_asp_ws/ws_px4_controls/install/px4_msgs/include/px4_msgs/px4_msgs/msg/detail/sensor_gyro_fifo__traits.hpp\n'}
[1.016408] (px4_msgs) StdoutLine: {'line': b'-- Up-to-date: /home/jmj/pro_asp_ws/ws_px4_controls/install/px4_msgs/include/px4_msgs/px4_msgs/msg/detail/gimbal_manager_information__traits.hpp\n'}
[1.016433] (px4_msgs) StdoutLine: {'line': b'-- Up-to-date: /home/jmj/pro_asp_ws/ws_px4_controls/install/px4_msgs/include/px4_msgs/px4_msgs/msg/detail/vtol_vehicle_status__builder.hpp\n'}
[1.016456] (px4_msgs) StdoutLine: {'line': b'-- Up-to-date: /home/jmj/pro_asp_ws/ws_px4_controls/install/px4_msgs/include/px4_msgs/px4_msgs/msg/detail/vehicle_rates_setpoint__builder.hpp\n'}
[1.016481] (px4_msgs) StdoutLine: {'line': b'-- Up-to-date: /home/jmj/pro_asp_ws/ws_px4_controls/install/px4_msgs/include/px4_msgs/px4_msgs/msg/detail/input_rc__traits.hpp\n'}
[1.016507] (px4_msgs) StdoutLine: {'line': b'-- Up-to-date: /home/jmj/pro_asp_ws/ws_px4_controls/install/px4_msgs/include/px4_msgs/px4_msgs/msg/detail/estimator_bias3d__traits.hpp\n'}
[1.016531] (px4_msgs) StdoutLine: {'line': b'-- Up-to-date: /home/jmj/pro_asp_ws/ws_px4_controls/install/px4_msgs/include/px4_msgs/px4_msgs/msg/detail/manual_control_setpoint__type_support.hpp\n'}
[1.016555] (px4_msgs) StdoutLine: {'line': b'-- Up-to-date: /home/jmj/pro_asp_ws/ws_px4_controls/install/px4_msgs/include/px4_msgs/px4_msgs/msg/detail/cpuload__struct.hpp\n'}
[1.016577] (px4_msgs) StdoutLine: {'line': b'-- Up-to-date: /home/jmj/pro_asp_ws/ws_px4_controls/install/px4_msgs/include/px4_msgs/px4_msgs/msg/detail/follow_target__traits.hpp\n'}
[1.016600] (px4_msgs) StdoutLine: {'line': b'-- Up-to-date: /home/jmj/pro_asp_ws/ws_px4_controls/install/px4_msgs/include/px4_msgs/px4_msgs/msg/detail/register_ext_component_reply__type_support.hpp\n'}
[1.016622] (px4_msgs) StdoutLine: {'line': b'-- Up-to-date: /home/jmj/pro_asp_ws/ws_px4_controls/install/px4_msgs/include/px4_msgs/px4_msgs/msg/detail/trajectory_setpoint__traits.hpp\n'}
[1.016644] (px4_msgs) StdoutLine: {'line': b'-- Up-to-date: /home/jmj/pro_asp_ws/ws_px4_controls/install/px4_msgs/include/px4_msgs/px4_msgs/msg/detail/vehicle_rates_setpoint__struct.hpp\n'}
[1.016666] (px4_msgs) StdoutLine: {'line': b'-- Up-to-date: /home/jmj/pro_asp_ws/ws_px4_controls/install/px4_msgs/include/px4_msgs/px4_msgs/msg/detail/register_ext_component_request__type_support.hpp\n'}
[1.016690] (px4_msgs) StdoutLine: {'line': b'-- Up-to-date: /home/jmj/pro_asp_ws/ws_px4_controls/install/px4_msgs/include/px4_msgs/px4_msgs/msg/detail/estimator_aid_source3d__builder.hpp\n'}
[1.016729] (px4_msgs) StdoutLine: {'line': b'-- Up-to-date: /home/jmj/pro_asp_ws/ws_px4_controls/install/px4_msgs/include/px4_msgs/px4_msgs/msg/detail/radio_status__struct.hpp\n'}
[1.016757] (px4_msgs) StdoutLine: {'line': b'-- Up-to-date: /home/jmj/pro_asp_ws/ws_px4_controls/install/px4_msgs/include/px4_msgs/px4_msgs/msg/detail/ulog_stream__builder.hpp\n'}
[1.016785] (px4_msgs) StdoutLine: {'line': b'-- Up-to-date: /home/jmj/pro_asp_ws/ws_px4_controls/install/px4_msgs/include/px4_msgs/px4_msgs/msg/detail/vehicle_local_position__type_support.hpp\n'}
[1.016814] (px4_msgs) StdoutLine: {'line': b'-- Up-to-date: /home/jmj/pro_asp_ws/ws_px4_controls/install/px4_msgs/include/px4_msgs/px4_msgs/msg/detail/follow_target_estimator__traits.hpp\n'}
[1.016848] (px4_msgs) StdoutLine: {'line': b'-- Up-to-date: /home/jmj/pro_asp_ws/ws_px4_controls/install/px4_msgs/include/px4_msgs/px4_msgs/msg/detail/mavlink_log__traits.hpp\n'}
[1.016879] (px4_msgs) StdoutLine: {'line': b'-- Up-to-date: /home/jmj/pro_asp_ws/ws_px4_controls/install/px4_msgs/include/px4_msgs/px4_msgs/msg/detail/sensor_mag__type_support.hpp\n'}
[1.016910] (px4_msgs) StdoutLine: {'line': b'-- Up-to-date: /home/jmj/pro_asp_ws/ws_px4_controls/install/px4_msgs/include/px4_msgs/px4_msgs/msg/detail/adc_report__builder.hpp\n'}
[1.016934] (px4_msgs) StdoutLine: {'line': b'-- Up-to-date: /home/jmj/pro_asp_ws/ws_px4_controls/install/px4_msgs/include/px4_msgs/px4_msgs/msg/detail/ulog_stream__struct.hpp\n'}
[1.016966] (px4_msgs) StdoutLine: {'line': b'-- Up-to-date: /home/jmj/pro_asp_ws/ws_px4_controls/install/px4_msgs/include/px4_msgs/px4_msgs/msg/detail/distance_sensor_mode_change_request__traits.hpp\n'}
[1.016991] (px4_msgs) StdoutLine: {'line': b'-- Up-to-date: /home/jmj/pro_asp_ws/ws_px4_controls/install/px4_msgs/include/px4_msgs/px4_msgs/msg/detail/cpuload__type_support.hpp\n'}
[1.017013] (px4_msgs) StdoutLine: {'line': b'-- Up-to-date: /home/jmj/pro_asp_ws/ws_px4_controls/install/px4_msgs/include/px4_msgs/px4_msgs/msg/detail/actuator_motors__builder.hpp\n'}
[1.017035] (px4_msgs) StdoutLine: {'line': b'-- Up-to-date: /home/jmj/pro_asp_ws/ws_px4_controls/install/px4_msgs/include/px4_msgs/px4_msgs/msg/detail/flight_phase_estimation__builder.hpp\n'}
[1.017057] (px4_msgs) StdoutLine: {'line': b'-- Up-to-date: /home/jmj/pro_asp_ws/ws_px4_controls/install/px4_msgs/include/px4_msgs/px4_msgs/msg/detail/geofence_status__struct.hpp\n'}
[1.017079] (px4_msgs) StdoutLine: {'line': b'-- Up-to-date: /home/jmj/pro_asp_ws/ws_px4_controls/install/px4_msgs/include/px4_msgs/px4_msgs/msg/detail/open_drone_id_system__builder.hpp\n'}
[1.017102] (px4_msgs) StdoutLine: {'line': b'-- Up-to-date: /home/jmj/pro_asp_ws/ws_px4_controls/install/px4_msgs/include/px4_msgs/px4_msgs/msg/detail/gimbal_controls__struct.hpp\n'}
[1.017124] (px4_msgs) StdoutLine: {'line': b'-- Up-to-date: /home/jmj/pro_asp_ws/ws_px4_controls/install/px4_msgs/include/px4_msgs/px4_msgs/msg/detail/action_request__builder.hpp\n'}
[1.017148] (px4_msgs) StdoutLine: {'line': b'-- Up-to-date: /home/jmj/pro_asp_ws/ws_px4_controls/install/px4_msgs/include/px4_msgs/px4_msgs/msg/detail/sensor_preflight_mag__builder.hpp\n'}
[1.017175] (px4_msgs) StdoutLine: {'line': b'-- Up-to-date: /home/jmj/pro_asp_ws/ws_px4_controls/install/px4_msgs/include/px4_msgs/px4_msgs/msg/detail/geofence_result__type_support.hpp\n'}
[1.017200] (px4_msgs) StdoutLine: {'line': b'-- Up-to-date: /home/jmj/pro_asp_ws/ws_px4_controls/install/px4_msgs/include/px4_msgs/px4_msgs/msg/detail/hover_thrust_estimate__type_support.hpp\n'}
[1.017224] (px4_msgs) StdoutLine: {'line': b'-- Up-to-date: /home/jmj/pro_asp_ws/ws_px4_controls/install/px4_msgs/include/px4_msgs/px4_msgs/msg/detail/timesync_status__traits.hpp\n'}
[1.017246] (px4_msgs) StdoutLine: {'line': b'-- Up-to-date: /home/jmj/pro_asp_ws/ws_px4_controls/install/px4_msgs/include/px4_msgs/px4_msgs/msg/detail/gpio_config__struct.hpp\n'}
[1.017268] (px4_msgs) StdoutLine: {'line': b'-- Up-to-date: /home/jmj/pro_asp_ws/ws_px4_controls/install/px4_msgs/include/px4_msgs/px4_msgs/msg/detail/mavlink_tunnel__struct.hpp\n'}
[1.017292] (px4_msgs) StdoutLine: {'line': b'-- Up-to-date: /home/jmj/pro_asp_ws/ws_px4_controls/install/px4_msgs/include/px4_msgs/px4_msgs/msg/detail/vehicle_magnetometer__traits.hpp\n'}
[1.017324] (px4_msgs) StdoutLine: {'line': b'-- Up-to-date: /home/jmj/pro_asp_ws/ws_px4_controls/install/px4_msgs/include/px4_msgs/px4_msgs/msg/detail/button_event__traits.hpp\n'}
[1.017346] (px4_msgs) StdoutLine: {'line': b'-- Up-to-date: /home/jmj/pro_asp_ws/ws_px4_controls/install/px4_msgs/include/px4_msgs/px4_msgs/msg/detail/rover_attitude_status__struct.hpp\n'}
[1.017367] (px4_msgs) StdoutLine: {'line': b'-- Up-to-date: /home/jmj/pro_asp_ws/ws_px4_controls/install/px4_msgs/include/px4_msgs/px4_msgs/msg/detail/vehicle_acceleration__type_support.hpp\n'}
[1.017397] (px4_msgs) StdoutLine: {'line': b'-- Up-to-date: /home/jmj/pro_asp_ws/ws_px4_controls/install/px4_msgs/include/px4_msgs/px4_msgs/msg/detail/navigator_mission_item__builder.hpp\n'}
[1.017421] (px4_msgs) StdoutLine: {'line': b'-- Up-to-date: /home/jmj/pro_asp_ws/ws_px4_controls/install/px4_msgs/include/px4_msgs/px4_msgs/msg/detail/failure_detector_status__struct.hpp\n'}
[1.017446] (px4_msgs) StdoutLine: {'line': b'-- Up-to-date: /home/jmj/pro_asp_ws/ws_px4_controls/install/px4_msgs/include/px4_msgs/px4_msgs/msg/detail/actuator_controls_status__type_support.hpp\n'}
[1.017471] (px4_msgs) StdoutLine: {'line': b'-- Up-to-date: /home/jmj/pro_asp_ws/ws_px4_controls/install/px4_msgs/include/px4_msgs/px4_msgs/msg/detail/vehicle_imu__type_support.hpp\n'}
[1.017492] (px4_msgs) StdoutLine: {'line': b'-- Up-to-date: /home/jmj/pro_asp_ws/ws_px4_controls/install/px4_msgs/include/px4_msgs/px4_msgs/msg/detail/ulog_stream__type_support.hpp\n'}
[1.017521] (px4_msgs) StdoutLine: {'line': b'-- Up-to-date: /home/jmj/pro_asp_ws/ws_px4_controls/install/px4_msgs/include/px4_msgs/px4_msgs/msg/detail/orb_test__traits.hpp\n'}
[1.017548] (px4_msgs) StdoutLine: {'line': b'-- Up-to-date: /home/jmj/pro_asp_ws/ws_px4_controls/install/px4_msgs/include/px4_msgs/px4_msgs/msg/detail/mission_result__struct.hpp\n'}
[1.017572] (px4_msgs) StdoutLine: {'line': b'-- Up-to-date: /home/jmj/pro_asp_ws/ws_px4_controls/install/px4_msgs/include/px4_msgs/px4_msgs/msg/detail/estimator_selector_status__traits.hpp\n'}
[1.017596] (px4_msgs) StdoutLine: {'line': b'-- Up-to-date: /home/jmj/pro_asp_ws/ws_px4_controls/install/px4_msgs/include/px4_msgs/px4_msgs/msg/detail/esc_status__struct.hpp\n'}
[1.017618] (px4_msgs) StdoutLine: {'line': b'-- Up-to-date: /home/jmj/pro_asp_ws/ws_px4_controls/install/px4_msgs/include/px4_msgs/px4_msgs/msg/detail/uavcan_parameter_value__builder.hpp\n'}
[1.017646] (px4_msgs) StdoutLine: {'line': b'-- Up-to-date: /home/jmj/pro_asp_ws/ws_px4_controls/install/px4_msgs/include/px4_msgs/px4_msgs/msg/detail/rover_velocity_status__builder.hpp\n'}
[1.017680] (px4_msgs) StdoutLine: {'line': b'-- Up-to-date: /home/jmj/pro_asp_ws/ws_px4_controls/install/px4_msgs/include/px4_msgs/px4_msgs/msg/detail/esc_status__type_support.hpp\n'}
[1.017713] (px4_msgs) StdoutLine: {'line': b'-- Up-to-date: /home/jmj/pro_asp_ws/ws_px4_controls/install/px4_msgs/include/px4_msgs/px4_msgs/msg/detail/airspeed_wind__struct.hpp\n'}
[1.017745] (px4_msgs) StdoutLine: {'line': b'-- Up-to-date: /home/jmj/pro_asp_ws/ws_px4_controls/install/px4_msgs/include/px4_msgs/px4_msgs/msg/detail/rtl_time_estimate__struct.hpp\n'}
[1.017774] (px4_msgs) StdoutLine: {'line': b'-- Up-to-date: /home/jmj/pro_asp_ws/ws_px4_controls/install/px4_msgs/include/px4_msgs/px4_msgs/msg/detail/camera_trigger__builder.hpp\n'}
[1.017795] (px4_msgs) StdoutLine: {'line': b'-- Up-to-date: /home/jmj/pro_asp_ws/ws_px4_controls/install/px4_msgs/include/px4_msgs/px4_msgs/msg/detail/sensor_baro__type_support.hpp\n'}
[1.017817] (px4_msgs) StdoutLine: {'line': b'-- Up-to-date: /home/jmj/pro_asp_ws/ws_px4_controls/install/px4_msgs/include/px4_msgs/px4_msgs/msg/detail/mission__traits.hpp\n'}
[1.017839] (px4_msgs) StdoutLine: {'line': b'-- Up-to-date: /home/jmj/pro_asp_ws/ws_px4_controls/install/px4_msgs/include/px4_msgs/px4_msgs/msg/detail/parameter_set_value_request__struct.hpp\n'}
[1.017861] (px4_msgs) StdoutLine: {'line': b'-- Up-to-date: /home/jmj/pro_asp_ws/ws_px4_controls/install/px4_msgs/include/px4_msgs/px4_msgs/msg/detail/sensor_airflow__builder.hpp\n'}
[1.017884] (px4_msgs) StdoutLine: {'line': b'-- Up-to-date: /home/jmj/pro_asp_ws/ws_px4_controls/install/px4_msgs/include/px4_msgs/px4_msgs/msg/detail/vehicle_optical_flow__type_support.hpp\n'}
[1.017909] (px4_msgs) StdoutLine: {'line': b'-- Up-to-date: /home/jmj/pro_asp_ws/ws_px4_controls/install/px4_msgs/include/px4_msgs/px4_msgs/msg/detail/rc_channels__builder.hpp\n'}
[1.017941] (px4_msgs) StdoutLine: {'line': b'-- Up-to-date: /home/jmj/pro_asp_ws/ws_px4_controls/install/px4_msgs/include/px4_msgs/px4_msgs/msg/detail/debug_array__struct.hpp\n'}
[1.017973] (px4_msgs) StdoutLine: {'line': b'-- Up-to-date: /home/jmj/pro_asp_ws/ws_px4_controls/install/px4_msgs/include/px4_msgs/px4_msgs/msg/detail/estimator_aid_source1d__type_support.hpp\n'}
[1.017996] (px4_msgs) StdoutLine: {'line': b'-- Up-to-date: /home/jmj/pro_asp_ws/ws_px4_controls/install/px4_msgs/include/px4_msgs/px4_msgs/msg/detail/trajectory_setpoint__struct.hpp\n'}
[1.018021] (px4_msgs) StdoutLine: {'line': b'-- Up-to-date: /home/jmj/pro_asp_ws/ws_px4_controls/install/px4_msgs/include/px4_msgs/px4_msgs/msg/detail/sensor_mag__traits.hpp\n'}
[1.018047] (px4_msgs) StdoutLine: {'line': b'-- Up-to-date: /home/jmj/pro_asp_ws/ws_px4_controls/install/px4_msgs/include/px4_msgs/px4_msgs/msg/detail/wheel_encoders__builder.hpp\n'}
[1.018073] (px4_msgs) StdoutLine: {'line': b'-- Up-to-date: /home/jmj/pro_asp_ws/ws_px4_controls/install/px4_msgs/include/px4_msgs/px4_msgs/msg/detail/parameter_set_value_response__builder.hpp\n'}
[1.018097] (px4_msgs) StdoutLine: {'line': b'-- Up-to-date: /home/jmj/pro_asp_ws/ws_px4_controls/install/px4_msgs/include/px4_msgs/px4_msgs/msg/detail/geofence_status__traits.hpp\n'}
[1.018120] (px4_msgs) StdoutLine: {'line': b'-- Up-to-date: /home/jmj/pro_asp_ws/ws_px4_controls/install/px4_msgs/include/px4_msgs/px4_msgs/msg/detail/action_request__type_support.hpp\n'}
[1.018142] (px4_msgs) StdoutLine: {'line': b'-- Up-to-date: /home/jmj/pro_asp_ws/ws_px4_controls/install/px4_msgs/include/px4_msgs/px4_msgs/msg/detail/gimbal_device_set_attitude__builder.hpp\n'}
[1.018164] (px4_msgs) StdoutLine: {'line': b'-- Up-to-date: /home/jmj/pro_asp_ws/ws_px4_controls/install/px4_msgs/include/px4_msgs/px4_msgs/msg/detail/actuator_servos__traits.hpp\n'}
[1.018186] (px4_msgs) StdoutLine: {'line': b'-- Up-to-date: /home/jmj/pro_asp_ws/ws_px4_controls/install/px4_msgs/include/px4_msgs/px4_msgs/msg/detail/mode_completed__builder.hpp\n'}
[1.018208] (px4_msgs) StdoutLine: {'line': b'-- Up-to-date: /home/jmj/pro_asp_ws/ws_px4_controls/install/px4_msgs/include/px4_msgs/px4_msgs/msg/detail/open_drone_id_arm_status__type_support.hpp\n'}
[1.018233] (px4_msgs) StdoutLine: {'line': b'-- Up-to-date: /home/jmj/pro_asp_ws/ws_px4_controls/install/px4_msgs/include/px4_msgs/px4_msgs/msg/detail/distance_sensor__type_support.hpp\n'}
[1.018258] (px4_msgs) StdoutLine: {'line': b'-- Up-to-date: /home/jmj/pro_asp_ws/ws_px4_controls/install/px4_msgs/include/px4_msgs/px4_msgs/msg/detail/sensor_selection__struct.hpp\n'}
[1.018281] (px4_msgs) StdoutLine: {'line': b'-- Up-to-date: /home/jmj/pro_asp_ws/ws_px4_controls/install/px4_msgs/include/px4_msgs/px4_msgs/msg/detail/estimator_aid_source1d__traits.hpp\n'}
[1.018304] (px4_msgs) StdoutLine: {'line': b'-- Up-to-date: /home/jmj/pro_asp_ws/ws_px4_controls/install/px4_msgs/include/px4_msgs/px4_msgs/msg/detail/vehicle_status__struct.hpp\n'}
[1.018326] (px4_msgs) StdoutLine: {'line': b'-- Up-to-date: /home/jmj/pro_asp_ws/ws_px4_controls/install/px4_msgs/include/px4_msgs/px4_msgs/msg/detail/parameter_set_value_request__builder.hpp\n'}
[1.018349] (px4_msgs) StdoutLine: {'line': b'-- Up-to-date: /home/jmj/pro_asp_ws/ws_px4_controls/install/px4_msgs/include/px4_msgs/px4_msgs/msg/detail/health_report__type_support.hpp\n'}
[1.018371] (px4_msgs) StdoutLine: {'line': b'-- Up-to-date: /home/jmj/pro_asp_ws/ws_px4_controls/install/px4_msgs/include/px4_msgs/px4_msgs/msg/detail/sensor_gyro__traits.hpp\n'}
[1.018394] (px4_msgs) StdoutLine: {'line': b'-- Up-to-date: /home/jmj/pro_asp_ws/ws_px4_controls/install/px4_msgs/include/px4_msgs/px4_msgs/msg/detail/telemetry_status__builder.hpp\n'}
[1.018418] (px4_msgs) StdoutLine: {'line': b'-- Up-to-date: /home/jmj/pro_asp_ws/ws_px4_controls/install/px4_msgs/include/px4_msgs/px4_msgs/msg/detail/tiltrotor_extra_controls__struct.hpp\n'}
[1.018443] (px4_msgs) StdoutLine: {'line': b'-- Up-to-date: /home/jmj/pro_asp_ws/ws_px4_controls/install/px4_msgs/include/px4_msgs/px4_msgs/msg/detail/vehicle_air_data__struct.hpp\n'}
[1.018468] (px4_msgs) StdoutLine: {'line': b'-- Up-to-date: /home/jmj/pro_asp_ws/ws_px4_controls/install/px4_msgs/include/px4_msgs/px4_msgs/msg/detail/estimator_bias3d__struct.hpp\n'}
[1.018501] (px4_msgs) StdoutLine: {'line': b'-- Up-to-date: /home/jmj/pro_asp_ws/ws_px4_controls/install/px4_msgs/include/px4_msgs/px4_msgs/msg/detail/timesync_status__type_support.hpp\n'}
[1.018532] (px4_msgs) StdoutLine: {'line': b'-- Up-to-date: /home/jmj/pro_asp_ws/ws_px4_controls/install/px4_msgs/include/px4_msgs/px4_msgs/msg/detail/estimator_innovations__type_support.hpp\n'}
[1.018569] (px4_msgs) StdoutLine: {'line': b'-- Up-to-date: /home/jmj/pro_asp_ws/ws_px4_controls/install/px4_msgs/include/px4_msgs/px4_msgs/msg/detail/airspeed_validated__type_support.hpp\n'}
[1.018598] (px4_msgs) StdoutLine: {'line': b'-- Up-to-date: /home/jmj/pro_asp_ws/ws_px4_controls/install/px4_msgs/include/px4_msgs/px4_msgs/msg/detail/vehicle_control_mode__builder.hpp\n'}
[1.018621] (px4_msgs) StdoutLine: {'line': b'-- Up-to-date: /home/jmj/pro_asp_ws/ws_px4_controls/install/px4_msgs/include/px4_msgs/px4_msgs/msg/detail/wheel_encoders__traits.hpp\n'}
[1.018642] (px4_msgs) StdoutLine: {'line': b'-- Up-to-date: /home/jmj/pro_asp_ws/ws_px4_controls/install/px4_msgs/include/px4_msgs/px4_msgs/msg/detail/gpio_out__traits.hpp\n'}
[1.018666] (px4_msgs) StdoutLine: {'line': b'-- Up-to-date: /home/jmj/pro_asp_ws/ws_px4_controls/install/px4_msgs/include/px4_msgs/px4_msgs/msg/detail/orb_test_large__struct.hpp\n'}
[1.018693] (px4_msgs) StdoutLine: {'line': b'-- Up-to-date: /home/jmj/pro_asp_ws/ws_px4_controls/install/px4_msgs/include/px4_msgs/px4_msgs/msg/detail/message_format_response__builder.hpp\n'}
[1.018716] (px4_msgs) StdoutLine: {'line': b'-- Up-to-date: /home/jmj/pro_asp_ws/ws_px4_controls/install/px4_msgs/include/px4_msgs/px4_msgs/msg/detail/estimator_bias__type_support.hpp\n'}
[1.018738] (px4_msgs) StdoutLine: {'line': b'-- Up-to-date: /home/jmj/pro_asp_ws/ws_px4_controls/install/px4_msgs/include/px4_msgs/px4_msgs/msg/detail/gpio_config__type_support.hpp\n'}
[1.018761] (px4_msgs) StdoutLine: {'line': b'-- Up-to-date: /home/jmj/pro_asp_ws/ws_px4_controls/install/px4_msgs/include/px4_msgs/px4_msgs/msg/detail/transponder_report__type_support.hpp\n'}
[1.018784] (px4_msgs) StdoutLine: {'line': b'-- Up-to-date: /home/jmj/pro_asp_ws/ws_px4_controls/install/px4_msgs/include/px4_msgs/px4_msgs/msg/detail/estimator_bias__struct.hpp\n'}
[1.018807] (px4_msgs) StdoutLine: {'line': b'-- Up-to-date: /home/jmj/pro_asp_ws/ws_px4_controls/install/px4_msgs/include/px4_msgs/px4_msgs/msg/detail/pure_pursuit_status__traits.hpp\n'}
[1.018828] (px4_msgs) StdoutLine: {'line': b'-- Up-to-date: /home/jmj/pro_asp_ws/ws_px4_controls/install/px4_msgs/include/px4_msgs/px4_msgs/msg/detail/sensor_correction__traits.hpp\n'}
[1.018849] (px4_msgs) StdoutLine: {'line': b'-- Up-to-date: /home/jmj/pro_asp_ws/ws_px4_controls/install/px4_msgs/include/px4_msgs/px4_msgs/msg/detail/vehicle_attitude__builder.hpp\n'}
[1.018870] (px4_msgs) StdoutLine: {'line': b'-- Up-to-date: /home/jmj/pro_asp_ws/ws_px4_controls/install/px4_msgs/include/px4_msgs/px4_msgs/msg/detail/gimbal_device_set_attitude__traits.hpp\n'}
[1.018894] (px4_msgs) StdoutLine: {'line': b'-- Up-to-date: /home/jmj/pro_asp_ws/ws_px4_controls/install/px4_msgs/include/px4_msgs/px4_msgs/msg/detail/iridiumsbd_status__traits.hpp\n'}
[1.018918] (px4_msgs) StdoutLine: {'line': b'-- Up-to-date: /home/jmj/pro_asp_ws/ws_px4_controls/install/px4_msgs/include/px4_msgs/px4_msgs/msg/detail/actuator_test__type_support.hpp\n'}
[1.018955] (px4_msgs) StdoutLine: {'line': b'-- Up-to-date: /home/jmj/pro_asp_ws/ws_px4_controls/install/px4_msgs/include/px4_msgs/px4_msgs/msg/detail/sensors_status__type_support.hpp\n'}
[1.018997] (px4_msgs) StdoutLine: {'line': b'-- Up-to-date: /home/jmj/pro_asp_ws/ws_px4_controls/install/px4_msgs/include/px4_msgs/px4_msgs/msg/detail/battery_status__struct.hpp\n'}
[1.019023] (px4_msgs) StdoutLine: {'line': b'-- Up-to-date: /home/jmj/pro_asp_ws/ws_px4_controls/install/px4_msgs/include/px4_msgs/px4_msgs/msg/detail/landing_gear__builder.hpp\n'}
[1.019047] (px4_msgs) StdoutLine: {'line': b'-- Up-to-date: /home/jmj/pro_asp_ws/ws_px4_controls/install/px4_msgs/include/px4_msgs/px4_msgs/msg/detail/distance_sensor_mode_change_request__struct.hpp\n'}
[1.019069] (px4_msgs) StdoutLine: {'line': b'-- Up-to-date: /home/jmj/pro_asp_ws/ws_px4_controls/install/px4_msgs/include/px4_msgs/px4_msgs/msg/detail/autotune_attitude_control_status__type_support.hpp\n'}
[1.019092] (px4_msgs) StdoutLine: {'line': b'-- Up-to-date: /home/jmj/pro_asp_ws/ws_px4_controls/install/px4_msgs/include/px4_msgs/px4_msgs/msg/detail/open_drone_id_self_id__struct.hpp\n'}
[1.019117] (px4_msgs) StdoutLine: {'line': b'-- Up-to-date: /home/jmj/pro_asp_ws/ws_px4_controls/install/px4_msgs/include/px4_msgs/px4_msgs/msg/detail/actuator_outputs__type_support.hpp\n'}
[1.019139] (px4_msgs) StdoutLine: {'line': b'-- Up-to-date: /home/jmj/pro_asp_ws/ws_px4_controls/install/px4_msgs/include/px4_msgs/px4_msgs/msg/detail/rover_rate_setpoint__traits.hpp\n'}
[1.019161] (px4_msgs) StdoutLine: {'line': b'-- Up-to-date: /home/jmj/pro_asp_ws/ws_px4_controls/install/px4_msgs/include/px4_msgs/px4_msgs/msg/detail/fixed_wing_lateral_guidance_status__builder.hpp\n'}
[1.019184] (px4_msgs) StdoutLine: {'line': b'-- Up-to-date: /home/jmj/pro_asp_ws/ws_px4_controls/install/px4_msgs/include/px4_msgs/px4_msgs/msg/detail/vehicle_attitude__traits.hpp\n'}
[1.019207] (px4_msgs) StdoutLine: {'line': b'-- Up-to-date: /home/jmj/pro_asp_ws/ws_px4_controls/install/px4_msgs/include/px4_msgs/px4_msgs/msg/detail/vehicle_attitude__struct.hpp\n'}
[1.019230] (px4_msgs) StdoutLine: {'line': b'-- Up-to-date: /home/jmj/pro_asp_ws/ws_px4_controls/install/px4_msgs/include/px4_msgs/px4_msgs/msg/detail/open_drone_id_system__traits.hpp\n'}
[1.019252] (px4_msgs) StdoutLine: {'line': b'-- Up-to-date: /home/jmj/pro_asp_ws/ws_px4_controls/install/px4_msgs/include/px4_msgs/px4_msgs/msg/detail/navigator_mission_item__type_support.hpp\n'}
[1.019274] (px4_msgs) StdoutLine: {'line': b'-- Up-to-date: /home/jmj/pro_asp_ws/ws_px4_controls/install/px4_msgs/include/px4_msgs/px4_msgs/msg/detail/vehicle_angular_acceleration_setpoint__struct.hpp\n'}
[1.019298] (px4_msgs) StdoutLine: {'line': b'-- Up-to-date: /home/jmj/pro_asp_ws/ws_px4_controls/install/px4_msgs/include/px4_msgs/px4_msgs/msg/detail/actuator_outputs__traits.hpp\n'}
[1.019321] (px4_msgs) StdoutLine: {'line': b'-- Up-to-date: /home/jmj/pro_asp_ws/ws_px4_controls/install/px4_msgs/include/px4_msgs/px4_msgs/msg/detail/config_overrides__struct.hpp\n'}
[1.019343] (px4_msgs) StdoutLine: {'line': b'-- Up-to-date: /home/jmj/pro_asp_ws/ws_px4_controls/install/px4_msgs/include/px4_msgs/px4_msgs/msg/detail/satellite_info__traits.hpp\n'}
[1.019364] (px4_msgs) StdoutLine: {'line': b'-- Up-to-date: /home/jmj/pro_asp_ws/ws_px4_controls/install/px4_msgs/include/px4_msgs/px4_msgs/msg/detail/rover_velocity_setpoint__traits.hpp\n'}
[1.019385] (px4_msgs) StdoutLine: {'line': b'-- Up-to-date: /home/jmj/pro_asp_ws/ws_px4_controls/install/px4_msgs/include/px4_msgs/px4_msgs/msg/detail/estimator_states__type_support.hpp\n'}
[1.019409] (px4_msgs) StdoutLine: {'line': b'-- Up-to-date: /home/jmj/pro_asp_ws/ws_px4_controls/install/px4_msgs/include/px4_msgs/px4_msgs/msg/detail/estimator_aid_source2d__traits.hpp\n'}
[1.019431] (px4_msgs) StdoutLine: {'line': b'-- Up-to-date: /home/jmj/pro_asp_ws/ws_px4_controls/install/px4_msgs/include/px4_msgs/px4_msgs/msg/detail/vehicle_imu_status__builder.hpp\n'}
[1.019453] (px4_msgs) StdoutLine: {'line': b'-- Up-to-date: /home/jmj/pro_asp_ws/ws_px4_controls/install/px4_msgs/include/px4_msgs/px4_msgs/msg/detail/collision_constraints__traits.hpp\n'}
[1.019476] (px4_msgs) StdoutLine: {'line': b'-- Up-to-date: /home/jmj/pro_asp_ws/ws_px4_controls/install/px4_msgs/include/px4_msgs/px4_msgs/msg/detail/register_ext_component_reply__builder.hpp\n'}
[1.019499] (px4_msgs) StdoutLine: {'line': b'-- Up-to-date: /home/jmj/pro_asp_ws/ws_px4_controls/install/px4_msgs/include/px4_msgs/px4_msgs/msg/detail/gpio_in__type_support.hpp\n'}
[1.019522] (px4_msgs) StdoutLine: {'line': b'-- Up-to-date: /home/jmj/pro_asp_ws/ws_px4_controls/install/px4_msgs/include/px4_msgs/px4_msgs/msg/detail/position_controller_landing_status__traits.hpp\n'}
[1.019546] (px4_msgs) StdoutLine: {'line': b'-- Up-to-date: /home/jmj/pro_asp_ws/ws_px4_controls/install/px4_msgs/include/px4_msgs/px4_msgs/msg/detail/estimator_bias3d__builder.hpp\n'}
[1.019568] (px4_msgs) StdoutLine: {'line': b'-- Up-to-date: /home/jmj/pro_asp_ws/ws_px4_controls/install/px4_msgs/include/px4_msgs/px4_msgs/msg/detail/task_stack_info__traits.hpp\n'}
[1.019595] (px4_msgs) StdoutLine: {'line': b'-- Up-to-date: /home/jmj/pro_asp_ws/ws_px4_controls/install/px4_msgs/include/px4_msgs/px4_msgs/msg/detail/home_position__struct.hpp\n'}
[1.019619] (px4_msgs) StdoutLine: {'line': b'-- Up-to-date: /home/jmj/pro_asp_ws/ws_px4_controls/install/px4_msgs/include/px4_msgs/px4_msgs/msg/detail/sensor_mag__builder.hpp\n'}
[1.019641] (px4_msgs) StdoutLine: {'line': b'-- Up-to-date: /home/jmj/pro_asp_ws/ws_px4_controls/install/px4_msgs/include/px4_msgs/px4_msgs/msg/detail/transponder_report__struct.hpp\n'}
[1.019667] (px4_msgs) StdoutLine: {'line': b'-- Up-to-date: /home/jmj/pro_asp_ws/ws_px4_controls/install/px4_msgs/include/px4_msgs/px4_msgs/msg/detail/power_monitor__struct.hpp\n'}
[1.019689] (px4_msgs) StdoutLine: {'line': b'-- Up-to-date: /home/jmj/pro_asp_ws/ws_px4_controls/install/px4_msgs/include/px4_msgs/px4_msgs/msg/detail/sensors_status__traits.hpp\n'}
[1.019710] (px4_msgs) StdoutLine: {'line': b'-- Up-to-date: /home/jmj/pro_asp_ws/ws_px4_controls/install/px4_msgs/include/px4_msgs/px4_msgs/msg/detail/vehicle_local_position_setpoint__traits.hpp\n'}
[1.019734] (px4_msgs) StdoutLine: {'line': b'-- Up-to-date: /home/jmj/pro_asp_ws/ws_px4_controls/install/px4_msgs/include/px4_msgs/px4_msgs/msg/detail/ulog_stream__traits.hpp\n'}
[1.019757] (px4_msgs) StdoutLine: {'line': b'-- Up-to-date: /home/jmj/pro_asp_ws/ws_px4_controls/install/px4_msgs/include/px4_msgs/px4_msgs/msg/detail/vehicle_odometry__builder.hpp\n'}
[1.019780] (px4_msgs) StdoutLine: {'line': b'-- Up-to-date: /home/jmj/pro_asp_ws/ws_px4_controls/install/px4_msgs/include/px4_msgs/px4_msgs/msg/detail/gps_dump__traits.hpp\n'}
[1.019803] (px4_msgs) StdoutLine: {'line': b'-- Up-to-date: /home/jmj/pro_asp_ws/ws_px4_controls/install/px4_msgs/include/px4_msgs/px4_msgs/msg/detail/cellular_status__traits.hpp\n'}
[1.019825] (px4_msgs) StdoutLine: {'line': b'-- Up-to-date: /home/jmj/pro_asp_ws/ws_px4_controls/install/px4_msgs/include/px4_msgs/px4_msgs/msg/detail/unregister_ext_component__builder.hpp\n'}
[1.019847] (px4_msgs) StdoutLine: {'line': b'-- Up-to-date: /home/jmj/pro_asp_ws/ws_px4_controls/install/px4_msgs/include/px4_msgs/px4_msgs/msg/detail/sensor_correction__builder.hpp\n'}
[1.019869] (px4_msgs) StdoutLine: {'line': b'-- Up-to-date: /home/jmj/pro_asp_ws/ws_px4_controls/install/px4_msgs/include/px4_msgs/px4_msgs/msg/detail/vehicle_attitude_setpoint__traits.hpp\n'}
[1.019891] (px4_msgs) StdoutLine: {'line': b'-- Up-to-date: /home/jmj/pro_asp_ws/ws_px4_controls/install/px4_msgs/include/px4_msgs/px4_msgs/msg/detail/parameter_set_used_request__traits.hpp\n'}
[1.019913] (px4_msgs) StdoutLine: {'line': b'-- Up-to-date: /home/jmj/pro_asp_ws/ws_px4_controls/install/px4_msgs/include/px4_msgs/px4_msgs/msg/detail/control_allocator_status__traits.hpp\n'}
[1.019935] (px4_msgs) StdoutLine: {'line': b'-- Up-to-date: /home/jmj/pro_asp_ws/ws_px4_controls/install/px4_msgs/include/px4_msgs/px4_msgs/msg/detail/telemetry_status__type_support.hpp\n'}
[1.019965] (px4_msgs) StdoutLine: {'line': b'-- Up-to-date: /home/jmj/pro_asp_ws/ws_px4_controls/install/px4_msgs/include/px4_msgs/px4_msgs/msg/detail/gimbal_manager_set_manual_control__type_support.hpp\n'}
[1.019989] (px4_msgs) StdoutLine: {'line': b'-- Up-to-date: /home/jmj/pro_asp_ws/ws_px4_controls/install/px4_msgs/include/px4_msgs/px4_msgs/msg/detail/rover_throttle_setpoint__struct.hpp\n'}
[1.020015] (px4_msgs) StdoutLine: {'line': b'-- Up-to-date: /home/jmj/pro_asp_ws/ws_px4_controls/install/px4_msgs/include/px4_msgs/px4_msgs/msg/detail/generator_status__builder.hpp\n'}
[1.020044] (px4_msgs) StdoutLine: {'line': b'-- Up-to-date: /home/jmj/pro_asp_ws/ws_px4_controls/install/px4_msgs/include/px4_msgs/px4_msgs/msg/detail/mag_worker_data__builder.hpp\n'}
[1.020067] (px4_msgs) StdoutLine: {'line': b'-- Up-to-date: /home/jmj/pro_asp_ws/ws_px4_controls/install/px4_msgs/include/px4_msgs/px4_msgs/msg/detail/rtl_status__builder.hpp\n'}
[1.020097] (px4_msgs) StdoutLine: {'line': b'-- Up-to-date: /home/jmj/pro_asp_ws/ws_px4_controls/install/px4_msgs/include/px4_msgs/px4_msgs/msg/detail/mission__builder.hpp\n'}
[1.020122] (px4_msgs) StdoutLine: {'line': b'-- Up-to-date: /home/jmj/pro_asp_ws/ws_px4_controls/install/px4_msgs/include/px4_msgs/px4_msgs/msg/detail/estimator_sensor_bias__struct.hpp\n'}
[1.020157] (px4_msgs) StdoutLine: {'line': b'-- Up-to-date: /home/jmj/pro_asp_ws/ws_px4_controls/install/px4_msgs/include/px4_msgs/px4_msgs/msg/detail/sensor_hygrometer__type_support.hpp\n'}
[1.020191] (px4_msgs) StdoutLine: {'line': b'-- Up-to-date: /home/jmj/pro_asp_ws/ws_px4_controls/install/px4_msgs/include/px4_msgs/px4_msgs/msg/detail/rtl_status__struct.hpp\n'}
[1.020236] (px4_msgs) StdoutLine: {'line': b'-- Up-to-date: /home/jmj/pro_asp_ws/ws_px4_controls/install/px4_msgs/include/px4_msgs/px4_msgs/msg/detail/vehicle_air_data__type_support.hpp\n'}
[1.020268] (px4_msgs) StdoutLine: {'line': b'-- Up-to-date: /home/jmj/pro_asp_ws/ws_px4_controls/install/px4_msgs/include/px4_msgs/px4_msgs/msg/detail/parameter_reset_request__type_support.hpp\n'}
[1.020297] (px4_msgs) StdoutLine: {'line': b'-- Up-to-date: /home/jmj/pro_asp_ws/ws_px4_controls/install/px4_msgs/include/px4_msgs/px4_msgs/msg/detail/ping__type_support.hpp\n'}
[1.020331] (px4_msgs) StdoutLine: {'line': b'-- Up-to-date: /home/jmj/pro_asp_ws/ws_px4_controls/install/px4_msgs/include/px4_msgs/px4_msgs/msg/detail/debug_value__type_support.hpp\n'}
[1.020357] (px4_msgs) StdoutLine: {'line': b'-- Up-to-date: /home/jmj/pro_asp_ws/ws_px4_controls/install/px4_msgs/include/px4_msgs/px4_msgs/msg/detail/position_controller_status__traits.hpp\n'}
[1.020382] (px4_msgs) StdoutLine: {'line': b'-- Up-to-date: /home/jmj/pro_asp_ws/ws_px4_controls/install/px4_msgs/include/px4_msgs/px4_msgs/msg/detail/actuator_controls_status__struct.hpp\n'}
[1.020406] (px4_msgs) StdoutLine: {'line': b'-- Up-to-date: /home/jmj/pro_asp_ws/ws_px4_controls/install/px4_msgs/include/px4_msgs/px4_msgs/msg/detail/actuator_servos_trim__type_support.hpp\n'}
[1.020438] (px4_msgs) StdoutLine: {'line': b'-- Up-to-date: /home/jmj/pro_asp_ws/ws_px4_controls/install/px4_msgs/include/px4_msgs/px4_msgs/msg/detail/gimbal_device_attitude_status__traits.hpp\n'}
[1.020468] (px4_msgs) StdoutLine: {'line': b'-- Up-to-date: /home/jmj/pro_asp_ws/ws_px4_controls/install/px4_msgs/include/px4_msgs/px4_msgs/msg/detail/parameter_update__traits.hpp\n'}
[1.020491] (px4_msgs) StdoutLine: {'line': b'-- Up-to-date: /home/jmj/pro_asp_ws/ws_px4_controls/install/px4_msgs/include/px4_msgs/px4_msgs/msg/detail/distance_sensor__struct.hpp\n'}
[1.020513] (px4_msgs) StdoutLine: {'line': b'-- Up-to-date: /home/jmj/pro_asp_ws/ws_px4_controls/install/px4_msgs/include/px4_msgs/px4_msgs/msg/detail/telemetry_status__traits.hpp\n'}
[1.020536] (px4_msgs) StdoutLine: {'line': b'-- Up-to-date: /home/jmj/pro_asp_ws/ws_px4_controls/install/px4_msgs/include/px4_msgs/px4_msgs/msg/detail/estimator_sensor_bias__traits.hpp\n'}
[1.020558] (px4_msgs) StdoutLine: {'line': b'-- Up-to-date: /home/jmj/pro_asp_ws/ws_px4_controls/install/px4_msgs/include/px4_msgs/px4_msgs/msg/detail/rate_ctrl_status__struct.hpp\n'}
[1.020584] (px4_msgs) StdoutLine: {'line': b'-- Up-to-date: /home/jmj/pro_asp_ws/ws_px4_controls/install/px4_msgs/include/px4_msgs/px4_msgs/msg/detail/gpio_out__type_support.hpp\n'}
[1.020616] (px4_msgs) StdoutLine: {'line': b'-- Up-to-date: /home/jmj/pro_asp_ws/ws_px4_controls/install/px4_msgs/include/px4_msgs/px4_msgs/msg/detail/sensor_gyro_fifo__struct.hpp\n'}
[1.020640] (px4_msgs) StdoutLine: {'line': b'-- Up-to-date: /home/jmj/pro_asp_ws/ws_px4_controls/install/px4_msgs/include/px4_msgs/px4_msgs/msg/detail/airspeed__struct.hpp\n'}
[1.020665] (px4_msgs) StdoutLine: {'line': b'-- Up-to-date: /home/jmj/pro_asp_ws/ws_px4_controls/install/px4_msgs/include/px4_msgs/px4_msgs/msg/detail/gpio_request__builder.hpp\n'}
[1.020688] (px4_msgs) StdoutLine: {'line': b'-- Up-to-date: /home/jmj/pro_asp_ws/ws_px4_controls/install/px4_msgs/include/px4_msgs/px4_msgs/msg/detail/follow_target__type_support.hpp\n'}
[1.020716] (px4_msgs) StdoutLine: {'line': b'-- Up-to-date: /home/jmj/pro_asp_ws/ws_px4_controls/install/px4_msgs/include/px4_msgs/px4_msgs/msg/detail/fuel_tank_status__traits.hpp\n'}
[1.020745] (px4_msgs) StdoutLine: {'line': b'-- Up-to-date: /home/jmj/pro_asp_ws/ws_px4_controls/install/px4_msgs/include/px4_msgs/px4_msgs/msg/detail/mission_result__type_support.hpp\n'}
[1.020769] (px4_msgs) StdoutLine: {'line': b'-- Up-to-date: /home/jmj/pro_asp_ws/ws_px4_controls/install/px4_msgs/include/px4_msgs/px4_msgs/msg/detail/offboard_control_mode__traits.hpp\n'}
[1.020793] (px4_msgs) StdoutLine: {'line': b'-- Up-to-date: /home/jmj/pro_asp_ws/ws_px4_controls/install/px4_msgs/include/px4_msgs/px4_msgs/msg/detail/estimator_innovations__traits.hpp\n'}
[1.020815] (px4_msgs) StdoutLine: {'line': b'-- Up-to-date: /home/jmj/pro_asp_ws/ws_px4_controls/install/px4_msgs/include/px4_msgs/px4_msgs/msg/detail/orb_test__type_support.hpp\n'}
[1.020838] (px4_msgs) StdoutLine: {'line': b'-- Up-to-date: /home/jmj/pro_asp_ws/ws_px4_controls/install/px4_msgs/include/px4_msgs/px4_msgs/msg/detail/fixed_wing_runway_control__struct.hpp\n'}
[1.020860] (px4_msgs) StdoutLine: {'line': b'-- Up-to-date: /home/jmj/pro_asp_ws/ws_px4_controls/install/px4_msgs/include/px4_msgs/px4_msgs/msg/detail/fixed_wing_lateral_status__builder.hpp\n'}
[1.020886] (px4_msgs) StdoutLine: {'line': b'-- Up-to-date: /home/jmj/pro_asp_ws/ws_px4_controls/install/px4_msgs/include/px4_msgs/px4_msgs/msg/detail/actuator_armed__struct.hpp\n'}
[1.020914] (px4_msgs) StdoutLine: {'line': b'-- Up-to-date: /home/jmj/pro_asp_ws/ws_px4_controls/install/px4_msgs/include/px4_msgs/px4_msgs/msg/detail/vehicle_roi__builder.hpp\n'}
[1.020937] (px4_msgs) StdoutLine: {'line': b'-- Up-to-date: /home/jmj/pro_asp_ws/ws_px4_controls/install/px4_msgs/include/px4_msgs/px4_msgs/msg/detail/actuator_armed__type_support.hpp\n'}
[1.020972] (px4_msgs) StdoutLine: {'line': b'-- Up-to-date: /home/jmj/pro_asp_ws/ws_px4_controls/install/px4_msgs/include/px4_msgs/px4_msgs/msg/detail/vehicle_global_position__builder.hpp\n'}
[1.020999] (px4_msgs) StdoutLine: {'line': b'-- Up-to-date: /home/jmj/pro_asp_ws/ws_px4_controls/install/px4_msgs/include/px4_msgs/px4_msgs/msg/detail/airspeed_wind__builder.hpp\n'}
[1.021023] (px4_msgs) StdoutLine: {'line': b'-- Up-to-date: /home/jmj/pro_asp_ws/ws_px4_controls/install/px4_msgs/include/px4_msgs/px4_msgs/msg/detail/vehicle_roi__traits.hpp\n'}
[1.021047] (px4_msgs) StdoutLine: {'line': b'-- Up-to-date: /home/jmj/pro_asp_ws/ws_px4_controls/install/px4_msgs/include/px4_msgs/px4_msgs/msg/detail/vehicle_thrust_setpoint__builder.hpp\n'}
[1.021072] (px4_msgs) StdoutLine: {'line': b'-- Up-to-date: /home/jmj/pro_asp_ws/ws_px4_controls/install/px4_msgs/include/px4_msgs/px4_msgs/msg/detail/landing_target_pose__traits.hpp\n'}
[1.021096] (px4_msgs) StdoutLine: {'line': b'-- Up-to-date: /home/jmj/pro_asp_ws/ws_px4_controls/install/px4_msgs/include/px4_msgs/px4_msgs/msg/detail/ping__traits.hpp\n'}
[1.021118] (px4_msgs) StdoutLine: {'line': b'-- Up-to-date: /home/jmj/pro_asp_ws/ws_px4_controls/install/px4_msgs/include/px4_msgs/px4_msgs/msg/detail/debug_value__builder.hpp\n'}
[1.021141] (px4_msgs) StdoutLine: {'line': b'-- Up-to-date: /home/jmj/pro_asp_ws/ws_px4_controls/install/px4_msgs/include/px4_msgs/px4_msgs/msg/detail/sensor_gnss_relative__type_support.hpp\n'}
[1.021163] (px4_msgs) StdoutLine: {'line': b'-- Up-to-date: /home/jmj/pro_asp_ws/ws_px4_controls/install/px4_msgs/include/px4_msgs/px4_msgs/msg/detail/collision_constraints__type_support.hpp\n'}
[1.021186] (px4_msgs) StdoutLine: {'line': b'-- Up-to-date: /home/jmj/pro_asp_ws/ws_px4_controls/install/px4_msgs/include/px4_msgs/px4_msgs/msg/detail/button_event__type_support.hpp\n'}
[1.021215] (px4_msgs) StdoutLine: {'line': b'-- Up-to-date: /home/jmj/pro_asp_ws/ws_px4_controls/install/px4_msgs/include/px4_msgs/px4_msgs/msg/detail/vehicle_angular_velocity__traits.hpp\n'}
[1.021237] (px4_msgs) StdoutLine: {'line': b'-- Up-to-date: /home/jmj/pro_asp_ws/ws_px4_controls/install/px4_msgs/include/px4_msgs/px4_msgs/msg/detail/rover_rate_status__struct.hpp\n'}
[1.021259] (px4_msgs) StdoutLine: {'line': b'-- Up-to-date: /home/jmj/pro_asp_ws/ws_px4_controls/install/px4_msgs/include/px4_msgs/px4_msgs/msg/detail/position_setpoint__traits.hpp\n'}
[1.021283] (px4_msgs) StdoutLine: {'line': b'-- Up-to-date: /home/jmj/pro_asp_ws/ws_px4_controls/install/px4_msgs/include/px4_msgs/px4_msgs/msg/detail/transponder_report__builder.hpp\n'}
[1.021306] (px4_msgs) StdoutLine: {'line': b'-- Up-to-date: /home/jmj/pro_asp_ws/ws_px4_controls/install/px4_msgs/include/px4_msgs/px4_msgs/msg/detail/geofence_result__traits.hpp\n'}
[1.021330] (px4_msgs) StdoutLine: {'line': b'-- Up-to-date: /home/jmj/pro_asp_ws/ws_px4_controls/install/px4_msgs/include/px4_msgs/px4_msgs/msg/detail/vehicle_global_position__type_support.hpp\n'}
[1.021353] (px4_msgs) StdoutLine: {'line': b'-- Up-to-date: /home/jmj/pro_asp_ws/ws_px4_controls/install/px4_msgs/include/px4_msgs/px4_msgs/msg/detail/mission_result__builder.hpp\n'}
[1.021376] (px4_msgs) StdoutLine: {'line': b'-- Up-to-date: /home/jmj/pro_asp_ws/ws_px4_controls/install/px4_msgs/include/px4_msgs/px4_msgs/msg/detail/actuator_servos_trim__struct.hpp\n'}
[1.021398] (px4_msgs) StdoutLine: {'line': b'-- Up-to-date: /home/jmj/pro_asp_ws/ws_px4_controls/install/px4_msgs/include/px4_msgs/px4_msgs/msg/detail/generator_status__type_support.hpp\n'}
[1.021421] (px4_msgs) StdoutLine: {'line': b'-- Up-to-date: /home/jmj/pro_asp_ws/ws_px4_controls/install/px4_msgs/include/px4_msgs/px4_msgs/msg/detail/rover_attitude_setpoint__type_support.hpp\n'}
[1.021443] (px4_msgs) StdoutLine: {'line': b'-- Up-to-date: /home/jmj/pro_asp_ws/ws_px4_controls/install/px4_msgs/include/px4_msgs/px4_msgs/msg/detail/vehicle_angular_velocity__struct.hpp\n'}
[1.021465] (px4_msgs) StdoutLine: {'line': b'-- Up-to-date: /home/jmj/pro_asp_ws/ws_px4_controls/install/px4_msgs/include/px4_msgs/px4_msgs/msg/detail/gpio_config__traits.hpp\n'}
[1.021490] (px4_msgs) StdoutLine: {'line': b'-- Up-to-date: /home/jmj/pro_asp_ws/ws_px4_controls/install/px4_msgs/include/px4_msgs/px4_msgs/msg/detail/control_allocator_status__type_support.hpp\n'}
[1.021512] (px4_msgs) StdoutLine: {'line': b'-- Up-to-date: /home/jmj/pro_asp_ws/ws_px4_controls/install/px4_msgs/include/px4_msgs/px4_msgs/msg/detail/rover_attitude_setpoint__traits.hpp\n'}
[1.021536] (px4_msgs) StdoutLine: {'line': b'-- Up-to-date: /home/jmj/pro_asp_ws/ws_px4_controls/install/px4_msgs/include/px4_msgs/px4_msgs/msg/detail/uavcan_parameter_value__type_support.hpp\n'}
[1.021559] (px4_msgs) StdoutLine: {'line': b'-- Up-to-date: /home/jmj/pro_asp_ws/ws_px4_controls/install/px4_msgs/include/px4_msgs/px4_msgs/msg/detail/collision_constraints__builder.hpp\n'}
[1.021581] (px4_msgs) StdoutLine: {'line': b'-- Up-to-date: /home/jmj/pro_asp_ws/ws_px4_controls/install/px4_msgs/include/px4_msgs/px4_msgs/msg/detail/velocity_limits__struct.hpp\n'}
[1.021606] (px4_msgs) StdoutLine: {'line': b'-- Up-to-date: /home/jmj/pro_asp_ws/ws_px4_controls/install/px4_msgs/include/px4_msgs/px4_msgs/msg/detail/vehicle_optical_flow_vel__builder.hpp\n'}
[1.021629] (px4_msgs) StdoutLine: {'line': b'-- Up-to-date: /home/jmj/pro_asp_ws/ws_px4_controls/install/px4_msgs/include/px4_msgs/px4_msgs/msg/detail/trajectory_setpoint__type_support.hpp\n'}
[1.021654] (px4_msgs) StdoutLine: {'line': b'-- Up-to-date: /home/jmj/pro_asp_ws/ws_px4_controls/install/px4_msgs/include/px4_msgs/px4_msgs/msg/detail/gimbal_manager_set_attitude__struct.hpp\n'}
[1.021713] (px4_msgs) StdoutLine: {'line': b'-- Up-to-date: /home/jmj/pro_asp_ws/ws_px4_controls/install/px4_msgs/include/px4_msgs/px4_msgs/msg/detail/longitudinal_control_configuration__struct.hpp\n'}
[1.021737] (px4_msgs) StdoutLine: {'line': b'-- Up-to-date: /home/jmj/pro_asp_ws/ws_px4_controls/install/px4_msgs/include/px4_msgs/px4_msgs/msg/detail/estimator_bias__builder.hpp\n'}
[1.021760] (px4_msgs) StdoutLine: {'line': b'-- Up-to-date: /home/jmj/pro_asp_ws/ws_px4_controls/install/px4_msgs/include/px4_msgs/px4_msgs/msg/detail/figure_eight_status__type_support.hpp\n'}
[1.021783] (px4_msgs) StdoutLine: {'line': b'-- Up-to-date: /home/jmj/pro_asp_ws/ws_px4_controls/install/px4_msgs/include/px4_msgs/px4_msgs/msg/detail/log_message__type_support.hpp\n'}
[1.021806] (px4_msgs) StdoutLine: {'line': b'-- Up-to-date: /home/jmj/pro_asp_ws/ws_px4_controls/install/px4_msgs/include/px4_msgs/px4_msgs/msg/detail/magnetometer_bias_estimate__traits.hpp\n'}
[1.021832] (px4_msgs) StdoutLine: {'line': b'-- Up-to-date: /home/jmj/pro_asp_ws/ws_px4_controls/install/px4_msgs/include/px4_msgs/px4_msgs/msg/detail/gimbal_controls__builder.hpp\n'}
[1.021855] (px4_msgs) StdoutLine: {'line': b'-- Up-to-date: /home/jmj/pro_asp_ws/ws_px4_controls/install/px4_msgs/include/px4_msgs/px4_msgs/msg/detail/arming_check_reply__struct.hpp\n'}
[1.021877] (px4_msgs) StdoutLine: {'line': b'-- Up-to-date: /home/jmj/pro_asp_ws/ws_px4_controls/install/px4_msgs/include/px4_msgs/px4_msgs/msg/detail/position_controller_status__type_support.hpp\n'}
[1.021899] (px4_msgs) StdoutLine: {'line': b'-- Up-to-date: /home/jmj/pro_asp_ws/ws_px4_controls/install/px4_msgs/include/px4_msgs/px4_msgs/msg/detail/distance_sensor__traits.hpp\n'}
[1.021929] (px4_msgs) StdoutLine: {'line': b'-- Up-to-date: /home/jmj/pro_asp_ws/ws_px4_controls/install/px4_msgs/include/px4_msgs/px4_msgs/msg/detail/magnetometer_bias_estimate__struct.hpp\n'}
[1.021957] (px4_msgs) StdoutLine: {'line': b'-- Up-to-date: /home/jmj/pro_asp_ws/ws_px4_controls/install/px4_msgs/include/px4_msgs/px4_msgs/msg/detail/button_event__struct.hpp\n'}
[1.021981] (px4_msgs) StdoutLine: {'line': b'-- Up-to-date: /home/jmj/pro_asp_ws/ws_px4_controls/install/px4_msgs/include/px4_msgs/px4_msgs/msg/detail/vtol_vehicle_status__struct.hpp\n'}
[1.022004] (px4_msgs) StdoutLine: {'line': b'-- Up-to-date: /home/jmj/pro_asp_ws/ws_px4_controls/install/px4_msgs/include/px4_msgs/px4_msgs/msg/detail/health_report__builder.hpp\n'}
[1.022028] (px4_msgs) StdoutLine: {'line': b'-- Up-to-date: /home/jmj/pro_asp_ws/ws_px4_controls/install/px4_msgs/include/px4_msgs/px4_msgs/msg/detail/lateral_control_configuration__type_support.hpp\n'}
[1.022050] (px4_msgs) StdoutLine: {'line': b'-- Up-to-date: /home/jmj/pro_asp_ws/ws_px4_controls/install/px4_msgs/include/px4_msgs/px4_msgs/msg/detail/sensor_gps__type_support.hpp\n'}
[1.022073] (px4_msgs) StdoutLine: {'line': b'-- Up-to-date: /home/jmj/pro_asp_ws/ws_px4_controls/install/px4_msgs/include/px4_msgs/px4_msgs/msg/detail/debug_vect__traits.hpp\n'}
[1.022096] (px4_msgs) StdoutLine: {'line': b'-- Up-to-date: /home/jmj/pro_asp_ws/ws_px4_controls/install/px4_msgs/include/px4_msgs/px4_msgs/msg/detail/gimbal_controls__type_support.hpp\n'}
[1.022118] (px4_msgs) StdoutLine: {'line': b'-- Up-to-date: /home/jmj/pro_asp_ws/ws_px4_controls/install/px4_msgs/include/px4_msgs/px4_msgs/msg/detail/mavlink_log__struct.hpp\n'}
[1.022140] (px4_msgs) StdoutLine: {'line': b'-- Up-to-date: /home/jmj/pro_asp_ws/ws_px4_controls/install/px4_msgs/include/px4_msgs/px4_msgs/msg/detail/rc_parameter_map__builder.hpp\n'}
[1.022163] (px4_msgs) StdoutLine: {'line': b'-- Up-to-date: /home/jmj/pro_asp_ws/ws_px4_controls/install/px4_msgs/include/px4_msgs/px4_msgs/msg/detail/open_drone_id_arm_status__builder.hpp\n'}
[1.022186] (px4_msgs) StdoutLine: {'line': b'-- Up-to-date: /home/jmj/pro_asp_ws/ws_px4_controls/install/px4_msgs/include/px4_msgs/px4_msgs/msg/detail/gimbal_manager_information__builder.hpp\n'}
[1.022208] (px4_msgs) StdoutLine: {'line': b'-- Up-to-date: /home/jmj/pro_asp_ws/ws_px4_controls/install/px4_msgs/include/px4_msgs/px4_msgs/msg/detail/sensor_gps__struct.hpp\n'}
[1.022230] (px4_msgs) StdoutLine: {'line': b'-- Up-to-date: /home/jmj/pro_asp_ws/ws_px4_controls/install/px4_msgs/include/px4_msgs/px4_msgs/msg/detail/orb_test__builder.hpp\n'}
[1.022254] (px4_msgs) StdoutLine: {'line': b'-- Up-to-date: /home/jmj/pro_asp_ws/ws_px4_controls/install/px4_msgs/include/px4_msgs/px4_msgs/msg/detail/radio_status__builder.hpp\n'}
[1.022280] (px4_msgs) StdoutLine: {'line': b'-- Up-to-date: /home/jmj/pro_asp_ws/ws_px4_controls/install/px4_msgs/include/px4_msgs/px4_msgs/msg/detail/gimbal_device_information__struct.hpp\n'}
[1.022305] (px4_msgs) StdoutLine: {'line': b'-- Up-to-date: /home/jmj/pro_asp_ws/ws_px4_controls/install/px4_msgs/include/px4_msgs/px4_msgs/msg/detail/irlock_report__traits.hpp\n'}
[1.022333] (px4_msgs) StdoutLine: {'line': b'-- Up-to-date: /home/jmj/pro_asp_ws/ws_px4_controls/install/px4_msgs/include/px4_msgs/px4_msgs/msg/detail/lateral_control_configuration__builder.hpp\n'}
[1.022360] (px4_msgs) StdoutLine: {'line': b'-- Up-to-date: /home/jmj/pro_asp_ws/ws_px4_controls/install/px4_msgs/include/px4_msgs/px4_msgs/msg/detail/rover_attitude_setpoint__struct.hpp\n'}
[1.022387] (px4_msgs) StdoutLine: {'line': b'-- Up-to-date: /home/jmj/pro_asp_ws/ws_px4_controls/install/px4_msgs/include/px4_msgs/px4_msgs/msg/detail/gimbal_device_set_attitude__struct.hpp\n'}
[1.022410] (px4_msgs) StdoutLine: {'line': b'-- Up-to-date: /home/jmj/pro_asp_ws/ws_px4_controls/install/px4_msgs/include/px4_msgs/px4_msgs/msg/detail/input_rc__type_support.hpp\n'}
[1.022433] (px4_msgs) StdoutLine: {'line': b'-- Up-to-date: /home/jmj/pro_asp_ws/ws_px4_controls/install/px4_msgs/include/px4_msgs/px4_msgs/msg/detail/logger_status__type_support.hpp\n'}
[1.022457] (px4_msgs) StdoutLine: {'line': b'-- Up-to-date: /home/jmj/pro_asp_ws/ws_px4_controls/install/px4_msgs/include/px4_msgs/px4_msgs/msg/detail/rover_velocity_status__traits.hpp\n'}
[1.022479] (px4_msgs) StdoutLine: {'line': b'-- Up-to-date: /home/jmj/pro_asp_ws/ws_px4_controls/install/px4_msgs/include/px4_msgs/px4_msgs/msg/detail/landing_target_pose__type_support.hpp\n'}
[1.022502] (px4_msgs) StdoutLine: {'line': b'-- Up-to-date: /home/jmj/pro_asp_ws/ws_px4_controls/install/px4_msgs/include/px4_msgs/px4_msgs/msg/detail/task_stack_info__struct.hpp\n'}
[1.022523] (px4_msgs) StdoutLine: {'line': b'-- Up-to-date: /home/jmj/pro_asp_ws/ws_px4_controls/install/px4_msgs/include/px4_msgs/px4_msgs/msg/detail/velocity_limits__builder.hpp\n'}
[1.022545] (px4_msgs) StdoutLine: {'line': b'-- Up-to-date: /home/jmj/pro_asp_ws/ws_px4_controls/install/px4_msgs/include/px4_msgs/px4_msgs/msg/detail/mission__type_support.hpp\n'}
[1.022567] (px4_msgs) StdoutLine: {'line': b'-- Up-to-date: /home/jmj/pro_asp_ws/ws_px4_controls/install/px4_msgs/include/px4_msgs/px4_msgs/msg/detail/navigator_mission_item__struct.hpp\n'}
[1.022588] (px4_msgs) StdoutLine: {'line': b'-- Up-to-date: /home/jmj/pro_asp_ws/ws_px4_controls/install/px4_msgs/include/px4_msgs/px4_msgs/msg/detail/vehicle_odometry__type_support.hpp\n'}
[1.022616] (px4_msgs) StdoutLine: {'line': b'-- Up-to-date: /home/jmj/pro_asp_ws/ws_px4_controls/install/px4_msgs/include/px4_msgs/px4_msgs/msg/detail/vehicle_optical_flow__builder.hpp\n'}
[1.022637] (px4_msgs) StdoutLine: {'line': b'-- Up-to-date: /home/jmj/pro_asp_ws/ws_px4_controls/install/px4_msgs/include/px4_msgs/px4_msgs/msg/detail/airspeed__traits.hpp\n'}
[1.022658] (px4_msgs) StdoutLine: {'line': b'-- Up-to-date: /home/jmj/pro_asp_ws/ws_px4_controls/install/px4_msgs/include/px4_msgs/px4_msgs/msg/detail/sensor_preflight_mag__type_support.hpp\n'}
[1.022679] (px4_msgs) StdoutLine: {'line': b'-- Up-to-date: /home/jmj/pro_asp_ws/ws_px4_controls/install/px4_msgs/include/px4_msgs/px4_msgs/msg/detail/camera_capture__struct.hpp\n'}
[1.022701] (px4_msgs) StdoutLine: {'line': b'-- Up-to-date: /home/jmj/pro_asp_ws/ws_px4_controls/install/px4_msgs/include/px4_msgs/px4_msgs/msg/detail/vehicle_thrust_setpoint__struct.hpp\n'}
[1.022722] (px4_msgs) StdoutLine: {'line': b'-- Up-to-date: /home/jmj/pro_asp_ws/ws_px4_controls/install/px4_msgs/include/px4_msgs/px4_msgs/msg/detail/radio_status__traits.hpp\n'}
[1.022744] (px4_msgs) StdoutLine: {'line': b'-- Up-to-date: /home/jmj/pro_asp_ws/ws_px4_controls/install/px4_msgs/include/px4_msgs/px4_msgs/msg/detail/rover_position_setpoint__builder.hpp\n'}
[1.022766] (px4_msgs) StdoutLine: {'line': b'-- Up-to-date: /home/jmj/pro_asp_ws/ws_px4_controls/install/px4_msgs/include/px4_msgs/px4_msgs/msg/detail/heater_status__builder.hpp\n'}
[1.022794] (px4_msgs) StdoutLine: {'line': b'-- Up-to-date: /home/jmj/pro_asp_ws/ws_px4_controls/install/px4_msgs/include/px4_msgs/px4_msgs/msg/detail/sensor_gps__builder.hpp\n'}
[1.022840] (px4_msgs) StdoutLine: {'line': b'-- Up-to-date: /home/jmj/pro_asp_ws/ws_px4_controls/install/px4_msgs/include/px4_msgs/px4_msgs/msg/detail/internal_combustion_engine_control__builder.hpp\n'}
[1.022882] (px4_msgs) StdoutLine: {'line': b'-- Up-to-date: /home/jmj/pro_asp_ws/ws_px4_controls/install/px4_msgs/include/px4_msgs/px4_msgs/msg/detail/cellular_status__type_support.hpp\n'}
[1.022910] (px4_msgs) StdoutLine: {'line': b'-- Up-to-date: /home/jmj/pro_asp_ws/ws_px4_controls/install/px4_msgs/include/px4_msgs/px4_msgs/msg/detail/debug_array__type_support.hpp\n'}
[1.022932] (px4_msgs) StdoutLine: {'line': b'-- Up-to-date: /home/jmj/pro_asp_ws/ws_px4_controls/install/px4_msgs/include/px4_msgs/px4_msgs/msg/detail/differential_pressure__builder.hpp\n'}
[1.022966] (px4_msgs) StdoutLine: {'line': b'-- Up-to-date: /home/jmj/pro_asp_ws/ws_px4_controls/install/px4_msgs/include/px4_msgs/px4_msgs/msg/detail/arming_check_reply__type_support.hpp\n'}
[1.022990] (px4_msgs) StdoutLine: {'line': b'-- Up-to-date: /home/jmj/pro_asp_ws/ws_px4_controls/install/px4_msgs/include/px4_msgs/px4_msgs/msg/detail/cpuload__traits.hpp\n'}
[1.023012] (px4_msgs) StdoutLine: {'line': b'-- Up-to-date: /home/jmj/pro_asp_ws/ws_px4_controls/install/px4_msgs/include/px4_msgs/px4_msgs/msg/detail/ulog_stream_ack__struct.hpp\n'}
[1.023035] (px4_msgs) StdoutLine: {'line': b'-- Up-to-date: /home/jmj/pro_asp_ws/ws_px4_controls/install/px4_msgs/include/px4_msgs/px4_msgs/msg/detail/power_button_state__builder.hpp\n'}
[1.023057] (px4_msgs) StdoutLine: {'line': b'-- Up-to-date: /home/jmj/pro_asp_ws/ws_px4_controls/install/px4_msgs/include/px4_msgs/px4_msgs/msg/detail/power_monitor__builder.hpp\n'}
[1.023081] (px4_msgs) StdoutLine: {'line': b'-- Up-to-date: /home/jmj/pro_asp_ws/ws_px4_controls/install/px4_msgs/include/px4_msgs/px4_msgs/msg/detail/tiltrotor_extra_controls__type_support.hpp\n'}
[1.023111] (px4_msgs) StdoutLine: {'line': b'-- Up-to-date: /home/jmj/pro_asp_ws/ws_px4_controls/install/px4_msgs/include/px4_msgs/px4_msgs/msg/detail/airspeed_wind__traits.hpp\n'}
[1.023140] (px4_msgs) StdoutLine: {'line': b'-- Up-to-date: /home/jmj/pro_asp_ws/ws_px4_controls/install/px4_msgs/include/px4_msgs/px4_msgs/msg/detail/system_power__struct.hpp\n'}
[1.023178] (px4_msgs) StdoutLine: {'line': b'-- Up-to-date: /home/jmj/pro_asp_ws/ws_px4_controls/install/px4_msgs/include/px4_msgs/px4_msgs/msg/detail/sensor_hygrometer__builder.hpp\n'}
[1.023202] (px4_msgs) StdoutLine: {'line': b'-- Up-to-date: /home/jmj/pro_asp_ws/ws_px4_controls/install/px4_msgs/include/px4_msgs/px4_msgs/msg/detail/register_ext_component_request__traits.hpp\n'}
[1.023227] (px4_msgs) StdoutLine: {'line': b'-- Up-to-date: /home/jmj/pro_asp_ws/ws_px4_controls/install/px4_msgs/include/px4_msgs/px4_msgs/msg/detail/estimator_selector_status__builder.hpp\n'}
[1.023251] (px4_msgs) StdoutLine: {'line': b'-- Up-to-date: /home/jmj/pro_asp_ws/ws_px4_controls/install/px4_msgs/include/px4_msgs/px4_msgs/msg/detail/cpuload__builder.hpp\n'}
[1.023274] (px4_msgs) StdoutLine: {'line': b'-- Up-to-date: /home/jmj/pro_asp_ws/ws_px4_controls/install/px4_msgs/include/px4_msgs/px4_msgs/msg/detail/navigator_status__builder.hpp\n'}
[1.023295] (px4_msgs) StdoutLine: {'line': b'-- Up-to-date: /home/jmj/pro_asp_ws/ws_px4_controls/install/px4_msgs/include/px4_msgs/px4_msgs/msg/detail/sensor_accel_fifo__builder.hpp\n'}
[1.023317] (px4_msgs) StdoutLine: {'line': b'-- Up-to-date: /home/jmj/pro_asp_ws/ws_px4_controls/install/px4_msgs/include/px4_msgs/px4_msgs/msg/detail/open_drone_id_system__type_support.hpp\n'}
[1.023339] (px4_msgs) StdoutLine: {'line': b'-- Up-to-date: /home/jmj/pro_asp_ws/ws_px4_controls/install/px4_msgs/include/px4_msgs/px4_msgs/msg/detail/actuator_servos_trim__builder.hpp\n'}
[1.023360] (px4_msgs) StdoutLine: {'line': b'-- Up-to-date: /home/jmj/pro_asp_ws/ws_px4_controls/install/px4_msgs/include/px4_msgs/px4_msgs/msg/detail/debug_value__traits.hpp\n'}
[1.023392] (px4_msgs) StdoutLine: {'line': b'-- Up-to-date: /home/jmj/pro_asp_ws/ws_px4_controls/install/px4_msgs/include/px4_msgs/px4_msgs/msg/detail/gimbal_device_attitude_status__struct.hpp\n'}
[1.023414] (px4_msgs) StdoutLine: {'line': b'-- Up-to-date: /home/jmj/pro_asp_ws/ws_px4_controls/install/px4_msgs/include/px4_msgs/px4_msgs/msg/detail/open_drone_id_arm_status__struct.hpp\n'}
[1.023435] (px4_msgs) StdoutLine: {'line': b'-- Up-to-date: /home/jmj/pro_asp_ws/ws_px4_controls/install/px4_msgs/include/px4_msgs/px4_msgs/msg/detail/can_interface_status__type_support.hpp\n'}
[1.023459] (px4_msgs) StdoutLine: {'line': b'-- Up-to-date: /home/jmj/pro_asp_ws/ws_px4_controls/install/px4_msgs/include/px4_msgs/px4_msgs/msg/detail/gripper__builder.hpp\n'}
[1.023480] (px4_msgs) StdoutLine: {'line': b'-- Up-to-date: /home/jmj/pro_asp_ws/ws_px4_controls/install/px4_msgs/include/px4_msgs/px4_msgs/msg/detail/config_overrides__builder.hpp\n'}
[1.023503] (px4_msgs) StdoutLine: {'line': b'-- Up-to-date: /home/jmj/pro_asp_ws/ws_px4_controls/install/px4_msgs/include/px4_msgs/px4_msgs/msg/detail/sensor_baro__traits.hpp\n'}
[1.023527] (px4_msgs) StdoutLine: {'line': b'-- Up-to-date: /home/jmj/pro_asp_ws/ws_px4_controls/install/px4_msgs/include/px4_msgs/px4_msgs/msg/detail/yaw_estimator_status__traits.hpp\n'}
[1.023551] (px4_msgs) StdoutLine: {'line': b'-- Up-to-date: /home/jmj/pro_asp_ws/ws_px4_controls/install/px4_msgs/include/px4_msgs/px4_msgs/msg/detail/arming_check_request__struct.hpp\n'}
[1.023573] (px4_msgs) StdoutLine: {'line': b'-- Up-to-date: /home/jmj/pro_asp_ws/ws_px4_controls/install/px4_msgs/include/px4_msgs/px4_msgs/msg/detail/open_drone_id_operator_id__builder.hpp\n'}
[1.023595] (px4_msgs) StdoutLine: {'line': b'-- Up-to-date: /home/jmj/pro_asp_ws/ws_px4_controls/install/px4_msgs/include/px4_msgs/px4_msgs/msg/detail/ekf2_timestamps__type_support.hpp\n'}
[1.023617] (px4_msgs) StdoutLine: {'line': b'-- Up-to-date: /home/jmj/pro_asp_ws/ws_px4_controls/install/px4_msgs/include/px4_msgs/px4_msgs/msg/detail/transponder_report__traits.hpp\n'}
[1.023641] (px4_msgs) StdoutLine: {'line': b'-- Up-to-date: /home/jmj/pro_asp_ws/ws_px4_controls/install/px4_msgs/include/px4_msgs/px4_msgs/msg/detail/sensor_airflow__struct.hpp\n'}
[1.023665] (px4_msgs) StdoutLine: {'line': b'-- Up-to-date: /home/jmj/pro_asp_ws/ws_px4_controls/install/px4_msgs/include/px4_msgs/px4_msgs/msg/detail/landing_target_innovations__builder.hpp\n'}
[1.023690] (px4_msgs) StdoutLine: {'line': b'-- Up-to-date: /home/jmj/pro_asp_ws/ws_px4_controls/install/px4_msgs/include/px4_msgs/px4_msgs/msg/detail/tecs_status__traits.hpp\n'}
[1.023711] (px4_msgs) StdoutLine: {'line': b'-- Up-to-date: /home/jmj/pro_asp_ws/ws_px4_controls/install/px4_msgs/include/px4_msgs/px4_msgs/msg/detail/landing_gear_wheel__builder.hpp\n'}
[1.023733] (px4_msgs) StdoutLine: {'line': b'-- Up-to-date: /home/jmj/pro_asp_ws/ws_px4_controls/install/px4_msgs/include/px4_msgs/px4_msgs/msg/detail/landing_gear_wheel__type_support.hpp\n'}
[1.023758] (px4_msgs) StdoutLine: {'line': b'-- Up-to-date: /home/jmj/pro_asp_ws/ws_px4_controls/install/px4_msgs/include/px4_msgs/px4_msgs/msg/detail/sensor_accel__traits.hpp\n'}
[1.023783] (px4_msgs) StdoutLine: {'line': b'-- Up-to-date: /home/jmj/pro_asp_ws/ws_px4_controls/install/px4_msgs/include/px4_msgs/px4_msgs/msg/detail/unregister_ext_component__traits.hpp\n'}
[1.023805] (px4_msgs) StdoutLine: {'line': b'-- Up-to-date: /home/jmj/pro_asp_ws/ws_px4_controls/install/px4_msgs/include/px4_msgs/px4_msgs/msg/detail/actuator_armed__builder.hpp\n'}
[1.023827] (px4_msgs) StdoutLine: {'line': b'-- Up-to-date: /home/jmj/pro_asp_ws/ws_px4_controls/install/px4_msgs/include/px4_msgs/px4_msgs/msg/detail/rtl_status__traits.hpp\n'}
[1.023855] (px4_msgs) StdoutLine: {'line': b'-- Up-to-date: /home/jmj/pro_asp_ws/ws_px4_controls/install/px4_msgs/include/px4_msgs/px4_msgs/msg/detail/adc_report__type_support.hpp\n'}
[1.023877] (px4_msgs) StdoutLine: {'line': b'-- Up-to-date: /home/jmj/pro_asp_ws/ws_px4_controls/install/px4_msgs/include/px4_msgs/px4_msgs/msg/detail/landing_gear__struct.hpp\n'}
[1.023899] (px4_msgs) StdoutLine: {'line': b'-- Up-to-date: /home/jmj/pro_asp_ws/ws_px4_controls/install/px4_msgs/include/px4_msgs/px4_msgs/msg/detail/orbit_status__traits.hpp\n'}
[1.023921] (px4_msgs) StdoutLine: {'line': b'-- Up-to-date: /home/jmj/pro_asp_ws/ws_px4_controls/install/px4_msgs/include/px4_msgs/px4_msgs/msg/detail/normalized_unsigned_setpoint__traits.hpp\n'}
[1.023948] (px4_msgs) StdoutLine: {'line': b'-- Up-to-date: /home/jmj/pro_asp_ws/ws_px4_controls/install/px4_msgs/include/px4_msgs/px4_msgs/msg/detail/qshell_retval__builder.hpp\n'}
[1.023982] (px4_msgs) StdoutLine: {'line': b'-- Up-to-date: /home/jmj/pro_asp_ws/ws_px4_controls/install/px4_msgs/include/px4_msgs/px4_msgs/msg/detail/sensor_gyro_fifo__builder.hpp\n'}
[1.024008] (px4_msgs) StdoutLine: {'line': b'-- Up-to-date: /home/jmj/pro_asp_ws/ws_px4_controls/install/px4_msgs/include/px4_msgs/px4_msgs/msg/detail/sensor_optical_flow__type_support.hpp\n'}
[1.024033] (px4_msgs) StdoutLine: {'line': b'-- Up-to-date: /home/jmj/pro_asp_ws/ws_px4_controls/install/px4_msgs/include/px4_msgs/px4_msgs/msg/detail/system_power__traits.hpp\n'}
[1.024057] (px4_msgs) StdoutLine: {'line': b'-- Up-to-date: /home/jmj/pro_asp_ws/ws_px4_controls/install/px4_msgs/include/px4_msgs/px4_msgs/msg/detail/vehicle_local_position__struct.hpp\n'}
[1.024081] (px4_msgs) StdoutLine: {'line': b'-- Up-to-date: /home/jmj/pro_asp_ws/ws_px4_controls/install/px4_msgs/include/px4_msgs/px4_msgs/msg/detail/dataman_response__struct.hpp\n'}
[1.024109] (px4_msgs) StdoutLine: {'line': b'-- Up-to-date: /home/jmj/pro_asp_ws/ws_px4_controls/install/px4_msgs/include/px4_msgs/px4_msgs/msg/detail/mag_worker_data__type_support.hpp\n'}
[1.024134] (px4_msgs) StdoutLine: {'line': b'-- Up-to-date: /home/jmj/pro_asp_ws/ws_px4_controls/install/px4_msgs/include/px4_msgs/px4_msgs/msg/detail/sensor_hygrometer__struct.hpp\n'}
[1.024159] (px4_msgs) StdoutLine: {'line': b'-- Up-to-date: /home/jmj/pro_asp_ws/ws_px4_controls/install/px4_msgs/include/px4_msgs/px4_msgs/msg/detail/failsafe_flags__builder.hpp\n'}
[1.024182] (px4_msgs) StdoutLine: {'line': b'-- Up-to-date: /home/jmj/pro_asp_ws/ws_px4_controls/install/px4_msgs/include/px4_msgs/px4_msgs/msg/detail/rover_rate_setpoint__builder.hpp\n'}
[1.024208] (px4_msgs) StdoutLine: {'line': b'-- Up-to-date: /home/jmj/pro_asp_ws/ws_px4_controls/install/px4_msgs/include/px4_msgs/px4_msgs/msg/detail/open_drone_id_operator_id__traits.hpp\n'}
[1.024231] (px4_msgs) StdoutLine: {'line': b'-- Up-to-date: /home/jmj/pro_asp_ws/ws_px4_controls/install/px4_msgs/include/px4_msgs/px4_msgs/msg/detail/sensor_airflow__traits.hpp\n'}
[1.024259] (px4_msgs) StdoutLine: {'line': b'-- Up-to-date: /home/jmj/pro_asp_ws/ws_px4_controls/install/px4_msgs/include/px4_msgs/px4_msgs/msg/detail/lateral_control_configuration__struct.hpp\n'}
[1.024283] (px4_msgs) StdoutLine: {'line': b'-- Up-to-date: /home/jmj/pro_asp_ws/ws_px4_controls/install/px4_msgs/include/px4_msgs/px4_msgs/msg/detail/estimator_status_flags__traits.hpp\n'}
[1.024309] (px4_msgs) StdoutLine: {'line': b'-- Up-to-date: /home/jmj/pro_asp_ws/ws_px4_controls/install/px4_msgs/include/px4_msgs/px4_msgs/msg/detail/estimator_status__builder.hpp\n'}
[1.024333] (px4_msgs) StdoutLine: {'line': b'-- Up-to-date: /home/jmj/pro_asp_ws/ws_px4_controls/install/px4_msgs/include/px4_msgs/px4_msgs/msg/detail/rate_ctrl_status__type_support.hpp\n'}
[1.024359] (px4_msgs) StdoutLine: {'line': b'-- Up-to-date: /home/jmj/pro_asp_ws/ws_px4_controls/install/px4_msgs/include/px4_msgs/px4_msgs/msg/detail/vtol_vehicle_status__type_support.hpp\n'}
[1.024387] (px4_msgs) StdoutLine: {'line': b'-- Up-to-date: /home/jmj/pro_asp_ws/ws_px4_controls/install/px4_msgs/include/px4_msgs/px4_msgs/msg/detail/vehicle_air_data__traits.hpp\n'}
[1.024414] (px4_msgs) StdoutLine: {'line': b'-- Up-to-date: /home/jmj/pro_asp_ws/ws_px4_controls/install/px4_msgs/include/px4_msgs/px4_msgs/msg/detail/debug_key_value__traits.hpp\n'}
[1.024438] (px4_msgs) StdoutLine: {'line': b'-- Up-to-date: /home/jmj/pro_asp_ws/ws_px4_controls/install/px4_msgs/include/px4_msgs/px4_msgs/msg/detail/mavlink_tunnel__type_support.hpp\n'}
[1.024467] (px4_msgs) StdoutLine: {'line': b'-- Up-to-date: /home/jmj/pro_asp_ws/ws_px4_controls/install/px4_msgs/include/px4_msgs/px4_msgs/msg/detail/failure_detector_status__type_support.hpp\n'}
[1.024490] (px4_msgs) StdoutLine: {'line': b'-- Up-to-date: /home/jmj/pro_asp_ws/ws_px4_controls/install/px4_msgs/include/px4_msgs/px4_msgs/msg/detail/parameter_set_used_request__type_support.hpp\n'}
[1.024514] (px4_msgs) StdoutLine: {'line': b'-- Up-to-date: /home/jmj/pro_asp_ws/ws_px4_controls/install/px4_msgs/include/px4_msgs/px4_msgs/msg/detail/estimator_selector_status__struct.hpp\n'}
[1.024548] (px4_msgs) StdoutLine: {'line': b'-- Up-to-date: /home/jmj/pro_asp_ws/ws_px4_controls/install/px4_msgs/include/px4_msgs/px4_msgs/msg/detail/fixed_wing_runway_control__builder.hpp\n'}
[1.024579] (px4_msgs) StdoutLine: {'line': b'-- Up-to-date: /home/jmj/pro_asp_ws/ws_px4_controls/install/px4_msgs/include/px4_msgs/px4_msgs/msg/detail/vehicle_thrust_setpoint__type_support.hpp\n'}
[1.024605] (px4_msgs) StdoutLine: {'line': b'-- Up-to-date: /home/jmj/pro_asp_ws/ws_px4_controls/install/px4_msgs/include/px4_msgs/px4_msgs/msg/detail/parameter_set_value_request__type_support.hpp\n'}
[1.024628] (px4_msgs) StdoutLine: {'line': b'-- Up-to-date: /home/jmj/pro_asp_ws/ws_px4_controls/install/px4_msgs/include/px4_msgs/px4_msgs/msg/detail/wheel_encoders__struct.hpp\n'}
[1.024650] (px4_msgs) StdoutLine: {'line': b'-- Up-to-date: /home/jmj/pro_asp_ws/ws_px4_controls/install/px4_msgs/include/px4_msgs/px4_msgs/msg/detail/estimator_aid_source3d__struct.hpp\n'}
[1.024672] (px4_msgs) StdoutLine: {'line': b'-- Up-to-date: /home/jmj/pro_asp_ws/ws_px4_controls/install/px4_msgs/include/px4_msgs/px4_msgs/msg/detail/landing_target_innovations__struct.hpp\n'}
[1.024695] (px4_msgs) StdoutLine: {'line': b'-- Up-to-date: /home/jmj/pro_asp_ws/ws_px4_controls/install/px4_msgs/include/px4_msgs/px4_msgs/msg/detail/open_drone_id_self_id__builder.hpp\n'}
[1.024719] (px4_msgs) StdoutLine: {'line': b'-- Up-to-date: /home/jmj/pro_asp_ws/ws_px4_controls/install/px4_msgs/include/px4_msgs/px4_msgs/msg/detail/system_power__type_support.hpp\n'}
[1.024743] (px4_msgs) StdoutLine: {'line': b'-- Up-to-date: /home/jmj/pro_asp_ws/ws_px4_controls/install/px4_msgs/include/px4_msgs/px4_msgs/msg/detail/vehicle_rates_setpoint__type_support.hpp\n'}
[1.024767] (px4_msgs) StdoutLine: {'line': b'-- Up-to-date: /home/jmj/pro_asp_ws/ws_px4_controls/install/px4_msgs/include/px4_msgs/px4_msgs/msg/detail/vehicle_constraints__type_support.hpp\n'}
[1.024792] (px4_msgs) StdoutLine: {'line': b'-- Up-to-date: /home/jmj/pro_asp_ws/ws_px4_controls/install/px4_msgs/include/px4_msgs/px4_msgs/msg/detail/figure_eight_status__builder.hpp\n'}
[1.024816] (px4_msgs) StdoutLine: {'line': b'-- Up-to-date: /home/jmj/pro_asp_ws/ws_px4_controls/install/px4_msgs/include/px4_msgs/px4_msgs/msg/detail/sensor_uwb__type_support.hpp\n'}
[1.024850] (px4_msgs) StdoutLine: {'line': b'-- Up-to-date: /home/jmj/pro_asp_ws/ws_px4_controls/install/px4_msgs/include/px4_msgs/px4_msgs/msg/detail/parameter_set_value_response__type_support.hpp\n'}
[1.024872] (px4_msgs) StdoutLine: {'line': b'-- Up-to-date: /home/jmj/pro_asp_ws/ws_px4_controls/install/px4_msgs/include/px4_msgs/px4_msgs/msg/detail/autotune_attitude_control_status__builder.hpp\n'}
[1.024896] (px4_msgs) StdoutLine: {'line': b'-- Up-to-date: /home/jmj/pro_asp_ws/ws_px4_controls/install/px4_msgs/include/px4_msgs/px4_msgs/msg/detail/rc_parameter_map__type_support.hpp\n'}
[1.024918] (px4_msgs) StdoutLine: {'line': b'-- Up-to-date: /home/jmj/pro_asp_ws/ws_px4_controls/install/px4_msgs/include/px4_msgs/px4_msgs/msg/detail/gripper__type_support.hpp\n'}
[1.024940] (px4_msgs) StdoutLine: {'line': b'-- Up-to-date: /home/jmj/pro_asp_ws/ws_px4_controls/install/px4_msgs/include/px4_msgs/px4_msgs/msg/detail/sensor_accel_fifo__traits.hpp\n'}
[1.024972] (px4_msgs) StdoutLine: {'line': b'-- Up-to-date: /home/jmj/pro_asp_ws/ws_px4_controls/install/px4_msgs/include/px4_msgs/px4_msgs/msg/detail/rover_velocity_status__struct.hpp\n'}
[1.024995] (px4_msgs) StdoutLine: {'line': b'-- Up-to-date: /home/jmj/pro_asp_ws/ws_px4_controls/install/px4_msgs/include/px4_msgs/px4_msgs/msg/detail/internal_combustion_engine_control__traits.hpp\n'}
[1.025018] (px4_msgs) StdoutLine: {'line': b'-- Up-to-date: /home/jmj/pro_asp_ws/ws_px4_controls/install/px4_msgs/include/px4_msgs/px4_msgs/msg/detail/mavlink_log__type_support.hpp\n'}
[1.025042] (px4_msgs) StdoutLine: {'line': b'-- Up-to-date: /home/jmj/pro_asp_ws/ws_px4_controls/install/px4_msgs/include/px4_msgs/px4_msgs/msg/detail/dataman_response__type_support.hpp\n'}
[1.025067] (px4_msgs) StdoutLine: {'line': b'-- Up-to-date: /home/jmj/pro_asp_ws/ws_px4_controls/install/px4_msgs/include/px4_msgs/px4_msgs/msg/detail/velocity_limits__type_support.hpp\n'}
[1.025091] (px4_msgs) StdoutLine: {'line': b'-- Up-to-date: /home/jmj/pro_asp_ws/ws_px4_controls/install/px4_msgs/include/px4_msgs/px4_msgs/msg/detail/vehicle_optical_flow_vel__traits.hpp\n'}
[1.025116] (px4_msgs) StdoutLine: {'line': b'-- Up-to-date: /home/jmj/pro_asp_ws/ws_px4_controls/install/px4_msgs/include/px4_msgs/px4_msgs/msg/detail/vehicle_local_position__builder.hpp\n'}
[1.025141] (px4_msgs) StdoutLine: {'line': b'-- Up-to-date: /home/jmj/pro_asp_ws/ws_px4_controls/install/px4_msgs/include/px4_msgs/px4_msgs/msg/detail/ulog_stream_ack__type_support.hpp\n'}
[1.025163] (px4_msgs) StdoutLine: {'line': b'-- Up-to-date: /home/jmj/pro_asp_ws/ws_px4_controls/install/px4_msgs/include/px4_msgs/px4_msgs/msg/detail/battery_status__traits.hpp\n'}
[1.025185] (px4_msgs) StdoutLine: {'line': b'-- Up-to-date: /home/jmj/pro_asp_ws/ws_px4_controls/install/px4_msgs/include/px4_msgs/px4_msgs/msg/detail/vehicle_status__type_support.hpp\n'}
[1.025207] (px4_msgs) StdoutLine: {'line': b'-- Up-to-date: /home/jmj/pro_asp_ws/ws_px4_controls/install/px4_msgs/include/px4_msgs/px4_msgs/msg/detail/message_format_request__type_support.hpp\n'}
[1.025231] (px4_msgs) StdoutLine: {'line': b'-- Up-to-date: /home/jmj/pro_asp_ws/ws_px4_controls/install/px4_msgs/include/px4_msgs/px4_msgs/msg/detail/rc_channels__type_support.hpp\n'}
[1.025253] (px4_msgs) StdoutLine: {'line': b'-- Up-to-date: /home/jmj/pro_asp_ws/ws_px4_controls/install/px4_msgs/include/px4_msgs/px4_msgs/msg/detail/power_monitor__type_support.hpp\n'}
[1.025276] (px4_msgs) StdoutLine: {'line': b'-- Up-to-date: /home/jmj/pro_asp_ws/ws_px4_controls/install/px4_msgs/include/px4_msgs/px4_msgs/msg/detail/rover_throttle_setpoint__builder.hpp\n'}
[1.025299] (px4_msgs) StdoutLine: {'line': b'-- Up-to-date: /home/jmj/pro_asp_ws/ws_px4_controls/install/px4_msgs/include/px4_msgs/px4_msgs/msg/detail/actuator_test__traits.hpp\n'}
[1.025321] (px4_msgs) StdoutLine: {'line': b'-- Up-to-date: /home/jmj/pro_asp_ws/ws_px4_controls/install/px4_msgs/include/px4_msgs/px4_msgs/msg/detail/config_overrides__traits.hpp\n'}
[1.025343] (px4_msgs) StdoutLine: {'line': b'-- Up-to-date: /home/jmj/pro_asp_ws/ws_px4_controls/install/px4_msgs/include/px4_msgs/px4_msgs/msg/detail/sensor_combined__struct.hpp\n'}
[1.025364] (px4_msgs) StdoutLine: {'line': b'-- Up-to-date: /home/jmj/pro_asp_ws/ws_px4_controls/install/px4_msgs/include/px4_msgs/px4_msgs/msg/detail/can_interface_status__builder.hpp\n'}
[1.025385] (px4_msgs) StdoutLine: {'line': b'-- Up-to-date: /home/jmj/pro_asp_ws/ws_px4_controls/install/px4_msgs/include/px4_msgs/px4_msgs/msg/detail/obstacle_distance__traits.hpp\n'}
[1.025406] (px4_msgs) StdoutLine: {'line': b'-- Up-to-date: /home/jmj/pro_asp_ws/ws_px4_controls/install/px4_msgs/include/px4_msgs/px4_msgs/msg/detail/tune_control__type_support.hpp\n'}
[1.025428] (px4_msgs) StdoutLine: {'line': b'-- Up-to-date: /home/jmj/pro_asp_ws/ws_px4_controls/install/px4_msgs/include/px4_msgs/px4_msgs/msg/detail/health_report__traits.hpp\n'}
[1.025450] (px4_msgs) StdoutLine: {'line': b'-- Up-to-date: /home/jmj/pro_asp_ws/ws_px4_controls/install/px4_msgs/include/px4_msgs/px4_msgs/msg/detail/vehicle_odometry__traits.hpp\n'}
[1.025471] (px4_msgs) StdoutLine: {'line': b'-- Up-to-date: /home/jmj/pro_asp_ws/ws_px4_controls/install/px4_msgs/include/px4_msgs/px4_msgs/msg/detail/position_setpoint_triplet__traits.hpp\n'}
[1.025494] (px4_msgs) StdoutLine: {'line': b'-- Up-to-date: /home/jmj/pro_asp_ws/ws_px4_controls/install/px4_msgs/include/px4_msgs/px4_msgs/msg/detail/geofence_result__builder.hpp\n'}
[1.025523] (px4_msgs) StdoutLine: {'line': b'-- Up-to-date: /home/jmj/pro_asp_ws/ws_px4_controls/install/px4_msgs/include/px4_msgs/px4_msgs/msg/detail/irlock_report__struct.hpp\n'}
[1.025544] (px4_msgs) StdoutLine: {'line': b'-- Up-to-date: /home/jmj/pro_asp_ws/ws_px4_controls/install/px4_msgs/include/px4_msgs/px4_msgs/msg/detail/ekf2_timestamps__struct.hpp\n'}
[1.025568] (px4_msgs) StdoutLine: {'line': b'-- Up-to-date: /home/jmj/pro_asp_ws/ws_px4_controls/install/px4_msgs/include/px4_msgs/px4_msgs/msg/detail/normalized_unsigned_setpoint__type_support.hpp\n'}
[1.025589] (px4_msgs) StdoutLine: {'line': b'-- Up-to-date: /home/jmj/pro_asp_ws/ws_px4_controls/install/px4_msgs/include/px4_msgs/px4_msgs/msg/detail/battery_status__builder.hpp\n'}
[1.025610] (px4_msgs) StdoutLine: {'line': b'-- Up-to-date: /home/jmj/pro_asp_ws/ws_px4_controls/install/px4_msgs/include/px4_msgs/px4_msgs/msg/detail/dataman_request__traits.hpp\n'}
[1.025631] (px4_msgs) StdoutLine: {'line': b'-- Up-to-date: /home/jmj/pro_asp_ws/ws_px4_controls/install/px4_msgs/include/px4_msgs/px4_msgs/msg/detail/sensor_combined__type_support.hpp\n'}
[1.025652] (px4_msgs) StdoutLine: {'line': b'-- Up-to-date: /home/jmj/pro_asp_ws/ws_px4_controls/install/px4_msgs/include/px4_msgs/px4_msgs/msg/detail/vehicle_command_ack__type_support.hpp\n'}
[1.025674] (px4_msgs) StdoutLine: {'line': b'-- Up-to-date: /home/jmj/pro_asp_ws/ws_px4_controls/install/px4_msgs/include/px4_msgs/px4_msgs/msg/detail/pps_capture__traits.hpp\n'}
[1.025697] (px4_msgs) StdoutLine: {'line': b'-- Up-to-date: /home/jmj/pro_asp_ws/ws_px4_controls/install/px4_msgs/include/px4_msgs/px4_msgs/msg/detail/estimator_states__struct.hpp\n'}
[1.025720] (px4_msgs) StdoutLine: {'line': b'-- Up-to-date: /home/jmj/pro_asp_ws/ws_px4_controls/install/px4_msgs/include/px4_msgs/px4_msgs/msg/detail/vehicle_roi__struct.hpp\n'}
[1.025744] (px4_msgs) StdoutLine: {'line': b'-- Up-to-date: /home/jmj/pro_asp_ws/ws_px4_controls/install/px4_msgs/include/px4_msgs/px4_msgs/msg/detail/actuator_servos__struct.hpp\n'}
[1.025770] (px4_msgs) StdoutLine: {'line': b'-- Up-to-date: /home/jmj/pro_asp_ws/ws_px4_controls/install/px4_msgs/include/px4_msgs/px4_msgs/msg/detail/led_control__traits.hpp\n'}
[1.025806] (px4_msgs) StdoutLine: {'line': b'-- Up-to-date: /home/jmj/pro_asp_ws/ws_px4_controls/install/px4_msgs/include/px4_msgs/px4_msgs/msg/detail/sensor_correction__type_support.hpp\n'}
[1.025840] (px4_msgs) StdoutLine: {'line': b'-- Up-to-date: /home/jmj/pro_asp_ws/ws_px4_controls/install/px4_msgs/include/px4_msgs/px4_msgs/msg/detail/autotune_attitude_control_status__struct.hpp\n'}
[1.025873] (px4_msgs) StdoutLine: {'line': b'-- Up-to-date: /home/jmj/pro_asp_ws/ws_px4_controls/install/px4_msgs/include/px4_msgs/px4_msgs/msg/detail/estimator_status_flags__struct.hpp\n'}
[1.025896] (px4_msgs) StdoutLine: {'line': b'-- Up-to-date: /home/jmj/pro_asp_ws/ws_px4_controls/install/px4_msgs/include/px4_msgs/px4_msgs/msg/detail/wind__builder.hpp\n'}
[1.025919] (px4_msgs) StdoutLine: {'line': b'-- Up-to-date: /home/jmj/pro_asp_ws/ws_px4_controls/install/px4_msgs/include/px4_msgs/px4_msgs/msg/detail/landing_gear_wheel__traits.hpp\n'}
[1.025941] (px4_msgs) StdoutLine: {'line': b'-- Up-to-date: /home/jmj/pro_asp_ws/ws_px4_controls/install/px4_msgs/include/px4_msgs/px4_msgs/msg/detail/gps_inject_data__struct.hpp\n'}
[1.025970] (px4_msgs) StdoutLine: {'line': b'-- Up-to-date: /home/jmj/pro_asp_ws/ws_px4_controls/install/px4_msgs/include/px4_msgs/px4_msgs/msg/detail/sensor_gnss_relative__traits.hpp\n'}
[1.025991] (px4_msgs) StdoutLine: {'line': b'-- Up-to-date: /home/jmj/pro_asp_ws/ws_px4_controls/install/px4_msgs/include/px4_msgs/px4_msgs/msg/detail/sensor_baro__builder.hpp\n'}
[1.026012] (px4_msgs) StdoutLine: {'line': b'-- Up-to-date: /home/jmj/pro_asp_ws/ws_px4_controls/install/px4_msgs/include/px4_msgs/px4_msgs/msg/detail/fixed_wing_lateral_setpoint__builder.hpp\n'}
[1.026035] (px4_msgs) StdoutLine: {'line': b'-- Up-to-date: /home/jmj/pro_asp_ws/ws_px4_controls/install/px4_msgs/include/px4_msgs/px4_msgs/msg/detail/vehicle_acceleration__builder.hpp\n'}
[1.026057] (px4_msgs) StdoutLine: {'line': b'-- Up-to-date: /home/jmj/pro_asp_ws/ws_px4_controls/install/px4_msgs/include/px4_msgs/px4_msgs/msg/detail/estimator_aid_source2d__type_support.hpp\n'}
[1.026079] (px4_msgs) StdoutLine: {'line': b'-- Up-to-date: /home/jmj/pro_asp_ws/ws_px4_controls/install/px4_msgs/include/px4_msgs/px4_msgs/msg/detail/actuator_test__builder.hpp\n'}
[1.026103] (px4_msgs) StdoutLine: {'line': b'-- Up-to-date: /home/jmj/pro_asp_ws/ws_px4_controls/install/px4_msgs/include/px4_msgs/px4_msgs/msg/detail/rtl_time_estimate__type_support.hpp\n'}
[1.026124] (px4_msgs) StdoutLine: {'line': b'-- Up-to-date: /home/jmj/pro_asp_ws/ws_px4_controls/install/px4_msgs/include/px4_msgs/px4_msgs/msg/detail/yaw_estimator_status__struct.hpp\n'}
[1.026145] (px4_msgs) StdoutLine: {'line': b'-- Up-to-date: /home/jmj/pro_asp_ws/ws_px4_controls/install/px4_msgs/include/px4_msgs/px4_msgs/msg/detail/adc_report__traits.hpp\n'}
[1.026166] (px4_msgs) StdoutLine: {'line': b'-- Up-to-date: /home/jmj/pro_asp_ws/ws_px4_controls/install/px4_msgs/include/px4_msgs/px4_msgs/msg/detail/magnetometer_bias_estimate__builder.hpp\n'}
[1.026187] (px4_msgs) StdoutLine: {'line': b'-- Up-to-date: /home/jmj/pro_asp_ws/ws_px4_controls/install/px4_msgs/include/px4_msgs/px4_msgs/msg/detail/register_ext_component_request__builder.hpp\n'}
[1.026209] (px4_msgs) StdoutLine: {'line': b'-- Up-to-date: /home/jmj/pro_asp_ws/ws_px4_controls/install/px4_msgs/include/px4_msgs/px4_msgs/msg/detail/position_setpoint__struct.hpp\n'}
[1.026233] (px4_msgs) StdoutLine: {'line': b'-- Up-to-date: /home/jmj/pro_asp_ws/ws_px4_controls/install/px4_msgs/include/px4_msgs/px4_msgs/msg/detail/estimator_status__traits.hpp\n'}
[1.026255] (px4_msgs) StdoutLine: {'line': b'-- Up-to-date: /home/jmj/pro_asp_ws/ws_px4_controls/install/px4_msgs/include/px4_msgs/px4_msgs/msg/detail/offboard_control_mode__type_support.hpp\n'}
[1.026276] (px4_msgs) StdoutLine: {'line': b'-- Up-to-date: /home/jmj/pro_asp_ws/ws_px4_controls/install/px4_msgs/include/px4_msgs/px4_msgs/msg/detail/tune_control__builder.hpp\n'}
[1.026297] (px4_msgs) StdoutLine: {'line': b'-- Up-to-date: /home/jmj/pro_asp_ws/ws_px4_controls/install/px4_msgs/include/px4_msgs/px4_msgs/msg/detail/position_controller_landing_status__builder.hpp\n'}
[1.026319] (px4_msgs) StdoutLine: {'line': b'-- Up-to-date: /home/jmj/pro_asp_ws/ws_px4_controls/install/px4_msgs/include/px4_msgs/px4_msgs/msg/detail/open_drone_id_self_id__type_support.hpp\n'}
[1.026341] (px4_msgs) StdoutLine: {'line': b'-- Up-to-date: /home/jmj/pro_asp_ws/ws_px4_controls/install/px4_msgs/include/px4_msgs/px4_msgs/msg/detail/sensors_status_imu__type_support.hpp\n'}
[1.026362] (px4_msgs) StdoutLine: {'line': b'-- Up-to-date: /home/jmj/pro_asp_ws/ws_px4_controls/install/px4_msgs/include/px4_msgs/px4_msgs/msg/detail/input_rc__struct.hpp\n'}
[1.026383] (px4_msgs) StdoutLine: {'line': b'-- Up-to-date: /home/jmj/pro_asp_ws/ws_px4_controls/install/px4_msgs/include/px4_msgs/px4_msgs/msg/detail/follow_target_status__builder.hpp\n'}
[1.026408] (px4_msgs) StdoutLine: {'line': b'-- Up-to-date: /home/jmj/pro_asp_ws/ws_px4_controls/install/px4_msgs/include/px4_msgs/px4_msgs/msg/detail/vehicle_status__builder.hpp\n'}
[1.026436] (px4_msgs) StdoutLine: {'line': b'-- Up-to-date: /home/jmj/pro_asp_ws/ws_px4_controls/install/px4_msgs/include/px4_msgs/px4_msgs/msg/detail/vehicle_attitude_setpoint__struct.hpp\n'}
[1.026468] (px4_msgs) StdoutLine: {'line': b'-- Up-to-date: /home/jmj/pro_asp_ws/ws_px4_controls/install/px4_msgs/include/px4_msgs/px4_msgs/msg/detail/takeoff_status__type_support.hpp\n'}
[1.026506] (px4_msgs) StdoutLine: {'line': b'-- Up-to-date: /home/jmj/pro_asp_ws/ws_px4_controls/install/px4_msgs/include/px4_msgs/px4_msgs/msg/detail/position_setpoint_triplet__struct.hpp\n'}
[1.026536] (px4_msgs) StdoutLine: {'line': b'-- Up-to-date: /home/jmj/pro_asp_ws/ws_px4_controls/install/px4_msgs/include/px4_msgs/px4_msgs/msg/detail/vehicle_local_position_setpoint__struct.hpp\n'}
[1.026568] (px4_msgs) StdoutLine: {'line': b'-- Up-to-date: /home/jmj/pro_asp_ws/ws_px4_controls/install/px4_msgs/include/px4_msgs/px4_msgs/msg/detail/failure_detector_status__traits.hpp\n'}
[1.026593] (px4_msgs) StdoutLine: {'line': b'-- Up-to-date: /home/jmj/pro_asp_ws/ws_px4_controls/install/px4_msgs/include/px4_msgs/px4_msgs/msg/detail/qshell_req__struct.hpp\n'}
[1.026620] (px4_msgs) StdoutLine: {'line': b'-- Up-to-date: /home/jmj/pro_asp_ws/ws_px4_controls/install/px4_msgs/include/px4_msgs/px4_msgs/msg/detail/rpm__struct.hpp\n'}
[1.026642] (px4_msgs) StdoutLine: {'line': b'-- Up-to-date: /home/jmj/pro_asp_ws/ws_px4_controls/install/px4_msgs/include/px4_msgs/px4_msgs/msg/detail/failsafe_flags__traits.hpp\n'}
[1.026666] (px4_msgs) StdoutLine: {'line': b'-- Up-to-date: /home/jmj/pro_asp_ws/ws_px4_controls/install/px4_msgs/include/px4_msgs/px4_msgs/msg/detail/sensor_accel__builder.hpp\n'}
[1.026687] (px4_msgs) StdoutLine: {'line': b'-- Up-to-date: /home/jmj/pro_asp_ws/ws_px4_controls/install/px4_msgs/include/px4_msgs/px4_msgs/msg/detail/airspeed_validated__struct.hpp\n'}
[1.026714] (px4_msgs) StdoutLine: {'line': b'-- Up-to-date: /home/jmj/pro_asp_ws/ws_px4_controls/install/px4_msgs/include/px4_msgs/px4_msgs/msg/detail/camera_trigger__traits.hpp\n'}
[1.026737] (px4_msgs) StdoutLine: {'line': b'-- Up-to-date: /home/jmj/pro_asp_ws/ws_px4_controls/install/px4_msgs/include/px4_msgs/px4_msgs/msg/detail/debug_value__struct.hpp\n'}
[1.026762] (px4_msgs) StdoutLine: {'line': b'-- Up-to-date: /home/jmj/pro_asp_ws/ws_px4_controls/install/px4_msgs/include/px4_msgs/px4_msgs/msg/detail/hover_thrust_estimate__builder.hpp\n'}
[1.026794] (px4_msgs) StdoutLine: {'line': b'-- Up-to-date: /home/jmj/pro_asp_ws/ws_px4_controls/install/px4_msgs/include/px4_msgs/px4_msgs/msg/detail/vehicle_constraints__traits.hpp\n'}
[1.026821] (px4_msgs) StdoutLine: {'line': b'-- Up-to-date: /home/jmj/pro_asp_ws/ws_px4_controls/install/px4_msgs/include/px4_msgs/px4_msgs/msg/detail/vehicle_angular_velocity__builder.hpp\n'}
[1.026845] (px4_msgs) StdoutLine: {'line': b'-- Up-to-date: /home/jmj/pro_asp_ws/ws_px4_controls/install/px4_msgs/include/px4_msgs/px4_msgs/msg/detail/pps_capture__builder.hpp\n'}
[1.026870] (px4_msgs) StdoutLine: {'line': b'-- Up-to-date: /home/jmj/pro_asp_ws/ws_px4_controls/install/px4_msgs/include/px4_msgs/px4_msgs/msg/detail/actuator_motors__type_support.hpp\n'}
[1.026893] (px4_msgs) StdoutLine: {'line': b'-- Up-to-date: /home/jmj/pro_asp_ws/ws_px4_controls/install/px4_msgs/include/px4_msgs/px4_msgs/msg/detail/rtl_time_estimate__builder.hpp\n'}
[1.026918] (px4_msgs) StdoutLine: {'line': b'-- Up-to-date: /home/jmj/pro_asp_ws/ws_px4_controls/install/px4_msgs/include/px4_msgs/px4_msgs/msg/detail/parameter_set_value_response__traits.hpp\n'}
[1.026940] (px4_msgs) StdoutLine: {'line': b'-- Up-to-date: /home/jmj/pro_asp_ws/ws_px4_controls/install/px4_msgs/include/px4_msgs/px4_msgs/msg/detail/goto_setpoint__builder.hpp\n'}
[1.026974] (px4_msgs) StdoutLine: {'line': b'-- Up-to-date: /home/jmj/pro_asp_ws/ws_px4_controls/install/px4_msgs/include/px4_msgs/px4_msgs/msg/detail/manual_control_setpoint__traits.hpp\n'}
[1.027008] (px4_msgs) StdoutLine: {'line': b'-- Up-to-date: /home/jmj/pro_asp_ws/ws_px4_controls/install/px4_msgs/include/px4_msgs/px4_msgs/msg/detail/estimator_aid_source2d__builder.hpp\n'}
[1.027033] (px4_msgs) StdoutLine: {'line': b'-- Up-to-date: /home/jmj/pro_asp_ws/ws_px4_controls/install/px4_msgs/include/px4_msgs/px4_msgs/msg/detail/open_drone_id_arm_status__traits.hpp\n'}
[1.027070] (px4_msgs) StdoutLine: {'line': b'-- Up-to-date: /home/jmj/pro_asp_ws/ws_px4_controls/install/px4_msgs/include/px4_msgs/px4_msgs/msg/detail/sensor_correction__struct.hpp\n'}
[1.027107] (px4_msgs) StdoutLine: {'line': b'-- Up-to-date: /home/jmj/pro_asp_ws/ws_px4_controls/install/px4_msgs/include/px4_msgs/px4_msgs/msg/detail/wind__traits.hpp\n'}
[1.027138] (px4_msgs) StdoutLine: {'line': b'-- Up-to-date: /home/jmj/pro_asp_ws/ws_px4_controls/install/px4_msgs/include/px4_msgs/px4_msgs/msg/detail/fixed_wing_lateral_setpoint__struct.hpp\n'}
[1.027162] (px4_msgs) StdoutLine: {'line': b'-- Up-to-date: /home/jmj/pro_asp_ws/ws_px4_controls/install/px4_msgs/include/px4_msgs/px4_msgs/msg/detail/gpio_out__struct.hpp\n'}
[1.027188] (px4_msgs) StdoutLine: {'line': b'-- Up-to-date: /home/jmj/pro_asp_ws/ws_px4_controls/install/px4_msgs/include/px4_msgs/px4_msgs/msg/detail/gripper__traits.hpp\n'}
[1.027214] (px4_msgs) StdoutLine: {'line': b'-- Up-to-date: /home/jmj/pro_asp_ws/ws_px4_controls/install/px4_msgs/include/px4_msgs/px4_msgs/msg/detail/fixed_wing_longitudinal_setpoint__struct.hpp\n'}
[1.027238] (px4_msgs) StdoutLine: {'line': b'-- Up-to-date: /home/jmj/pro_asp_ws/ws_px4_controls/install/px4_msgs/include/px4_msgs/px4_msgs/msg/detail/sensor_accel__struct.hpp\n'}
[1.027260] (px4_msgs) StdoutLine: {'line': b'-- Up-to-date: /home/jmj/pro_asp_ws/ws_px4_controls/install/px4_msgs/include/px4_msgs/px4_msgs/msg/detail/distance_sensor_mode_change_request__type_support.hpp\n'}
[1.027295] (px4_msgs) StdoutLine: {'line': b'-- Up-to-date: /home/jmj/pro_asp_ws/ws_px4_controls/install/px4_msgs/include/px4_msgs/px4_msgs/msg/detail/airspeed__type_support.hpp\n'}
[1.027319] (px4_msgs) StdoutLine: {'line': b'-- Up-to-date: /home/jmj/pro_asp_ws/ws_px4_controls/install/px4_msgs/include/px4_msgs/px4_msgs/msg/detail/sensor_preflight_mag__traits.hpp\n'}
[1.027342] (px4_msgs) StdoutLine: {'line': b'-- Up-to-date: /home/jmj/pro_asp_ws/ws_px4_controls/install/px4_msgs/include/px4_msgs/px4_msgs/msg/detail/hover_thrust_estimate__traits.hpp\n'}
[1.027364] (px4_msgs) StdoutLine: {'line': b'-- Up-to-date: /home/jmj/pro_asp_ws/ws_px4_controls/install/px4_msgs/include/px4_msgs/px4_msgs/msg/detail/failsafe_flags__struct.hpp\n'}
[1.027384] (px4_msgs) StdoutLine: {'line': b'-- Up-to-date: /home/jmj/pro_asp_ws/ws_px4_controls/install/px4_msgs/include/px4_msgs/px4_msgs/msg/detail/gimbal_device_information__traits.hpp\n'}
[1.027406] (px4_msgs) StdoutLine: {'line': b'-- Up-to-date: /home/jmj/pro_asp_ws/ws_px4_controls/install/px4_msgs/include/px4_msgs/px4_msgs/msg/detail/esc_report__traits.hpp\n'}
[1.027428] (px4_msgs) StdoutLine: {'line': b'-- Up-to-date: /home/jmj/pro_asp_ws/ws_px4_controls/install/px4_msgs/include/px4_msgs/px4_msgs/msg/detail/home_position__type_support.hpp\n'}
[1.027454] (px4_msgs) StdoutLine: {'line': b'-- Up-to-date: /home/jmj/pro_asp_ws/ws_px4_controls/install/px4_msgs/include/px4_msgs/px4_msgs/msg/detail/manual_control_setpoint__struct.hpp\n'}
[1.027486] (px4_msgs) StdoutLine: {'line': b'-- Up-to-date: /home/jmj/pro_asp_ws/ws_px4_controls/install/px4_msgs/include/px4_msgs/px4_msgs/msg/detail/debug_vect__type_support.hpp\n'}
[1.027520] (px4_msgs) StdoutLine: {'line': b'-- Up-to-date: /home/jmj/pro_asp_ws/ws_px4_controls/install/px4_msgs/include/px4_msgs/px4_msgs/msg/detail/mount_orientation__traits.hpp\n'}
[1.027551] (px4_msgs) StdoutLine: {'line': b'-- Up-to-date: /home/jmj/pro_asp_ws/ws_px4_controls/install/px4_msgs/include/px4_msgs/px4_msgs/msg/detail/orb_test_large__builder.hpp\n'}
[1.027582] (px4_msgs) StdoutLine: {'line': b'-- Up-to-date: /home/jmj/pro_asp_ws/ws_px4_controls/install/px4_msgs/include/px4_msgs/px4_msgs/msg/detail/rc_channels__struct.hpp\n'}
[1.027603] (px4_msgs) StdoutLine: {'line': b'-- Up-to-date: /home/jmj/pro_asp_ws/ws_px4_controls/install/px4_msgs/include/px4_msgs/px4_msgs/msg/detail/vtol_vehicle_status__traits.hpp\n'}
[1.027625] (px4_msgs) StdoutLine: {'line': b'-- Up-to-date: /home/jmj/pro_asp_ws/ws_px4_controls/install/px4_msgs/include/px4_msgs/px4_msgs/msg/detail/rpm__type_support.hpp\n'}
[1.027647] (px4_msgs) StdoutLine: {'line': b'-- Up-to-date: /home/jmj/pro_asp_ws/ws_px4_controls/install/px4_msgs/include/px4_msgs/px4_msgs/msg/detail/power_button_state__type_support.hpp\n'}
[1.027669] (px4_msgs) StdoutLine: {'line': b'-- Up-to-date: /home/jmj/pro_asp_ws/ws_px4_controls/install/px4_msgs/include/px4_msgs/px4_msgs/msg/detail/message_format_response__type_support.hpp\n'}
[1.027693] (px4_msgs) StdoutLine: {'line': b'-- Up-to-date: /home/jmj/pro_asp_ws/ws_px4_controls/install/px4_msgs/include/px4_msgs/px4_msgs/msg/detail/power_button_state__traits.hpp\n'}
[1.027719] (px4_msgs) StdoutLine: {'line': b'-- Up-to-date: /home/jmj/pro_asp_ws/ws_px4_controls/install/px4_msgs/include/px4_msgs/px4_msgs/msg/detail/camera_status__type_support.hpp\n'}
[1.027745] (px4_msgs) StdoutLine: {'line': b'-- Up-to-date: /home/jmj/pro_asp_ws/ws_px4_controls/install/px4_msgs/include/px4_msgs/px4_msgs/msg/detail/vehicle_optical_flow__traits.hpp\n'}
[1.027859] (px4_msgs) StdoutLine: {'line': b'-- Up-to-date: /home/jmj/pro_asp_ws/ws_px4_controls/install/px4_msgs/include/px4_msgs/px4_msgs/msg/detail/generator_status__struct.hpp\n'}
[1.027898] (px4_msgs) StdoutLine: {'line': b'-- Up-to-date: /home/jmj/pro_asp_ws/ws_px4_controls/install/px4_msgs/include/px4_msgs/px4_msgs/msg/detail/home_position__traits.hpp\n'}
[1.027924] (px4_msgs) StdoutLine: {'line': b'-- Up-to-date: /home/jmj/pro_asp_ws/ws_px4_controls/install/px4_msgs/include/px4_msgs/px4_msgs/msg/detail/satellite_info__builder.hpp\n'}
[1.027954] (px4_msgs) StdoutLine: {'line': b'-- Up-to-date: /home/jmj/pro_asp_ws/ws_px4_controls/install/px4_msgs/include/px4_msgs/px4_msgs/msg/detail/message_format_request__struct.hpp\n'}
[1.027981] (px4_msgs) StdoutLine: {'line': b'-- Up-to-date: /home/jmj/pro_asp_ws/ws_px4_controls/install/px4_msgs/include/px4_msgs/px4_msgs/msg/detail/hover_thrust_estimate__struct.hpp\n'}
[1.028016] (px4_msgs) StdoutLine: {'line': b'-- Up-to-date: /home/jmj/pro_asp_ws/ws_px4_controls/install/px4_msgs/include/px4_msgs/px4_msgs/msg/detail/fuel_tank_status__struct.hpp\n'}
[1.028054] (px4_msgs) StdoutLine: {'line': b'-- Up-to-date: /home/jmj/pro_asp_ws/ws_px4_controls/install/px4_msgs/include/px4_msgs/px4_msgs/msg/detail/vehicle_command__builder.hpp\n'}
[1.028082] (px4_msgs) StdoutLine: {'line': b'-- Up-to-date: /home/jmj/pro_asp_ws/ws_px4_controls/install/px4_msgs/include/px4_msgs/px4_msgs/msg/detail/sensor_gyro__builder.hpp\n'}
[1.028105] (px4_msgs) StdoutLine: {'line': b'-- Up-to-date: /home/jmj/pro_asp_ws/ws_px4_controls/install/px4_msgs/include/px4_msgs/px4_msgs/msg/detail/vehicle_rates_setpoint__traits.hpp\n'}
[1.028131] (px4_msgs) StdoutLine: {'line': b'-- Up-to-date: /home/jmj/pro_asp_ws/ws_px4_controls/install/px4_msgs/include/px4_msgs/px4_msgs/msg/detail/internal_combustion_engine_control__struct.hpp\n'}
[1.028163] (px4_msgs) StdoutLine: {'line': b'-- Up-to-date: /home/jmj/pro_asp_ws/ws_px4_controls/install/px4_msgs/include/px4_msgs/px4_msgs/msg/detail/vehicle_global_position__struct.hpp\n'}
[1.028196] (px4_msgs) StdoutLine: {'line': b'-- Up-to-date: /home/jmj/pro_asp_ws/ws_px4_controls/install/px4_msgs/include/px4_msgs/px4_msgs/msg/detail/mode_completed__type_support.hpp\n'}
[1.028230] (px4_msgs) StdoutLine: {'line': b'-- Up-to-date: /home/jmj/pro_asp_ws/ws_px4_controls/install/px4_msgs/include/px4_msgs/px4_msgs/msg/detail/landing_gear__traits.hpp\n'}
[1.028263] (px4_msgs) StdoutLine: {'line': b'-- Up-to-date: /home/jmj/pro_asp_ws/ws_px4_controls/install/px4_msgs/include/px4_msgs/px4_msgs/msg/detail/vehicle_attitude__type_support.hpp\n'}
[1.028287] (px4_msgs) StdoutLine: {'line': b'-- Up-to-date: /home/jmj/pro_asp_ws/ws_px4_controls/install/px4_msgs/include/px4_msgs/px4_msgs/msg/detail/gps_inject_data__builder.hpp\n'}
[1.028309] (px4_msgs) StdoutLine: {'line': b'-- Up-to-date: /home/jmj/pro_asp_ws/ws_px4_controls/install/px4_msgs/include/px4_msgs/px4_msgs/msg/detail/arming_check_request__builder.hpp\n'}
[1.028331] (px4_msgs) StdoutLine: {'line': b'-- Up-to-date: /home/jmj/pro_asp_ws/ws_px4_controls/install/px4_msgs/include/px4_msgs/px4_msgs/msg/detail/debug_array__traits.hpp\n'}
[1.028363] (px4_msgs) StdoutLine: {'line': b'-- Up-to-date: /home/jmj/pro_asp_ws/ws_px4_controls/install/px4_msgs/include/px4_msgs/px4_msgs/msg/detail/estimator_status__type_support.hpp\n'}
[1.028397] (px4_msgs) StdoutLine: {'line': b'-- Up-to-date: /home/jmj/pro_asp_ws/ws_px4_controls/install/px4_msgs/include/px4_msgs/px4_msgs/msg/detail/geofence_status__type_support.hpp\n'}
[1.028433] (px4_msgs) StdoutLine: {'line': b'-- Up-to-date: /home/jmj/pro_asp_ws/ws_px4_controls/install/px4_msgs/include/px4_msgs/px4_msgs/msg/detail/camera_status__struct.hpp\n'}
[1.028462] (px4_msgs) StdoutLine: {'line': b'-- Up-to-date: /home/jmj/pro_asp_ws/ws_px4_controls/install/px4_msgs/include/px4_msgs/px4_msgs/msg/detail/position_setpoint_triplet__type_support.hpp\n'}
[1.028485] (px4_msgs) StdoutLine: {'line': b'-- Up-to-date: /home/jmj/pro_asp_ws/ws_px4_controls/install/px4_msgs/include/px4_msgs/px4_msgs/msg/detail/vehicle_optical_flow_vel__type_support.hpp\n'}
[1.028511] (px4_msgs) StdoutLine: {'line': b'-- Up-to-date: /home/jmj/pro_asp_ws/ws_px4_controls/install/px4_msgs/include/px4_msgs/px4_msgs/msg/detail/led_control__struct.hpp\n'}
[1.028532] (px4_msgs) StdoutLine: {'line': b'-- Up-to-date: /home/jmj/pro_asp_ws/ws_px4_controls/install/px4_msgs/include/px4_msgs/px4_msgs/msg/detail/sensor_accel_fifo__struct.hpp\n'}
[1.028554] (px4_msgs) StdoutLine: {'line': b'-- Up-to-date: /home/jmj/pro_asp_ws/ws_px4_controls/install/px4_msgs/include/px4_msgs/px4_msgs/msg/detail/rover_steering_setpoint__type_support.hpp\n'}
[1.028575] (px4_msgs) StdoutLine: {'line': b'-- Up-to-date: /home/jmj/pro_asp_ws/ws_px4_controls/install/px4_msgs/include/px4_msgs/px4_msgs/msg/detail/task_stack_info__builder.hpp\n'}
[1.028597] (px4_msgs) StdoutLine: {'line': b'-- Up-to-date: /home/jmj/pro_asp_ws/ws_px4_controls/install/px4_msgs/include/px4_msgs/px4_msgs/msg/detail/esc_status__traits.hpp\n'}
[1.028618] (px4_msgs) StdoutLine: {'line': b'-- Up-to-date: /home/jmj/pro_asp_ws/ws_px4_controls/install/px4_msgs/include/px4_msgs/px4_msgs/msg/detail/fixed_wing_lateral_status__type_support.hpp\n'}
[1.028646] (px4_msgs) StdoutLine: {'line': b'-- Up-to-date: /home/jmj/pro_asp_ws/ws_px4_controls/install/px4_msgs/include/px4_msgs/px4_msgs/msg/detail/parameter_set_used_request__struct.hpp\n'}
[1.028681] (px4_msgs) StdoutLine: {'line': b'-- Up-to-date: /home/jmj/pro_asp_ws/ws_px4_controls/install/px4_msgs/include/px4_msgs/px4_msgs/msg/detail/mag_worker_data__struct.hpp\n'}
[1.028718] (px4_msgs) StdoutLine: {'line': b'-- Up-to-date: /home/jmj/pro_asp_ws/ws_px4_controls/install/px4_msgs/include/px4_msgs/px4_msgs/msg/detail/gpio_in__struct.hpp\n'}
[1.028746] (px4_msgs) StdoutLine: {'line': b'-- Up-to-date: /home/jmj/pro_asp_ws/ws_px4_controls/install/px4_msgs/include/px4_msgs/px4_msgs/msg/detail/system_power__builder.hpp\n'}
[1.028773] (px4_msgs) StdoutLine: {'line': b'-- Up-to-date: /home/jmj/pro_asp_ws/ws_px4_controls/install/px4_msgs/include/px4_msgs/px4_msgs/msg/detail/gimbal_manager_set_manual_control__builder.hpp\n'}
[1.028800] (px4_msgs) StdoutLine: {'line': b'-- Up-to-date: /home/jmj/pro_asp_ws/ws_px4_controls/install/px4_msgs/include/px4_msgs/px4_msgs/msg/detail/gimbal_manager_set_attitude__type_support.hpp\n'}
[1.028826] (px4_msgs) StdoutLine: {'line': b'-- Up-to-date: /home/jmj/pro_asp_ws/ws_px4_controls/install/px4_msgs/include/px4_msgs/px4_msgs/msg/detail/vehicle_magnetometer__struct.hpp\n'}
[1.028859] (px4_msgs) StdoutLine: {'line': b'-- Up-to-date: /home/jmj/pro_asp_ws/ws_px4_controls/install/px4_msgs/include/px4_msgs/px4_msgs/msg/detail/differential_pressure__type_support.hpp\n'}
[1.028889] (px4_msgs) StdoutLine: {'line': b'-- Up-to-date: /home/jmj/pro_asp_ws/ws_px4_controls/install/px4_msgs/include/px4_msgs/px4_msgs/msg/detail/onboard_computer_status__traits.hpp\n'}
[1.028914] (px4_msgs) StdoutLine: {'line': b'-- Up-to-date: /home/jmj/pro_asp_ws/ws_px4_controls/install/px4_msgs/include/px4_msgs/px4_msgs/msg/detail/rtl_status__type_support.hpp\n'}
[1.028949] (px4_msgs) StdoutLine: {'line': b'-- Up-to-date: /home/jmj/pro_asp_ws/ws_px4_controls/install/px4_msgs/include/px4_msgs/px4_msgs/msg/detail/unregister_ext_component__struct.hpp\n'}
[1.028974] (px4_msgs) StdoutLine: {'line': b'-- Up-to-date: /home/jmj/pro_asp_ws/ws_px4_controls/install/px4_msgs/include/px4_msgs/px4_msgs/msg/detail/orbit_status__struct.hpp\n'}
[1.028997] (px4_msgs) StdoutLine: {'line': b'-- Up-to-date: /home/jmj/pro_asp_ws/ws_px4_controls/install/px4_msgs/include/px4_msgs/px4_msgs/msg/detail/magnetometer_bias_estimate__type_support.hpp\n'}
[1.029019] (px4_msgs) StdoutLine: {'line': b'-- Up-to-date: /home/jmj/pro_asp_ws/ws_px4_controls/install/px4_msgs/include/px4_msgs/px4_msgs/msg/detail/qshell_req__builder.hpp\n'}
[1.029041] (px4_msgs) StdoutLine: {'line': b'-- Up-to-date: /home/jmj/pro_asp_ws/ws_px4_controls/install/px4_msgs/include/px4_msgs/px4_msgs/msg/detail/actuator_servos__type_support.hpp\n'}
[1.029064] (px4_msgs) StdoutLine: {'line': b'-- Up-to-date: /home/jmj/pro_asp_ws/ws_px4_controls/install/px4_msgs/include/px4_msgs/px4_msgs/msg/detail/vehicle_control_mode__traits.hpp\n'}
[1.029088] (px4_msgs) StdoutLine: {'line': b'-- Up-to-date: /home/jmj/pro_asp_ws/ws_px4_controls/install/px4_msgs/include/px4_msgs/px4_msgs/msg/detail/fixed_wing_longitudinal_setpoint__type_support.hpp\n'}
[1.029119] (px4_msgs) StdoutLine: {'line': b'-- Up-to-date: /home/jmj/pro_asp_ws/ws_px4_controls/install/px4_msgs/include/px4_msgs/px4_msgs/msg/detail/sensors_status__builder.hpp\n'}
[1.029153] (px4_msgs) StdoutLine: {'line': b'-- Up-to-date: /home/jmj/pro_asp_ws/ws_px4_controls/install/px4_msgs/include/px4_msgs/px4_msgs/msg/detail/sensor_optical_flow__traits.hpp\n'}
[1.029179] (px4_msgs) StdoutLine: {'line': b'-- Up-to-date: /home/jmj/pro_asp_ws/ws_px4_controls/install/px4_msgs/include/px4_msgs/px4_msgs/msg/detail/vehicle_control_mode__type_support.hpp\n'}
[1.029203] (px4_msgs) StdoutLine: {'line': b'-- Up-to-date: /home/jmj/pro_asp_ws/ws_px4_controls/install/px4_msgs/include/px4_msgs/px4_msgs/msg/detail/vehicle_air_data__builder.hpp\n'}
[1.029227] (px4_msgs) StdoutLine: {'line': b'-- Up-to-date: /home/jmj/pro_asp_ws/ws_px4_controls/install/px4_msgs/include/px4_msgs/px4_msgs/msg/detail/vehicle_attitude_setpoint__type_support.hpp\n'}
[1.029250] (px4_msgs) StdoutLine: {'line': b'-- Up-to-date: /home/jmj/pro_asp_ws/ws_px4_controls/install/px4_msgs/include/px4_msgs/px4_msgs/msg/detail/power_monitor__traits.hpp\n'}
[1.029273] (px4_msgs) StdoutLine: {'line': b'-- Up-to-date: /home/jmj/pro_asp_ws/ws_px4_controls/install/px4_msgs/include/px4_msgs/px4_msgs/msg/detail/vehicle_command_ack__traits.hpp\n'}
[1.029296] (px4_msgs) StdoutLine: {'line': b'-- Up-to-date: /home/jmj/pro_asp_ws/ws_px4_controls/install/px4_msgs/include/px4_msgs/px4_msgs/msg/detail/estimator_event_flags__traits.hpp\n'}
[1.029326] (px4_msgs) StdoutLine: {'line': b'-- Up-to-date: /home/jmj/pro_asp_ws/ws_px4_controls/install/px4_msgs/include/px4_msgs/px4_msgs/msg/detail/pwm_input__builder.hpp\n'}
[1.029349] (px4_msgs) StdoutLine: {'line': b'-- Up-to-date: /home/jmj/pro_asp_ws/ws_px4_controls/install/px4_msgs/include/px4_msgs/px4_msgs/msg/detail/orbit_status__type_support.hpp\n'}
[1.029371] (px4_msgs) StdoutLine: {'line': b'-- Up-to-date: /home/jmj/pro_asp_ws/ws_px4_controls/install/px4_msgs/include/px4_msgs/px4_msgs/msg/detail/follow_target__struct.hpp\n'}
[1.029399] (px4_msgs) StdoutLine: {'line': b'-- Up-to-date: /home/jmj/pro_asp_ws/ws_px4_controls/install/px4_msgs/include/px4_msgs/px4_msgs/msg/detail/landing_target_pose__struct.hpp\n'}
[1.029424] (px4_msgs) StdoutLine: {'line': b'-- Up-to-date: /home/jmj/pro_asp_ws/ws_px4_controls/install/px4_msgs/include/px4_msgs/px4_msgs/msg/detail/trajectory_setpoint6dof__struct.hpp\n'}
[1.029448] (px4_msgs) StdoutLine: {'line': b'-- Up-to-date: /home/jmj/pro_asp_ws/ws_px4_controls/install/px4_msgs/include/px4_msgs/px4_msgs/msg/detail/cellular_status__builder.hpp\n'}
[1.029474] (px4_msgs) StdoutLine: {'line': b'-- Up-to-date: /home/jmj/pro_asp_ws/ws_px4_controls/install/px4_msgs/include/px4_msgs/px4_msgs/msg/detail/mavlink_tunnel__builder.hpp\n'}
[1.029499] (px4_msgs) StdoutLine: {'line': b'-- Up-to-date: /home/jmj/pro_asp_ws/ws_px4_controls/install/px4_msgs/include/px4_msgs/px4_msgs/msg/detail/px4io_status__type_support.hpp\n'}
[1.029535] (px4_msgs) StdoutLine: {'line': b'-- Up-to-date: /home/jmj/pro_asp_ws/ws_px4_controls/install/px4_msgs/include/px4_msgs/px4_msgs/msg/detail/camera_trigger__type_support.hpp\n'}
[1.029568] (px4_msgs) StdoutLine: {'line': b'-- Up-to-date: /home/jmj/pro_asp_ws/ws_px4_controls/install/px4_msgs/include/px4_msgs/px4_msgs/msg/detail/camera_capture__builder.hpp\n'}
[1.029603] (px4_msgs) StdoutLine: {'line': b'-- Up-to-date: /home/jmj/pro_asp_ws/ws_px4_controls/install/px4_msgs/include/px4_msgs/px4_msgs/msg/detail/vehicle_torque_setpoint__type_support.hpp\n'}
[1.029635] (px4_msgs) StdoutLine: {'line': b'-- Up-to-date: /home/jmj/pro_asp_ws/ws_px4_controls/install/px4_msgs/include/px4_msgs/px4_msgs/msg/detail/flight_phase_estimation__traits.hpp\n'}
[1.029657] (px4_msgs) StdoutLine: {'line': b'-- Up-to-date: /home/jmj/pro_asp_ws/ws_px4_controls/install/px4_msgs/include/px4_msgs/px4_msgs/msg/detail/vehicle_local_position_setpoint__type_support.hpp\n'}
[1.029680] (px4_msgs) StdoutLine: {'line': b'-- Up-to-date: /home/jmj/pro_asp_ws/ws_px4_controls/install/px4_msgs/include/px4_msgs/px4_msgs/msg/detail/landing_target_pose__builder.hpp\n'}
[1.029702] (px4_msgs) StdoutLine: {'line': b'-- Up-to-date: /home/jmj/pro_asp_ws/ws_px4_controls/install/px4_msgs/include/px4_msgs/px4_msgs/msg/detail/arming_check_request__traits.hpp\n'}
[1.029725] (px4_msgs) StdoutLine: {'line': b'-- Up-to-date: /home/jmj/pro_asp_ws/ws_px4_controls/install/px4_msgs/include/px4_msgs/px4_msgs/msg/detail/actuator_outputs__builder.hpp\n'}
[1.029747] (px4_msgs) StdoutLine: {'line': b'-- Up-to-date: /home/jmj/pro_asp_ws/ws_px4_controls/install/px4_msgs/include/px4_msgs/px4_msgs/msg/detail/gimbal_device_attitude_status__builder.hpp\n'}
[1.029772] (px4_msgs) StdoutLine: {'line': b'-- Up-to-date: /home/jmj/pro_asp_ws/ws_px4_controls/install/px4_msgs/include/px4_msgs/px4_msgs/msg/detail/sensor_selection__builder.hpp\n'}
[1.029799] (px4_msgs) StdoutLine: {'line': b'-- Up-to-date: /home/jmj/pro_asp_ws/ws_px4_controls/install/px4_msgs/include/px4_msgs/px4_msgs/msg/detail/uavcan_parameter_value__traits.hpp\n'}
[1.029821] (px4_msgs) StdoutLine: {'line': b'-- Up-to-date: /home/jmj/pro_asp_ws/ws_px4_controls/install/px4_msgs/include/px4_msgs/px4_msgs/msg/detail/wheel_encoders__type_support.hpp\n'}
[1.029842] (px4_msgs) StdoutLine: {'line': b'-- Up-to-date: /home/jmj/pro_asp_ws/ws_px4_controls/install/px4_msgs/include/px4_msgs/px4_msgs/msg/detail/vehicle_imu__traits.hpp\n'}
[1.029869] (px4_msgs) StdoutLine: {'line': b'-- Up-to-date: /home/jmj/pro_asp_ws/ws_px4_controls/install/px4_msgs/include/px4_msgs/px4_msgs/msg/detail/estimator_event_flags__type_support.hpp\n'}
[1.029895] (px4_msgs) StdoutLine: {'line': b'-- Up-to-date: /home/jmj/pro_asp_ws/ws_px4_controls/install/px4_msgs/include/px4_msgs/px4_msgs/msg/detail/normalized_unsigned_setpoint__struct.hpp\n'}
[1.029919] (px4_msgs) StdoutLine: {'line': b'-- Up-to-date: /home/jmj/pro_asp_ws/ws_px4_controls/install/px4_msgs/include/px4_msgs/px4_msgs/msg/detail/logger_status__struct.hpp\n'}
[1.029941] (px4_msgs) StdoutLine: {'line': b'-- Up-to-date: /home/jmj/pro_asp_ws/ws_px4_controls/install/px4_msgs/include/px4_msgs/px4_msgs/msg/detail/sensor_gps__traits.hpp\n'}
[1.029969] (px4_msgs) StdoutLine: {'line': b'-- Up-to-date: /home/jmj/pro_asp_ws/ws_px4_controls/install/px4_msgs/include/px4_msgs/px4_msgs/msg/detail/vehicle_command__traits.hpp\n'}
[1.029991] (px4_msgs) StdoutLine: {'line': b'-- Up-to-date: /home/jmj/pro_asp_ws/ws_px4_controls/install/px4_msgs/include/px4_msgs/px4_msgs/msg/detail/uavcan_parameter_request__struct.hpp\n'}
[1.030014] (px4_msgs) StdoutLine: {'line': b'-- Up-to-date: /home/jmj/pro_asp_ws/ws_px4_controls/install/px4_msgs/include/px4_msgs/px4_msgs/msg/detail/vehicle_roi__type_support.hpp\n'}
[1.030036] (px4_msgs) StdoutLine: {'line': b'-- Up-to-date: /home/jmj/pro_asp_ws/ws_px4_controls/install/px4_msgs/include/px4_msgs/px4_msgs/msg/detail/rover_steering_setpoint__struct.hpp\n'}
[1.030058] (px4_msgs) StdoutLine: {'line': b'-- Up-to-date: /home/jmj/pro_asp_ws/ws_px4_controls/install/px4_msgs/include/px4_msgs/px4_msgs/msg/detail/estimator_status__struct.hpp\n'}
[1.030082] (px4_msgs) StdoutLine: {'line': b'-- Up-to-date: /home/jmj/pro_asp_ws/ws_px4_controls/install/px4_msgs/include/px4_msgs/px4_msgs/msg/detail/rc_channels__traits.hpp\n'}
[1.030111] (px4_msgs) StdoutLine: {'line': b'-- Up-to-date: /home/jmj/pro_asp_ws/ws_px4_controls/install/px4_msgs/include/px4_msgs/px4_msgs/msg/detail/distance_sensor__builder.hpp\n'}
[1.030146] (px4_msgs) StdoutLine: {'line': b'-- Up-to-date: /home/jmj/pro_asp_ws/ws_px4_controls/install/px4_msgs/include/px4_msgs/px4_msgs/msg/detail/sensor_gyro__type_support.hpp\n'}
[1.030182] (px4_msgs) StdoutLine: {'line': b'-- Up-to-date: /home/jmj/pro_asp_ws/ws_px4_controls/install/px4_msgs/include/px4_msgs/px4_msgs/msg/detail/manual_control_setpoint__builder.hpp\n'}
[1.030217] (px4_msgs) StdoutLine: {'line': b'-- Up-to-date: /home/jmj/pro_asp_ws/ws_px4_controls/install/px4_msgs/include/px4_msgs/px4_msgs/msg/detail/estimator_aid_source2d__struct.hpp\n'}
[1.030248] (px4_msgs) StdoutLine: {'line': b'-- Up-to-date: /home/jmj/pro_asp_ws/ws_px4_controls/install/px4_msgs/include/px4_msgs/px4_msgs/msg/detail/actuator_armed__traits.hpp\n'}
[1.030274] (px4_msgs) StdoutLine: {'line': b'-- Up-to-date: /home/jmj/pro_asp_ws/ws_px4_controls/install/px4_msgs/include/px4_msgs/px4_msgs/msg/detail/message_format_response__struct.hpp\n'}
[1.030297] (px4_msgs) StdoutLine: {'line': b'-- Up-to-date: /home/jmj/pro_asp_ws/ws_px4_controls/install/px4_msgs/include/px4_msgs/px4_msgs/msg/detail/tecs_status__type_support.hpp\n'}
[1.030324] (px4_msgs) StdoutLine: {'line': b'-- Up-to-date: /home/jmj/pro_asp_ws/ws_px4_controls/install/px4_msgs/include/px4_msgs/px4_msgs/msg/detail/estimator_states__builder.hpp\n'}
[1.030347] (px4_msgs) StdoutLine: {'line': b'-- Up-to-date: /home/jmj/pro_asp_ws/ws_px4_controls/install/px4_msgs/include/px4_msgs/px4_msgs/msg/detail/uavcan_parameter_request__type_support.hpp\n'}
[1.030369] (px4_msgs) StdoutLine: {'line': b'-- Up-to-date: /home/jmj/pro_asp_ws/ws_px4_controls/install/px4_msgs/include/px4_msgs/px4_msgs/msg/detail/log_message__struct.hpp\n'}
[1.030391] (px4_msgs) StdoutLine: {'line': b'-- Up-to-date: /home/jmj/pro_asp_ws/ws_px4_controls/install/px4_msgs/include/px4_msgs/px4_msgs/msg/detail/pure_pursuit_status__type_support.hpp\n'}
[1.030412] (px4_msgs) StdoutLine: {'line': b'-- Up-to-date: /home/jmj/pro_asp_ws/ws_px4_controls/install/px4_msgs/include/px4_msgs/px4_msgs/msg/detail/longitudinal_control_configuration__type_support.hpp\n'}
[1.030434] (px4_msgs) StdoutLine: {'line': b'-- Up-to-date: /home/jmj/pro_asp_ws/ws_px4_controls/install/px4_msgs/include/px4_msgs/px4_msgs/msg/detail/vehicle_land_detected__traits.hpp\n'}
[1.030455] (px4_msgs) StdoutLine: {'line': b'-- Up-to-date: /home/jmj/pro_asp_ws/ws_px4_controls/install/px4_msgs/include/px4_msgs/px4_msgs/msg/detail/fixed_wing_longitudinal_setpoint__traits.hpp\n'}
[1.030476] (px4_msgs) StdoutLine: {'line': b'-- Up-to-date: /home/jmj/pro_asp_ws/ws_px4_controls/install/px4_msgs/include/px4_msgs/px4_msgs/msg/detail/mode_completed__struct.hpp\n'}
[1.030497] (px4_msgs) StdoutLine: {'line': b'-- Up-to-date: /home/jmj/pro_asp_ws/ws_px4_controls/install/px4_msgs/include/px4_msgs/px4_msgs/msg/detail/qshell_req__traits.hpp\n'}
[1.030518] (px4_msgs) StdoutLine: {'line': b'-- Up-to-date: /home/jmj/pro_asp_ws/ws_px4_controls/install/px4_msgs/include/px4_msgs/px4_msgs/msg/detail/orbit_status__builder.hpp\n'}
[1.030538] (px4_msgs) StdoutLine: {'line': b'-- Up-to-date: /home/jmj/pro_asp_ws/ws_px4_controls/install/px4_msgs/include/px4_msgs/px4_msgs/msg/detail/sensor_baro__struct.hpp\n'}
[1.030559] (px4_msgs) StdoutLine: {'line': b'-- Up-to-date: /home/jmj/pro_asp_ws/ws_px4_controls/install/px4_msgs/include/px4_msgs/px4_msgs/msg/detail/esc_report__struct.hpp\n'}
[1.030580] (px4_msgs) StdoutLine: {'line': b'-- Up-to-date: /home/jmj/pro_asp_ws/ws_px4_controls/install/px4_msgs/include/px4_msgs/px4_msgs/msg/detail/parameter_set_value_response__struct.hpp\n'}
[1.030601] (px4_msgs) StdoutLine: {'line': b'-- Up-to-date: /home/jmj/pro_asp_ws/ws_px4_controls/install/px4_msgs/include/px4_msgs/px4_msgs/msg/detail/navigator_mission_item__traits.hpp\n'}
[1.030622] (px4_msgs) StdoutLine: {'line': b'-- Up-to-date: /home/jmj/pro_asp_ws/ws_px4_controls/install/px4_msgs/include/px4_msgs/px4_msgs/msg/detail/mavlink_log__builder.hpp\n'}
[1.030643] (px4_msgs) StdoutLine: {'line': b'-- Up-to-date: /home/jmj/pro_asp_ws/ws_px4_controls/install/px4_msgs/include/px4_msgs/px4_msgs/msg/detail/log_message__traits.hpp\n'}
[1.030664] (px4_msgs) StdoutLine: {'line': b'-- Up-to-date: /home/jmj/pro_asp_ws/ws_px4_controls/install/px4_msgs/include/px4_msgs/px4_msgs/msg/detail/onboard_computer_status__struct.hpp\n'}
[1.030684] (px4_msgs) StdoutLine: {'line': b'-- Up-to-date: /home/jmj/pro_asp_ws/ws_px4_controls/install/px4_msgs/include/px4_msgs/px4_msgs/msg/detail/sensor_hygrometer__traits.hpp\n'}
[1.030707] (px4_msgs) StdoutLine: {'line': b'-- Up-to-date: /home/jmj/pro_asp_ws/ws_px4_controls/install/px4_msgs/include/px4_msgs/px4_msgs/msg/detail/rover_throttle_setpoint__traits.hpp\n'}
[1.030728] (px4_msgs) StdoutLine: {'line': b'-- Up-to-date: /home/jmj/pro_asp_ws/ws_px4_controls/install/px4_msgs/include/px4_msgs/px4_msgs/msg/detail/camera_status__traits.hpp\n'}
[1.030749] (px4_msgs) StdoutLine: {'line': b'-- Up-to-date: /home/jmj/pro_asp_ws/ws_px4_controls/install/px4_msgs/include/px4_msgs/px4_msgs/msg/detail/flight_phase_estimation__struct.hpp\n'}
[1.030770] (px4_msgs) StdoutLine: {'line': b'-- Up-to-date: /home/jmj/pro_asp_ws/ws_px4_controls/install/px4_msgs/include/px4_msgs/px4_msgs/msg/detail/rover_rate_setpoint__struct.hpp\n'}
[1.030791] (px4_msgs) StdoutLine: {'line': b'-- Up-to-date: /home/jmj/pro_asp_ws/ws_px4_controls/install/px4_msgs/include/px4_msgs/px4_msgs/msg/detail/yaw_estimator_status__type_support.hpp\n'}
[1.030812] (px4_msgs) StdoutLine: {'line': b'-- Up-to-date: /home/jmj/pro_asp_ws/ws_px4_controls/install/px4_msgs/include/px4_msgs/px4_msgs/msg/detail/goto_setpoint__type_support.hpp\n'}
[1.030833] (px4_msgs) StdoutLine: {'line': b'-- Up-to-date: /home/jmj/pro_asp_ws/ws_px4_controls/install/px4_msgs/include/px4_msgs/px4_msgs/msg/detail/estimator_bias__traits.hpp\n'}
[1.030856] (px4_msgs) StdoutLine: {'line': b'-- Up-to-date: /home/jmj/pro_asp_ws/ws_px4_controls/install/px4_msgs/include/px4_msgs/px4_msgs/msg/detail/sensor_optical_flow__struct.hpp\n'}
[1.030878] (px4_msgs) StdoutLine: {'line': b'-- Up-to-date: /home/jmj/pro_asp_ws/ws_px4_controls/install/px4_msgs/include/px4_msgs/px4_msgs/msg/detail/mission__struct.hpp\n'}
[1.030899] (px4_msgs) StdoutLine: {'line': b'-- Up-to-date: /home/jmj/pro_asp_ws/ws_px4_controls/install/px4_msgs/include/px4_msgs/px4_msgs/msg/detail/gps_inject_data__type_support.hpp\n'}
[1.030923] (px4_msgs) StdoutLine: {'line': b'-- Up-to-date: /home/jmj/pro_asp_ws/ws_px4_controls/install/px4_msgs/include/px4_msgs/px4_msgs/msg/detail/fixed_wing_lateral_guidance_status__struct.hpp\n'}
[1.030946] (px4_msgs) StdoutLine: {'line': b'-- Up-to-date: /home/jmj/pro_asp_ws/ws_px4_controls/install/px4_msgs/include/px4_msgs/px4_msgs/msg/detail/led_control__builder.hpp\n'}
[1.030971] (px4_msgs) StdoutLine: {'line': b'-- Up-to-date: /home/jmj/pro_asp_ws/ws_px4_controls/install/px4_msgs/include/px4_msgs/px4_msgs/msg/detail/goto_setpoint__struct.hpp\n'}
[1.030993] (px4_msgs) StdoutLine: {'line': b'-- Up-to-date: /home/jmj/pro_asp_ws/ws_px4_controls/install/px4_msgs/include/px4_msgs/px4_msgs/msg/detail/open_drone_id_self_id__traits.hpp\n'}
[1.031015] (px4_msgs) StdoutLine: {'line': b'-- Up-to-date: /home/jmj/pro_asp_ws/ws_px4_controls/install/px4_msgs/include/px4_msgs/px4_msgs/msg/detail/gpio_request__type_support.hpp\n'}
[1.031039] (px4_msgs) StdoutLine: {'line': b'-- Up-to-date: /home/jmj/pro_asp_ws/ws_px4_controls/install/px4_msgs/include/px4_msgs/px4_msgs/msg/detail/estimator_aid_source1d__builder.hpp\n'}
[1.031071] (px4_msgs) StdoutLine: {'line': b'-- Up-to-date: /home/jmj/pro_asp_ws/ws_px4_controls/install/px4_msgs/include/px4_msgs/px4_msgs/msg/detail/uavcan_parameter_request__traits.hpp\n'}
[1.031098] (px4_msgs) StdoutLine: {'line': b'-- Up-to-date: /home/jmj/pro_asp_ws/ws_px4_controls/install/px4_msgs/include/px4_msgs/px4_msgs/msg/detail/rover_rate_status__traits.hpp\n'}
[1.031129] (px4_msgs) StdoutLine: {'line': b'-- Up-to-date: /home/jmj/pro_asp_ws/ws_px4_controls/install/px4_msgs/include/px4_msgs/px4_msgs/msg/detail/vehicle_attitude_setpoint__builder.hpp\n'}
[1.031159] (px4_msgs) StdoutLine: {'line': b'-- Up-to-date: /home/jmj/pro_asp_ws/ws_px4_controls/install/px4_msgs/include/px4_msgs/px4_msgs/msg/detail/position_controller_landing_status__type_support.hpp\n'}
[1.031183] (px4_msgs) StdoutLine: {'line': b'-- Up-to-date: /home/jmj/pro_asp_ws/ws_px4_controls/install/px4_msgs/include/px4_msgs/px4_msgs/msg/detail/longitudinal_control_configuration__traits.hpp\n'}
[1.031206] (px4_msgs) StdoutLine: {'line': b'-- Up-to-date: /home/jmj/pro_asp_ws/ws_px4_controls/install/px4_msgs/include/px4_msgs/px4_msgs/msg/detail/orb_test_medium__traits.hpp\n'}
[1.031231] (px4_msgs) StdoutLine: {'line': b'-- Up-to-date: /home/jmj/pro_asp_ws/ws_px4_controls/install/px4_msgs/include/px4_msgs/px4_msgs/msg/detail/sensor_selection__type_support.hpp\n'}
[1.031253] (px4_msgs) StdoutLine: {'line': b'-- Up-to-date: /home/jmj/pro_asp_ws/ws_px4_controls/install/px4_msgs/include/px4_msgs/px4_msgs/msg/detail/gimbal_device_information__builder.hpp\n'}
[1.031278] (px4_msgs) StdoutLine: {'line': b'-- Up-to-date: /home/jmj/pro_asp_ws/ws_px4_controls/install/px4_msgs/include/px4_msgs/px4_msgs/msg/detail/wind__type_support.hpp\n'}
[1.031306] (px4_msgs) StdoutLine: {'line': b'-- Up-to-date: /home/jmj/pro_asp_ws/ws_px4_controls/install/px4_msgs/include/px4_msgs/px4_msgs/msg/detail/actuator_test__struct.hpp\n'}
[1.031331] (px4_msgs) StdoutLine: {'line': b'-- Up-to-date: /home/jmj/pro_asp_ws/ws_px4_controls/install/px4_msgs/include/px4_msgs/px4_msgs/msg/detail/dataman_response__traits.hpp\n'}
[1.031356] (px4_msgs) StdoutLine: {'line': b'-- Up-to-date: /home/jmj/pro_asp_ws/ws_px4_controls/install/px4_msgs/include/px4_msgs/px4_msgs/msg/detail/pwm_input__struct.hpp\n'}
[1.031381] (px4_msgs) StdoutLine: {'line': b'-- Up-to-date: /home/jmj/pro_asp_ws/ws_px4_controls/install/px4_msgs/include/px4_msgs/px4_msgs/msg/detail/esc_report__type_support.hpp\n'}
[1.031406] (px4_msgs) StdoutLine: {'line': b'-- Up-to-date: /home/jmj/pro_asp_ws/ws_px4_controls/install/px4_msgs/include/px4_msgs/px4_msgs/msg/detail/rover_rate_status__type_support.hpp\n'}
[1.031430] (px4_msgs) StdoutLine: {'line': b'-- Up-to-date: /home/jmj/pro_asp_ws/ws_px4_controls/install/px4_msgs/include/px4_msgs/px4_msgs/msg/detail/actuator_controls_status__builder.hpp\n'}
[1.031456] (px4_msgs) StdoutLine: {'line': b'-- Up-to-date: /home/jmj/pro_asp_ws/ws_px4_controls/install/px4_msgs/include/px4_msgs/px4_msgs/msg/detail/gimbal_controls__traits.hpp\n'}
[1.031483] (px4_msgs) StdoutLine: {'line': b'-- Up-to-date: /home/jmj/pro_asp_ws/ws_px4_controls/install/px4_msgs/include/px4_msgs/px4_msgs/msg/detail/vehicle_magnetometer__type_support.hpp\n'}
[1.031508] (px4_msgs) StdoutLine: {'line': b'-- Up-to-date: /home/jmj/pro_asp_ws/ws_px4_controls/install/px4_msgs/include/px4_msgs/px4_msgs/msg/detail/launch_detection_status__traits.hpp\n'}
[1.031535] (px4_msgs) StdoutLine: {'line': b'-- Up-to-date: /home/jmj/pro_asp_ws/ws_px4_controls/install/px4_msgs/include/px4_msgs/px4_msgs/msg/detail/action_request__struct.hpp\n'}
[1.031594] (px4_msgs) StdoutLine: {'line': b'-- Up-to-date: /home/jmj/pro_asp_ws/ws_px4_controls/install/px4_msgs/include/px4_msgs/px4_msgs/msg/detail/fixed_wing_lateral_guidance_status__type_support.hpp\n'}
[1.031620] (px4_msgs) StdoutLine: {'line': b'-- Up-to-date: /home/jmj/pro_asp_ws/ws_px4_controls/install/px4_msgs/include/px4_msgs/px4_msgs/msg/detail/camera_trigger__struct.hpp\n'}
[1.031644] (px4_msgs) StdoutLine: {'line': b'-- Up-to-date: /home/jmj/pro_asp_ws/ws_px4_controls/install/px4_msgs/include/px4_msgs/px4_msgs/msg/detail/debug_key_value__type_support.hpp\n'}
[1.031672] (px4_msgs) StdoutLine: {'line': b'-- Up-to-date: /home/jmj/pro_asp_ws/ws_px4_controls/install/px4_msgs/include/px4_msgs/px4_msgs/msg/detail/qshell_retval__type_support.hpp\n'}
[1.031713] (px4_msgs) StdoutLine: {'line': b'-- Up-to-date: /home/jmj/pro_asp_ws/ws_px4_controls/install/px4_msgs/include/px4_msgs/px4_msgs/msg/detail/parameter_reset_request__struct.hpp\n'}
[1.031741] (px4_msgs) StdoutLine: {'line': b'-- Up-to-date: /home/jmj/pro_asp_ws/ws_px4_controls/install/px4_msgs/include/px4_msgs/px4_msgs/msg/detail/obstacle_distance__type_support.hpp\n'}
[1.031767] (px4_msgs) StdoutLine: {'line': b'-- Up-to-date: /home/jmj/pro_asp_ws/ws_px4_controls/install/px4_msgs/include/px4_msgs/px4_msgs/msg/detail/vehicle_constraints__struct.hpp\n'}
[1.031798] (px4_msgs) StdoutLine: {'line': b'-- Up-to-date: /home/jmj/pro_asp_ws/ws_px4_controls/install/px4_msgs/include/px4_msgs/px4_msgs/msg/detail/vehicle_magnetometer__builder.hpp\n'}
[1.031821] (px4_msgs) StdoutLine: {'line': b'-- Up-to-date: /home/jmj/pro_asp_ws/ws_px4_controls/install/px4_msgs/include/px4_msgs/px4_msgs/msg/detail/estimator_event_flags__struct.hpp\n'}
[1.031847] (px4_msgs) StdoutLine: {'line': b'-- Up-to-date: /home/jmj/pro_asp_ws/ws_px4_controls/install/px4_msgs/include/px4_msgs/px4_msgs/msg/detail/tecs_status__builder.hpp\n'}
[1.031871] (px4_msgs) StdoutLine: {'line': b'-- Up-to-date: /home/jmj/pro_asp_ws/ws_px4_controls/install/px4_msgs/include/px4_msgs/px4_msgs/msg/detail/rover_attitude_status__builder.hpp\n'}
[1.031894] (px4_msgs) StdoutLine: {'line': b'-- Up-to-date: /home/jmj/pro_asp_ws/ws_px4_controls/install/px4_msgs/include/px4_msgs/px4_msgs/msg/detail/task_stack_info__type_support.hpp\n'}
[1.031917] (px4_msgs) StdoutLine: {'line': b'-- Up-to-date: /home/jmj/pro_asp_ws/ws_px4_controls/install/px4_msgs/include/px4_msgs/px4_msgs/msg/detail/vehicle_imu__struct.hpp\n'}
[1.031939] (px4_msgs) StdoutLine: {'line': b'-- Up-to-date: /home/jmj/pro_asp_ws/ws_px4_controls/install/px4_msgs/include/px4_msgs/px4_msgs/msg/detail/internal_combustion_engine_status__struct.hpp\n'}
[1.031968] (px4_msgs) StdoutLine: {'line': b'-- Up-to-date: /home/jmj/pro_asp_ws/ws_px4_controls/install/px4_msgs/include/px4_msgs/px4_msgs/msg/detail/rc_parameter_map__traits.hpp\n'}
[1.031996] (px4_msgs) StdoutLine: {'line': b'-- Up-to-date: /home/jmj/pro_asp_ws/ws_px4_controls/install/px4_msgs/include/px4_msgs/px4_msgs/msg/detail/rover_rate_status__builder.hpp\n'}
[1.032030] (px4_msgs) StdoutLine: {'line': b'-- Up-to-date: /home/jmj/pro_asp_ws/ws_px4_controls/install/px4_msgs/include/px4_msgs/px4_msgs/msg/detail/manual_control_switches__traits.hpp\n'}
[1.032067] (px4_msgs) StdoutLine: {'line': b'-- Up-to-date: /home/jmj/pro_asp_ws/ws_px4_controls/install/px4_msgs/include/px4_msgs/px4_msgs/msg/detail/flight_phase_estimation__type_support.hpp\n'}
[1.032099] (px4_msgs) StdoutLine: {'line': b'-- Up-to-date: /home/jmj/pro_asp_ws/ws_px4_controls/install/px4_msgs/include/px4_msgs/px4_msgs/msg/detail/geofence_result__struct.hpp\n'}
[1.032122] (px4_msgs) StdoutLine: {'line': b'-- Up-to-date: /home/jmj/pro_asp_ws/ws_px4_controls/install/px4_msgs/include/px4_msgs/px4_msgs/msg/detail/camera_capture__traits.hpp\n'}
[1.032144] (px4_msgs) StdoutLine: {'line': b'-- Up-to-date: /home/jmj/pro_asp_ws/ws_px4_controls/install/px4_msgs/include/px4_msgs/px4_msgs/msg/detail/px4io_status__traits.hpp\n'}
[1.032168] (px4_msgs) StdoutLine: {'line': b'-- Up-to-date: /home/jmj/pro_asp_ws/ws_px4_controls/install/px4_msgs/include/px4_msgs/px4_msgs/msg/detail/parameter_set_value_request__traits.hpp\n'}
[1.032190] (px4_msgs) StdoutLine: {'line': b'-- Up-to-date: /home/jmj/pro_asp_ws/ws_px4_controls/install/px4_msgs/include/px4_msgs/px4_msgs/msg/detail/sensor_preflight_mag__struct.hpp\n'}
[1.032212] (px4_msgs) StdoutLine: {'line': b'-- Up-to-date: /home/jmj/pro_asp_ws/ws_px4_controls/install/px4_msgs/include/px4_msgs/px4_msgs/msg/detail/message_format_request__traits.hpp\n'}
[1.032233] (px4_msgs) StdoutLine: {'line': b'-- Up-to-date: /home/jmj/pro_asp_ws/ws_px4_controls/install/px4_msgs/include/px4_msgs/px4_msgs/msg/detail/cellular_status__struct.hpp\n'}
[1.032254] (px4_msgs) StdoutLine: {'line': b'-- Up-to-date: /home/jmj/pro_asp_ws/ws_px4_controls/install/px4_msgs/include/px4_msgs/px4_msgs/msg/detail/offboard_control_mode__struct.hpp\n'}
[1.032275] (px4_msgs) StdoutLine: {'line': b'-- Up-to-date: /home/jmj/pro_asp_ws/ws_px4_controls/install/px4_msgs/include/px4_msgs/px4_msgs/msg/detail/mount_orientation__builder.hpp\n'}
[1.032302] (px4_msgs) StdoutLine: {'line': b'-- Up-to-date: /home/jmj/pro_asp_ws/ws_px4_controls/install/px4_msgs/include/px4_msgs/px4_msgs/msg/detail/rover_attitude_setpoint__builder.hpp\n'}
[1.032331] (px4_msgs) StdoutLine: {'line': b'-- Up-to-date: /home/jmj/pro_asp_ws/ws_px4_controls/install/px4_msgs/include/px4_msgs/px4_msgs/msg/detail/landing_target_innovations__traits.hpp\n'}
[1.032353] (px4_msgs) StdoutLine: {'line': b'-- Up-to-date: /home/jmj/pro_asp_ws/ws_px4_controls/install/px4_msgs/include/px4_msgs/px4_msgs/msg/detail/gimbal_manager_set_attitude__builder.hpp\n'}
[1.032376] (px4_msgs) StdoutLine: {'line': b'-- Up-to-date: /home/jmj/pro_asp_ws/ws_px4_controls/install/px4_msgs/include/px4_msgs/px4_msgs/msg/detail/rpm__builder.hpp\n'}
[1.032399] (px4_msgs) StdoutLine: {'line': b'-- Up-to-date: /home/jmj/pro_asp_ws/ws_px4_controls/install/px4_msgs/include/px4_msgs/px4_msgs/msg/detail/iridiumsbd_status__type_support.hpp\n'}
[1.032421] (px4_msgs) StdoutLine: {'line': b'-- Up-to-date: /home/jmj/pro_asp_ws/ws_px4_controls/install/px4_msgs/include/px4_msgs/px4_msgs/msg/detail/fuel_tank_status__builder.hpp\n'}
[1.032444] (px4_msgs) StdoutLine: {'line': b'-- Up-to-date: /home/jmj/pro_asp_ws/ws_px4_controls/install/px4_msgs/include/px4_msgs/px4_msgs/msg/detail/rover_velocity_setpoint__builder.hpp\n'}
[1.032466] (px4_msgs) StdoutLine: {'line': b'-- Up-to-date: /home/jmj/pro_asp_ws/ws_px4_controls/install/px4_msgs/include/px4_msgs/px4_msgs/msg/detail/px4io_status__builder.hpp\n'}
[1.032487] (px4_msgs) StdoutLine: {'line': b'-- Up-to-date: /home/jmj/pro_asp_ws/ws_px4_controls/install/px4_msgs/include/px4_msgs/px4_msgs/msg/detail/ulog_stream_ack__builder.hpp\n'}
[1.032507] (px4_msgs) StdoutLine: {'line': b'-- Up-to-date: /home/jmj/pro_asp_ws/ws_px4_controls/install/px4_msgs/include/px4_msgs/px4_msgs/msg/detail/mag_worker_data__traits.hpp\n'}
[1.032528] (px4_msgs) StdoutLine: {'line': b'-- Up-to-date: /home/jmj/pro_asp_ws/ws_px4_controls/install/px4_msgs/include/px4_msgs/px4_msgs/msg/detail/event__struct.hpp\n'}
[1.032549] (px4_msgs) StdoutLine: {'line': b'-- Up-to-date: /home/jmj/pro_asp_ws/ws_px4_controls/install/px4_msgs/include/px4_msgs/px4_msgs/msg/detail/esc_status__builder.hpp\n'}
[1.032570] (px4_msgs) StdoutLine: {'line': b'-- Up-to-date: /home/jmj/pro_asp_ws/ws_px4_controls/install/px4_msgs/include/px4_msgs/px4_msgs/msg/detail/airspeed__builder.hpp\n'}
[1.032592] (px4_msgs) StdoutLine: {'line': b'-- Up-to-date: /home/jmj/pro_asp_ws/ws_px4_controls/install/px4_msgs/include/px4_msgs/px4_msgs/msg/detail/internal_combustion_engine_status__builder.hpp\n'}
[1.032613] (px4_msgs) StdoutLine: {'line': b'-- Up-to-date: /home/jmj/pro_asp_ws/ws_px4_controls/install/px4_msgs/include/px4_msgs/px4_msgs/msg/detail/esc_report__builder.hpp\n'}
[1.032633] (px4_msgs) StdoutLine: {'line': b'-- Up-to-date: /home/jmj/pro_asp_ws/ws_px4_controls/install/px4_msgs/include/px4_msgs/px4_msgs/msg/detail/sensors_status_imu__struct.hpp\n'}
[1.032654] (px4_msgs) StdoutLine: {'line': b'-- Up-to-date: /home/jmj/pro_asp_ws/ws_px4_controls/install/px4_msgs/include/px4_msgs/px4_msgs/msg/detail/rover_attitude_status__type_support.hpp\n'}
[1.032676] (px4_msgs) StdoutLine: {'line': b'-- Up-to-date: /home/jmj/pro_asp_ws/ws_px4_controls/install/px4_msgs/include/px4_msgs/px4_msgs/msg/detail/fixed_wing_lateral_status__struct.hpp\n'}
[1.032698] (px4_msgs) StdoutLine: {'line': b'-- Up-to-date: /home/jmj/pro_asp_ws/ws_px4_controls/install/px4_msgs/include/px4_msgs/px4_msgs/msg/detail/vehicle_angular_acceleration_setpoint__builder.hpp\n'}
[1.032719] (px4_msgs) StdoutLine: {'line': b'-- Up-to-date: /home/jmj/pro_asp_ws/ws_px4_controls/install/px4_msgs/include/px4_msgs/px4_msgs/msg/detail/vehicle_torque_setpoint__struct.hpp\n'}
[1.032740] (px4_msgs) StdoutLine: {'line': b'-- Up-to-date: /home/jmj/pro_asp_ws/ws_px4_controls/install/px4_msgs/include/px4_msgs/px4_msgs/msg/detail/timesync_status__builder.hpp\n'}
[1.032761] (px4_msgs) StdoutLine: {'line': b'-- Up-to-date: /home/jmj/pro_asp_ws/ws_px4_controls/install/px4_msgs/include/px4_msgs/px4_msgs/msg/detail/dataman_request__struct.hpp\n'}
[1.032783] (px4_msgs) StdoutLine: {'line': b'-- Up-to-date: /home/jmj/pro_asp_ws/ws_px4_controls/install/px4_msgs/include/px4_msgs/px4_msgs/msg/detail/estimator_aid_source1d__struct.hpp\n'}
[1.032804] (px4_msgs) StdoutLine: {'line': b'-- Up-to-date: /home/jmj/pro_asp_ws/ws_px4_controls/install/px4_msgs/include/px4_msgs/px4_msgs/msg/detail/vehicle_torque_setpoint__traits.hpp\n'}
[1.032825] (px4_msgs) StdoutLine: {'line': b'-- Up-to-date: /home/jmj/pro_asp_ws/ws_px4_controls/install/px4_msgs/include/px4_msgs/px4_msgs/msg/detail/logger_status__traits.hpp\n'}
[1.032847] (px4_msgs) StdoutLine: {'line': b'-- Up-to-date: /home/jmj/pro_asp_ws/ws_px4_controls/install/px4_msgs/include/px4_msgs/px4_msgs/msg/detail/sensor_gyro_fft__builder.hpp\n'}
[1.032872] (px4_msgs) StdoutLine: {'line': b'-- Up-to-date: /home/jmj/pro_asp_ws/ws_px4_controls/install/px4_msgs/include/px4_msgs/px4_msgs/msg/detail/tiltrotor_extra_controls__traits.hpp\n'}
[1.032892] (px4_msgs) StdoutLine: {'line': b'-- Up-to-date: /home/jmj/pro_asp_ws/ws_px4_controls/install/px4_msgs/include/px4_msgs/px4_msgs/msg/detail/vehicle_command_ack__struct.hpp\n'}
[1.032915] (px4_msgs) StdoutLine: {'line': b'-- Up-to-date: /home/jmj/pro_asp_ws/ws_px4_controls/install/px4_msgs/include/px4_msgs/px4_msgs/msg/detail/actuator_motors__struct.hpp\n'}
[1.032936] (px4_msgs) StdoutLine: {'line': b'-- Up-to-date: /home/jmj/pro_asp_ws/ws_px4_controls/install/px4_msgs/include/px4_msgs/px4_msgs/msg/detail/sensors_status_imu__builder.hpp\n'}
[1.032965] (px4_msgs) StdoutLine: {'line': b'-- Up-to-date: /home/jmj/pro_asp_ws/ws_px4_controls/install/px4_msgs/include/px4_msgs/px4_msgs/msg/detail/geofence_status__builder.hpp\n'}
[1.032987] (px4_msgs) StdoutLine: {'line': b'-- Up-to-date: /home/jmj/pro_asp_ws/ws_px4_controls/install/px4_msgs/include/px4_msgs/px4_msgs/msg/detail/failure_detector_status__builder.hpp\n'}
[1.033010] (px4_msgs) StdoutLine: {'line': b'-- Up-to-date: /home/jmj/pro_asp_ws/ws_px4_controls/install/px4_msgs/include/px4_msgs/px4_msgs/msg/detail/button_event__builder.hpp\n'}
[1.033033] (px4_msgs) StdoutLine: {'line': b'-- Up-to-date: /home/jmj/pro_asp_ws/ws_px4_controls/install/px4_msgs/include/px4_msgs/px4_msgs/msg/detail/rover_velocity_status__type_support.hpp\n'}
[1.033055] (px4_msgs) StdoutLine: {'line': b'-- Up-to-date: /home/jmj/pro_asp_ws/ws_px4_controls/install/px4_msgs/include/px4_msgs/px4_msgs/msg/detail/trajectory_setpoint__builder.hpp\n'}
[1.033079] (px4_msgs) StdoutLine: {'line': b'-- Up-to-date: /home/jmj/pro_asp_ws/ws_px4_controls/install/px4_msgs/include/px4_msgs/px4_msgs/msg/detail/launch_detection_status__builder.hpp\n'}
[1.033107] (px4_msgs) StdoutLine: {'line': b'-- Up-to-date: /home/jmj/pro_asp_ws/ws_px4_controls/install/px4_msgs/include/px4_msgs/px4_msgs/msg/detail/dataman_request__builder.hpp\n'}
[1.033129] (px4_msgs) StdoutLine: {'line': b'-- Up-to-date: /home/jmj/pro_asp_ws/ws_px4_controls/install/px4_msgs/include/px4_msgs/px4_msgs/msg/detail/pure_pursuit_status__builder.hpp\n'}
[1.033151] (px4_msgs) StdoutLine: {'line': b'-- Up-to-date: /home/jmj/pro_asp_ws/ws_px4_controls/install/px4_msgs/include/px4_msgs/px4_msgs/msg/detail/estimator_sensor_bias__type_support.hpp\n'}
[1.033172] (px4_msgs) StdoutLine: {'line': b'-- Up-to-date: /home/jmj/pro_asp_ws/ws_px4_controls/install/px4_msgs/include/px4_msgs/px4_msgs/msg/detail/figure_eight_status__struct.hpp\n'}
[1.033197] (px4_msgs) StdoutLine: {'line': b'-- Up-to-date: /home/jmj/pro_asp_ws/ws_px4_controls/install/px4_msgs/include/px4_msgs/px4_msgs/msg/detail/gimbal_manager_status__struct.hpp\n'}
[1.033219] (px4_msgs) StdoutLine: {'line': b'-- Up-to-date: /home/jmj/pro_asp_ws/ws_px4_controls/install/px4_msgs/include/px4_msgs/px4_msgs/msg/detail/vehicle_angular_acceleration_setpoint__traits.hpp\n'}
[1.033241] (px4_msgs) StdoutLine: {'line': b'-- Up-to-date: /home/jmj/pro_asp_ws/ws_px4_controls/install/px4_msgs/include/px4_msgs/px4_msgs/msg/detail/airspeed_wind__type_support.hpp\n'}
[1.033264] (px4_msgs) StdoutLine: {'line': b'-- Up-to-date: /home/jmj/pro_asp_ws/ws_px4_controls/install/px4_msgs/include/px4_msgs/px4_msgs/msg/detail/offboard_control_mode__builder.hpp\n'}
[1.033289] (px4_msgs) StdoutLine: {'line': b'-- Up-to-date: /home/jmj/pro_asp_ws/ws_px4_controls/install/px4_msgs/include/px4_msgs/px4_msgs/msg/detail/estimator_gps_status__struct.hpp\n'}
[1.033311] (px4_msgs) StdoutLine: {'line': b'-- Up-to-date: /home/jmj/pro_asp_ws/ws_px4_controls/install/px4_msgs/include/px4_msgs/px4_msgs/msg/detail/sensor_accel_fifo__type_support.hpp\n'}
[1.033334] (px4_msgs) StdoutLine: {'line': b'-- Up-to-date: /home/jmj/pro_asp_ws/ws_px4_controls/install/px4_msgs/include/px4_msgs/px4_msgs/msg/detail/fixed_wing_lateral_setpoint__type_support.hpp\n'}
[1.033359] (px4_msgs) StdoutLine: {'line': b'-- Up-to-date: /home/jmj/pro_asp_ws/ws_px4_controls/install/px4_msgs/include/px4_msgs/px4_msgs/msg/detail/gpio_out__builder.hpp\n'}
[1.033381] (px4_msgs) StdoutLine: {'line': b'-- Up-to-date: /home/jmj/pro_asp_ws/ws_px4_controls/install/px4_msgs/include/px4_msgs/px4_msgs/msg/detail/gimbal_manager_set_manual_control__traits.hpp\n'}
[1.033403] (px4_msgs) StdoutLine: {'line': b'-- Up-to-date: /home/jmj/pro_asp_ws/ws_px4_controls/install/px4_msgs/include/px4_msgs/px4_msgs/msg/detail/fixed_wing_lateral_status__traits.hpp\n'}
[1.033426] (px4_msgs) StdoutLine: {'line': b'-- Up-to-date: /home/jmj/pro_asp_ws/ws_px4_controls/install/px4_msgs/include/px4_msgs/px4_msgs/msg/detail/rpm__traits.hpp\n'}
[1.033453] (px4_msgs) StdoutLine: {'line': b'-- Up-to-date: /home/jmj/pro_asp_ws/ws_px4_controls/install/px4_msgs/include/px4_msgs/px4_msgs/msg/detail/arming_check_reply__traits.hpp\n'}
[1.033476] (px4_msgs) StdoutLine: {'line': b'-- Up-to-date: /home/jmj/pro_asp_ws/ws_px4_controls/install/px4_msgs/include/px4_msgs/px4_msgs/msg/detail/vehicle_torque_setpoint__builder.hpp\n'}
[1.033498] (px4_msgs) StdoutLine: {'line': b'-- Up-to-date: /home/jmj/pro_asp_ws/ws_px4_controls/install/px4_msgs/include/px4_msgs/px4_msgs/msg/detail/normalized_unsigned_setpoint__builder.hpp\n'}
[1.033521] (px4_msgs) StdoutLine: {'line': b'-- Up-to-date: /home/jmj/pro_asp_ws/ws_px4_controls/install/px4_msgs/include/px4_msgs/px4_msgs/msg/detail/orb_test_large__type_support.hpp\n'}
[1.033544] (px4_msgs) StdoutLine: {'line': b'-- Up-to-date: /home/jmj/pro_asp_ws/ws_px4_controls/install/px4_msgs/include/px4_msgs/px4_msgs/msg/detail/vehicle_global_position__traits.hpp\n'}
[1.033569] (px4_msgs) StdoutLine: {'line': b'-- Up-to-date: /home/jmj/pro_asp_ws/ws_px4_controls/install/px4_msgs/include/px4_msgs/px4_msgs/msg/detail/internal_combustion_engine_control__type_support.hpp\n'}
[1.033593] (px4_msgs) StdoutLine: {'line': b'-- Up-to-date: /home/jmj/pro_asp_ws/ws_px4_controls/install/px4_msgs/include/px4_msgs/px4_msgs/msg/detail/mount_orientation__struct.hpp\n'}
[1.033618] (px4_msgs) StdoutLine: {'line': b'-- Up-to-date: /home/jmj/pro_asp_ws/ws_px4_controls/install/px4_msgs/include/px4_msgs/px4_msgs/msg/detail/actuator_servos_trim__traits.hpp\n'}
[1.033641] (px4_msgs) StdoutLine: {'line': b'-- Up-to-date: /home/jmj/pro_asp_ws/ws_px4_controls/install/px4_msgs/include/px4_msgs/px4_msgs/msg/detail/vehicle_imu__builder.hpp\n'}
[1.033663] (px4_msgs) StdoutLine: {'line': b'-- Up-to-date: /home/jmj/pro_asp_ws/ws_px4_controls/install/px4_msgs/include/px4_msgs/px4_msgs/msg/detail/trajectory_setpoint6dof__traits.hpp\n'}
[1.033686] (px4_msgs) StdoutLine: {'line': b'-- Up-to-date: /home/jmj/pro_asp_ws/ws_px4_controls/install/px4_msgs/include/px4_msgs/px4_msgs/msg/detail/qshell_retval__traits.hpp\n'}
[1.033708] (px4_msgs) StdoutLine: {'line': b'-- Up-to-date: /home/jmj/pro_asp_ws/ws_px4_controls/install/px4_msgs/include/px4_msgs/px4_msgs/msg/detail/logger_status__builder.hpp\n'}
[1.033730] (px4_msgs) StdoutLine: {'line': b'-- Up-to-date: /home/jmj/pro_asp_ws/ws_px4_controls/install/px4_msgs/include/px4_msgs/px4_msgs/msg/detail/sensor_gyro__struct.hpp\n'}
[1.033751] (px4_msgs) StdoutLine: {'line': b'-- Up-to-date: /home/jmj/pro_asp_ws/ws_px4_controls/install/px4_msgs/include/px4_msgs/px4_msgs/msg/detail/vehicle_local_position_setpoint__builder.hpp\n'}
[1.033780] (px4_msgs) StdoutLine: {'line': b'-- Up-to-date: /home/jmj/pro_asp_ws/ws_px4_controls/install/px4_msgs/include/px4_msgs/px4_msgs/msg/detail/differential_pressure__struct.hpp\n'}
[1.033802] (px4_msgs) StdoutLine: {'line': b'-- Up-to-date: /home/jmj/pro_asp_ws/ws_px4_controls/install/px4_msgs/include/px4_msgs/px4_msgs/msg/detail/unregister_ext_component__type_support.hpp\n'}
[1.033826] (px4_msgs) StdoutLine: {'line': b'-- Up-to-date: /home/jmj/pro_asp_ws/ws_px4_controls/install/px4_msgs/include/px4_msgs/px4_msgs/msg/detail/orb_test__struct.hpp\n'}
[1.033852] (px4_msgs) StdoutLine: {'line': b'-- Up-to-date: /home/jmj/pro_asp_ws/ws_px4_controls/install/px4_msgs/include/px4_msgs/px4_msgs/msg/detail/vehicle_status__traits.hpp\n'}
[1.033880] (px4_msgs) StdoutLine: {'line': b'-- Up-to-date: /home/jmj/pro_asp_ws/ws_px4_controls/install/px4_msgs/include/px4_msgs/px4_msgs/msg/detail/message_format_response__traits.hpp\n'}
[1.033906] (px4_msgs) StdoutLine: {'line': b'-- Up-to-date: /home/jmj/pro_asp_ws/ws_px4_controls/install/px4_msgs/include/px4_msgs/px4_msgs/msg/detail/register_ext_component_reply__struct.hpp\n'}
[1.033928] (px4_msgs) StdoutLine: {'line': b'-- Up-to-date: /home/jmj/pro_asp_ws/ws_px4_controls/install/px4_msgs/include/px4_msgs/px4_msgs/msg/detail/follow_target_status__traits.hpp\n'}
[1.033959] (px4_msgs) StdoutLine: {'line': b'-- Up-to-date: /home/jmj/pro_asp_ws/ws_px4_controls/install/px4_msgs/include/px4_msgs/px4_msgs/msg/detail/gps_dump__type_support.hpp\n'}
[1.033985] (px4_msgs) StdoutLine: {'line': b'-- Up-to-date: /home/jmj/pro_asp_ws/ws_px4_controls/install/px4_msgs/include/px4_msgs/px4_msgs/msg/detail/gpio_request__traits.hpp\n'}
[1.034007] (px4_msgs) StdoutLine: {'line': b'-- Up-to-date: /home/jmj/pro_asp_ws/ws_px4_controls/install/px4_msgs/include/px4_msgs/px4_msgs/msg/detail/lateral_control_configuration__traits.hpp\n'}
[1.034030] (px4_msgs) StdoutLine: {'line': b'-- Up-to-date: /home/jmj/pro_asp_ws/ws_px4_controls/install/px4_msgs/include/px4_msgs/px4_msgs/msg/detail/parameter_reset_request__builder.hpp\n'}
[1.034054] (px4_msgs) StdoutLine: {'line': b'-- Up-to-date: /home/jmj/pro_asp_ws/ws_px4_controls/install/px4_msgs/include/px4_msgs/px4_msgs/msg/detail/debug_key_value__builder.hpp\n'}
[1.034078] (px4_msgs) StdoutLine: {'line': b'-- Up-to-date: /home/jmj/pro_asp_ws/ws_px4_controls/install/px4_msgs/include/px4_msgs/px4_msgs/msg/detail/mission_result__traits.hpp\n'}
[1.034100] (px4_msgs) StdoutLine: {'line': b'-- Up-to-date: /home/jmj/pro_asp_ws/ws_px4_controls/install/px4_msgs/include/px4_msgs/px4_msgs/msg/detail/manual_control_switches__type_support.hpp\n'}
[1.034124] (px4_msgs) StdoutLine: {'line': b'-- Up-to-date: /home/jmj/pro_asp_ws/ws_px4_controls/install/px4_msgs/include/px4_msgs/px4_msgs/msg/detail/vehicle_optical_flow_vel__struct.hpp\n'}
[1.034147] (px4_msgs) StdoutLine: {'line': b'-- Up-to-date: /home/jmj/pro_asp_ws/ws_px4_controls/install/px4_msgs/include/px4_msgs/px4_msgs/msg/detail/gimbal_manager_set_manual_control__struct.hpp\n'}
[1.034174] (px4_msgs) StdoutLine: {'line': b'-- Up-to-date: /home/jmj/pro_asp_ws/ws_px4_controls/install/px4_msgs/include/px4_msgs/px4_msgs/msg/detail/estimator_aid_source3d__traits.hpp\n'}
[1.034197] (px4_msgs) StdoutLine: {'line': b'-- Up-to-date: /home/jmj/pro_asp_ws/ws_px4_controls/install/px4_msgs/include/px4_msgs/px4_msgs/msg/detail/log_message__builder.hpp\n'}
[1.034225] (px4_msgs) StdoutLine: {'line': b'-- Up-to-date: /home/jmj/pro_asp_ws/ws_px4_controls/install/px4_msgs/include/px4_msgs/px4_msgs/msg/detail/internal_combustion_engine_status__traits.hpp\n'}
[1.034252] (px4_msgs) StdoutLine: {'line': b'-- Up-to-date: /home/jmj/pro_asp_ws/ws_px4_controls/install/px4_msgs/include/px4_msgs/px4_msgs/msg/detail/sensor_gyro_fft__struct.hpp\n'}
[1.034277] (px4_msgs) StdoutLine: {'line': b'-- Up-to-date: /home/jmj/pro_asp_ws/ws_px4_controls/install/px4_msgs/include/px4_msgs/px4_msgs/msg/detail/gimbal_manager_status__type_support.hpp\n'}
[1.034300] (px4_msgs) StdoutLine: {'line': b'-- Up-to-date: /home/jmj/pro_asp_ws/ws_px4_controls/install/px4_msgs/include/px4_msgs/px4_msgs/msg/detail/actuator_servos__builder.hpp\n'}
[1.034322] (px4_msgs) StdoutLine: {'line': b'-- Up-to-date: /home/jmj/pro_asp_ws/ws_px4_controls/install/px4_msgs/include/px4_msgs/px4_msgs/msg/detail/fixed_wing_longitudinal_setpoint__builder.hpp\n'}
[1.034345] (px4_msgs) StdoutLine: {'line': b'-- Up-to-date: /home/jmj/pro_asp_ws/ws_px4_controls/install/px4_msgs/include/px4_msgs/px4_msgs/msg/detail/action_request__traits.hpp\n'}
[1.034367] (px4_msgs) StdoutLine: {'line': b'-- Up-to-date: /home/jmj/pro_asp_ws/ws_px4_controls/install/px4_msgs/include/px4_msgs/px4_msgs/msg/detail/orb_test_medium__type_support.hpp\n'}
[1.034391] (px4_msgs) StdoutLine: {'line': b'-- Up-to-date: /home/jmj/pro_asp_ws/ws_px4_controls/install/px4_msgs/include/px4_msgs/px4_msgs/msg/detail/position_setpoint__type_support.hpp\n'}
[1.034416] (px4_msgs) StdoutLine: {'line': b'-- Up-to-date: /home/jmj/pro_asp_ws/ws_px4_controls/install/px4_msgs/include/px4_msgs/px4_msgs/msg/detail/vehicle_angular_velocity__type_support.hpp\n'}
[1.034438] (px4_msgs) StdoutLine: {'line': b'-- Up-to-date: /home/jmj/pro_asp_ws/ws_px4_controls/install/px4_msgs/include/px4_msgs/px4_msgs/msg/detail/orb_test_large__traits.hpp\n'}
[1.034462] (px4_msgs) StdoutLine: {'line': b'-- Up-to-date: /home/jmj/pro_asp_ws/ws_px4_controls/install/px4_msgs/include/px4_msgs/px4_msgs/msg/detail/fixed_wing_lateral_guidance_status__traits.hpp\n'}
[1.034490] (px4_msgs) StdoutLine: {'line': b'-- Up-to-date: /home/jmj/pro_asp_ws/ws_px4_controls/install/px4_msgs/include/px4_msgs/px4_msgs/msg/detail/parameter_update__type_support.hpp\n'}
[1.034514] (px4_msgs) StdoutLine: {'line': b'-- Up-to-date: /home/jmj/pro_asp_ws/ws_px4_controls/install/px4_msgs/include/px4_msgs/px4_msgs/msg/detail/autotune_attitude_control_status__traits.hpp\n'}
[1.034538] (px4_msgs) StdoutLine: {'line': b'-- Up-to-date: /home/jmj/pro_asp_ws/ws_px4_controls/install/px4_msgs/include/px4_msgs/px4_msgs/msg/detail/adc_report__struct.hpp\n'}
[1.034561] (px4_msgs) StdoutLine: {'line': b'-- Up-to-date: /home/jmj/pro_asp_ws/ws_px4_controls/install/px4_msgs/include/px4_msgs/px4_msgs/msg/detail/rover_throttle_setpoint__type_support.hpp\n'}
[1.034585] (px4_msgs) StdoutLine: {'line': b'-- Up-to-date: /home/jmj/pro_asp_ws/ws_px4_controls/install/px4_msgs/include/px4_msgs/px4_msgs/msg/detail/event__builder.hpp\n'}
[1.034608] (px4_msgs) StdoutLine: {'line': b'-- Up-to-date: /home/jmj/pro_asp_ws/ws_px4_controls/install/px4_msgs/include/px4_msgs/px4_msgs/msg/detail/gps_dump__struct.hpp\n'}
[1.034631] (px4_msgs) StdoutLine: {'line': b'-- Up-to-date: /home/jmj/pro_asp_ws/ws_px4_controls/install/px4_msgs/include/px4_msgs/px4_msgs/msg/detail/tune_control__struct.hpp\n'}
[1.034654] (px4_msgs) StdoutLine: {'line': b'-- Up-to-date: /home/jmj/pro_asp_ws/ws_px4_controls/install/px4_msgs/include/px4_msgs/px4_msgs/msg/detail/power_button_state__struct.hpp\n'}
[1.034675] (px4_msgs) StdoutLine: {'line': b'-- Up-to-date: /home/jmj/pro_asp_ws/ws_px4_controls/install/px4_msgs/include/px4_msgs/px4_msgs/msg/detail/event__type_support.hpp\n'}
[1.034697] (px4_msgs) StdoutLine: {'line': b'-- Up-to-date: /home/jmj/pro_asp_ws/ws_px4_controls/install/px4_msgs/include/px4_msgs/px4_msgs/msg/detail/sensor_gyro_fft__traits.hpp\n'}
[1.034721] (px4_msgs) StdoutLine: {'line': b'-- Up-to-date: /home/jmj/pro_asp_ws/ws_px4_controls/install/px4_msgs/include/px4_msgs/px4_msgs/msg/detail/estimator_aid_source3d__type_support.hpp\n'}
[1.034744] (px4_msgs) StdoutLine: {'line': b'-- Up-to-date: /home/jmj/pro_asp_ws/ws_px4_controls/install/px4_msgs/include/px4_msgs/px4_msgs/msg/detail/follow_target_estimator__type_support.hpp\n'}
[1.034769] (px4_msgs) StdoutLine: {'line': b'-- Up-to-date: /home/jmj/pro_asp_ws/ws_px4_controls/install/px4_msgs/include/px4_msgs/px4_msgs/msg/detail/landing_target_innovations__type_support.hpp\n'}
[1.034793] (px4_msgs) StdoutLine: {'line': b'-- Up-to-date: /home/jmj/pro_asp_ws/ws_px4_controls/install/px4_msgs/include/px4_msgs/px4_msgs/msg/detail/estimator_status_flags__builder.hpp\n'}
[1.034817] (px4_msgs) StdoutLine: {'line': b'-- Up-to-date: /home/jmj/pro_asp_ws/ws_px4_controls/install/px4_msgs/include/px4_msgs/px4_msgs/msg/detail/open_drone_id_system__struct.hpp\n'}
[1.034842] (px4_msgs) StdoutLine: {'line': b'-- Up-to-date: /home/jmj/pro_asp_ws/ws_px4_controls/install/px4_msgs/include/px4_msgs/px4_msgs/msg/detail/takeoff_status__struct.hpp\n'}
[1.034864] (px4_msgs) StdoutLine: {'line': b'-- Up-to-date: /home/jmj/pro_asp_ws/ws_px4_controls/install/px4_msgs/include/px4_msgs/px4_msgs/msg/detail/vehicle_control_mode__struct.hpp\n'}
[1.034896] (px4_msgs) StdoutLine: {'line': b'-- Up-to-date: /home/jmj/pro_asp_ws/ws_px4_controls/install/px4_msgs/include/px4_msgs/px4_msgs/msg/detail/gripper__struct.hpp\n'}
[1.034921] (px4_msgs) StdoutLine: {'line': b'-- Up-to-date: /home/jmj/pro_asp_ws/ws_px4_controls/install/px4_msgs/include/px4_msgs/px4_msgs/msg/detail/uavcan_parameter_request__builder.hpp\n'}
[1.034949] (px4_msgs) StdoutLine: {'line': b'-- Up-to-date: /home/jmj/pro_asp_ws/ws_px4_controls/install/px4_msgs/include/px4_msgs/px4_msgs/msg/detail/debug_array__builder.hpp\n'}
[1.034976] (px4_msgs) StdoutLine: {'line': b'-- Up-to-date: /home/jmj/pro_asp_ws/ws_px4_controls/install/px4_msgs/include/px4_msgs/px4_msgs/msg/detail/can_interface_status__traits.hpp\n'}
[1.035002] (px4_msgs) StdoutLine: {'line': b'-- Up-to-date: /home/jmj/pro_asp_ws/ws_px4_controls/install/px4_msgs/include/px4_msgs/px4_msgs/msg/detail/rover_attitude_status__traits.hpp\n'}
[1.035026] (px4_msgs) StdoutLine: {'line': b'-- Up-to-date: /home/jmj/pro_asp_ws/ws_px4_controls/install/px4_msgs/include/px4_msgs/px4_msgs/msg/detail/rover_steering_setpoint__traits.hpp\n'}
[1.035056] (px4_msgs) StdoutLine: {'line': b'-- Up-to-date: /home/jmj/pro_asp_ws/ws_px4_controls/install/px4_msgs/include/px4_msgs/px4_msgs/msg/detail/gps_inject_data__traits.hpp\n'}
[1.035091] (px4_msgs) StdoutLine: {'line': b'-- Up-to-date: /home/jmj/pro_asp_ws/ws_px4_controls/install/px4_msgs/include/px4_msgs/px4_msgs/msg/detail/gpio_config__builder.hpp\n'}
[1.035133] (px4_msgs) StdoutLine: {'line': b'-- Up-to-date: /home/jmj/pro_asp_ws/ws_px4_controls/install/px4_msgs/include/px4_msgs/px4_msgs/msg/detail/takeoff_status__builder.hpp\n'}
[1.035164] (px4_msgs) StdoutLine: {'line': b'-- Up-to-date: /home/jmj/pro_asp_ws/ws_px4_controls/install/px4_msgs/include/px4_msgs/px4_msgs/msg/detail/register_ext_component_request__struct.hpp\n'}
[1.035196] (px4_msgs) StdoutLine: {'line': b'-- Up-to-date: /home/jmj/pro_asp_ws/ws_px4_controls/install/px4_msgs/include/px4_msgs/px4_msgs/msg/detail/heater_status__traits.hpp\n'}
[1.035227] (px4_msgs) StdoutLine: {'line': b'-- Up-to-date: /home/jmj/pro_asp_ws/ws_px4_controls/install/px4_msgs/include/px4_msgs/px4_msgs/msg/detail/manual_control_switches__struct.hpp\n'}
[1.035252] (px4_msgs) StdoutLine: {'line': b'-- Up-to-date: /home/jmj/pro_asp_ws/ws_px4_controls/install/px4_msgs/include/px4_msgs/px4_msgs/msg/detail/dataman_response__builder.hpp\n'}
[1.035292] (px4_msgs) StdoutLine: {'line': b'-- Up-to-date: /home/jmj/pro_asp_ws/ws_px4_controls/install/px4_msgs/include/px4_msgs/px4_msgs/msg/detail/home_position__builder.hpp\n'}
[1.035321] (px4_msgs) StdoutLine: {'line': b'-- Up-to-date: /home/jmj/pro_asp_ws/ws_px4_controls/install/px4_msgs/include/px4_msgs/px4_msgs/msg/detail/estimator_gps_status__type_support.hpp\n'}
[1.035351] (px4_msgs) StdoutLine: {'line': b'-- Up-to-date: /home/jmj/pro_asp_ws/ws_px4_controls/install/px4_msgs/include/px4_msgs/px4_msgs/msg/detail/battery_status__type_support.hpp\n'}
[1.035388] (px4_msgs) StdoutLine: {'line': b'-- Up-to-date: /home/jmj/pro_asp_ws/ws_px4_controls/install/px4_msgs/include/px4_msgs/px4_msgs/msg/detail/parameter_update__builder.hpp\n'}
[1.035420] (px4_msgs) StdoutLine: {'line': b'-- Up-to-date: /home/jmj/pro_asp_ws/ws_px4_controls/install/px4_msgs/include/px4_msgs/px4_msgs/msg/detail/onboard_computer_status__type_support.hpp\n'}
[1.035446] (px4_msgs) StdoutLine: {'line': b'-- Up-to-date: /home/jmj/pro_asp_ws/ws_px4_controls/install/px4_msgs/include/px4_msgs/px4_msgs/msg/detail/internal_combustion_engine_status__type_support.hpp\n'}
[1.035475] (px4_msgs) StdoutLine: {'line': b'-- Up-to-date: /home/jmj/pro_asp_ws/ws_px4_controls/install/px4_msgs/include/px4_msgs/px4_msgs/msg/detail/satellite_info__struct.hpp\n'}
[1.035510] (px4_msgs) StdoutLine: {'line': b'-- Up-to-date: /home/jmj/pro_asp_ws/ws_px4_controls/install/px4_msgs/include/px4_msgs/px4_msgs/msg/detail/iridiumsbd_status__struct.hpp\n'}
[1.035542] (px4_msgs) StdoutLine: {'line': b'-- Up-to-date: /home/jmj/pro_asp_ws/ws_px4_controls/install/px4_msgs/include/px4_msgs/px4_msgs/msg/detail/vehicle_optical_flow__struct.hpp\n'}
[1.035570] (px4_msgs) StdoutLine: {'line': b'-- Up-to-date: /home/jmj/pro_asp_ws/ws_px4_controls/install/px4_msgs/include/px4_msgs/px4_msgs/msg/detail/wind__struct.hpp\n'}
[1.035652] (px4_msgs) StdoutLine: {'line': b'-- Up-to-date: /home/jmj/pro_asp_ws/ws_px4_controls/install/px4_msgs/include/px4_msgs/px4_msgs/msg/detail/sensor_gnss_relative__builder.hpp\n'}
[1.035675] (px4_msgs) StdoutLine: {'line': b'-- Up-to-date: /home/jmj/pro_asp_ws/ws_px4_controls/install/px4_msgs/include/px4_msgs/px4_msgs/msg/detail/parameter_set_used_request__builder.hpp\n'}
[1.035700] (px4_msgs) StdoutLine: {'line': b'-- Up-to-date: /home/jmj/pro_asp_ws/ws_px4_controls/install/px4_msgs/include/px4_msgs/px4_msgs/msg/detail/gimbal_manager_information__struct.hpp\n'}
[1.035722] (px4_msgs) StdoutLine: {'line': b'-- Up-to-date: /home/jmj/pro_asp_ws/ws_px4_controls/install/px4_msgs/include/px4_msgs/px4_msgs/msg/detail/control_allocator_status__struct.hpp\n'}
[1.035747] (px4_msgs) StdoutLine: {'line': b'-- Up-to-date: /home/jmj/pro_asp_ws/ws_px4_controls/install/px4_msgs/include/px4_msgs/px4_msgs/msg/detail/rover_position_setpoint__struct.hpp\n'}
[1.035777] (px4_msgs) StdoutLine: {'line': b'-- Up-to-date: /home/jmj/pro_asp_ws/ws_px4_controls/install/px4_msgs/include/px4_msgs/px4_msgs/msg/detail/vehicle_thrust_setpoint__traits.hpp\n'}
[1.035800] (px4_msgs) StdoutLine: {'line': b'-- Up-to-date: /home/jmj/pro_asp_ws/ws_px4_controls/install/px4_msgs/include/px4_msgs/px4_msgs/msg/detail/vehicle_land_detected__type_support.hpp\n'}
[1.035823] (px4_msgs) StdoutLine: {'line': b'-- Up-to-date: /home/jmj/pro_asp_ws/ws_px4_controls/install/px4_msgs/include/px4_msgs/px4_msgs/msg/detail/tecs_status__struct.hpp\n'}
[1.035846] (px4_msgs) StdoutLine: {'line': b'-- Up-to-date: /home/jmj/pro_asp_ws/ws_px4_controls/install/px4_msgs/include/px4_msgs/px4_msgs/msg/detail/rover_position_setpoint__traits.hpp\n'}
[1.035867] (px4_msgs) StdoutLine: {'line': b'-- Up-to-date: /home/jmj/pro_asp_ws/ws_px4_controls/install/px4_msgs/include/px4_msgs/px4_msgs/msg/detail/actuator_outputs__struct.hpp\n'}
[1.035891] (px4_msgs) StdoutLine: {'line': b'-- Up-to-date: /home/jmj/pro_asp_ws/ws_px4_controls/install/px4_msgs/include/px4_msgs/px4_msgs/msg/detail/vehicle_acceleration__struct.hpp\n'}
[1.035912] (px4_msgs) StdoutLine: {'line': b'-- Up-to-date: /home/jmj/pro_asp_ws/ws_px4_controls/install/px4_msgs/include/px4_msgs/px4_msgs/msg/detail/pure_pursuit_status__struct.hpp\n'}
[1.035933] (px4_msgs) StdoutLine: {'line': b'-- Up-to-date: /home/jmj/pro_asp_ws/ws_px4_controls/install/px4_msgs/include/px4_msgs/px4_msgs/msg/detail/input_rc__builder.hpp\n'}
[1.035964] (px4_msgs) StdoutLine: {'line': b'-- Up-to-date: /home/jmj/pro_asp_ws/ws_px4_controls/install/px4_msgs/include/px4_msgs/px4_msgs/msg/detail/estimator_states__traits.hpp\n'}
[1.035988] (px4_msgs) StdoutLine: {'line': b'-- Up-to-date: /home/jmj/pro_asp_ws/ws_px4_controls/install/px4_msgs/include/px4_msgs/px4_msgs/msg/detail/tiltrotor_extra_controls__builder.hpp\n'}
[1.036008] (px4_msgs) StdoutLine: {'line': b'-- Up-to-date: /home/jmj/pro_asp_ws/ws_px4_controls/install/px4_msgs/include/px4_msgs/px4_msgs/msg/detail/gimbal_device_set_attitude__type_support.hpp\n'}
[1.036029] (px4_msgs) StdoutLine: {'line': b'-- Up-to-date: /home/jmj/pro_asp_ws/ws_px4_controls/install/px4_msgs/include/px4_msgs/px4_msgs/msg/detail/config_overrides__type_support.hpp\n'}
[1.036051] (px4_msgs) StdoutLine: {'line': b'-- Up-to-date: /home/jmj/pro_asp_ws/ws_px4_controls/install/px4_msgs/include/px4_msgs/px4_msgs/msg/detail/rover_velocity_setpoint__struct.hpp\n'}
[1.036077] (px4_msgs) StdoutLine: {'line': b'-- Up-to-date: /home/jmj/pro_asp_ws/ws_px4_controls/install/px4_msgs/include/px4_msgs/px4_msgs/msg/detail/collision_constraints__struct.hpp\n'}
[1.036104] (px4_msgs) StdoutLine: {'line': b'-- Up-to-date: /home/jmj/pro_asp_ws/ws_px4_controls/install/px4_msgs/include/px4_msgs/px4_msgs/msg/detail/ulog_stream_ack__traits.hpp\n'}
[1.036125] (px4_msgs) StdoutLine: {'line': b'-- Up-to-date: /home/jmj/pro_asp_ws/ws_px4_controls/install/px4_msgs/include/px4_msgs/px4_msgs/msg/detail/satellite_info__type_support.hpp\n'}
[1.036146] (px4_msgs) StdoutLine: {'line': b'-- Up-to-date: /home/jmj/pro_asp_ws/ws_px4_controls/install/px4_msgs/include/px4_msgs/px4_msgs/msg/detail/vehicle_imu_status__traits.hpp\n'}
[1.036170] (px4_msgs) StdoutLine: {'line': b'-- Up-to-date: /home/jmj/pro_asp_ws/ws_px4_controls/install/px4_msgs/include/px4_msgs/px4_msgs/msg/detail/gimbal_manager_information__type_support.hpp\n'}
[1.036192] (px4_msgs) StdoutLine: {'line': b'-- Up-to-date: /home/jmj/pro_asp_ws/ws_px4_controls/install/px4_msgs/include/px4_msgs/px4_msgs/msg/detail/position_controller_status__struct.hpp\n'}
[1.036216] (px4_msgs) StdoutLine: {'line': b'-- Up-to-date: /home/jmj/pro_asp_ws/ws_px4_controls/install/px4_msgs/include/px4_msgs/px4_msgs/msg/detail/airspeed_validated__traits.hpp\n'}
[1.036238] (px4_msgs) StdoutLine: {'line': b'-- Up-to-date: /home/jmj/pro_asp_ws/ws_px4_controls/install/px4_msgs/include/px4_msgs/px4_msgs/msg/detail/sensor_mag__struct.hpp\n'}
[1.036259] (px4_msgs) StdoutLine: {'line': b'-- Up-to-date: /home/jmj/pro_asp_ws/ws_px4_controls/install/px4_msgs/include/px4_msgs/px4_msgs/msg/detail/figure_eight_status__traits.hpp\n'}
[1.036281] (px4_msgs) StdoutLine: {'line': b'-- Up-to-date: /home/jmj/pro_asp_ws/ws_px4_controls/install/px4_msgs/include/px4_msgs/px4_msgs/msg/detail/differential_pressure__traits.hpp\n'}
[1.036304] (px4_msgs) StdoutLine: {'line': b'-- Up-to-date: /home/jmj/pro_asp_ws/ws_px4_controls/install/px4_msgs/include/px4_msgs/px4_msgs/msg/detail/estimator_gps_status__builder.hpp\n'}
[1.036329] (px4_msgs) StdoutLine: {'line': b'-- Up-to-date: /home/jmj/pro_asp_ws/ws_px4_controls/install/px4_msgs/include/px4_msgs/px4_msgs/msg/detail/gpio_request__struct.hpp\n'}
[1.036369] (px4_msgs) StdoutLine: {'line': b'-- Up-to-date: /home/jmj/pro_asp_ws/ws_px4_controls/install/px4_msgs/include/px4_msgs/px4_msgs/msg/detail/vehicle_angular_acceleration_setpoint__type_support.hpp\n'}
[1.036400] (px4_msgs) StdoutLine: {'line': b'-- Up-to-date: /home/jmj/pro_asp_ws/ws_px4_controls/install/px4_msgs/include/px4_msgs/px4_msgs/msg/detail/ping__builder.hpp\n'}
[1.036430] (px4_msgs) StdoutLine: {'line': b'-- Up-to-date: /home/jmj/pro_asp_ws/ws_px4_controls/install/px4_msgs/include/px4_msgs/px4_msgs/msg/detail/position_controller_landing_status__struct.hpp\n'}
[1.036465] (px4_msgs) StdoutLine: {'line': b'-- Up-to-date: /home/jmj/pro_asp_ws/ws_px4_controls/install/px4_msgs/include/px4_msgs/px4_msgs/msg/detail/estimator_innovations__builder.hpp\n'}
[1.036508] (px4_msgs) StdoutLine: {'line': b'-- Up-to-date: /home/jmj/pro_asp_ws/ws_px4_controls/install/px4_msgs/include/px4_msgs/px4_msgs/msg/detail/sensor_accel__type_support.hpp\n'}
[1.036533] (px4_msgs) StdoutLine: {'line': b'-- Up-to-date: /home/jmj/pro_asp_ws/ws_px4_controls/install/px4_msgs/include/px4_msgs/px4_msgs/msg/gimbal_device_information.hpp\n'}
[1.036556] (px4_msgs) StdoutLine: {'line': b'-- Up-to-date: /home/jmj/pro_asp_ws/ws_px4_controls/install/px4_msgs/include/px4_msgs/px4_msgs/msg/debug_array.hpp\n'}
[1.036590] (px4_msgs) StdoutLine: {'line': b'-- Up-to-date: /home/jmj/pro_asp_ws/ws_px4_controls/install/px4_msgs/include/px4_msgs/px4_msgs/msg/estimator_selector_status.hpp\n'}
[1.036618] (px4_msgs) StdoutLine: {'line': b'-- Up-to-date: /home/jmj/pro_asp_ws/ws_px4_controls/install/px4_msgs/include/px4_msgs/px4_msgs/msg/parameter_update.hpp\n'}
[1.036641] (px4_msgs) StdoutLine: {'line': b'-- Up-to-date: /home/jmj/pro_asp_ws/ws_px4_controls/install/px4_msgs/include/px4_msgs/px4_msgs/msg/mavlink_log.hpp\n'}
[1.036665] (px4_msgs) StdoutLine: {'line': b'-- Up-to-date: /home/jmj/pro_asp_ws/ws_px4_controls/install/px4_msgs/include/px4_msgs/px4_msgs/msg/sensor_airflow.hpp\n'}
[1.036689] (px4_msgs) StdoutLine: {'line': b'-- Up-to-date: /home/jmj/pro_asp_ws/ws_px4_controls/install/px4_msgs/include/px4_msgs/px4_msgs/msg/mission_result.hpp\n'}
[1.036714] (px4_msgs) StdoutLine: {'line': b'-- Up-to-date: /home/jmj/pro_asp_ws/ws_px4_controls/install/px4_msgs/include/px4_msgs/px4_msgs/msg/home_position.hpp\n'}
[1.036738] (px4_msgs) StdoutLine: {'line': b'-- Up-to-date: /home/jmj/pro_asp_ws/ws_px4_controls/install/px4_msgs/include/px4_msgs/px4_msgs/msg/sensor_gnss_relative.hpp\n'}
[1.036764] (px4_msgs) StdoutLine: {'line': b'-- Up-to-date: /home/jmj/pro_asp_ws/ws_px4_controls/install/px4_msgs/include/px4_msgs/px4_msgs/msg/sensors_status_imu.hpp\n'}
[1.036822] (px4_msgs) StdoutLine: {'line': b'-- Up-to-date: /home/jmj/pro_asp_ws/ws_px4_controls/install/px4_msgs/include/px4_msgs/px4_msgs/msg/generator_status.hpp\n'}
[1.036845] (px4_msgs) StdoutLine: {'line': b'-- Up-to-date: /home/jmj/pro_asp_ws/ws_px4_controls/install/px4_msgs/include/px4_msgs/px4_msgs/msg/position_controller_status.hpp\n'}
[1.036868] (px4_msgs) StdoutLine: {'line': b'-- Up-to-date: /home/jmj/pro_asp_ws/ws_px4_controls/install/px4_msgs/include/px4_msgs/px4_msgs/msg/esc_status.hpp\n'}
[1.036891] (px4_msgs) StdoutLine: {'line': b'-- Up-to-date: /home/jmj/pro_asp_ws/ws_px4_controls/install/px4_msgs/include/px4_msgs/px4_msgs/msg/estimator_aid_source2d.hpp\n'}
[1.036915] (px4_msgs) StdoutLine: {'line': b'-- Up-to-date: /home/jmj/pro_asp_ws/ws_px4_controls/install/px4_msgs/include/px4_msgs/px4_msgs/msg/power_button_state.hpp\n'}
[1.036952] (px4_msgs) StdoutLine: {'line': b'-- Up-to-date: /home/jmj/pro_asp_ws/ws_px4_controls/install/px4_msgs/include/px4_msgs/px4_msgs/msg/manual_control_switches.hpp\n'}
[1.036994] (px4_msgs) StdoutLine: {'line': b'-- Up-to-date: /home/jmj/pro_asp_ws/ws_px4_controls/install/px4_msgs/include/px4_msgs/px4_msgs/msg/gpio_config.hpp\n'}
[1.037033] (px4_msgs) StdoutLine: {'line': b'-- Up-to-date: /home/jmj/pro_asp_ws/ws_px4_controls/install/px4_msgs/include/px4_msgs/px4_msgs/msg/actuator_outputs.hpp\n'}
[1.037055] (px4_msgs) StdoutLine: {'line': b'-- Up-to-date: /home/jmj/pro_asp_ws/ws_px4_controls/install/px4_msgs/include/px4_msgs/px4_msgs/msg/sensor_hygrometer.hpp\n'}
[1.037076] (px4_msgs) StdoutLine: {'line': b'-- Up-to-date: /home/jmj/pro_asp_ws/ws_px4_controls/install/px4_msgs/include/px4_msgs/px4_msgs/msg/gimbal_device_attitude_status.hpp\n'}
[1.037097] (px4_msgs) StdoutLine: {'line': b'-- Up-to-date: /home/jmj/pro_asp_ws/ws_px4_controls/install/px4_msgs/include/px4_msgs/px4_msgs/msg/button_event.hpp\n'}
[1.037119] (px4_msgs) StdoutLine: {'line': b'-- Up-to-date: /home/jmj/pro_asp_ws/ws_px4_controls/install/px4_msgs/include/px4_msgs/px4_msgs/msg/ulog_stream.hpp\n'}
[1.037142] (px4_msgs) StdoutLine: {'line': b'-- Up-to-date: /home/jmj/pro_asp_ws/ws_px4_controls/install/px4_msgs/include/px4_msgs/px4_msgs/msg/onboard_computer_status.hpp\n'}
[1.037162] (px4_msgs) StdoutLine: {'line': b'-- Up-to-date: /home/jmj/pro_asp_ws/ws_px4_controls/install/px4_msgs/include/px4_msgs/px4_msgs/msg/parameter_set_value_request.hpp\n'}
[1.037186] (px4_msgs) StdoutLine: {'line': b'-- Up-to-date: /home/jmj/pro_asp_ws/ws_px4_controls/install/px4_msgs/include/px4_msgs/px4_msgs/msg/fixed_wing_runway_control.hpp\n'}
[1.037209] (px4_msgs) StdoutLine: {'line': b'-- Up-to-date: /home/jmj/pro_asp_ws/ws_px4_controls/install/px4_msgs/include/px4_msgs/px4_msgs/msg/camera_capture.hpp\n'}
[1.037230] (px4_msgs) StdoutLine: {'line': b'-- Up-to-date: /home/jmj/pro_asp_ws/ws_px4_controls/install/px4_msgs/include/px4_msgs/px4_msgs/msg/qshell_retval.hpp\n'}
[1.037252] (px4_msgs) StdoutLine: {'line': b'-- Up-to-date: /home/jmj/pro_asp_ws/ws_px4_controls/install/px4_msgs/include/px4_msgs/px4_msgs/msg/arming_check_reply.hpp\n'}
[1.037277] (px4_msgs) StdoutLine: {'line': b'-- Up-to-date: /home/jmj/pro_asp_ws/ws_px4_controls/install/px4_msgs/include/px4_msgs/px4_msgs/msg/position_setpoint_triplet.hpp\n'}
[1.037299] (px4_msgs) StdoutLine: {'line': b'-- Up-to-date: /home/jmj/pro_asp_ws/ws_px4_controls/install/px4_msgs/include/px4_msgs/px4_msgs/msg/actuator_servos.hpp\n'}
[1.037324] (px4_msgs) StdoutLine: {'line': b'-- Up-to-date: /home/jmj/pro_asp_ws/ws_px4_controls/install/px4_msgs/include/px4_msgs/px4_msgs/msg/sensor_gyro.hpp\n'}
[1.037348] (px4_msgs) StdoutLine: {'line': b'-- Up-to-date: /home/jmj/pro_asp_ws/ws_px4_controls/install/px4_msgs/include/px4_msgs/px4_msgs/msg/vehicle_imu_status.hpp\n'}
[1.037371] (px4_msgs) StdoutLine: {'line': b'-- Up-to-date: /home/jmj/pro_asp_ws/ws_px4_controls/install/px4_msgs/include/px4_msgs/px4_msgs/msg/rate_ctrl_status.hpp\n'}
[1.037422] (px4_msgs) StdoutLine: {'line': b'-- Up-to-date: /home/jmj/pro_asp_ws/ws_px4_controls/install/px4_msgs/include/px4_msgs/px4_msgs/msg/unregister_ext_component.hpp\n'}
[1.037445] (px4_msgs) StdoutLine: {'line': b'-- Up-to-date: /home/jmj/pro_asp_ws/ws_px4_controls/install/px4_msgs/include/px4_msgs/px4_msgs/msg/gps_dump.hpp\n'}
[1.037468] (px4_msgs) StdoutLine: {'line': b'-- Up-to-date: /home/jmj/pro_asp_ws/ws_px4_controls/install/px4_msgs/include/px4_msgs/px4_msgs/msg/rc_channels.hpp\n'}
[1.037490] (px4_msgs) StdoutLine: {'line': b'-- Up-to-date: /home/jmj/pro_asp_ws/ws_px4_controls/install/px4_msgs/include/px4_msgs/px4_msgs/msg/rover_attitude_status.hpp\n'}
[1.037512] (px4_msgs) StdoutLine: {'line': b'-- Up-to-date: /home/jmj/pro_asp_ws/ws_px4_controls/install/px4_msgs/include/px4_msgs/px4_msgs/msg/gripper.hpp\n'}
[1.037534] (px4_msgs) StdoutLine: {'line': b'-- Up-to-date: /home/jmj/pro_asp_ws/ws_px4_controls/install/px4_msgs/include/px4_msgs/px4_msgs/msg/estimator_bias.hpp\n'}
[1.037557] (px4_msgs) StdoutLine: {'line': b'-- Up-to-date: /home/jmj/pro_asp_ws/ws_px4_controls/install/px4_msgs/include/px4_msgs/px4_msgs/msg/vehicle_optical_flow_vel.hpp\n'}
[1.037579] (px4_msgs) StdoutLine: {'line': b'-- Up-to-date: /home/jmj/pro_asp_ws/ws_px4_controls/install/px4_msgs/include/px4_msgs/px4_msgs/msg/debug_key_value.hpp\n'}
[1.037601] (px4_msgs) StdoutLine: {'line': b'-- Up-to-date: /home/jmj/pro_asp_ws/ws_px4_controls/install/px4_msgs/include/px4_msgs/px4_msgs/msg/figure_eight_status.hpp\n'}
[1.037622] (px4_msgs) StdoutLine: {'line': b'-- Up-to-date: /home/jmj/pro_asp_ws/ws_px4_controls/install/px4_msgs/include/px4_msgs/px4_msgs/msg/manual_control_setpoint.hpp\n'}
[1.037643] (px4_msgs) StdoutLine: {'line': b'-- Up-to-date: /home/jmj/pro_asp_ws/ws_px4_controls/install/px4_msgs/include/px4_msgs/px4_msgs/msg/sensor_combined.hpp\n'}
[1.037664] (px4_msgs) StdoutLine: {'line': b'-- Up-to-date: /home/jmj/pro_asp_ws/ws_px4_controls/install/px4_msgs/include/px4_msgs/px4_msgs/msg/gimbal_manager_information.hpp\n'}
[1.037686] (px4_msgs) StdoutLine: {'line': b'-- Up-to-date: /home/jmj/pro_asp_ws/ws_px4_controls/install/px4_msgs/include/px4_msgs/px4_msgs/msg/sensor_correction.hpp\n'}
[1.037710] (px4_msgs) StdoutLine: {'line': b'-- Up-to-date: /home/jmj/pro_asp_ws/ws_px4_controls/install/px4_msgs/include/px4_msgs/px4_msgs/msg/flight_phase_estimation.hpp\n'}
[1.037737] (px4_msgs) StdoutLine: {'line': b'-- Up-to-date: /home/jmj/pro_asp_ws/ws_px4_controls/install/px4_msgs/include/px4_msgs/px4_msgs/msg/vehicle_angular_acceleration_setpoint.hpp\n'}
[1.037760] (px4_msgs) StdoutLine: {'line': b'-- Up-to-date: /home/jmj/pro_asp_ws/ws_px4_controls/install/px4_msgs/include/px4_msgs/px4_msgs/msg/vehicle_local_position.hpp\n'}
[1.037794] (px4_msgs) StdoutLine: {'line': b'-- Up-to-date: /home/jmj/pro_asp_ws/ws_px4_controls/install/px4_msgs/include/px4_msgs/px4_msgs/msg/estimator_innovations.hpp\n'}
[1.037815] (px4_msgs) StdoutLine: {'line': b'-- Up-to-date: /home/jmj/pro_asp_ws/ws_px4_controls/install/px4_msgs/include/px4_msgs/px4_msgs/msg/ekf2_timestamps.hpp\n'}
[1.037839] (px4_msgs) StdoutLine: {'line': b'-- Up-to-date: /home/jmj/pro_asp_ws/ws_px4_controls/install/px4_msgs/include/px4_msgs/px4_msgs/msg/health_report.hpp\n'}
[1.037860] (px4_msgs) StdoutLine: {'line': b'-- Up-to-date: /home/jmj/pro_asp_ws/ws_px4_controls/install/px4_msgs/include/px4_msgs/px4_msgs/msg/vehicle_land_detected.hpp\n'}
[1.037882] (px4_msgs) StdoutLine: {'line': b'-- Up-to-date: /home/jmj/pro_asp_ws/ws_px4_controls/install/px4_msgs/include/px4_msgs/px4_msgs/msg/register_ext_component_reply.hpp\n'}
[1.037903] (px4_msgs) StdoutLine: {'line': b'-- Up-to-date: /home/jmj/pro_asp_ws/ws_px4_controls/install/px4_msgs/include/px4_msgs/px4_msgs/msg/sensor_gyro_fifo.hpp\n'}
[1.037924] (px4_msgs) StdoutLine: {'line': b'-- Up-to-date: /home/jmj/pro_asp_ws/ws_px4_controls/install/px4_msgs/include/px4_msgs/px4_msgs/msg/distance_sensor.hpp\n'}
[1.037953] (px4_msgs) StdoutLine: {'line': b'-- Up-to-date: /home/jmj/pro_asp_ws/ws_px4_controls/install/px4_msgs/include/px4_msgs/px4_msgs/msg/orb_test_medium.hpp\n'}
[1.037983] (px4_msgs) StdoutLine: {'line': b'-- Up-to-date: /home/jmj/pro_asp_ws/ws_px4_controls/install/px4_msgs/include/px4_msgs/px4_msgs/msg/estimator_bias3d.hpp\n'}
[1.038005] (px4_msgs) StdoutLine: {'line': b'-- Up-to-date: /home/jmj/pro_asp_ws/ws_px4_controls/install/px4_msgs/include/px4_msgs/px4_msgs/msg/vehicle_local_position_setpoint.hpp\n'}
[1.038038] (px4_msgs) StdoutLine: {'line': b'-- Up-to-date: /home/jmj/pro_asp_ws/ws_px4_controls/install/px4_msgs/include/px4_msgs/px4_msgs/msg/landing_target_innovations.hpp\n'}
[1.038061] (px4_msgs) StdoutLine: {'line': b'-- Up-to-date: /home/jmj/pro_asp_ws/ws_px4_controls/install/px4_msgs/include/px4_msgs/px4_msgs/msg/landing_gear_wheel.hpp\n'}
[1.038084] (px4_msgs) StdoutLine: {'line': b'-- Up-to-date: /home/jmj/pro_asp_ws/ws_px4_controls/install/px4_msgs/include/px4_msgs/px4_msgs/msg/navigator_status.hpp\n'}
[1.038109] (px4_msgs) StdoutLine: {'line': b'-- Up-to-date: /home/jmj/pro_asp_ws/ws_px4_controls/install/px4_msgs/include/px4_msgs/px4_msgs/msg/gimbal_device_set_attitude.hpp\n'}
[1.038132] (px4_msgs) StdoutLine: {'line': b'-- Up-to-date: /home/jmj/pro_asp_ws/ws_px4_controls/install/px4_msgs/include/px4_msgs/px4_msgs/msg/camera_status.hpp\n'}
[1.038154] (px4_msgs) StdoutLine: {'line': b'-- Up-to-date: /home/jmj/pro_asp_ws/ws_px4_controls/install/px4_msgs/include/px4_msgs/px4_msgs/msg/trajectory_setpoint6dof.hpp\n'}
[1.038177] (px4_msgs) StdoutLine: {'line': b'-- Up-to-date: /home/jmj/pro_asp_ws/ws_px4_controls/install/px4_msgs/include/px4_msgs/px4_msgs/msg/velocity_limits.hpp\n'}
[1.038198] (px4_msgs) StdoutLine: {'line': b'-- Up-to-date: /home/jmj/pro_asp_ws/ws_px4_controls/install/px4_msgs/include/px4_msgs/px4_msgs/msg/message_format_response.hpp\n'}
[1.038219] (px4_msgs) StdoutLine: {'line': b'-- Up-to-date: /home/jmj/pro_asp_ws/ws_px4_controls/install/px4_msgs/include/px4_msgs/px4_msgs/msg/adc_report.hpp\n'}
[1.038241] (px4_msgs) StdoutLine: {'line': b'-- Up-to-date: /home/jmj/pro_asp_ws/ws_px4_controls/install/px4_msgs/include/px4_msgs/px4_msgs/msg/actuator_servos_trim.hpp\n'}
[1.038262] (px4_msgs) StdoutLine: {'line': b'-- Up-to-date: /home/jmj/pro_asp_ws/ws_px4_controls/install/px4_msgs/include/px4_msgs/px4_msgs/msg/sensor_gps.hpp\n'}
[1.038283] (px4_msgs) StdoutLine: {'line': b'-- Up-to-date: /home/jmj/pro_asp_ws/ws_px4_controls/install/px4_msgs/include/px4_msgs/px4_msgs/msg/sensor_accel.hpp\n'}
[1.038305] (px4_msgs) StdoutLine: {'line': b'-- Up-to-date: /home/jmj/pro_asp_ws/ws_px4_controls/install/px4_msgs/include/px4_msgs/px4_msgs/msg/estimator_states.hpp\n'}
[1.038328] (px4_msgs) StdoutLine: {'line': b'-- Up-to-date: /home/jmj/pro_asp_ws/ws_px4_controls/install/px4_msgs/include/px4_msgs/px4_msgs/msg/rtl_time_estimate.hpp\n'}
[1.038352] (px4_msgs) StdoutLine: {'line': b'-- Up-to-date: /home/jmj/pro_asp_ws/ws_px4_controls/install/px4_msgs/include/px4_msgs/px4_msgs/msg/offboard_control_mode.hpp\n'}
[1.038377] (px4_msgs) StdoutLine: {'line': b'-- Up-to-date: /home/jmj/pro_asp_ws/ws_px4_controls/install/px4_msgs/include/px4_msgs/px4_msgs/msg/satellite_info.hpp\n'}
[1.038401] (px4_msgs) StdoutLine: {'line': b'-- Up-to-date: /home/jmj/pro_asp_ws/ws_px4_controls/install/px4_msgs/include/px4_msgs/px4_msgs/msg/parameter_reset_request.hpp\n'}
[1.038432] (px4_msgs) StdoutLine: {'line': b'-- Up-to-date: /home/jmj/pro_asp_ws/ws_px4_controls/install/px4_msgs/include/px4_msgs/px4_msgs/msg/event.hpp\n'}
[1.038455] (px4_msgs) StdoutLine: {'line': b'-- Up-to-date: /home/jmj/pro_asp_ws/ws_px4_controls/install/px4_msgs/include/px4_msgs/px4_msgs/msg/pps_capture.hpp\n'}
[1.038479] (px4_msgs) StdoutLine: {'line': b'-- Up-to-date: /home/jmj/pro_asp_ws/ws_px4_controls/install/px4_msgs/include/px4_msgs/px4_msgs/msg/irlock_report.hpp\n'}
[1.038500] (px4_msgs) StdoutLine: {'line': b'-- Up-to-date: /home/jmj/pro_asp_ws/ws_px4_controls/install/px4_msgs/include/px4_msgs/px4_msgs/msg/arming_check_request.hpp\n'}
[1.038522] (px4_msgs) StdoutLine: {'line': b'-- Up-to-date: /home/jmj/pro_asp_ws/ws_px4_controls/install/px4_msgs/include/px4_msgs/px4_msgs/msg/failure_detector_status.hpp\n'}
[1.038545] (px4_msgs) StdoutLine: {'line': b'-- Up-to-date: /home/jmj/pro_asp_ws/ws_px4_controls/install/px4_msgs/include/px4_msgs/px4_msgs/msg/parameter_set_used_request.hpp\n'}
[1.038567] (px4_msgs) StdoutLine: {'line': b'-- Up-to-date: /home/jmj/pro_asp_ws/ws_px4_controls/install/px4_msgs/include/px4_msgs/px4_msgs/msg/open_drone_id_system.hpp\n'}
[1.038593] (px4_msgs) StdoutLine: {'line': b'-- Up-to-date: /home/jmj/pro_asp_ws/ws_px4_controls/install/px4_msgs/include/px4_msgs/px4_msgs/msg/vehicle_magnetometer.hpp\n'}
[1.038614] (px4_msgs) StdoutLine: {'line': b'-- Up-to-date: /home/jmj/pro_asp_ws/ws_px4_controls/install/px4_msgs/include/px4_msgs/px4_msgs/msg/hover_thrust_estimate.hpp\n'}
[1.038635] (px4_msgs) StdoutLine: {'line': b'-- Up-to-date: /home/jmj/pro_asp_ws/ws_px4_controls/install/px4_msgs/include/px4_msgs/px4_msgs/msg/lateral_control_configuration.hpp\n'}
[1.038657] (px4_msgs) StdoutLine: {'line': b'-- Up-to-date: /home/jmj/pro_asp_ws/ws_px4_controls/install/px4_msgs/include/px4_msgs/px4_msgs/msg/vehicle_global_position.hpp\n'}
[1.038682] (px4_msgs) StdoutLine: {'line': b'-- Up-to-date: /home/jmj/pro_asp_ws/ws_px4_controls/install/px4_msgs/include/px4_msgs/px4_msgs/msg/action_request.hpp\n'}
[1.038714] (px4_msgs) StdoutLine: {'line': b'-- Up-to-date: /home/jmj/pro_asp_ws/ws_px4_controls/install/px4_msgs/include/px4_msgs/px4_msgs/msg/mavlink_tunnel.hpp\n'}
[1.038738] (px4_msgs) StdoutLine: {'line': b'-- Up-to-date: /home/jmj/pro_asp_ws/ws_px4_controls/install/px4_msgs/include/px4_msgs/px4_msgs/msg/gimbal_manager_set_attitude.hpp\n'}
[1.038762] (px4_msgs) StdoutLine: {'line': b'-- Up-to-date: /home/jmj/pro_asp_ws/ws_px4_controls/install/px4_msgs/include/px4_msgs/px4_msgs/msg/mode_completed.hpp\n'}
[1.038783] (px4_msgs) StdoutLine: {'line': b'-- Up-to-date: /home/jmj/pro_asp_ws/ws_px4_controls/install/px4_msgs/include/px4_msgs/px4_msgs/msg/sensor_optical_flow.hpp\n'}
[1.038804] (px4_msgs) StdoutLine: {'line': b'-- Up-to-date: /home/jmj/pro_asp_ws/ws_px4_controls/install/px4_msgs/include/px4_msgs/px4_msgs/msg/cellular_status.hpp\n'}
[1.038825] (px4_msgs) StdoutLine: {'line': b'-- Up-to-date: /home/jmj/pro_asp_ws/ws_px4_controls/install/px4_msgs/include/px4_msgs/px4_msgs/msg/gimbal_manager_status.hpp\n'}
[1.038846] (px4_msgs) StdoutLine: {'line': b'-- Up-to-date: /home/jmj/pro_asp_ws/ws_px4_controls/install/px4_msgs/include/px4_msgs/px4_msgs/msg/collision_constraints.hpp\n'}
[1.038867] (px4_msgs) StdoutLine: {'line': b'-- Up-to-date: /home/jmj/pro_asp_ws/ws_px4_controls/install/px4_msgs/include/px4_msgs/px4_msgs/msg/geofence_status.hpp\n'}
[1.038890] (px4_msgs) StdoutLine: {'line': b'-- Up-to-date: /home/jmj/pro_asp_ws/ws_px4_controls/install/px4_msgs/include/px4_msgs/px4_msgs/msg/rover_throttle_setpoint.hpp\n'}
[1.038913] (px4_msgs) StdoutLine: {'line': b'-- Up-to-date: /home/jmj/pro_asp_ws/ws_px4_controls/install/px4_msgs/include/px4_msgs/px4_msgs/msg/battery_status.hpp\n'}
[1.038935] (px4_msgs) StdoutLine: {'line': b'-- Up-to-date: /home/jmj/pro_asp_ws/ws_px4_controls/install/px4_msgs/include/px4_msgs/px4_msgs/msg/rover_steering_setpoint.hpp\n'}
[1.038966] (px4_msgs) StdoutLine: {'line': b'-- Up-to-date: /home/jmj/pro_asp_ws/ws_px4_controls/install/px4_msgs/include/px4_msgs/px4_msgs/msg/fixed_wing_longitudinal_setpoint.hpp\n'}
[1.038990] (px4_msgs) StdoutLine: {'line': b'-- Up-to-date: /home/jmj/pro_asp_ws/ws_px4_controls/install/px4_msgs/include/px4_msgs/px4_msgs/msg/fuel_tank_status.hpp\n'}
[1.039013] (px4_msgs) StdoutLine: {'line': b'-- Up-to-date: /home/jmj/pro_asp_ws/ws_px4_controls/install/px4_msgs/include/px4_msgs/px4_msgs/msg/vehicle_command.hpp\n'}
[1.039037] (px4_msgs) StdoutLine: {'line': b'-- Up-to-date: /home/jmj/pro_asp_ws/ws_px4_controls/install/px4_msgs/include/px4_msgs/px4_msgs/msg/config_overrides.hpp\n'}
[1.039063] (px4_msgs) StdoutLine: {'line': b'-- Up-to-date: /home/jmj/pro_asp_ws/ws_px4_controls/install/px4_msgs/include/px4_msgs/px4_msgs/msg/debug_vect.hpp\n'}
[1.039088] (px4_msgs) StdoutLine: {'line': b'-- Up-to-date: /home/jmj/pro_asp_ws/ws_px4_controls/install/px4_msgs/include/px4_msgs/px4_msgs/msg/sensor_mag.hpp\n'}
[1.039137] (px4_msgs) StdoutLine: {'line': b'-- Up-to-date: /home/jmj/pro_asp_ws/ws_px4_controls/install/px4_msgs/include/px4_msgs/px4_msgs/msg/gps_inject_data.hpp\n'}
[1.039166] (px4_msgs) StdoutLine: {'line': b'-- Up-to-date: /home/jmj/pro_asp_ws/ws_px4_controls/install/px4_msgs/include/px4_msgs/px4_msgs/msg/follow_target.hpp\n'}
[1.039203] (px4_msgs) StdoutLine: {'line': b'-- Up-to-date: /home/jmj/pro_asp_ws/ws_px4_controls/install/px4_msgs/include/px4_msgs/px4_msgs/msg/parameter_set_value_response.hpp\n'}
[1.039239] (px4_msgs) StdoutLine: {'line': b'-- Up-to-date: /home/jmj/pro_asp_ws/ws_px4_controls/install/px4_msgs/include/px4_msgs/px4_msgs/msg/radio_status.hpp\n'}
[1.039264] (px4_msgs) StdoutLine: {'line': b'-- Up-to-date: /home/jmj/pro_asp_ws/ws_px4_controls/install/px4_msgs/include/px4_msgs/px4_msgs/msg/estimator_aid_source3d.hpp\n'}
[1.039289] (px4_msgs) StdoutLine: {'line': b'-- Up-to-date: /home/jmj/pro_asp_ws/ws_px4_controls/install/px4_msgs/include/px4_msgs/px4_msgs/msg/vehicle_attitude_setpoint.hpp\n'}
[1.039313] (px4_msgs) StdoutLine: {'line': b'-- Up-to-date: /home/jmj/pro_asp_ws/ws_px4_controls/install/px4_msgs/include/px4_msgs/px4_msgs/msg/actuator_test.hpp\n'}
[1.039336] (px4_msgs) StdoutLine: {'line': b'-- Up-to-date: /home/jmj/pro_asp_ws/ws_px4_controls/install/px4_msgs/include/px4_msgs/px4_msgs/msg/airspeed_validated.hpp\n'}
[1.039359] (px4_msgs) StdoutLine: {'line': b'-- Up-to-date: /home/jmj/pro_asp_ws/ws_px4_controls/install/px4_msgs/include/px4_msgs/px4_msgs/msg/failsafe_flags.hpp\n'}
[1.039383] (px4_msgs) StdoutLine: {'line': b'-- Up-to-date: /home/jmj/pro_asp_ws/ws_px4_controls/install/px4_msgs/include/px4_msgs/px4_msgs/msg/fixed_wing_lateral_setpoint.hpp\n'}
[1.039405] (px4_msgs) StdoutLine: {'line': b'-- Up-to-date: /home/jmj/pro_asp_ws/ws_px4_controls/install/px4_msgs/include/px4_msgs/px4_msgs/msg/vehicle_thrust_setpoint.hpp\n'}
[1.039446] (px4_msgs) StdoutLine: {'line': b'-- Up-to-date: /home/jmj/pro_asp_ws/ws_px4_controls/install/px4_msgs/include/px4_msgs/px4_msgs/msg/position_controller_landing_status.hpp\n'}
[1.039468] (px4_msgs) StdoutLine: {'line': b'-- Up-to-date: /home/jmj/pro_asp_ws/ws_px4_controls/install/px4_msgs/include/px4_msgs/px4_msgs/msg/gpio_in.hpp\n'}
[1.039490] (px4_msgs) StdoutLine: {'line': b'-- Up-to-date: /home/jmj/pro_asp_ws/ws_px4_controls/install/px4_msgs/include/px4_msgs/px4_msgs/msg/pure_pursuit_status.hpp\n'}
[1.039512] (px4_msgs) StdoutLine: {'line': b'-- Up-to-date: /home/jmj/pro_asp_ws/ws_px4_controls/install/px4_msgs/include/px4_msgs/px4_msgs/msg/rover_rate_setpoint.hpp\n'}
[1.039534] (px4_msgs) StdoutLine: {'line': b'-- Up-to-date: /home/jmj/pro_asp_ws/ws_px4_controls/install/px4_msgs/include/px4_msgs/px4_msgs/msg/vehicle_constraints.hpp\n'}
[1.039557] (px4_msgs) StdoutLine: {'line': b'-- Up-to-date: /home/jmj/pro_asp_ws/ws_px4_controls/install/px4_msgs/include/px4_msgs/px4_msgs/msg/follow_target_estimator.hpp\n'}
[1.039579] (px4_msgs) StdoutLine: {'line': b'-- Up-to-date: /home/jmj/pro_asp_ws/ws_px4_controls/install/px4_msgs/include/px4_msgs/px4_msgs/msg/log_message.hpp\n'}
[1.039601] (px4_msgs) StdoutLine: {'line': b'-- Up-to-date: /home/jmj/pro_asp_ws/ws_px4_controls/install/px4_msgs/include/px4_msgs/px4_msgs/msg/distance_sensor_mode_change_request.hpp\n'}
[1.039625] (px4_msgs) StdoutLine: {'line': b'-- Up-to-date: /home/jmj/pro_asp_ws/ws_px4_controls/install/px4_msgs/include/px4_msgs/px4_msgs/msg/debug_value.hpp\n'}
[1.039648] (px4_msgs) StdoutLine: {'line': b'-- Up-to-date: /home/jmj/pro_asp_ws/ws_px4_controls/install/px4_msgs/include/px4_msgs/px4_msgs/msg/dataman_request.hpp\n'}
[1.039672] (px4_msgs) StdoutLine: {'line': b'-- Up-to-date: /home/jmj/pro_asp_ws/ws_px4_controls/install/px4_msgs/include/px4_msgs/px4_msgs/msg/rosidl_generator_cpp__visibility_control.hpp\n'}
[1.039694] (px4_msgs) StdoutLine: {'line': b'-- Up-to-date: /home/jmj/pro_asp_ws/ws_px4_controls/install/px4_msgs/include/px4_msgs/px4_msgs/msg/vehicle_optical_flow.hpp\n'}
[1.039717] (px4_msgs) StdoutLine: {'line': b'-- Up-to-date: /home/jmj/pro_asp_ws/ws_px4_controls/install/px4_msgs/include/px4_msgs/px4_msgs/msg/telemetry_status.hpp\n'}
[1.039747] (px4_msgs) StdoutLine: {'line': b'-- Up-to-date: /home/jmj/pro_asp_ws/ws_px4_controls/install/px4_msgs/include/px4_msgs/px4_msgs/msg/internal_combustion_engine_control.hpp\n'}
[1.039768] (px4_msgs) StdoutLine: {'line': b'-- Up-to-date: /home/jmj/pro_asp_ws/ws_px4_controls/install/px4_msgs/include/px4_msgs/px4_msgs/msg/vehicle_rates_setpoint.hpp\n'}
[1.039790] (px4_msgs) StdoutLine: {'line': b'-- Up-to-date: /home/jmj/pro_asp_ws/ws_px4_controls/install/px4_msgs/include/px4_msgs/px4_msgs/msg/sensor_accel_fifo.hpp\n'}
[1.039811] (px4_msgs) StdoutLine: {'line': b'-- Up-to-date: /home/jmj/pro_asp_ws/ws_px4_controls/install/px4_msgs/include/px4_msgs/px4_msgs/msg/open_drone_id_arm_status.hpp\n'}
[1.039832] (px4_msgs) StdoutLine: {'line': b'-- Up-to-date: /home/jmj/pro_asp_ws/ws_px4_controls/install/px4_msgs/include/px4_msgs/px4_msgs/msg/follow_target_status.hpp\n'}
[1.039853] (px4_msgs) StdoutLine: {'line': b'-- Up-to-date: /home/jmj/pro_asp_ws/ws_px4_controls/install/px4_msgs/include/px4_msgs/px4_msgs/msg/trajectory_setpoint.hpp\n'}
[1.039874] (px4_msgs) StdoutLine: {'line': b'-- Up-to-date: /home/jmj/pro_asp_ws/ws_px4_controls/install/px4_msgs/include/px4_msgs/px4_msgs/msg/magnetometer_bias_estimate.hpp\n'}
[1.039895] (px4_msgs) StdoutLine: {'line': b'-- Up-to-date: /home/jmj/pro_asp_ws/ws_px4_controls/install/px4_msgs/include/px4_msgs/px4_msgs/msg/wind.hpp\n'}
[1.039918] (px4_msgs) StdoutLine: {'line': b'-- Up-to-date: /home/jmj/pro_asp_ws/ws_px4_controls/install/px4_msgs/include/px4_msgs/px4_msgs/msg/fixed_wing_lateral_guidance_status.hpp\n'}
[1.039946] (px4_msgs) StdoutLine: {'line': b'-- Up-to-date: /home/jmj/pro_asp_ws/ws_px4_controls/install/px4_msgs/include/px4_msgs/px4_msgs/msg/navigator_mission_item.hpp\n'}
[1.039980] (px4_msgs) StdoutLine: {'line': b'-- Up-to-date: /home/jmj/pro_asp_ws/ws_px4_controls/install/px4_msgs/include/px4_msgs/px4_msgs/msg/geofence_result.hpp\n'}
[1.040003] (px4_msgs) StdoutLine: {'line': b'-- Up-to-date: /home/jmj/pro_asp_ws/ws_px4_controls/install/px4_msgs/include/px4_msgs/px4_msgs/msg/message_format_request.hpp\n'}
[1.040053] (px4_msgs) StdoutLine: {'line': b'-- Up-to-date: /home/jmj/pro_asp_ws/ws_px4_controls/install/px4_msgs/include/px4_msgs/px4_msgs/msg/vehicle_status.hpp\n'}
[1.040082] (px4_msgs) StdoutLine: {'line': b'-- Up-to-date: /home/jmj/pro_asp_ws/ws_px4_controls/install/px4_msgs/include/px4_msgs/px4_msgs/msg/vehicle_torque_setpoint.hpp\n'}
[1.040105] (px4_msgs) StdoutLine: {'line': b'-- Up-to-date: /home/jmj/pro_asp_ws/ws_px4_controls/install/px4_msgs/include/px4_msgs/px4_msgs/msg/pwm_input.hpp\n'}
[1.040127] (px4_msgs) StdoutLine: {'line': b'-- Up-to-date: /home/jmj/pro_asp_ws/ws_px4_controls/install/px4_msgs/include/px4_msgs/px4_msgs/msg/vehicle_imu.hpp\n'}
[1.040149] (px4_msgs) StdoutLine: {'line': b'-- Up-to-date: /home/jmj/pro_asp_ws/ws_px4_controls/install/px4_msgs/include/px4_msgs/px4_msgs/msg/airspeed_wind.hpp\n'}
[1.040172] (px4_msgs) StdoutLine: {'line': b'-- Up-to-date: /home/jmj/pro_asp_ws/ws_px4_controls/install/px4_msgs/include/px4_msgs/px4_msgs/msg/uavcan_parameter_value.hpp\n'}
[1.040204] (px4_msgs) StdoutLine: {'line': b'-- Up-to-date: /home/jmj/pro_asp_ws/ws_px4_controls/install/px4_msgs/include/px4_msgs/px4_msgs/msg/estimator_event_flags.hpp\n'}
[1.040226] (px4_msgs) StdoutLine: {'line': b'-- Up-to-date: /home/jmj/pro_asp_ws/ws_px4_controls/install/px4_msgs/include/px4_msgs/px4_msgs/msg/tecs_status.hpp\n'}
[1.040262] (px4_msgs) StdoutLine: {'line': b'-- Up-to-date: /home/jmj/pro_asp_ws/ws_px4_controls/install/px4_msgs/include/px4_msgs/px4_msgs/msg/actuator_motors.hpp\n'}
[1.040285] (px4_msgs) StdoutLine: {'line': b'-- Up-to-date: /home/jmj/pro_asp_ws/ws_px4_controls/install/px4_msgs/include/px4_msgs/px4_msgs/msg/yaw_estimator_status.hpp\n'}
[1.040306] (px4_msgs) StdoutLine: {'line': b'-- Up-to-date: /home/jmj/pro_asp_ws/ws_px4_controls/install/px4_msgs/include/px4_msgs/px4_msgs/msg/register_ext_component_request.hpp\n'}
[1.040329] (px4_msgs) StdoutLine: {'line': b'-- Up-to-date: /home/jmj/pro_asp_ws/ws_px4_controls/install/px4_msgs/include/px4_msgs/px4_msgs/msg/autotune_attitude_control_status.hpp\n'}
[1.040353] (px4_msgs) StdoutLine: {'line': b'-- Up-to-date: /home/jmj/pro_asp_ws/ws_px4_controls/install/px4_msgs/include/px4_msgs/px4_msgs/msg/cpuload.hpp\n'}
[1.040375] (px4_msgs) StdoutLine: {'line': b'-- Up-to-date: /home/jmj/pro_asp_ws/ws_px4_controls/install/px4_msgs/include/px4_msgs/px4_msgs/msg/system_power.hpp\n'}
[1.040401] (px4_msgs) StdoutLine: {'line': b'-- Up-to-date: /home/jmj/pro_asp_ws/ws_px4_controls/install/px4_msgs/include/px4_msgs/px4_msgs/msg/led_control.hpp\n'}
[1.040433] (px4_msgs) StdoutLine: {'line': b'-- Up-to-date: /home/jmj/pro_asp_ws/ws_px4_controls/install/px4_msgs/include/px4_msgs/px4_msgs/msg/landing_gear.hpp\n'}
[1.040457] (px4_msgs) StdoutLine: {'line': b'-- Up-to-date: /home/jmj/pro_asp_ws/ws_px4_controls/install/px4_msgs/include/px4_msgs/px4_msgs/msg/rc_parameter_map.hpp\n'}
[1.040501] (px4_msgs) StdoutLine: {'line': b'-- Up-to-date: /home/jmj/pro_asp_ws/ws_px4_controls/install/px4_msgs/include/px4_msgs/px4_msgs/msg/tune_control.hpp\n'}
[1.040524] (px4_msgs) StdoutLine: {'line': b'-- Up-to-date: /home/jmj/pro_asp_ws/ws_px4_controls/install/px4_msgs/include/px4_msgs/px4_msgs/msg/vehicle_air_data.hpp\n'}
[1.040545] (px4_msgs) StdoutLine: {'line': b'-- Up-to-date: /home/jmj/pro_asp_ws/ws_px4_controls/install/px4_msgs/include/px4_msgs/px4_msgs/msg/power_monitor.hpp\n'}
[1.040567] (px4_msgs) StdoutLine: {'line': b'-- Up-to-date: /home/jmj/pro_asp_ws/ws_px4_controls/install/px4_msgs/include/px4_msgs/px4_msgs/msg/sensor_baro.hpp\n'}
[1.040589] (px4_msgs) StdoutLine: {'line': b'-- Up-to-date: /home/jmj/pro_asp_ws/ws_px4_controls/install/px4_msgs/include/px4_msgs/px4_msgs/msg/orbit_status.hpp\n'}
[1.040610] (px4_msgs) StdoutLine: {'line': b'-- Up-to-date: /home/jmj/pro_asp_ws/ws_px4_controls/install/px4_msgs/include/px4_msgs/px4_msgs/msg/mount_orientation.hpp\n'}
[1.040631] (px4_msgs) StdoutLine: {'line': b'-- Up-to-date: /home/jmj/pro_asp_ws/ws_px4_controls/install/px4_msgs/include/px4_msgs/px4_msgs/msg/gimbal_controls.hpp\n'}
[1.040653] (px4_msgs) StdoutLine: {'line': b'-- Up-to-date: /home/jmj/pro_asp_ws/ws_px4_controls/install/px4_msgs/include/px4_msgs/px4_msgs/msg/rpm.hpp\n'}
[1.040674] (px4_msgs) StdoutLine: {'line': b'-- Up-to-date: /home/jmj/pro_asp_ws/ws_px4_controls/install/px4_msgs/include/px4_msgs/px4_msgs\n'}
[1.040695] (px4_msgs) StdoutLine: {'line': b'-- Up-to-date: /home/jmj/pro_asp_ws/ws_px4_controls/install/px4_msgs/include/px4_msgs/px4_msgs/srv\n'}
[1.040716] (px4_msgs) StdoutLine: {'line': b'-- Up-to-date: /home/jmj/pro_asp_ws/ws_px4_controls/install/px4_msgs/include/px4_msgs/px4_msgs/srv/detail\n'}
[1.040740] (px4_msgs) StdoutLine: {'line': b'-- Up-to-date: /home/jmj/pro_asp_ws/ws_px4_controls/install/px4_msgs/include/px4_msgs/px4_msgs/srv/detail/dds_fastrtps\n'}
[1.040764] (px4_msgs) StdoutLine: {'line': b'-- Up-to-date: /home/jmj/pro_asp_ws/ws_px4_controls/install/px4_msgs/include/px4_msgs/px4_msgs/srv/detail/vehicle_command__rosidl_typesupport_fastrtps_cpp.hpp\n'}
[1.040788] (px4_msgs) StdoutLine: {'line': b'-- Up-to-date: /home/jmj/pro_asp_ws/ws_px4_controls/install/px4_msgs/include/px4_msgs/px4_msgs/msg\n'}
[1.040812] (px4_msgs) StdoutLine: {'line': b'-- Up-to-date: /home/jmj/pro_asp_ws/ws_px4_controls/install/px4_msgs/include/px4_msgs/px4_msgs/msg/detail\n'}
[1.040836] (px4_msgs) StdoutLine: {'line': b'-- Up-to-date: /home/jmj/pro_asp_ws/ws_px4_controls/install/px4_msgs/include/px4_msgs/px4_msgs/msg/detail/rc_parameter_map__rosidl_typesupport_fastrtps_cpp.hpp\n'}
[1.040860] (px4_msgs) StdoutLine: {'line': b'-- Up-to-date: /home/jmj/pro_asp_ws/ws_px4_controls/install/px4_msgs/include/px4_msgs/px4_msgs/msg/detail/pure_pursuit_status__rosidl_typesupport_fastrtps_cpp.hpp\n'}
[1.040883] (px4_msgs) StdoutLine: {'line': b'-- Up-to-date: /home/jmj/pro_asp_ws/ws_px4_controls/install/px4_msgs/include/px4_msgs/px4_msgs/msg/detail/vehicle_attitude__rosidl_typesupport_fastrtps_cpp.hpp\n'}
[1.040909] (px4_msgs) StdoutLine: {'line': b'-- Up-to-date: /home/jmj/pro_asp_ws/ws_px4_controls/install/px4_msgs/include/px4_msgs/px4_msgs/msg/detail/esc_status__rosidl_typesupport_fastrtps_cpp.hpp\n'}
[1.040951] (px4_msgs) StdoutLine: {'line': b'-- Up-to-date: /home/jmj/pro_asp_ws/ws_px4_controls/install/px4_msgs/include/px4_msgs/px4_msgs/msg/detail/mavlink_tunnel__rosidl_typesupport_fastrtps_cpp.hpp\n'}
[1.040975] (px4_msgs) StdoutLine: {'line': b'-- Up-to-date: /home/jmj/pro_asp_ws/ws_px4_controls/install/px4_msgs/include/px4_msgs/px4_msgs/msg/detail/rc_channels__rosidl_typesupport_fastrtps_cpp.hpp\n'}
[1.040998] (px4_msgs) StdoutLine: {'line': b'-- Up-to-date: /home/jmj/pro_asp_ws/ws_px4_controls/install/px4_msgs/include/px4_msgs/px4_msgs/msg/detail/sensor_accel_fifo__rosidl_typesupport_fastrtps_cpp.hpp\n'}
[1.041020] (px4_msgs) StdoutLine: {'line': b'-- Up-to-date: /home/jmj/pro_asp_ws/ws_px4_controls/install/px4_msgs/include/px4_msgs/px4_msgs/msg/detail/mount_orientation__rosidl_typesupport_fastrtps_cpp.hpp\n'}
[1.041045] (px4_msgs) StdoutLine: {'line': b'-- Up-to-date: /home/jmj/pro_asp_ws/ws_px4_controls/install/px4_msgs/include/px4_msgs/px4_msgs/msg/detail/wheel_encoders__rosidl_typesupport_fastrtps_cpp.hpp\n'}
[1.041068] (px4_msgs) StdoutLine: {'line': b'-- Up-to-date: /home/jmj/pro_asp_ws/ws_px4_controls/install/px4_msgs/include/px4_msgs/px4_msgs/msg/detail/flight_phase_estimation__rosidl_typesupport_fastrtps_cpp.hpp\n'}
[1.041090] (px4_msgs) StdoutLine: {'line': b'-- Up-to-date: /home/jmj/pro_asp_ws/ws_px4_controls/install/px4_msgs/include/px4_msgs/px4_msgs/msg/detail/esc_report__rosidl_typesupport_fastrtps_cpp.hpp\n'}
[1.041113] (px4_msgs) StdoutLine: {'line': b'-- Up-to-date: /home/jmj/pro_asp_ws/ws_px4_controls/install/px4_msgs/include/px4_msgs/px4_msgs/msg/detail/parameter_set_value_response__rosidl_typesupport_fastrtps_cpp.hpp\n'}
[1.041138] (px4_msgs) StdoutLine: {'line': b'-- Up-to-date: /home/jmj/pro_asp_ws/ws_px4_controls/install/px4_msgs/include/px4_msgs/px4_msgs/msg/detail/vehicle_status__rosidl_typesupport_fastrtps_cpp.hpp\n'}
[1.041162] (px4_msgs) StdoutLine: {'line': b'-- Up-to-date: /home/jmj/pro_asp_ws/ws_px4_controls/install/px4_msgs/include/px4_msgs/px4_msgs/msg/detail/cellular_status__rosidl_typesupport_fastrtps_cpp.hpp\n'}
[1.041197] (px4_msgs) StdoutLine: {'line': b'-- Up-to-date: /home/jmj/pro_asp_ws/ws_px4_controls/install/px4_msgs/include/px4_msgs/px4_msgs/msg/detail/dds_fastrtps\n'}
[1.041219] (px4_msgs) StdoutLine: {'line': b'-- Up-to-date: /home/jmj/pro_asp_ws/ws_px4_controls/install/px4_msgs/include/px4_msgs/px4_msgs/msg/detail/camera_capture__rosidl_typesupport_fastrtps_cpp.hpp\n'}
[1.041241] (px4_msgs) StdoutLine: {'line': b'-- Up-to-date: /home/jmj/pro_asp_ws/ws_px4_controls/install/px4_msgs/include/px4_msgs/px4_msgs/msg/detail/cpuload__rosidl_typesupport_fastrtps_cpp.hpp\n'}
[1.041262] (px4_msgs) StdoutLine: {'line': b'-- Up-to-date: /home/jmj/pro_asp_ws/ws_px4_controls/install/px4_msgs/include/px4_msgs/px4_msgs/msg/detail/message_format_response__rosidl_typesupport_fastrtps_cpp.hpp\n'}
[1.041283] (px4_msgs) StdoutLine: {'line': b'-- Up-to-date: /home/jmj/pro_asp_ws/ws_px4_controls/install/px4_msgs/include/px4_msgs/px4_msgs/msg/detail/sensor_gyro__rosidl_typesupport_fastrtps_cpp.hpp\n'}
[1.041303] (px4_msgs) StdoutLine: {'line': b'-- Up-to-date: /home/jmj/pro_asp_ws/ws_px4_controls/install/px4_msgs/include/px4_msgs/px4_msgs/msg/detail/power_button_state__rosidl_typesupport_fastrtps_cpp.hpp\n'}
[1.041325] (px4_msgs) StdoutLine: {'line': b'-- Up-to-date: /home/jmj/pro_asp_ws/ws_px4_controls/install/px4_msgs/include/px4_msgs/px4_msgs/msg/detail/fuel_tank_status__rosidl_typesupport_fastrtps_cpp.hpp\n'}
[1.041346] (px4_msgs) StdoutLine: {'line': b'-- Up-to-date: /home/jmj/pro_asp_ws/ws_px4_controls/install/px4_msgs/include/px4_msgs/px4_msgs/msg/detail/log_message__rosidl_typesupport_fastrtps_cpp.hpp\n'}
[1.041370] (px4_msgs) StdoutLine: {'line': b'-- Up-to-date: /home/jmj/pro_asp_ws/ws_px4_controls/install/px4_msgs/include/px4_msgs/px4_msgs/msg/detail/vehicle_thrust_setpoint__rosidl_typesupport_fastrtps_cpp.hpp\n'}
[1.041402] (px4_msgs) StdoutLine: {'line': b'-- Up-to-date: /home/jmj/pro_asp_ws/ws_px4_controls/install/px4_msgs/include/px4_msgs/px4_msgs/msg/detail/control_allocator_status__rosidl_typesupport_fastrtps_cpp.hpp\n'}
[1.041424] (px4_msgs) StdoutLine: {'line': b'-- Up-to-date: /home/jmj/pro_asp_ws/ws_px4_controls/install/px4_msgs/include/px4_msgs/px4_msgs/msg/detail/vehicle_optical_flow_vel__rosidl_typesupport_fastrtps_cpp.hpp\n'}
[1.041446] (px4_msgs) StdoutLine: {'line': b'-- Up-to-date: /home/jmj/pro_asp_ws/ws_px4_controls/install/px4_msgs/include/px4_msgs/px4_msgs/msg/detail/vehicle_torque_setpoint__rosidl_typesupport_fastrtps_cpp.hpp\n'}
[1.041468] (px4_msgs) StdoutLine: {'line': b'-- Up-to-date: /home/jmj/pro_asp_ws/ws_px4_controls/install/px4_msgs/include/px4_msgs/px4_msgs/msg/detail/vehicle_imu__rosidl_typesupport_fastrtps_cpp.hpp\n'}
[1.041488] (px4_msgs) StdoutLine: {'line': b'-- Up-to-date: /home/jmj/pro_asp_ws/ws_px4_controls/install/px4_msgs/include/px4_msgs/px4_msgs/msg/detail/vtol_vehicle_status__rosidl_typesupport_fastrtps_cpp.hpp\n'}
[1.041509] (px4_msgs) StdoutLine: {'line': b'-- Up-to-date: /home/jmj/pro_asp_ws/ws_px4_controls/install/px4_msgs/include/px4_msgs/px4_msgs/msg/detail/hover_thrust_estimate__rosidl_typesupport_fastrtps_cpp.hpp\n'}
[1.041531] (px4_msgs) StdoutLine: {'line': b'-- Up-to-date: /home/jmj/pro_asp_ws/ws_px4_controls/install/px4_msgs/include/px4_msgs/px4_msgs/msg/detail/gimbal_controls__rosidl_typesupport_fastrtps_cpp.hpp\n'}
[1.041552] (px4_msgs) StdoutLine: {'line': b'-- Up-to-date: /home/jmj/pro_asp_ws/ws_px4_controls/install/px4_msgs/include/px4_msgs/px4_msgs/msg/detail/launch_detection_status__rosidl_typesupport_fastrtps_cpp.hpp\n'}
[1.041573] (px4_msgs) StdoutLine: {'line': b'-- Up-to-date: /home/jmj/pro_asp_ws/ws_px4_controls/install/px4_msgs/include/px4_msgs/px4_msgs/msg/detail/estimator_bias__rosidl_typesupport_fastrtps_cpp.hpp\n'}
[1.041595] (px4_msgs) StdoutLine: {'line': b'-- Up-to-date: /home/jmj/pro_asp_ws/ws_px4_controls/install/px4_msgs/include/px4_msgs/px4_msgs/msg/detail/actuator_motors__rosidl_typesupport_fastrtps_cpp.hpp\n'}
[1.041627] (px4_msgs) StdoutLine: {'line': b'-- Up-to-date: /home/jmj/pro_asp_ws/ws_px4_controls/install/px4_msgs/include/px4_msgs/px4_msgs/msg/detail/rover_attitude_status__rosidl_typesupport_fastrtps_cpp.hpp\n'}
[1.041657] (px4_msgs) StdoutLine: {'line': b'-- Up-to-date: /home/jmj/pro_asp_ws/ws_px4_controls/install/px4_msgs/include/px4_msgs/px4_msgs/msg/detail/estimator_bias3d__rosidl_typesupport_fastrtps_cpp.hpp\n'}
[1.041682] (px4_msgs) StdoutLine: {'line': b'-- Up-to-date: /home/jmj/pro_asp_ws/ws_px4_controls/install/px4_msgs/include/px4_msgs/px4_msgs/msg/detail/debug_vect__rosidl_typesupport_fastrtps_cpp.hpp\n'}
[1.041708] (px4_msgs) StdoutLine: {'line': b'-- Up-to-date: /home/jmj/pro_asp_ws/ws_px4_controls/install/px4_msgs/include/px4_msgs/px4_msgs/msg/detail/distance_sensor__rosidl_typesupport_fastrtps_cpp.hpp\n'}
[1.041731] (px4_msgs) StdoutLine: {'line': b'-- Up-to-date: /home/jmj/pro_asp_ws/ws_px4_controls/install/px4_msgs/include/px4_msgs/px4_msgs/msg/detail/internal_combustion_engine_control__rosidl_typesupport_fastrtps_cpp.hpp\n'}
[1.041755] (px4_msgs) StdoutLine: {'line': b'-- Up-to-date: /home/jmj/pro_asp_ws/ws_px4_controls/install/px4_msgs/include/px4_msgs/px4_msgs/msg/detail/power_monitor__rosidl_typesupport_fastrtps_cpp.hpp\n'}
[1.041778] (px4_msgs) StdoutLine: {'line': b'-- Up-to-date: /home/jmj/pro_asp_ws/ws_px4_controls/install/px4_msgs/include/px4_msgs/px4_msgs/msg/detail/collision_constraints__rosidl_typesupport_fastrtps_cpp.hpp\n'}
[1.041801] (px4_msgs) StdoutLine: {'line': b'-- Up-to-date: /home/jmj/pro_asp_ws/ws_px4_controls/install/px4_msgs/include/px4_msgs/px4_msgs/msg/detail/gpio_request__rosidl_typesupport_fastrtps_cpp.hpp\n'}
[1.041824] (px4_msgs) StdoutLine: {'line': b'-- Up-to-date: /home/jmj/pro_asp_ws/ws_px4_controls/install/px4_msgs/include/px4_msgs/px4_msgs/msg/detail/mag_worker_data__rosidl_typesupport_fastrtps_cpp.hpp\n'}
[1.041849] (px4_msgs) StdoutLine: {'line': b'-- Up-to-date: /home/jmj/pro_asp_ws/ws_px4_controls/install/px4_msgs/include/px4_msgs/px4_msgs/msg/detail/vehicle_land_detected__rosidl_typesupport_fastrtps_cpp.hpp\n'}
[1.041886] (px4_msgs) StdoutLine: {'line': b'-- Up-to-date: /home/jmj/pro_asp_ws/ws_px4_controls/install/px4_msgs/include/px4_msgs/px4_msgs/msg/detail/yaw_estimator_status__rosidl_typesupport_fastrtps_cpp.hpp\n'}
[1.041909] (px4_msgs) StdoutLine: {'line': b'-- Up-to-date: /home/jmj/pro_asp_ws/ws_px4_controls/install/px4_msgs/include/px4_msgs/px4_msgs/msg/detail/logger_status__rosidl_typesupport_fastrtps_cpp.hpp\n'}
[1.041932] (px4_msgs) StdoutLine: {'line': b'-- Up-to-date: /home/jmj/pro_asp_ws/ws_px4_controls/install/px4_msgs/include/px4_msgs/px4_msgs/msg/detail/tune_control__rosidl_typesupport_fastrtps_cpp.hpp\n'}
[1.041968] (px4_msgs) StdoutLine: {'line': b'-- Up-to-date: /home/jmj/pro_asp_ws/ws_px4_controls/install/px4_msgs/include/px4_msgs/px4_msgs/msg/detail/open_drone_id_arm_status__rosidl_typesupport_fastrtps_cpp.hpp\n'}
[1.041990] (px4_msgs) StdoutLine: {'line': b'-- Up-to-date: /home/jmj/pro_asp_ws/ws_px4_controls/install/px4_msgs/include/px4_msgs/px4_msgs/msg/detail/rate_ctrl_status__rosidl_typesupport_fastrtps_cpp.hpp\n'}
[1.042011] (px4_msgs) StdoutLine: {'line': b'-- Up-to-date: /home/jmj/pro_asp_ws/ws_px4_controls/install/px4_msgs/include/px4_msgs/px4_msgs/msg/detail/rover_rate_status__rosidl_typesupport_fastrtps_cpp.hpp\n'}
[1.042033] (px4_msgs) StdoutLine: {'line': b'-- Up-to-date: /home/jmj/pro_asp_ws/ws_px4_controls/install/px4_msgs/include/px4_msgs/px4_msgs/msg/detail/internal_combustion_engine_status__rosidl_typesupport_fastrtps_cpp.hpp\n'}
[1.042054] (px4_msgs) StdoutLine: {'line': b'-- Up-to-date: /home/jmj/pro_asp_ws/ws_px4_controls/install/px4_msgs/include/px4_msgs/px4_msgs/msg/detail/rover_throttle_setpoint__rosidl_typesupport_fastrtps_cpp.hpp\n'}
[1.042077] (px4_msgs) StdoutLine: {'line': b'-- Up-to-date: /home/jmj/pro_asp_ws/ws_px4_controls/install/px4_msgs/include/px4_msgs/px4_msgs/msg/detail/estimator_sensor_bias__rosidl_typesupport_fastrtps_cpp.hpp\n'}
[1.042099] (px4_msgs) StdoutLine: {'line': b'-- Up-to-date: /home/jmj/pro_asp_ws/ws_px4_controls/install/px4_msgs/include/px4_msgs/px4_msgs/msg/detail/estimator_aid_source3d__rosidl_typesupport_fastrtps_cpp.hpp\n'}
[1.042123] (px4_msgs) StdoutLine: {'line': b'-- Up-to-date: /home/jmj/pro_asp_ws/ws_px4_controls/install/px4_msgs/include/px4_msgs/px4_msgs/msg/detail/health_report__rosidl_typesupport_fastrtps_cpp.hpp\n'}
[1.042148] (px4_msgs) StdoutLine: {'line': b'-- Up-to-date: /home/jmj/pro_asp_ws/ws_px4_controls/install/px4_msgs/include/px4_msgs/px4_msgs/msg/detail/position_controller_landing_status__rosidl_typesupport_fastrtps_cpp.hpp\n'}
[1.042172] (px4_msgs) StdoutLine: {'line': b'-- Up-to-date: /home/jmj/pro_asp_ws/ws_px4_controls/install/px4_msgs/include/px4_msgs/px4_msgs/msg/detail/open_drone_id_self_id__rosidl_typesupport_fastrtps_cpp.hpp\n'}
[1.042197] (px4_msgs) StdoutLine: {'line': b'-- Up-to-date: /home/jmj/pro_asp_ws/ws_px4_controls/install/px4_msgs/include/px4_msgs/px4_msgs/msg/detail/heater_status__rosidl_typesupport_fastrtps_cpp.hpp\n'}
[1.042248] (px4_msgs) StdoutLine: {'line': b'-- Up-to-date: /home/jmj/pro_asp_ws/ws_px4_controls/install/px4_msgs/include/px4_msgs/px4_msgs/msg/detail/iridiumsbd_status__rosidl_typesupport_fastrtps_cpp.hpp\n'}
[1.042288] (px4_msgs) StdoutLine: {'line': b'-- Up-to-date: /home/jmj/pro_asp_ws/ws_px4_controls/install/px4_msgs/include/px4_msgs/px4_msgs/msg/detail/pwm_input__rosidl_typesupport_fastrtps_cpp.hpp\n'}
[1.042329] (px4_msgs) StdoutLine: {'line': b'-- Up-to-date: /home/jmj/pro_asp_ws/ws_px4_controls/install/px4_msgs/include/px4_msgs/px4_msgs/msg/detail/wind__rosidl_typesupport_fastrtps_cpp.hpp\n'}
[1.042351] (px4_msgs) StdoutLine: {'line': b'-- Up-to-date: /home/jmj/pro_asp_ws/ws_px4_controls/install/px4_msgs/include/px4_msgs/px4_msgs/msg/detail/trajectory_setpoint__rosidl_typesupport_fastrtps_cpp.hpp\n'}
[1.042374] (px4_msgs) StdoutLine: {'line': b'-- Up-to-date: /home/jmj/pro_asp_ws/ws_px4_controls/install/px4_msgs/include/px4_msgs/px4_msgs/msg/detail/ekf2_timestamps__rosidl_typesupport_fastrtps_cpp.hpp\n'}
[1.042397] (px4_msgs) StdoutLine: {'line': b'-- Up-to-date: /home/jmj/pro_asp_ws/ws_px4_controls/install/px4_msgs/include/px4_msgs/px4_msgs/msg/detail/differential_pressure__rosidl_typesupport_fastrtps_cpp.hpp\n'}
[1.042421] (px4_msgs) StdoutLine: {'line': b'-- Up-to-date: /home/jmj/pro_asp_ws/ws_px4_controls/install/px4_msgs/include/px4_msgs/px4_msgs/msg/detail/rover_position_setpoint__rosidl_typesupport_fastrtps_cpp.hpp\n'}
[1.042443] (px4_msgs) StdoutLine: {'line': b'-- Up-to-date: /home/jmj/pro_asp_ws/ws_px4_controls/install/px4_msgs/include/px4_msgs/px4_msgs/msg/detail/estimator_states__rosidl_typesupport_fastrtps_cpp.hpp\n'}
[1.042464] (px4_msgs) StdoutLine: {'line': b'-- Up-to-date: /home/jmj/pro_asp_ws/ws_px4_controls/install/px4_msgs/include/px4_msgs/px4_msgs/msg/detail/actuator_servos_trim__rosidl_typesupport_fastrtps_cpp.hpp\n'}
[1.042485] (px4_msgs) StdoutLine: {'line': b'-- Up-to-date: /home/jmj/pro_asp_ws/ws_px4_controls/install/px4_msgs/include/px4_msgs/px4_msgs/msg/detail/vehicle_magnetometer__rosidl_typesupport_fastrtps_cpp.hpp\n'}
[1.042507] (px4_msgs) StdoutLine: {'line': b'-- Up-to-date: /home/jmj/pro_asp_ws/ws_px4_controls/install/px4_msgs/include/px4_msgs/px4_msgs/msg/detail/register_ext_component_reply__rosidl_typesupport_fastrtps_cpp.hpp\n'}
[1.042528] (px4_msgs) StdoutLine: {'line': b'-- Up-to-date: /home/jmj/pro_asp_ws/ws_px4_controls/install/px4_msgs/include/px4_msgs/px4_msgs/msg/detail/mavlink_log__rosidl_typesupport_fastrtps_cpp.hpp\n'}
[1.042559] (px4_msgs) StdoutLine: {'line': b'-- Up-to-date: /home/jmj/pro_asp_ws/ws_px4_controls/install/px4_msgs/include/px4_msgs/px4_msgs/msg/detail/estimator_aid_source1d__rosidl_typesupport_fastrtps_cpp.hpp\n'}
[1.042580] (px4_msgs) StdoutLine: {'line': b'-- Up-to-date: /home/jmj/pro_asp_ws/ws_px4_controls/install/px4_msgs/include/px4_msgs/px4_msgs/msg/detail/arming_check_reply__rosidl_typesupport_fastrtps_cpp.hpp\n'}
[1.042601] (px4_msgs) StdoutLine: {'line': b'-- Up-to-date: /home/jmj/pro_asp_ws/ws_px4_controls/install/px4_msgs/include/px4_msgs/px4_msgs/msg/detail/fixed_wing_lateral_guidance_status__rosidl_typesupport_fastrtps_cpp.hpp\n'}
[1.042623] (px4_msgs) StdoutLine: {'line': b'-- Up-to-date: /home/jmj/pro_asp_ws/ws_px4_controls/install/px4_msgs/include/px4_msgs/px4_msgs/msg/detail/sensor_selection__rosidl_typesupport_fastrtps_cpp.hpp\n'}
[1.042644] (px4_msgs) StdoutLine: {'line': b'-- Up-to-date: /home/jmj/pro_asp_ws/ws_px4_controls/install/px4_msgs/include/px4_msgs/px4_msgs/msg/detail/vehicle_roi__rosidl_typesupport_fastrtps_cpp.hpp\n'}
[1.042665] (px4_msgs) StdoutLine: {'line': b'-- Up-to-date: /home/jmj/pro_asp_ws/ws_px4_controls/install/px4_msgs/include/px4_msgs/px4_msgs/msg/detail/rover_velocity_status__rosidl_typesupport_fastrtps_cpp.hpp\n'}
[1.042686] (px4_msgs) StdoutLine: {'line': b'-- Up-to-date: /home/jmj/pro_asp_ws/ws_px4_controls/install/px4_msgs/include/px4_msgs/px4_msgs/msg/detail/follow_target_estimator__rosidl_typesupport_fastrtps_cpp.hpp\n'}
[1.042706] (px4_msgs) StdoutLine: {'line': b'-- Up-to-date: /home/jmj/pro_asp_ws/ws_px4_controls/install/px4_msgs/include/px4_msgs/px4_msgs/msg/detail/vehicle_optical_flow__rosidl_typesupport_fastrtps_cpp.hpp\n'}
[1.042727] (px4_msgs) StdoutLine: {'line': b'-- Up-to-date: /home/jmj/pro_asp_ws/ws_px4_controls/install/px4_msgs/include/px4_msgs/px4_msgs/msg/detail/position_setpoint__rosidl_typesupport_fastrtps_cpp.hpp\n'}
[1.042749] (px4_msgs) StdoutLine: {'line': b'-- Up-to-date: /home/jmj/pro_asp_ws/ws_px4_controls/install/px4_msgs/include/px4_msgs/px4_msgs/msg/detail/ulog_stream_ack__rosidl_typesupport_fastrtps_cpp.hpp\n'}
[1.042780] (px4_msgs) StdoutLine: {'line': b'-- Up-to-date: /home/jmj/pro_asp_ws/ws_px4_controls/install/px4_msgs/include/px4_msgs/px4_msgs/msg/detail/parameter_set_used_request__rosidl_typesupport_fastrtps_cpp.hpp\n'}
[1.042801] (px4_msgs) StdoutLine: {'line': b'-- Up-to-date: /home/jmj/pro_asp_ws/ws_px4_controls/install/px4_msgs/include/px4_msgs/px4_msgs/msg/detail/goto_setpoint__rosidl_typesupport_fastrtps_cpp.hpp\n'}
[1.042826] (px4_msgs) StdoutLine: {'line': b'-- Up-to-date: /home/jmj/pro_asp_ws/ws_px4_controls/install/px4_msgs/include/px4_msgs/px4_msgs/msg/detail/follow_target__rosidl_typesupport_fastrtps_cpp.hpp\n'}
[1.042847] (px4_msgs) StdoutLine: {'line': b'-- Up-to-date: /home/jmj/pro_asp_ws/ws_px4_controls/install/px4_msgs/include/px4_msgs/px4_msgs/msg/detail/input_rc__rosidl_typesupport_fastrtps_cpp.hpp\n'}
[1.042868] (px4_msgs) StdoutLine: {'line': b'-- Up-to-date: /home/jmj/pro_asp_ws/ws_px4_controls/install/px4_msgs/include/px4_msgs/px4_msgs/msg/detail/gimbal_manager_status__rosidl_typesupport_fastrtps_cpp.hpp\n'}
[1.042895] (px4_msgs) StdoutLine: {'line': b'-- Up-to-date: /home/jmj/pro_asp_ws/ws_px4_controls/install/px4_msgs/include/px4_msgs/px4_msgs/msg/detail/camera_status__rosidl_typesupport_fastrtps_cpp.hpp\n'}
[1.042917] (px4_msgs) StdoutLine: {'line': b'-- Up-to-date: /home/jmj/pro_asp_ws/ws_px4_controls/install/px4_msgs/include/px4_msgs/px4_msgs/msg/detail/airspeed__rosidl_typesupport_fastrtps_cpp.hpp\n'}
[1.042941] (px4_msgs) StdoutLine: {'line': b'-- Up-to-date: /home/jmj/pro_asp_ws/ws_px4_controls/install/px4_msgs/include/px4_msgs/px4_msgs/msg/detail/figure_eight_status__rosidl_typesupport_fastrtps_cpp.hpp\n'}
[1.042978] (px4_msgs) StdoutLine: {'line': b'-- Up-to-date: /home/jmj/pro_asp_ws/ws_px4_controls/install/px4_msgs/include/px4_msgs/px4_msgs/msg/detail/radio_status__rosidl_typesupport_fastrtps_cpp.hpp\n'}
[1.043000] (px4_msgs) StdoutLine: {'line': b'-- Up-to-date: /home/jmj/pro_asp_ws/ws_px4_controls/install/px4_msgs/include/px4_msgs/px4_msgs/msg/detail/sensor_airflow__rosidl_typesupport_fastrtps_cpp.hpp\n'}
[1.043021] (px4_msgs) StdoutLine: {'line': b'-- Up-to-date: /home/jmj/pro_asp_ws/ws_px4_controls/install/px4_msgs/include/px4_msgs/px4_msgs/msg/detail/follow_target_status__rosidl_typesupport_fastrtps_cpp.hpp\n'}
[1.043043] (px4_msgs) StdoutLine: {'line': b'-- Up-to-date: /home/jmj/pro_asp_ws/ws_px4_controls/install/px4_msgs/include/px4_msgs/px4_msgs/msg/detail/gpio_out__rosidl_typesupport_fastrtps_cpp.hpp\n'}
[1.043071] (px4_msgs) StdoutLine: {'line': b'-- Up-to-date: /home/jmj/pro_asp_ws/ws_px4_controls/install/px4_msgs/include/px4_msgs/px4_msgs/msg/detail/vehicle_angular_velocity__rosidl_typesupport_fastrtps_cpp.hpp\n'}
[1.043097] (px4_msgs) StdoutLine: {'line': b'-- Up-to-date: /home/jmj/pro_asp_ws/ws_px4_controls/install/px4_msgs/include/px4_msgs/px4_msgs/msg/detail/ping__rosidl_typesupport_fastrtps_cpp.hpp\n'}
[1.043128] (px4_msgs) StdoutLine: {'line': b'-- Up-to-date: /home/jmj/pro_asp_ws/ws_px4_controls/install/px4_msgs/include/px4_msgs/px4_msgs/msg/detail/gimbal_manager_set_manual_control__rosidl_typesupport_fastrtps_cpp.hpp\n'}
[1.043161] (px4_msgs) StdoutLine: {'line': b'-- Up-to-date: /home/jmj/pro_asp_ws/ws_px4_controls/install/px4_msgs/include/px4_msgs/px4_msgs/msg/detail/orb_test_medium__rosidl_typesupport_fastrtps_cpp.hpp\n'}
[1.043211] (px4_msgs) StdoutLine: {'line': b'-- Up-to-date: /home/jmj/pro_asp_ws/ws_px4_controls/install/px4_msgs/include/px4_msgs/px4_msgs/msg/detail/sensor_gyro_fft__rosidl_typesupport_fastrtps_cpp.hpp\n'}
[1.043241] (px4_msgs) StdoutLine: {'line': b'-- Up-to-date: /home/jmj/pro_asp_ws/ws_px4_controls/install/px4_msgs/include/px4_msgs/px4_msgs/msg/detail/open_drone_id_operator_id__rosidl_typesupport_fastrtps_cpp.hpp\n'}
[1.043265] (px4_msgs) StdoutLine: {'line': b'-- Up-to-date: /home/jmj/pro_asp_ws/ws_px4_controls/install/px4_msgs/include/px4_msgs/px4_msgs/msg/detail/sensors_status_imu__rosidl_typesupport_fastrtps_cpp.hpp\n'}
[1.043293] (px4_msgs) StdoutLine: {'line': b'-- Up-to-date: /home/jmj/pro_asp_ws/ws_px4_controls/install/px4_msgs/include/px4_msgs/px4_msgs/msg/detail/gps_dump__rosidl_typesupport_fastrtps_cpp.hpp\n'}
[1.043320] (px4_msgs) StdoutLine: {'line': b'-- Up-to-date: /home/jmj/pro_asp_ws/ws_px4_controls/install/px4_msgs/include/px4_msgs/px4_msgs/msg/detail/led_control__rosidl_typesupport_fastrtps_cpp.hpp\n'}
[1.043345] (px4_msgs) StdoutLine: {'line': b'-- Up-to-date: /home/jmj/pro_asp_ws/ws_px4_controls/install/px4_msgs/include/px4_msgs/px4_msgs/msg/detail/sensor_accel__rosidl_typesupport_fastrtps_cpp.hpp\n'}
[1.043371] (px4_msgs) StdoutLine: {'line': b'-- Up-to-date: /home/jmj/pro_asp_ws/ws_px4_controls/install/px4_msgs/include/px4_msgs/px4_msgs/msg/detail/normalized_unsigned_setpoint__rosidl_typesupport_fastrtps_cpp.hpp\n'}
[1.043393] (px4_msgs) StdoutLine: {'line': b'-- Up-to-date: /home/jmj/pro_asp_ws/ws_px4_controls/install/px4_msgs/include/px4_msgs/px4_msgs/msg/detail/actuator_servos__rosidl_typesupport_fastrtps_cpp.hpp\n'}
[1.043415] (px4_msgs) StdoutLine: {'line': b'-- Up-to-date: /home/jmj/pro_asp_ws/ws_px4_controls/install/px4_msgs/include/px4_msgs/px4_msgs/msg/detail/arming_check_request__rosidl_typesupport_fastrtps_cpp.hpp\n'}
[1.043436] (px4_msgs) StdoutLine: {'line': b'-- Up-to-date: /home/jmj/pro_asp_ws/ws_px4_controls/install/px4_msgs/include/px4_msgs/px4_msgs/msg/detail/lateral_control_configuration__rosidl_typesupport_fastrtps_cpp.hpp\n'}
[1.043472] (px4_msgs) StdoutLine: {'line': b'-- Up-to-date: /home/jmj/pro_asp_ws/ws_px4_controls/install/px4_msgs/include/px4_msgs/px4_msgs/msg/detail/rtl_time_estimate__rosidl_typesupport_fastrtps_cpp.hpp\n'}
[1.043494] (px4_msgs) StdoutLine: {'line': b'-- Up-to-date: /home/jmj/pro_asp_ws/ws_px4_controls/install/px4_msgs/include/px4_msgs/px4_msgs/msg/detail/generator_status__rosidl_typesupport_fastrtps_cpp.hpp\n'}
[1.043516] (px4_msgs) StdoutLine: {'line': b'-- Up-to-date: /home/jmj/pro_asp_ws/ws_px4_controls/install/px4_msgs/include/px4_msgs/px4_msgs/msg/detail/estimator_gps_status__rosidl_typesupport_fastrtps_cpp.hpp\n'}
[1.043547] (px4_msgs) StdoutLine: {'line': b'-- Up-to-date: /home/jmj/pro_asp_ws/ws_px4_controls/install/px4_msgs/include/px4_msgs/px4_msgs/msg/detail/gps_inject_data__rosidl_typesupport_fastrtps_cpp.hpp\n'}
[1.043572] (px4_msgs) StdoutLine: {'line': b'-- Up-to-date: /home/jmj/pro_asp_ws/ws_px4_controls/install/px4_msgs/include/px4_msgs/px4_msgs/msg/detail/sensor_mag__rosidl_typesupport_fastrtps_cpp.hpp\n'}
[1.043598] (px4_msgs) StdoutLine: {'line': b'-- Up-to-date: /home/jmj/pro_asp_ws/ws_px4_controls/install/px4_msgs/include/px4_msgs/px4_msgs/msg/detail/gimbal_device_information__rosidl_typesupport_fastrtps_cpp.hpp\n'}
[1.043619] (px4_msgs) StdoutLine: {'line': b'-- Up-to-date: /home/jmj/pro_asp_ws/ws_px4_controls/install/px4_msgs/include/px4_msgs/px4_msgs/msg/detail/velocity_limits__rosidl_typesupport_fastrtps_cpp.hpp\n'}
[1.043650] (px4_msgs) StdoutLine: {'line': b'-- Up-to-date: /home/jmj/pro_asp_ws/ws_px4_controls/install/px4_msgs/include/px4_msgs/px4_msgs/msg/detail/vehicle_global_position__rosidl_typesupport_fastrtps_cpp.hpp\n'}
[1.043672] (px4_msgs) StdoutLine: {'line': b'-- Up-to-date: /home/jmj/pro_asp_ws/ws_px4_controls/install/px4_msgs/include/px4_msgs/px4_msgs/msg/detail/vehicle_constraints__rosidl_typesupport_fastrtps_cpp.hpp\n'}
[1.043694] (px4_msgs) StdoutLine: {'line': b'-- Up-to-date: /home/jmj/pro_asp_ws/ws_px4_controls/install/px4_msgs/include/px4_msgs/px4_msgs/msg/detail/mode_completed__rosidl_typesupport_fastrtps_cpp.hpp\n'}
[1.043715] (px4_msgs) StdoutLine: {'line': b'-- Up-to-date: /home/jmj/pro_asp_ws/ws_px4_controls/install/px4_msgs/include/px4_msgs/px4_msgs/msg/detail/sensor_uwb__rosidl_typesupport_fastrtps_cpp.hpp\n'}
[1.043738] (px4_msgs) StdoutLine: {'line': b'-- Up-to-date: /home/jmj/pro_asp_ws/ws_px4_controls/install/px4_msgs/include/px4_msgs/px4_msgs/msg/detail/home_position__rosidl_typesupport_fastrtps_cpp.hpp\n'}
[1.043769] (px4_msgs) StdoutLine: {'line': b'-- Up-to-date: /home/jmj/pro_asp_ws/ws_px4_controls/install/px4_msgs/include/px4_msgs/px4_msgs/msg/detail/position_setpoint_triplet__rosidl_typesupport_fastrtps_cpp.hpp\n'}
[1.043791] (px4_msgs) StdoutLine: {'line': b'-- Up-to-date: /home/jmj/pro_asp_ws/ws_px4_controls/install/px4_msgs/include/px4_msgs/px4_msgs/msg/detail/offboard_control_mode__rosidl_typesupport_fastrtps_cpp.hpp\n'}
[1.043812] (px4_msgs) StdoutLine: {'line': b'-- Up-to-date: /home/jmj/pro_asp_ws/ws_px4_controls/install/px4_msgs/include/px4_msgs/px4_msgs/msg/detail/message_format_request__rosidl_typesupport_fastrtps_cpp.hpp\n'}
[1.043839] (px4_msgs) StdoutLine: {'line': b'-- Up-to-date: /home/jmj/pro_asp_ws/ws_px4_controls/install/px4_msgs/include/px4_msgs/px4_msgs/msg/detail/longitudinal_control_configuration__rosidl_typesupport_fastrtps_cpp.hpp\n'}
[1.043862] (px4_msgs) StdoutLine: {'line': b'-- Up-to-date: /home/jmj/pro_asp_ws/ws_px4_controls/install/px4_msgs/include/px4_msgs/px4_msgs/msg/detail/rpm__rosidl_typesupport_fastrtps_cpp.hpp\n'}
[1.043898] (px4_msgs) StdoutLine: {'line': b'-- Up-to-date: /home/jmj/pro_asp_ws/ws_px4_controls/install/px4_msgs/include/px4_msgs/px4_msgs/msg/detail/magnetometer_bias_estimate__rosidl_typesupport_fastrtps_cpp.hpp\n'}
[1.043926] (px4_msgs) StdoutLine: {'line': b'-- Up-to-date: /home/jmj/pro_asp_ws/ws_px4_controls/install/px4_msgs/include/px4_msgs/px4_msgs/msg/detail/action_request__rosidl_typesupport_fastrtps_cpp.hpp\n'}
[1.043997] (px4_msgs) StdoutLine: {'line': b'-- Up-to-date: /home/jmj/pro_asp_ws/ws_px4_controls/install/px4_msgs/include/px4_msgs/px4_msgs/msg/detail/vehicle_imu_status__rosidl_typesupport_fastrtps_cpp.hpp\n'}
[1.044080] (px4_msgs) StdoutLine: {'line': b'-- Up-to-date: /home/jmj/pro_asp_ws/ws_px4_controls/install/px4_msgs/include/px4_msgs/px4_msgs/msg/detail/takeoff_status__rosidl_typesupport_fastrtps_cpp.hpp\n'}
[1.044119] (px4_msgs) StdoutLine: {'line': b'-- Up-to-date: /home/jmj/pro_asp_ws/ws_px4_controls/install/px4_msgs/include/px4_msgs/px4_msgs/msg/detail/trajectory_setpoint6dof__rosidl_typesupport_fastrtps_cpp.hpp\n'}
[1.044152] (px4_msgs) StdoutLine: {'line': b'-- Up-to-date: /home/jmj/pro_asp_ws/ws_px4_controls/install/px4_msgs/include/px4_msgs/px4_msgs/msg/detail/orb_test_large__rosidl_typesupport_fastrtps_cpp.hpp\n'}
[1.044193] (px4_msgs) StdoutLine: {'line': b'-- Up-to-date: /home/jmj/pro_asp_ws/ws_px4_controls/install/px4_msgs/include/px4_msgs/px4_msgs/msg/detail/rover_rate_setpoint__rosidl_typesupport_fastrtps_cpp.hpp\n'}
[1.044238] (px4_msgs) StdoutLine: {'line': b'-- Up-to-date: /home/jmj/pro_asp_ws/ws_px4_controls/install/px4_msgs/include/px4_msgs/px4_msgs/msg/detail/geofence_result__rosidl_typesupport_fastrtps_cpp.hpp\n'}
[1.044268] (px4_msgs) StdoutLine: {'line': b'-- Up-to-date: /home/jmj/pro_asp_ws/ws_px4_controls/install/px4_msgs/include/px4_msgs/px4_msgs/msg/detail/uavcan_parameter_value__rosidl_typesupport_fastrtps_cpp.hpp\n'}
[1.044291] (px4_msgs) StdoutLine: {'line': b'-- Up-to-date: /home/jmj/pro_asp_ws/ws_px4_controls/install/px4_msgs/include/px4_msgs/px4_msgs/msg/detail/gripper__rosidl_typesupport_fastrtps_cpp.hpp\n'}
[1.044314] (px4_msgs) StdoutLine: {'line': b'-- Up-to-date: /home/jmj/pro_asp_ws/ws_px4_controls/install/px4_msgs/include/px4_msgs/px4_msgs/msg/detail/debug_array__rosidl_typesupport_fastrtps_cpp.hpp\n'}
[1.044344] (px4_msgs) StdoutLine: {'line': b'-- Up-to-date: /home/jmj/pro_asp_ws/ws_px4_controls/install/px4_msgs/include/px4_msgs/px4_msgs/msg/detail/estimator_aid_source2d__rosidl_typesupport_fastrtps_cpp.hpp\n'}
[1.044382] (px4_msgs) StdoutLine: {'line': b'-- Up-to-date: /home/jmj/pro_asp_ws/ws_px4_controls/install/px4_msgs/include/px4_msgs/px4_msgs/msg/detail/button_event__rosidl_typesupport_fastrtps_cpp.hpp\n'}
[1.044423] (px4_msgs) StdoutLine: {'line': b'-- Up-to-date: /home/jmj/pro_asp_ws/ws_px4_controls/install/px4_msgs/include/px4_msgs/px4_msgs/msg/detail/register_ext_component_request__rosidl_typesupport_fastrtps_cpp.hpp\n'}
[1.044446] (px4_msgs) StdoutLine: {'line': b'-- Up-to-date: /home/jmj/pro_asp_ws/ws_px4_controls/install/px4_msgs/include/px4_msgs/px4_msgs/msg/detail/rtl_status__rosidl_typesupport_fastrtps_cpp.hpp\n'}
[1.044471] (px4_msgs) StdoutLine: {'line': b'-- Up-to-date: /home/jmj/pro_asp_ws/ws_px4_controls/install/px4_msgs/include/px4_msgs/px4_msgs/msg/detail/autotune_attitude_control_status__rosidl_typesupport_fastrtps_cpp.hpp\n'}
[1.044494] (px4_msgs) StdoutLine: {'line': b'-- Up-to-date: /home/jmj/pro_asp_ws/ws_px4_controls/install/px4_msgs/include/px4_msgs/px4_msgs/msg/detail/sensor_optical_flow__rosidl_typesupport_fastrtps_cpp.hpp\n'}
[1.044519] (px4_msgs) StdoutLine: {'line': b'-- Up-to-date: /home/jmj/pro_asp_ws/ws_px4_controls/install/px4_msgs/include/px4_msgs/px4_msgs/msg/detail/rover_steering_setpoint__rosidl_typesupport_fastrtps_cpp.hpp\n'}
[1.044550] (px4_msgs) StdoutLine: {'line': b'-- Up-to-date: /home/jmj/pro_asp_ws/ws_px4_controls/install/px4_msgs/include/px4_msgs/px4_msgs/msg/detail/parameter_update__rosidl_typesupport_fastrtps_cpp.hpp\n'}
[1.044574] (px4_msgs) StdoutLine: {'line': b'-- Up-to-date: /home/jmj/pro_asp_ws/ws_px4_controls/install/px4_msgs/include/px4_msgs/px4_msgs/msg/detail/adc_report__rosidl_typesupport_fastrtps_cpp.hpp\n'}
[1.044601] (px4_msgs) StdoutLine: {'line': b'-- Up-to-date: /home/jmj/pro_asp_ws/ws_px4_controls/install/px4_msgs/include/px4_msgs/px4_msgs/msg/detail/actuator_outputs__rosidl_typesupport_fastrtps_cpp.hpp\n'}
[1.044626] (px4_msgs) StdoutLine: {'line': b'-- Up-to-date: /home/jmj/pro_asp_ws/ws_px4_controls/install/px4_msgs/include/px4_msgs/px4_msgs/msg/detail/gimbal_device_set_attitude__rosidl_typesupport_fastrtps_cpp.hpp\n'}
[1.044648] (px4_msgs) StdoutLine: {'line': b'-- Up-to-date: /home/jmj/pro_asp_ws/ws_px4_controls/install/px4_msgs/include/px4_msgs/px4_msgs/msg/detail/airspeed_validated__rosidl_typesupport_fastrtps_cpp.hpp\n'}
[1.044670] (px4_msgs) StdoutLine: {'line': b'-- Up-to-date: /home/jmj/pro_asp_ws/ws_px4_controls/install/px4_msgs/include/px4_msgs/px4_msgs/msg/detail/task_stack_info__rosidl_typesupport_fastrtps_cpp.hpp\n'}
[1.044692] (px4_msgs) StdoutLine: {'line': b'-- Up-to-date: /home/jmj/pro_asp_ws/ws_px4_controls/install/px4_msgs/include/px4_msgs/px4_msgs/msg/detail/onboard_computer_status__rosidl_typesupport_fastrtps_cpp.hpp\n'}
[1.044728] (px4_msgs) StdoutLine: {'line': b'-- Up-to-date: /home/jmj/pro_asp_ws/ws_px4_controls/install/px4_msgs/include/px4_msgs/px4_msgs/msg/detail/vehicle_odometry__rosidl_typesupport_fastrtps_cpp.hpp\n'}
[1.044751] (px4_msgs) StdoutLine: {'line': b'-- Up-to-date: /home/jmj/pro_asp_ws/ws_px4_controls/install/px4_msgs/include/px4_msgs/px4_msgs/msg/detail/qshell_req__rosidl_typesupport_fastrtps_cpp.hpp\n'}
[1.044773] (px4_msgs) StdoutLine: {'line': b'-- Up-to-date: /home/jmj/pro_asp_ws/ws_px4_controls/install/px4_msgs/include/px4_msgs/px4_msgs/msg/detail/satellite_info__rosidl_typesupport_fastrtps_cpp.hpp\n'}
[1.044796] (px4_msgs) StdoutLine: {'line': b'-- Up-to-date: /home/jmj/pro_asp_ws/ws_px4_controls/install/px4_msgs/include/px4_msgs/px4_msgs/msg/detail/open_drone_id_system__rosidl_typesupport_fastrtps_cpp.hpp\n'}
[1.044820] (px4_msgs) StdoutLine: {'line': b'-- Up-to-date: /home/jmj/pro_asp_ws/ws_px4_controls/install/px4_msgs/include/px4_msgs/px4_msgs/msg/detail/orbit_status__rosidl_typesupport_fastrtps_cpp.hpp\n'}
[1.044844] (px4_msgs) StdoutLine: {'line': b'-- Up-to-date: /home/jmj/pro_asp_ws/ws_px4_controls/install/px4_msgs/include/px4_msgs/px4_msgs/msg/detail/camera_trigger__rosidl_typesupport_fastrtps_cpp.hpp\n'}
[1.044880] (px4_msgs) StdoutLine: {'line': b'-- Up-to-date: /home/jmj/pro_asp_ws/ws_px4_controls/install/px4_msgs/include/px4_msgs/px4_msgs/msg/detail/vehicle_local_position_setpoint__rosidl_typesupport_fastrtps_cpp.hpp\n'}
[1.044907] (px4_msgs) StdoutLine: {'line': b'-- Up-to-date: /home/jmj/pro_asp_ws/ws_px4_controls/install/px4_msgs/include/px4_msgs/px4_msgs/msg/detail/manual_control_switches__rosidl_typesupport_fastrtps_cpp.hpp\n'}
[1.044932] (px4_msgs) StdoutLine: {'line': b'-- Up-to-date: /home/jmj/pro_asp_ws/ws_px4_controls/install/px4_msgs/include/px4_msgs/px4_msgs/msg/detail/sensor_combined__rosidl_typesupport_fastrtps_cpp.hpp\n'}
[1.044973] (px4_msgs) StdoutLine: {'line': b'-- Up-to-date: /home/jmj/pro_asp_ws/ws_px4_controls/install/px4_msgs/include/px4_msgs/px4_msgs/msg/detail/dataman_request__rosidl_typesupport_fastrtps_cpp.hpp\n'}
[1.045009] (px4_msgs) StdoutLine: {'line': b'-- Up-to-date: /home/jmj/pro_asp_ws/ws_px4_controls/install/px4_msgs/include/px4_msgs/px4_msgs/msg/detail/estimator_selector_status__rosidl_typesupport_fastrtps_cpp.hpp\n'}
[1.045041] (px4_msgs) StdoutLine: {'line': b'-- Up-to-date: /home/jmj/pro_asp_ws/ws_px4_controls/install/px4_msgs/include/px4_msgs/px4_msgs/msg/detail/landing_gear__rosidl_typesupport_fastrtps_cpp.hpp\n'}
[1.045071] (px4_msgs) StdoutLine: {'line': b'-- Up-to-date: /home/jmj/pro_asp_ws/ws_px4_controls/install/px4_msgs/include/px4_msgs/px4_msgs/msg/detail/gimbal_manager_set_attitude__rosidl_typesupport_fastrtps_cpp.hpp\n'}
[1.045097] (px4_msgs) StdoutLine: {'line': b'-- Up-to-date: /home/jmj/pro_asp_ws/ws_px4_controls/install/px4_msgs/include/px4_msgs/px4_msgs/msg/detail/failure_detector_status__rosidl_typesupport_fastrtps_cpp.hpp\n'}
[1.045119] (px4_msgs) StdoutLine: {'line': b'-- Up-to-date: /home/jmj/pro_asp_ws/ws_px4_controls/install/px4_msgs/include/px4_msgs/px4_msgs/msg/detail/irlock_report__rosidl_typesupport_fastrtps_cpp.hpp\n'}
[1.045144] (px4_msgs) StdoutLine: {'line': b'-- Up-to-date: /home/jmj/pro_asp_ws/ws_px4_controls/install/px4_msgs/include/px4_msgs/px4_msgs/msg/detail/estimator_innovations__rosidl_typesupport_fastrtps_cpp.hpp\n'}
[1.045188] (px4_msgs) StdoutLine: {'line': b'-- Up-to-date: /home/jmj/pro_asp_ws/ws_px4_controls/install/px4_msgs/include/px4_msgs/px4_msgs/msg/detail/config_overrides__rosidl_typesupport_fastrtps_cpp.hpp\n'}
[1.045211] (px4_msgs) StdoutLine: {'line': b'-- Up-to-date: /home/jmj/pro_asp_ws/ws_px4_controls/install/px4_msgs/include/px4_msgs/px4_msgs/msg/detail/telemetry_status__rosidl_typesupport_fastrtps_cpp.hpp\n'}
[1.045234] (px4_msgs) StdoutLine: {'line': b'-- Up-to-date: /home/jmj/pro_asp_ws/ws_px4_controls/install/px4_msgs/include/px4_msgs/px4_msgs/msg/detail/vehicle_angular_acceleration_setpoint__rosidl_typesupport_fastrtps_cpp.hpp\n'}
[1.045255] (px4_msgs) StdoutLine: {'line': b'-- Up-to-date: /home/jmj/pro_asp_ws/ws_px4_controls/install/px4_msgs/include/px4_msgs/px4_msgs/msg/detail/fixed_wing_lateral_setpoint__rosidl_typesupport_fastrtps_cpp.hpp\n'}
[1.045277] (px4_msgs) StdoutLine: {'line': b'-- Up-to-date: /home/jmj/pro_asp_ws/ws_px4_controls/install/px4_msgs/include/px4_msgs/px4_msgs/msg/detail/vehicle_local_position__rosidl_typesupport_fastrtps_cpp.hpp\n'}
[1.045298] (px4_msgs) StdoutLine: {'line': b'-- Up-to-date: /home/jmj/pro_asp_ws/ws_px4_controls/install/px4_msgs/include/px4_msgs/px4_msgs/msg/detail/actuator_test__rosidl_typesupport_fastrtps_cpp.hpp\n'}
[1.045319] (px4_msgs) StdoutLine: {'line': b'-- Up-to-date: /home/jmj/pro_asp_ws/ws_px4_controls/install/px4_msgs/include/px4_msgs/px4_msgs/msg/detail/landing_target_pose__rosidl_typesupport_fastrtps_cpp.hpp\n'}
[1.045341] (px4_msgs) StdoutLine: {'line': b'-- Up-to-date: /home/jmj/pro_asp_ws/ws_px4_controls/install/px4_msgs/include/px4_msgs/px4_msgs/msg/detail/orb_test__rosidl_typesupport_fastrtps_cpp.hpp\n'}
[1.045372] (px4_msgs) StdoutLine: {'line': b'-- Up-to-date: /home/jmj/pro_asp_ws/ws_px4_controls/install/px4_msgs/include/px4_msgs/px4_msgs/msg/detail/event__rosidl_typesupport_fastrtps_cpp.hpp\n'}
[1.045412] (px4_msgs) StdoutLine: {'line': b'-- Up-to-date: /home/jmj/pro_asp_ws/ws_px4_controls/install/px4_msgs/include/px4_msgs/px4_msgs/msg/detail/vehicle_rates_setpoint__rosidl_typesupport_fastrtps_cpp.hpp\n'}
[1.045467] (px4_msgs) StdoutLine: {'line': b'-- Up-to-date: /home/jmj/pro_asp_ws/ws_px4_controls/install/px4_msgs/include/px4_msgs/px4_msgs/msg/detail/mission_result__rosidl_typesupport_fastrtps_cpp.hpp\n'}
[1.045492] (px4_msgs) StdoutLine: {'line': b'-- Up-to-date: /home/jmj/pro_asp_ws/ws_px4_controls/install/px4_msgs/include/px4_msgs/px4_msgs/msg/detail/gpio_in__rosidl_typesupport_fastrtps_cpp.hpp\n'}
[1.045515] (px4_msgs) StdoutLine: {'line': b'-- Up-to-date: /home/jmj/pro_asp_ws/ws_px4_controls/install/px4_msgs/include/px4_msgs/px4_msgs/msg/detail/obstacle_distance__rosidl_typesupport_fastrtps_cpp.hpp\n'}
[1.045543] (px4_msgs) StdoutLine: {'line': b'-- Up-to-date: /home/jmj/pro_asp_ws/ws_px4_controls/install/px4_msgs/include/px4_msgs/px4_msgs/msg/detail/unregister_ext_component__rosidl_typesupport_fastrtps_cpp.hpp\n'}
[1.045582] (px4_msgs) StdoutLine: {'line': b'-- Up-to-date: /home/jmj/pro_asp_ws/ws_px4_controls/install/px4_msgs/include/px4_msgs/px4_msgs/msg/detail/system_power__rosidl_typesupport_fastrtps_cpp.hpp\n'}
[1.045625] (px4_msgs) StdoutLine: {'line': b'-- Up-to-date: /home/jmj/pro_asp_ws/ws_px4_controls/install/px4_msgs/include/px4_msgs/px4_msgs/msg/detail/fixed_wing_lateral_status__rosidl_typesupport_fastrtps_cpp.hpp\n'}
[1.045675] (px4_msgs) StdoutLine: {'line': b'-- Up-to-date: /home/jmj/pro_asp_ws/ws_px4_controls/install/px4_msgs/include/px4_msgs/px4_msgs/msg/detail/sensor_gps__rosidl_typesupport_fastrtps_cpp.hpp\n'}
[1.045712] (px4_msgs) StdoutLine: {'line': b'-- Up-to-date: /home/jmj/pro_asp_ws/ws_px4_controls/install/px4_msgs/include/px4_msgs/px4_msgs/msg/detail/position_controller_status__rosidl_typesupport_fastrtps_cpp.hpp\n'}
[1.045749] (px4_msgs) StdoutLine: {'line': b'-- Up-to-date: /home/jmj/pro_asp_ws/ws_px4_controls/install/px4_msgs/include/px4_msgs/px4_msgs/msg/detail/vehicle_command_ack__rosidl_typesupport_fastrtps_cpp.hpp\n'}
[1.045787] (px4_msgs) StdoutLine: {'line': b'-- Up-to-date: /home/jmj/pro_asp_ws/ws_px4_controls/install/px4_msgs/include/px4_msgs/px4_msgs/msg/detail/gpio_config__rosidl_typesupport_fastrtps_cpp.hpp\n'}
[1.045826] (px4_msgs) StdoutLine: {'line': b'-- Up-to-date: /home/jmj/pro_asp_ws/ws_px4_controls/install/px4_msgs/include/px4_msgs/px4_msgs/msg/detail/estimator_status__rosidl_typesupport_fastrtps_cpp.hpp\n'}
[1.045867] (px4_msgs) StdoutLine: {'line': b'-- Up-to-date: /home/jmj/pro_asp_ws/ws_px4_controls/install/px4_msgs/include/px4_msgs/px4_msgs/msg/detail/geofence_status__rosidl_typesupport_fastrtps_cpp.hpp\n'}
[1.045908] (px4_msgs) StdoutLine: {'line': b'-- Up-to-date: /home/jmj/pro_asp_ws/ws_px4_controls/install/px4_msgs/include/px4_msgs/px4_msgs/msg/detail/can_interface_status__rosidl_typesupport_fastrtps_cpp.hpp\n'}
[1.045965] (px4_msgs) StdoutLine: {'line': b'-- Up-to-date: /home/jmj/pro_asp_ws/ws_px4_controls/install/px4_msgs/include/px4_msgs/px4_msgs/msg/detail/vehicle_attitude_setpoint__rosidl_typesupport_fastrtps_cpp.hpp\n'}
[1.046014] (px4_msgs) StdoutLine: {'line': b'-- Up-to-date: /home/jmj/pro_asp_ws/ws_px4_controls/install/px4_msgs/include/px4_msgs/px4_msgs/msg/detail/vehicle_control_mode__rosidl_typesupport_fastrtps_cpp.hpp\n'}
[1.046052] (px4_msgs) StdoutLine: {'line': b'-- Up-to-date: /home/jmj/pro_asp_ws/ws_px4_controls/install/px4_msgs/include/px4_msgs/px4_msgs/msg/detail/dataman_response__rosidl_typesupport_fastrtps_cpp.hpp\n'}
[1.046090] (px4_msgs) StdoutLine: {'line': b'-- Up-to-date: /home/jmj/pro_asp_ws/ws_px4_controls/install/px4_msgs/include/px4_msgs/px4_msgs/msg/detail/airspeed_wind__rosidl_typesupport_fastrtps_cpp.hpp\n'}
[1.046128] (px4_msgs) StdoutLine: {'line': b'-- Up-to-date: /home/jmj/pro_asp_ws/ws_px4_controls/install/px4_msgs/include/px4_msgs/px4_msgs/msg/detail/debug_key_value__rosidl_typesupport_fastrtps_cpp.hpp\n'}
[1.046164] (px4_msgs) StdoutLine: {'line': b'-- Up-to-date: /home/jmj/pro_asp_ws/ws_px4_controls/install/px4_msgs/include/px4_msgs/px4_msgs/msg/detail/rover_attitude_setpoint__rosidl_typesupport_fastrtps_cpp.hpp\n'}
[1.046200] (px4_msgs) StdoutLine: {'line': b'-- Up-to-date: /home/jmj/pro_asp_ws/ws_px4_controls/install/px4_msgs/include/px4_msgs/px4_msgs/msg/detail/navigator_status__rosidl_typesupport_fastrtps_cpp.hpp\n'}
[1.046231] (px4_msgs) StdoutLine: {'line': b'-- Up-to-date: /home/jmj/pro_asp_ws/ws_px4_controls/install/px4_msgs/include/px4_msgs/px4_msgs/msg/detail/gimbal_device_attitude_status__rosidl_typesupport_fastrtps_cpp.hpp\n'}
[1.046254] (px4_msgs) StdoutLine: {'line': b'-- Up-to-date: /home/jmj/pro_asp_ws/ws_px4_controls/install/px4_msgs/include/px4_msgs/px4_msgs/msg/detail/qshell_retval__rosidl_typesupport_fastrtps_cpp.hpp\n'}
[1.046278] (px4_msgs) StdoutLine: {'line': b'-- Up-to-date: /home/jmj/pro_asp_ws/ws_px4_controls/install/px4_msgs/include/px4_msgs/px4_msgs/msg/detail/uavcan_parameter_request__rosidl_typesupport_fastrtps_cpp.hpp\n'}
[1.046301] (px4_msgs) StdoutLine: {'line': b'-- Up-to-date: /home/jmj/pro_asp_ws/ws_px4_controls/install/px4_msgs/include/px4_msgs/px4_msgs/msg/detail/vehicle_acceleration__rosidl_typesupport_fastrtps_cpp.hpp\n'}
[1.046325] (px4_msgs) StdoutLine: {'line': b'-- Up-to-date: /home/jmj/pro_asp_ws/ws_px4_controls/install/px4_msgs/include/px4_msgs/px4_msgs/msg/detail/landing_target_innovations__rosidl_typesupport_fastrtps_cpp.hpp\n'}
[1.046357] (px4_msgs) StdoutLine: {'line': b'-- Up-to-date: /home/jmj/pro_asp_ws/ws_px4_controls/install/px4_msgs/include/px4_msgs/px4_msgs/msg/detail/distance_sensor_mode_change_request__rosidl_typesupport_fastrtps_cpp.hpp\n'}
[1.046379] (px4_msgs) StdoutLine: {'line': b'-- Up-to-date: /home/jmj/pro_asp_ws/ws_px4_controls/install/px4_msgs/include/px4_msgs/px4_msgs/msg/detail/transponder_report__rosidl_typesupport_fastrtps_cpp.hpp\n'}
[1.046402] (px4_msgs) StdoutLine: {'line': b'-- Up-to-date: /home/jmj/pro_asp_ws/ws_px4_controls/install/px4_msgs/include/px4_msgs/px4_msgs/msg/detail/tecs_status__rosidl_typesupport_fastrtps_cpp.hpp\n'}
[1.046427] (px4_msgs) StdoutLine: {'line': b'-- Up-to-date: /home/jmj/pro_asp_ws/ws_px4_controls/install/px4_msgs/include/px4_msgs/px4_msgs/msg/detail/fixed_wing_longitudinal_setpoint__rosidl_typesupport_fastrtps_cpp.hpp\n'}
[1.046451] (px4_msgs) StdoutLine: {'line': b'-- Up-to-date: /home/jmj/pro_asp_ws/ws_px4_controls/install/px4_msgs/include/px4_msgs/px4_msgs/msg/detail/pps_capture__rosidl_typesupport_fastrtps_cpp.hpp\n'}
[1.046476] (px4_msgs) StdoutLine: {'line': b'-- Up-to-date: /home/jmj/pro_asp_ws/ws_px4_controls/install/px4_msgs/include/px4_msgs/px4_msgs/msg/detail/parameter_set_value_request__rosidl_typesupport_fastrtps_cpp.hpp\n'}
[1.046499] (px4_msgs) StdoutLine: {'line': b'-- Up-to-date: /home/jmj/pro_asp_ws/ws_px4_controls/install/px4_msgs/include/px4_msgs/px4_msgs/msg/detail/failsafe_flags__rosidl_typesupport_fastrtps_cpp.hpp\n'}
[1.046522] (px4_msgs) StdoutLine: {'line': b'-- Up-to-date: /home/jmj/pro_asp_ws/ws_px4_controls/install/px4_msgs/include/px4_msgs/px4_msgs/msg/detail/mission__rosidl_typesupport_fastrtps_cpp.hpp\n'}
[1.046546] (px4_msgs) StdoutLine: {'line': b'-- Up-to-date: /home/jmj/pro_asp_ws/ws_px4_controls/install/px4_msgs/include/px4_msgs/px4_msgs/msg/detail/sensor_baro__rosidl_typesupport_fastrtps_cpp.hpp\n'}
[1.046569] (px4_msgs) StdoutLine: {'line': b'-- Up-to-date: /home/jmj/pro_asp_ws/ws_px4_controls/install/px4_msgs/include/px4_msgs/px4_msgs/msg/detail/actuator_armed__rosidl_typesupport_fastrtps_cpp.hpp\n'}
[1.046592] (px4_msgs) StdoutLine: {'line': b'-- Up-to-date: /home/jmj/pro_asp_ws/ws_px4_controls/install/px4_msgs/include/px4_msgs/px4_msgs/msg/detail/sensor_correction__rosidl_typesupport_fastrtps_cpp.hpp\n'}
[1.046618] (px4_msgs) StdoutLine: {'line': b'-- Up-to-date: /home/jmj/pro_asp_ws/ws_px4_controls/install/px4_msgs/include/px4_msgs/px4_msgs/msg/detail/rover_velocity_setpoint__rosidl_typesupport_fastrtps_cpp.hpp\n'}
[1.046642] (px4_msgs) StdoutLine: {'line': b'-- Up-to-date: /home/jmj/pro_asp_ws/ws_px4_controls/install/px4_msgs/include/px4_msgs/px4_msgs/msg/detail/sensor_gnss_relative__rosidl_typesupport_fastrtps_cpp.hpp\n'}
[1.046678] (px4_msgs) StdoutLine: {'line': b'-- Up-to-date: /home/jmj/pro_asp_ws/ws_px4_controls/install/px4_msgs/include/px4_msgs/px4_msgs/msg/detail/sensors_status__rosidl_typesupport_fastrtps_cpp.hpp\n'}
[1.046701] (px4_msgs) StdoutLine: {'line': b'-- Up-to-date: /home/jmj/pro_asp_ws/ws_px4_controls/install/px4_msgs/include/px4_msgs/px4_msgs/msg/detail/tiltrotor_extra_controls__rosidl_typesupport_fastrtps_cpp.hpp\n'}
[1.046723] (px4_msgs) StdoutLine: {'line': b'-- Up-to-date: /home/jmj/pro_asp_ws/ws_px4_controls/install/px4_msgs/include/px4_msgs/px4_msgs/msg/detail/sensor_hygrometer__rosidl_typesupport_fastrtps_cpp.hpp\n'}
[1.046745] (px4_msgs) StdoutLine: {'line': b'-- Up-to-date: /home/jmj/pro_asp_ws/ws_px4_controls/install/px4_msgs/include/px4_msgs/px4_msgs/msg/detail/vehicle_air_data__rosidl_typesupport_fastrtps_cpp.hpp\n'}
[1.046766] (px4_msgs) StdoutLine: {'line': b'-- Up-to-date: /home/jmj/pro_asp_ws/ws_px4_controls/install/px4_msgs/include/px4_msgs/px4_msgs/msg/detail/landing_gear_wheel__rosidl_typesupport_fastrtps_cpp.hpp\n'}
[1.046788] (px4_msgs) StdoutLine: {'line': b'-- Up-to-date: /home/jmj/pro_asp_ws/ws_px4_controls/install/px4_msgs/include/px4_msgs/px4_msgs/msg/detail/actuator_controls_status__rosidl_typesupport_fastrtps_cpp.hpp\n'}
[1.046812] (px4_msgs) StdoutLine: {'line': b'-- Up-to-date: /home/jmj/pro_asp_ws/ws_px4_controls/install/px4_msgs/include/px4_msgs/px4_msgs/msg/detail/navigator_mission_item__rosidl_typesupport_fastrtps_cpp.hpp\n'}
[1.046834] (px4_msgs) StdoutLine: {'line': b'-- Up-to-date: /home/jmj/pro_asp_ws/ws_px4_controls/install/px4_msgs/include/px4_msgs/px4_msgs/msg/detail/fixed_wing_runway_control__rosidl_typesupport_fastrtps_cpp.hpp\n'}
[1.046857] (px4_msgs) StdoutLine: {'line': b'-- Up-to-date: /home/jmj/pro_asp_ws/ws_px4_controls/install/px4_msgs/include/px4_msgs/px4_msgs/msg/detail/debug_value__rosidl_typesupport_fastrtps_cpp.hpp\n'}
[1.046881] (px4_msgs) StdoutLine: {'line': b'-- Up-to-date: /home/jmj/pro_asp_ws/ws_px4_controls/install/px4_msgs/include/px4_msgs/px4_msgs/msg/detail/estimator_event_flags__rosidl_typesupport_fastrtps_cpp.hpp\n'}
[1.046904] (px4_msgs) StdoutLine: {'line': b'-- Up-to-date: /home/jmj/pro_asp_ws/ws_px4_controls/install/px4_msgs/include/px4_msgs/px4_msgs/msg/detail/parameter_reset_request__rosidl_typesupport_fastrtps_cpp.hpp\n'}
[1.046927] (px4_msgs) StdoutLine: {'line': b'-- Up-to-date: /home/jmj/pro_asp_ws/ws_px4_controls/install/px4_msgs/include/px4_msgs/px4_msgs/msg/detail/px4io_status__rosidl_typesupport_fastrtps_cpp.hpp\n'}
[1.046964] (px4_msgs) StdoutLine: {'line': b'-- Up-to-date: /home/jmj/pro_asp_ws/ws_px4_controls/install/px4_msgs/include/px4_msgs/px4_msgs/msg/detail/manual_control_setpoint__rosidl_typesupport_fastrtps_cpp.hpp\n'}
[1.046988] (px4_msgs) StdoutLine: {'line': b'-- Up-to-date: /home/jmj/pro_asp_ws/ws_px4_controls/install/px4_msgs/include/px4_msgs/px4_msgs/msg/detail/sensor_gyro_fifo__rosidl_typesupport_fastrtps_cpp.hpp\n'}
[1.047011] (px4_msgs) StdoutLine: {'line': b'-- Up-to-date: /home/jmj/pro_asp_ws/ws_px4_controls/install/px4_msgs/include/px4_msgs/px4_msgs/msg/detail/gimbal_manager_information__rosidl_typesupport_fastrtps_cpp.hpp\n'}
[1.047034] (px4_msgs) StdoutLine: {'line': b'-- Up-to-date: /home/jmj/pro_asp_ws/ws_px4_controls/install/px4_msgs/include/px4_msgs/px4_msgs/msg/detail/ulog_stream__rosidl_typesupport_fastrtps_cpp.hpp\n'}
[1.047056] (px4_msgs) StdoutLine: {'line': b'-- Up-to-date: /home/jmj/pro_asp_ws/ws_px4_controls/install/px4_msgs/include/px4_msgs/px4_msgs/msg/detail/vehicle_command__rosidl_typesupport_fastrtps_cpp.hpp\n'}
[1.047081] (px4_msgs) StdoutLine: {'line': b'-- Up-to-date: /home/jmj/pro_asp_ws/ws_px4_controls/install/px4_msgs/include/px4_msgs/px4_msgs/msg/detail/battery_status__rosidl_typesupport_fastrtps_cpp.hpp\n'}
[1.047104] (px4_msgs) StdoutLine: {'line': b'-- Up-to-date: /home/jmj/pro_asp_ws/ws_px4_controls/install/px4_msgs/include/px4_msgs/px4_msgs/msg/detail/sensor_preflight_mag__rosidl_typesupport_fastrtps_cpp.hpp\n'}
[1.047131] (px4_msgs) StdoutLine: {'line': b'-- Up-to-date: /home/jmj/pro_asp_ws/ws_px4_controls/install/px4_msgs/include/px4_msgs/px4_msgs/msg/detail/timesync_status__rosidl_typesupport_fastrtps_cpp.hpp\n'}
[1.047159] (px4_msgs) StdoutLine: {'line': b'-- Up-to-date: /home/jmj/pro_asp_ws/ws_px4_controls/install/px4_msgs/include/px4_msgs/px4_msgs/msg/detail/estimator_status_flags__rosidl_typesupport_fastrtps_cpp.hpp\n'}
[1.047184] (px4_msgs) StdoutLine: {'line': b'-- Up-to-date: /home/jmj/pro_asp_ws/ws_px4_controls/install/px4_msgs/include/px4_msgs/px4_msgs/msg/rosidl_typesupport_fastrtps_cpp__visibility_control.h\n'}
[1.047208] (px4_msgs) StdoutLine: {'line': b'-- Up-to-date: /home/jmj/pro_asp_ws/ws_px4_controls/install/px4_msgs/lib/libpx4_msgs__rosidl_typesupport_fastrtps_cpp.so\n'}
[1.047234] (px4_msgs) StdoutLine: {'line': b'-- Up-to-date: /home/jmj/pro_asp_ws/ws_px4_controls/install/px4_msgs/include/px4_msgs/px4_msgs\n'}
[1.047258] (px4_msgs) StdoutLine: {'line': b'-- Up-to-date: /home/jmj/pro_asp_ws/ws_px4_controls/install/px4_msgs/include/px4_msgs/px4_msgs/srv\n'}
[1.047286] (px4_msgs) StdoutLine: {'line': b'-- Up-to-date: /home/jmj/pro_asp_ws/ws_px4_controls/install/px4_msgs/include/px4_msgs/px4_msgs/srv/detail\n'}
[1.047330] (px4_msgs) StdoutLine: {'line': b'-- Up-to-date: /home/jmj/pro_asp_ws/ws_px4_controls/install/px4_msgs/include/px4_msgs/px4_msgs/srv/detail/vehicle_command__rosidl_typesupport_introspection_c.h\n'}
[1.047359] (px4_msgs) StdoutLine: {'line': b'-- Up-to-date: /home/jmj/pro_asp_ws/ws_px4_controls/install/px4_msgs/include/px4_msgs/px4_msgs/srv/detail/vehicle_command__type_support.c\n'}
[1.047381] (px4_msgs) StdoutLine: {'line': b'-- Up-to-date: /home/jmj/pro_asp_ws/ws_px4_controls/install/px4_msgs/include/px4_msgs/px4_msgs/msg\n'}
[1.047403] (px4_msgs) StdoutLine: {'line': b'-- Up-to-date: /home/jmj/pro_asp_ws/ws_px4_controls/install/px4_msgs/include/px4_msgs/px4_msgs/msg/detail\n'}
[1.047427] (px4_msgs) StdoutLine: {'line': b'-- Up-to-date: /home/jmj/pro_asp_ws/ws_px4_controls/install/px4_msgs/include/px4_msgs/px4_msgs/msg/detail/sensor_gnss_relative__type_support.c\n'}
[1.047452] (px4_msgs) StdoutLine: {'line': b'-- Up-to-date: /home/jmj/pro_asp_ws/ws_px4_controls/install/px4_msgs/include/px4_msgs/px4_msgs/msg/detail/collision_constraints__rosidl_typesupport_introspection_c.h\n'}
[1.047477] (px4_msgs) StdoutLine: {'line': b'-- Up-to-date: /home/jmj/pro_asp_ws/ws_px4_controls/install/px4_msgs/include/px4_msgs/px4_msgs/msg/detail/parameter_update__type_support.c\n'}
[1.047504] (px4_msgs) StdoutLine: {'line': b'-- Up-to-date: /home/jmj/pro_asp_ws/ws_px4_controls/install/px4_msgs/include/px4_msgs/px4_msgs/msg/detail/input_rc__type_support.c\n'}
[1.047530] (px4_msgs) StdoutLine: {'line': b'-- Up-to-date: /home/jmj/pro_asp_ws/ws_px4_controls/install/px4_msgs/include/px4_msgs/px4_msgs/msg/detail/camera_capture__rosidl_typesupport_introspection_c.h\n'}
[1.047556] (px4_msgs) StdoutLine: {'line': b'-- Up-to-date: /home/jmj/pro_asp_ws/ws_px4_controls/install/px4_msgs/include/px4_msgs/px4_msgs/msg/detail/health_report__type_support.c\n'}
[1.047581] (px4_msgs) StdoutLine: {'line': b'-- Up-to-date: /home/jmj/pro_asp_ws/ws_px4_controls/install/px4_msgs/include/px4_msgs/px4_msgs/msg/detail/mount_orientation__rosidl_typesupport_introspection_c.h\n'}
[1.047606] (px4_msgs) StdoutLine: {'line': b'-- Up-to-date: /home/jmj/pro_asp_ws/ws_px4_controls/install/px4_msgs/include/px4_msgs/px4_msgs/msg/detail/estimator_bias__type_support.c\n'}
[1.047630] (px4_msgs) StdoutLine: {'line': b'-- Up-to-date: /home/jmj/pro_asp_ws/ws_px4_controls/install/px4_msgs/include/px4_msgs/px4_msgs/msg/detail/vehicle_optical_flow__rosidl_typesupport_introspection_c.h\n'}
[1.047655] (px4_msgs) StdoutLine: {'line': b'-- Up-to-date: /home/jmj/pro_asp_ws/ws_px4_controls/install/px4_msgs/include/px4_msgs/px4_msgs/msg/detail/vehicle_local_position__rosidl_typesupport_introspection_c.h\n'}
[1.047681] (px4_msgs) StdoutLine: {'line': b'-- Up-to-date: /home/jmj/pro_asp_ws/ws_px4_controls/install/px4_msgs/include/px4_msgs/px4_msgs/msg/detail/estimator_bias3d__type_support.c\n'}
[1.047723] (px4_msgs) StdoutLine: {'line': b'-- Up-to-date: /home/jmj/pro_asp_ws/ws_px4_controls/install/px4_msgs/include/px4_msgs/px4_msgs/msg/detail/estimator_states__rosidl_typesupport_introspection_c.h\n'}
[1.047751] (px4_msgs) StdoutLine: {'line': b'-- Up-to-date: /home/jmj/pro_asp_ws/ws_px4_controls/install/px4_msgs/include/px4_msgs/px4_msgs/msg/detail/position_controller_landing_status__rosidl_typesupport_introspection_c.h\n'}
[1.047776] (px4_msgs) StdoutLine: {'line': b'-- Up-to-date: /home/jmj/pro_asp_ws/ws_px4_controls/install/px4_msgs/include/px4_msgs/px4_msgs/msg/detail/vehicle_imu__rosidl_typesupport_introspection_c.h\n'}
[1.047802] (px4_msgs) StdoutLine: {'line': b'-- Up-to-date: /home/jmj/pro_asp_ws/ws_px4_controls/install/px4_msgs/include/px4_msgs/px4_msgs/msg/detail/landing_target_pose__rosidl_typesupport_introspection_c.h\n'}
[1.047827] (px4_msgs) StdoutLine: {'line': b'-- Up-to-date: /home/jmj/pro_asp_ws/ws_px4_controls/install/px4_msgs/include/px4_msgs/px4_msgs/msg/detail/parameter_update__rosidl_typesupport_introspection_c.h\n'}
[1.047850] (px4_msgs) StdoutLine: {'line': b'-- Up-to-date: /home/jmj/pro_asp_ws/ws_px4_controls/install/px4_msgs/include/px4_msgs/px4_msgs/msg/detail/gpio_out__rosidl_typesupport_introspection_c.h\n'}
[1.047882] (px4_msgs) StdoutLine: {'line': b'-- Up-to-date: /home/jmj/pro_asp_ws/ws_px4_controls/install/px4_msgs/include/px4_msgs/px4_msgs/msg/detail/takeoff_status__type_support.c\n'}
[1.047919] (px4_msgs) StdoutLine: {'line': b'-- Up-to-date: /home/jmj/pro_asp_ws/ws_px4_controls/install/px4_msgs/include/px4_msgs/px4_msgs/msg/detail/yaw_estimator_status__type_support.c\n'}
[1.047959] (px4_msgs) StdoutLine: {'line': b'-- Up-to-date: /home/jmj/pro_asp_ws/ws_px4_controls/install/px4_msgs/include/px4_msgs/px4_msgs/msg/detail/debug_vect__rosidl_typesupport_introspection_c.h\n'}
[1.047992] (px4_msgs) StdoutLine: {'line': b'-- Up-to-date: /home/jmj/pro_asp_ws/ws_px4_controls/install/px4_msgs/include/px4_msgs/px4_msgs/msg/detail/onboard_computer_status__rosidl_typesupport_introspection_c.h\n'}
[1.048094] (px4_msgs) StdoutLine: {'line': b'-- Up-to-date: /home/jmj/pro_asp_ws/ws_px4_controls/install/px4_msgs/include/px4_msgs/px4_msgs/msg/detail/sensor_preflight_mag__type_support.c\n'}
[1.048136] (px4_msgs) StdoutLine: {'line': b'-- Up-to-date: /home/jmj/pro_asp_ws/ws_px4_controls/install/px4_msgs/include/px4_msgs/px4_msgs/msg/detail/gimbal_manager_status__type_support.c\n'}
[1.048160] (px4_msgs) StdoutLine: {'line': b'-- Up-to-date: /home/jmj/pro_asp_ws/ws_px4_controls/install/px4_msgs/include/px4_msgs/px4_msgs/msg/detail/sensor_combined__rosidl_typesupport_introspection_c.h\n'}
[1.048191] (px4_msgs) StdoutLine: {'line': b'-- Up-to-date: /home/jmj/pro_asp_ws/ws_px4_controls/install/px4_msgs/include/px4_msgs/px4_msgs/msg/detail/gimbal_controls__rosidl_typesupport_introspection_c.h\n'}
[1.048226] (px4_msgs) StdoutLine: {'line': b'-- Up-to-date: /home/jmj/pro_asp_ws/ws_px4_controls/install/px4_msgs/include/px4_msgs/px4_msgs/msg/detail/log_message__rosidl_typesupport_introspection_c.h\n'}
[1.048266] (px4_msgs) StdoutLine: {'line': b'-- Up-to-date: /home/jmj/pro_asp_ws/ws_px4_controls/install/px4_msgs/include/px4_msgs/px4_msgs/msg/detail/vehicle_local_position_setpoint__rosidl_typesupport_introspection_c.h\n'}
[1.048296] (px4_msgs) StdoutLine: {'line': b'-- Up-to-date: /home/jmj/pro_asp_ws/ws_px4_controls/install/px4_msgs/include/px4_msgs/px4_msgs/msg/detail/fixed_wing_runway_control__rosidl_typesupport_introspection_c.h\n'}
[1.048334] (px4_msgs) StdoutLine: {'line': b'-- Up-to-date: /home/jmj/pro_asp_ws/ws_px4_controls/install/px4_msgs/include/px4_msgs/px4_msgs/msg/detail/event__type_support.c\n'}
[1.048363] (px4_msgs) StdoutLine: {'line': b'-- Up-to-date: /home/jmj/pro_asp_ws/ws_px4_controls/install/px4_msgs/include/px4_msgs/px4_msgs/msg/detail/estimator_status__rosidl_typesupport_introspection_c.h\n'}
[1.048387] (px4_msgs) StdoutLine: {'line': b'-- Up-to-date: /home/jmj/pro_asp_ws/ws_px4_controls/install/px4_msgs/include/px4_msgs/px4_msgs/msg/detail/mode_completed__rosidl_typesupport_introspection_c.h\n'}
[1.048408] (px4_msgs) StdoutLine: {'line': b'-- Up-to-date: /home/jmj/pro_asp_ws/ws_px4_controls/install/px4_msgs/include/px4_msgs/px4_msgs/msg/detail/actuator_armed__rosidl_typesupport_introspection_c.h\n'}
[1.048432] (px4_msgs) StdoutLine: {'line': b'-- Up-to-date: /home/jmj/pro_asp_ws/ws_px4_controls/install/px4_msgs/include/px4_msgs/px4_msgs/msg/detail/autotune_attitude_control_status__type_support.c\n'}
[1.048464] (px4_msgs) StdoutLine: {'line': b'-- Up-to-date: /home/jmj/pro_asp_ws/ws_px4_controls/install/px4_msgs/include/px4_msgs/px4_msgs/msg/detail/rover_attitude_setpoint__type_support.c\n'}
[1.048501] (px4_msgs) StdoutLine: {'line': b'-- Up-to-date: /home/jmj/pro_asp_ws/ws_px4_controls/install/px4_msgs/include/px4_msgs/px4_msgs/msg/detail/debug_vect__type_support.c\n'}
[1.048537] (px4_msgs) StdoutLine: {'line': b'-- Up-to-date: /home/jmj/pro_asp_ws/ws_px4_controls/install/px4_msgs/include/px4_msgs/px4_msgs/msg/detail/tune_control__type_support.c\n'}
[1.048575] (px4_msgs) StdoutLine: {'line': b'-- Up-to-date: /home/jmj/pro_asp_ws/ws_px4_controls/install/px4_msgs/include/px4_msgs/px4_msgs/msg/detail/uavcan_parameter_value__type_support.c\n'}
[1.048612] (px4_msgs) StdoutLine: {'line': b'-- Up-to-date: /home/jmj/pro_asp_ws/ws_px4_controls/install/px4_msgs/include/px4_msgs/px4_msgs/msg/detail/manual_control_setpoint__rosidl_typesupport_introspection_c.h\n'}
[1.048650] (px4_msgs) StdoutLine: {'line': b'-- Up-to-date: /home/jmj/pro_asp_ws/ws_px4_controls/install/px4_msgs/include/px4_msgs/px4_msgs/msg/detail/mount_orientation__type_support.c\n'}
[1.048685] (px4_msgs) StdoutLine: {'line': b'-- Up-to-date: /home/jmj/pro_asp_ws/ws_px4_controls/install/px4_msgs/include/px4_msgs/px4_msgs/msg/detail/actuator_motors__type_support.c\n'}
[1.048732] (px4_msgs) StdoutLine: {'line': b'-- Up-to-date: /home/jmj/pro_asp_ws/ws_px4_controls/install/px4_msgs/include/px4_msgs/px4_msgs/msg/detail/manual_control_switches__type_support.c\n'}
[1.048769] (px4_msgs) StdoutLine: {'line': b'-- Up-to-date: /home/jmj/pro_asp_ws/ws_px4_controls/install/px4_msgs/include/px4_msgs/px4_msgs/msg/detail/rover_rate_setpoint__rosidl_typesupport_introspection_c.h\n'}
[1.048805] (px4_msgs) StdoutLine: {'line': b'-- Up-to-date: /home/jmj/pro_asp_ws/ws_px4_controls/install/px4_msgs/include/px4_msgs/px4_msgs/msg/detail/message_format_request__rosidl_typesupport_introspection_c.h\n'}
[1.048841] (px4_msgs) StdoutLine: {'line': b'-- Up-to-date: /home/jmj/pro_asp_ws/ws_px4_controls/install/px4_msgs/include/px4_msgs/px4_msgs/msg/detail/gimbal_manager_information__rosidl_typesupport_introspection_c.h\n'}
[1.048877] (px4_msgs) StdoutLine: {'line': b'-- Up-to-date: /home/jmj/pro_asp_ws/ws_px4_controls/install/px4_msgs/include/px4_msgs/px4_msgs/msg/detail/ulog_stream__rosidl_typesupport_introspection_c.h\n'}
[1.048948] (px4_msgs) StdoutLine: {'line': b'-- Up-to-date: /home/jmj/pro_asp_ws/ws_px4_controls/install/px4_msgs/include/px4_msgs/px4_msgs/msg/detail/vehicle_global_position__rosidl_typesupport_introspection_c.h\n'}
[1.049012] (px4_msgs) StdoutLine: {'line': b'-- Up-to-date: /home/jmj/pro_asp_ws/ws_px4_controls/install/px4_msgs/include/px4_msgs/px4_msgs/msg/detail/vehicle_optical_flow_vel__type_support.c\n'}
[1.049050] (px4_msgs) StdoutLine: {'line': b'-- Up-to-date: /home/jmj/pro_asp_ws/ws_px4_controls/install/px4_msgs/include/px4_msgs/px4_msgs/msg/detail/gimbal_manager_set_attitude__type_support.c\n'}
[1.049143] (px4_msgs) StdoutLine: {'line': b'-- Up-to-date: /home/jmj/pro_asp_ws/ws_px4_controls/install/px4_msgs/include/px4_msgs/px4_msgs/msg/detail/estimator_event_flags__rosidl_typesupport_introspection_c.h\n'}
[1.049187] (px4_msgs) StdoutLine: {'line': b'-- Up-to-date: /home/jmj/pro_asp_ws/ws_px4_controls/install/px4_msgs/include/px4_msgs/px4_msgs/msg/detail/estimator_aid_source2d__type_support.c\n'}
[1.049215] (px4_msgs) StdoutLine: {'line': b'-- Up-to-date: /home/jmj/pro_asp_ws/ws_px4_controls/install/px4_msgs/include/px4_msgs/px4_msgs/msg/detail/flight_phase_estimation__type_support.c\n'}
[1.049253] (px4_msgs) StdoutLine: {'line': b'-- Up-to-date: /home/jmj/pro_asp_ws/ws_px4_controls/install/px4_msgs/include/px4_msgs/px4_msgs/msg/detail/system_power__rosidl_typesupport_introspection_c.h\n'}
[1.049299] (px4_msgs) StdoutLine: {'line': b'-- Up-to-date: /home/jmj/pro_asp_ws/ws_px4_controls/install/px4_msgs/include/px4_msgs/px4_msgs/msg/detail/follow_target_estimator__rosidl_typesupport_introspection_c.h\n'}
[1.049346] (px4_msgs) StdoutLine: {'line': b'-- Up-to-date: /home/jmj/pro_asp_ws/ws_px4_controls/install/px4_msgs/include/px4_msgs/px4_msgs/msg/detail/position_setpoint__type_support.c\n'}
[1.049394] (px4_msgs) StdoutLine: {'line': b'-- Up-to-date: /home/jmj/pro_asp_ws/ws_px4_controls/install/px4_msgs/include/px4_msgs/px4_msgs/msg/detail/dataman_response__rosidl_typesupport_introspection_c.h\n'}
[1.049419] (px4_msgs) StdoutLine: {'line': b'-- Up-to-date: /home/jmj/pro_asp_ws/ws_px4_controls/install/px4_msgs/include/px4_msgs/px4_msgs/msg/detail/sensor_gyro__type_support.c\n'}
[1.049441] (px4_msgs) StdoutLine: {'line': b'-- Up-to-date: /home/jmj/pro_asp_ws/ws_px4_controls/install/px4_msgs/include/px4_msgs/px4_msgs/msg/detail/hover_thrust_estimate__type_support.c\n'}
[1.049465] (px4_msgs) StdoutLine: {'line': b'-- Up-to-date: /home/jmj/pro_asp_ws/ws_px4_controls/install/px4_msgs/include/px4_msgs/px4_msgs/msg/detail/lateral_control_configuration__rosidl_typesupport_introspection_c.h\n'}
[1.049504] (px4_msgs) StdoutLine: {'line': b'-- Up-to-date: /home/jmj/pro_asp_ws/ws_px4_controls/install/px4_msgs/include/px4_msgs/px4_msgs/msg/detail/iridiumsbd_status__rosidl_typesupport_introspection_c.h\n'}
[1.049527] (px4_msgs) StdoutLine: {'line': b'-- Up-to-date: /home/jmj/pro_asp_ws/ws_px4_controls/install/px4_msgs/include/px4_msgs/px4_msgs/msg/detail/parameter_set_used_request__rosidl_typesupport_introspection_c.h\n'}
[1.049560] (px4_msgs) StdoutLine: {'line': b'-- Up-to-date: /home/jmj/pro_asp_ws/ws_px4_controls/install/px4_msgs/include/px4_msgs/px4_msgs/msg/detail/parameter_reset_request__type_support.c\n'}
[1.049587] (px4_msgs) StdoutLine: {'line': b'-- Up-to-date: /home/jmj/pro_asp_ws/ws_px4_controls/install/px4_msgs/include/px4_msgs/px4_msgs/msg/detail/open_drone_id_system__rosidl_typesupport_introspection_c.h\n'}
[1.049609] (px4_msgs) StdoutLine: {'line': b'-- Up-to-date: /home/jmj/pro_asp_ws/ws_px4_controls/install/px4_msgs/include/px4_msgs/px4_msgs/msg/detail/home_position__rosidl_typesupport_introspection_c.h\n'}
[1.049632] (px4_msgs) StdoutLine: {'line': b'-- Up-to-date: /home/jmj/pro_asp_ws/ws_px4_controls/install/px4_msgs/include/px4_msgs/px4_msgs/msg/detail/gimbal_manager_set_attitude__rosidl_typesupport_introspection_c.h\n'}
[1.049654] (px4_msgs) StdoutLine: {'line': b'-- Up-to-date: /home/jmj/pro_asp_ws/ws_px4_controls/install/px4_msgs/include/px4_msgs/px4_msgs/msg/detail/fixed_wing_lateral_setpoint__rosidl_typesupport_introspection_c.h\n'}
[1.049712] (px4_msgs) StdoutLine: {'line': b'-- Up-to-date: /home/jmj/pro_asp_ws/ws_px4_controls/install/px4_msgs/include/px4_msgs/px4_msgs/msg/detail/vehicle_status__rosidl_typesupport_introspection_c.h\n'}
[1.049745] (px4_msgs) StdoutLine: {'line': b'-- Up-to-date: /home/jmj/pro_asp_ws/ws_px4_controls/install/px4_msgs/include/px4_msgs/px4_msgs/msg/detail/radio_status__type_support.c\n'}
[1.049770] (px4_msgs) StdoutLine: {'line': b'-- Up-to-date: /home/jmj/pro_asp_ws/ws_px4_controls/install/px4_msgs/include/px4_msgs/px4_msgs/msg/detail/airspeed__type_support.c\n'}
[1.049792] (px4_msgs) StdoutLine: {'line': b'-- Up-to-date: /home/jmj/pro_asp_ws/ws_px4_controls/install/px4_msgs/include/px4_msgs/px4_msgs/msg/detail/heater_status__rosidl_typesupport_introspection_c.h\n'}
[1.049815] (px4_msgs) StdoutLine: {'line': b'-- Up-to-date: /home/jmj/pro_asp_ws/ws_px4_controls/install/px4_msgs/include/px4_msgs/px4_msgs/msg/detail/airspeed_validated__type_support.c\n'}
[1.049839] (px4_msgs) StdoutLine: {'line': b'-- Up-to-date: /home/jmj/pro_asp_ws/ws_px4_controls/install/px4_msgs/include/px4_msgs/px4_msgs/msg/detail/estimator_aid_source3d__type_support.c\n'}
[1.049868] (px4_msgs) StdoutLine: {'line': b'-- Up-to-date: /home/jmj/pro_asp_ws/ws_px4_controls/install/px4_msgs/include/px4_msgs/px4_msgs/msg/detail/vehicle_command__rosidl_typesupport_introspection_c.h\n'}
[1.049902] (px4_msgs) StdoutLine: {'line': b'-- Up-to-date: /home/jmj/pro_asp_ws/ws_px4_controls/install/px4_msgs/include/px4_msgs/px4_msgs/msg/detail/vtol_vehicle_status__type_support.c\n'}
[1.049937] (px4_msgs) StdoutLine: {'line': b'-- Up-to-date: /home/jmj/pro_asp_ws/ws_px4_controls/install/px4_msgs/include/px4_msgs/px4_msgs/msg/detail/vehicle_angular_acceleration_setpoint__type_support.c\n'}
[1.049985] (px4_msgs) StdoutLine: {'line': b'-- Up-to-date: /home/jmj/pro_asp_ws/ws_px4_controls/install/px4_msgs/include/px4_msgs/px4_msgs/msg/detail/goto_setpoint__rosidl_typesupport_introspection_c.h\n'}
[1.050010] (px4_msgs) StdoutLine: {'line': b'-- Up-to-date: /home/jmj/pro_asp_ws/ws_px4_controls/install/px4_msgs/include/px4_msgs/px4_msgs/msg/detail/rover_velocity_status__type_support.c\n'}
[1.050034] (px4_msgs) StdoutLine: {'line': b'-- Up-to-date: /home/jmj/pro_asp_ws/ws_px4_controls/install/px4_msgs/include/px4_msgs/px4_msgs/msg/detail/dataman_request__type_support.c\n'}
[1.050080] (px4_msgs) StdoutLine: {'line': b'-- Up-to-date: /home/jmj/pro_asp_ws/ws_px4_controls/install/px4_msgs/include/px4_msgs/px4_msgs/msg/detail/landing_target_innovations__rosidl_typesupport_introspection_c.h\n'}
[1.050107] (px4_msgs) StdoutLine: {'line': b'-- Up-to-date: /home/jmj/pro_asp_ws/ws_px4_controls/install/px4_msgs/include/px4_msgs/px4_msgs/msg/detail/rtl_time_estimate__type_support.c\n'}
[1.050142] (px4_msgs) StdoutLine: {'line': b'-- Up-to-date: /home/jmj/pro_asp_ws/ws_px4_controls/install/px4_msgs/include/px4_msgs/px4_msgs/msg/detail/tecs_status__rosidl_typesupport_introspection_c.h\n'}
[1.050165] (px4_msgs) StdoutLine: {'line': b'-- Up-to-date: /home/jmj/pro_asp_ws/ws_px4_controls/install/px4_msgs/include/px4_msgs/px4_msgs/msg/detail/camera_status__type_support.c\n'}
[1.050192] (px4_msgs) StdoutLine: {'line': b'-- Up-to-date: /home/jmj/pro_asp_ws/ws_px4_controls/install/px4_msgs/include/px4_msgs/px4_msgs/msg/detail/timesync_status__type_support.c\n'}
[1.050216] (px4_msgs) StdoutLine: {'line': b'-- Up-to-date: /home/jmj/pro_asp_ws/ws_px4_controls/install/px4_msgs/include/px4_msgs/px4_msgs/msg/detail/vehicle_local_position__type_support.c\n'}
[1.050237] (px4_msgs) StdoutLine: {'line': b'-- Up-to-date: /home/jmj/pro_asp_ws/ws_px4_controls/install/px4_msgs/include/px4_msgs/px4_msgs/msg/detail/sensor_uwb__type_support.c\n'}
[1.050258] (px4_msgs) StdoutLine: {'line': b'-- Up-to-date: /home/jmj/pro_asp_ws/ws_px4_controls/install/px4_msgs/include/px4_msgs/px4_msgs/msg/detail/register_ext_component_reply__rosidl_typesupport_introspection_c.h\n'}
[1.050279] (px4_msgs) StdoutLine: {'line': b'-- Up-to-date: /home/jmj/pro_asp_ws/ws_px4_controls/install/px4_msgs/include/px4_msgs/px4_msgs/msg/detail/gimbal_device_information__rosidl_typesupport_introspection_c.h\n'}
[1.050302] (px4_msgs) StdoutLine: {'line': b'-- Up-to-date: /home/jmj/pro_asp_ws/ws_px4_controls/install/px4_msgs/include/px4_msgs/px4_msgs/msg/detail/distance_sensor__rosidl_typesupport_introspection_c.h\n'}
[1.050323] (px4_msgs) StdoutLine: {'line': b'-- Up-to-date: /home/jmj/pro_asp_ws/ws_px4_controls/install/px4_msgs/include/px4_msgs/px4_msgs/msg/detail/vehicle_rates_setpoint__type_support.c\n'}
[1.050365] (px4_msgs) StdoutLine: {'line': b'-- Up-to-date: /home/jmj/pro_asp_ws/ws_px4_controls/install/px4_msgs/include/px4_msgs/px4_msgs/msg/detail/geofence_result__rosidl_typesupport_introspection_c.h\n'}
[1.050387] (px4_msgs) StdoutLine: {'line': b'-- Up-to-date: /home/jmj/pro_asp_ws/ws_px4_controls/install/px4_msgs/include/px4_msgs/px4_msgs/msg/detail/position_controller_status__rosidl_typesupport_introspection_c.h\n'}
[1.050472] (px4_msgs) StdoutLine: {'line': b'-- Up-to-date: /home/jmj/pro_asp_ws/ws_px4_controls/install/px4_msgs/include/px4_msgs/px4_msgs/msg/detail/gpio_request__rosidl_typesupport_introspection_c.h\n'}
[1.050526] (px4_msgs) StdoutLine: {'line': b'-- Up-to-date: /home/jmj/pro_asp_ws/ws_px4_controls/install/px4_msgs/include/px4_msgs/px4_msgs/msg/detail/parameter_set_value_request__rosidl_typesupport_introspection_c.h\n'}
[1.050560] (px4_msgs) StdoutLine: {'line': b'-- Up-to-date: /home/jmj/pro_asp_ws/ws_px4_controls/install/px4_msgs/include/px4_msgs/px4_msgs/msg/detail/camera_status__rosidl_typesupport_introspection_c.h\n'}
[1.050584] (px4_msgs) StdoutLine: {'line': b'-- Up-to-date: /home/jmj/pro_asp_ws/ws_px4_controls/install/px4_msgs/include/px4_msgs/px4_msgs/msg/detail/orb_test_large__rosidl_typesupport_introspection_c.h\n'}
[1.050608] (px4_msgs) StdoutLine: {'line': b'-- Up-to-date: /home/jmj/pro_asp_ws/ws_px4_controls/install/px4_msgs/include/px4_msgs/px4_msgs/msg/detail/open_drone_id_self_id__rosidl_typesupport_introspection_c.h\n'}
[1.050630] (px4_msgs) StdoutLine: {'line': b'-- Up-to-date: /home/jmj/pro_asp_ws/ws_px4_controls/install/px4_msgs/include/px4_msgs/px4_msgs/msg/detail/estimator_bias3d__rosidl_typesupport_introspection_c.h\n'}
[1.050658] (px4_msgs) StdoutLine: {'line': b'-- Up-to-date: /home/jmj/pro_asp_ws/ws_px4_controls/install/px4_msgs/include/px4_msgs/px4_msgs/msg/detail/config_overrides__rosidl_typesupport_introspection_c.h\n'}
[1.050684] (px4_msgs) StdoutLine: {'line': b'-- Up-to-date: /home/jmj/pro_asp_ws/ws_px4_controls/install/px4_msgs/include/px4_msgs/px4_msgs/msg/detail/vehicle_roi__type_support.c\n'}
[1.050721] (px4_msgs) StdoutLine: {'line': b'-- Up-to-date: /home/jmj/pro_asp_ws/ws_px4_controls/install/px4_msgs/include/px4_msgs/px4_msgs/msg/detail/fixed_wing_lateral_status__type_support.c\n'}
[1.050743] (px4_msgs) StdoutLine: {'line': b'-- Up-to-date: /home/jmj/pro_asp_ws/ws_px4_controls/install/px4_msgs/include/px4_msgs/px4_msgs/msg/detail/rover_attitude_status__rosidl_typesupport_introspection_c.h\n'}
[1.050766] (px4_msgs) StdoutLine: {'line': b'-- Up-to-date: /home/jmj/pro_asp_ws/ws_px4_controls/install/px4_msgs/include/px4_msgs/px4_msgs/msg/detail/gimbal_device_attitude_status__type_support.c\n'}
[1.050803] (px4_msgs) StdoutLine: {'line': b'-- Up-to-date: /home/jmj/pro_asp_ws/ws_px4_controls/install/px4_msgs/include/px4_msgs/px4_msgs/msg/detail/tiltrotor_extra_controls__rosidl_typesupport_introspection_c.h\n'}
[1.050826] (px4_msgs) StdoutLine: {'line': b'-- Up-to-date: /home/jmj/pro_asp_ws/ws_px4_controls/install/px4_msgs/include/px4_msgs/px4_msgs/msg/detail/action_request__type_support.c\n'}
[1.050848] (px4_msgs) StdoutLine: {'line': b'-- Up-to-date: /home/jmj/pro_asp_ws/ws_px4_controls/install/px4_msgs/include/px4_msgs/px4_msgs/msg/detail/sensor_accel_fifo__type_support.c\n'}
[1.050874] (px4_msgs) StdoutLine: {'line': b'-- Up-to-date: /home/jmj/pro_asp_ws/ws_px4_controls/install/px4_msgs/include/px4_msgs/px4_msgs/msg/detail/vehicle_optical_flow_vel__rosidl_typesupport_introspection_c.h\n'}
[1.050896] (px4_msgs) StdoutLine: {'line': b'-- Up-to-date: /home/jmj/pro_asp_ws/ws_px4_controls/install/px4_msgs/include/px4_msgs/px4_msgs/msg/detail/vehicle_air_data__rosidl_typesupport_introspection_c.h\n'}
[1.050917] (px4_msgs) StdoutLine: {'line': b'-- Up-to-date: /home/jmj/pro_asp_ws/ws_px4_controls/install/px4_msgs/include/px4_msgs/px4_msgs/msg/detail/longitudinal_control_configuration__rosidl_typesupport_introspection_c.h\n'}
[1.050940] (px4_msgs) StdoutLine: {'line': b'-- Up-to-date: /home/jmj/pro_asp_ws/ws_px4_controls/install/px4_msgs/include/px4_msgs/px4_msgs/msg/detail/rover_velocity_setpoint__type_support.c\n'}
[1.050972] (px4_msgs) StdoutLine: {'line': b'-- Up-to-date: /home/jmj/pro_asp_ws/ws_px4_controls/install/px4_msgs/include/px4_msgs/px4_msgs/msg/detail/vehicle_control_mode__type_support.c\n'}
[1.050995] (px4_msgs) StdoutLine: {'line': b'-- Up-to-date: /home/jmj/pro_asp_ws/ws_px4_controls/install/px4_msgs/include/px4_msgs/px4_msgs/msg/detail/internal_combustion_engine_control__type_support.c\n'}
[1.051018] (px4_msgs) StdoutLine: {'line': b'-- Up-to-date: /home/jmj/pro_asp_ws/ws_px4_controls/install/px4_msgs/include/px4_msgs/px4_msgs/msg/detail/velocity_limits__rosidl_typesupport_introspection_c.h\n'}
[1.051042] (px4_msgs) StdoutLine: {'line': b'-- Up-to-date: /home/jmj/pro_asp_ws/ws_px4_controls/install/px4_msgs/include/px4_msgs/px4_msgs/msg/detail/vehicle_angular_velocity__type_support.c\n'}
[1.051066] (px4_msgs) StdoutLine: {'line': b'-- Up-to-date: /home/jmj/pro_asp_ws/ws_px4_controls/install/px4_msgs/include/px4_msgs/px4_msgs/msg/detail/open_drone_id_arm_status__type_support.c\n'}
[1.051090] (px4_msgs) StdoutLine: {'line': b'-- Up-to-date: /home/jmj/pro_asp_ws/ws_px4_controls/install/px4_msgs/include/px4_msgs/px4_msgs/msg/detail/qshell_req__rosidl_typesupport_introspection_c.h\n'}
[1.051114] (px4_msgs) StdoutLine: {'line': b'-- Up-to-date: /home/jmj/pro_asp_ws/ws_px4_controls/install/px4_msgs/include/px4_msgs/px4_msgs/msg/detail/trajectory_setpoint6dof__rosidl_typesupport_introspection_c.h\n'}
[1.051138] (px4_msgs) StdoutLine: {'line': b'-- Up-to-date: /home/jmj/pro_asp_ws/ws_px4_controls/install/px4_msgs/include/px4_msgs/px4_msgs/msg/detail/mavlink_tunnel__rosidl_typesupport_introspection_c.h\n'}
[1.051162] (px4_msgs) StdoutLine: {'line': b'-- Up-to-date: /home/jmj/pro_asp_ws/ws_px4_controls/install/px4_msgs/include/px4_msgs/px4_msgs/msg/detail/sensor_gps__type_support.c\n'}
[1.051185] (px4_msgs) StdoutLine: {'line': b'-- Up-to-date: /home/jmj/pro_asp_ws/ws_px4_controls/install/px4_msgs/include/px4_msgs/px4_msgs/msg/detail/sensor_uwb__rosidl_typesupport_introspection_c.h\n'}
[1.051209] (px4_msgs) StdoutLine: {'line': b'-- Up-to-date: /home/jmj/pro_asp_ws/ws_px4_controls/install/px4_msgs/include/px4_msgs/px4_msgs/msg/detail/actuator_outputs__rosidl_typesupport_introspection_c.h\n'}
[1.051250] (px4_msgs) StdoutLine: {'line': b'-- Up-to-date: /home/jmj/pro_asp_ws/ws_px4_controls/install/px4_msgs/include/px4_msgs/px4_msgs/msg/detail/ulog_stream_ack__type_support.c\n'}
[1.051275] (px4_msgs) StdoutLine: {'line': b'-- Up-to-date: /home/jmj/pro_asp_ws/ws_px4_controls/install/px4_msgs/include/px4_msgs/px4_msgs/msg/detail/navigator_mission_item__rosidl_typesupport_introspection_c.h\n'}
[1.051300] (px4_msgs) StdoutLine: {'line': b'-- Up-to-date: /home/jmj/pro_asp_ws/ws_px4_controls/install/px4_msgs/include/px4_msgs/px4_msgs/msg/detail/transponder_report__type_support.c\n'}
[1.051324] (px4_msgs) StdoutLine: {'line': b'-- Up-to-date: /home/jmj/pro_asp_ws/ws_px4_controls/install/px4_msgs/include/px4_msgs/px4_msgs/msg/detail/hover_thrust_estimate__rosidl_typesupport_introspection_c.h\n'}
[1.051348] (px4_msgs) StdoutLine: {'line': b'-- Up-to-date: /home/jmj/pro_asp_ws/ws_px4_controls/install/px4_msgs/include/px4_msgs/px4_msgs/msg/detail/trajectory_setpoint__rosidl_typesupport_introspection_c.h\n'}
[1.051371] (px4_msgs) StdoutLine: {'line': b'-- Up-to-date: /home/jmj/pro_asp_ws/ws_px4_controls/install/px4_msgs/include/px4_msgs/px4_msgs/msg/detail/camera_capture__type_support.c\n'}
[1.051395] (px4_msgs) StdoutLine: {'line': b'-- Up-to-date: /home/jmj/pro_asp_ws/ws_px4_controls/install/px4_msgs/include/px4_msgs/px4_msgs/msg/detail/manual_control_setpoint__type_support.c\n'}
[1.051419] (px4_msgs) StdoutLine: {'line': b'-- Up-to-date: /home/jmj/pro_asp_ws/ws_px4_controls/install/px4_msgs/include/px4_msgs/px4_msgs/msg/detail/mission__rosidl_typesupport_introspection_c.h\n'}
[1.051442] (px4_msgs) StdoutLine: {'line': b'-- Up-to-date: /home/jmj/pro_asp_ws/ws_px4_controls/install/px4_msgs/include/px4_msgs/px4_msgs/msg/detail/landing_target_innovations__type_support.c\n'}
[1.051465] (px4_msgs) StdoutLine: {'line': b'-- Up-to-date: /home/jmj/pro_asp_ws/ws_px4_controls/install/px4_msgs/include/px4_msgs/px4_msgs/msg/detail/tiltrotor_extra_controls__type_support.c\n'}
[1.051488] (px4_msgs) StdoutLine: {'line': b'-- Up-to-date: /home/jmj/pro_asp_ws/ws_px4_controls/install/px4_msgs/include/px4_msgs/px4_msgs/msg/detail/vehicle_constraints__rosidl_typesupport_introspection_c.h\n'}
[1.051528] (px4_msgs) StdoutLine: {'line': b'-- Up-to-date: /home/jmj/pro_asp_ws/ws_px4_controls/install/px4_msgs/include/px4_msgs/px4_msgs/msg/detail/sensor_baro__rosidl_typesupport_introspection_c.h\n'}
[1.051550] (px4_msgs) StdoutLine: {'line': b'-- Up-to-date: /home/jmj/pro_asp_ws/ws_px4_controls/install/px4_msgs/include/px4_msgs/px4_msgs/msg/detail/rtl_time_estimate__rosidl_typesupport_introspection_c.h\n'}
[1.051572] (px4_msgs) StdoutLine: {'line': b'-- Up-to-date: /home/jmj/pro_asp_ws/ws_px4_controls/install/px4_msgs/include/px4_msgs/px4_msgs/msg/detail/follow_target_estimator__type_support.c\n'}
[1.051594] (px4_msgs) StdoutLine: {'line': b'-- Up-to-date: /home/jmj/pro_asp_ws/ws_px4_controls/install/px4_msgs/include/px4_msgs/px4_msgs/msg/detail/takeoff_status__rosidl_typesupport_introspection_c.h\n'}
[1.051615] (px4_msgs) StdoutLine: {'line': b'-- Up-to-date: /home/jmj/pro_asp_ws/ws_px4_controls/install/px4_msgs/include/px4_msgs/px4_msgs/msg/detail/sensor_correction__type_support.c\n'}
[1.051636] (px4_msgs) StdoutLine: {'line': b'-- Up-to-date: /home/jmj/pro_asp_ws/ws_px4_controls/install/px4_msgs/include/px4_msgs/px4_msgs/msg/detail/led_control__type_support.c\n'}
[1.051659] (px4_msgs) StdoutLine: {'line': b'-- Up-to-date: /home/jmj/pro_asp_ws/ws_px4_controls/install/px4_msgs/include/px4_msgs/px4_msgs/msg/detail/rover_position_setpoint__rosidl_typesupport_introspection_c.h\n'}
[1.051695] (px4_msgs) StdoutLine: {'line': b'-- Up-to-date: /home/jmj/pro_asp_ws/ws_px4_controls/install/px4_msgs/include/px4_msgs/px4_msgs/msg/detail/ping__type_support.c\n'}
[1.051718] (px4_msgs) StdoutLine: {'line': b'-- Up-to-date: /home/jmj/pro_asp_ws/ws_px4_controls/install/px4_msgs/include/px4_msgs/px4_msgs/msg/detail/sensor_accel__type_support.c\n'}
[1.051742] (px4_msgs) StdoutLine: {'line': b'-- Up-to-date: /home/jmj/pro_asp_ws/ws_px4_controls/install/px4_msgs/include/px4_msgs/px4_msgs/msg/detail/follow_target_status__rosidl_typesupport_introspection_c.h\n'}
[1.051764] (px4_msgs) StdoutLine: {'line': b'-- Up-to-date: /home/jmj/pro_asp_ws/ws_px4_controls/install/px4_msgs/include/px4_msgs/px4_msgs/msg/detail/estimator_selector_status__rosidl_typesupport_introspection_c.h\n'}
[1.051786] (px4_msgs) StdoutLine: {'line': b'-- Up-to-date: /home/jmj/pro_asp_ws/ws_px4_controls/install/px4_msgs/include/px4_msgs/px4_msgs/msg/detail/parameter_set_value_response__rosidl_typesupport_introspection_c.h\n'}
[1.051807] (px4_msgs) StdoutLine: {'line': b'-- Up-to-date: /home/jmj/pro_asp_ws/ws_px4_controls/install/px4_msgs/include/px4_msgs/px4_msgs/msg/detail/vehicle_torque_setpoint__rosidl_typesupport_introspection_c.h\n'}
[1.051830] (px4_msgs) StdoutLine: {'line': b'-- Up-to-date: /home/jmj/pro_asp_ws/ws_px4_controls/install/px4_msgs/include/px4_msgs/px4_msgs/msg/detail/qshell_retval__rosidl_typesupport_introspection_c.h\n'}
[1.051851] (px4_msgs) StdoutLine: {'line': b'-- Up-to-date: /home/jmj/pro_asp_ws/ws_px4_controls/install/px4_msgs/include/px4_msgs/px4_msgs/msg/detail/rover_throttle_setpoint__rosidl_typesupport_introspection_c.h\n'}
[1.051872] (px4_msgs) StdoutLine: {'line': b'-- Up-to-date: /home/jmj/pro_asp_ws/ws_px4_controls/install/px4_msgs/include/px4_msgs/px4_msgs/msg/detail/home_position__type_support.c\n'}
[1.051894] (px4_msgs) StdoutLine: {'line': b'-- Up-to-date: /home/jmj/pro_asp_ws/ws_px4_controls/install/px4_msgs/include/px4_msgs/px4_msgs/msg/detail/gps_dump__rosidl_typesupport_introspection_c.h\n'}
[1.051923] (px4_msgs) StdoutLine: {'line': b'-- Up-to-date: /home/jmj/pro_asp_ws/ws_px4_controls/install/px4_msgs/include/px4_msgs/px4_msgs/msg/detail/vehicle_torque_setpoint__type_support.c\n'}
[1.051954] (px4_msgs) StdoutLine: {'line': b'-- Up-to-date: /home/jmj/pro_asp_ws/ws_px4_controls/install/px4_msgs/include/px4_msgs/px4_msgs/msg/detail/estimator_bias__rosidl_typesupport_introspection_c.h\n'}
[1.051982] (px4_msgs) StdoutLine: {'line': b'-- Up-to-date: /home/jmj/pro_asp_ws/ws_px4_controls/install/px4_msgs/include/px4_msgs/px4_msgs/msg/detail/estimator_innovations__rosidl_typesupport_introspection_c.h\n'}
[1.052167] (px4_msgs) StdoutLine: {'line': b'-- Up-to-date: /home/jmj/pro_asp_ws/ws_px4_controls/install/px4_msgs/include/px4_msgs/px4_msgs/msg/detail/estimator_gps_status__rosidl_typesupport_introspection_c.h\n'}
[1.052269] (px4_msgs) StdoutLine: {'line': b'-- Up-to-date: /home/jmj/pro_asp_ws/ws_px4_controls/install/px4_msgs/include/px4_msgs/px4_msgs/msg/detail/gpio_out__type_support.c\n'}
[1.052339] (px4_msgs) StdoutLine: {'line': b'-- Up-to-date: /home/jmj/pro_asp_ws/ws_px4_controls/install/px4_msgs/include/px4_msgs/px4_msgs/msg/detail/esc_report__type_support.c\n'}
[1.052418] (px4_msgs) StdoutLine: {'line': b'-- Up-to-date: /home/jmj/pro_asp_ws/ws_px4_controls/install/px4_msgs/include/px4_msgs/px4_msgs/msg/detail/estimator_event_flags__type_support.c\n'}
[1.052484] (px4_msgs) StdoutLine: {'line': b'-- Up-to-date: /home/jmj/pro_asp_ws/ws_px4_controls/install/px4_msgs/include/px4_msgs/px4_msgs/msg/detail/vehicle_imu__type_support.c\n'}
[1.052546] (px4_msgs) StdoutLine: {'line': b'-- Up-to-date: /home/jmj/pro_asp_ws/ws_px4_controls/install/px4_msgs/include/px4_msgs/px4_msgs/msg/detail/power_monitor__rosidl_typesupport_introspection_c.h\n'}
[1.052624] (px4_msgs) StdoutLine: {'line': b'-- Up-to-date: /home/jmj/pro_asp_ws/ws_px4_controls/install/px4_msgs/include/px4_msgs/px4_msgs/msg/detail/onboard_computer_status__type_support.c\n'}
[1.052704] (px4_msgs) StdoutLine: {'line': b'-- Up-to-date: /home/jmj/pro_asp_ws/ws_px4_controls/install/px4_msgs/include/px4_msgs/px4_msgs/msg/detail/open_drone_id_operator_id__type_support.c\n'}
[1.052765] (px4_msgs) StdoutLine: {'line': b'-- Up-to-date: /home/jmj/pro_asp_ws/ws_px4_controls/install/px4_msgs/include/px4_msgs/px4_msgs/msg/detail/figure_eight_status__type_support.c\n'}
[1.052830] (px4_msgs) StdoutLine: {'line': b'-- Up-to-date: /home/jmj/pro_asp_ws/ws_px4_controls/install/px4_msgs/include/px4_msgs/px4_msgs/msg/detail/vehicle_odometry__type_support.c\n'}
[1.052906] (px4_msgs) StdoutLine: {'line': b'-- Up-to-date: /home/jmj/pro_asp_ws/ws_px4_controls/install/px4_msgs/include/px4_msgs/px4_msgs/msg/detail/irlock_report__type_support.c\n'}
[1.052978] (px4_msgs) StdoutLine: {'line': b'-- Up-to-date: /home/jmj/pro_asp_ws/ws_px4_controls/install/px4_msgs/include/px4_msgs/px4_msgs/msg/detail/lateral_control_configuration__type_support.c\n'}
[1.053048] (px4_msgs) StdoutLine: {'line': b'-- Up-to-date: /home/jmj/pro_asp_ws/ws_px4_controls/install/px4_msgs/include/px4_msgs/px4_msgs/msg/detail/pwm_input__type_support.c\n'}
[1.053113] (px4_msgs) StdoutLine: {'line': b'-- Up-to-date: /home/jmj/pro_asp_ws/ws_px4_controls/install/px4_msgs/include/px4_msgs/px4_msgs/msg/detail/arming_check_request__rosidl_typesupport_introspection_c.h\n'}
[1.053194] (px4_msgs) StdoutLine: {'line': b'-- Up-to-date: /home/jmj/pro_asp_ws/ws_px4_controls/install/px4_msgs/include/px4_msgs/px4_msgs/msg/detail/power_monitor__type_support.c\n'}
[1.053253] (px4_msgs) StdoutLine: {'line': b'-- Up-to-date: /home/jmj/pro_asp_ws/ws_px4_controls/install/px4_msgs/include/px4_msgs/px4_msgs/msg/detail/sensor_gps__rosidl_typesupport_introspection_c.h\n'}
[1.053317] (px4_msgs) StdoutLine: {'line': b'-- Up-to-date: /home/jmj/pro_asp_ws/ws_px4_controls/install/px4_msgs/include/px4_msgs/px4_msgs/msg/detail/sensors_status__rosidl_typesupport_introspection_c.h\n'}
[1.053382] (px4_msgs) StdoutLine: {'line': b'-- Up-to-date: /home/jmj/pro_asp_ws/ws_px4_controls/install/px4_msgs/include/px4_msgs/px4_msgs/msg/detail/sensors_status__type_support.c\n'}
[1.053446] (px4_msgs) StdoutLine: {'line': b'-- Up-to-date: /home/jmj/pro_asp_ws/ws_px4_controls/install/px4_msgs/include/px4_msgs/px4_msgs/msg/detail/estimator_aid_source1d__rosidl_typesupport_introspection_c.h\n'}
[1.053538] (px4_msgs) StdoutLine: {'line': b'-- Up-to-date: /home/jmj/pro_asp_ws/ws_px4_controls/install/px4_msgs/include/px4_msgs/px4_msgs/msg/detail/pps_capture__rosidl_typesupport_introspection_c.h\n'}
[1.053598] (px4_msgs) StdoutLine: {'line': b'-- Up-to-date: /home/jmj/pro_asp_ws/ws_px4_controls/install/px4_msgs/include/px4_msgs/px4_msgs/msg/detail/actuator_motors__rosidl_typesupport_introspection_c.h\n'}
[1.053659] (px4_msgs) StdoutLine: {'line': b'-- Up-to-date: /home/jmj/pro_asp_ws/ws_px4_controls/install/px4_msgs/include/px4_msgs/px4_msgs/msg/detail/vehicle_local_position_setpoint__type_support.c\n'}
[1.053719] (px4_msgs) StdoutLine: {'line': b'-- Up-to-date: /home/jmj/pro_asp_ws/ws_px4_controls/install/px4_msgs/include/px4_msgs/px4_msgs/msg/detail/task_stack_info__rosidl_typesupport_introspection_c.h\n'}
[1.053782] (px4_msgs) StdoutLine: {'line': b'-- Up-to-date: /home/jmj/pro_asp_ws/ws_px4_controls/install/px4_msgs/include/px4_msgs/px4_msgs/msg/detail/message_format_response__type_support.c\n'}
[1.053840] (px4_msgs) StdoutLine: {'line': b'-- Up-to-date: /home/jmj/pro_asp_ws/ws_px4_controls/install/px4_msgs/include/px4_msgs/px4_msgs/msg/detail/gimbal_manager_status__rosidl_typesupport_introspection_c.h\n'}
[1.053922] (px4_msgs) StdoutLine: {'line': b'-- Up-to-date: /home/jmj/pro_asp_ws/ws_px4_controls/install/px4_msgs/include/px4_msgs/px4_msgs/msg/detail/vehicle_land_detected__rosidl_typesupport_introspection_c.h\n'}
[1.053993] (px4_msgs) StdoutLine: {'line': b'-- Up-to-date: /home/jmj/pro_asp_ws/ws_px4_controls/install/px4_msgs/include/px4_msgs/px4_msgs/msg/detail/vehicle_optical_flow__type_support.c\n'}
[1.054061] (px4_msgs) StdoutLine: {'line': b'-- Up-to-date: /home/jmj/pro_asp_ws/ws_px4_controls/install/px4_msgs/include/px4_msgs/px4_msgs/msg/detail/message_format_response__rosidl_typesupport_introspection_c.h\n'}
[1.054126] (px4_msgs) StdoutLine: {'line': b'-- Up-to-date: /home/jmj/pro_asp_ws/ws_px4_controls/install/px4_msgs/include/px4_msgs/px4_msgs/msg/detail/failure_detector_status__type_support.c\n'}
[1.054208] (px4_msgs) StdoutLine: {'line': b'-- Up-to-date: /home/jmj/pro_asp_ws/ws_px4_controls/install/px4_msgs/include/px4_msgs/px4_msgs/msg/detail/estimator_aid_source3d__rosidl_typesupport_introspection_c.h\n'}
[1.054293] (px4_msgs) StdoutLine: {'line': b'-- Up-to-date: /home/jmj/pro_asp_ws/ws_px4_controls/install/px4_msgs/include/px4_msgs/px4_msgs/msg/detail/timesync_status__rosidl_typesupport_introspection_c.h\n'}
[1.054359] (px4_msgs) StdoutLine: {'line': b'-- Up-to-date: /home/jmj/pro_asp_ws/ws_px4_controls/install/px4_msgs/include/px4_msgs/px4_msgs/msg/detail/failure_detector_status__rosidl_typesupport_introspection_c.h\n'}
[1.054423] (px4_msgs) StdoutLine: {'line': b'-- Up-to-date: /home/jmj/pro_asp_ws/ws_px4_controls/install/px4_msgs/include/px4_msgs/px4_msgs/msg/detail/debug_key_value__type_support.c\n'}
[1.054483] (px4_msgs) StdoutLine: {'line': b'-- Up-to-date: /home/jmj/pro_asp_ws/ws_px4_controls/install/px4_msgs/include/px4_msgs/px4_msgs/msg/detail/vehicle_attitude__rosidl_typesupport_introspection_c.h\n'}
[1.054552] (px4_msgs) StdoutLine: {'line': b'-- Up-to-date: /home/jmj/pro_asp_ws/ws_px4_controls/install/px4_msgs/include/px4_msgs/px4_msgs/msg/detail/can_interface_status__rosidl_typesupport_introspection_c.h\n'}
[1.054614] (px4_msgs) StdoutLine: {'line': b'-- Up-to-date: /home/jmj/pro_asp_ws/ws_px4_controls/install/px4_msgs/include/px4_msgs/px4_msgs/msg/detail/orb_test_medium__type_support.c\n'}
[1.054694] (px4_msgs) StdoutLine: {'line': b'-- Up-to-date: /home/jmj/pro_asp_ws/ws_px4_controls/install/px4_msgs/include/px4_msgs/px4_msgs/msg/detail/velocity_limits__type_support.c\n'}
[1.054763] (px4_msgs) StdoutLine: {'line': b'-- Up-to-date: /home/jmj/pro_asp_ws/ws_px4_controls/install/px4_msgs/include/px4_msgs/px4_msgs/msg/detail/vehicle_control_mode__rosidl_typesupport_introspection_c.h\n'}
[1.054833] (px4_msgs) StdoutLine: {'line': b'-- Up-to-date: /home/jmj/pro_asp_ws/ws_px4_controls/install/px4_msgs/include/px4_msgs/px4_msgs/msg/detail/vehicle_imu_status__type_support.c\n'}
[1.054901] (px4_msgs) StdoutLine: {'line': b'-- Up-to-date: /home/jmj/pro_asp_ws/ws_px4_controls/install/px4_msgs/include/px4_msgs/px4_msgs/msg/detail/rover_position_setpoint__type_support.c\n'}
[1.054976] (px4_msgs) StdoutLine: {'line': b'-- Up-to-date: /home/jmj/pro_asp_ws/ws_px4_controls/install/px4_msgs/include/px4_msgs/px4_msgs/msg/detail/esc_report__rosidl_typesupport_introspection_c.h\n'}
[1.055046] (px4_msgs) StdoutLine: {'line': b'-- Up-to-date: /home/jmj/pro_asp_ws/ws_px4_controls/install/px4_msgs/include/px4_msgs/px4_msgs/msg/detail/estimator_status_flags__type_support.c\n'}
[1.055134] (px4_msgs) StdoutLine: {'line': b'-- Up-to-date: /home/jmj/pro_asp_ws/ws_px4_controls/install/px4_msgs/include/px4_msgs/px4_msgs/msg/detail/sensor_gyro_fifo__rosidl_typesupport_introspection_c.h\n'}
[1.055212] (px4_msgs) StdoutLine: {'line': b'-- Up-to-date: /home/jmj/pro_asp_ws/ws_px4_controls/install/px4_msgs/include/px4_msgs/px4_msgs/msg/detail/vehicle_status__type_support.c\n'}
[1.055297] (px4_msgs) StdoutLine: {'line': b'-- Up-to-date: /home/jmj/pro_asp_ws/ws_px4_controls/install/px4_msgs/include/px4_msgs/px4_msgs/msg/detail/input_rc__rosidl_typesupport_introspection_c.h\n'}
[1.055370] (px4_msgs) StdoutLine: {'line': b'-- Up-to-date: /home/jmj/pro_asp_ws/ws_px4_controls/install/px4_msgs/include/px4_msgs/px4_msgs/msg/detail/estimator_aid_source2d__rosidl_typesupport_introspection_c.h\n'}
[1.055438] (px4_msgs) StdoutLine: {'line': b'-- Up-to-date: /home/jmj/pro_asp_ws/ws_px4_controls/install/px4_msgs/include/px4_msgs/px4_msgs/msg/detail/telemetry_status__type_support.c\n'}
[1.055527] (px4_msgs) StdoutLine: {'line': b'-- Up-to-date: /home/jmj/pro_asp_ws/ws_px4_controls/install/px4_msgs/include/px4_msgs/px4_msgs/msg/detail/power_button_state__type_support.c\n'}
[1.055605] (px4_msgs) StdoutLine: {'line': b'-- Up-to-date: /home/jmj/pro_asp_ws/ws_px4_controls/install/px4_msgs/include/px4_msgs/px4_msgs/msg/detail/button_event__rosidl_typesupport_introspection_c.h\n'}
[1.055670] (px4_msgs) StdoutLine: {'line': b'-- Up-to-date: /home/jmj/pro_asp_ws/ws_px4_controls/install/px4_msgs/include/px4_msgs/px4_msgs/msg/detail/autotune_attitude_control_status__rosidl_typesupport_introspection_c.h\n'}
[1.055751] (px4_msgs) StdoutLine: {'line': b'-- Up-to-date: /home/jmj/pro_asp_ws/ws_px4_controls/install/px4_msgs/include/px4_msgs/px4_msgs/msg/detail/debug_key_value__rosidl_typesupport_introspection_c.h\n'}
[1.055823] (px4_msgs) StdoutLine: {'line': b'-- Up-to-date: /home/jmj/pro_asp_ws/ws_px4_controls/install/px4_msgs/include/px4_msgs/px4_msgs/msg/detail/position_setpoint_triplet__type_support.c\n'}
[1.055898] (px4_msgs) StdoutLine: {'line': b'-- Up-to-date: /home/jmj/pro_asp_ws/ws_px4_controls/install/px4_msgs/include/px4_msgs/px4_msgs/msg/detail/event__rosidl_typesupport_introspection_c.h\n'}
[1.056027] (px4_msgs) StdoutLine: {'line': b'-- Up-to-date: /home/jmj/pro_asp_ws/ws_px4_controls/install/px4_msgs/include/px4_msgs/px4_msgs/msg/detail/sensor_accel__rosidl_typesupport_introspection_c.h\n'}
[1.056105] (px4_msgs) StdoutLine: {'line': b'-- Up-to-date: /home/jmj/pro_asp_ws/ws_px4_controls/install/px4_msgs/include/px4_msgs/px4_msgs/msg/detail/orbit_status__rosidl_typesupport_introspection_c.h\n'}
[1.056170] (px4_msgs) StdoutLine: {'line': b'-- Up-to-date: /home/jmj/pro_asp_ws/ws_px4_controls/install/px4_msgs/include/px4_msgs/px4_msgs/msg/detail/iridiumsbd_status__type_support.c\n'}
[1.056232] (px4_msgs) StdoutLine: {'line': b'-- Up-to-date: /home/jmj/pro_asp_ws/ws_px4_controls/install/px4_msgs/include/px4_msgs/px4_msgs/msg/detail/flight_phase_estimation__rosidl_typesupport_introspection_c.h\n'}
[1.056297] (px4_msgs) StdoutLine: {'line': b'-- Up-to-date: /home/jmj/pro_asp_ws/ws_px4_controls/install/px4_msgs/include/px4_msgs/px4_msgs/msg/detail/launch_detection_status__type_support.c\n'}
[1.056374] (px4_msgs) StdoutLine: {'line': b'-- Up-to-date: /home/jmj/pro_asp_ws/ws_px4_controls/install/px4_msgs/include/px4_msgs/px4_msgs/msg/detail/rc_parameter_map__rosidl_typesupport_introspection_c.h\n'}
[1.056440] (px4_msgs) StdoutLine: {'line': b'-- Up-to-date: /home/jmj/pro_asp_ws/ws_px4_controls/install/px4_msgs/include/px4_msgs/px4_msgs/msg/detail/rover_velocity_status__rosidl_typesupport_introspection_c.h\n'}
[1.056512] (px4_msgs) StdoutLine: {'line': b'-- Up-to-date: /home/jmj/pro_asp_ws/ws_px4_controls/install/px4_msgs/include/px4_msgs/px4_msgs/msg/detail/vehicle_land_detected__type_support.c\n'}
[1.056703] (px4_msgs) StdoutLine: {'line': b'-- Up-to-date: /home/jmj/pro_asp_ws/ws_px4_controls/install/px4_msgs/include/px4_msgs/px4_msgs/msg/detail/wheel_encoders__type_support.c\n'}
[1.056792] (px4_msgs) StdoutLine: {'line': b'-- Up-to-date: /home/jmj/pro_asp_ws/ws_px4_controls/install/px4_msgs/include/px4_msgs/px4_msgs/msg/detail/magnetometer_bias_estimate__type_support.c\n'}
[1.056839] (px4_msgs) StdoutLine: {'line': b'-- Up-to-date: /home/jmj/pro_asp_ws/ws_px4_controls/install/px4_msgs/include/px4_msgs/px4_msgs/msg/detail/vehicle_command__type_support.c\n'}
[1.056878] (px4_msgs) StdoutLine: {'line': b'-- Up-to-date: /home/jmj/pro_asp_ws/ws_px4_controls/install/px4_msgs/include/px4_msgs/px4_msgs/msg/detail/manual_control_switches__rosidl_typesupport_introspection_c.h\n'}
[1.056921] (px4_msgs) StdoutLine: {'line': b'-- Up-to-date: /home/jmj/pro_asp_ws/ws_px4_controls/install/px4_msgs/include/px4_msgs/px4_msgs/msg/detail/pure_pursuit_status__type_support.c\n'}
[1.056972] (px4_msgs) StdoutLine: {'line': b'-- Up-to-date: /home/jmj/pro_asp_ws/ws_px4_controls/install/px4_msgs/include/px4_msgs/px4_msgs/msg/detail/rover_rate_status__rosidl_typesupport_introspection_c.h\n'}
[1.057013] (px4_msgs) StdoutLine: {'line': b'-- Up-to-date: /home/jmj/pro_asp_ws/ws_px4_controls/install/px4_msgs/include/px4_msgs/px4_msgs/msg/detail/sensor_gyro_fft__rosidl_typesupport_introspection_c.h\n'}
[1.057046] (px4_msgs) StdoutLine: {'line': b'-- Up-to-date: /home/jmj/pro_asp_ws/ws_px4_controls/install/px4_msgs/include/px4_msgs/px4_msgs/msg/detail/gps_dump__type_support.c\n'}
[1.057086] (px4_msgs) StdoutLine: {'line': b'-- Up-to-date: /home/jmj/pro_asp_ws/ws_px4_controls/install/px4_msgs/include/px4_msgs/px4_msgs/msg/detail/sensor_accel_fifo__rosidl_typesupport_introspection_c.h\n'}
[1.057141] (px4_msgs) StdoutLine: {'line': b'-- Up-to-date: /home/jmj/pro_asp_ws/ws_px4_controls/install/px4_msgs/include/px4_msgs/px4_msgs/msg/detail/px4io_status__type_support.c\n'}
[1.057221] (px4_msgs) StdoutLine: {'line': b'-- Up-to-date: /home/jmj/pro_asp_ws/ws_px4_controls/install/px4_msgs/include/px4_msgs/px4_msgs/msg/detail/arming_check_reply__type_support.c\n'}
[1.057249] (px4_msgs) StdoutLine: {'line': b'-- Up-to-date: /home/jmj/pro_asp_ws/ws_px4_controls/install/px4_msgs/include/px4_msgs/px4_msgs/msg/detail/mode_completed__type_support.c\n'}
[1.057290] (px4_msgs) StdoutLine: {'line': b'-- Up-to-date: /home/jmj/pro_asp_ws/ws_px4_controls/install/px4_msgs/include/px4_msgs/px4_msgs/msg/detail/cellular_status__type_support.c\n'}
[1.057333] (px4_msgs) StdoutLine: {'line': b'-- Up-to-date: /home/jmj/pro_asp_ws/ws_px4_controls/install/px4_msgs/include/px4_msgs/px4_msgs/msg/detail/actuator_outputs__type_support.c\n'}
[1.057374] (px4_msgs) StdoutLine: {'line': b'-- Up-to-date: /home/jmj/pro_asp_ws/ws_px4_controls/install/px4_msgs/include/px4_msgs/px4_msgs/msg/detail/gimbal_device_set_attitude__type_support.c\n'}
[1.057413] (px4_msgs) StdoutLine: {'line': b'-- Up-to-date: /home/jmj/pro_asp_ws/ws_px4_controls/install/px4_msgs/include/px4_msgs/px4_msgs/msg/detail/sensors_status_imu__type_support.c\n'}
[1.057456] (px4_msgs) StdoutLine: {'line': b'-- Up-to-date: /home/jmj/pro_asp_ws/ws_px4_controls/install/px4_msgs/include/px4_msgs/px4_msgs/msg/detail/generator_status__rosidl_typesupport_introspection_c.h\n'}
[1.057500] (px4_msgs) StdoutLine: {'line': b'-- Up-to-date: /home/jmj/pro_asp_ws/ws_px4_controls/install/px4_msgs/include/px4_msgs/px4_msgs/msg/detail/collision_constraints__type_support.c\n'}
[1.057540] (px4_msgs) StdoutLine: {'line': b'-- Up-to-date: /home/jmj/pro_asp_ws/ws_px4_controls/install/px4_msgs/include/px4_msgs/px4_msgs/msg/detail/qshell_req__type_support.c\n'}
[1.057587] (px4_msgs) StdoutLine: {'line': b'-- Up-to-date: /home/jmj/pro_asp_ws/ws_px4_controls/install/px4_msgs/include/px4_msgs/px4_msgs/msg/detail/system_power__type_support.c\n'}
[1.057638] (px4_msgs) StdoutLine: {'line': b'-- Up-to-date: /home/jmj/pro_asp_ws/ws_px4_controls/install/px4_msgs/include/px4_msgs/px4_msgs/msg/detail/wheel_encoders__rosidl_typesupport_introspection_c.h\n'}
[1.057675] (px4_msgs) StdoutLine: {'line': b'-- Up-to-date: /home/jmj/pro_asp_ws/ws_px4_controls/install/px4_msgs/include/px4_msgs/px4_msgs/msg/detail/estimator_status_flags__rosidl_typesupport_introspection_c.h\n'}
[1.057711] (px4_msgs) StdoutLine: {'line': b'-- Up-to-date: /home/jmj/pro_asp_ws/ws_px4_controls/install/px4_msgs/include/px4_msgs/px4_msgs/msg/detail/gripper__rosidl_typesupport_introspection_c.h\n'}
[1.057749] (px4_msgs) StdoutLine: {'line': b'-- Up-to-date: /home/jmj/pro_asp_ws/ws_px4_controls/install/px4_msgs/include/px4_msgs/px4_msgs/msg/detail/gimbal_device_attitude_status__rosidl_typesupport_introspection_c.h\n'}
[1.057785] (px4_msgs) StdoutLine: {'line': b'-- Up-to-date: /home/jmj/pro_asp_ws/ws_px4_controls/install/px4_msgs/include/px4_msgs/px4_msgs/msg/detail/follow_target__type_support.c\n'}
[1.057819] (px4_msgs) StdoutLine: {'line': b'-- Up-to-date: /home/jmj/pro_asp_ws/ws_px4_controls/install/px4_msgs/include/px4_msgs/px4_msgs/msg/detail/distance_sensor__type_support.c\n'}
[1.057854] (px4_msgs) StdoutLine: {'line': b'-- Up-to-date: /home/jmj/pro_asp_ws/ws_px4_controls/install/px4_msgs/include/px4_msgs/px4_msgs/msg/detail/cpuload__type_support.c\n'}
[1.057896] (px4_msgs) StdoutLine: {'line': b'-- Up-to-date: /home/jmj/pro_asp_ws/ws_px4_controls/install/px4_msgs/include/px4_msgs/px4_msgs/msg/detail/vehicle_rates_setpoint__rosidl_typesupport_introspection_c.h\n'}
[1.057949] (px4_msgs) StdoutLine: {'line': b'-- Up-to-date: /home/jmj/pro_asp_ws/ws_px4_controls/install/px4_msgs/include/px4_msgs/px4_msgs/msg/detail/navigator_mission_item__type_support.c\n'}
[1.057995] (px4_msgs) StdoutLine: {'line': b'-- Up-to-date: /home/jmj/pro_asp_ws/ws_px4_controls/install/px4_msgs/include/px4_msgs/px4_msgs/msg/detail/led_control__rosidl_typesupport_introspection_c.h\n'}
[1.058043] (px4_msgs) StdoutLine: {'line': b'-- Up-to-date: /home/jmj/pro_asp_ws/ws_px4_controls/install/px4_msgs/include/px4_msgs/px4_msgs/msg/detail/vehicle_attitude_setpoint__rosidl_typesupport_introspection_c.h\n'}
[1.058098] (px4_msgs) StdoutLine: {'line': b'-- Up-to-date: /home/jmj/pro_asp_ws/ws_px4_controls/install/px4_msgs/include/px4_msgs/px4_msgs/msg/detail/vehicle_attitude__type_support.c\n'}
[1.058137] (px4_msgs) StdoutLine: {'line': b'-- Up-to-date: /home/jmj/pro_asp_ws/ws_px4_controls/install/px4_msgs/include/px4_msgs/px4_msgs/msg/detail/geofence_result__type_support.c\n'}
[1.058179] (px4_msgs) StdoutLine: {'line': b'-- Up-to-date: /home/jmj/pro_asp_ws/ws_px4_controls/install/px4_msgs/include/px4_msgs/px4_msgs/msg/detail/rover_attitude_setpoint__rosidl_typesupport_introspection_c.h\n'}
[1.058213] (px4_msgs) StdoutLine: {'line': b'-- Up-to-date: /home/jmj/pro_asp_ws/ws_px4_controls/install/px4_msgs/include/px4_msgs/px4_msgs/msg/detail/logger_status__type_support.c\n'}
[1.058247] (px4_msgs) StdoutLine: {'line': b'-- Up-to-date: /home/jmj/pro_asp_ws/ws_px4_controls/install/px4_msgs/include/px4_msgs/px4_msgs/msg/detail/unregister_ext_component__type_support.c\n'}
[1.058274] (px4_msgs) StdoutLine: {'line': b'-- Up-to-date: /home/jmj/pro_asp_ws/ws_px4_controls/install/px4_msgs/include/px4_msgs/px4_msgs/msg/detail/airspeed_validated__rosidl_typesupport_introspection_c.h\n'}
[1.058303] (px4_msgs) StdoutLine: {'line': b'-- Up-to-date: /home/jmj/pro_asp_ws/ws_px4_controls/install/px4_msgs/include/px4_msgs/px4_msgs/msg/detail/sensor_hygrometer__type_support.c\n'}
[1.058330] (px4_msgs) StdoutLine: {'line': b'-- Up-to-date: /home/jmj/pro_asp_ws/ws_px4_controls/install/px4_msgs/include/px4_msgs/px4_msgs/msg/detail/vehicle_command_ack__type_support.c\n'}
[1.058355] (px4_msgs) StdoutLine: {'line': b'-- Up-to-date: /home/jmj/pro_asp_ws/ws_px4_controls/install/px4_msgs/include/px4_msgs/px4_msgs/msg/detail/estimator_sensor_bias__rosidl_typesupport_introspection_c.h\n'}
[1.058385] (px4_msgs) StdoutLine: {'line': b'-- Up-to-date: /home/jmj/pro_asp_ws/ws_px4_controls/install/px4_msgs/include/px4_msgs/px4_msgs/msg/detail/open_drone_id_system__type_support.c\n'}
[1.058423] (px4_msgs) StdoutLine: {'line': b'-- Up-to-date: /home/jmj/pro_asp_ws/ws_px4_controls/install/px4_msgs/include/px4_msgs/px4_msgs/msg/detail/rc_channels__type_support.c\n'}
[1.058463] (px4_msgs) StdoutLine: {'line': b'-- Up-to-date: /home/jmj/pro_asp_ws/ws_px4_controls/install/px4_msgs/include/px4_msgs/px4_msgs/msg/detail/estimator_status__type_support.c\n'}
[1.058545] (px4_msgs) StdoutLine: {'line': b'-- Up-to-date: /home/jmj/pro_asp_ws/ws_px4_controls/install/px4_msgs/include/px4_msgs/px4_msgs/msg/detail/estimator_aid_source1d__type_support.c\n'}
[1.058595] (px4_msgs) StdoutLine: {'line': b'-- Up-to-date: /home/jmj/pro_asp_ws/ws_px4_controls/install/px4_msgs/include/px4_msgs/px4_msgs/msg/detail/offboard_control_mode__rosidl_typesupport_introspection_c.h\n'}
[1.058639] (px4_msgs) StdoutLine: {'line': b'-- Up-to-date: /home/jmj/pro_asp_ws/ws_px4_controls/install/px4_msgs/include/px4_msgs/px4_msgs/msg/detail/camera_trigger__type_support.c\n'}
[1.058680] (px4_msgs) StdoutLine: {'line': b'-- Up-to-date: /home/jmj/pro_asp_ws/ws_px4_controls/install/px4_msgs/include/px4_msgs/px4_msgs/msg/detail/gpio_request__type_support.c\n'}
[1.058720] (px4_msgs) StdoutLine: {'line': b'-- Up-to-date: /home/jmj/pro_asp_ws/ws_px4_controls/install/px4_msgs/include/px4_msgs/px4_msgs/msg/detail/sensor_gyro__rosidl_typesupport_introspection_c.h\n'}
[1.058749] (px4_msgs) StdoutLine: {'line': b'-- Up-to-date: /home/jmj/pro_asp_ws/ws_px4_controls/install/px4_msgs/include/px4_msgs/px4_msgs/msg/detail/wind__rosidl_typesupport_introspection_c.h\n'}
[1.058784] (px4_msgs) StdoutLine: {'line': b'-- Up-to-date: /home/jmj/pro_asp_ws/ws_px4_controls/install/px4_msgs/include/px4_msgs/px4_msgs/msg/detail/failsafe_flags__rosidl_typesupport_introspection_c.h\n'}
[1.058823] (px4_msgs) StdoutLine: {'line': b'-- Up-to-date: /home/jmj/pro_asp_ws/ws_px4_controls/install/px4_msgs/include/px4_msgs/px4_msgs/msg/detail/can_interface_status__type_support.c\n'}
[1.058895] (px4_msgs) StdoutLine: {'line': b'-- Up-to-date: /home/jmj/pro_asp_ws/ws_px4_controls/install/px4_msgs/include/px4_msgs/px4_msgs/msg/detail/estimator_gps_status__type_support.c\n'}
[1.058942] (px4_msgs) StdoutLine: {'line': b'-- Up-to-date: /home/jmj/pro_asp_ws/ws_px4_controls/install/px4_msgs/include/px4_msgs/px4_msgs/msg/detail/fuel_tank_status__type_support.c\n'}
[1.058981] (px4_msgs) StdoutLine: {'line': b'-- Up-to-date: /home/jmj/pro_asp_ws/ws_px4_controls/install/px4_msgs/include/px4_msgs/px4_msgs/msg/detail/actuator_servos_trim__rosidl_typesupport_introspection_c.h\n'}
[1.059008] (px4_msgs) StdoutLine: {'line': b'-- Up-to-date: /home/jmj/pro_asp_ws/ws_px4_controls/install/px4_msgs/include/px4_msgs/px4_msgs/msg/detail/fixed_wing_runway_control__type_support.c\n'}
[1.059036] (px4_msgs) StdoutLine: {'line': b'-- Up-to-date: /home/jmj/pro_asp_ws/ws_px4_controls/install/px4_msgs/include/px4_msgs/px4_msgs/msg/detail/unregister_ext_component__rosidl_typesupport_introspection_c.h\n'}
[1.059059] (px4_msgs) StdoutLine: {'line': b'-- Up-to-date: /home/jmj/pro_asp_ws/ws_px4_controls/install/px4_msgs/include/px4_msgs/px4_msgs/msg/detail/normalized_unsigned_setpoint__rosidl_typesupport_introspection_c.h\n'}
[1.059083] (px4_msgs) StdoutLine: {'line': b'-- Up-to-date: /home/jmj/pro_asp_ws/ws_px4_controls/install/px4_msgs/include/px4_msgs/px4_msgs/msg/detail/navigator_status__rosidl_typesupport_introspection_c.h\n'}
[1.059106] (px4_msgs) StdoutLine: {'line': b'-- Up-to-date: /home/jmj/pro_asp_ws/ws_px4_controls/install/px4_msgs/include/px4_msgs/px4_msgs/msg/detail/gripper__type_support.c\n'}
[1.059129] (px4_msgs) StdoutLine: {'line': b'-- Up-to-date: /home/jmj/pro_asp_ws/ws_px4_controls/install/px4_msgs/include/px4_msgs/px4_msgs/msg/detail/health_report__rosidl_typesupport_introspection_c.h\n'}
[1.059153] (px4_msgs) StdoutLine: {'line': b'-- Up-to-date: /home/jmj/pro_asp_ws/ws_px4_controls/install/px4_msgs/include/px4_msgs/px4_msgs/msg/detail/vehicle_air_data__type_support.c\n'}
[1.059185] (px4_msgs) StdoutLine: {'line': b'-- Up-to-date: /home/jmj/pro_asp_ws/ws_px4_controls/install/px4_msgs/include/px4_msgs/px4_msgs/msg/detail/sensor_correction__rosidl_typesupport_introspection_c.h\n'}
[1.059223] (px4_msgs) StdoutLine: {'line': b'-- Up-to-date: /home/jmj/pro_asp_ws/ws_px4_controls/install/px4_msgs/include/px4_msgs/px4_msgs/msg/detail/landing_gear_wheel__rosidl_typesupport_introspection_c.h\n'}
[1.059248] (px4_msgs) StdoutLine: {'line': b'-- Up-to-date: /home/jmj/pro_asp_ws/ws_px4_controls/install/px4_msgs/include/px4_msgs/px4_msgs/msg/detail/sensor_airflow__type_support.c\n'}
[1.059272] (px4_msgs) StdoutLine: {'line': b'-- Up-to-date: /home/jmj/pro_asp_ws/ws_px4_controls/install/px4_msgs/include/px4_msgs/px4_msgs/msg/detail/actuator_controls_status__rosidl_typesupport_introspection_c.h\n'}
[1.059305] (px4_msgs) StdoutLine: {'line': b'-- Up-to-date: /home/jmj/pro_asp_ws/ws_px4_controls/install/px4_msgs/include/px4_msgs/px4_msgs/msg/detail/debug_array__rosidl_typesupport_introspection_c.h\n'}
[1.059329] (px4_msgs) StdoutLine: {'line': b'-- Up-to-date: /home/jmj/pro_asp_ws/ws_px4_controls/install/px4_msgs/include/px4_msgs/px4_msgs/msg/detail/sensor_hygrometer__rosidl_typesupport_introspection_c.h\n'}
[1.059354] (px4_msgs) StdoutLine: {'line': b'-- Up-to-date: /home/jmj/pro_asp_ws/ws_px4_controls/install/px4_msgs/include/px4_msgs/px4_msgs/msg/detail/goto_setpoint__type_support.c\n'}
[1.059380] (px4_msgs) StdoutLine: {'line': b'-- Up-to-date: /home/jmj/pro_asp_ws/ws_px4_controls/install/px4_msgs/include/px4_msgs/px4_msgs/msg/detail/magnetometer_bias_estimate__rosidl_typesupport_introspection_c.h\n'}
[1.059404] (px4_msgs) StdoutLine: {'line': b'-- Up-to-date: /home/jmj/pro_asp_ws/ws_px4_controls/install/px4_msgs/include/px4_msgs/px4_msgs/msg/detail/rc_parameter_map__type_support.c\n'}
[1.059427] (px4_msgs) StdoutLine: {'line': b'-- Up-to-date: /home/jmj/pro_asp_ws/ws_px4_controls/install/px4_msgs/include/px4_msgs/px4_msgs/msg/detail/mavlink_log__type_support.c\n'}
[1.059455] (px4_msgs) StdoutLine: {'line': b'-- Up-to-date: /home/jmj/pro_asp_ws/ws_px4_controls/install/px4_msgs/include/px4_msgs/px4_msgs/msg/detail/satellite_info__type_support.c\n'}
[1.059482] (px4_msgs) StdoutLine: {'line': b'-- Up-to-date: /home/jmj/pro_asp_ws/ws_px4_controls/install/px4_msgs/include/px4_msgs/px4_msgs/msg/detail/fixed_wing_lateral_status__rosidl_typesupport_introspection_c.h\n'}
[1.059507] (px4_msgs) StdoutLine: {'line': b'-- Up-to-date: /home/jmj/pro_asp_ws/ws_px4_controls/install/px4_msgs/include/px4_msgs/px4_msgs/msg/detail/actuator_servos__rosidl_typesupport_introspection_c.h\n'}
[1.059533] (px4_msgs) StdoutLine: {'line': b'-- Up-to-date: /home/jmj/pro_asp_ws/ws_px4_controls/install/px4_msgs/include/px4_msgs/px4_msgs/msg/detail/orb_test__type_support.c\n'}
[1.059558] (px4_msgs) StdoutLine: {'line': b'-- Up-to-date: /home/jmj/pro_asp_ws/ws_px4_controls/install/px4_msgs/include/px4_msgs/px4_msgs/msg/detail/differential_pressure__rosidl_typesupport_introspection_c.h\n'}
[1.059586] (px4_msgs) StdoutLine: {'line': b'-- Up-to-date: /home/jmj/pro_asp_ws/ws_px4_controls/install/px4_msgs/include/px4_msgs/px4_msgs/msg/detail/internal_combustion_engine_control__rosidl_typesupport_introspection_c.h\n'}
[1.059643] (px4_msgs) StdoutLine: {'line': b'-- Up-to-date: /home/jmj/pro_asp_ws/ws_px4_controls/install/px4_msgs/include/px4_msgs/px4_msgs/msg/detail/internal_combustion_engine_status__rosidl_typesupport_introspection_c.h\n'}
[1.059672] (px4_msgs) StdoutLine: {'line': b'-- Up-to-date: /home/jmj/pro_asp_ws/ws_px4_controls/install/px4_msgs/include/px4_msgs/px4_msgs/msg/detail/orbit_status__type_support.c\n'}
[1.059696] (px4_msgs) StdoutLine: {'line': b'-- Up-to-date: /home/jmj/pro_asp_ws/ws_px4_controls/install/px4_msgs/include/px4_msgs/px4_msgs/msg/detail/rover_steering_setpoint__type_support.c\n'}
[1.059719] (px4_msgs) StdoutLine: {'line': b'-- Up-to-date: /home/jmj/pro_asp_ws/ws_px4_controls/install/px4_msgs/include/px4_msgs/px4_msgs/msg/detail/vehicle_thrust_setpoint__rosidl_typesupport_introspection_c.h\n'}
[1.059743] (px4_msgs) StdoutLine: {'line': b'-- Up-to-date: /home/jmj/pro_asp_ws/ws_px4_controls/install/px4_msgs/include/px4_msgs/px4_msgs/msg/detail/yaw_estimator_status__rosidl_typesupport_introspection_c.h\n'}
[1.059772] (px4_msgs) StdoutLine: {'line': b'-- Up-to-date: /home/jmj/pro_asp_ws/ws_px4_controls/install/px4_msgs/include/px4_msgs/px4_msgs/msg/detail/sensor_selection__rosidl_typesupport_introspection_c.h\n'}
[1.059794] (px4_msgs) StdoutLine: {'line': b'-- Up-to-date: /home/jmj/pro_asp_ws/ws_px4_controls/install/px4_msgs/include/px4_msgs/px4_msgs/msg/detail/mission_result__type_support.c\n'}
[1.059819] (px4_msgs) StdoutLine: {'line': b'-- Up-to-date: /home/jmj/pro_asp_ws/ws_px4_controls/install/px4_msgs/include/px4_msgs/px4_msgs/msg/detail/failsafe_flags__type_support.c\n'}
[1.059847] (px4_msgs) StdoutLine: {'line': b'-- Up-to-date: /home/jmj/pro_asp_ws/ws_px4_controls/install/px4_msgs/include/px4_msgs/px4_msgs/msg/detail/trajectory_setpoint6dof__type_support.c\n'}
[1.059885] (px4_msgs) StdoutLine: {'line': b'-- Up-to-date: /home/jmj/pro_asp_ws/ws_px4_controls/install/px4_msgs/include/px4_msgs/px4_msgs/msg/detail/vehicle_global_position__type_support.c\n'}
[1.059936] (px4_msgs) StdoutLine: {'line': b'-- Up-to-date: /home/jmj/pro_asp_ws/ws_px4_controls/install/px4_msgs/include/px4_msgs/px4_msgs/msg/detail/vehicle_command_ack__rosidl_typesupport_introspection_c.h\n'}
[1.060013] (px4_msgs) StdoutLine: {'line': b'-- Up-to-date: /home/jmj/pro_asp_ws/ws_px4_controls/install/px4_msgs/include/px4_msgs/px4_msgs/msg/detail/telemetry_status__rosidl_typesupport_introspection_c.h\n'}
[1.060042] (px4_msgs) StdoutLine: {'line': b'-- Up-to-date: /home/jmj/pro_asp_ws/ws_px4_controls/install/px4_msgs/include/px4_msgs/px4_msgs/msg/detail/gps_inject_data__type_support.c\n'}
[1.060066] (px4_msgs) StdoutLine: {'line': b'-- Up-to-date: /home/jmj/pro_asp_ws/ws_px4_controls/install/px4_msgs/include/px4_msgs/px4_msgs/msg/detail/launch_detection_status__rosidl_typesupport_introspection_c.h\n'}
[1.060107] (px4_msgs) StdoutLine: {'line': b'-- Up-to-date: /home/jmj/pro_asp_ws/ws_px4_controls/install/px4_msgs/include/px4_msgs/px4_msgs/msg/detail/generator_status__type_support.c\n'}
[1.060142] (px4_msgs) StdoutLine: {'line': b'-- Up-to-date: /home/jmj/pro_asp_ws/ws_px4_controls/install/px4_msgs/include/px4_msgs/px4_msgs/msg/detail/normalized_unsigned_setpoint__type_support.c\n'}
[1.060181] (px4_msgs) StdoutLine: {'line': b'-- Up-to-date: /home/jmj/pro_asp_ws/ws_px4_controls/install/px4_msgs/include/px4_msgs/px4_msgs/msg/detail/longitudinal_control_configuration__type_support.c\n'}
[1.060209] (px4_msgs) StdoutLine: {'line': b'-- Up-to-date: /home/jmj/pro_asp_ws/ws_px4_controls/install/px4_msgs/include/px4_msgs/px4_msgs/msg/detail/ping__rosidl_typesupport_introspection_c.h\n'}
[1.060235] (px4_msgs) StdoutLine: {'line': b'-- Up-to-date: /home/jmj/pro_asp_ws/ws_px4_controls/install/px4_msgs/include/px4_msgs/px4_msgs/msg/detail/heater_status__type_support.c\n'}
[1.060267] (px4_msgs) StdoutLine: {'line': b'-- Up-to-date: /home/jmj/pro_asp_ws/ws_px4_controls/install/px4_msgs/include/px4_msgs/px4_msgs/msg/detail/cellular_status__rosidl_typesupport_introspection_c.h\n'}
[1.060298] (px4_msgs) StdoutLine: {'line': b'-- Up-to-date: /home/jmj/pro_asp_ws/ws_px4_controls/install/px4_msgs/include/px4_msgs/px4_msgs/msg/detail/obstacle_distance__rosidl_typesupport_introspection_c.h\n'}
[1.060339] (px4_msgs) StdoutLine: {'line': b'-- Up-to-date: /home/jmj/pro_asp_ws/ws_px4_controls/install/px4_msgs/include/px4_msgs/px4_msgs/msg/detail/transponder_report__rosidl_typesupport_introspection_c.h\n'}
[1.060370] (px4_msgs) StdoutLine: {'line': b'-- Up-to-date: /home/jmj/pro_asp_ws/ws_px4_controls/install/px4_msgs/include/px4_msgs/px4_msgs/msg/detail/mag_worker_data__type_support.c\n'}
[1.060398] (px4_msgs) StdoutLine: {'line': b'-- Up-to-date: /home/jmj/pro_asp_ws/ws_px4_controls/install/px4_msgs/include/px4_msgs/px4_msgs/msg/detail/task_stack_info__type_support.c\n'}
[1.060430] (px4_msgs) StdoutLine: {'line': b'-- Up-to-date: /home/jmj/pro_asp_ws/ws_px4_controls/install/px4_msgs/include/px4_msgs/px4_msgs/msg/detail/mag_worker_data__rosidl_typesupport_introspection_c.h\n'}
[1.060472] (px4_msgs) StdoutLine: {'line': b'-- Up-to-date: /home/jmj/pro_asp_ws/ws_px4_controls/install/px4_msgs/include/px4_msgs/px4_msgs/msg/detail/open_drone_id_operator_id__rosidl_typesupport_introspection_c.h\n'}
[1.060510] (px4_msgs) StdoutLine: {'line': b'-- Up-to-date: /home/jmj/pro_asp_ws/ws_px4_controls/install/px4_msgs/include/px4_msgs/px4_msgs/msg/detail/fixed_wing_lateral_guidance_status__rosidl_typesupport_introspection_c.h\n'}
[1.060581] (px4_msgs) StdoutLine: {'line': b'-- Up-to-date: /home/jmj/pro_asp_ws/ws_px4_controls/install/px4_msgs/include/px4_msgs/px4_msgs/msg/detail/differential_pressure__type_support.c\n'}
[1.060614] (px4_msgs) StdoutLine: {'line': b'-- Up-to-date: /home/jmj/pro_asp_ws/ws_px4_controls/install/px4_msgs/include/px4_msgs/px4_msgs/msg/detail/distance_sensor_mode_change_request__rosidl_typesupport_introspection_c.h\n'}
[1.060641] (px4_msgs) StdoutLine: {'line': b'-- Up-to-date: /home/jmj/pro_asp_ws/ws_px4_controls/install/px4_msgs/include/px4_msgs/px4_msgs/msg/detail/rover_throttle_setpoint__type_support.c\n'}
[1.060676] (px4_msgs) StdoutLine: {'line': b'-- Up-to-date: /home/jmj/pro_asp_ws/ws_px4_controls/install/px4_msgs/include/px4_msgs/px4_msgs/msg/detail/rover_rate_status__type_support.c\n'}
[1.060719] (px4_msgs) StdoutLine: {'line': b'-- Up-to-date: /home/jmj/pro_asp_ws/ws_px4_controls/install/px4_msgs/include/px4_msgs/px4_msgs/msg/detail/sensor_mag__rosidl_typesupport_introspection_c.h\n'}
[1.060753] (px4_msgs) StdoutLine: {'line': b'-- Up-to-date: /home/jmj/pro_asp_ws/ws_px4_controls/install/px4_msgs/include/px4_msgs/px4_msgs/msg/detail/geofence_status__type_support.c\n'}
[1.060786] (px4_msgs) StdoutLine: {'line': b'-- Up-to-date: /home/jmj/pro_asp_ws/ws_px4_controls/install/px4_msgs/include/px4_msgs/px4_msgs/msg/detail/open_drone_id_arm_status__rosidl_typesupport_introspection_c.h\n'}
[1.060816] (px4_msgs) StdoutLine: {'line': b'-- Up-to-date: /home/jmj/pro_asp_ws/ws_px4_controls/install/px4_msgs/include/px4_msgs/px4_msgs/msg/detail/actuator_test__rosidl_typesupport_introspection_c.h\n'}
[1.060862] (px4_msgs) StdoutLine: {'line': b'-- Up-to-date: /home/jmj/pro_asp_ws/ws_px4_controls/install/px4_msgs/include/px4_msgs/px4_msgs/msg/detail/camera_trigger__rosidl_typesupport_introspection_c.h\n'}
[1.060901] (px4_msgs) StdoutLine: {'line': b'-- Up-to-date: /home/jmj/pro_asp_ws/ws_px4_controls/install/px4_msgs/include/px4_msgs/px4_msgs/msg/detail/dataman_response__type_support.c\n'}
[1.060933] (px4_msgs) StdoutLine: {'line': b'-- Up-to-date: /home/jmj/pro_asp_ws/ws_px4_controls/install/px4_msgs/include/px4_msgs/px4_msgs/msg/detail/sensor_airflow__rosidl_typesupport_introspection_c.h\n'}
[1.060968] (px4_msgs) StdoutLine: {'line': b'-- Up-to-date: /home/jmj/pro_asp_ws/ws_px4_controls/install/px4_msgs/include/px4_msgs/px4_msgs/msg/detail/obstacle_distance__type_support.c\n'}
[1.061064] (px4_msgs) StdoutLine: {'line': b'-- Up-to-date: /home/jmj/pro_asp_ws/ws_px4_controls/install/px4_msgs/include/px4_msgs/px4_msgs/msg/detail/sensor_optical_flow__rosidl_typesupport_introspection_c.h\n'}
[1.061156] (px4_msgs) StdoutLine: {'line': b'-- Up-to-date: /home/jmj/pro_asp_ws/ws_px4_controls/install/px4_msgs/include/px4_msgs/px4_msgs/msg/detail/landing_gear__rosidl_typesupport_introspection_c.h\n'}
[1.061188] (px4_msgs) StdoutLine: {'line': b'-- Up-to-date: /home/jmj/pro_asp_ws/ws_px4_controls/install/px4_msgs/include/px4_msgs/px4_msgs/msg/detail/estimator_sensor_bias__type_support.c\n'}
[1.061223] (px4_msgs) StdoutLine: {'line': b'-- Up-to-date: /home/jmj/pro_asp_ws/ws_px4_controls/install/px4_msgs/include/px4_msgs/px4_msgs/msg/detail/sensor_mag__type_support.c\n'}
[1.061264] (px4_msgs) StdoutLine: {'line': b'-- Up-to-date: /home/jmj/pro_asp_ws/ws_px4_controls/install/px4_msgs/include/px4_msgs/px4_msgs/msg/detail/fixed_wing_longitudinal_setpoint__rosidl_typesupport_introspection_c.h\n'}
[1.061299] (px4_msgs) StdoutLine: {'line': b'-- Up-to-date: /home/jmj/pro_asp_ws/ws_px4_controls/install/px4_msgs/include/px4_msgs/px4_msgs/msg/detail/uavcan_parameter_request__type_support.c\n'}
[1.061331] (px4_msgs) StdoutLine: {'line': b'-- Up-to-date: /home/jmj/pro_asp_ws/ws_px4_controls/install/px4_msgs/include/px4_msgs/px4_msgs/msg/detail/ekf2_timestamps__type_support.c\n'}
[1.061387] (px4_msgs) StdoutLine: {'line': b'-- Up-to-date: /home/jmj/pro_asp_ws/ws_px4_controls/install/px4_msgs/include/px4_msgs/px4_msgs/msg/detail/sensor_gnss_relative__rosidl_typesupport_introspection_c.h\n'}
[1.061422] (px4_msgs) StdoutLine: {'line': b'-- Up-to-date: /home/jmj/pro_asp_ws/ws_px4_controls/install/px4_msgs/include/px4_msgs/px4_msgs/msg/detail/uavcan_parameter_value__rosidl_typesupport_introspection_c.h\n'}
[1.061452] (px4_msgs) StdoutLine: {'line': b'-- Up-to-date: /home/jmj/pro_asp_ws/ws_px4_controls/install/px4_msgs/include/px4_msgs/px4_msgs/msg/detail/gimbal_manager_set_manual_control__type_support.c\n'}
[1.061480] (px4_msgs) StdoutLine: {'line': b'-- Up-to-date: /home/jmj/pro_asp_ws/ws_px4_controls/install/px4_msgs/include/px4_msgs/px4_msgs/msg/detail/register_ext_component_reply__type_support.c\n'}
[1.061506] (px4_msgs) StdoutLine: {'line': b'-- Up-to-date: /home/jmj/pro_asp_ws/ws_px4_controls/install/px4_msgs/include/px4_msgs/px4_msgs/msg/detail/figure_eight_status__rosidl_typesupport_introspection_c.h\n'}
[1.061531] (px4_msgs) StdoutLine: {'line': b'-- Up-to-date: /home/jmj/pro_asp_ws/ws_px4_controls/install/px4_msgs/include/px4_msgs/px4_msgs/msg/detail/rate_ctrl_status__rosidl_typesupport_introspection_c.h\n'}
[1.061571] (px4_msgs) StdoutLine: {'line': b'-- Up-to-date: /home/jmj/pro_asp_ws/ws_px4_controls/install/px4_msgs/include/px4_msgs/px4_msgs/msg/detail/radio_status__rosidl_typesupport_introspection_c.h\n'}
[1.061596] (px4_msgs) StdoutLine: {'line': b'-- Up-to-date: /home/jmj/pro_asp_ws/ws_px4_controls/install/px4_msgs/include/px4_msgs/px4_msgs/msg/detail/pure_pursuit_status__rosidl_typesupport_introspection_c.h\n'}
[1.061619] (px4_msgs) StdoutLine: {'line': b'-- Up-to-date: /home/jmj/pro_asp_ws/ws_px4_controls/install/px4_msgs/include/px4_msgs/px4_msgs/msg/detail/fixed_wing_longitudinal_setpoint__type_support.c\n'}
[1.061644] (px4_msgs) StdoutLine: {'line': b'-- Up-to-date: /home/jmj/pro_asp_ws/ws_px4_controls/install/px4_msgs/include/px4_msgs/px4_msgs/msg/detail/parameter_set_value_response__type_support.c\n'}
[1.061667] (px4_msgs) StdoutLine: {'line': b'-- Up-to-date: /home/jmj/pro_asp_ws/ws_px4_controls/install/px4_msgs/include/px4_msgs/px4_msgs/msg/detail/sensor_selection__type_support.c\n'}
[1.061690] (px4_msgs) StdoutLine: {'line': b'-- Up-to-date: /home/jmj/pro_asp_ws/ws_px4_controls/install/px4_msgs/include/px4_msgs/px4_msgs/msg/detail/arming_check_request__type_support.c\n'}
[1.061730] (px4_msgs) StdoutLine: {'line': b'-- Up-to-date: /home/jmj/pro_asp_ws/ws_px4_controls/install/px4_msgs/include/px4_msgs/px4_msgs/msg/detail/debug_array__type_support.c\n'}
[1.061764] (px4_msgs) StdoutLine: {'line': b'-- Up-to-date: /home/jmj/pro_asp_ws/ws_px4_controls/install/px4_msgs/include/px4_msgs/px4_msgs/msg/detail/open_drone_id_self_id__type_support.c\n'}
[1.061789] (px4_msgs) StdoutLine: {'line': b'-- Up-to-date: /home/jmj/pro_asp_ws/ws_px4_controls/install/px4_msgs/include/px4_msgs/px4_msgs/msg/detail/uavcan_parameter_request__rosidl_typesupport_introspection_c.h\n'}
[1.061815] (px4_msgs) StdoutLine: {'line': b'-- Up-to-date: /home/jmj/pro_asp_ws/ws_px4_controls/install/px4_msgs/include/px4_msgs/px4_msgs/msg/detail/rpm__rosidl_typesupport_introspection_c.h\n'}
[1.061840] (px4_msgs) StdoutLine: {'line': b'-- Up-to-date: /home/jmj/pro_asp_ws/ws_px4_controls/install/px4_msgs/include/px4_msgs/px4_msgs/msg/detail/estimator_innovations__type_support.c\n'}
[1.061866] (px4_msgs) StdoutLine: {'line': b'-- Up-to-date: /home/jmj/pro_asp_ws/ws_px4_controls/install/px4_msgs/include/px4_msgs/px4_msgs/msg/detail/rover_attitude_status__type_support.c\n'}
[1.061891] (px4_msgs) StdoutLine: {'line': b'-- Up-to-date: /home/jmj/pro_asp_ws/ws_px4_controls/install/px4_msgs/include/px4_msgs/px4_msgs/msg/detail/fuel_tank_status__rosidl_typesupport_introspection_c.h\n'}
[1.061922] (px4_msgs) StdoutLine: {'line': b'-- Up-to-date: /home/jmj/pro_asp_ws/ws_px4_controls/install/px4_msgs/include/px4_msgs/px4_msgs/msg/detail/distance_sensor_mode_change_request__type_support.c\n'}
[1.061960] (px4_msgs) StdoutLine: {'line': b'-- Up-to-date: /home/jmj/pro_asp_ws/ws_px4_controls/install/px4_msgs/include/px4_msgs/px4_msgs/msg/detail/rtl_status__type_support.c\n'}
[1.061989] (px4_msgs) StdoutLine: {'line': b'-- Up-to-date: /home/jmj/pro_asp_ws/ws_px4_controls/install/px4_msgs/include/px4_msgs/px4_msgs/msg/detail/vehicle_magnetometer__rosidl_typesupport_introspection_c.h\n'}
[1.062017] (px4_msgs) StdoutLine: {'line': b'-- Up-to-date: /home/jmj/pro_asp_ws/ws_px4_controls/install/px4_msgs/include/px4_msgs/px4_msgs/msg/detail/sensor_gyro_fifo__type_support.c\n'}
[1.062046] (px4_msgs) StdoutLine: {'line': b'-- Up-to-date: /home/jmj/pro_asp_ws/ws_px4_controls/install/px4_msgs/include/px4_msgs/px4_msgs/msg/detail/estimator_states__type_support.c\n'}
[1.062075] (px4_msgs) StdoutLine: {'line': b'-- Up-to-date: /home/jmj/pro_asp_ws/ws_px4_controls/install/px4_msgs/include/px4_msgs/px4_msgs/msg/detail/logger_status__rosidl_typesupport_introspection_c.h\n'}
[1.062103] (px4_msgs) StdoutLine: {'line': b'-- Up-to-date: /home/jmj/pro_asp_ws/ws_px4_controls/install/px4_msgs/include/px4_msgs/px4_msgs/msg/detail/fixed_wing_lateral_guidance_status__type_support.c\n'}
[1.062143] (px4_msgs) StdoutLine: {'line': b'-- Up-to-date: /home/jmj/pro_asp_ws/ws_px4_controls/install/px4_msgs/include/px4_msgs/px4_msgs/msg/detail/orb_test__rosidl_typesupport_introspection_c.h\n'}
[1.062182] (px4_msgs) StdoutLine: {'line': b'-- Up-to-date: /home/jmj/pro_asp_ws/ws_px4_controls/install/px4_msgs/include/px4_msgs/px4_msgs/msg/detail/adc_report__rosidl_typesupport_introspection_c.h\n'}
[1.062251] (px4_msgs) StdoutLine: {'line': b'-- Up-to-date: /home/jmj/pro_asp_ws/ws_px4_controls/install/px4_msgs/include/px4_msgs/px4_msgs/msg/detail/landing_target_pose__type_support.c\n'}
[1.062285] (px4_msgs) StdoutLine: {'line': b'-- Up-to-date: /home/jmj/pro_asp_ws/ws_px4_controls/install/px4_msgs/include/px4_msgs/px4_msgs/msg/detail/rtl_status__rosidl_typesupport_introspection_c.h\n'}
[1.062313] (px4_msgs) StdoutLine: {'line': b'-- Up-to-date: /home/jmj/pro_asp_ws/ws_px4_controls/install/px4_msgs/include/px4_msgs/px4_msgs/msg/detail/dataman_request__rosidl_typesupport_introspection_c.h\n'}
[1.062355] (px4_msgs) StdoutLine: {'line': b'-- Up-to-date: /home/jmj/pro_asp_ws/ws_px4_controls/install/px4_msgs/include/px4_msgs/px4_msgs/msg/detail/actuator_test__type_support.c\n'}
[1.062389] (px4_msgs) StdoutLine: {'line': b'-- Up-to-date: /home/jmj/pro_asp_ws/ws_px4_controls/install/px4_msgs/include/px4_msgs/px4_msgs/msg/detail/debug_value__type_support.c\n'}
[1.062413] (px4_msgs) StdoutLine: {'line': b'-- Up-to-date: /home/jmj/pro_asp_ws/ws_px4_controls/install/px4_msgs/include/px4_msgs/px4_msgs/msg/detail/parameter_reset_request__rosidl_typesupport_introspection_c.h\n'}
[1.062440] (px4_msgs) StdoutLine: {'line': b'-- Up-to-date: /home/jmj/pro_asp_ws/ws_px4_controls/install/px4_msgs/include/px4_msgs/px4_msgs/msg/detail/sensor_preflight_mag__rosidl_typesupport_introspection_c.h\n'}
[1.062466] (px4_msgs) StdoutLine: {'line': b'-- Up-to-date: /home/jmj/pro_asp_ws/ws_px4_controls/install/px4_msgs/include/px4_msgs/px4_msgs/msg/detail/position_controller_landing_status__type_support.c\n'}
[1.062494] (px4_msgs) StdoutLine: {'line': b'-- Up-to-date: /home/jmj/pro_asp_ws/ws_px4_controls/install/px4_msgs/include/px4_msgs/px4_msgs/msg/detail/vehicle_attitude_setpoint__type_support.c\n'}
[1.062522] (px4_msgs) StdoutLine: {'line': b'-- Up-to-date: /home/jmj/pro_asp_ws/ws_px4_controls/install/px4_msgs/include/px4_msgs/px4_msgs/msg/detail/rover_rate_setpoint__type_support.c\n'}
[1.062550] (px4_msgs) StdoutLine: {'line': b'-- Up-to-date: /home/jmj/pro_asp_ws/ws_px4_controls/install/px4_msgs/include/px4_msgs/px4_msgs/msg/detail/satellite_info__rosidl_typesupport_introspection_c.h\n'}
[1.062599] (px4_msgs) StdoutLine: {'line': b'-- Up-to-date: /home/jmj/pro_asp_ws/ws_px4_controls/install/px4_msgs/include/px4_msgs/px4_msgs/msg/detail/geofence_status__rosidl_typesupport_introspection_c.h\n'}
[1.062626] (px4_msgs) StdoutLine: {'line': b'-- Up-to-date: /home/jmj/pro_asp_ws/ws_px4_controls/install/px4_msgs/include/px4_msgs/px4_msgs/msg/detail/irlock_report__rosidl_typesupport_introspection_c.h\n'}
[1.062657] (px4_msgs) StdoutLine: {'line': b'-- Up-to-date: /home/jmj/pro_asp_ws/ws_px4_controls/install/px4_msgs/include/px4_msgs/px4_msgs/msg/detail/action_request__rosidl_typesupport_introspection_c.h\n'}
[1.062685] (px4_msgs) StdoutLine: {'line': b'-- Up-to-date: /home/jmj/pro_asp_ws/ws_px4_controls/install/px4_msgs/include/px4_msgs/px4_msgs/msg/detail/qshell_retval__type_support.c\n'}
[1.062720] (px4_msgs) StdoutLine: {'line': b'-- Up-to-date: /home/jmj/pro_asp_ws/ws_px4_controls/install/px4_msgs/include/px4_msgs/px4_msgs/msg/detail/parameter_set_used_request__type_support.c\n'}
[1.062756] (px4_msgs) StdoutLine: {'line': b'-- Up-to-date: /home/jmj/pro_asp_ws/ws_px4_controls/install/px4_msgs/include/px4_msgs/px4_msgs/msg/detail/tecs_status__type_support.c\n'}
[1.062792] (px4_msgs) StdoutLine: {'line': b'-- Up-to-date: /home/jmj/pro_asp_ws/ws_px4_controls/install/px4_msgs/include/px4_msgs/px4_msgs/msg/detail/gpio_config__rosidl_typesupport_introspection_c.h\n'}
[1.062826] (px4_msgs) StdoutLine: {'line': b'-- Up-to-date: /home/jmj/pro_asp_ws/ws_px4_controls/install/px4_msgs/include/px4_msgs/px4_msgs/msg/detail/vehicle_magnetometer__type_support.c\n'}
[1.062862] (px4_msgs) StdoutLine: {'line': b'-- Up-to-date: /home/jmj/pro_asp_ws/ws_px4_controls/install/px4_msgs/include/px4_msgs/px4_msgs/msg/detail/gpio_config__type_support.c\n'}
[1.062900] (px4_msgs) StdoutLine: {'line': b'-- Up-to-date: /home/jmj/pro_asp_ws/ws_px4_controls/install/px4_msgs/include/px4_msgs/px4_msgs/msg/detail/rover_velocity_setpoint__rosidl_typesupport_introspection_c.h\n'}
[1.062928] (px4_msgs) StdoutLine: {'line': b'-- Up-to-date: /home/jmj/pro_asp_ws/ws_px4_controls/install/px4_msgs/include/px4_msgs/px4_msgs/msg/detail/position_controller_status__type_support.c\n'}
[1.062974] (px4_msgs) StdoutLine: {'line': b'-- Up-to-date: /home/jmj/pro_asp_ws/ws_px4_controls/install/px4_msgs/include/px4_msgs/px4_msgs/msg/detail/sensor_gyro_fft__type_support.c\n'}
[1.063008] (px4_msgs) StdoutLine: {'line': b'-- Up-to-date: /home/jmj/pro_asp_ws/ws_px4_controls/install/px4_msgs/include/px4_msgs/px4_msgs/msg/detail/sensor_combined__type_support.c\n'}
[1.063038] (px4_msgs) StdoutLine: {'line': b'-- Up-to-date: /home/jmj/pro_asp_ws/ws_px4_controls/install/px4_msgs/include/px4_msgs/px4_msgs/msg/detail/actuator_servos_trim__type_support.c\n'}
[1.063068] (px4_msgs) StdoutLine: {'line': b'-- Up-to-date: /home/jmj/pro_asp_ws/ws_px4_controls/install/px4_msgs/include/px4_msgs/px4_msgs/msg/detail/pwm_input__rosidl_typesupport_introspection_c.h\n'}
[1.063094] (px4_msgs) StdoutLine: {'line': b'-- Up-to-date: /home/jmj/pro_asp_ws/ws_px4_controls/install/px4_msgs/include/px4_msgs/px4_msgs/msg/detail/gimbal_device_set_attitude__rosidl_typesupport_introspection_c.h\n'}
[1.063117] (px4_msgs) StdoutLine: {'line': b'-- Up-to-date: /home/jmj/pro_asp_ws/ws_px4_controls/install/px4_msgs/include/px4_msgs/px4_msgs/msg/detail/power_button_state__rosidl_typesupport_introspection_c.h\n'}
[1.063153] (px4_msgs) StdoutLine: {'line': b'-- Up-to-date: /home/jmj/pro_asp_ws/ws_px4_controls/install/px4_msgs/include/px4_msgs/px4_msgs/msg/detail/actuator_armed__type_support.c\n'}
[1.063204] (px4_msgs) StdoutLine: {'line': b'-- Up-to-date: /home/jmj/pro_asp_ws/ws_px4_controls/install/px4_msgs/include/px4_msgs/px4_msgs/msg/detail/cpuload__rosidl_typesupport_introspection_c.h\n'}
[1.063232] (px4_msgs) StdoutLine: {'line': b'-- Up-to-date: /home/jmj/pro_asp_ws/ws_px4_controls/install/px4_msgs/include/px4_msgs/px4_msgs/msg/detail/rc_channels__rosidl_typesupport_introspection_c.h\n'}
[1.063256] (px4_msgs) StdoutLine: {'line': b'-- Up-to-date: /home/jmj/pro_asp_ws/ws_px4_controls/install/px4_msgs/include/px4_msgs/px4_msgs/msg/detail/mavlink_tunnel__type_support.c\n'}
[1.063281] (px4_msgs) StdoutLine: {'line': b'-- Up-to-date: /home/jmj/pro_asp_ws/ws_px4_controls/install/px4_msgs/include/px4_msgs/px4_msgs/msg/detail/gimbal_controls__type_support.c\n'}
[1.063307] (px4_msgs) StdoutLine: {'line': b'-- Up-to-date: /home/jmj/pro_asp_ws/ws_px4_controls/install/px4_msgs/include/px4_msgs/px4_msgs/msg/detail/vehicle_roi__rosidl_typesupport_introspection_c.h\n'}
[1.063330] (px4_msgs) StdoutLine: {'line': b'-- Up-to-date: /home/jmj/pro_asp_ws/ws_px4_controls/install/px4_msgs/include/px4_msgs/px4_msgs/msg/detail/vehicle_acceleration__type_support.c\n'}
[1.063355] (px4_msgs) StdoutLine: {'line': b'-- Up-to-date: /home/jmj/pro_asp_ws/ws_px4_controls/install/px4_msgs/include/px4_msgs/px4_msgs/msg/detail/gps_inject_data__rosidl_typesupport_introspection_c.h\n'}
[1.063385] (px4_msgs) StdoutLine: {'line': b'-- Up-to-date: /home/jmj/pro_asp_ws/ws_px4_controls/install/px4_msgs/include/px4_msgs/px4_msgs/msg/detail/control_allocator_status__rosidl_typesupport_introspection_c.h\n'}
[1.063415] (px4_msgs) StdoutLine: {'line': b'-- Up-to-date: /home/jmj/pro_asp_ws/ws_px4_controls/install/px4_msgs/include/px4_msgs/px4_msgs/msg/detail/orb_test_medium__rosidl_typesupport_introspection_c.h\n'}
[1.063451] (px4_msgs) StdoutLine: {'line': b'-- Up-to-date: /home/jmj/pro_asp_ws/ws_px4_controls/install/px4_msgs/include/px4_msgs/px4_msgs/msg/detail/rate_ctrl_status__type_support.c\n'}
[1.063479] (px4_msgs) StdoutLine: {'line': b'-- Up-to-date: /home/jmj/pro_asp_ws/ws_px4_controls/install/px4_msgs/include/px4_msgs/px4_msgs/msg/detail/actuator_servos__type_support.c\n'}
[1.063505] (px4_msgs) StdoutLine: {'line': b'-- Up-to-date: /home/jmj/pro_asp_ws/ws_px4_controls/install/px4_msgs/include/px4_msgs/px4_msgs/msg/detail/vehicle_constraints__type_support.c\n'}
[1.063532] (px4_msgs) StdoutLine: {'line': b'-- Up-to-date: /home/jmj/pro_asp_ws/ws_px4_controls/install/px4_msgs/include/px4_msgs/px4_msgs/msg/detail/fixed_wing_lateral_setpoint__type_support.c\n'}
[1.063565] (px4_msgs) StdoutLine: {'line': b'-- Up-to-date: /home/jmj/pro_asp_ws/ws_px4_controls/install/px4_msgs/include/px4_msgs/px4_msgs/msg/detail/vehicle_thrust_setpoint__type_support.c\n'}
[1.063609] (px4_msgs) StdoutLine: {'line': b'-- Up-to-date: /home/jmj/pro_asp_ws/ws_px4_controls/install/px4_msgs/include/px4_msgs/px4_msgs/msg/detail/position_setpoint_triplet__rosidl_typesupport_introspection_c.h\n'}
[1.063641] (px4_msgs) StdoutLine: {'line': b'-- Up-to-date: /home/jmj/pro_asp_ws/ws_px4_controls/install/px4_msgs/include/px4_msgs/px4_msgs/msg/detail/battery_status__type_support.c\n'}
[1.063665] (px4_msgs) StdoutLine: {'line': b'-- Up-to-date: /home/jmj/pro_asp_ws/ws_px4_controls/install/px4_msgs/include/px4_msgs/px4_msgs/msg/detail/gpio_in__type_support.c\n'}
[1.063688] (px4_msgs) StdoutLine: {'line': b'-- Up-to-date: /home/jmj/pro_asp_ws/ws_px4_controls/install/px4_msgs/include/px4_msgs/px4_msgs/msg/detail/mavlink_log__rosidl_typesupport_introspection_c.h\n'}
[1.063711] (px4_msgs) StdoutLine: {'line': b'-- Up-to-date: /home/jmj/pro_asp_ws/ws_px4_controls/install/px4_msgs/include/px4_msgs/px4_msgs/msg/detail/vehicle_angular_velocity__rosidl_typesupport_introspection_c.h\n'}
[1.063733] (px4_msgs) StdoutLine: {'line': b'-- Up-to-date: /home/jmj/pro_asp_ws/ws_px4_controls/install/px4_msgs/include/px4_msgs/px4_msgs/msg/detail/orb_test_large__type_support.c\n'}
[1.063755] (px4_msgs) StdoutLine: {'line': b'-- Up-to-date: /home/jmj/pro_asp_ws/ws_px4_controls/install/px4_msgs/include/px4_msgs/px4_msgs/msg/detail/log_message__type_support.c\n'}
[1.063776] (px4_msgs) StdoutLine: {'line': b'-- Up-to-date: /home/jmj/pro_asp_ws/ws_px4_controls/install/px4_msgs/include/px4_msgs/px4_msgs/msg/detail/mission_result__rosidl_typesupport_introspection_c.h\n'}
[1.063799] (px4_msgs) StdoutLine: {'line': b'-- Up-to-date: /home/jmj/pro_asp_ws/ws_px4_controls/install/px4_msgs/include/px4_msgs/px4_msgs/msg/detail/sensor_baro__type_support.c\n'}
[1.063821] (px4_msgs) StdoutLine: {'line': b'-- Up-to-date: /home/jmj/pro_asp_ws/ws_px4_controls/install/px4_msgs/include/px4_msgs/px4_msgs/msg/detail/sensors_status_imu__rosidl_typesupport_introspection_c.h\n'}
[1.063845] (px4_msgs) StdoutLine: {'line': b'-- Up-to-date: /home/jmj/pro_asp_ws/ws_px4_controls/install/px4_msgs/include/px4_msgs/px4_msgs/msg/detail/landing_gear_wheel__type_support.c\n'}
[1.063866] (px4_msgs) StdoutLine: {'line': b'-- Up-to-date: /home/jmj/pro_asp_ws/ws_px4_controls/install/px4_msgs/include/px4_msgs/px4_msgs/msg/detail/register_ext_component_request__type_support.c\n'}
[1.063891] (px4_msgs) StdoutLine: {'line': b'-- Up-to-date: /home/jmj/pro_asp_ws/ws_px4_controls/install/px4_msgs/include/px4_msgs/px4_msgs/msg/detail/px4io_status__rosidl_typesupport_introspection_c.h\n'}
[1.063913] (px4_msgs) StdoutLine: {'line': b'-- Up-to-date: /home/jmj/pro_asp_ws/ws_px4_controls/install/px4_msgs/include/px4_msgs/px4_msgs/msg/detail/esc_status__type_support.c\n'}
[1.063935] (px4_msgs) StdoutLine: {'line': b'-- Up-to-date: /home/jmj/pro_asp_ws/ws_px4_controls/install/px4_msgs/include/px4_msgs/px4_msgs/msg/detail/message_format_request__type_support.c\n'}
[1.063963] (px4_msgs) StdoutLine: {'line': b'-- Up-to-date: /home/jmj/pro_asp_ws/ws_px4_controls/install/px4_msgs/include/px4_msgs/px4_msgs/msg/detail/sensor_optical_flow__type_support.c\n'}
[1.064016] (px4_msgs) StdoutLine: {'line': b'-- Up-to-date: /home/jmj/pro_asp_ws/ws_px4_controls/install/px4_msgs/include/px4_msgs/px4_msgs/msg/detail/button_event__type_support.c\n'}
[1.064051] (px4_msgs) StdoutLine: {'line': b'-- Up-to-date: /home/jmj/pro_asp_ws/ws_px4_controls/install/px4_msgs/include/px4_msgs/px4_msgs/msg/detail/airspeed_wind__rosidl_typesupport_introspection_c.h\n'}
[1.064085] (px4_msgs) StdoutLine: {'line': b'-- Up-to-date: /home/jmj/pro_asp_ws/ws_px4_controls/install/px4_msgs/include/px4_msgs/px4_msgs/msg/detail/debug_value__rosidl_typesupport_introspection_c.h\n'}
[1.064119] (px4_msgs) StdoutLine: {'line': b'-- Up-to-date: /home/jmj/pro_asp_ws/ws_px4_controls/install/px4_msgs/include/px4_msgs/px4_msgs/msg/detail/rover_steering_setpoint__rosidl_typesupport_introspection_c.h\n'}
[1.064156] (px4_msgs) StdoutLine: {'line': b'-- Up-to-date: /home/jmj/pro_asp_ws/ws_px4_controls/install/px4_msgs/include/px4_msgs/px4_msgs/msg/detail/pps_capture__type_support.c\n'}
[1.064190] (px4_msgs) StdoutLine: {'line': b'-- Up-to-date: /home/jmj/pro_asp_ws/ws_px4_controls/install/px4_msgs/include/px4_msgs/px4_msgs/msg/detail/mission__type_support.c\n'}
[1.064221] (px4_msgs) StdoutLine: {'line': b'-- Up-to-date: /home/jmj/pro_asp_ws/ws_px4_controls/install/px4_msgs/include/px4_msgs/px4_msgs/msg/detail/arming_check_reply__rosidl_typesupport_introspection_c.h\n'}
[1.064252] (px4_msgs) StdoutLine: {'line': b'-- Up-to-date: /home/jmj/pro_asp_ws/ws_px4_controls/install/px4_msgs/include/px4_msgs/px4_msgs/msg/detail/internal_combustion_engine_status__type_support.c\n'}
[1.064287] (px4_msgs) StdoutLine: {'line': b'-- Up-to-date: /home/jmj/pro_asp_ws/ws_px4_controls/install/px4_msgs/include/px4_msgs/px4_msgs/msg/detail/vehicle_angular_acceleration_setpoint__rosidl_typesupport_introspection_c.h\n'}
[1.064318] (px4_msgs) StdoutLine: {'line': b'-- Up-to-date: /home/jmj/pro_asp_ws/ws_px4_controls/install/px4_msgs/include/px4_msgs/px4_msgs/msg/detail/offboard_control_mode__type_support.c\n'}
[1.064349] (px4_msgs) StdoutLine: {'line': b'-- Up-to-date: /home/jmj/pro_asp_ws/ws_px4_controls/install/px4_msgs/include/px4_msgs/px4_msgs/msg/detail/parameter_set_value_request__type_support.c\n'}
[1.064380] (px4_msgs) StdoutLine: {'line': b'-- Up-to-date: /home/jmj/pro_asp_ws/ws_px4_controls/install/px4_msgs/include/px4_msgs/px4_msgs/msg/detail/gimbal_device_information__type_support.c\n'}
[1.064457] (px4_msgs) StdoutLine: {'line': b'-- Up-to-date: /home/jmj/pro_asp_ws/ws_px4_controls/install/px4_msgs/include/px4_msgs/px4_msgs/msg/detail/follow_target_status__type_support.c\n'}
[1.064487] (px4_msgs) StdoutLine: {'line': b'-- Up-to-date: /home/jmj/pro_asp_ws/ws_px4_controls/install/px4_msgs/include/px4_msgs/px4_msgs/msg/detail/vehicle_acceleration__rosidl_typesupport_introspection_c.h\n'}
[1.064511] (px4_msgs) StdoutLine: {'line': b'-- Up-to-date: /home/jmj/pro_asp_ws/ws_px4_controls/install/px4_msgs/include/px4_msgs/px4_msgs/msg/detail/gpio_in__rosidl_typesupport_introspection_c.h\n'}
[1.064533] (px4_msgs) StdoutLine: {'line': b'-- Up-to-date: /home/jmj/pro_asp_ws/ws_px4_controls/install/px4_msgs/include/px4_msgs/px4_msgs/msg/detail/rpm__type_support.c\n'}
[1.064557] (px4_msgs) StdoutLine: {'line': b'-- Up-to-date: /home/jmj/pro_asp_ws/ws_px4_controls/install/px4_msgs/include/px4_msgs/px4_msgs/msg/detail/estimator_selector_status__type_support.c\n'}
[1.064579] (px4_msgs) StdoutLine: {'line': b'-- Up-to-date: /home/jmj/pro_asp_ws/ws_px4_controls/install/px4_msgs/include/px4_msgs/px4_msgs/msg/detail/position_setpoint__rosidl_typesupport_introspection_c.h\n'}
[1.064607] (px4_msgs) StdoutLine: {'line': b'-- Up-to-date: /home/jmj/pro_asp_ws/ws_px4_controls/install/px4_msgs/include/px4_msgs/px4_msgs/msg/detail/wind__type_support.c\n'}
[1.064632] (px4_msgs) StdoutLine: {'line': b'-- Up-to-date: /home/jmj/pro_asp_ws/ws_px4_controls/install/px4_msgs/include/px4_msgs/px4_msgs/msg/detail/tune_control__rosidl_typesupport_introspection_c.h\n'}
[1.064661] (px4_msgs) StdoutLine: {'line': b'-- Up-to-date: /home/jmj/pro_asp_ws/ws_px4_controls/install/px4_msgs/include/px4_msgs/px4_msgs/msg/detail/follow_target__rosidl_typesupport_introspection_c.h\n'}
[1.064701] (px4_msgs) StdoutLine: {'line': b'-- Up-to-date: /home/jmj/pro_asp_ws/ws_px4_controls/install/px4_msgs/include/px4_msgs/px4_msgs/msg/detail/ulog_stream_ack__rosidl_typesupport_introspection_c.h\n'}
[1.064760] (px4_msgs) StdoutLine: {'line': b'-- Up-to-date: /home/jmj/pro_asp_ws/ws_px4_controls/install/px4_msgs/include/px4_msgs/px4_msgs/msg/detail/config_overrides__type_support.c\n'}
[1.064784] (px4_msgs) StdoutLine: {'line': b'-- Up-to-date: /home/jmj/pro_asp_ws/ws_px4_controls/install/px4_msgs/include/px4_msgs/px4_msgs/msg/detail/adc_report__type_support.c\n'}
[1.064812] (px4_msgs) StdoutLine: {'line': b'-- Up-to-date: /home/jmj/pro_asp_ws/ws_px4_controls/install/px4_msgs/include/px4_msgs/px4_msgs/msg/detail/vehicle_imu_status__rosidl_typesupport_introspection_c.h\n'}
[1.064837] (px4_msgs) StdoutLine: {'line': b'-- Up-to-date: /home/jmj/pro_asp_ws/ws_px4_controls/install/px4_msgs/include/px4_msgs/px4_msgs/msg/detail/vtol_vehicle_status__rosidl_typesupport_introspection_c.h\n'}
[1.064861] (px4_msgs) StdoutLine: {'line': b'-- Up-to-date: /home/jmj/pro_asp_ws/ws_px4_controls/install/px4_msgs/include/px4_msgs/px4_msgs/msg/detail/gimbal_manager_information__type_support.c\n'}
[1.064884] (px4_msgs) StdoutLine: {'line': b'-- Up-to-date: /home/jmj/pro_asp_ws/ws_px4_controls/install/px4_msgs/include/px4_msgs/px4_msgs/msg/detail/esc_status__rosidl_typesupport_introspection_c.h\n'}
[1.064909] (px4_msgs) StdoutLine: {'line': b'-- Up-to-date: /home/jmj/pro_asp_ws/ws_px4_controls/install/px4_msgs/include/px4_msgs/px4_msgs/msg/detail/navigator_status__type_support.c\n'}
[1.064934] (px4_msgs) StdoutLine: {'line': b'-- Up-to-date: /home/jmj/pro_asp_ws/ws_px4_controls/install/px4_msgs/include/px4_msgs/px4_msgs/msg/detail/vehicle_odometry__rosidl_typesupport_introspection_c.h\n'}
[1.064966] (px4_msgs) StdoutLine: {'line': b'-- Up-to-date: /home/jmj/pro_asp_ws/ws_px4_controls/install/px4_msgs/include/px4_msgs/px4_msgs/msg/detail/control_allocator_status__type_support.c\n'}
[1.064991] (px4_msgs) StdoutLine: {'line': b'-- Up-to-date: /home/jmj/pro_asp_ws/ws_px4_controls/install/px4_msgs/include/px4_msgs/px4_msgs/msg/detail/ulog_stream__type_support.c\n'}
[1.065017] (px4_msgs) StdoutLine: {'line': b'-- Up-to-date: /home/jmj/pro_asp_ws/ws_px4_controls/install/px4_msgs/include/px4_msgs/px4_msgs/msg/detail/gimbal_manager_set_manual_control__rosidl_typesupport_introspection_c.h\n'}
[1.065043] (px4_msgs) StdoutLine: {'line': b'-- Up-to-date: /home/jmj/pro_asp_ws/ws_px4_controls/install/px4_msgs/include/px4_msgs/px4_msgs/msg/detail/airspeed_wind__type_support.c\n'}
[1.065097] (px4_msgs) StdoutLine: {'line': b'-- Up-to-date: /home/jmj/pro_asp_ws/ws_px4_controls/install/px4_msgs/include/px4_msgs/px4_msgs/msg/detail/actuator_controls_status__type_support.c\n'}
[1.065119] (px4_msgs) StdoutLine: {'line': b'-- Up-to-date: /home/jmj/pro_asp_ws/ws_px4_controls/install/px4_msgs/include/px4_msgs/px4_msgs/msg/detail/ekf2_timestamps__rosidl_typesupport_introspection_c.h\n'}
[1.065141] (px4_msgs) StdoutLine: {'line': b'-- Up-to-date: /home/jmj/pro_asp_ws/ws_px4_controls/install/px4_msgs/include/px4_msgs/px4_msgs/msg/detail/register_ext_component_request__rosidl_typesupport_introspection_c.h\n'}
[1.065162] (px4_msgs) StdoutLine: {'line': b'-- Up-to-date: /home/jmj/pro_asp_ws/ws_px4_controls/install/px4_msgs/include/px4_msgs/px4_msgs/msg/detail/trajectory_setpoint__type_support.c\n'}
[1.065184] (px4_msgs) StdoutLine: {'line': b'-- Up-to-date: /home/jmj/pro_asp_ws/ws_px4_controls/install/px4_msgs/include/px4_msgs/px4_msgs/msg/detail/landing_gear__type_support.c\n'}
[1.065205] (px4_msgs) StdoutLine: {'line': b'-- Up-to-date: /home/jmj/pro_asp_ws/ws_px4_controls/install/px4_msgs/include/px4_msgs/px4_msgs/msg/detail/airspeed__rosidl_typesupport_introspection_c.h\n'}
[1.065226] (px4_msgs) StdoutLine: {'line': b'-- Up-to-date: /home/jmj/pro_asp_ws/ws_px4_controls/install/px4_msgs/include/px4_msgs/px4_msgs/msg/detail/battery_status__rosidl_typesupport_introspection_c.h\n'}
[1.065248] (px4_msgs) StdoutLine: {'line': b'-- Up-to-date: /home/jmj/pro_asp_ws/ws_px4_controls/install/px4_msgs/include/px4_msgs/px4_msgs/msg/rosidl_typesupport_introspection_c__visibility_control.h\n'}
[1.065270] (px4_msgs) StdoutLine: {'line': b'-- Up-to-date: /home/jmj/pro_asp_ws/ws_px4_controls/install/px4_msgs/lib/libpx4_msgs__rosidl_typesupport_introspection_c.so\n'}
[1.065293] (px4_msgs) StdoutLine: {'line': b'-- Up-to-date: /home/jmj/pro_asp_ws/ws_px4_controls/install/px4_msgs/lib/libpx4_msgs__rosidl_typesupport_c.so\n'}
[1.065316] (px4_msgs) StdoutLine: {'line': b'-- Up-to-date: /home/jmj/pro_asp_ws/ws_px4_controls/install/px4_msgs/include/px4_msgs/px4_msgs\n'}
[1.065357] (px4_msgs) StdoutLine: {'line': b'-- Up-to-date: /home/jmj/pro_asp_ws/ws_px4_controls/install/px4_msgs/include/px4_msgs/px4_msgs/srv\n'}
[1.065383] (px4_msgs) StdoutLine: {'line': b'-- Up-to-date: /home/jmj/pro_asp_ws/ws_px4_controls/install/px4_msgs/include/px4_msgs/px4_msgs/srv/detail\n'}
[1.065406] (px4_msgs) StdoutLine: {'line': b'-- Up-to-date: /home/jmj/pro_asp_ws/ws_px4_controls/install/px4_msgs/include/px4_msgs/px4_msgs/srv/detail/vehicle_command__rosidl_typesupport_introspection_cpp.hpp\n'}
[1.065429] (px4_msgs) StdoutLine: {'line': b'-- Up-to-date: /home/jmj/pro_asp_ws/ws_px4_controls/install/px4_msgs/include/px4_msgs/px4_msgs/srv/detail/vehicle_command__type_support.cpp\n'}
[1.065455] (px4_msgs) StdoutLine: {'line': b'-- Up-to-date: /home/jmj/pro_asp_ws/ws_px4_controls/install/px4_msgs/include/px4_msgs/px4_msgs/msg\n'}
[1.065487] (px4_msgs) StdoutLine: {'line': b'-- Up-to-date: /home/jmj/pro_asp_ws/ws_px4_controls/install/px4_msgs/include/px4_msgs/px4_msgs/msg/detail\n'}
[1.065512] (px4_msgs) StdoutLine: {'line': b'-- Up-to-date: /home/jmj/pro_asp_ws/ws_px4_controls/install/px4_msgs/include/px4_msgs/px4_msgs/msg/detail/sensor_gnss_relative__type_support.cpp\n'}
[1.065535] (px4_msgs) StdoutLine: {'line': b'-- Up-to-date: /home/jmj/pro_asp_ws/ws_px4_controls/install/px4_msgs/include/px4_msgs/px4_msgs/msg/detail/gpio_out__type_support.cpp\n'}
[1.065559] (px4_msgs) StdoutLine: {'line': b'-- Up-to-date: /home/jmj/pro_asp_ws/ws_px4_controls/install/px4_msgs/include/px4_msgs/px4_msgs/msg/detail/vehicle_odometry__rosidl_typesupport_introspection_cpp.hpp\n'}
[1.065583] (px4_msgs) StdoutLine: {'line': b'-- Up-to-date: /home/jmj/pro_asp_ws/ws_px4_controls/install/px4_msgs/include/px4_msgs/px4_msgs/msg/detail/landing_target_innovations__rosidl_typesupport_introspection_cpp.hpp\n'}
[1.065607] (px4_msgs) StdoutLine: {'line': b'-- Up-to-date: /home/jmj/pro_asp_ws/ws_px4_controls/install/px4_msgs/include/px4_msgs/px4_msgs/msg/detail/actuator_servos_trim__rosidl_typesupport_introspection_cpp.hpp\n'}
[1.065630] (px4_msgs) StdoutLine: {'line': b'-- Up-to-date: /home/jmj/pro_asp_ws/ws_px4_controls/install/px4_msgs/include/px4_msgs/px4_msgs/msg/detail/task_stack_info__rosidl_typesupport_introspection_cpp.hpp\n'}
[1.065654] (px4_msgs) StdoutLine: {'line': b'-- Up-to-date: /home/jmj/pro_asp_ws/ws_px4_controls/install/px4_msgs/include/px4_msgs/px4_msgs/msg/detail/generator_status__type_support.cpp\n'}
[1.065678] (px4_msgs) StdoutLine: {'line': b'-- Up-to-date: /home/jmj/pro_asp_ws/ws_px4_controls/install/px4_msgs/include/px4_msgs/px4_msgs/msg/detail/mount_orientation__rosidl_typesupport_introspection_cpp.hpp\n'}
[1.065702] (px4_msgs) StdoutLine: {'line': b'-- Up-to-date: /home/jmj/pro_asp_ws/ws_px4_controls/install/px4_msgs/include/px4_msgs/px4_msgs/msg/detail/sensor_accel_fifo__rosidl_typesupport_introspection_cpp.hpp\n'}
[1.065728] (px4_msgs) StdoutLine: {'line': b'-- Up-to-date: /home/jmj/pro_asp_ws/ws_px4_controls/install/px4_msgs/include/px4_msgs/px4_msgs/msg/detail/sensor_combined__type_support.cpp\n'}
[1.065753] (px4_msgs) StdoutLine: {'line': b'-- Up-to-date: /home/jmj/pro_asp_ws/ws_px4_controls/install/px4_msgs/include/px4_msgs/px4_msgs/msg/detail/orb_test_medium__type_support.cpp\n'}
[1.065777] (px4_msgs) StdoutLine: {'line': b'-- Up-to-date: /home/jmj/pro_asp_ws/ws_px4_controls/install/px4_msgs/include/px4_msgs/px4_msgs/msg/detail/uavcan_parameter_value__rosidl_typesupport_introspection_cpp.hpp\n'}
[1.065829] (px4_msgs) StdoutLine: {'line': b'-- Up-to-date: /home/jmj/pro_asp_ws/ws_px4_controls/install/px4_msgs/include/px4_msgs/px4_msgs/msg/detail/lateral_control_configuration__type_support.cpp\n'}
[1.065853] (px4_msgs) StdoutLine: {'line': b'-- Up-to-date: /home/jmj/pro_asp_ws/ws_px4_controls/install/px4_msgs/include/px4_msgs/px4_msgs/msg/detail/battery_status__rosidl_typesupport_introspection_cpp.hpp\n'}
[1.065875] (px4_msgs) StdoutLine: {'line': b'-- Up-to-date: /home/jmj/pro_asp_ws/ws_px4_controls/install/px4_msgs/include/px4_msgs/px4_msgs/msg/detail/mavlink_log__rosidl_typesupport_introspection_cpp.hpp\n'}
[1.065896] (px4_msgs) StdoutLine: {'line': b'-- Up-to-date: /home/jmj/pro_asp_ws/ws_px4_controls/install/px4_msgs/include/px4_msgs/px4_msgs/msg/detail/open_drone_id_system__rosidl_typesupport_introspection_cpp.hpp\n'}
[1.065922] (px4_msgs) StdoutLine: {'line': b'-- Up-to-date: /home/jmj/pro_asp_ws/ws_px4_controls/install/px4_msgs/include/px4_msgs/px4_msgs/msg/detail/input_rc__type_support.cpp\n'}
[1.065947] (px4_msgs) StdoutLine: {'line': b'-- Up-to-date: /home/jmj/pro_asp_ws/ws_px4_controls/install/px4_msgs/include/px4_msgs/px4_msgs/msg/detail/gimbal_device_set_attitude__rosidl_typesupport_introspection_cpp.hpp\n'}
[1.065973] (px4_msgs) StdoutLine: {'line': b'-- Up-to-date: /home/jmj/pro_asp_ws/ws_px4_controls/install/px4_msgs/include/px4_msgs/px4_msgs/msg/detail/gimbal_controls__rosidl_typesupport_introspection_cpp.hpp\n'}
[1.065995] (px4_msgs) StdoutLine: {'line': b'-- Up-to-date: /home/jmj/pro_asp_ws/ws_px4_controls/install/px4_msgs/include/px4_msgs/px4_msgs/msg/detail/transponder_report__rosidl_typesupport_introspection_cpp.hpp\n'}
[1.066033] (px4_msgs) StdoutLine: {'line': b'-- Up-to-date: /home/jmj/pro_asp_ws/ws_px4_controls/install/px4_msgs/include/px4_msgs/px4_msgs/msg/detail/actuator_controls_status__rosidl_typesupport_introspection_cpp.hpp\n'}
[1.066057] (px4_msgs) StdoutLine: {'line': b'-- Up-to-date: /home/jmj/pro_asp_ws/ws_px4_controls/install/px4_msgs/include/px4_msgs/px4_msgs/msg/detail/vehicle_command_ack__type_support.cpp\n'}
[1.066079] (px4_msgs) StdoutLine: {'line': b'-- Up-to-date: /home/jmj/pro_asp_ws/ws_px4_controls/install/px4_msgs/include/px4_msgs/px4_msgs/msg/detail/goto_setpoint__rosidl_typesupport_introspection_cpp.hpp\n'}
[1.066103] (px4_msgs) StdoutLine: {'line': b'-- Up-to-date: /home/jmj/pro_asp_ws/ws_px4_controls/install/px4_msgs/include/px4_msgs/px4_msgs/msg/detail/parameter_set_value_request__type_support.cpp\n'}
[1.066128] (px4_msgs) StdoutLine: {'line': b'-- Up-to-date: /home/jmj/pro_asp_ws/ws_px4_controls/install/px4_msgs/include/px4_msgs/px4_msgs/msg/detail/action_request__rosidl_typesupport_introspection_cpp.hpp\n'}
[1.066151] (px4_msgs) StdoutLine: {'line': b'-- Up-to-date: /home/jmj/pro_asp_ws/ws_px4_controls/install/px4_msgs/include/px4_msgs/px4_msgs/msg/detail/timesync_status__type_support.cpp\n'}
[1.066175] (px4_msgs) StdoutLine: {'line': b'-- Up-to-date: /home/jmj/pro_asp_ws/ws_px4_controls/install/px4_msgs/include/px4_msgs/px4_msgs/msg/detail/ulog_stream_ack__rosidl_typesupport_introspection_cpp.hpp\n'}
[1.066198] (px4_msgs) StdoutLine: {'line': b'-- Up-to-date: /home/jmj/pro_asp_ws/ws_px4_controls/install/px4_msgs/include/px4_msgs/px4_msgs/msg/detail/qshell_req__type_support.cpp\n'}
[1.066223] (px4_msgs) StdoutLine: {'line': b'-- Up-to-date: /home/jmj/pro_asp_ws/ws_px4_controls/install/px4_msgs/include/px4_msgs/px4_msgs/msg/detail/rover_rate_setpoint__type_support.cpp\n'}
[1.066245] (px4_msgs) StdoutLine: {'line': b'-- Up-to-date: /home/jmj/pro_asp_ws/ws_px4_controls/install/px4_msgs/include/px4_msgs/px4_msgs/msg/detail/rover_attitude_setpoint__rosidl_typesupport_introspection_cpp.hpp\n'}
[1.066268] (px4_msgs) StdoutLine: {'line': b'-- Up-to-date: /home/jmj/pro_asp_ws/ws_px4_controls/install/px4_msgs/include/px4_msgs/px4_msgs/msg/detail/airspeed_wind__rosidl_typesupport_introspection_cpp.hpp\n'}
[1.066290] (px4_msgs) StdoutLine: {'line': b'-- Up-to-date: /home/jmj/pro_asp_ws/ws_px4_controls/install/px4_msgs/include/px4_msgs/px4_msgs/msg/detail/figure_eight_status__rosidl_typesupport_introspection_cpp.hpp\n'}
[1.066313] (px4_msgs) StdoutLine: {'line': b'-- Up-to-date: /home/jmj/pro_asp_ws/ws_px4_controls/install/px4_msgs/include/px4_msgs/px4_msgs/msg/detail/trajectory_setpoint__rosidl_typesupport_introspection_cpp.hpp\n'}
[1.066338] (px4_msgs) StdoutLine: {'line': b'-- Up-to-date: /home/jmj/pro_asp_ws/ws_px4_controls/install/px4_msgs/include/px4_msgs/px4_msgs/msg/detail/sensor_gyro_fft__type_support.cpp\n'}
[1.066363] (px4_msgs) StdoutLine: {'line': b'-- Up-to-date: /home/jmj/pro_asp_ws/ws_px4_controls/install/px4_msgs/include/px4_msgs/px4_msgs/msg/detail/parameter_update__type_support.cpp\n'}
[1.066402] (px4_msgs) StdoutLine: {'line': b'-- Up-to-date: /home/jmj/pro_asp_ws/ws_px4_controls/install/px4_msgs/include/px4_msgs/px4_msgs/msg/detail/orbit_status__type_support.cpp\n'}
[1.066430] (px4_msgs) StdoutLine: {'line': b'-- Up-to-date: /home/jmj/pro_asp_ws/ws_px4_controls/install/px4_msgs/include/px4_msgs/px4_msgs/msg/detail/vehicle_acceleration__rosidl_typesupport_introspection_cpp.hpp\n'}
[1.066453] (px4_msgs) StdoutLine: {'line': b'-- Up-to-date: /home/jmj/pro_asp_ws/ws_px4_controls/install/px4_msgs/include/px4_msgs/px4_msgs/msg/detail/can_interface_status__type_support.cpp\n'}
[1.066479] (px4_msgs) StdoutLine: {'line': b'-- Up-to-date: /home/jmj/pro_asp_ws/ws_px4_controls/install/px4_msgs/include/px4_msgs/px4_msgs/msg/detail/rc_channels__type_support.cpp\n'}
[1.066502] (px4_msgs) StdoutLine: {'line': b'-- Up-to-date: /home/jmj/pro_asp_ws/ws_px4_controls/install/px4_msgs/include/px4_msgs/px4_msgs/msg/detail/camera_capture__rosidl_typesupport_introspection_cpp.hpp\n'}
[1.066525] (px4_msgs) StdoutLine: {'line': b'-- Up-to-date: /home/jmj/pro_asp_ws/ws_px4_controls/install/px4_msgs/include/px4_msgs/px4_msgs/msg/detail/tune_control__rosidl_typesupport_introspection_cpp.hpp\n'}
[1.066548] (px4_msgs) StdoutLine: {'line': b'-- Up-to-date: /home/jmj/pro_asp_ws/ws_px4_controls/install/px4_msgs/include/px4_msgs/px4_msgs/msg/detail/estimator_selector_status__rosidl_typesupport_introspection_cpp.hpp\n'}
[1.066575] (px4_msgs) StdoutLine: {'line': b'-- Up-to-date: /home/jmj/pro_asp_ws/ws_px4_controls/install/px4_msgs/include/px4_msgs/px4_msgs/msg/detail/health_report__type_support.cpp\n'}
[1.066617] (px4_msgs) StdoutLine: {'line': b'-- Up-to-date: /home/jmj/pro_asp_ws/ws_px4_controls/install/px4_msgs/include/px4_msgs/px4_msgs/msg/detail/telemetry_status__type_support.cpp\n'}
[1.066639] (px4_msgs) StdoutLine: {'line': b'-- Up-to-date: /home/jmj/pro_asp_ws/ws_px4_controls/install/px4_msgs/include/px4_msgs/px4_msgs/msg/detail/rover_rate_setpoint__rosidl_typesupport_introspection_cpp.hpp\n'}
[1.066661] (px4_msgs) StdoutLine: {'line': b'-- Up-to-date: /home/jmj/pro_asp_ws/ws_px4_controls/install/px4_msgs/include/px4_msgs/px4_msgs/msg/detail/vehicle_imu_status__type_support.cpp\n'}
[1.066683] (px4_msgs) StdoutLine: {'line': b'-- Up-to-date: /home/jmj/pro_asp_ws/ws_px4_controls/install/px4_msgs/include/px4_msgs/px4_msgs/msg/detail/gpio_in__rosidl_typesupport_introspection_cpp.hpp\n'}
[1.066707] (px4_msgs) StdoutLine: {'line': b'-- Up-to-date: /home/jmj/pro_asp_ws/ws_px4_controls/install/px4_msgs/include/px4_msgs/px4_msgs/msg/detail/debug_vect__rosidl_typesupport_introspection_cpp.hpp\n'}
[1.066732] (px4_msgs) StdoutLine: {'line': b'-- Up-to-date: /home/jmj/pro_asp_ws/ws_px4_controls/install/px4_msgs/include/px4_msgs/px4_msgs/msg/detail/vehicle_rates_setpoint__type_support.cpp\n'}
[1.066756] (px4_msgs) StdoutLine: {'line': b'-- Up-to-date: /home/jmj/pro_asp_ws/ws_px4_controls/install/px4_msgs/include/px4_msgs/px4_msgs/msg/detail/sensor_accel__rosidl_typesupport_introspection_cpp.hpp\n'}
[1.066779] (px4_msgs) StdoutLine: {'line': b'-- Up-to-date: /home/jmj/pro_asp_ws/ws_px4_controls/install/px4_msgs/include/px4_msgs/px4_msgs/msg/detail/vehicle_acceleration__type_support.cpp\n'}
[1.066803] (px4_msgs) StdoutLine: {'line': b'-- Up-to-date: /home/jmj/pro_asp_ws/ws_px4_controls/install/px4_msgs/include/px4_msgs/px4_msgs/msg/detail/yaw_estimator_status__rosidl_typesupport_introspection_cpp.hpp\n'}
[1.066828] (px4_msgs) StdoutLine: {'line': b'-- Up-to-date: /home/jmj/pro_asp_ws/ws_px4_controls/install/px4_msgs/include/px4_msgs/px4_msgs/msg/detail/navigator_status__rosidl_typesupport_introspection_cpp.hpp\n'}
[1.066851] (px4_msgs) StdoutLine: {'line': b'-- Up-to-date: /home/jmj/pro_asp_ws/ws_px4_controls/install/px4_msgs/include/px4_msgs/px4_msgs/msg/detail/pps_capture__type_support.cpp\n'}
[1.066900] (px4_msgs) StdoutLine: {'line': b'-- Up-to-date: /home/jmj/pro_asp_ws/ws_px4_controls/install/px4_msgs/include/px4_msgs/px4_msgs/msg/detail/led_control__rosidl_typesupport_introspection_cpp.hpp\n'}
[1.066923] (px4_msgs) StdoutLine: {'line': b'-- Up-to-date: /home/jmj/pro_asp_ws/ws_px4_controls/install/px4_msgs/include/px4_msgs/px4_msgs/msg/detail/estimator_status__rosidl_typesupport_introspection_cpp.hpp\n'}
[1.066952] (px4_msgs) StdoutLine: {'line': b'-- Up-to-date: /home/jmj/pro_asp_ws/ws_px4_controls/install/px4_msgs/include/px4_msgs/px4_msgs/msg/detail/estimator_status__type_support.cpp\n'}
[1.066976] (px4_msgs) StdoutLine: {'line': b'-- Up-to-date: /home/jmj/pro_asp_ws/ws_px4_controls/install/px4_msgs/include/px4_msgs/px4_msgs/msg/detail/open_drone_id_system__type_support.cpp\n'}
[1.066998] (px4_msgs) StdoutLine: {'line': b'-- Up-to-date: /home/jmj/pro_asp_ws/ws_px4_controls/install/px4_msgs/include/px4_msgs/px4_msgs/msg/detail/internal_combustion_engine_status__rosidl_typesupport_introspection_cpp.hpp\n'}
[1.067022] (px4_msgs) StdoutLine: {'line': b'-- Up-to-date: /home/jmj/pro_asp_ws/ws_px4_controls/install/px4_msgs/include/px4_msgs/px4_msgs/msg/detail/sensor_baro__type_support.cpp\n'}
[1.067047] (px4_msgs) StdoutLine: {'line': b'-- Up-to-date: /home/jmj/pro_asp_ws/ws_px4_controls/install/px4_msgs/include/px4_msgs/px4_msgs/msg/detail/dataman_request__type_support.cpp\n'}
[1.067073] (px4_msgs) StdoutLine: {'line': b'-- Up-to-date: /home/jmj/pro_asp_ws/ws_px4_controls/install/px4_msgs/include/px4_msgs/px4_msgs/msg/detail/vehicle_optical_flow__rosidl_typesupport_introspection_cpp.hpp\n'}
[1.067097] (px4_msgs) StdoutLine: {'line': b'-- Up-to-date: /home/jmj/pro_asp_ws/ws_px4_controls/install/px4_msgs/include/px4_msgs/px4_msgs/msg/detail/qshell_retval__rosidl_typesupport_introspection_cpp.hpp\n'}
[1.067121] (px4_msgs) StdoutLine: {'line': b'-- Up-to-date: /home/jmj/pro_asp_ws/ws_px4_controls/install/px4_msgs/include/px4_msgs/px4_msgs/msg/detail/vehicle_thrust_setpoint__type_support.cpp\n'}
[1.067145] (px4_msgs) StdoutLine: {'line': b'-- Up-to-date: /home/jmj/pro_asp_ws/ws_px4_controls/install/px4_msgs/include/px4_msgs/px4_msgs/msg/detail/rc_parameter_map__type_support.cpp\n'}
[1.067226] (px4_msgs) StdoutLine: {'line': b'-- Up-to-date: /home/jmj/pro_asp_ws/ws_px4_controls/install/px4_msgs/include/px4_msgs/px4_msgs/msg/detail/fuel_tank_status__type_support.cpp\n'}
[1.067249] (px4_msgs) StdoutLine: {'line': b'-- Up-to-date: /home/jmj/pro_asp_ws/ws_px4_controls/install/px4_msgs/include/px4_msgs/px4_msgs/msg/detail/rover_velocity_setpoint__type_support.cpp\n'}
[1.067272] (px4_msgs) StdoutLine: {'line': b'-- Up-to-date: /home/jmj/pro_asp_ws/ws_px4_controls/install/px4_msgs/include/px4_msgs/px4_msgs/msg/detail/debug_array__type_support.cpp\n'}
[1.067295] (px4_msgs) StdoutLine: {'line': b'-- Up-to-date: /home/jmj/pro_asp_ws/ws_px4_controls/install/px4_msgs/include/px4_msgs/px4_msgs/msg/detail/mavlink_tunnel__rosidl_typesupport_introspection_cpp.hpp\n'}
[1.067323] (px4_msgs) StdoutLine: {'line': b'-- Up-to-date: /home/jmj/pro_asp_ws/ws_px4_controls/install/px4_msgs/include/px4_msgs/px4_msgs/msg/detail/vehicle_constraints__rosidl_typesupport_introspection_cpp.hpp\n'}
[1.067350] (px4_msgs) StdoutLine: {'line': b'-- Up-to-date: /home/jmj/pro_asp_ws/ws_px4_controls/install/px4_msgs/include/px4_msgs/px4_msgs/msg/detail/message_format_request__rosidl_typesupport_introspection_cpp.hpp\n'}
[1.067382] (px4_msgs) StdoutLine: {'line': b'-- Up-to-date: /home/jmj/pro_asp_ws/ws_px4_controls/install/px4_msgs/include/px4_msgs/px4_msgs/msg/detail/estimator_sensor_bias__rosidl_typesupport_introspection_cpp.hpp\n'}
[1.067426] (px4_msgs) StdoutLine: {'line': b'-- Up-to-date: /home/jmj/pro_asp_ws/ws_px4_controls/install/px4_msgs/include/px4_msgs/px4_msgs/msg/detail/parameter_set_used_request__type_support.cpp\n'}
[1.067501] (px4_msgs) StdoutLine: {'line': b'-- Up-to-date: /home/jmj/pro_asp_ws/ws_px4_controls/install/px4_msgs/include/px4_msgs/px4_msgs/msg/detail/transponder_report__type_support.cpp\n'}
[1.067529] (px4_msgs) StdoutLine: {'line': b'-- Up-to-date: /home/jmj/pro_asp_ws/ws_px4_controls/install/px4_msgs/include/px4_msgs/px4_msgs/msg/detail/power_monitor__type_support.cpp\n'}
[1.067554] (px4_msgs) StdoutLine: {'line': b'-- Up-to-date: /home/jmj/pro_asp_ws/ws_px4_controls/install/px4_msgs/include/px4_msgs/px4_msgs/msg/detail/vehicle_magnetometer__rosidl_typesupport_introspection_cpp.hpp\n'}
[1.067579] (px4_msgs) StdoutLine: {'line': b'-- Up-to-date: /home/jmj/pro_asp_ws/ws_px4_controls/install/px4_msgs/include/px4_msgs/px4_msgs/msg/detail/failure_detector_status__rosidl_typesupport_introspection_cpp.hpp\n'}
[1.067603] (px4_msgs) StdoutLine: {'line': b'-- Up-to-date: /home/jmj/pro_asp_ws/ws_px4_controls/install/px4_msgs/include/px4_msgs/px4_msgs/msg/detail/flight_phase_estimation__rosidl_typesupport_introspection_cpp.hpp\n'}
[1.067626] (px4_msgs) StdoutLine: {'line': b'-- Up-to-date: /home/jmj/pro_asp_ws/ws_px4_controls/install/px4_msgs/include/px4_msgs/px4_msgs/msg/detail/gpio_request__type_support.cpp\n'}
[1.067648] (px4_msgs) StdoutLine: {'line': b'-- Up-to-date: /home/jmj/pro_asp_ws/ws_px4_controls/install/px4_msgs/include/px4_msgs/px4_msgs/msg/detail/fuel_tank_status__rosidl_typesupport_introspection_cpp.hpp\n'}
[1.067675] (px4_msgs) StdoutLine: {'line': b'-- Up-to-date: /home/jmj/pro_asp_ws/ws_px4_controls/install/px4_msgs/include/px4_msgs/px4_msgs/msg/detail/open_drone_id_operator_id__type_support.cpp\n'}
[1.067701] (px4_msgs) StdoutLine: {'line': b'-- Up-to-date: /home/jmj/pro_asp_ws/ws_px4_controls/install/px4_msgs/include/px4_msgs/px4_msgs/msg/detail/vehicle_torque_setpoint__type_support.cpp\n'}
[1.067726] (px4_msgs) StdoutLine: {'line': b'-- Up-to-date: /home/jmj/pro_asp_ws/ws_px4_controls/install/px4_msgs/include/px4_msgs/px4_msgs/msg/detail/vehicle_control_mode__rosidl_typesupport_introspection_cpp.hpp\n'}
[1.067751] (px4_msgs) StdoutLine: {'line': b'-- Up-to-date: /home/jmj/pro_asp_ws/ws_px4_controls/install/px4_msgs/include/px4_msgs/px4_msgs/msg/detail/actuator_test__rosidl_typesupport_introspection_cpp.hpp\n'}
[1.067775] (px4_msgs) StdoutLine: {'line': b'-- Up-to-date: /home/jmj/pro_asp_ws/ws_px4_controls/install/px4_msgs/include/px4_msgs/px4_msgs/msg/detail/adc_report__type_support.cpp\n'}
[1.067800] (px4_msgs) StdoutLine: {'line': b'-- Up-to-date: /home/jmj/pro_asp_ws/ws_px4_controls/install/px4_msgs/include/px4_msgs/px4_msgs/msg/detail/mode_completed__type_support.cpp\n'}
[1.067825] (px4_msgs) StdoutLine: {'line': b'-- Up-to-date: /home/jmj/pro_asp_ws/ws_px4_controls/install/px4_msgs/include/px4_msgs/px4_msgs/msg/detail/gpio_in__type_support.cpp\n'}
[1.067851] (px4_msgs) StdoutLine: {'line': b'-- Up-to-date: /home/jmj/pro_asp_ws/ws_px4_controls/install/px4_msgs/include/px4_msgs/px4_msgs/msg/detail/adc_report__rosidl_typesupport_introspection_cpp.hpp\n'}
[1.067877] (px4_msgs) StdoutLine: {'line': b'-- Up-to-date: /home/jmj/pro_asp_ws/ws_px4_controls/install/px4_msgs/include/px4_msgs/px4_msgs/msg/detail/pure_pursuit_status__rosidl_typesupport_introspection_cpp.hpp\n'}
[1.067902] (px4_msgs) StdoutLine: {'line': b'-- Up-to-date: /home/jmj/pro_asp_ws/ws_px4_controls/install/px4_msgs/include/px4_msgs/px4_msgs/msg/detail/mag_worker_data__type_support.cpp\n'}
[1.067930] (px4_msgs) StdoutLine: {'line': b'-- Up-to-date: /home/jmj/pro_asp_ws/ws_px4_controls/install/px4_msgs/include/px4_msgs/px4_msgs/msg/detail/estimator_bias3d__type_support.cpp\n'}
[1.067962] (px4_msgs) StdoutLine: {'line': b'-- Up-to-date: /home/jmj/pro_asp_ws/ws_px4_controls/install/px4_msgs/include/px4_msgs/px4_msgs/msg/detail/position_setpoint_triplet__rosidl_typesupport_introspection_cpp.hpp\n'}
[1.068026] (px4_msgs) StdoutLine: {'line': b'-- Up-to-date: /home/jmj/pro_asp_ws/ws_px4_controls/install/px4_msgs/include/px4_msgs/px4_msgs/msg/detail/vehicle_control_mode__type_support.cpp\n'}
[1.068051] (px4_msgs) StdoutLine: {'line': b'-- Up-to-date: /home/jmj/pro_asp_ws/ws_px4_controls/install/px4_msgs/include/px4_msgs/px4_msgs/msg/detail/vehicle_optical_flow__type_support.cpp\n'}
[1.068074] (px4_msgs) StdoutLine: {'line': b'-- Up-to-date: /home/jmj/pro_asp_ws/ws_px4_controls/install/px4_msgs/include/px4_msgs/px4_msgs/msg/detail/differential_pressure__rosidl_typesupport_introspection_cpp.hpp\n'}
[1.068097] (px4_msgs) StdoutLine: {'line': b'-- Up-to-date: /home/jmj/pro_asp_ws/ws_px4_controls/install/px4_msgs/include/px4_msgs/px4_msgs/msg/detail/position_setpoint__rosidl_typesupport_introspection_cpp.hpp\n'}
[1.068121] (px4_msgs) StdoutLine: {'line': b'-- Up-to-date: /home/jmj/pro_asp_ws/ws_px4_controls/install/px4_msgs/include/px4_msgs/px4_msgs/msg/detail/failure_detector_status__type_support.cpp\n'}
[1.068144] (px4_msgs) StdoutLine: {'line': b'-- Up-to-date: /home/jmj/pro_asp_ws/ws_px4_controls/install/px4_msgs/include/px4_msgs/px4_msgs/msg/detail/offboard_control_mode__rosidl_typesupport_introspection_cpp.hpp\n'}
[1.068167] (px4_msgs) StdoutLine: {'line': b'-- Up-to-date: /home/jmj/pro_asp_ws/ws_px4_controls/install/px4_msgs/include/px4_msgs/px4_msgs/msg/detail/internal_combustion_engine_control__type_support.cpp\n'}
[1.068193] (px4_msgs) StdoutLine: {'line': b'-- Up-to-date: /home/jmj/pro_asp_ws/ws_px4_controls/install/px4_msgs/include/px4_msgs/px4_msgs/msg/detail/navigator_mission_item__type_support.cpp\n'}
[1.068216] (px4_msgs) StdoutLine: {'line': b'-- Up-to-date: /home/jmj/pro_asp_ws/ws_px4_controls/install/px4_msgs/include/px4_msgs/px4_msgs/msg/detail/vehicle_constraints__type_support.cpp\n'}
[1.068238] (px4_msgs) StdoutLine: {'line': b'-- Up-to-date: /home/jmj/pro_asp_ws/ws_px4_controls/install/px4_msgs/include/px4_msgs/px4_msgs/msg/detail/fixed_wing_longitudinal_setpoint__rosidl_typesupport_introspection_cpp.hpp\n'}
[1.068260] (px4_msgs) StdoutLine: {'line': b'-- Up-to-date: /home/jmj/pro_asp_ws/ws_px4_controls/install/px4_msgs/include/px4_msgs/px4_msgs/msg/detail/actuator_motors__type_support.cpp\n'}
[1.068288] (px4_msgs) StdoutLine: {'line': b'-- Up-to-date: /home/jmj/pro_asp_ws/ws_px4_controls/install/px4_msgs/include/px4_msgs/px4_msgs/msg/detail/vehicle_roi__type_support.cpp\n'}
[1.068367] (px4_msgs) StdoutLine: {'line': b'-- Up-to-date: /home/jmj/pro_asp_ws/ws_px4_controls/install/px4_msgs/include/px4_msgs/px4_msgs/msg/detail/magnetometer_bias_estimate__rosidl_typesupport_introspection_cpp.hpp\n'}
[1.068475] (px4_msgs) StdoutLine: {'line': b'-- Up-to-date: /home/jmj/pro_asp_ws/ws_px4_controls/install/px4_msgs/include/px4_msgs/px4_msgs/msg/detail/register_ext_component_request__rosidl_typesupport_introspection_cpp.hpp\n'}
[1.068521] (px4_msgs) StdoutLine: {'line': b'-- Up-to-date: /home/jmj/pro_asp_ws/ws_px4_controls/install/px4_msgs/include/px4_msgs/px4_msgs/msg/detail/vehicle_magnetometer__type_support.cpp\n'}
[1.068632] (px4_msgs) StdoutLine: {'line': b'-- Up-to-date: /home/jmj/pro_asp_ws/ws_px4_controls/install/px4_msgs/include/px4_msgs/px4_msgs/msg/detail/tiltrotor_extra_controls__rosidl_typesupport_introspection_cpp.hpp\n'}
[1.068691] (px4_msgs) StdoutLine: {'line': b'-- Up-to-date: /home/jmj/pro_asp_ws/ws_px4_controls/install/px4_msgs/include/px4_msgs/px4_msgs/msg/detail/airspeed_wind__type_support.cpp\n'}
[1.068734] (px4_msgs) StdoutLine: {'line': b'-- Up-to-date: /home/jmj/pro_asp_ws/ws_px4_controls/install/px4_msgs/include/px4_msgs/px4_msgs/msg/detail/magnetometer_bias_estimate__type_support.cpp\n'}
[1.068775] (px4_msgs) StdoutLine: {'line': b'-- Up-to-date: /home/jmj/pro_asp_ws/ws_px4_controls/install/px4_msgs/include/px4_msgs/px4_msgs/msg/detail/obstacle_distance__rosidl_typesupport_introspection_cpp.hpp\n'}
[1.068821] (px4_msgs) StdoutLine: {'line': b'-- Up-to-date: /home/jmj/pro_asp_ws/ws_px4_controls/install/px4_msgs/include/px4_msgs/px4_msgs/msg/detail/open_drone_id_self_id__type_support.cpp\n'}
[1.068876] (px4_msgs) StdoutLine: {'line': b'-- Up-to-date: /home/jmj/pro_asp_ws/ws_px4_controls/install/px4_msgs/include/px4_msgs/px4_msgs/msg/detail/gripper__rosidl_typesupport_introspection_cpp.hpp\n'}
[1.068921] (px4_msgs) StdoutLine: {'line': b'-- Up-to-date: /home/jmj/pro_asp_ws/ws_px4_controls/install/px4_msgs/include/px4_msgs/px4_msgs/msg/detail/dataman_response__type_support.cpp\n'}
[1.068970] (px4_msgs) StdoutLine: {'line': b'-- Up-to-date: /home/jmj/pro_asp_ws/ws_px4_controls/install/px4_msgs/include/px4_msgs/px4_msgs/msg/detail/sensor_accel_fifo__type_support.cpp\n'}
[1.069016] (px4_msgs) StdoutLine: {'line': b'-- Up-to-date: /home/jmj/pro_asp_ws/ws_px4_controls/install/px4_msgs/include/px4_msgs/px4_msgs/msg/detail/cellular_status__rosidl_typesupport_introspection_cpp.hpp\n'}
[1.069069] (px4_msgs) StdoutLine: {'line': b'-- Up-to-date: /home/jmj/pro_asp_ws/ws_px4_controls/install/px4_msgs/include/px4_msgs/px4_msgs/msg/detail/vehicle_land_detected__rosidl_typesupport_introspection_cpp.hpp\n'}
[1.069111] (px4_msgs) StdoutLine: {'line': b'-- Up-to-date: /home/jmj/pro_asp_ws/ws_px4_controls/install/px4_msgs/include/px4_msgs/px4_msgs/msg/detail/home_position__rosidl_typesupport_introspection_cpp.hpp\n'}
[1.069159] (px4_msgs) StdoutLine: {'line': b'-- Up-to-date: /home/jmj/pro_asp_ws/ws_px4_controls/install/px4_msgs/include/px4_msgs/px4_msgs/msg/detail/pwm_input__type_support.cpp\n'}
[1.069200] (px4_msgs) StdoutLine: {'line': b'-- Up-to-date: /home/jmj/pro_asp_ws/ws_px4_controls/install/px4_msgs/include/px4_msgs/px4_msgs/msg/detail/camera_status__type_support.cpp\n'}
[1.069239] (px4_msgs) StdoutLine: {'line': b'-- Up-to-date: /home/jmj/pro_asp_ws/ws_px4_controls/install/px4_msgs/include/px4_msgs/px4_msgs/msg/detail/debug_value__type_support.cpp\n'}
[1.069281] (px4_msgs) StdoutLine: {'line': b'-- Up-to-date: /home/jmj/pro_asp_ws/ws_px4_controls/install/px4_msgs/include/px4_msgs/px4_msgs/msg/detail/vehicle_local_position__rosidl_typesupport_introspection_cpp.hpp\n'}
[1.069323] (px4_msgs) StdoutLine: {'line': b'-- Up-to-date: /home/jmj/pro_asp_ws/ws_px4_controls/install/px4_msgs/include/px4_msgs/px4_msgs/msg/detail/longitudinal_control_configuration__type_support.cpp\n'}
[1.069371] (px4_msgs) StdoutLine: {'line': b'-- Up-to-date: /home/jmj/pro_asp_ws/ws_px4_controls/install/px4_msgs/include/px4_msgs/px4_msgs/msg/detail/position_controller_landing_status__rosidl_typesupport_introspection_cpp.hpp\n'}
[1.069429] (px4_msgs) StdoutLine: {'line': b'-- Up-to-date: /home/jmj/pro_asp_ws/ws_px4_controls/install/px4_msgs/include/px4_msgs/px4_msgs/msg/detail/landing_gear_wheel__type_support.cpp\n'}
[1.069482] (px4_msgs) StdoutLine: {'line': b'-- Up-to-date: /home/jmj/pro_asp_ws/ws_px4_controls/install/px4_msgs/include/px4_msgs/px4_msgs/msg/detail/task_stack_info__type_support.cpp\n'}
[1.069530] (px4_msgs) StdoutLine: {'line': b'-- Up-to-date: /home/jmj/pro_asp_ws/ws_px4_controls/install/px4_msgs/include/px4_msgs/px4_msgs/msg/detail/camera_trigger__type_support.cpp\n'}
[1.069575] (px4_msgs) StdoutLine: {'line': b'-- Up-to-date: /home/jmj/pro_asp_ws/ws_px4_controls/install/px4_msgs/include/px4_msgs/px4_msgs/msg/detail/estimator_bias3d__rosidl_typesupport_introspection_cpp.hpp\n'}
[1.069621] (px4_msgs) StdoutLine: {'line': b'-- Up-to-date: /home/jmj/pro_asp_ws/ws_px4_controls/install/px4_msgs/include/px4_msgs/px4_msgs/msg/detail/actuator_servos__type_support.cpp\n'}
[1.069667] (px4_msgs) StdoutLine: {'line': b'-- Up-to-date: /home/jmj/pro_asp_ws/ws_px4_controls/install/px4_msgs/include/px4_msgs/px4_msgs/msg/detail/flight_phase_estimation__type_support.cpp\n'}
[1.069717] (px4_msgs) StdoutLine: {'line': b'-- Up-to-date: /home/jmj/pro_asp_ws/ws_px4_controls/install/px4_msgs/include/px4_msgs/px4_msgs/msg/detail/wheel_encoders__rosidl_typesupport_introspection_cpp.hpp\n'}
[1.069784] (px4_msgs) StdoutLine: {'line': b'-- Up-to-date: /home/jmj/pro_asp_ws/ws_px4_controls/install/px4_msgs/include/px4_msgs/px4_msgs/msg/detail/sensors_status__type_support.cpp\n'}
[1.069833] (px4_msgs) StdoutLine: {'line': b'-- Up-to-date: /home/jmj/pro_asp_ws/ws_px4_controls/install/px4_msgs/include/px4_msgs/px4_msgs/msg/detail/vehicle_status__type_support.cpp\n'}
[1.069881] (px4_msgs) StdoutLine: {'line': b'-- Up-to-date: /home/jmj/pro_asp_ws/ws_px4_controls/install/px4_msgs/include/px4_msgs/px4_msgs/msg/detail/cellular_status__type_support.cpp\n'}
[1.069931] (px4_msgs) StdoutLine: {'line': b'-- Up-to-date: /home/jmj/pro_asp_ws/ws_px4_controls/install/px4_msgs/include/px4_msgs/px4_msgs/msg/detail/system_power__rosidl_typesupport_introspection_cpp.hpp\n'}
[1.070033] (px4_msgs) StdoutLine: {'line': b'-- Up-to-date: /home/jmj/pro_asp_ws/ws_px4_controls/install/px4_msgs/include/px4_msgs/px4_msgs/msg/detail/control_allocator_status__rosidl_typesupport_introspection_cpp.hpp\n'}
[1.070085] (px4_msgs) StdoutLine: {'line': b'-- Up-to-date: /home/jmj/pro_asp_ws/ws_px4_controls/install/px4_msgs/include/px4_msgs/px4_msgs/msg/detail/register_ext_component_reply__rosidl_typesupport_introspection_cpp.hpp\n'}
[1.070138] (px4_msgs) StdoutLine: {'line': b'-- Up-to-date: /home/jmj/pro_asp_ws/ws_px4_controls/install/px4_msgs/include/px4_msgs/px4_msgs/msg/detail/sensor_combined__rosidl_typesupport_introspection_cpp.hpp\n'}
[1.070187] (px4_msgs) StdoutLine: {'line': b'-- Up-to-date: /home/jmj/pro_asp_ws/ws_px4_controls/install/px4_msgs/include/px4_msgs/px4_msgs/msg/detail/orb_test__rosidl_typesupport_introspection_cpp.hpp\n'}
[1.070235] (px4_msgs) StdoutLine: {'line': b'-- Up-to-date: /home/jmj/pro_asp_ws/ws_px4_controls/install/px4_msgs/include/px4_msgs/px4_msgs/msg/detail/timesync_status__rosidl_typesupport_introspection_cpp.hpp\n'}
[1.070295] (px4_msgs) StdoutLine: {'line': b'-- Up-to-date: /home/jmj/pro_asp_ws/ws_px4_controls/install/px4_msgs/include/px4_msgs/px4_msgs/msg/detail/distance_sensor_mode_change_request__type_support.cpp\n'}
[1.070340] (px4_msgs) StdoutLine: {'line': b'-- Up-to-date: /home/jmj/pro_asp_ws/ws_px4_controls/install/px4_msgs/include/px4_msgs/px4_msgs/msg/detail/sensor_selection__rosidl_typesupport_introspection_cpp.hpp\n'}
[1.070389] (px4_msgs) StdoutLine: {'line': b'-- Up-to-date: /home/jmj/pro_asp_ws/ws_px4_controls/install/px4_msgs/include/px4_msgs/px4_msgs/msg/detail/debug_value__rosidl_typesupport_introspection_cpp.hpp\n'}
[1.070435] (px4_msgs) StdoutLine: {'line': b'-- Up-to-date: /home/jmj/pro_asp_ws/ws_px4_controls/install/px4_msgs/include/px4_msgs/px4_msgs/msg/detail/velocity_limits__type_support.cpp\n'}
[1.070497] (px4_msgs) StdoutLine: {'line': b'-- Up-to-date: /home/jmj/pro_asp_ws/ws_px4_controls/install/px4_msgs/include/px4_msgs/px4_msgs/msg/detail/rc_parameter_map__rosidl_typesupport_introspection_cpp.hpp\n'}
[1.070560] (px4_msgs) StdoutLine: {'line': b'-- Up-to-date: /home/jmj/pro_asp_ws/ws_px4_controls/install/px4_msgs/include/px4_msgs/px4_msgs/msg/detail/gimbal_device_information__rosidl_typesupport_introspection_cpp.hpp\n'}
[1.070607] (px4_msgs) StdoutLine: {'line': b'-- Up-to-date: /home/jmj/pro_asp_ws/ws_px4_controls/install/px4_msgs/include/px4_msgs/px4_msgs/msg/detail/vehicle_local_position_setpoint__type_support.cpp\n'}
[1.070654] (px4_msgs) StdoutLine: {'line': b'-- Up-to-date: /home/jmj/pro_asp_ws/ws_px4_controls/install/px4_msgs/include/px4_msgs/px4_msgs/msg/detail/logger_status__rosidl_typesupport_introspection_cpp.hpp\n'}
[1.070720] (px4_msgs) StdoutLine: {'line': b'-- Up-to-date: /home/jmj/pro_asp_ws/ws_px4_controls/install/px4_msgs/include/px4_msgs/px4_msgs/msg/detail/heater_status__rosidl_typesupport_introspection_cpp.hpp\n'}
[1.070768] (px4_msgs) StdoutLine: {'line': b'-- Up-to-date: /home/jmj/pro_asp_ws/ws_px4_controls/install/px4_msgs/include/px4_msgs/px4_msgs/msg/detail/sensor_gyro_fft__rosidl_typesupport_introspection_cpp.hpp\n'}
[1.070817] (px4_msgs) StdoutLine: {'line': b'-- Up-to-date: /home/jmj/pro_asp_ws/ws_px4_controls/install/px4_msgs/include/px4_msgs/px4_msgs/msg/detail/sensor_preflight_mag__rosidl_typesupport_introspection_cpp.hpp\n'}
[1.070864] (px4_msgs) StdoutLine: {'line': b'-- Up-to-date: /home/jmj/pro_asp_ws/ws_px4_controls/install/px4_msgs/include/px4_msgs/px4_msgs/msg/detail/gimbal_device_information__type_support.cpp\n'}
[1.070925] (px4_msgs) StdoutLine: {'line': b'-- Up-to-date: /home/jmj/pro_asp_ws/ws_px4_controls/install/px4_msgs/include/px4_msgs/px4_msgs/msg/detail/gripper__type_support.cpp\n'}
[1.070979] (px4_msgs) StdoutLine: {'line': b'-- Up-to-date: /home/jmj/pro_asp_ws/ws_px4_controls/install/px4_msgs/include/px4_msgs/px4_msgs/msg/detail/fixed_wing_lateral_setpoint__rosidl_typesupport_introspection_cpp.hpp\n'}
[1.071019] (px4_msgs) StdoutLine: {'line': b'-- Up-to-date: /home/jmj/pro_asp_ws/ws_px4_controls/install/px4_msgs/include/px4_msgs/px4_msgs/msg/detail/estimator_sensor_bias__type_support.cpp\n'}
[1.071058] (px4_msgs) StdoutLine: {'line': b'-- Up-to-date: /home/jmj/pro_asp_ws/ws_px4_controls/install/px4_msgs/include/px4_msgs/px4_msgs/msg/detail/sensor_optical_flow__type_support.cpp\n'}
[1.071101] (px4_msgs) StdoutLine: {'line': b'-- Up-to-date: /home/jmj/pro_asp_ws/ws_px4_controls/install/px4_msgs/include/px4_msgs/px4_msgs/msg/detail/arming_check_reply__type_support.cpp\n'}
[1.071141] (px4_msgs) StdoutLine: {'line': b'-- Up-to-date: /home/jmj/pro_asp_ws/ws_px4_controls/install/px4_msgs/include/px4_msgs/px4_msgs/msg/detail/airspeed_validated__type_support.cpp\n'}
[1.071181] (px4_msgs) StdoutLine: {'line': b'-- Up-to-date: /home/jmj/pro_asp_ws/ws_px4_controls/install/px4_msgs/include/px4_msgs/px4_msgs/msg/detail/estimator_event_flags__type_support.cpp\n'}
[1.071243] (px4_msgs) StdoutLine: {'line': b'-- Up-to-date: /home/jmj/pro_asp_ws/ws_px4_controls/install/px4_msgs/include/px4_msgs/px4_msgs/msg/detail/figure_eight_status__type_support.cpp\n'}
[1.071287] (px4_msgs) StdoutLine: {'line': b'-- Up-to-date: /home/jmj/pro_asp_ws/ws_px4_controls/install/px4_msgs/include/px4_msgs/px4_msgs/msg/detail/wheel_encoders__type_support.cpp\n'}
[1.071333] (px4_msgs) StdoutLine: {'line': b'-- Up-to-date: /home/jmj/pro_asp_ws/ws_px4_controls/install/px4_msgs/include/px4_msgs/px4_msgs/msg/detail/pure_pursuit_status__type_support.cpp\n'}
[1.071379] (px4_msgs) StdoutLine: {'line': b'-- Up-to-date: /home/jmj/pro_asp_ws/ws_px4_controls/install/px4_msgs/include/px4_msgs/px4_msgs/msg/detail/estimator_aid_source2d__type_support.cpp\n'}
[1.071425] (px4_msgs) StdoutLine: {'line': b'-- Up-to-date: /home/jmj/pro_asp_ws/ws_px4_controls/install/px4_msgs/include/px4_msgs/px4_msgs/msg/detail/mount_orientation__type_support.cpp\n'}
[1.071472] (px4_msgs) StdoutLine: {'line': b'-- Up-to-date: /home/jmj/pro_asp_ws/ws_px4_controls/install/px4_msgs/include/px4_msgs/px4_msgs/msg/detail/tecs_status__rosidl_typesupport_introspection_cpp.hpp\n'}
[1.071519] (px4_msgs) StdoutLine: {'line': b'-- Up-to-date: /home/jmj/pro_asp_ws/ws_px4_controls/install/px4_msgs/include/px4_msgs/px4_msgs/msg/detail/gimbal_manager_set_manual_control__type_support.cpp\n'}
[1.071572] (px4_msgs) StdoutLine: {'line': b'-- Up-to-date: /home/jmj/pro_asp_ws/ws_px4_controls/install/px4_msgs/include/px4_msgs/px4_msgs/msg/detail/vehicle_command__rosidl_typesupport_introspection_cpp.hpp\n'}
[1.071643] (px4_msgs) StdoutLine: {'line': b'-- Up-to-date: /home/jmj/pro_asp_ws/ws_px4_controls/install/px4_msgs/include/px4_msgs/px4_msgs/msg/detail/fixed_wing_runway_control__rosidl_typesupport_introspection_cpp.hpp\n'}
[1.071688] (px4_msgs) StdoutLine: {'line': b'-- Up-to-date: /home/jmj/pro_asp_ws/ws_px4_controls/install/px4_msgs/include/px4_msgs/px4_msgs/msg/detail/sensor_accel__type_support.cpp\n'}
[1.071731] (px4_msgs) StdoutLine: {'line': b'-- Up-to-date: /home/jmj/pro_asp_ws/ws_px4_controls/install/px4_msgs/include/px4_msgs/px4_msgs/msg/detail/radio_status__type_support.cpp\n'}
[1.071777] (px4_msgs) StdoutLine: {'line': b'-- Up-to-date: /home/jmj/pro_asp_ws/ws_px4_controls/install/px4_msgs/include/px4_msgs/px4_msgs/msg/detail/vehicle_angular_velocity__rosidl_typesupport_introspection_cpp.hpp\n'}
[1.071832] (px4_msgs) StdoutLine: {'line': b'-- Up-to-date: /home/jmj/pro_asp_ws/ws_px4_controls/install/px4_msgs/include/px4_msgs/px4_msgs/msg/detail/orb_test_medium__rosidl_typesupport_introspection_cpp.hpp\n'}
[1.071875] (px4_msgs) StdoutLine: {'line': b'-- Up-to-date: /home/jmj/pro_asp_ws/ws_px4_controls/install/px4_msgs/include/px4_msgs/px4_msgs/msg/detail/satellite_info__type_support.cpp\n'}
[1.071916] (px4_msgs) StdoutLine: {'line': b'-- Up-to-date: /home/jmj/pro_asp_ws/ws_px4_controls/install/px4_msgs/include/px4_msgs/px4_msgs/msg/detail/vehicle_attitude__type_support.cpp\n'}
[1.072002] (px4_msgs) StdoutLine: {'line': b'-- Up-to-date: /home/jmj/pro_asp_ws/ws_px4_controls/install/px4_msgs/include/px4_msgs/px4_msgs/msg/detail/geofence_status__type_support.cpp\n'}
[1.072054] (px4_msgs) StdoutLine: {'line': b'-- Up-to-date: /home/jmj/pro_asp_ws/ws_px4_controls/install/px4_msgs/include/px4_msgs/px4_msgs/msg/detail/vehicle_roi__rosidl_typesupport_introspection_cpp.hpp\n'}
[1.072098] (px4_msgs) StdoutLine: {'line': b'-- Up-to-date: /home/jmj/pro_asp_ws/ws_px4_controls/install/px4_msgs/include/px4_msgs/px4_msgs/msg/detail/gpio_request__rosidl_typesupport_introspection_cpp.hpp\n'}
[1.072143] (px4_msgs) StdoutLine: {'line': b'-- Up-to-date: /home/jmj/pro_asp_ws/ws_px4_controls/install/px4_msgs/include/px4_msgs/px4_msgs/msg/detail/rate_ctrl_status__type_support.cpp\n'}
[1.072184] (px4_msgs) StdoutLine: {'line': b'-- Up-to-date: /home/jmj/pro_asp_ws/ws_px4_controls/install/px4_msgs/include/px4_msgs/px4_msgs/msg/detail/fixed_wing_runway_control__type_support.cpp\n'}
[1.072254] (px4_msgs) StdoutLine: {'line': b'-- Up-to-date: /home/jmj/pro_asp_ws/ws_px4_controls/install/px4_msgs/include/px4_msgs/px4_msgs/msg/detail/landing_target_pose__rosidl_typesupport_introspection_cpp.hpp\n'}
[1.072298] (px4_msgs) StdoutLine: {'line': b'-- Up-to-date: /home/jmj/pro_asp_ws/ws_px4_controls/install/px4_msgs/include/px4_msgs/px4_msgs/msg/detail/camera_status__rosidl_typesupport_introspection_cpp.hpp\n'}
[1.072339] (px4_msgs) StdoutLine: {'line': b'-- Up-to-date: /home/jmj/pro_asp_ws/ws_px4_controls/install/px4_msgs/include/px4_msgs/px4_msgs/msg/detail/vehicle_odometry__type_support.cpp\n'}
[1.072381] (px4_msgs) StdoutLine: {'line': b'-- Up-to-date: /home/jmj/pro_asp_ws/ws_px4_controls/install/px4_msgs/include/px4_msgs/px4_msgs/msg/detail/sensor_baro__rosidl_typesupport_introspection_cpp.hpp\n'}
[1.072426] (px4_msgs) StdoutLine: {'line': b'-- Up-to-date: /home/jmj/pro_asp_ws/ws_px4_controls/install/px4_msgs/include/px4_msgs/px4_msgs/msg/detail/rtl_time_estimate__rosidl_typesupport_introspection_cpp.hpp\n'}
[1.072472] (px4_msgs) StdoutLine: {'line': b'-- Up-to-date: /home/jmj/pro_asp_ws/ws_px4_controls/install/px4_msgs/include/px4_msgs/px4_msgs/msg/detail/gimbal_manager_set_attitude__rosidl_typesupport_introspection_cpp.hpp\n'}
[1.072518] (px4_msgs) StdoutLine: {'line': b'-- Up-to-date: /home/jmj/pro_asp_ws/ws_px4_controls/install/px4_msgs/include/px4_msgs/px4_msgs/msg/detail/sensor_gyro_fifo__type_support.cpp\n'}
[1.072565] (px4_msgs) StdoutLine: {'line': b'-- Up-to-date: /home/jmj/pro_asp_ws/ws_px4_controls/install/px4_msgs/include/px4_msgs/px4_msgs/msg/detail/sensor_optical_flow__rosidl_typesupport_introspection_cpp.hpp\n'}
[1.072617] (px4_msgs) StdoutLine: {'line': b'-- Up-to-date: /home/jmj/pro_asp_ws/ws_px4_controls/install/px4_msgs/include/px4_msgs/px4_msgs/msg/detail/longitudinal_control_configuration__rosidl_typesupport_introspection_cpp.hpp\n'}
[1.072665] (px4_msgs) StdoutLine: {'line': b'-- Up-to-date: /home/jmj/pro_asp_ws/ws_px4_controls/install/px4_msgs/include/px4_msgs/px4_msgs/msg/detail/unregister_ext_component__rosidl_typesupport_introspection_cpp.hpp\n'}
[1.072713] (px4_msgs) StdoutLine: {'line': b'-- Up-to-date: /home/jmj/pro_asp_ws/ws_px4_controls/install/px4_msgs/include/px4_msgs/px4_msgs/msg/detail/debug_vect__type_support.cpp\n'}
[1.072797] (px4_msgs) StdoutLine: {'line': b'-- Up-to-date: /home/jmj/pro_asp_ws/ws_px4_controls/install/px4_msgs/include/px4_msgs/px4_msgs/msg/detail/vehicle_land_detected__type_support.cpp\n'}
[1.072845] (px4_msgs) StdoutLine: {'line': b'-- Up-to-date: /home/jmj/pro_asp_ws/ws_px4_controls/install/px4_msgs/include/px4_msgs/px4_msgs/msg/detail/rtl_status__type_support.cpp\n'}
[1.072892] (px4_msgs) StdoutLine: {'line': b'-- Up-to-date: /home/jmj/pro_asp_ws/ws_px4_controls/install/px4_msgs/include/px4_msgs/px4_msgs/msg/detail/actuator_test__type_support.cpp\n'}
[1.072936] (px4_msgs) StdoutLine: {'line': b'-- Up-to-date: /home/jmj/pro_asp_ws/ws_px4_controls/install/px4_msgs/include/px4_msgs/px4_msgs/msg/detail/ulog_stream_ack__type_support.cpp\n'}
[1.073008] (px4_msgs) StdoutLine: {'line': b'-- Up-to-date: /home/jmj/pro_asp_ws/ws_px4_controls/install/px4_msgs/include/px4_msgs/px4_msgs/msg/detail/parameter_reset_request__type_support.cpp\n'}
[1.073044] (px4_msgs) StdoutLine: {'line': b'-- Up-to-date: /home/jmj/pro_asp_ws/ws_px4_controls/install/px4_msgs/include/px4_msgs/px4_msgs/msg/detail/rover_velocity_status__type_support.cpp\n'}
[1.073078] (px4_msgs) StdoutLine: {'line': b'-- Up-to-date: /home/jmj/pro_asp_ws/ws_px4_controls/install/px4_msgs/include/px4_msgs/px4_msgs/msg/detail/estimator_status_flags__rosidl_typesupport_introspection_cpp.hpp\n'}
[1.073125] (px4_msgs) StdoutLine: {'line': b'-- Up-to-date: /home/jmj/pro_asp_ws/ws_px4_controls/install/px4_msgs/include/px4_msgs/px4_msgs/msg/detail/parameter_set_value_response__type_support.cpp\n'}
[1.073156] (px4_msgs) StdoutLine: {'line': b'-- Up-to-date: /home/jmj/pro_asp_ws/ws_px4_controls/install/px4_msgs/include/px4_msgs/px4_msgs/msg/detail/vehicle_attitude_setpoint__rosidl_typesupport_introspection_cpp.hpp\n'}
[1.073183] (px4_msgs) StdoutLine: {'line': b'-- Up-to-date: /home/jmj/pro_asp_ws/ws_px4_controls/install/px4_msgs/include/px4_msgs/px4_msgs/msg/detail/register_ext_component_request__type_support.cpp\n'}
[1.073206] (px4_msgs) StdoutLine: {'line': b'-- Up-to-date: /home/jmj/pro_asp_ws/ws_px4_controls/install/px4_msgs/include/px4_msgs/px4_msgs/msg/detail/position_controller_status__rosidl_typesupport_introspection_cpp.hpp\n'}
[1.073231] (px4_msgs) StdoutLine: {'line': b'-- Up-to-date: /home/jmj/pro_asp_ws/ws_px4_controls/install/px4_msgs/include/px4_msgs/px4_msgs/msg/detail/gimbal_manager_set_manual_control__rosidl_typesupport_introspection_cpp.hpp\n'}
[1.073256] (px4_msgs) StdoutLine: {'line': b'-- Up-to-date: /home/jmj/pro_asp_ws/ws_px4_controls/install/px4_msgs/include/px4_msgs/px4_msgs/msg/detail/orbit_status__rosidl_typesupport_introspection_cpp.hpp\n'}
[1.073279] (px4_msgs) StdoutLine: {'line': b'-- Up-to-date: /home/jmj/pro_asp_ws/ws_px4_controls/install/px4_msgs/include/px4_msgs/px4_msgs/msg/detail/sensor_gyro__rosidl_typesupport_introspection_cpp.hpp\n'}
[1.073300] (px4_msgs) StdoutLine: {'line': b'-- Up-to-date: /home/jmj/pro_asp_ws/ws_px4_controls/install/px4_msgs/include/px4_msgs/px4_msgs/msg/detail/message_format_request__type_support.cpp\n'}
[1.073324] (px4_msgs) StdoutLine: {'line': b'-- Up-to-date: /home/jmj/pro_asp_ws/ws_px4_controls/install/px4_msgs/include/px4_msgs/px4_msgs/msg/detail/position_setpoint__type_support.cpp\n'}
[1.073348] (px4_msgs) StdoutLine: {'line': b'-- Up-to-date: /home/jmj/pro_asp_ws/ws_px4_controls/install/px4_msgs/include/px4_msgs/px4_msgs/msg/detail/estimator_innovations__type_support.cpp\n'}
[1.073372] (px4_msgs) StdoutLine: {'line': b'-- Up-to-date: /home/jmj/pro_asp_ws/ws_px4_controls/install/px4_msgs/include/px4_msgs/px4_msgs/msg/detail/position_controller_landing_status__type_support.cpp\n'}
[1.073395] (px4_msgs) StdoutLine: {'line': b'-- Up-to-date: /home/jmj/pro_asp_ws/ws_px4_controls/install/px4_msgs/include/px4_msgs/px4_msgs/msg/detail/landing_gear__type_support.cpp\n'}
[1.073419] (px4_msgs) StdoutLine: {'line': b'-- Up-to-date: /home/jmj/pro_asp_ws/ws_px4_controls/install/px4_msgs/include/px4_msgs/px4_msgs/msg/detail/sensor_hygrometer__rosidl_typesupport_introspection_cpp.hpp\n'}
[1.073443] (px4_msgs) StdoutLine: {'line': b'-- Up-to-date: /home/jmj/pro_asp_ws/ws_px4_controls/install/px4_msgs/include/px4_msgs/px4_msgs/msg/detail/mode_completed__rosidl_typesupport_introspection_cpp.hpp\n'}
[1.073468] (px4_msgs) StdoutLine: {'line': b'-- Up-to-date: /home/jmj/pro_asp_ws/ws_px4_controls/install/px4_msgs/include/px4_msgs/px4_msgs/msg/detail/button_event__rosidl_typesupport_introspection_cpp.hpp\n'}
[1.073491] (px4_msgs) StdoutLine: {'line': b'-- Up-to-date: /home/jmj/pro_asp_ws/ws_px4_controls/install/px4_msgs/include/px4_msgs/px4_msgs/msg/detail/gpio_config__rosidl_typesupport_introspection_cpp.hpp\n'}
[1.073514] (px4_msgs) StdoutLine: {'line': b'-- Up-to-date: /home/jmj/pro_asp_ws/ws_px4_controls/install/px4_msgs/include/px4_msgs/px4_msgs/msg/detail/ulog_stream__rosidl_typesupport_introspection_cpp.hpp\n'}
[1.073538] (px4_msgs) StdoutLine: {'line': b'-- Up-to-date: /home/jmj/pro_asp_ws/ws_px4_controls/install/px4_msgs/include/px4_msgs/px4_msgs/msg/detail/open_drone_id_arm_status__rosidl_typesupport_introspection_cpp.hpp\n'}
[1.073563] (px4_msgs) StdoutLine: {'line': b'-- Up-to-date: /home/jmj/pro_asp_ws/ws_px4_controls/install/px4_msgs/include/px4_msgs/px4_msgs/msg/detail/event__type_support.cpp\n'}
[1.073588] (px4_msgs) StdoutLine: {'line': b'-- Up-to-date: /home/jmj/pro_asp_ws/ws_px4_controls/install/px4_msgs/include/px4_msgs/px4_msgs/msg/detail/log_message__rosidl_typesupport_introspection_cpp.hpp\n'}
[1.073623] (px4_msgs) StdoutLine: {'line': b'-- Up-to-date: /home/jmj/pro_asp_ws/ws_px4_controls/install/px4_msgs/include/px4_msgs/px4_msgs/msg/detail/control_allocator_status__type_support.cpp\n'}
[1.073646] (px4_msgs) StdoutLine: {'line': b'-- Up-to-date: /home/jmj/pro_asp_ws/ws_px4_controls/install/px4_msgs/include/px4_msgs/px4_msgs/msg/detail/hover_thrust_estimate__type_support.cpp\n'}
[1.073670] (px4_msgs) StdoutLine: {'line': b'-- Up-to-date: /home/jmj/pro_asp_ws/ws_px4_controls/install/px4_msgs/include/px4_msgs/px4_msgs/msg/detail/trajectory_setpoint6dof__rosidl_typesupport_introspection_cpp.hpp\n'}
[1.073695] (px4_msgs) StdoutLine: {'line': b'-- Up-to-date: /home/jmj/pro_asp_ws/ws_px4_controls/install/px4_msgs/include/px4_msgs/px4_msgs/msg/detail/dataman_response__rosidl_typesupport_introspection_cpp.hpp\n'}
[1.073720] (px4_msgs) StdoutLine: {'line': b'-- Up-to-date: /home/jmj/pro_asp_ws/ws_px4_controls/install/px4_msgs/include/px4_msgs/px4_msgs/msg/detail/rover_velocity_setpoint__rosidl_typesupport_introspection_cpp.hpp\n'}
[1.073744] (px4_msgs) StdoutLine: {'line': b'-- Up-to-date: /home/jmj/pro_asp_ws/ws_px4_controls/install/px4_msgs/include/px4_msgs/px4_msgs/msg/detail/landing_gear_wheel__rosidl_typesupport_introspection_cpp.hpp\n'}
[1.073779] (px4_msgs) StdoutLine: {'line': b'-- Up-to-date: /home/jmj/pro_asp_ws/ws_px4_controls/install/px4_msgs/include/px4_msgs/px4_msgs/msg/detail/internal_combustion_engine_status__type_support.cpp\n'}
[1.073807] (px4_msgs) StdoutLine: {'line': b'-- Up-to-date: /home/jmj/pro_asp_ws/ws_px4_controls/install/px4_msgs/include/px4_msgs/px4_msgs/msg/detail/actuator_outputs__rosidl_typesupport_introspection_cpp.hpp\n'}
[1.073830] (px4_msgs) StdoutLine: {'line': b'-- Up-to-date: /home/jmj/pro_asp_ws/ws_px4_controls/install/px4_msgs/include/px4_msgs/px4_msgs/msg/detail/follow_target_estimator__rosidl_typesupport_introspection_cpp.hpp\n'}
[1.073863] (px4_msgs) StdoutLine: {'line': b'-- Up-to-date: /home/jmj/pro_asp_ws/ws_px4_controls/install/px4_msgs/include/px4_msgs/px4_msgs/msg/detail/telemetry_status__rosidl_typesupport_introspection_cpp.hpp\n'}
[1.073888] (px4_msgs) StdoutLine: {'line': b'-- Up-to-date: /home/jmj/pro_asp_ws/ws_px4_controls/install/px4_msgs/include/px4_msgs/px4_msgs/msg/detail/vehicle_global_position__rosidl_typesupport_introspection_cpp.hpp\n'}
[1.073911] (px4_msgs) StdoutLine: {'line': b'-- Up-to-date: /home/jmj/pro_asp_ws/ws_px4_controls/install/px4_msgs/include/px4_msgs/px4_msgs/msg/detail/manual_control_setpoint__rosidl_typesupport_introspection_cpp.hpp\n'}
[1.073935] (px4_msgs) StdoutLine: {'line': b'-- Up-to-date: /home/jmj/pro_asp_ws/ws_px4_controls/install/px4_msgs/include/px4_msgs/px4_msgs/msg/detail/follow_target__type_support.cpp\n'}
[1.073969] (px4_msgs) StdoutLine: {'line': b'-- Up-to-date: /home/jmj/pro_asp_ws/ws_px4_controls/install/px4_msgs/include/px4_msgs/px4_msgs/msg/detail/fixed_wing_lateral_guidance_status__rosidl_typesupport_introspection_cpp.hpp\n'}
[1.073994] (px4_msgs) StdoutLine: {'line': b'-- Up-to-date: /home/jmj/pro_asp_ws/ws_px4_controls/install/px4_msgs/include/px4_msgs/px4_msgs/msg/detail/actuator_armed__type_support.cpp\n'}
[1.074019] (px4_msgs) StdoutLine: {'line': b'-- Up-to-date: /home/jmj/pro_asp_ws/ws_px4_controls/install/px4_msgs/include/px4_msgs/px4_msgs/msg/detail/power_button_state__rosidl_typesupport_introspection_cpp.hpp\n'}
[1.074041] (px4_msgs) StdoutLine: {'line': b'-- Up-to-date: /home/jmj/pro_asp_ws/ws_px4_controls/install/px4_msgs/include/px4_msgs/px4_msgs/msg/detail/mag_worker_data__rosidl_typesupport_introspection_cpp.hpp\n'}
[1.074074] (px4_msgs) StdoutLine: {'line': b'-- Up-to-date: /home/jmj/pro_asp_ws/ws_px4_controls/install/px4_msgs/include/px4_msgs/px4_msgs/msg/detail/vtol_vehicle_status__type_support.cpp\n'}
[1.074097] (px4_msgs) StdoutLine: {'line': b'-- Up-to-date: /home/jmj/pro_asp_ws/ws_px4_controls/install/px4_msgs/include/px4_msgs/px4_msgs/msg/detail/sensor_mag__type_support.cpp\n'}
[1.074122] (px4_msgs) StdoutLine: {'line': b'-- Up-to-date: /home/jmj/pro_asp_ws/ws_px4_controls/install/px4_msgs/include/px4_msgs/px4_msgs/msg/detail/vehicle_attitude_setpoint__type_support.cpp\n'}
[1.074146] (px4_msgs) StdoutLine: {'line': b'-- Up-to-date: /home/jmj/pro_asp_ws/ws_px4_controls/install/px4_msgs/include/px4_msgs/px4_msgs/msg/detail/gimbal_device_attitude_status__rosidl_typesupport_introspection_cpp.hpp\n'}
[1.074172] (px4_msgs) StdoutLine: {'line': b'-- Up-to-date: /home/jmj/pro_asp_ws/ws_px4_controls/install/px4_msgs/include/px4_msgs/px4_msgs/msg/detail/power_monitor__rosidl_typesupport_introspection_cpp.hpp\n'}
[1.074198] (px4_msgs) StdoutLine: {'line': b'-- Up-to-date: /home/jmj/pro_asp_ws/ws_px4_controls/install/px4_msgs/include/px4_msgs/px4_msgs/msg/detail/gimbal_manager_information__type_support.cpp\n'}
[1.074226] (px4_msgs) StdoutLine: {'line': b'-- Up-to-date: /home/jmj/pro_asp_ws/ws_px4_controls/install/px4_msgs/include/px4_msgs/px4_msgs/msg/detail/vehicle_torque_setpoint__rosidl_typesupport_introspection_cpp.hpp\n'}
[1.074252] (px4_msgs) StdoutLine: {'line': b'-- Up-to-date: /home/jmj/pro_asp_ws/ws_px4_controls/install/px4_msgs/include/px4_msgs/px4_msgs/msg/detail/follow_target_estimator__type_support.cpp\n'}
[1.074278] (px4_msgs) StdoutLine: {'line': b'-- Up-to-date: /home/jmj/pro_asp_ws/ws_px4_controls/install/px4_msgs/include/px4_msgs/px4_msgs/msg/detail/gps_inject_data__type_support.cpp\n'}
[1.074304] (px4_msgs) StdoutLine: {'line': b'-- Up-to-date: /home/jmj/pro_asp_ws/ws_px4_controls/install/px4_msgs/include/px4_msgs/px4_msgs/msg/detail/parameter_set_used_request__rosidl_typesupport_introspection_cpp.hpp\n'}
[1.074333] (px4_msgs) StdoutLine: {'line': b'-- Up-to-date: /home/jmj/pro_asp_ws/ws_px4_controls/install/px4_msgs/include/px4_msgs/px4_msgs/msg/detail/mission_result__rosidl_typesupport_introspection_cpp.hpp\n'}
[1.074361] (px4_msgs) StdoutLine: {'line': b'-- Up-to-date: /home/jmj/pro_asp_ws/ws_px4_controls/install/px4_msgs/include/px4_msgs/px4_msgs/msg/detail/debug_key_value__rosidl_typesupport_introspection_cpp.hpp\n'}
[1.074386] (px4_msgs) StdoutLine: {'line': b'-- Up-to-date: /home/jmj/pro_asp_ws/ws_px4_controls/install/px4_msgs/include/px4_msgs/px4_msgs/msg/detail/vehicle_imu__rosidl_typesupport_introspection_cpp.hpp\n'}
[1.074411] (px4_msgs) StdoutLine: {'line': b'-- Up-to-date: /home/jmj/pro_asp_ws/ws_px4_controls/install/px4_msgs/include/px4_msgs/px4_msgs/msg/detail/position_controller_status__type_support.cpp\n'}
[1.074449] (px4_msgs) StdoutLine: {'line': b'-- Up-to-date: /home/jmj/pro_asp_ws/ws_px4_controls/install/px4_msgs/include/px4_msgs/px4_msgs/msg/detail/can_interface_status__rosidl_typesupport_introspection_cpp.hpp\n'}
[1.074496] (px4_msgs) StdoutLine: {'line': b'-- Up-to-date: /home/jmj/pro_asp_ws/ws_px4_controls/install/px4_msgs/include/px4_msgs/px4_msgs/msg/detail/qshell_retval__type_support.cpp\n'}
[1.074519] (px4_msgs) StdoutLine: {'line': b'-- Up-to-date: /home/jmj/pro_asp_ws/ws_px4_controls/install/px4_msgs/include/px4_msgs/px4_msgs/msg/detail/rtl_status__rosidl_typesupport_introspection_cpp.hpp\n'}
[1.074543] (px4_msgs) StdoutLine: {'line': b'-- Up-to-date: /home/jmj/pro_asp_ws/ws_px4_controls/install/px4_msgs/include/px4_msgs/px4_msgs/msg/detail/gimbal_manager_information__rosidl_typesupport_introspection_cpp.hpp\n'}
[1.074566] (px4_msgs) StdoutLine: {'line': b'-- Up-to-date: /home/jmj/pro_asp_ws/ws_px4_controls/install/px4_msgs/include/px4_msgs/px4_msgs/msg/detail/velocity_limits__rosidl_typesupport_introspection_cpp.hpp\n'}
[1.074591] (px4_msgs) StdoutLine: {'line': b'-- Up-to-date: /home/jmj/pro_asp_ws/ws_px4_controls/install/px4_msgs/include/px4_msgs/px4_msgs/msg/detail/vehicle_angular_velocity__type_support.cpp\n'}
[1.074616] (px4_msgs) StdoutLine: {'line': b'-- Up-to-date: /home/jmj/pro_asp_ws/ws_px4_controls/install/px4_msgs/include/px4_msgs/px4_msgs/msg/detail/px4io_status__type_support.cpp\n'}
[1.074641] (px4_msgs) StdoutLine: {'line': b'-- Up-to-date: /home/jmj/pro_asp_ws/ws_px4_controls/install/px4_msgs/include/px4_msgs/px4_msgs/msg/detail/arming_check_request__type_support.cpp\n'}
[1.074680] (px4_msgs) StdoutLine: {'line': b'-- Up-to-date: /home/jmj/pro_asp_ws/ws_px4_controls/install/px4_msgs/include/px4_msgs/px4_msgs/msg/detail/tune_control__type_support.cpp\n'}
[1.074705] (px4_msgs) StdoutLine: {'line': b'-- Up-to-date: /home/jmj/pro_asp_ws/ws_px4_controls/install/px4_msgs/include/px4_msgs/px4_msgs/msg/detail/ulog_stream__type_support.cpp\n'}
[1.074728] (px4_msgs) StdoutLine: {'line': b'-- Up-to-date: /home/jmj/pro_asp_ws/ws_px4_controls/install/px4_msgs/include/px4_msgs/px4_msgs/msg/detail/failsafe_flags__rosidl_typesupport_introspection_cpp.hpp\n'}
[1.074754] (px4_msgs) StdoutLine: {'line': b'-- Up-to-date: /home/jmj/pro_asp_ws/ws_px4_controls/install/px4_msgs/include/px4_msgs/px4_msgs/msg/detail/vehicle_command__type_support.cpp\n'}
[1.074776] (px4_msgs) StdoutLine: {'line': b'-- Up-to-date: /home/jmj/pro_asp_ws/ws_px4_controls/install/px4_msgs/include/px4_msgs/px4_msgs/msg/detail/ekf2_timestamps__type_support.cpp\n'}
[1.074800] (px4_msgs) StdoutLine: {'line': b'-- Up-to-date: /home/jmj/pro_asp_ws/ws_px4_controls/install/px4_msgs/include/px4_msgs/px4_msgs/msg/detail/airspeed__type_support.cpp\n'}
[1.074824] (px4_msgs) StdoutLine: {'line': b'-- Up-to-date: /home/jmj/pro_asp_ws/ws_px4_controls/install/px4_msgs/include/px4_msgs/px4_msgs/msg/detail/airspeed__rosidl_typesupport_introspection_cpp.hpp\n'}
[1.074846] (px4_msgs) StdoutLine: {'line': b'-- Up-to-date: /home/jmj/pro_asp_ws/ws_px4_controls/install/px4_msgs/include/px4_msgs/px4_msgs/msg/detail/gimbal_controls__type_support.cpp\n'}
[1.074872] (px4_msgs) StdoutLine: {'line': b'-- Up-to-date: /home/jmj/pro_asp_ws/ws_px4_controls/install/px4_msgs/include/px4_msgs/px4_msgs/msg/detail/log_message__type_support.cpp\n'}
[1.074895] (px4_msgs) StdoutLine: {'line': b'-- Up-to-date: /home/jmj/pro_asp_ws/ws_px4_controls/install/px4_msgs/include/px4_msgs/px4_msgs/msg/detail/sensor_preflight_mag__type_support.cpp\n'}
[1.074916] (px4_msgs) StdoutLine: {'line': b'-- Up-to-date: /home/jmj/pro_asp_ws/ws_px4_controls/install/px4_msgs/include/px4_msgs/px4_msgs/msg/detail/debug_array__rosidl_typesupport_introspection_cpp.hpp\n'}
[1.074938] (px4_msgs) StdoutLine: {'line': b'-- Up-to-date: /home/jmj/pro_asp_ws/ws_px4_controls/install/px4_msgs/include/px4_msgs/px4_msgs/msg/detail/debug_key_value__type_support.cpp\n'}
[1.074968] (px4_msgs) StdoutLine: {'line': b'-- Up-to-date: /home/jmj/pro_asp_ws/ws_px4_controls/install/px4_msgs/include/px4_msgs/px4_msgs/msg/detail/esc_status__rosidl_typesupport_introspection_cpp.hpp\n'}
[1.074995] (px4_msgs) StdoutLine: {'line': b'-- Up-to-date: /home/jmj/pro_asp_ws/ws_px4_controls/install/px4_msgs/include/px4_msgs/px4_msgs/msg/detail/lateral_control_configuration__rosidl_typesupport_introspection_cpp.hpp\n'}
[1.075027] (px4_msgs) StdoutLine: {'line': b'-- Up-to-date: /home/jmj/pro_asp_ws/ws_px4_controls/install/px4_msgs/include/px4_msgs/px4_msgs/msg/detail/collision_constraints__type_support.cpp\n'}
[1.075052] (px4_msgs) StdoutLine: {'line': b'-- Up-to-date: /home/jmj/pro_asp_ws/ws_px4_controls/install/px4_msgs/include/px4_msgs/px4_msgs/msg/detail/rover_rate_status__type_support.cpp\n'}
[1.075075] (px4_msgs) StdoutLine: {'line': b'-- Up-to-date: /home/jmj/pro_asp_ws/ws_px4_controls/install/px4_msgs/include/px4_msgs/px4_msgs/msg/detail/manual_control_switches__rosidl_typesupport_introspection_cpp.hpp\n'}
[1.075110] (px4_msgs) StdoutLine: {'line': b'-- Up-to-date: /home/jmj/pro_asp_ws/ws_px4_controls/install/px4_msgs/include/px4_msgs/px4_msgs/msg/detail/rate_ctrl_status__rosidl_typesupport_introspection_cpp.hpp\n'}
[1.075134] (px4_msgs) StdoutLine: {'line': b'-- Up-to-date: /home/jmj/pro_asp_ws/ws_px4_controls/install/px4_msgs/include/px4_msgs/px4_msgs/msg/detail/home_position__type_support.cpp\n'}
[1.075157] (px4_msgs) StdoutLine: {'line': b'-- Up-to-date: /home/jmj/pro_asp_ws/ws_px4_controls/install/px4_msgs/include/px4_msgs/px4_msgs/msg/detail/gimbal_device_set_attitude__type_support.cpp\n'}
[1.075183] (px4_msgs) StdoutLine: {'line': b'-- Up-to-date: /home/jmj/pro_asp_ws/ws_px4_controls/install/px4_msgs/include/px4_msgs/px4_msgs/msg/detail/mission_result__type_support.cpp\n'}
[1.075211] (px4_msgs) StdoutLine: {'line': b'-- Up-to-date: /home/jmj/pro_asp_ws/ws_px4_controls/install/px4_msgs/include/px4_msgs/px4_msgs/msg/detail/radio_status__rosidl_typesupport_introspection_cpp.hpp\n'}
[1.075236] (px4_msgs) StdoutLine: {'line': b'-- Up-to-date: /home/jmj/pro_asp_ws/ws_px4_controls/install/px4_msgs/include/px4_msgs/px4_msgs/msg/detail/onboard_computer_status__type_support.cpp\n'}
[1.075261] (px4_msgs) StdoutLine: {'line': b'-- Up-to-date: /home/jmj/pro_asp_ws/ws_px4_controls/install/px4_msgs/include/px4_msgs/px4_msgs/msg/detail/gps_inject_data__rosidl_typesupport_introspection_cpp.hpp\n'}
[1.075284] (px4_msgs) StdoutLine: {'line': b'-- Up-to-date: /home/jmj/pro_asp_ws/ws_px4_controls/install/px4_msgs/include/px4_msgs/px4_msgs/msg/detail/rover_attitude_setpoint__type_support.cpp\n'}
[1.075306] (px4_msgs) StdoutLine: {'line': b'-- Up-to-date: /home/jmj/pro_asp_ws/ws_px4_controls/install/px4_msgs/include/px4_msgs/px4_msgs/msg/detail/position_setpoint_triplet__type_support.cpp\n'}
[1.075330] (px4_msgs) StdoutLine: {'line': b'-- Up-to-date: /home/jmj/pro_asp_ws/ws_px4_controls/install/px4_msgs/include/px4_msgs/px4_msgs/msg/detail/gps_dump__type_support.cpp\n'}
[1.075355] (px4_msgs) StdoutLine: {'line': b'-- Up-to-date: /home/jmj/pro_asp_ws/ws_px4_controls/install/px4_msgs/include/px4_msgs/px4_msgs/msg/detail/vehicle_global_position__type_support.cpp\n'}
[1.075381] (px4_msgs) StdoutLine: {'line': b'-- Up-to-date: /home/jmj/pro_asp_ws/ws_px4_controls/install/px4_msgs/include/px4_msgs/px4_msgs/msg/detail/system_power__type_support.cpp\n'}
[1.075406] (px4_msgs) StdoutLine: {'line': b'-- Up-to-date: /home/jmj/pro_asp_ws/ws_px4_controls/install/px4_msgs/include/px4_msgs/px4_msgs/msg/detail/landing_target_pose__type_support.cpp\n'}
[1.075430] (px4_msgs) StdoutLine: {'line': b'-- Up-to-date: /home/jmj/pro_asp_ws/ws_px4_controls/install/px4_msgs/include/px4_msgs/px4_msgs/msg/detail/manual_control_switches__type_support.cpp\n'}
[1.075468] (px4_msgs) StdoutLine: {'line': b'-- Up-to-date: /home/jmj/pro_asp_ws/ws_px4_controls/install/px4_msgs/include/px4_msgs/px4_msgs/msg/detail/logger_status__type_support.cpp\n'}
[1.075499] (px4_msgs) StdoutLine: {'line': b'-- Up-to-date: /home/jmj/pro_asp_ws/ws_px4_controls/install/px4_msgs/include/px4_msgs/px4_msgs/msg/detail/fixed_wing_longitudinal_setpoint__type_support.cpp\n'}
[1.075528] (px4_msgs) StdoutLine: {'line': b'-- Up-to-date: /home/jmj/pro_asp_ws/ws_px4_controls/install/px4_msgs/include/px4_msgs/px4_msgs/msg/detail/sensors_status__rosidl_typesupport_introspection_cpp.hpp\n'}
[1.075556] (px4_msgs) StdoutLine: {'line': b'-- Up-to-date: /home/jmj/pro_asp_ws/ws_px4_controls/install/px4_msgs/include/px4_msgs/px4_msgs/msg/detail/landing_target_innovations__type_support.cpp\n'}
[1.075584] (px4_msgs) StdoutLine: {'line': b'-- Up-to-date: /home/jmj/pro_asp_ws/ws_px4_controls/install/px4_msgs/include/px4_msgs/px4_msgs/msg/detail/rover_velocity_status__rosidl_typesupport_introspection_cpp.hpp\n'}
[1.075611] (px4_msgs) StdoutLine: {'line': b'-- Up-to-date: /home/jmj/pro_asp_ws/ws_px4_controls/install/px4_msgs/include/px4_msgs/px4_msgs/msg/detail/estimator_aid_source3d__rosidl_typesupport_introspection_cpp.hpp\n'}
[1.075637] (px4_msgs) StdoutLine: {'line': b'-- Up-to-date: /home/jmj/pro_asp_ws/ws_px4_controls/install/px4_msgs/include/px4_msgs/px4_msgs/msg/detail/sensor_correction__type_support.cpp\n'}
[1.075664] (px4_msgs) StdoutLine: {'line': b'-- Up-to-date: /home/jmj/pro_asp_ws/ws_px4_controls/install/px4_msgs/include/px4_msgs/px4_msgs/msg/detail/mavlink_tunnel__type_support.cpp\n'}
[1.075688] (px4_msgs) StdoutLine: {'line': b'-- Up-to-date: /home/jmj/pro_asp_ws/ws_px4_controls/install/px4_msgs/include/px4_msgs/px4_msgs/msg/detail/ping__rosidl_typesupport_introspection_cpp.hpp\n'}
[1.075714] (px4_msgs) StdoutLine: {'line': b'-- Up-to-date: /home/jmj/pro_asp_ws/ws_px4_controls/install/px4_msgs/include/px4_msgs/px4_msgs/msg/detail/arming_check_request__rosidl_typesupport_introspection_cpp.hpp\n'}
[1.075778] (px4_msgs) StdoutLine: {'line': b'-- Up-to-date: /home/jmj/pro_asp_ws/ws_px4_controls/install/px4_msgs/include/px4_msgs/px4_msgs/msg/detail/vehicle_rates_setpoint__rosidl_typesupport_introspection_cpp.hpp\n'}
[1.075804] (px4_msgs) StdoutLine: {'line': b'-- Up-to-date: /home/jmj/pro_asp_ws/ws_px4_controls/install/px4_msgs/include/px4_msgs/px4_msgs/msg/detail/esc_report__rosidl_typesupport_introspection_cpp.hpp\n'}
[1.075846] (px4_msgs) StdoutLine: {'line': b'-- Up-to-date: /home/jmj/pro_asp_ws/ws_px4_controls/install/px4_msgs/include/px4_msgs/px4_msgs/msg/detail/rover_position_setpoint__rosidl_typesupport_introspection_cpp.hpp\n'}
[1.075871] (px4_msgs) StdoutLine: {'line': b'-- Up-to-date: /home/jmj/pro_asp_ws/ws_px4_controls/install/px4_msgs/include/px4_msgs/px4_msgs/msg/detail/estimator_bias__rosidl_typesupport_introspection_cpp.hpp\n'}
[1.075893] (px4_msgs) StdoutLine: {'line': b'-- Up-to-date: /home/jmj/pro_asp_ws/ws_px4_controls/install/px4_msgs/include/px4_msgs/px4_msgs/msg/detail/sensor_airflow__rosidl_typesupport_introspection_cpp.hpp\n'}
[1.075916] (px4_msgs) StdoutLine: {'line': b'-- Up-to-date: /home/jmj/pro_asp_ws/ws_px4_controls/install/px4_msgs/include/px4_msgs/px4_msgs/msg/detail/health_report__rosidl_typesupport_introspection_cpp.hpp\n'}
[1.075955] (px4_msgs) StdoutLine: {'line': b'-- Up-to-date: /home/jmj/pro_asp_ws/ws_px4_controls/install/px4_msgs/include/px4_msgs/px4_msgs/msg/detail/event__rosidl_typesupport_introspection_cpp.hpp\n'}
[1.075979] (px4_msgs) StdoutLine: {'line': b'-- Up-to-date: /home/jmj/pro_asp_ws/ws_px4_controls/install/px4_msgs/include/px4_msgs/px4_msgs/msg/detail/orb_test_large__rosidl_typesupport_introspection_cpp.hpp\n'}
[1.076004] (px4_msgs) StdoutLine: {'line': b'-- Up-to-date: /home/jmj/pro_asp_ws/ws_px4_controls/install/px4_msgs/include/px4_msgs/px4_msgs/msg/detail/estimator_gps_status__rosidl_typesupport_introspection_cpp.hpp\n'}
[1.076027] (px4_msgs) StdoutLine: {'line': b'-- Up-to-date: /home/jmj/pro_asp_ws/ws_px4_controls/install/px4_msgs/include/px4_msgs/px4_msgs/msg/detail/rover_position_setpoint__type_support.cpp\n'}
[1.076055] (px4_msgs) StdoutLine: {'line': b'-- Up-to-date: /home/jmj/pro_asp_ws/ws_px4_controls/install/px4_msgs/include/px4_msgs/px4_msgs/msg/detail/px4io_status__rosidl_typesupport_introspection_cpp.hpp\n'}
[1.076083] (px4_msgs) StdoutLine: {'line': b'-- Up-to-date: /home/jmj/pro_asp_ws/ws_px4_controls/install/px4_msgs/include/px4_msgs/px4_msgs/msg/detail/gimbal_manager_status__rosidl_typesupport_introspection_cpp.hpp\n'}
[1.076107] (px4_msgs) StdoutLine: {'line': b'-- Up-to-date: /home/jmj/pro_asp_ws/ws_px4_controls/install/px4_msgs/include/px4_msgs/px4_msgs/msg/detail/sensor_gyro__type_support.cpp\n'}
[1.076132] (px4_msgs) StdoutLine: {'line': b'-- Up-to-date: /home/jmj/pro_asp_ws/ws_px4_controls/install/px4_msgs/include/px4_msgs/px4_msgs/msg/detail/obstacle_distance__type_support.cpp\n'}
[1.076156] (px4_msgs) StdoutLine: {'line': b'-- Up-to-date: /home/jmj/pro_asp_ws/ws_px4_controls/install/px4_msgs/include/px4_msgs/px4_msgs/msg/detail/irlock_report__rosidl_typesupport_introspection_cpp.hpp\n'}
[1.076182] (px4_msgs) StdoutLine: {'line': b'-- Up-to-date: /home/jmj/pro_asp_ws/ws_px4_controls/install/px4_msgs/include/px4_msgs/px4_msgs/msg/detail/estimator_aid_source2d__rosidl_typesupport_introspection_cpp.hpp\n'}
[1.076207] (px4_msgs) StdoutLine: {'line': b'-- Up-to-date: /home/jmj/pro_asp_ws/ws_px4_controls/install/px4_msgs/include/px4_msgs/px4_msgs/msg/detail/geofence_result__type_support.cpp\n'}
[1.076234] (px4_msgs) StdoutLine: {'line': b'-- Up-to-date: /home/jmj/pro_asp_ws/ws_px4_controls/install/px4_msgs/include/px4_msgs/px4_msgs/msg/detail/vehicle_air_data__type_support.cpp\n'}
[1.076260] (px4_msgs) StdoutLine: {'line': b'-- Up-to-date: /home/jmj/pro_asp_ws/ws_px4_controls/install/px4_msgs/include/px4_msgs/px4_msgs/msg/detail/gimbal_manager_set_attitude__type_support.cpp\n'}
[1.076286] (px4_msgs) StdoutLine: {'line': b'-- Up-to-date: /home/jmj/pro_asp_ws/ws_px4_controls/install/px4_msgs/include/px4_msgs/px4_msgs/msg/detail/actuator_outputs__type_support.cpp\n'}
[1.076332] (px4_msgs) StdoutLine: {'line': b'-- Up-to-date: /home/jmj/pro_asp_ws/ws_px4_controls/install/px4_msgs/include/px4_msgs/px4_msgs/msg/detail/rpm__rosidl_typesupport_introspection_cpp.hpp\n'}
[1.076355] (px4_msgs) StdoutLine: {'line': b'-- Up-to-date: /home/jmj/pro_asp_ws/ws_px4_controls/install/px4_msgs/include/px4_msgs/px4_msgs/msg/detail/sensor_gyro_fifo__rosidl_typesupport_introspection_cpp.hpp\n'}
[1.076379] (px4_msgs) StdoutLine: {'line': b'-- Up-to-date: /home/jmj/pro_asp_ws/ws_px4_controls/install/px4_msgs/include/px4_msgs/px4_msgs/msg/detail/rover_attitude_status__rosidl_typesupport_introspection_cpp.hpp\n'}
[1.076402] (px4_msgs) StdoutLine: {'line': b'-- Up-to-date: /home/jmj/pro_asp_ws/ws_px4_controls/install/px4_msgs/include/px4_msgs/px4_msgs/msg/detail/heater_status__type_support.cpp\n'}
[1.076426] (px4_msgs) StdoutLine: {'line': b'-- Up-to-date: /home/jmj/pro_asp_ws/ws_px4_controls/install/px4_msgs/include/px4_msgs/px4_msgs/msg/detail/follow_target_status__type_support.cpp\n'}
[1.076449] (px4_msgs) StdoutLine: {'line': b'-- Up-to-date: /home/jmj/pro_asp_ws/ws_px4_controls/install/px4_msgs/include/px4_msgs/px4_msgs/msg/detail/autotune_attitude_control_status__type_support.cpp\n'}
[1.076474] (px4_msgs) StdoutLine: {'line': b'-- Up-to-date: /home/jmj/pro_asp_ws/ws_px4_controls/install/px4_msgs/include/px4_msgs/px4_msgs/msg/detail/vehicle_optical_flow_vel__type_support.cpp\n'}
[1.076499] (px4_msgs) StdoutLine: {'line': b'-- Up-to-date: /home/jmj/pro_asp_ws/ws_px4_controls/install/px4_msgs/include/px4_msgs/px4_msgs/msg/detail/open_drone_id_operator_id__rosidl_typesupport_introspection_cpp.hpp\n'}
[1.076537] (px4_msgs) StdoutLine: {'line': b'-- Up-to-date: /home/jmj/pro_asp_ws/ws_px4_controls/install/px4_msgs/include/px4_msgs/px4_msgs/msg/detail/failsafe_flags__type_support.cpp\n'}
[1.076575] (px4_msgs) StdoutLine: {'line': b'-- Up-to-date: /home/jmj/pro_asp_ws/ws_px4_controls/install/px4_msgs/include/px4_msgs/px4_msgs/msg/detail/vehicle_imu_status__rosidl_typesupport_introspection_cpp.hpp\n'}
[1.076616] (px4_msgs) StdoutLine: {'line': b'-- Up-to-date: /home/jmj/pro_asp_ws/ws_px4_controls/install/px4_msgs/include/px4_msgs/px4_msgs/msg/detail/parameter_update__rosidl_typesupport_introspection_cpp.hpp\n'}
[1.076646] (px4_msgs) StdoutLine: {'line': b'-- Up-to-date: /home/jmj/pro_asp_ws/ws_px4_controls/install/px4_msgs/include/px4_msgs/px4_msgs/msg/detail/iridiumsbd_status__type_support.cpp\n'}
[1.076673] (px4_msgs) StdoutLine: {'line': b'-- Up-to-date: /home/jmj/pro_asp_ws/ws_px4_controls/install/px4_msgs/include/px4_msgs/px4_msgs/msg/detail/sensor_airflow__type_support.cpp\n'}
[1.076740] (px4_msgs) StdoutLine: {'line': b'-- Up-to-date: /home/jmj/pro_asp_ws/ws_px4_controls/install/px4_msgs/include/px4_msgs/px4_msgs/msg/detail/pps_capture__rosidl_typesupport_introspection_cpp.hpp\n'}
[1.076769] (px4_msgs) StdoutLine: {'line': b'-- Up-to-date: /home/jmj/pro_asp_ws/ws_px4_controls/install/px4_msgs/include/px4_msgs/px4_msgs/msg/detail/rover_steering_setpoint__type_support.cpp\n'}
[1.076794] (px4_msgs) StdoutLine: {'line': b'-- Up-to-date: /home/jmj/pro_asp_ws/ws_px4_controls/install/px4_msgs/include/px4_msgs/px4_msgs/msg/detail/unregister_ext_component__type_support.cpp\n'}
[1.076827] (px4_msgs) StdoutLine: {'line': b'-- Up-to-date: /home/jmj/pro_asp_ws/ws_px4_controls/install/px4_msgs/include/px4_msgs/px4_msgs/msg/detail/ping__type_support.cpp\n'}
[1.076862] (px4_msgs) StdoutLine: {'line': b'-- Up-to-date: /home/jmj/pro_asp_ws/ws_px4_controls/install/px4_msgs/include/px4_msgs/px4_msgs/msg/detail/yaw_estimator_status__type_support.cpp\n'}
[1.076893] (px4_msgs) StdoutLine: {'line': b'-- Up-to-date: /home/jmj/pro_asp_ws/ws_px4_controls/install/px4_msgs/include/px4_msgs/px4_msgs/msg/detail/sensor_hygrometer__type_support.cpp\n'}
[1.076926] (px4_msgs) StdoutLine: {'line': b'-- Up-to-date: /home/jmj/pro_asp_ws/ws_px4_controls/install/px4_msgs/include/px4_msgs/px4_msgs/msg/detail/message_format_response__rosidl_typesupport_introspection_cpp.hpp\n'}
[1.076966] (px4_msgs) StdoutLine: {'line': b'-- Up-to-date: /home/jmj/pro_asp_ws/ws_px4_controls/install/px4_msgs/include/px4_msgs/px4_msgs/msg/detail/irlock_report__type_support.cpp\n'}
[1.077007] (px4_msgs) StdoutLine: {'line': b'-- Up-to-date: /home/jmj/pro_asp_ws/ws_px4_controls/install/px4_msgs/include/px4_msgs/px4_msgs/msg/detail/landing_gear__rosidl_typesupport_introspection_cpp.hpp\n'}
[1.077042] (px4_msgs) StdoutLine: {'line': b'-- Up-to-date: /home/jmj/pro_asp_ws/ws_px4_controls/install/px4_msgs/include/px4_msgs/px4_msgs/msg/detail/cpuload__type_support.cpp\n'}
[1.077083] (px4_msgs) StdoutLine: {'line': b'-- Up-to-date: /home/jmj/pro_asp_ws/ws_px4_controls/install/px4_msgs/include/px4_msgs/px4_msgs/msg/detail/navigator_mission_item__rosidl_typesupport_introspection_cpp.hpp\n'}
[1.077110] (px4_msgs) StdoutLine: {'line': b'-- Up-to-date: /home/jmj/pro_asp_ws/ws_px4_controls/install/px4_msgs/include/px4_msgs/px4_msgs/msg/detail/actuator_controls_status__type_support.cpp\n'}
[1.077191] (px4_msgs) StdoutLine: {'line': b'-- Up-to-date: /home/jmj/pro_asp_ws/ws_px4_controls/install/px4_msgs/include/px4_msgs/px4_msgs/msg/detail/trajectory_setpoint__type_support.cpp\n'}
[1.077216] (px4_msgs) StdoutLine: {'line': b'-- Up-to-date: /home/jmj/pro_asp_ws/ws_px4_controls/install/px4_msgs/include/px4_msgs/px4_msgs/msg/detail/arming_check_reply__rosidl_typesupport_introspection_cpp.hpp\n'}
[1.077238] (px4_msgs) StdoutLine: {'line': b'-- Up-to-date: /home/jmj/pro_asp_ws/ws_px4_controls/install/px4_msgs/include/px4_msgs/px4_msgs/msg/detail/input_rc__rosidl_typesupport_introspection_cpp.hpp\n'}
[1.077261] (px4_msgs) StdoutLine: {'line': b'-- Up-to-date: /home/jmj/pro_asp_ws/ws_px4_controls/install/px4_msgs/include/px4_msgs/px4_msgs/msg/detail/tecs_status__type_support.cpp\n'}
[1.077282] (px4_msgs) StdoutLine: {'line': b'-- Up-to-date: /home/jmj/pro_asp_ws/ws_px4_controls/install/px4_msgs/include/px4_msgs/px4_msgs/msg/detail/sensor_gnss_relative__rosidl_typesupport_introspection_cpp.hpp\n'}
[1.077304] (px4_msgs) StdoutLine: {'line': b'-- Up-to-date: /home/jmj/pro_asp_ws/ws_px4_controls/install/px4_msgs/include/px4_msgs/px4_msgs/msg/detail/takeoff_status__type_support.cpp\n'}
[1.077353] (px4_msgs) StdoutLine: {'line': b'-- Up-to-date: /home/jmj/pro_asp_ws/ws_px4_controls/install/px4_msgs/include/px4_msgs/px4_msgs/msg/detail/uavcan_parameter_value__type_support.cpp\n'}
[1.077379] (px4_msgs) StdoutLine: {'line': b'-- Up-to-date: /home/jmj/pro_asp_ws/ws_px4_controls/install/px4_msgs/include/px4_msgs/px4_msgs/msg/detail/generator_status__rosidl_typesupport_introspection_cpp.hpp\n'}
[1.077400] (px4_msgs) StdoutLine: {'line': b'-- Up-to-date: /home/jmj/pro_asp_ws/ws_px4_controls/install/px4_msgs/include/px4_msgs/px4_msgs/msg/detail/goto_setpoint__type_support.cpp\n'}
[1.077422] (px4_msgs) StdoutLine: {'line': b'-- Up-to-date: /home/jmj/pro_asp_ws/ws_px4_controls/install/px4_msgs/include/px4_msgs/px4_msgs/msg/detail/vehicle_optical_flow_vel__rosidl_typesupport_introspection_cpp.hpp\n'}
[1.077448] (px4_msgs) StdoutLine: {'line': b'-- Up-to-date: /home/jmj/pro_asp_ws/ws_px4_controls/install/px4_msgs/include/px4_msgs/px4_msgs/msg/detail/vehicle_imu__type_support.cpp\n'}
[1.077484] (px4_msgs) StdoutLine: {'line': b'-- Up-to-date: /home/jmj/pro_asp_ws/ws_px4_controls/install/px4_msgs/include/px4_msgs/px4_msgs/msg/detail/estimator_innovations__rosidl_typesupport_introspection_cpp.hpp\n'}
[1.077517] (px4_msgs) StdoutLine: {'line': b'-- Up-to-date: /home/jmj/pro_asp_ws/ws_px4_controls/install/px4_msgs/include/px4_msgs/px4_msgs/msg/detail/sensors_status_imu__type_support.cpp\n'}
[1.077549] (px4_msgs) StdoutLine: {'line': b'-- Up-to-date: /home/jmj/pro_asp_ws/ws_px4_controls/install/px4_msgs/include/px4_msgs/px4_msgs/msg/detail/pwm_input__rosidl_typesupport_introspection_cpp.hpp\n'}
[1.077588] (px4_msgs) StdoutLine: {'line': b'-- Up-to-date: /home/jmj/pro_asp_ws/ws_px4_controls/install/px4_msgs/include/px4_msgs/px4_msgs/msg/detail/navigator_status__type_support.cpp\n'}
[1.077616] (px4_msgs) StdoutLine: {'line': b'-- Up-to-date: /home/jmj/pro_asp_ws/ws_px4_controls/install/px4_msgs/include/px4_msgs/px4_msgs/msg/detail/trajectory_setpoint6dof__type_support.cpp\n'}
[1.077639] (px4_msgs) StdoutLine: {'line': b'-- Up-to-date: /home/jmj/pro_asp_ws/ws_px4_controls/install/px4_msgs/include/px4_msgs/px4_msgs/msg/detail/follow_target_status__rosidl_typesupport_introspection_cpp.hpp\n'}
[1.077663] (px4_msgs) StdoutLine: {'line': b'-- Up-to-date: /home/jmj/pro_asp_ws/ws_px4_controls/install/px4_msgs/include/px4_msgs/px4_msgs/msg/detail/uavcan_parameter_request__rosidl_typesupport_introspection_cpp.hpp\n'}
[1.077691] (px4_msgs) StdoutLine: {'line': b'-- Up-to-date: /home/jmj/pro_asp_ws/ws_px4_controls/install/px4_msgs/include/px4_msgs/px4_msgs/msg/detail/button_event__type_support.cpp\n'}
[1.077719] (px4_msgs) StdoutLine: {'line': b'-- Up-to-date: /home/jmj/pro_asp_ws/ws_px4_controls/install/px4_msgs/include/px4_msgs/px4_msgs/msg/detail/power_button_state__type_support.cpp\n'}
[1.077747] (px4_msgs) StdoutLine: {'line': b'-- Up-to-date: /home/jmj/pro_asp_ws/ws_px4_controls/install/px4_msgs/include/px4_msgs/px4_msgs/msg/detail/sensor_selection__type_support.cpp\n'}
[1.077774] (px4_msgs) StdoutLine: {'line': b'-- Up-to-date: /home/jmj/pro_asp_ws/ws_px4_controls/install/px4_msgs/include/px4_msgs/px4_msgs/msg/detail/geofence_status__rosidl_typesupport_introspection_cpp.hpp\n'}
[1.077802] (px4_msgs) StdoutLine: {'line': b'-- Up-to-date: /home/jmj/pro_asp_ws/ws_px4_controls/install/px4_msgs/include/px4_msgs/px4_msgs/msg/detail/rover_throttle_setpoint__type_support.cpp\n'}
[1.077824] (px4_msgs) StdoutLine: {'line': b'-- Up-to-date: /home/jmj/pro_asp_ws/ws_px4_controls/install/px4_msgs/include/px4_msgs/px4_msgs/msg/detail/normalized_unsigned_setpoint__rosidl_typesupport_introspection_cpp.hpp\n'}
[1.077858] (px4_msgs) StdoutLine: {'line': b'-- Up-to-date: /home/jmj/pro_asp_ws/ws_px4_controls/install/px4_msgs/include/px4_msgs/px4_msgs/msg/detail/wind__type_support.cpp\n'}
[1.077892] (px4_msgs) StdoutLine: {'line': b'-- Up-to-date: /home/jmj/pro_asp_ws/ws_px4_controls/install/px4_msgs/include/px4_msgs/px4_msgs/msg/detail/sensor_gps__rosidl_typesupport_introspection_cpp.hpp\n'}
[1.077925] (px4_msgs) StdoutLine: {'line': b'-- Up-to-date: /home/jmj/pro_asp_ws/ws_px4_controls/install/px4_msgs/include/px4_msgs/px4_msgs/msg/detail/action_request__type_support.cpp\n'}
[1.077961] (px4_msgs) StdoutLine: {'line': b'-- Up-to-date: /home/jmj/pro_asp_ws/ws_px4_controls/install/px4_msgs/include/px4_msgs/px4_msgs/msg/detail/gpio_out__rosidl_typesupport_introspection_cpp.hpp\n'}
[1.077993] (px4_msgs) StdoutLine: {'line': b'-- Up-to-date: /home/jmj/pro_asp_ws/ws_px4_controls/install/px4_msgs/include/px4_msgs/px4_msgs/msg/detail/cpuload__rosidl_typesupport_introspection_cpp.hpp\n'}
[1.078028] (px4_msgs) StdoutLine: {'line': b'-- Up-to-date: /home/jmj/pro_asp_ws/ws_px4_controls/install/px4_msgs/include/px4_msgs/px4_msgs/msg/detail/open_drone_id_arm_status__type_support.cpp\n'}
[1.078055] (px4_msgs) StdoutLine: {'line': b'-- Up-to-date: /home/jmj/pro_asp_ws/ws_px4_controls/install/px4_msgs/include/px4_msgs/px4_msgs/msg/detail/distance_sensor__rosidl_typesupport_introspection_cpp.hpp\n'}
[1.078086] (px4_msgs) StdoutLine: {'line': b'-- Up-to-date: /home/jmj/pro_asp_ws/ws_px4_controls/install/px4_msgs/include/px4_msgs/px4_msgs/msg/detail/hover_thrust_estimate__rosidl_typesupport_introspection_cpp.hpp\n'}
[1.078113] (px4_msgs) StdoutLine: {'line': b'-- Up-to-date: /home/jmj/pro_asp_ws/ws_px4_controls/install/px4_msgs/include/px4_msgs/px4_msgs/msg/detail/actuator_motors__rosidl_typesupport_introspection_cpp.hpp\n'}
[1.078139] (px4_msgs) StdoutLine: {'line': b'-- Up-to-date: /home/jmj/pro_asp_ws/ws_px4_controls/install/px4_msgs/include/px4_msgs/px4_msgs/msg/detail/dataman_request__rosidl_typesupport_introspection_cpp.hpp\n'}
[1.078170] (px4_msgs) StdoutLine: {'line': b'-- Up-to-date: /home/jmj/pro_asp_ws/ws_px4_controls/install/px4_msgs/include/px4_msgs/px4_msgs/msg/detail/vtol_vehicle_status__rosidl_typesupport_introspection_cpp.hpp\n'}
[1.078203] (px4_msgs) StdoutLine: {'line': b'-- Up-to-date: /home/jmj/pro_asp_ws/ws_px4_controls/install/px4_msgs/include/px4_msgs/px4_msgs/msg/detail/parameter_set_value_response__rosidl_typesupport_introspection_cpp.hpp\n'}
[1.078239] (px4_msgs) StdoutLine: {'line': b'-- Up-to-date: /home/jmj/pro_asp_ws/ws_px4_controls/install/px4_msgs/include/px4_msgs/px4_msgs/msg/detail/gimbal_device_attitude_status__type_support.cpp\n'}
[1.078272] (px4_msgs) StdoutLine: {'line': b'-- Up-to-date: /home/jmj/pro_asp_ws/ws_px4_controls/install/px4_msgs/include/px4_msgs/px4_msgs/msg/detail/rover_steering_setpoint__rosidl_typesupport_introspection_cpp.hpp\n'}
[1.078298] (px4_msgs) StdoutLine: {'line': b'-- Up-to-date: /home/jmj/pro_asp_ws/ws_px4_controls/install/px4_msgs/include/px4_msgs/px4_msgs/msg/detail/vehicle_local_position_setpoint__rosidl_typesupport_introspection_cpp.hpp\n'}
[1.078323] (px4_msgs) StdoutLine: {'line': b'-- Up-to-date: /home/jmj/pro_asp_ws/ws_px4_controls/install/px4_msgs/include/px4_msgs/px4_msgs/msg/detail/rover_attitude_status__type_support.cpp\n'}
[1.078347] (px4_msgs) StdoutLine: {'line': b'-- Up-to-date: /home/jmj/pro_asp_ws/ws_px4_controls/install/px4_msgs/include/px4_msgs/px4_msgs/msg/detail/orb_test__type_support.cpp\n'}
[1.078391] (px4_msgs) StdoutLine: {'line': b'-- Up-to-date: /home/jmj/pro_asp_ws/ws_px4_controls/install/px4_msgs/include/px4_msgs/px4_msgs/msg/detail/estimator_bias__type_support.cpp\n'}
[1.078427] (px4_msgs) StdoutLine: {'line': b'-- Up-to-date: /home/jmj/pro_asp_ws/ws_px4_controls/install/px4_msgs/include/px4_msgs/px4_msgs/msg/detail/iridiumsbd_status__rosidl_typesupport_introspection_cpp.hpp\n'}
[1.078459] (px4_msgs) StdoutLine: {'line': b'-- Up-to-date: /home/jmj/pro_asp_ws/ws_px4_controls/install/px4_msgs/include/px4_msgs/px4_msgs/msg/detail/sensors_status_imu__rosidl_typesupport_introspection_cpp.hpp\n'}
[1.078495] (px4_msgs) StdoutLine: {'line': b'-- Up-to-date: /home/jmj/pro_asp_ws/ws_px4_controls/install/px4_msgs/include/px4_msgs/px4_msgs/msg/detail/gpio_config__type_support.cpp\n'}
[1.078536] (px4_msgs) StdoutLine: {'line': b'-- Up-to-date: /home/jmj/pro_asp_ws/ws_px4_controls/install/px4_msgs/include/px4_msgs/px4_msgs/msg/detail/rtl_time_estimate__type_support.cpp\n'}
[1.078570] (px4_msgs) StdoutLine: {'line': b'-- Up-to-date: /home/jmj/pro_asp_ws/ws_px4_controls/install/px4_msgs/include/px4_msgs/px4_msgs/msg/detail/estimator_selector_status__type_support.cpp\n'}
[1.078609] (px4_msgs) StdoutLine: {'line': b'-- Up-to-date: /home/jmj/pro_asp_ws/ws_px4_controls/install/px4_msgs/include/px4_msgs/px4_msgs/msg/detail/uavcan_parameter_request__type_support.cpp\n'}
[1.078646] (px4_msgs) StdoutLine: {'line': b'-- Up-to-date: /home/jmj/pro_asp_ws/ws_px4_controls/install/px4_msgs/include/px4_msgs/px4_msgs/msg/detail/takeoff_status__rosidl_typesupport_introspection_cpp.hpp\n'}
[1.078685] (px4_msgs) StdoutLine: {'line': b'-- Up-to-date: /home/jmj/pro_asp_ws/ws_px4_controls/install/px4_msgs/include/px4_msgs/px4_msgs/msg/detail/collision_constraints__rosidl_typesupport_introspection_cpp.hpp\n'}
[1.078754] (px4_msgs) StdoutLine: {'line': b'-- Up-to-date: /home/jmj/pro_asp_ws/ws_px4_controls/install/px4_msgs/include/px4_msgs/px4_msgs/msg/detail/sensor_mag__rosidl_typesupport_introspection_cpp.hpp\n'}
[1.078791] (px4_msgs) StdoutLine: {'line': b'-- Up-to-date: /home/jmj/pro_asp_ws/ws_px4_controls/install/px4_msgs/include/px4_msgs/px4_msgs/msg/detail/follow_target__rosidl_typesupport_introspection_cpp.hpp\n'}
[1.078816] (px4_msgs) StdoutLine: {'line': b'-- Up-to-date: /home/jmj/pro_asp_ws/ws_px4_controls/install/px4_msgs/include/px4_msgs/px4_msgs/msg/detail/distance_sensor_mode_change_request__rosidl_typesupport_introspection_cpp.hpp\n'}
[1.078838] (px4_msgs) StdoutLine: {'line': b'-- Up-to-date: /home/jmj/pro_asp_ws/ws_px4_controls/install/px4_msgs/include/px4_msgs/px4_msgs/msg/detail/esc_report__type_support.cpp\n'}
[1.078859] (px4_msgs) StdoutLine: {'line': b'-- Up-to-date: /home/jmj/pro_asp_ws/ws_px4_controls/install/px4_msgs/include/px4_msgs/px4_msgs/msg/detail/differential_pressure__type_support.cpp\n'}
[1.078917] (px4_msgs) StdoutLine: {'line': b'-- Up-to-date: /home/jmj/pro_asp_ws/ws_px4_controls/install/px4_msgs/include/px4_msgs/px4_msgs/msg/detail/camera_capture__type_support.cpp\n'}
[1.078967] (px4_msgs) StdoutLine: {'line': b'-- Up-to-date: /home/jmj/pro_asp_ws/ws_px4_controls/install/px4_msgs/include/px4_msgs/px4_msgs/msg/detail/rpm__type_support.cpp\n'}
[1.078996] (px4_msgs) StdoutLine: {'line': b'-- Up-to-date: /home/jmj/pro_asp_ws/ws_px4_controls/install/px4_msgs/include/px4_msgs/px4_msgs/msg/detail/launch_detection_status__rosidl_typesupport_introspection_cpp.hpp\n'}
[1.079030] (px4_msgs) StdoutLine: {'line': b'-- Up-to-date: /home/jmj/pro_asp_ws/ws_px4_controls/install/px4_msgs/include/px4_msgs/px4_msgs/msg/detail/parameter_set_value_request__rosidl_typesupport_introspection_cpp.hpp\n'}
[1.079058] (px4_msgs) StdoutLine: {'line': b'-- Up-to-date: /home/jmj/pro_asp_ws/ws_px4_controls/install/px4_msgs/include/px4_msgs/px4_msgs/msg/detail/vehicle_local_position__type_support.cpp\n'}
[1.079085] (px4_msgs) StdoutLine: {'line': b'-- Up-to-date: /home/jmj/pro_asp_ws/ws_px4_controls/install/px4_msgs/include/px4_msgs/px4_msgs/msg/detail/fixed_wing_lateral_setpoint__type_support.cpp\n'}
[1.079112] (px4_msgs) StdoutLine: {'line': b'-- Up-to-date: /home/jmj/pro_asp_ws/ws_px4_controls/install/px4_msgs/include/px4_msgs/px4_msgs/msg/detail/gimbal_manager_status__type_support.cpp\n'}
[1.079135] (px4_msgs) StdoutLine: {'line': b'-- Up-to-date: /home/jmj/pro_asp_ws/ws_px4_controls/install/px4_msgs/include/px4_msgs/px4_msgs/msg/detail/actuator_servos__rosidl_typesupport_introspection_cpp.hpp\n'}
[1.079157] (px4_msgs) StdoutLine: {'line': b'-- Up-to-date: /home/jmj/pro_asp_ws/ws_px4_controls/install/px4_msgs/include/px4_msgs/px4_msgs/msg/detail/vehicle_command_ack__rosidl_typesupport_introspection_cpp.hpp\n'}
[1.079178] (px4_msgs) StdoutLine: {'line': b'-- Up-to-date: /home/jmj/pro_asp_ws/ws_px4_controls/install/px4_msgs/include/px4_msgs/px4_msgs/msg/detail/geofence_result__rosidl_typesupport_introspection_cpp.hpp\n'}
[1.079201] (px4_msgs) StdoutLine: {'line': b'-- Up-to-date: /home/jmj/pro_asp_ws/ws_px4_controls/install/px4_msgs/include/px4_msgs/px4_msgs/msg/detail/config_overrides__rosidl_typesupport_introspection_cpp.hpp\n'}
[1.079229] (px4_msgs) StdoutLine: {'line': b'-- Up-to-date: /home/jmj/pro_asp_ws/ws_px4_controls/install/px4_msgs/include/px4_msgs/px4_msgs/msg/detail/sensor_uwb__type_support.cpp\n'}
[1.079255] (px4_msgs) StdoutLine: {'line': b'-- Up-to-date: /home/jmj/pro_asp_ws/ws_px4_controls/install/px4_msgs/include/px4_msgs/px4_msgs/msg/detail/mission__type_support.cpp\n'}
[1.079277] (px4_msgs) StdoutLine: {'line': b'-- Up-to-date: /home/jmj/pro_asp_ws/ws_px4_controls/install/px4_msgs/include/px4_msgs/px4_msgs/msg/detail/rover_rate_status__rosidl_typesupport_introspection_cpp.hpp\n'}
[1.079300] (px4_msgs) StdoutLine: {'line': b'-- Up-to-date: /home/jmj/pro_asp_ws/ws_px4_controls/install/px4_msgs/include/px4_msgs/px4_msgs/msg/detail/fixed_wing_lateral_status__type_support.cpp\n'}
[1.079325] (px4_msgs) StdoutLine: {'line': b'-- Up-to-date: /home/jmj/pro_asp_ws/ws_px4_controls/install/px4_msgs/include/px4_msgs/px4_msgs/msg/detail/orb_test_large__type_support.cpp\n'}
[1.079358] (px4_msgs) StdoutLine: {'line': b'-- Up-to-date: /home/jmj/pro_asp_ws/ws_px4_controls/install/px4_msgs/include/px4_msgs/px4_msgs/msg/detail/estimator_aid_source1d__type_support.cpp\n'}
[1.079383] (px4_msgs) StdoutLine: {'line': b'-- Up-to-date: /home/jmj/pro_asp_ws/ws_px4_controls/install/px4_msgs/include/px4_msgs/px4_msgs/msg/detail/estimator_status_flags__type_support.cpp\n'}
[1.079422] (px4_msgs) StdoutLine: {'line': b'-- Up-to-date: /home/jmj/pro_asp_ws/ws_px4_controls/install/px4_msgs/include/px4_msgs/px4_msgs/msg/detail/autotune_attitude_control_status__rosidl_typesupport_introspection_cpp.hpp\n'}
[1.079444] (px4_msgs) StdoutLine: {'line': b'-- Up-to-date: /home/jmj/pro_asp_ws/ws_px4_controls/install/px4_msgs/include/px4_msgs/px4_msgs/msg/detail/esc_status__type_support.cpp\n'}
[1.079466] (px4_msgs) StdoutLine: {'line': b'-- Up-to-date: /home/jmj/pro_asp_ws/ws_px4_controls/install/px4_msgs/include/px4_msgs/px4_msgs/msg/detail/camera_trigger__rosidl_typesupport_introspection_cpp.hpp\n'}
[1.079499] (px4_msgs) StdoutLine: {'line': b'-- Up-to-date: /home/jmj/pro_asp_ws/ws_px4_controls/install/px4_msgs/include/px4_msgs/px4_msgs/msg/detail/vehicle_angular_acceleration_setpoint__type_support.cpp\n'}
[1.079527] (px4_msgs) StdoutLine: {'line': b'-- Up-to-date: /home/jmj/pro_asp_ws/ws_px4_controls/install/px4_msgs/include/px4_msgs/px4_msgs/msg/detail/vehicle_angular_acceleration_setpoint__rosidl_typesupport_introspection_cpp.hpp\n'}
[1.079551] (px4_msgs) StdoutLine: {'line': b'-- Up-to-date: /home/jmj/pro_asp_ws/ws_px4_controls/install/px4_msgs/include/px4_msgs/px4_msgs/msg/detail/vehicle_attitude__rosidl_typesupport_introspection_cpp.hpp\n'}
[1.079583] (px4_msgs) StdoutLine: {'line': b'-- Up-to-date: /home/jmj/pro_asp_ws/ws_px4_controls/install/px4_msgs/include/px4_msgs/px4_msgs/msg/detail/offboard_control_mode__type_support.cpp\n'}
[1.079615] (px4_msgs) StdoutLine: {'line': b'-- Up-to-date: /home/jmj/pro_asp_ws/ws_px4_controls/install/px4_msgs/include/px4_msgs/px4_msgs/msg/detail/open_drone_id_self_id__rosidl_typesupport_introspection_cpp.hpp\n'}
[1.079641] (px4_msgs) StdoutLine: {'line': b'-- Up-to-date: /home/jmj/pro_asp_ws/ws_px4_controls/install/px4_msgs/include/px4_msgs/px4_msgs/msg/detail/fixed_wing_lateral_status__rosidl_typesupport_introspection_cpp.hpp\n'}
[1.079760] (px4_msgs) StdoutLine: {'line': b'-- Up-to-date: /home/jmj/pro_asp_ws/ws_px4_controls/install/px4_msgs/include/px4_msgs/px4_msgs/msg/detail/onboard_computer_status__rosidl_typesupport_introspection_cpp.hpp\n'}
[1.079806] (px4_msgs) StdoutLine: {'line': b'-- Up-to-date: /home/jmj/pro_asp_ws/ws_px4_controls/install/px4_msgs/include/px4_msgs/px4_msgs/msg/detail/battery_status__type_support.cpp\n'}
[1.079850] (px4_msgs) StdoutLine: {'line': b'-- Up-to-date: /home/jmj/pro_asp_ws/ws_px4_controls/install/px4_msgs/include/px4_msgs/px4_msgs/msg/detail/sensor_correction__rosidl_typesupport_introspection_cpp.hpp\n'}
[1.079889] (px4_msgs) StdoutLine: {'line': b'-- Up-to-date: /home/jmj/pro_asp_ws/ws_px4_controls/install/px4_msgs/include/px4_msgs/px4_msgs/msg/detail/normalized_unsigned_setpoint__type_support.cpp\n'}
[1.079932] (px4_msgs) StdoutLine: {'line': b'-- Up-to-date: /home/jmj/pro_asp_ws/ws_px4_controls/install/px4_msgs/include/px4_msgs/px4_msgs/msg/detail/internal_combustion_engine_control__rosidl_typesupport_introspection_cpp.hpp\n'}
[1.080113] (px4_msgs) StdoutLine: {'line': b'-- Up-to-date: /home/jmj/pro_asp_ws/ws_px4_controls/install/px4_msgs/include/px4_msgs/px4_msgs/msg/detail/qshell_req__rosidl_typesupport_introspection_cpp.hpp\n'}
[1.080236] (px4_msgs) StdoutLine: {'line': b'-- Up-to-date: /home/jmj/pro_asp_ws/ws_px4_controls/install/px4_msgs/include/px4_msgs/px4_msgs/msg/detail/mission__rosidl_typesupport_introspection_cpp.hpp\n'}
[1.080332] (px4_msgs) StdoutLine: {'line': b'-- Up-to-date: /home/jmj/pro_asp_ws/ws_px4_controls/install/px4_msgs/include/px4_msgs/px4_msgs/msg/detail/estimator_aid_source3d__type_support.cpp\n'}
[1.080401] (px4_msgs) StdoutLine: {'line': b'-- Up-to-date: /home/jmj/pro_asp_ws/ws_px4_controls/install/px4_msgs/include/px4_msgs/px4_msgs/msg/detail/estimator_states__rosidl_typesupport_introspection_cpp.hpp\n'}
[1.080469] (px4_msgs) StdoutLine: {'line': b'-- Up-to-date: /home/jmj/pro_asp_ws/ws_px4_controls/install/px4_msgs/include/px4_msgs/px4_msgs/msg/detail/config_overrides__type_support.cpp\n'}
[1.080538] (px4_msgs) StdoutLine: {'line': b'-- Up-to-date: /home/jmj/pro_asp_ws/ws_px4_controls/install/px4_msgs/include/px4_msgs/px4_msgs/msg/detail/sensor_gps__type_support.cpp\n'}
[1.080641] (px4_msgs) StdoutLine: {'line': b'-- Up-to-date: /home/jmj/pro_asp_ws/ws_px4_controls/install/px4_msgs/include/px4_msgs/px4_msgs/msg/detail/ekf2_timestamps__rosidl_typesupport_introspection_cpp.hpp\n'}
[1.080713] (px4_msgs) StdoutLine: {'line': b'-- Up-to-date: /home/jmj/pro_asp_ws/ws_px4_controls/install/px4_msgs/include/px4_msgs/px4_msgs/msg/detail/register_ext_component_reply__type_support.cpp\n'}
[1.080786] (px4_msgs) StdoutLine: {'line': b'-- Up-to-date: /home/jmj/pro_asp_ws/ws_px4_controls/install/px4_msgs/include/px4_msgs/px4_msgs/msg/detail/led_control__type_support.cpp\n'}
[1.080875] (px4_msgs) StdoutLine: {'line': b'-- Up-to-date: /home/jmj/pro_asp_ws/ws_px4_controls/install/px4_msgs/include/px4_msgs/px4_msgs/msg/detail/vehicle_status__rosidl_typesupport_introspection_cpp.hpp\n'}
[1.080972] (px4_msgs) StdoutLine: {'line': b'-- Up-to-date: /home/jmj/pro_asp_ws/ws_px4_controls/install/px4_msgs/include/px4_msgs/px4_msgs/msg/detail/tiltrotor_extra_controls__type_support.cpp\n'}
[1.081172] (px4_msgs) StdoutLine: {'line': b'-- Up-to-date: /home/jmj/pro_asp_ws/ws_px4_controls/install/px4_msgs/include/px4_msgs/px4_msgs/msg/detail/estimator_event_flags__rosidl_typesupport_introspection_cpp.hpp\n'}
[1.081275] (px4_msgs) StdoutLine: {'line': b'-- Up-to-date: /home/jmj/pro_asp_ws/ws_px4_controls/install/px4_msgs/include/px4_msgs/px4_msgs/msg/detail/rc_channels__rosidl_typesupport_introspection_cpp.hpp\n'}
[1.081408] (px4_msgs) StdoutLine: {'line': b'-- Up-to-date: /home/jmj/pro_asp_ws/ws_px4_controls/install/px4_msgs/include/px4_msgs/px4_msgs/msg/detail/parameter_reset_request__rosidl_typesupport_introspection_cpp.hpp\n'}
[1.081494] (px4_msgs) StdoutLine: {'line': b'-- Up-to-date: /home/jmj/pro_asp_ws/ws_px4_controls/install/px4_msgs/include/px4_msgs/px4_msgs/msg/detail/rover_throttle_setpoint__rosidl_typesupport_introspection_cpp.hpp\n'}
[1.081577] (px4_msgs) StdoutLine: {'line': b'-- Up-to-date: /home/jmj/pro_asp_ws/ws_px4_controls/install/px4_msgs/include/px4_msgs/px4_msgs/msg/detail/message_format_response__type_support.cpp\n'}
[1.081675] (px4_msgs) StdoutLine: {'line': b'-- Up-to-date: /home/jmj/pro_asp_ws/ws_px4_controls/install/px4_msgs/include/px4_msgs/px4_msgs/msg/detail/estimator_states__type_support.cpp\n'}
[1.081764] (px4_msgs) StdoutLine: {'line': b'-- Up-to-date: /home/jmj/pro_asp_ws/ws_px4_controls/install/px4_msgs/include/px4_msgs/px4_msgs/msg/detail/vehicle_thrust_setpoint__rosidl_typesupport_introspection_cpp.hpp\n'}
[1.081840] (px4_msgs) StdoutLine: {'line': b'-- Up-to-date: /home/jmj/pro_asp_ws/ws_px4_controls/install/px4_msgs/include/px4_msgs/px4_msgs/msg/detail/wind__rosidl_typesupport_introspection_cpp.hpp\n'}
[1.081963] (px4_msgs) StdoutLine: {'line': b'-- Up-to-date: /home/jmj/pro_asp_ws/ws_px4_controls/install/px4_msgs/include/px4_msgs/px4_msgs/msg/detail/vehicle_air_data__rosidl_typesupport_introspection_cpp.hpp\n'}
[1.082055] (px4_msgs) StdoutLine: {'line': b'-- Up-to-date: /home/jmj/pro_asp_ws/ws_px4_controls/install/px4_msgs/include/px4_msgs/px4_msgs/msg/detail/manual_control_setpoint__type_support.cpp\n'}
[1.082127] (px4_msgs) StdoutLine: {'line': b'-- Up-to-date: /home/jmj/pro_asp_ws/ws_px4_controls/install/px4_msgs/include/px4_msgs/px4_msgs/msg/detail/sensor_uwb__rosidl_typesupport_introspection_cpp.hpp\n'}
[1.082196] (px4_msgs) StdoutLine: {'line': b'-- Up-to-date: /home/jmj/pro_asp_ws/ws_px4_controls/install/px4_msgs/include/px4_msgs/px4_msgs/msg/detail/fixed_wing_lateral_guidance_status__type_support.cpp\n'}
[1.082264] (px4_msgs) StdoutLine: {'line': b'-- Up-to-date: /home/jmj/pro_asp_ws/ws_px4_controls/install/px4_msgs/include/px4_msgs/px4_msgs/msg/detail/actuator_servos_trim__type_support.cpp\n'}
[1.082340] (px4_msgs) StdoutLine: {'line': b'-- Up-to-date: /home/jmj/pro_asp_ws/ws_px4_controls/install/px4_msgs/include/px4_msgs/px4_msgs/msg/detail/actuator_armed__rosidl_typesupport_introspection_cpp.hpp\n'}
[1.082445] (px4_msgs) StdoutLine: {'line': b'-- Up-to-date: /home/jmj/pro_asp_ws/ws_px4_controls/install/px4_msgs/include/px4_msgs/px4_msgs/msg/detail/launch_detection_status__type_support.cpp\n'}
[1.082522] (px4_msgs) StdoutLine: {'line': b'-- Up-to-date: /home/jmj/pro_asp_ws/ws_px4_controls/install/px4_msgs/include/px4_msgs/px4_msgs/msg/detail/estimator_gps_status__type_support.cpp\n'}
[1.082588] (px4_msgs) StdoutLine: {'line': b'-- Up-to-date: /home/jmj/pro_asp_ws/ws_px4_controls/install/px4_msgs/include/px4_msgs/px4_msgs/msg/detail/satellite_info__rosidl_typesupport_introspection_cpp.hpp\n'}
[1.082653] (px4_msgs) StdoutLine: {'line': b'-- Up-to-date: /home/jmj/pro_asp_ws/ws_px4_controls/install/px4_msgs/include/px4_msgs/px4_msgs/msg/detail/gps_dump__rosidl_typesupport_introspection_cpp.hpp\n'}
[1.082729] (px4_msgs) StdoutLine: {'line': b'-- Up-to-date: /home/jmj/pro_asp_ws/ws_px4_controls/install/px4_msgs/include/px4_msgs/px4_msgs/msg/detail/mavlink_log__type_support.cpp\n'}
[1.082815] (px4_msgs) StdoutLine: {'line': b'-- Up-to-date: /home/jmj/pro_asp_ws/ws_px4_controls/install/px4_msgs/include/px4_msgs/px4_msgs/msg/detail/airspeed_validated__rosidl_typesupport_introspection_cpp.hpp\n'}
[1.082896] (px4_msgs) StdoutLine: {'line': b'-- Up-to-date: /home/jmj/pro_asp_ws/ws_px4_controls/install/px4_msgs/include/px4_msgs/px4_msgs/msg/detail/estimator_aid_source1d__rosidl_typesupport_introspection_cpp.hpp\n'}
[1.082967] (px4_msgs) StdoutLine: {'line': b'-- Up-to-date: /home/jmj/pro_asp_ws/ws_px4_controls/install/px4_msgs/include/px4_msgs/px4_msgs/msg/detail/distance_sensor__type_support.cpp\n'}
[1.083049] (px4_msgs) StdoutLine: {'line': b'-- Up-to-date: /home/jmj/pro_asp_ws/ws_px4_controls/install/px4_msgs/lib/libpx4_msgs__rosidl_typesupport_introspection_cpp.so\n'}
[1.083110] (px4_msgs) StdoutLine: {'line': b'-- Up-to-date: /home/jmj/pro_asp_ws/ws_px4_controls/install/px4_msgs/lib/libpx4_msgs__rosidl_typesupport_cpp.so\n'}
[1.083172] (px4_msgs) StdoutLine: {'line': b'-- Up-to-date: /home/jmj/pro_asp_ws/ws_px4_controls/install/px4_msgs/share/px4_msgs/environment/pythonpath.sh\n'}
[1.083238] (px4_msgs) StdoutLine: {'line': b'-- Up-to-date: /home/jmj/pro_asp_ws/ws_px4_controls/install/px4_msgs/share/px4_msgs/environment/pythonpath.dsv\n'}
[1.083319] (px4_msgs) StdoutLine: {'line': b'-- Up-to-date: /home/jmj/pro_asp_ws/ws_px4_controls/install/px4_msgs/local/lib/python3.10/dist-packages/px4_msgs-2.0.1-py3.10.egg-info\n'}
[1.083383] (px4_msgs) StdoutLine: {'line': b'-- Installing: /home/jmj/pro_asp_ws/ws_px4_controls/install/px4_msgs/local/lib/python3.10/dist-packages/px4_msgs-2.0.1-py3.10.egg-info/dependency_links.txt\n'}
[1.083445] (px4_msgs) StdoutLine: {'line': b'-- Installing: /home/jmj/pro_asp_ws/ws_px4_controls/install/px4_msgs/local/lib/python3.10/dist-packages/px4_msgs-2.0.1-py3.10.egg-info/top_level.txt\n'}
[1.083507] (px4_msgs) StdoutLine: {'line': b'-- Installing: /home/jmj/pro_asp_ws/ws_px4_controls/install/px4_msgs/local/lib/python3.10/dist-packages/px4_msgs-2.0.1-py3.10.egg-info/PKG-INFO\n'}
[1.083572] (px4_msgs) StdoutLine: {'line': b'-- Installing: /home/jmj/pro_asp_ws/ws_px4_controls/install/px4_msgs/local/lib/python3.10/dist-packages/px4_msgs-2.0.1-py3.10.egg-info/SOURCES.txt\n'}
[1.083637] (px4_msgs) StdoutLine: {'line': b'-- Up-to-date: /home/jmj/pro_asp_ws/ws_px4_controls/install/px4_msgs/local/lib/python3.10/dist-packages/px4_msgs\n'}
[1.083723] (px4_msgs) StdoutLine: {'line': b'-- Up-to-date: /home/jmj/pro_asp_ws/ws_px4_controls/install/px4_msgs/local/lib/python3.10/dist-packages/px4_msgs/_px4_msgs_s.ep.rosidl_typesupport_c.c\n'}
[1.083788] (px4_msgs) StdoutLine: {'line': b'-- Up-to-date: /home/jmj/pro_asp_ws/ws_px4_controls/install/px4_msgs/local/lib/python3.10/dist-packages/px4_msgs/__init__.py\n'}
[1.083855] (px4_msgs) StdoutLine: {'line': b'-- Up-to-date: /home/jmj/pro_asp_ws/ws_px4_controls/install/px4_msgs/local/lib/python3.10/dist-packages/px4_msgs/srv\n'}
[1.083949] (px4_msgs) StdoutLine: {'line': b'-- Up-to-date: /home/jmj/pro_asp_ws/ws_px4_controls/install/px4_msgs/local/lib/python3.10/dist-packages/px4_msgs/srv/__init__.py\n'}
[1.084018] (px4_msgs) StdoutLine: {'line': b'-- Up-to-date: /home/jmj/pro_asp_ws/ws_px4_controls/install/px4_msgs/local/lib/python3.10/dist-packages/px4_msgs/srv/_vehicle_command.py\n'}
[1.084085] (px4_msgs) StdoutLine: {'line': b'-- Up-to-date: /home/jmj/pro_asp_ws/ws_px4_controls/install/px4_msgs/local/lib/python3.10/dist-packages/px4_msgs/srv/_vehicle_command_s.c\n'}
[1.084165] (px4_msgs) StdoutLine: {'line': b'-- Up-to-date: /home/jmj/pro_asp_ws/ws_px4_controls/install/px4_msgs/local/lib/python3.10/dist-packages/px4_msgs/px4_msgs_s__rosidl_typesupport_fastrtps_c.cpython-310-x86_64-linux-gnu.so\n'}
[1.084229] (px4_msgs) StdoutLine: {'line': b'-- Up-to-date: /home/jmj/pro_asp_ws/ws_px4_controls/install/px4_msgs/local/lib/python3.10/dist-packages/px4_msgs/libpx4_msgs__rosidl_generator_py.so\n'}
[1.084299] (px4_msgs) StdoutLine: {'line': b'-- Up-to-date: /home/jmj/pro_asp_ws/ws_px4_controls/install/px4_msgs/local/lib/python3.10/dist-packages/px4_msgs/_px4_msgs_s.ep.rosidl_typesupport_introspection_c.c\n'}
[1.084361] (px4_msgs) StdoutLine: {'line': b'-- Up-to-date: /home/jmj/pro_asp_ws/ws_px4_controls/install/px4_msgs/local/lib/python3.10/dist-packages/px4_msgs/_px4_msgs_s.ep.rosidl_typesupport_fastrtps_c.c\n'}
[1.084438] (px4_msgs) StdoutLine: {'line': b'-- Up-to-date: /home/jmj/pro_asp_ws/ws_px4_controls/install/px4_msgs/local/lib/python3.10/dist-packages/px4_msgs/px4_msgs_s__rosidl_typesupport_introspection_c.cpython-310-x86_64-linux-gnu.so\n'}
[1.084500] (px4_msgs) StdoutLine: {'line': b'-- Up-to-date: /home/jmj/pro_asp_ws/ws_px4_controls/install/px4_msgs/local/lib/python3.10/dist-packages/px4_msgs/px4_msgs_s__rosidl_typesupport_c.cpython-310-x86_64-linux-gnu.so\n'}
[1.084560] (px4_msgs) StdoutLine: {'line': b'-- Up-to-date: /home/jmj/pro_asp_ws/ws_px4_controls/install/px4_msgs/local/lib/python3.10/dist-packages/px4_msgs/msg\n'}
[1.084618] (px4_msgs) StdoutLine: {'line': b'-- Up-to-date: /home/jmj/pro_asp_ws/ws_px4_controls/install/px4_msgs/local/lib/python3.10/dist-packages/px4_msgs/msg/_position_setpoint_triplet_s.c\n'}
[1.084680] (px4_msgs) StdoutLine: {'line': b'-- Up-to-date: /home/jmj/pro_asp_ws/ws_px4_controls/install/px4_msgs/local/lib/python3.10/dist-packages/px4_msgs/msg/_vehicle_global_position.py\n'}
[1.084756] (px4_msgs) StdoutLine: {'line': b'-- Up-to-date: /home/jmj/pro_asp_ws/ws_px4_controls/install/px4_msgs/local/lib/python3.10/dist-packages/px4_msgs/msg/_open_drone_id_system.py\n'}
[1.084814] (px4_msgs) StdoutLine: {'line': b'-- Up-to-date: /home/jmj/pro_asp_ws/ws_px4_controls/install/px4_msgs/local/lib/python3.10/dist-packages/px4_msgs/msg/_sensor_accel_s.c\n'}
[1.084873] (px4_msgs) StdoutLine: {'line': b'-- Up-to-date: /home/jmj/pro_asp_ws/ws_px4_controls/install/px4_msgs/local/lib/python3.10/dist-packages/px4_msgs/msg/_control_allocator_status.py\n'}
[1.084969] (px4_msgs) StdoutLine: {'line': b'-- Up-to-date: /home/jmj/pro_asp_ws/ws_px4_controls/install/px4_msgs/local/lib/python3.10/dist-packages/px4_msgs/msg/_airspeed.py\n'}
[1.085034] (px4_msgs) StdoutLine: {'line': b'-- Up-to-date: /home/jmj/pro_asp_ws/ws_px4_controls/install/px4_msgs/local/lib/python3.10/dist-packages/px4_msgs/msg/_differential_pressure.py\n'}
[1.085095] (px4_msgs) StdoutLine: {'line': b'-- Up-to-date: /home/jmj/pro_asp_ws/ws_px4_controls/install/px4_msgs/local/lib/python3.10/dist-packages/px4_msgs/msg/_vehicle_attitude_setpoint_s.c\n'}
[1.085175] (px4_msgs) StdoutLine: {'line': b'-- Up-to-date: /home/jmj/pro_asp_ws/ws_px4_controls/install/px4_msgs/local/lib/python3.10/dist-packages/px4_msgs/msg/_rover_position_setpoint_s.c\n'}
[1.085238] (px4_msgs) StdoutLine: {'line': b'-- Up-to-date: /home/jmj/pro_asp_ws/ws_px4_controls/install/px4_msgs/local/lib/python3.10/dist-packages/px4_msgs/msg/_rover_position_setpoint.py\n'}
[1.085299] (px4_msgs) StdoutLine: {'line': b'-- Up-to-date: /home/jmj/pro_asp_ws/ws_px4_controls/install/px4_msgs/local/lib/python3.10/dist-packages/px4_msgs/msg/_camera_status.py\n'}
[1.085359] (px4_msgs) StdoutLine: {'line': b'-- Up-to-date: /home/jmj/pro_asp_ws/ws_px4_controls/install/px4_msgs/local/lib/python3.10/dist-packages/px4_msgs/msg/_vehicle_magnetometer_s.c\n'}
[1.085421] (px4_msgs) StdoutLine: {'line': b'-- Up-to-date: /home/jmj/pro_asp_ws/ws_px4_controls/install/px4_msgs/local/lib/python3.10/dist-packages/px4_msgs/msg/_arming_check_reply_s.c\n'}
[1.085505] (px4_msgs) StdoutLine: {'line': b'-- Up-to-date: /home/jmj/pro_asp_ws/ws_px4_controls/install/px4_msgs/local/lib/python3.10/dist-packages/px4_msgs/msg/_estimator_bias.py\n'}
[1.085570] (px4_msgs) StdoutLine: {'line': b'-- Up-to-date: /home/jmj/pro_asp_ws/ws_px4_controls/install/px4_msgs/local/lib/python3.10/dist-packages/px4_msgs/msg/_vehicle_local_position_s.c\n'}
[1.085632] (px4_msgs) StdoutLine: {'line': b'-- Up-to-date: /home/jmj/pro_asp_ws/ws_px4_controls/install/px4_msgs/local/lib/python3.10/dist-packages/px4_msgs/msg/_follow_target_status.py\n'}
[1.085705] (px4_msgs) StdoutLine: {'line': b'-- Up-to-date: /home/jmj/pro_asp_ws/ws_px4_controls/install/px4_msgs/local/lib/python3.10/dist-packages/px4_msgs/msg/_qshell_req.py\n'}
[1.085775] (px4_msgs) StdoutLine: {'line': b'-- Up-to-date: /home/jmj/pro_asp_ws/ws_px4_controls/install/px4_msgs/local/lib/python3.10/dist-packages/px4_msgs/msg/_autotune_attitude_control_status_s.c\n'}
[1.085861] (px4_msgs) StdoutLine: {'line': b'-- Up-to-date: /home/jmj/pro_asp_ws/ws_px4_controls/install/px4_msgs/local/lib/python3.10/dist-packages/px4_msgs/msg/_fixed_wing_lateral_setpoint_s.c\n'}
[1.085923] (px4_msgs) StdoutLine: {'line': b'-- Up-to-date: /home/jmj/pro_asp_ws/ws_px4_controls/install/px4_msgs/local/lib/python3.10/dist-packages/px4_msgs/msg/_fixed_wing_runway_control.py\n'}
[1.086001] (px4_msgs) StdoutLine: {'line': b'-- Up-to-date: /home/jmj/pro_asp_ws/ws_px4_controls/install/px4_msgs/local/lib/python3.10/dist-packages/px4_msgs/msg/_actuator_motors_s.c\n'}
[1.086066] (px4_msgs) StdoutLine: {'line': b'-- Up-to-date: /home/jmj/pro_asp_ws/ws_px4_controls/install/px4_msgs/local/lib/python3.10/dist-packages/px4_msgs/msg/_vehicle_torque_setpoint.py\n'}
[1.086150] (px4_msgs) StdoutLine: {'line': b'-- Up-to-date: /home/jmj/pro_asp_ws/ws_px4_controls/install/px4_msgs/local/lib/python3.10/dist-packages/px4_msgs/msg/_estimator_sensor_bias.py\n'}
[1.086216] (px4_msgs) StdoutLine: {'line': b'-- Up-to-date: /home/jmj/pro_asp_ws/ws_px4_controls/install/px4_msgs/local/lib/python3.10/dist-packages/px4_msgs/msg/_trajectory_setpoint6dof.py\n'}
[1.086279] (px4_msgs) StdoutLine: {'line': b'-- Up-to-date: /home/jmj/pro_asp_ws/ws_px4_controls/install/px4_msgs/local/lib/python3.10/dist-packages/px4_msgs/msg/_gimbal_device_attitude_status_s.c\n'}
[1.086367] (px4_msgs) StdoutLine: {'line': b'-- Up-to-date: /home/jmj/pro_asp_ws/ws_px4_controls/install/px4_msgs/local/lib/python3.10/dist-packages/px4_msgs/msg/_actuator_outputs.py\n'}
[1.086428] (px4_msgs) StdoutLine: {'line': b'-- Up-to-date: /home/jmj/pro_asp_ws/ws_px4_controls/install/px4_msgs/local/lib/python3.10/dist-packages/px4_msgs/msg/_power_monitor.py\n'}
[1.086488] (px4_msgs) StdoutLine: {'line': b'-- Up-to-date: /home/jmj/pro_asp_ws/ws_px4_controls/install/px4_msgs/local/lib/python3.10/dist-packages/px4_msgs/msg/_sensor_optical_flow_s.c\n'}
[1.086547] (px4_msgs) StdoutLine: {'line': b'-- Up-to-date: /home/jmj/pro_asp_ws/ws_px4_controls/install/px4_msgs/local/lib/python3.10/dist-packages/px4_msgs/msg/_sensors_status_s.c\n'}
[1.086618] (px4_msgs) StdoutLine: {'line': b'-- Up-to-date: /home/jmj/pro_asp_ws/ws_px4_controls/install/px4_msgs/local/lib/python3.10/dist-packages/px4_msgs/msg/_orb_test_medium.py\n'}
[1.086682] (px4_msgs) StdoutLine: {'line': b'-- Up-to-date: /home/jmj/pro_asp_ws/ws_px4_controls/install/px4_msgs/local/lib/python3.10/dist-packages/px4_msgs/msg/_battery_status_s.c\n'}
[1.086742] (px4_msgs) StdoutLine: {'line': b'-- Up-to-date: /home/jmj/pro_asp_ws/ws_px4_controls/install/px4_msgs/local/lib/python3.10/dist-packages/px4_msgs/msg/_home_position_s.c\n'}
[1.086802] (px4_msgs) StdoutLine: {'line': b'-- Up-to-date: /home/jmj/pro_asp_ws/ws_px4_controls/install/px4_msgs/local/lib/python3.10/dist-packages/px4_msgs/msg/_tune_control_s.c\n'}
[1.086864] (px4_msgs) StdoutLine: {'line': b'-- Up-to-date: /home/jmj/pro_asp_ws/ws_px4_controls/install/px4_msgs/local/lib/python3.10/dist-packages/px4_msgs/msg/_gpio_in_s.c\n'}
[1.086925] (px4_msgs) StdoutLine: {'line': b'-- Up-to-date: /home/jmj/pro_asp_ws/ws_px4_controls/install/px4_msgs/local/lib/python3.10/dist-packages/px4_msgs/msg/_vehicle_thrust_setpoint_s.c\n'}
[1.087019] (px4_msgs) StdoutLine: {'line': b'-- Up-to-date: /home/jmj/pro_asp_ws/ws_px4_controls/install/px4_msgs/local/lib/python3.10/dist-packages/px4_msgs/msg/_logger_status.py\n'}
[1.087103] (px4_msgs) StdoutLine: {'line': b'-- Up-to-date: /home/jmj/pro_asp_ws/ws_px4_controls/install/px4_msgs/local/lib/python3.10/dist-packages/px4_msgs/msg/_button_event_s.c\n'}
[1.087171] (px4_msgs) StdoutLine: {'line': b'-- Up-to-date: /home/jmj/pro_asp_ws/ws_px4_controls/install/px4_msgs/local/lib/python3.10/dist-packages/px4_msgs/msg/_manual_control_switches_s.c\n'}
[1.087242] (px4_msgs) StdoutLine: {'line': b'-- Up-to-date: /home/jmj/pro_asp_ws/ws_px4_controls/install/px4_msgs/local/lib/python3.10/dist-packages/px4_msgs/msg/_sensor_preflight_mag.py\n'}
[1.087310] (px4_msgs) StdoutLine: {'line': b'-- Up-to-date: /home/jmj/pro_asp_ws/ws_px4_controls/install/px4_msgs/local/lib/python3.10/dist-packages/px4_msgs/msg/_parameter_reset_request.py\n'}
[1.087394] (px4_msgs) StdoutLine: {'line': b'-- Up-to-date: /home/jmj/pro_asp_ws/ws_px4_controls/install/px4_msgs/local/lib/python3.10/dist-packages/px4_msgs/msg/_px4io_status.py\n'}
[1.087460] (px4_msgs) StdoutLine: {'line': b'-- Up-to-date: /home/jmj/pro_asp_ws/ws_px4_controls/install/px4_msgs/local/lib/python3.10/dist-packages/px4_msgs/msg/_orb_test_large.py\n'}
[1.087523] (px4_msgs) StdoutLine: {'line': b'-- Up-to-date: /home/jmj/pro_asp_ws/ws_px4_controls/install/px4_msgs/local/lib/python3.10/dist-packages/px4_msgs/msg/_figure_eight_status_s.c\n'}
[1.087588] (px4_msgs) StdoutLine: {'line': b'-- Up-to-date: /home/jmj/pro_asp_ws/ws_px4_controls/install/px4_msgs/local/lib/python3.10/dist-packages/px4_msgs/msg/_input_rc_s.c\n'}
[1.087691] (px4_msgs) StdoutLine: {'line': b'-- Up-to-date: /home/jmj/pro_asp_ws/ws_px4_controls/install/px4_msgs/local/lib/python3.10/dist-packages/px4_msgs/msg/_mag_worker_data_s.c\n'}
[1.087762] (px4_msgs) StdoutLine: {'line': b'-- Up-to-date: /home/jmj/pro_asp_ws/ws_px4_controls/install/px4_msgs/local/lib/python3.10/dist-packages/px4_msgs/msg/_geofence_status.py\n'}
[1.087832] (px4_msgs) StdoutLine: {'line': b'-- Up-to-date: /home/jmj/pro_asp_ws/ws_px4_controls/install/px4_msgs/local/lib/python3.10/dist-packages/px4_msgs/msg/_parameter_update.py\n'}
[1.087952] (px4_msgs) StdoutLine: {'line': b'-- Up-to-date: /home/jmj/pro_asp_ws/ws_px4_controls/install/px4_msgs/local/lib/python3.10/dist-packages/px4_msgs/msg/_vehicle_local_position.py\n'}
[1.088069] (px4_msgs) StdoutLine: {'line': b'-- Up-to-date: /home/jmj/pro_asp_ws/ws_px4_controls/install/px4_msgs/local/lib/python3.10/dist-packages/px4_msgs/msg/_camera_trigger_s.c\n'}
[1.088117] (px4_msgs) StdoutLine: {'line': b'-- Up-to-date: /home/jmj/pro_asp_ws/ws_px4_controls/install/px4_msgs/local/lib/python3.10/dist-packages/px4_msgs/msg/_airspeed_validated_s.c\n'}
[1.088163] (px4_msgs) StdoutLine: {'line': b'-- Up-to-date: /home/jmj/pro_asp_ws/ws_px4_controls/install/px4_msgs/local/lib/python3.10/dist-packages/px4_msgs/msg/_cpuload_s.c\n'}
[1.088201] (px4_msgs) StdoutLine: {'line': b'-- Up-to-date: /home/jmj/pro_asp_ws/ws_px4_controls/install/px4_msgs/local/lib/python3.10/dist-packages/px4_msgs/msg/_dataman_response.py\n'}
[1.088246] (px4_msgs) StdoutLine: {'line': b'-- Up-to-date: /home/jmj/pro_asp_ws/ws_px4_controls/install/px4_msgs/local/lib/python3.10/dist-packages/px4_msgs/msg/_vehicle_angular_velocity.py\n'}
[1.088290] (px4_msgs) StdoutLine: {'line': b'-- Up-to-date: /home/jmj/pro_asp_ws/ws_px4_controls/install/px4_msgs/local/lib/python3.10/dist-packages/px4_msgs/msg/_tecs_status.py\n'}
[1.088332] (px4_msgs) StdoutLine: {'line': b'-- Up-to-date: /home/jmj/pro_asp_ws/ws_px4_controls/install/px4_msgs/local/lib/python3.10/dist-packages/px4_msgs/msg/_airspeed_wind_s.c\n'}
[1.088381] (px4_msgs) StdoutLine: {'line': b'-- Up-to-date: /home/jmj/pro_asp_ws/ws_px4_controls/install/px4_msgs/local/lib/python3.10/dist-packages/px4_msgs/msg/_actuator_test.py\n'}
[1.088429] (px4_msgs) StdoutLine: {'line': b'-- Up-to-date: /home/jmj/pro_asp_ws/ws_px4_controls/install/px4_msgs/local/lib/python3.10/dist-packages/px4_msgs/msg/_actuator_servos_trim_s.c\n'}
[1.088476] (px4_msgs) StdoutLine: {'line': b'-- Up-to-date: /home/jmj/pro_asp_ws/ws_px4_controls/install/px4_msgs/local/lib/python3.10/dist-packages/px4_msgs/msg/_gripper_s.c\n'}
[1.088527] (px4_msgs) StdoutLine: {'line': b'-- Up-to-date: /home/jmj/pro_asp_ws/ws_px4_controls/install/px4_msgs/local/lib/python3.10/dist-packages/px4_msgs/msg/_failsafe_flags_s.c\n'}
[1.088602] (px4_msgs) StdoutLine: {'line': b'-- Up-to-date: /home/jmj/pro_asp_ws/ws_px4_controls/install/px4_msgs/local/lib/python3.10/dist-packages/px4_msgs/msg/_timesync_status_s.c\n'}
[1.088648] (px4_msgs) StdoutLine: {'line': b'-- Up-to-date: /home/jmj/pro_asp_ws/ws_px4_controls/install/px4_msgs/local/lib/python3.10/dist-packages/px4_msgs/msg/_qshell_retval.py\n'}
[1.088697] (px4_msgs) StdoutLine: {'line': b'-- Up-to-date: /home/jmj/pro_asp_ws/ws_px4_controls/install/px4_msgs/local/lib/python3.10/dist-packages/px4_msgs/msg/_gimbal_manager_set_manual_control_s.c\n'}
[1.088747] (px4_msgs) StdoutLine: {'line': b'-- Up-to-date: /home/jmj/pro_asp_ws/ws_px4_controls/install/px4_msgs/local/lib/python3.10/dist-packages/px4_msgs/msg/_mission_result.py\n'}
[1.088791] (px4_msgs) StdoutLine: {'line': b'-- Up-to-date: /home/jmj/pro_asp_ws/ws_px4_controls/install/px4_msgs/local/lib/python3.10/dist-packages/px4_msgs/msg/_estimator_states.py\n'}
[1.088865] (px4_msgs) StdoutLine: {'line': b'-- Up-to-date: /home/jmj/pro_asp_ws/ws_px4_controls/install/px4_msgs/local/lib/python3.10/dist-packages/px4_msgs/msg/_trajectory_setpoint6dof_s.c\n'}
[1.088911] (px4_msgs) StdoutLine: {'line': b'-- Up-to-date: /home/jmj/pro_asp_ws/ws_px4_controls/install/px4_msgs/local/lib/python3.10/dist-packages/px4_msgs/msg/_velocity_limits.py\n'}
[1.088962] (px4_msgs) StdoutLine: {'line': b'-- Up-to-date: /home/jmj/pro_asp_ws/ws_px4_controls/install/px4_msgs/local/lib/python3.10/dist-packages/px4_msgs/msg/_rover_velocity_status_s.c\n'}
[1.089015] (px4_msgs) StdoutLine: {'line': b'-- Up-to-date: /home/jmj/pro_asp_ws/ws_px4_controls/install/px4_msgs/local/lib/python3.10/dist-packages/px4_msgs/msg/_wind.py\n'}
[1.089060] (px4_msgs) StdoutLine: {'line': b'-- Up-to-date: /home/jmj/pro_asp_ws/ws_px4_controls/install/px4_msgs/local/lib/python3.10/dist-packages/px4_msgs/msg/_vehicle_control_mode_s.c\n'}
[1.089101] (px4_msgs) StdoutLine: {'line': b'-- Up-to-date: /home/jmj/pro_asp_ws/ws_px4_controls/install/px4_msgs/local/lib/python3.10/dist-packages/px4_msgs/msg/_debug_array_s.c\n'}
[1.089146] (px4_msgs) StdoutLine: {'line': b'-- Up-to-date: /home/jmj/pro_asp_ws/ws_px4_controls/install/px4_msgs/local/lib/python3.10/dist-packages/px4_msgs/msg/_navigator_status.py\n'}
[1.089209] (px4_msgs) StdoutLine: {'line': b'-- Up-to-date: /home/jmj/pro_asp_ws/ws_px4_controls/install/px4_msgs/local/lib/python3.10/dist-packages/px4_msgs/msg/_camera_capture_s.c\n'}
[1.089263] (px4_msgs) StdoutLine: {'line': b'-- Up-to-date: /home/jmj/pro_asp_ws/ws_px4_controls/install/px4_msgs/local/lib/python3.10/dist-packages/px4_msgs/msg/_estimator_aid_source2d.py\n'}
[1.089320] (px4_msgs) StdoutLine: {'line': b'-- Up-to-date: /home/jmj/pro_asp_ws/ws_px4_controls/install/px4_msgs/local/lib/python3.10/dist-packages/px4_msgs/msg/_wind_s.c\n'}
[1.089385] (px4_msgs) StdoutLine: {'line': b'-- Up-to-date: /home/jmj/pro_asp_ws/ws_px4_controls/install/px4_msgs/local/lib/python3.10/dist-packages/px4_msgs/msg/_parameter_set_value_request.py\n'}
[1.089482] (px4_msgs) StdoutLine: {'line': b'-- Up-to-date: /home/jmj/pro_asp_ws/ws_px4_controls/install/px4_msgs/local/lib/python3.10/dist-packages/px4_msgs/msg/_iridiumsbd_status.py\n'}
[1.089661] (px4_msgs) StdoutLine: {'line': b'-- Up-to-date: /home/jmj/pro_asp_ws/ws_px4_controls/install/px4_msgs/local/lib/python3.10/dist-packages/px4_msgs/msg/_rtl_status.py\n'}
[1.089779] (px4_msgs) StdoutLine: {'line': b'-- Up-to-date: /home/jmj/pro_asp_ws/ws_px4_controls/install/px4_msgs/local/lib/python3.10/dist-packages/px4_msgs/msg/_can_interface_status.py\n'}
[1.089814] (px4_msgs) StdoutLine: {'line': b'-- Up-to-date: /home/jmj/pro_asp_ws/ws_px4_controls/install/px4_msgs/local/lib/python3.10/dist-packages/px4_msgs/msg/_internal_combustion_engine_control_s.c\n'}
[1.089841] (px4_msgs) StdoutLine: {'line': b'-- Up-to-date: /home/jmj/pro_asp_ws/ws_px4_controls/install/px4_msgs/local/lib/python3.10/dist-packages/px4_msgs/msg/_gimbal_manager_information.py\n'}
[1.089865] (px4_msgs) StdoutLine: {'line': b'-- Up-to-date: /home/jmj/pro_asp_ws/ws_px4_controls/install/px4_msgs/local/lib/python3.10/dist-packages/px4_msgs/msg/_debug_vect.py\n'}
[1.090062] (px4_msgs) StdoutLine: {'line': b'-- Up-to-date: /home/jmj/pro_asp_ws/ws_px4_controls/install/px4_msgs/local/lib/python3.10/dist-packages/px4_msgs/msg/_failure_detector_status_s.c\n'}
[1.090153] (px4_msgs) StdoutLine: {'line': b'-- Up-to-date: /home/jmj/pro_asp_ws/ws_px4_controls/install/px4_msgs/local/lib/python3.10/dist-packages/px4_msgs/msg/_ping.py\n'}
[1.090234] (px4_msgs) StdoutLine: {'line': b'-- Up-to-date: /home/jmj/pro_asp_ws/ws_px4_controls/install/px4_msgs/local/lib/python3.10/dist-packages/px4_msgs/msg/__init__.py\n'}
[1.090356] (px4_msgs) StdoutLine: {'line': b'-- Up-to-date: /home/jmj/pro_asp_ws/ws_px4_controls/install/px4_msgs/local/lib/python3.10/dist-packages/px4_msgs/msg/_trajectory_setpoint.py\n'}
[1.090405] (px4_msgs) StdoutLine: {'line': b'-- Up-to-date: /home/jmj/pro_asp_ws/ws_px4_controls/install/px4_msgs/local/lib/python3.10/dist-packages/px4_msgs/msg/_sensor_accel_fifo.py\n'}
[1.090446] (px4_msgs) StdoutLine: {'line': b'-- Up-to-date: /home/jmj/pro_asp_ws/ws_px4_controls/install/px4_msgs/local/lib/python3.10/dist-packages/px4_msgs/msg/_geofence_result.py\n'}
[1.090493] (px4_msgs) StdoutLine: {'line': b'-- Up-to-date: /home/jmj/pro_asp_ws/ws_px4_controls/install/px4_msgs/local/lib/python3.10/dist-packages/px4_msgs/msg/_debug_value.py\n'}
[1.090535] (px4_msgs) StdoutLine: {'line': b'-- Up-to-date: /home/jmj/pro_asp_ws/ws_px4_controls/install/px4_msgs/local/lib/python3.10/dist-packages/px4_msgs/msg/_sensor_gyro_fft_s.c\n'}
[1.090576] (px4_msgs) StdoutLine: {'line': b'-- Up-to-date: /home/jmj/pro_asp_ws/ws_px4_controls/install/px4_msgs/local/lib/python3.10/dist-packages/px4_msgs/msg/_message_format_request.py\n'}
[1.090619] (px4_msgs) StdoutLine: {'line': b'-- Up-to-date: /home/jmj/pro_asp_ws/ws_px4_controls/install/px4_msgs/local/lib/python3.10/dist-packages/px4_msgs/msg/_action_request_s.c\n'}
[1.090660] (px4_msgs) StdoutLine: {'line': b'-- Up-to-date: /home/jmj/pro_asp_ws/ws_px4_controls/install/px4_msgs/local/lib/python3.10/dist-packages/px4_msgs/msg/_vehicle_roi.py\n'}
[1.090702] (px4_msgs) StdoutLine: {'line': b'-- Up-to-date: /home/jmj/pro_asp_ws/ws_px4_controls/install/px4_msgs/local/lib/python3.10/dist-packages/px4_msgs/msg/_sensor_gnss_relative.py\n'}
[1.090747] (px4_msgs) StdoutLine: {'line': b'-- Up-to-date: /home/jmj/pro_asp_ws/ws_px4_controls/install/px4_msgs/local/lib/python3.10/dist-packages/px4_msgs/msg/_distance_sensor.py\n'}
[1.090813] (px4_msgs) StdoutLine: {'line': b'-- Up-to-date: /home/jmj/pro_asp_ws/ws_px4_controls/install/px4_msgs/local/lib/python3.10/dist-packages/px4_msgs/msg/_airspeed_wind.py\n'}
[1.090860] (px4_msgs) StdoutLine: {'line': b'-- Up-to-date: /home/jmj/pro_asp_ws/ws_px4_controls/install/px4_msgs/local/lib/python3.10/dist-packages/px4_msgs/msg/_yaw_estimator_status_s.c\n'}
[1.090897] (px4_msgs) StdoutLine: {'line': b'-- Up-to-date: /home/jmj/pro_asp_ws/ws_px4_controls/install/px4_msgs/local/lib/python3.10/dist-packages/px4_msgs/msg/_internal_combustion_engine_status.py\n'}
[1.090956] (px4_msgs) StdoutLine: {'line': b'-- Up-to-date: /home/jmj/pro_asp_ws/ws_px4_controls/install/px4_msgs/local/lib/python3.10/dist-packages/px4_msgs/msg/_gps_inject_data_s.c\n'}
[1.091022] (px4_msgs) StdoutLine: {'line': b'-- Up-to-date: /home/jmj/pro_asp_ws/ws_px4_controls/install/px4_msgs/local/lib/python3.10/dist-packages/px4_msgs/msg/_gripper.py\n'}
[1.091101] (px4_msgs) StdoutLine: {'line': b'-- Up-to-date: /home/jmj/pro_asp_ws/ws_px4_controls/install/px4_msgs/local/lib/python3.10/dist-packages/px4_msgs/msg/_sensor_preflight_mag_s.c\n'}
[1.091148] (px4_msgs) StdoutLine: {'line': b'-- Up-to-date: /home/jmj/pro_asp_ws/ws_px4_controls/install/px4_msgs/local/lib/python3.10/dist-packages/px4_msgs/msg/_register_ext_component_request.py\n'}
[1.091190] (px4_msgs) StdoutLine: {'line': b'-- Up-to-date: /home/jmj/pro_asp_ws/ws_px4_controls/install/px4_msgs/local/lib/python3.10/dist-packages/px4_msgs/msg/_vehicle_command.py\n'}
[1.091230] (px4_msgs) StdoutLine: {'line': b'-- Up-to-date: /home/jmj/pro_asp_ws/ws_px4_controls/install/px4_msgs/local/lib/python3.10/dist-packages/px4_msgs/msg/_rover_attitude_setpoint.py\n'}
[1.091272] (px4_msgs) StdoutLine: {'line': b'-- Up-to-date: /home/jmj/pro_asp_ws/ws_px4_controls/install/px4_msgs/local/lib/python3.10/dist-packages/px4_msgs/msg/_position_setpoint_triplet.py\n'}
[1.091320] (px4_msgs) StdoutLine: {'line': b'-- Up-to-date: /home/jmj/pro_asp_ws/ws_px4_controls/install/px4_msgs/local/lib/python3.10/dist-packages/px4_msgs/msg/_vehicle_local_position_setpoint.py\n'}
[1.091366] (px4_msgs) StdoutLine: {'line': b'-- Up-to-date: /home/jmj/pro_asp_ws/ws_px4_controls/install/px4_msgs/local/lib/python3.10/dist-packages/px4_msgs/msg/_arming_check_reply.py\n'}
[1.091415] (px4_msgs) StdoutLine: {'line': b'-- Up-to-date: /home/jmj/pro_asp_ws/ws_px4_controls/install/px4_msgs/local/lib/python3.10/dist-packages/px4_msgs/msg/_vehicle_acceleration_s.c\n'}
[1.091459] (px4_msgs) StdoutLine: {'line': b'-- Up-to-date: /home/jmj/pro_asp_ws/ws_px4_controls/install/px4_msgs/local/lib/python3.10/dist-packages/px4_msgs/msg/_rpm_s.c\n'}
[1.091505] (px4_msgs) StdoutLine: {'line': b'-- Up-to-date: /home/jmj/pro_asp_ws/ws_px4_controls/install/px4_msgs/local/lib/python3.10/dist-packages/px4_msgs/msg/_mount_orientation.py\n'}
[1.091550] (px4_msgs) StdoutLine: {'line': b'-- Up-to-date: /home/jmj/pro_asp_ws/ws_px4_controls/install/px4_msgs/local/lib/python3.10/dist-packages/px4_msgs/msg/_debug_array.py\n'}
[1.091623] (px4_msgs) StdoutLine: {'line': b'-- Up-to-date: /home/jmj/pro_asp_ws/ws_px4_controls/install/px4_msgs/local/lib/python3.10/dist-packages/px4_msgs/msg/_log_message_s.c\n'}
[1.091666] (px4_msgs) StdoutLine: {'line': b'-- Up-to-date: /home/jmj/pro_asp_ws/ws_px4_controls/install/px4_msgs/local/lib/python3.10/dist-packages/px4_msgs/msg/_sensor_gps_s.c\n'}
[1.091706] (px4_msgs) StdoutLine: {'line': b'-- Up-to-date: /home/jmj/pro_asp_ws/ws_px4_controls/install/px4_msgs/local/lib/python3.10/dist-packages/px4_msgs/msg/_rtl_time_estimate_s.c\n'}
[1.091743] (px4_msgs) StdoutLine: {'line': b'-- Up-to-date: /home/jmj/pro_asp_ws/ws_px4_controls/install/px4_msgs/local/lib/python3.10/dist-packages/px4_msgs/msg/_onboard_computer_status.py\n'}
[1.091770] (px4_msgs) StdoutLine: {'line': b'-- Up-to-date: /home/jmj/pro_asp_ws/ws_px4_controls/install/px4_msgs/local/lib/python3.10/dist-packages/px4_msgs/msg/_register_ext_component_request_s.c\n'}
[1.091794] (px4_msgs) StdoutLine: {'line': b'-- Up-to-date: /home/jmj/pro_asp_ws/ws_px4_controls/install/px4_msgs/local/lib/python3.10/dist-packages/px4_msgs/msg/_estimator_states_s.c\n'}
[1.091819] (px4_msgs) StdoutLine: {'line': b'-- Up-to-date: /home/jmj/pro_asp_ws/ws_px4_controls/install/px4_msgs/local/lib/python3.10/dist-packages/px4_msgs/msg/_sensor_gyro_fifo.py\n'}
[1.091844] (px4_msgs) StdoutLine: {'line': b'-- Up-to-date: /home/jmj/pro_asp_ws/ws_px4_controls/install/px4_msgs/local/lib/python3.10/dist-packages/px4_msgs/msg/_gps_dump_s.c\n'}
[1.091868] (px4_msgs) StdoutLine: {'line': b'-- Up-to-date: /home/jmj/pro_asp_ws/ws_px4_controls/install/px4_msgs/local/lib/python3.10/dist-packages/px4_msgs/msg/_vehicle_torque_setpoint_s.c\n'}
[1.091892] (px4_msgs) StdoutLine: {'line': b'-- Up-to-date: /home/jmj/pro_asp_ws/ws_px4_controls/install/px4_msgs/local/lib/python3.10/dist-packages/px4_msgs/msg/_gimbal_device_set_attitude_s.c\n'}
[1.091916] (px4_msgs) StdoutLine: {'line': b'-- Up-to-date: /home/jmj/pro_asp_ws/ws_px4_controls/install/px4_msgs/local/lib/python3.10/dist-packages/px4_msgs/msg/_fuel_tank_status.py\n'}
[1.091949] (px4_msgs) StdoutLine: {'line': b'-- Up-to-date: /home/jmj/pro_asp_ws/ws_px4_controls/install/px4_msgs/local/lib/python3.10/dist-packages/px4_msgs/msg/_sensor_gyro_fifo_s.c\n'}
[1.091976] (px4_msgs) StdoutLine: {'line': b'-- Up-to-date: /home/jmj/pro_asp_ws/ws_px4_controls/install/px4_msgs/local/lib/python3.10/dist-packages/px4_msgs/msg/_landing_target_pose.py\n'}
[1.092021] (px4_msgs) StdoutLine: {'line': b'-- Up-to-date: /home/jmj/pro_asp_ws/ws_px4_controls/install/px4_msgs/local/lib/python3.10/dist-packages/px4_msgs/msg/_action_request.py\n'}
[1.092049] (px4_msgs) StdoutLine: {'line': b'-- Up-to-date: /home/jmj/pro_asp_ws/ws_px4_controls/install/px4_msgs/local/lib/python3.10/dist-packages/px4_msgs/msg/_power_button_state.py\n'}
[1.092073] (px4_msgs) StdoutLine: {'line': b'-- Up-to-date: /home/jmj/pro_asp_ws/ws_px4_controls/install/px4_msgs/local/lib/python3.10/dist-packages/px4_msgs/msg/_follow_target_s.c\n'}
[1.092097] (px4_msgs) StdoutLine: {'line': b'-- Up-to-date: /home/jmj/pro_asp_ws/ws_px4_controls/install/px4_msgs/local/lib/python3.10/dist-packages/px4_msgs/msg/_vehicle_constraints.py\n'}
[1.092124] (px4_msgs) StdoutLine: {'line': b'-- Up-to-date: /home/jmj/pro_asp_ws/ws_px4_controls/install/px4_msgs/local/lib/python3.10/dist-packages/px4_msgs/msg/_rc_parameter_map_s.c\n'}
[1.092178] (px4_msgs) StdoutLine: {'line': b'-- Up-to-date: /home/jmj/pro_asp_ws/ws_px4_controls/install/px4_msgs/local/lib/python3.10/dist-packages/px4_msgs/msg/_actuator_servos_s.c\n'}
[1.092298] (px4_msgs) StdoutLine: {'line': b'-- Up-to-date: /home/jmj/pro_asp_ws/ws_px4_controls/install/px4_msgs/local/lib/python3.10/dist-packages/px4_msgs/msg/_estimator_innovations_s.c\n'}
[1.092393] (px4_msgs) StdoutLine: {'line': b'-- Up-to-date: /home/jmj/pro_asp_ws/ws_px4_controls/install/px4_msgs/local/lib/python3.10/dist-packages/px4_msgs/msg/_open_drone_id_system_s.c\n'}
[1.092512] (px4_msgs) StdoutLine: {'line': b'-- Up-to-date: /home/jmj/pro_asp_ws/ws_px4_controls/install/px4_msgs/local/lib/python3.10/dist-packages/px4_msgs/msg/_actuator_armed.py\n'}
[1.092719] (px4_msgs) StdoutLine: {'line': b'-- Up-to-date: /home/jmj/pro_asp_ws/ws_px4_controls/install/px4_msgs/local/lib/python3.10/dist-packages/px4_msgs/msg/_position_controller_status.py\n'}
[1.092802] (px4_msgs) StdoutLine: {'line': b'-- Up-to-date: /home/jmj/pro_asp_ws/ws_px4_controls/install/px4_msgs/local/lib/python3.10/dist-packages/px4_msgs/msg/_failsafe_flags.py\n'}
[1.092874] (px4_msgs) StdoutLine: {'line': b'-- Up-to-date: /home/jmj/pro_asp_ws/ws_px4_controls/install/px4_msgs/local/lib/python3.10/dist-packages/px4_msgs/msg/_adc_report_s.c\n'}
[1.092977] (px4_msgs) StdoutLine: {'line': b'-- Up-to-date: /home/jmj/pro_asp_ws/ws_px4_controls/install/px4_msgs/local/lib/python3.10/dist-packages/px4_msgs/msg/_figure_eight_status.py\n'}
[1.093047] (px4_msgs) StdoutLine: {'line': b'-- Up-to-date: /home/jmj/pro_asp_ws/ws_px4_controls/install/px4_msgs/local/lib/python3.10/dist-packages/px4_msgs/msg/_estimator_selector_status.py\n'}
[1.093112] (px4_msgs) StdoutLine: {'line': b'-- Up-to-date: /home/jmj/pro_asp_ws/ws_px4_controls/install/px4_msgs/local/lib/python3.10/dist-packages/px4_msgs/msg/_vehicle_imu.py\n'}
[1.093183] (px4_msgs) StdoutLine: {'line': b'-- Up-to-date: /home/jmj/pro_asp_ws/ws_px4_controls/install/px4_msgs/local/lib/python3.10/dist-packages/px4_msgs/msg/_sensor_gyro_fft.py\n'}
[1.093253] (px4_msgs) StdoutLine: {'line': b'-- Up-to-date: /home/jmj/pro_asp_ws/ws_px4_controls/install/px4_msgs/local/lib/python3.10/dist-packages/px4_msgs/msg/_estimator_gps_status.py\n'}
[1.093343] (px4_msgs) StdoutLine: {'line': b'-- Up-to-date: /home/jmj/pro_asp_ws/ws_px4_controls/install/px4_msgs/local/lib/python3.10/dist-packages/px4_msgs/msg/_dataman_request.py\n'}
[1.093410] (px4_msgs) StdoutLine: {'line': b'-- Up-to-date: /home/jmj/pro_asp_ws/ws_px4_controls/install/px4_msgs/local/lib/python3.10/dist-packages/px4_msgs/msg/_magnetometer_bias_estimate.py\n'}
[1.093500] (px4_msgs) StdoutLine: {'line': b'-- Up-to-date: /home/jmj/pro_asp_ws/ws_px4_controls/install/px4_msgs/local/lib/python3.10/dist-packages/px4_msgs/msg/_vtol_vehicle_status.py\n'}
[1.093579] (px4_msgs) StdoutLine: {'line': b'-- Up-to-date: /home/jmj/pro_asp_ws/ws_px4_controls/install/px4_msgs/local/lib/python3.10/dist-packages/px4_msgs/msg/_autotune_attitude_control_status.py\n'}
[1.093646] (px4_msgs) StdoutLine: {'line': b'-- Up-to-date: /home/jmj/pro_asp_ws/ws_px4_controls/install/px4_msgs/local/lib/python3.10/dist-packages/px4_msgs/msg/_actuator_test_s.c\n'}
[1.093726] (px4_msgs) StdoutLine: {'line': b'-- Up-to-date: /home/jmj/pro_asp_ws/ws_px4_controls/install/px4_msgs/local/lib/python3.10/dist-packages/px4_msgs/msg/_gimbal_manager_set_manual_control.py\n'}
[1.093836] (px4_msgs) StdoutLine: {'line': b'-- Up-to-date: /home/jmj/pro_asp_ws/ws_px4_controls/install/px4_msgs/local/lib/python3.10/dist-packages/px4_msgs/msg/_parameter_set_value_request_s.c\n'}
[1.093915] (px4_msgs) StdoutLine: {'line': b'-- Up-to-date: /home/jmj/pro_asp_ws/ws_px4_controls/install/px4_msgs/local/lib/python3.10/dist-packages/px4_msgs/msg/_gimbal_device_set_attitude.py\n'}
[1.094005] (px4_msgs) StdoutLine: {'line': b'-- Up-to-date: /home/jmj/pro_asp_ws/ws_px4_controls/install/px4_msgs/local/lib/python3.10/dist-packages/px4_msgs/msg/_vehicle_rates_setpoint.py\n'}
[1.094142] (px4_msgs) StdoutLine: {'line': b'-- Up-to-date: /home/jmj/pro_asp_ws/ws_px4_controls/install/px4_msgs/local/lib/python3.10/dist-packages/px4_msgs/msg/_landing_gear_s.c\n'}
[1.094233] (px4_msgs) StdoutLine: {'line': b'-- Up-to-date: /home/jmj/pro_asp_ws/ws_px4_controls/install/px4_msgs/local/lib/python3.10/dist-packages/px4_msgs/msg/_open_drone_id_self_id.py\n'}
[1.094274] (px4_msgs) StdoutLine: {'line': b'-- Up-to-date: /home/jmj/pro_asp_ws/ws_px4_controls/install/px4_msgs/local/lib/python3.10/dist-packages/px4_msgs/msg/_logger_status_s.c\n'}
[1.094327] (px4_msgs) StdoutLine: {'line': b'-- Up-to-date: /home/jmj/pro_asp_ws/ws_px4_controls/install/px4_msgs/local/lib/python3.10/dist-packages/px4_msgs/msg/_actuator_motors.py\n'}
[1.094362] (px4_msgs) StdoutLine: {'line': b'-- Up-to-date: /home/jmj/pro_asp_ws/ws_px4_controls/install/px4_msgs/local/lib/python3.10/dist-packages/px4_msgs/msg/_position_setpoint_s.c\n'}
[1.094401] (px4_msgs) StdoutLine: {'line': b'-- Up-to-date: /home/jmj/pro_asp_ws/ws_px4_controls/install/px4_msgs/local/lib/python3.10/dist-packages/px4_msgs/msg/_collision_constraints.py\n'}
[1.094441] (px4_msgs) StdoutLine: {'line': b'-- Up-to-date: /home/jmj/pro_asp_ws/ws_px4_controls/install/px4_msgs/local/lib/python3.10/dist-packages/px4_msgs/msg/_vehicle_angular_acceleration_setpoint_s.c\n'}
[1.094481] (px4_msgs) StdoutLine: {'line': b'-- Up-to-date: /home/jmj/pro_asp_ws/ws_px4_controls/install/px4_msgs/local/lib/python3.10/dist-packages/px4_msgs/msg/_sensor_accel_fifo_s.c\n'}
[1.094518] (px4_msgs) StdoutLine: {'line': b'-- Up-to-date: /home/jmj/pro_asp_ws/ws_px4_controls/install/px4_msgs/local/lib/python3.10/dist-packages/px4_msgs/msg/_sensor_optical_flow.py\n'}
[1.094557] (px4_msgs) StdoutLine: {'line': b'-- Up-to-date: /home/jmj/pro_asp_ws/ws_px4_controls/install/px4_msgs/local/lib/python3.10/dist-packages/px4_msgs/msg/_event_s.c\n'}
[1.094595] (px4_msgs) StdoutLine: {'line': b'-- Up-to-date: /home/jmj/pro_asp_ws/ws_px4_controls/install/px4_msgs/local/lib/python3.10/dist-packages/px4_msgs/msg/_manual_control_setpoint.py\n'}
[1.094665] (px4_msgs) StdoutLine: {'line': b'-- Up-to-date: /home/jmj/pro_asp_ws/ws_px4_controls/install/px4_msgs/local/lib/python3.10/dist-packages/px4_msgs/msg/_vehicle_magnetometer.py\n'}
[1.094705] (px4_msgs) StdoutLine: {'line': b'-- Up-to-date: /home/jmj/pro_asp_ws/ws_px4_controls/install/px4_msgs/local/lib/python3.10/dist-packages/px4_msgs/msg/_satellite_info.py\n'}
[1.094748] (px4_msgs) StdoutLine: {'line': b'-- Up-to-date: /home/jmj/pro_asp_ws/ws_px4_controls/install/px4_msgs/local/lib/python3.10/dist-packages/px4_msgs/msg/_event.py\n'}
[1.094784] (px4_msgs) StdoutLine: {'line': b'-- Up-to-date: /home/jmj/pro_asp_ws/ws_px4_controls/install/px4_msgs/local/lib/python3.10/dist-packages/px4_msgs/msg/_differential_pressure_s.c\n'}
[1.094853] (px4_msgs) StdoutLine: {'line': b'-- Up-to-date: /home/jmj/pro_asp_ws/ws_px4_controls/install/px4_msgs/local/lib/python3.10/dist-packages/px4_msgs/msg/_gpio_out.py\n'}
[1.094890] (px4_msgs) StdoutLine: {'line': b'-- Up-to-date: /home/jmj/pro_asp_ws/ws_px4_controls/install/px4_msgs/local/lib/python3.10/dist-packages/px4_msgs/msg/_orbit_status_s.c\n'}
[1.094927] (px4_msgs) StdoutLine: {'line': b'-- Up-to-date: /home/jmj/pro_asp_ws/ws_px4_controls/install/px4_msgs/local/lib/python3.10/dist-packages/px4_msgs/msg/_config_overrides.py\n'}
[1.095004] (px4_msgs) StdoutLine: {'line': b'-- Up-to-date: /home/jmj/pro_asp_ws/ws_px4_controls/install/px4_msgs/local/lib/python3.10/dist-packages/px4_msgs/msg/_parameter_update_s.c\n'}
[1.095046] (px4_msgs) StdoutLine: {'line': b'-- Up-to-date: /home/jmj/pro_asp_ws/ws_px4_controls/install/px4_msgs/local/lib/python3.10/dist-packages/px4_msgs/msg/_irlock_report_s.c\n'}
[1.095085] (px4_msgs) StdoutLine: {'line': b'-- Up-to-date: /home/jmj/pro_asp_ws/ws_px4_controls/install/px4_msgs/local/lib/python3.10/dist-packages/px4_msgs/msg/_camera_trigger.py\n'}
[1.095124] (px4_msgs) StdoutLine: {'line': b'-- Up-to-date: /home/jmj/pro_asp_ws/ws_px4_controls/install/px4_msgs/local/lib/python3.10/dist-packages/px4_msgs/msg/_vehicle_land_detected.py\n'}
[1.095159] (px4_msgs) StdoutLine: {'line': b'-- Up-to-date: /home/jmj/pro_asp_ws/ws_px4_controls/install/px4_msgs/local/lib/python3.10/dist-packages/px4_msgs/msg/_fixed_wing_longitudinal_setpoint.py\n'}
[1.095197] (px4_msgs) StdoutLine: {'line': b'-- Up-to-date: /home/jmj/pro_asp_ws/ws_px4_controls/install/px4_msgs/local/lib/python3.10/dist-packages/px4_msgs/msg/_estimator_aid_source3d_s.c\n'}
[1.095254] (px4_msgs) StdoutLine: {'line': b'-- Up-to-date: /home/jmj/pro_asp_ws/ws_px4_controls/install/px4_msgs/local/lib/python3.10/dist-packages/px4_msgs/msg/_internal_combustion_engine_status_s.c\n'}
[1.095294] (px4_msgs) StdoutLine: {'line': b'-- Up-to-date: /home/jmj/pro_asp_ws/ws_px4_controls/install/px4_msgs/local/lib/python3.10/dist-packages/px4_msgs/msg/_launch_detection_status.py\n'}
[1.095331] (px4_msgs) StdoutLine: {'line': b'-- Up-to-date: /home/jmj/pro_asp_ws/ws_px4_controls/install/px4_msgs/local/lib/python3.10/dist-packages/px4_msgs/msg/_qshell_req_s.c\n'}
[1.095367] (px4_msgs) StdoutLine: {'line': b'-- Up-to-date: /home/jmj/pro_asp_ws/ws_px4_controls/install/px4_msgs/local/lib/python3.10/dist-packages/px4_msgs/msg/_landing_gear.py\n'}
[1.095403] (px4_msgs) StdoutLine: {'line': b'-- Up-to-date: /home/jmj/pro_asp_ws/ws_px4_controls/install/px4_msgs/local/lib/python3.10/dist-packages/px4_msgs/msg/_parameter_set_used_request_s.c\n'}
[1.095439] (px4_msgs) StdoutLine: {'line': b'-- Up-to-date: /home/jmj/pro_asp_ws/ws_px4_controls/install/px4_msgs/local/lib/python3.10/dist-packages/px4_msgs/msg/_flight_phase_estimation.py\n'}
[1.095478] (px4_msgs) StdoutLine: {'line': b'-- Up-to-date: /home/jmj/pro_asp_ws/ws_px4_controls/install/px4_msgs/local/lib/python3.10/dist-packages/px4_msgs/msg/_rover_velocity_status.py\n'}
[1.095520] (px4_msgs) StdoutLine: {'line': b'-- Up-to-date: /home/jmj/pro_asp_ws/ws_px4_controls/install/px4_msgs/local/lib/python3.10/dist-packages/px4_msgs/msg/_vehicle_attitude.py\n'}
[1.095580] (px4_msgs) StdoutLine: {'line': b'-- Up-to-date: /home/jmj/pro_asp_ws/ws_px4_controls/install/px4_msgs/local/lib/python3.10/dist-packages/px4_msgs/msg/_takeoff_status_s.c\n'}
[1.095628] (px4_msgs) StdoutLine: {'line': b'-- Up-to-date: /home/jmj/pro_asp_ws/ws_px4_controls/install/px4_msgs/local/lib/python3.10/dist-packages/px4_msgs/msg/_vehicle_acceleration.py\n'}
[1.095677] (px4_msgs) StdoutLine: {'line': b'-- Up-to-date: /home/jmj/pro_asp_ws/ws_px4_controls/install/px4_msgs/local/lib/python3.10/dist-packages/px4_msgs/msg/_vehicle_status_s.c\n'}
[1.095727] (px4_msgs) StdoutLine: {'line': b'-- Up-to-date: /home/jmj/pro_asp_ws/ws_px4_controls/install/px4_msgs/local/lib/python3.10/dist-packages/px4_msgs/msg/_vehicle_optical_flow.py\n'}
[1.095809] (px4_msgs) StdoutLine: {'line': b'-- Up-to-date: /home/jmj/pro_asp_ws/ws_px4_controls/install/px4_msgs/local/lib/python3.10/dist-packages/px4_msgs/msg/_can_interface_status_s.c\n'}
[1.095862] (px4_msgs) StdoutLine: {'line': b'-- Up-to-date: /home/jmj/pro_asp_ws/ws_px4_controls/install/px4_msgs/local/lib/python3.10/dist-packages/px4_msgs/msg/_velocity_limits_s.c\n'}
[1.095907] (px4_msgs) StdoutLine: {'line': b'-- Up-to-date: /home/jmj/pro_asp_ws/ws_px4_controls/install/px4_msgs/local/lib/python3.10/dist-packages/px4_msgs/msg/_parameter_set_used_request.py\n'}
[1.095955] (px4_msgs) StdoutLine: {'line': b'-- Up-to-date: /home/jmj/pro_asp_ws/ws_px4_controls/install/px4_msgs/local/lib/python3.10/dist-packages/px4_msgs/msg/_pps_capture_s.c\n'}
[1.096015] (px4_msgs) StdoutLine: {'line': b'-- Up-to-date: /home/jmj/pro_asp_ws/ws_px4_controls/install/px4_msgs/local/lib/python3.10/dist-packages/px4_msgs/msg/_landing_gear_wheel_s.c\n'}
[1.096063] (px4_msgs) StdoutLine: {'line': b'-- Up-to-date: /home/jmj/pro_asp_ws/ws_px4_controls/install/px4_msgs/local/lib/python3.10/dist-packages/px4_msgs/msg/_yaw_estimator_status.py\n'}
[1.096106] (px4_msgs) StdoutLine: {'line': b'-- Up-to-date: /home/jmj/pro_asp_ws/ws_px4_controls/install/px4_msgs/local/lib/python3.10/dist-packages/px4_msgs/msg/_sensor_baro_s.c\n'}
[1.096152] (px4_msgs) StdoutLine: {'line': b'-- Up-to-date: /home/jmj/pro_asp_ws/ws_px4_controls/install/px4_msgs/local/lib/python3.10/dist-packages/px4_msgs/msg/_gps_inject_data.py\n'}
[1.096197] (px4_msgs) StdoutLine: {'line': b'-- Up-to-date: /home/jmj/pro_asp_ws/ws_px4_controls/install/px4_msgs/local/lib/python3.10/dist-packages/px4_msgs/msg/_estimator_aid_source1d.py\n'}
[1.096247] (px4_msgs) StdoutLine: {'line': b'-- Up-to-date: /home/jmj/pro_asp_ws/ws_px4_controls/install/px4_msgs/local/lib/python3.10/dist-packages/px4_msgs/msg/_vehicle_imu_s.c\n'}
[1.096298] (px4_msgs) StdoutLine: {'line': b'-- Up-to-date: /home/jmj/pro_asp_ws/ws_px4_controls/install/px4_msgs/local/lib/python3.10/dist-packages/px4_msgs/msg/_vehicle_optical_flow_vel_s.c\n'}
[1.096343] (px4_msgs) StdoutLine: {'line': b'-- Up-to-date: /home/jmj/pro_asp_ws/ws_px4_controls/install/px4_msgs/local/lib/python3.10/dist-packages/px4_msgs/msg/_gimbal_manager_set_attitude_s.c\n'}
[1.096393] (px4_msgs) StdoutLine: {'line': b'-- Up-to-date: /home/jmj/pro_asp_ws/ws_px4_controls/install/px4_msgs/local/lib/python3.10/dist-packages/px4_msgs/msg/_sensor_correction_s.c\n'}
[1.096436] (px4_msgs) StdoutLine: {'line': b'-- Up-to-date: /home/jmj/pro_asp_ws/ws_px4_controls/install/px4_msgs/local/lib/python3.10/dist-packages/px4_msgs/msg/_vehicle_angular_acceleration_setpoint.py\n'}
[1.096482] (px4_msgs) StdoutLine: {'line': b'-- Up-to-date: /home/jmj/pro_asp_ws/ws_px4_controls/install/px4_msgs/local/lib/python3.10/dist-packages/px4_msgs/msg/_follow_target_estimator_s.c\n'}
[1.096524] (px4_msgs) StdoutLine: {'line': b'-- Up-to-date: /home/jmj/pro_asp_ws/ws_px4_controls/install/px4_msgs/local/lib/python3.10/dist-packages/px4_msgs/msg/_onboard_computer_status_s.c\n'}
[1.096566] (px4_msgs) StdoutLine: {'line': b'-- Up-to-date: /home/jmj/pro_asp_ws/ws_px4_controls/install/px4_msgs/local/lib/python3.10/dist-packages/px4_msgs/msg/_collision_constraints_s.c\n'}
[1.096619] (px4_msgs) StdoutLine: {'line': b'-- Up-to-date: /home/jmj/pro_asp_ws/ws_px4_controls/install/px4_msgs/local/lib/python3.10/dist-packages/px4_msgs/msg/_sensor_combined_s.c\n'}
[1.096673] (px4_msgs) StdoutLine: {'line': b'-- Up-to-date: /home/jmj/pro_asp_ws/ws_px4_controls/install/px4_msgs/local/lib/python3.10/dist-packages/px4_msgs/msg/_satellite_info_s.c\n'}
[1.096719] (px4_msgs) StdoutLine: {'line': b'-- Up-to-date: /home/jmj/pro_asp_ws/ws_px4_controls/install/px4_msgs/local/lib/python3.10/dist-packages/px4_msgs/msg/_rtl_time_estimate.py\n'}
[1.096772] (px4_msgs) StdoutLine: {'line': b'-- Up-to-date: /home/jmj/pro_asp_ws/ws_px4_controls/install/px4_msgs/local/lib/python3.10/dist-packages/px4_msgs/msg/_pure_pursuit_status_s.c\n'}
[1.096814] (px4_msgs) StdoutLine: {'line': b'-- Up-to-date: /home/jmj/pro_asp_ws/ws_px4_controls/install/px4_msgs/local/lib/python3.10/dist-packages/px4_msgs/msg/_distance_sensor_mode_change_request.py\n'}
[1.096998] (px4_msgs) StdoutLine: {'line': b'-- Up-to-date: /home/jmj/pro_asp_ws/ws_px4_controls/install/px4_msgs/local/lib/python3.10/dist-packages/px4_msgs/msg/_navigator_status_s.c\n'}
[1.097161] (px4_msgs) StdoutLine: {'line': b'-- Up-to-date: /home/jmj/pro_asp_ws/ws_px4_controls/install/px4_msgs/local/lib/python3.10/dist-packages/px4_msgs/msg/_landing_target_innovations.py\n'}
[1.097230] (px4_msgs) StdoutLine: {'line': b'-- Up-to-date: /home/jmj/pro_asp_ws/ws_px4_controls/install/px4_msgs/local/lib/python3.10/dist-packages/px4_msgs/msg/_heater_status.py\n'}
[1.097313] (px4_msgs) StdoutLine: {'line': b'-- Up-to-date: /home/jmj/pro_asp_ws/ws_px4_controls/install/px4_msgs/local/lib/python3.10/dist-packages/px4_msgs/msg/_normalized_unsigned_setpoint.py\n'}
[1.097385] (px4_msgs) StdoutLine: {'line': b'-- Up-to-date: /home/jmj/pro_asp_ws/ws_px4_controls/install/px4_msgs/local/lib/python3.10/dist-packages/px4_msgs/msg/_ulog_stream_ack_s.c\n'}
[1.097490] (px4_msgs) StdoutLine: {'line': b'-- Up-to-date: /home/jmj/pro_asp_ws/ws_px4_controls/install/px4_msgs/local/lib/python3.10/dist-packages/px4_msgs/msg/_fixed_wing_lateral_guidance_status.py\n'}
[1.097566] (px4_msgs) StdoutLine: {'line': b'-- Up-to-date: /home/jmj/pro_asp_ws/ws_px4_controls/install/px4_msgs/local/lib/python3.10/dist-packages/px4_msgs/msg/_sensor_gnss_relative_s.c\n'}
[1.097641] (px4_msgs) StdoutLine: {'line': b'-- Up-to-date: /home/jmj/pro_asp_ws/ws_px4_controls/install/px4_msgs/local/lib/python3.10/dist-packages/px4_msgs/msg/_vehicle_local_position_setpoint_s.c\n'}
[1.097719] (px4_msgs) StdoutLine: {'line': b'-- Up-to-date: /home/jmj/pro_asp_ws/ws_px4_controls/install/px4_msgs/local/lib/python3.10/dist-packages/px4_msgs/msg/_ulog_stream.py\n'}
[1.097829] (px4_msgs) StdoutLine: {'line': b'-- Up-to-date: /home/jmj/pro_asp_ws/ws_px4_controls/install/px4_msgs/local/lib/python3.10/dist-packages/px4_msgs/msg/_rate_ctrl_status.py\n'}
[1.097916] (px4_msgs) StdoutLine: {'line': b'-- Up-to-date: /home/jmj/pro_asp_ws/ws_px4_controls/install/px4_msgs/local/lib/python3.10/dist-packages/px4_msgs/msg/_sensor_hygrometer_s.c\n'}
[1.098046] (px4_msgs) StdoutLine: {'line': b'-- Up-to-date: /home/jmj/pro_asp_ws/ws_px4_controls/install/px4_msgs/local/lib/python3.10/dist-packages/px4_msgs/msg/_task_stack_info.py\n'}
[1.098129] (px4_msgs) StdoutLine: {'line': b'-- Up-to-date: /home/jmj/pro_asp_ws/ws_px4_controls/install/px4_msgs/local/lib/python3.10/dist-packages/px4_msgs/msg/_failure_detector_status.py\n'}
[1.098231] (px4_msgs) StdoutLine: {'line': b'-- Up-to-date: /home/jmj/pro_asp_ws/ws_px4_controls/install/px4_msgs/local/lib/python3.10/dist-packages/px4_msgs/msg/_fixed_wing_lateral_guidance_status_s.c\n'}
[1.098337] (px4_msgs) StdoutLine: {'line': b'-- Up-to-date: /home/jmj/pro_asp_ws/ws_px4_controls/install/px4_msgs/local/lib/python3.10/dist-packages/px4_msgs/msg/_airspeed_s.c\n'}
[1.098386] (px4_msgs) StdoutLine: {'line': b'-- Up-to-date: /home/jmj/pro_asp_ws/ws_px4_controls/install/px4_msgs/local/lib/python3.10/dist-packages/px4_msgs/msg/_open_drone_id_operator_id_s.c\n'}
[1.098428] (px4_msgs) StdoutLine: {'line': b'-- Up-to-date: /home/jmj/pro_asp_ws/ws_px4_controls/install/px4_msgs/local/lib/python3.10/dist-packages/px4_msgs/msg/_cpuload.py\n'}
[1.098469] (px4_msgs) StdoutLine: {'line': b'-- Up-to-date: /home/jmj/pro_asp_ws/ws_px4_controls/install/px4_msgs/local/lib/python3.10/dist-packages/px4_msgs/msg/_mavlink_log_s.c\n'}
[1.098510] (px4_msgs) StdoutLine: {'line': b'-- Up-to-date: /home/jmj/pro_asp_ws/ws_px4_controls/install/px4_msgs/local/lib/python3.10/dist-packages/px4_msgs/msg/_vehicle_odometry_s.c\n'}
[1.098543] (px4_msgs) StdoutLine: {'line': b'-- Up-to-date: /home/jmj/pro_asp_ws/ws_px4_controls/install/px4_msgs/local/lib/python3.10/dist-packages/px4_msgs/msg/_gimbal_device_information.py\n'}
[1.098567] (px4_msgs) StdoutLine: {'line': b'-- Up-to-date: /home/jmj/pro_asp_ws/ws_px4_controls/install/px4_msgs/local/lib/python3.10/dist-packages/px4_msgs/msg/_qshell_retval_s.c\n'}
[1.098591] (px4_msgs) StdoutLine: {'line': b'-- Up-to-date: /home/jmj/pro_asp_ws/ws_px4_controls/install/px4_msgs/local/lib/python3.10/dist-packages/px4_msgs/msg/_takeoff_status.py\n'}
[1.098616] (px4_msgs) StdoutLine: {'line': b'-- Up-to-date: /home/jmj/pro_asp_ws/ws_px4_controls/install/px4_msgs/local/lib/python3.10/dist-packages/px4_msgs/msg/_debug_value_s.c\n'}
[1.098642] (px4_msgs) StdoutLine: {'line': b'-- Up-to-date: /home/jmj/pro_asp_ws/ws_px4_controls/install/px4_msgs/local/lib/python3.10/dist-packages/px4_msgs/msg/_lateral_control_configuration_s.c\n'}
[1.098668] (px4_msgs) StdoutLine: {'line': b'-- Up-to-date: /home/jmj/pro_asp_ws/ws_px4_controls/install/px4_msgs/local/lib/python3.10/dist-packages/px4_msgs/msg/_vehicle_attitude_s.c\n'}
[1.098793] (px4_msgs) StdoutLine: {'line': b'-- Up-to-date: /home/jmj/pro_asp_ws/ws_px4_controls/install/px4_msgs/local/lib/python3.10/dist-packages/px4_msgs/msg/_log_message.py\n'}
[1.098844] (px4_msgs) StdoutLine: {'line': b'-- Up-to-date: /home/jmj/pro_asp_ws/ws_px4_controls/install/px4_msgs/local/lib/python3.10/dist-packages/px4_msgs/msg/_vehicle_air_data_s.c\n'}
[1.098885] (px4_msgs) StdoutLine: {'line': b'-- Up-to-date: /home/jmj/pro_asp_ws/ws_px4_controls/install/px4_msgs/local/lib/python3.10/dist-packages/px4_msgs/msg/_fixed_wing_lateral_status.py\n'}
[1.098930] (px4_msgs) StdoutLine: {'line': b'-- Up-to-date: /home/jmj/pro_asp_ws/ws_px4_controls/install/px4_msgs/local/lib/python3.10/dist-packages/px4_msgs/msg/_rover_rate_setpoint_s.c\n'}
[1.099001] (px4_msgs) StdoutLine: {'line': b'-- Up-to-date: /home/jmj/pro_asp_ws/ws_px4_controls/install/px4_msgs/local/lib/python3.10/dist-packages/px4_msgs/msg/_heater_status_s.c\n'}
[1.099041] (px4_msgs) StdoutLine: {'line': b'-- Up-to-date: /home/jmj/pro_asp_ws/ws_px4_controls/install/px4_msgs/local/lib/python3.10/dist-packages/px4_msgs/msg/_unregister_ext_component_s.c\n'}
[1.099081] (px4_msgs) StdoutLine: {'line': b'-- Up-to-date: /home/jmj/pro_asp_ws/ws_px4_controls/install/px4_msgs/local/lib/python3.10/dist-packages/px4_msgs/msg/_pure_pursuit_status.py\n'}
[1.099127] (px4_msgs) StdoutLine: {'line': b'-- Up-to-date: /home/jmj/pro_asp_ws/ws_px4_controls/install/px4_msgs/local/lib/python3.10/dist-packages/px4_msgs/msg/_ulog_stream_ack.py\n'}
[1.099167] (px4_msgs) StdoutLine: {'line': b'-- Up-to-date: /home/jmj/pro_asp_ws/ws_px4_controls/install/px4_msgs/local/lib/python3.10/dist-packages/px4_msgs/msg/_input_rc.py\n'}
[1.099207] (px4_msgs) StdoutLine: {'line': b'-- Up-to-date: /home/jmj/pro_asp_ws/ws_px4_controls/install/px4_msgs/local/lib/python3.10/dist-packages/px4_msgs/msg/_mavlink_tunnel.py\n'}
[1.099248] (px4_msgs) StdoutLine: {'line': b'-- Up-to-date: /home/jmj/pro_asp_ws/ws_px4_controls/install/px4_msgs/local/lib/python3.10/dist-packages/px4_msgs/msg/_pwm_input.py\n'}
[1.099326] (px4_msgs) StdoutLine: {'line': b'-- Up-to-date: /home/jmj/pro_asp_ws/ws_px4_controls/install/px4_msgs/local/lib/python3.10/dist-packages/px4_msgs/msg/_esc_report.py\n'}
[1.099372] (px4_msgs) StdoutLine: {'line': b'-- Up-to-date: /home/jmj/pro_asp_ws/ws_px4_controls/install/px4_msgs/local/lib/python3.10/dist-packages/px4_msgs/msg/_arming_check_request.py\n'}
[1.099419] (px4_msgs) StdoutLine: {'line': b'-- Up-to-date: /home/jmj/pro_asp_ws/ws_px4_controls/install/px4_msgs/local/lib/python3.10/dist-packages/px4_msgs/msg/_offboard_control_mode.py\n'}
[1.099461] (px4_msgs) StdoutLine: {'line': b'-- Up-to-date: /home/jmj/pro_asp_ws/ws_px4_controls/install/px4_msgs/local/lib/python3.10/dist-packages/px4_msgs/msg/_flight_phase_estimation_s.c\n'}
[1.099499] (px4_msgs) StdoutLine: {'line': b'-- Up-to-date: /home/jmj/pro_asp_ws/ws_px4_controls/install/px4_msgs/local/lib/python3.10/dist-packages/px4_msgs/msg/_gpio_request_s.c\n'}
[1.099536] (px4_msgs) StdoutLine: {'line': b'-- Up-to-date: /home/jmj/pro_asp_ws/ws_px4_controls/install/px4_msgs/local/lib/python3.10/dist-packages/px4_msgs/msg/_power_monitor_s.c\n'}
[1.099581] (px4_msgs) StdoutLine: {'line': b'-- Up-to-date: /home/jmj/pro_asp_ws/ws_px4_controls/install/px4_msgs/local/lib/python3.10/dist-packages/px4_msgs/msg/_orbit_status.py\n'}
[1.099627] (px4_msgs) StdoutLine: {'line': b'-- Up-to-date: /home/jmj/pro_asp_ws/ws_px4_controls/install/px4_msgs/local/lib/python3.10/dist-packages/px4_msgs/msg/_dataman_request_s.c\n'}
[1.099669] (px4_msgs) StdoutLine: {'line': b'-- Up-to-date: /home/jmj/pro_asp_ws/ws_px4_controls/install/px4_msgs/local/lib/python3.10/dist-packages/px4_msgs/msg/_landing_target_innovations_s.c\n'}
[1.099706] (px4_msgs) StdoutLine: {'line': b'-- Up-to-date: /home/jmj/pro_asp_ws/ws_px4_controls/install/px4_msgs/local/lib/python3.10/dist-packages/px4_msgs/msg/_parameter_reset_request_s.c\n'}
[1.099773] (px4_msgs) StdoutLine: {'line': b'-- Up-to-date: /home/jmj/pro_asp_ws/ws_px4_controls/install/px4_msgs/local/lib/python3.10/dist-packages/px4_msgs/msg/_orb_test_medium_s.c\n'}
[1.099813] (px4_msgs) StdoutLine: {'line': b'-- Up-to-date: /home/jmj/pro_asp_ws/ws_px4_controls/install/px4_msgs/local/lib/python3.10/dist-packages/px4_msgs/msg/_landing_gear_wheel.py\n'}
[1.099858] (px4_msgs) StdoutLine: {'line': b'-- Up-to-date: /home/jmj/pro_asp_ws/ws_px4_controls/install/px4_msgs/local/lib/python3.10/dist-packages/px4_msgs/msg/_actuator_servos_trim.py\n'}
[1.099908] (px4_msgs) StdoutLine: {'line': b'-- Up-to-date: /home/jmj/pro_asp_ws/ws_px4_controls/install/px4_msgs/local/lib/python3.10/dist-packages/px4_msgs/msg/_position_setpoint.py\n'}
[1.099955] (px4_msgs) StdoutLine: {'line': b'-- Up-to-date: /home/jmj/pro_asp_ws/ws_px4_controls/install/px4_msgs/local/lib/python3.10/dist-packages/px4_msgs/msg/_rover_throttle_setpoint.py\n'}
[1.099998] (px4_msgs) StdoutLine: {'line': b'-- Up-to-date: /home/jmj/pro_asp_ws/ws_px4_controls/install/px4_msgs/local/lib/python3.10/dist-packages/px4_msgs/msg/_actuator_outputs_s.c\n'}
[1.100028] (px4_msgs) StdoutLine: {'line': b'-- Up-to-date: /home/jmj/pro_asp_ws/ws_px4_controls/install/px4_msgs/local/lib/python3.10/dist-packages/px4_msgs/msg/_fixed_wing_longitudinal_setpoint_s.c\n'}
[1.100058] (px4_msgs) StdoutLine: {'line': b'-- Up-to-date: /home/jmj/pro_asp_ws/ws_px4_controls/install/px4_msgs/local/lib/python3.10/dist-packages/px4_msgs/msg/_radio_status.py\n'}
[1.100085] (px4_msgs) StdoutLine: {'line': b'-- Up-to-date: /home/jmj/pro_asp_ws/ws_px4_controls/install/px4_msgs/local/lib/python3.10/dist-packages/px4_msgs/msg/_fixed_wing_lateral_setpoint.py\n'}
[1.100111] (px4_msgs) StdoutLine: {'line': b'-- Up-to-date: /home/jmj/pro_asp_ws/ws_px4_controls/install/px4_msgs/local/lib/python3.10/dist-packages/px4_msgs/msg/_sensor_baro.py\n'}
[1.100152] (px4_msgs) StdoutLine: {'line': b'-- Up-to-date: /home/jmj/pro_asp_ws/ws_px4_controls/install/px4_msgs/local/lib/python3.10/dist-packages/px4_msgs/msg/_generator_status_s.c\n'}
[1.100182] (px4_msgs) StdoutLine: {'line': b'-- Up-to-date: /home/jmj/pro_asp_ws/ws_px4_controls/install/px4_msgs/local/lib/python3.10/dist-packages/px4_msgs/msg/_vehicle_thrust_setpoint.py\n'}
[1.100205] (px4_msgs) StdoutLine: {'line': b'-- Up-to-date: /home/jmj/pro_asp_ws/ws_px4_controls/install/px4_msgs/local/lib/python3.10/dist-packages/px4_msgs/msg/_mission_result_s.c\n'}
[1.100228] (px4_msgs) StdoutLine: {'line': b'-- Up-to-date: /home/jmj/pro_asp_ws/ws_px4_controls/install/px4_msgs/local/lib/python3.10/dist-packages/px4_msgs/msg/_estimator_status_s.c\n'}
[1.100252] (px4_msgs) StdoutLine: {'line': b'-- Up-to-date: /home/jmj/pro_asp_ws/ws_px4_controls/install/px4_msgs/local/lib/python3.10/dist-packages/px4_msgs/msg/_mavlink_tunnel_s.c\n'}
[1.100304] (px4_msgs) StdoutLine: {'line': b'-- Up-to-date: /home/jmj/pro_asp_ws/ws_px4_controls/install/px4_msgs/local/lib/python3.10/dist-packages/px4_msgs/msg/_vehicle_command_s.c\n'}
[1.100329] (px4_msgs) StdoutLine: {'line': b'-- Up-to-date: /home/jmj/pro_asp_ws/ws_px4_controls/install/px4_msgs/local/lib/python3.10/dist-packages/px4_msgs/msg/_estimator_selector_status_s.c\n'}
[1.100352] (px4_msgs) StdoutLine: {'line': b'-- Up-to-date: /home/jmj/pro_asp_ws/ws_px4_controls/install/px4_msgs/local/lib/python3.10/dist-packages/px4_msgs/msg/_rpm.py\n'}
[1.100375] (px4_msgs) StdoutLine: {'line': b'-- Up-to-date: /home/jmj/pro_asp_ws/ws_px4_controls/install/px4_msgs/local/lib/python3.10/dist-packages/px4_msgs/msg/_px4io_status_s.c\n'}
[1.100398] (px4_msgs) StdoutLine: {'line': b'-- Up-to-date: /home/jmj/pro_asp_ws/ws_px4_controls/install/px4_msgs/local/lib/python3.10/dist-packages/px4_msgs/msg/_vehicle_global_position_s.c\n'}
[1.100421] (px4_msgs) StdoutLine: {'line': b'-- Up-to-date: /home/jmj/pro_asp_ws/ws_px4_controls/install/px4_msgs/local/lib/python3.10/dist-packages/px4_msgs/msg/_estimator_innovations.py\n'}
[1.100444] (px4_msgs) StdoutLine: {'line': b'-- Up-to-date: /home/jmj/pro_asp_ws/ws_px4_controls/install/px4_msgs/local/lib/python3.10/dist-packages/px4_msgs/msg/_gimbal_manager_set_attitude.py\n'}
[1.100468] (px4_msgs) StdoutLine: {'line': b'-- Up-to-date: /home/jmj/pro_asp_ws/ws_px4_controls/install/px4_msgs/local/lib/python3.10/dist-packages/px4_msgs/msg/_mode_completed.py\n'}
[1.100516] (px4_msgs) StdoutLine: {'line': b'-- Up-to-date: /home/jmj/pro_asp_ws/ws_px4_controls/install/px4_msgs/local/lib/python3.10/dist-packages/px4_msgs/msg/_estimator_gps_status_s.c\n'}
[1.100541] (px4_msgs) StdoutLine: {'line': b'-- Up-to-date: /home/jmj/pro_asp_ws/ws_px4_controls/install/px4_msgs/local/lib/python3.10/dist-packages/px4_msgs/msg/_sensor_correction.py\n'}
[1.100565] (px4_msgs) StdoutLine: {'line': b'-- Up-to-date: /home/jmj/pro_asp_ws/ws_px4_controls/install/px4_msgs/local/lib/python3.10/dist-packages/px4_msgs/msg/_vehicle_control_mode.py\n'}
[1.100588] (px4_msgs) StdoutLine: {'line': b'-- Up-to-date: /home/jmj/pro_asp_ws/ws_px4_controls/install/px4_msgs/local/lib/python3.10/dist-packages/px4_msgs/msg/_gimbal_device_attitude_status.py\n'}
[1.100611] (px4_msgs) StdoutLine: {'line': b'-- Up-to-date: /home/jmj/pro_asp_ws/ws_px4_controls/install/px4_msgs/local/lib/python3.10/dist-packages/px4_msgs/msg/_debug_vect_s.c\n'}
[1.100633] (px4_msgs) StdoutLine: {'line': b'-- Up-to-date: /home/jmj/pro_asp_ws/ws_px4_controls/install/px4_msgs/local/lib/python3.10/dist-packages/px4_msgs/msg/_uavcan_parameter_request_s.c\n'}
[1.100656] (px4_msgs) StdoutLine: {'line': b'-- Up-to-date: /home/jmj/pro_asp_ws/ws_px4_controls/install/px4_msgs/local/lib/python3.10/dist-packages/px4_msgs/msg/_estimator_event_flags.py\n'}
[1.100678] (px4_msgs) StdoutLine: {'line': b'-- Up-to-date: /home/jmj/pro_asp_ws/ws_px4_controls/install/px4_msgs/local/lib/python3.10/dist-packages/px4_msgs/msg/_vehicle_rates_setpoint_s.c\n'}
[1.100701] (px4_msgs) StdoutLine: {'line': b'-- Up-to-date: /home/jmj/pro_asp_ws/ws_px4_controls/install/px4_msgs/local/lib/python3.10/dist-packages/px4_msgs/msg/_vehicle_optical_flow_vel.py\n'}
[1.100724] (px4_msgs) StdoutLine: {'line': b'-- Up-to-date: /home/jmj/pro_asp_ws/ws_px4_controls/install/px4_msgs/local/lib/python3.10/dist-packages/px4_msgs/msg/_cellular_status.py\n'}
[1.100745] (px4_msgs) StdoutLine: {'line': b'-- Up-to-date: /home/jmj/pro_asp_ws/ws_px4_controls/install/px4_msgs/local/lib/python3.10/dist-packages/px4_msgs/msg/_vehicle_air_data.py\n'}
[1.100766] (px4_msgs) StdoutLine: {'line': b'-- Up-to-date: /home/jmj/pro_asp_ws/ws_px4_controls/install/px4_msgs/local/lib/python3.10/dist-packages/px4_msgs/msg/_vehicle_status.py\n'}
[1.100789] (px4_msgs) StdoutLine: {'line': b'-- Up-to-date: /home/jmj/pro_asp_ws/ws_px4_controls/install/px4_msgs/local/lib/python3.10/dist-packages/px4_msgs/msg/_sensors_status.py\n'}
[1.100813] (px4_msgs) StdoutLine: {'line': b'-- Up-to-date: /home/jmj/pro_asp_ws/ws_px4_controls/install/px4_msgs/local/lib/python3.10/dist-packages/px4_msgs/msg/_orb_test.py\n'}
[1.100855] (px4_msgs) StdoutLine: {'line': b'-- Up-to-date: /home/jmj/pro_asp_ws/ws_px4_controls/install/px4_msgs/local/lib/python3.10/dist-packages/px4_msgs/msg/_timesync_status.py\n'}
[1.100886] (px4_msgs) StdoutLine: {'line': b'-- Up-to-date: /home/jmj/pro_asp_ws/ws_px4_controls/install/px4_msgs/local/lib/python3.10/dist-packages/px4_msgs/msg/_button_event.py\n'}
[1.100911] (px4_msgs) StdoutLine: {'line': b'-- Up-to-date: /home/jmj/pro_asp_ws/ws_px4_controls/install/px4_msgs/local/lib/python3.10/dist-packages/px4_msgs/msg/_rover_velocity_setpoint_s.c\n'}
[1.100936] (px4_msgs) StdoutLine: {'line': b'-- Up-to-date: /home/jmj/pro_asp_ws/ws_px4_controls/install/px4_msgs/local/lib/python3.10/dist-packages/px4_msgs/msg/_tecs_status_s.c\n'}
[1.100967] (px4_msgs) StdoutLine: {'line': b'-- Up-to-date: /home/jmj/pro_asp_ws/ws_px4_controls/install/px4_msgs/local/lib/python3.10/dist-packages/px4_msgs/msg/_launch_detection_status_s.c\n'}
[1.100994] (px4_msgs) StdoutLine: {'line': b'-- Up-to-date: /home/jmj/pro_asp_ws/ws_px4_controls/install/px4_msgs/local/lib/python3.10/dist-packages/px4_msgs/msg/_vehicle_roi_s.c\n'}
[1.101020] (px4_msgs) StdoutLine: {'line': b'-- Up-to-date: /home/jmj/pro_asp_ws/ws_px4_controls/install/px4_msgs/local/lib/python3.10/dist-packages/px4_msgs/msg/_cellular_status_s.c\n'}
[1.101058] (-) TimerEvent: {}
[1.101180] (px4_msgs) StdoutLine: {'line': b'-- Up-to-date: /home/jmj/pro_asp_ws/ws_px4_controls/install/px4_msgs/local/lib/python3.10/dist-packages/px4_msgs/msg/_vehicle_command_ack_s.c\n'}
[1.101224] (px4_msgs) StdoutLine: {'line': b'-- Up-to-date: /home/jmj/pro_asp_ws/ws_px4_controls/install/px4_msgs/local/lib/python3.10/dist-packages/px4_msgs/msg/_esc_status.py\n'}
[1.101253] (px4_msgs) StdoutLine: {'line': b'-- Up-to-date: /home/jmj/pro_asp_ws/ws_px4_controls/install/px4_msgs/local/lib/python3.10/dist-packages/px4_msgs/msg/_obstacle_distance_s.c\n'}
[1.101280] (px4_msgs) StdoutLine: {'line': b'-- Up-to-date: /home/jmj/pro_asp_ws/ws_px4_controls/install/px4_msgs/local/lib/python3.10/dist-packages/px4_msgs/msg/_health_report_s.c\n'}
[1.101309] (px4_msgs) StdoutLine: {'line': b'-- Up-to-date: /home/jmj/pro_asp_ws/ws_px4_controls/install/px4_msgs/local/lib/python3.10/dist-packages/px4_msgs/msg/_transponder_report_s.c\n'}
[1.101353] (px4_msgs) StdoutLine: {'line': b'-- Up-to-date: /home/jmj/pro_asp_ws/ws_px4_controls/install/px4_msgs/local/lib/python3.10/dist-packages/px4_msgs/msg/_magnetometer_bias_estimate_s.c\n'}
[1.101381] (px4_msgs) StdoutLine: {'line': b'-- Up-to-date: /home/jmj/pro_asp_ws/ws_px4_controls/install/px4_msgs/local/lib/python3.10/dist-packages/px4_msgs/msg/_estimator_bias_s.c\n'}
[1.101408] (px4_msgs) StdoutLine: {'line': b'-- Up-to-date: /home/jmj/pro_asp_ws/ws_px4_controls/install/px4_msgs/local/lib/python3.10/dist-packages/px4_msgs/msg/_pwm_input_s.c\n'}
[1.101433] (px4_msgs) StdoutLine: {'line': b'-- Up-to-date: /home/jmj/pro_asp_ws/ws_px4_controls/install/px4_msgs/local/lib/python3.10/dist-packages/px4_msgs/msg/_fixed_wing_runway_control_s.c\n'}
[1.101458] (px4_msgs) StdoutLine: {'line': b'-- Up-to-date: /home/jmj/pro_asp_ws/ws_px4_controls/install/px4_msgs/local/lib/python3.10/dist-packages/px4_msgs/msg/_sensor_gyro_s.c\n'}
[1.101481] (px4_msgs) StdoutLine: {'line': b'-- Up-to-date: /home/jmj/pro_asp_ws/ws_px4_controls/install/px4_msgs/local/lib/python3.10/dist-packages/px4_msgs/msg/_wheel_encoders.py\n'}
[1.101504] (px4_msgs) StdoutLine: {'line': b'-- Up-to-date: /home/jmj/pro_asp_ws/ws_px4_controls/install/px4_msgs/local/lib/python3.10/dist-packages/px4_msgs/msg/_fuel_tank_status_s.c\n'}
[1.101531] (px4_msgs) StdoutLine: {'line': b'-- Up-to-date: /home/jmj/pro_asp_ws/ws_px4_controls/install/px4_msgs/local/lib/python3.10/dist-packages/px4_msgs/msg/_power_button_state_s.c\n'}
[1.101559] (px4_msgs) StdoutLine: {'line': b'-- Up-to-date: /home/jmj/pro_asp_ws/ws_px4_controls/install/px4_msgs/local/lib/python3.10/dist-packages/px4_msgs/msg/_sensor_airflow_s.c\n'}
[1.101586] (px4_msgs) StdoutLine: {'line': b'-- Up-to-date: /home/jmj/pro_asp_ws/ws_px4_controls/install/px4_msgs/local/lib/python3.10/dist-packages/px4_msgs/msg/_gimbal_manager_information_s.c\n'}
[1.101610] (px4_msgs) StdoutLine: {'line': b'-- Up-to-date: /home/jmj/pro_asp_ws/ws_px4_controls/install/px4_msgs/local/lib/python3.10/dist-packages/px4_msgs/msg/_register_ext_component_reply_s.c\n'}
[1.101636] (px4_msgs) StdoutLine: {'line': b'-- Up-to-date: /home/jmj/pro_asp_ws/ws_px4_controls/install/px4_msgs/local/lib/python3.10/dist-packages/px4_msgs/msg/_follow_target_status_s.c\n'}
[1.101661] (px4_msgs) StdoutLine: {'line': b'-- Up-to-date: /home/jmj/pro_asp_ws/ws_px4_controls/install/px4_msgs/local/lib/python3.10/dist-packages/px4_msgs/msg/_rate_ctrl_status_s.c\n'}
[1.101686] (px4_msgs) StdoutLine: {'line': b'-- Up-to-date: /home/jmj/pro_asp_ws/ws_px4_controls/install/px4_msgs/local/lib/python3.10/dist-packages/px4_msgs/msg/_trajectory_setpoint_s.c\n'}
[1.101710] (px4_msgs) StdoutLine: {'line': b'-- Up-to-date: /home/jmj/pro_asp_ws/ws_px4_controls/install/px4_msgs/local/lib/python3.10/dist-packages/px4_msgs/msg/_rover_steering_setpoint.py\n'}
[1.101735] (px4_msgs) StdoutLine: {'line': b'-- Up-to-date: /home/jmj/pro_asp_ws/ws_px4_controls/install/px4_msgs/local/lib/python3.10/dist-packages/px4_msgs/msg/_normalized_unsigned_setpoint_s.c\n'}
[1.101780] (px4_msgs) StdoutLine: {'line': b'-- Up-to-date: /home/jmj/pro_asp_ws/ws_px4_controls/install/px4_msgs/local/lib/python3.10/dist-packages/px4_msgs/msg/_orb_test_s.c\n'}
[1.101805] (px4_msgs) StdoutLine: {'line': b'-- Up-to-date: /home/jmj/pro_asp_ws/ws_px4_controls/install/px4_msgs/local/lib/python3.10/dist-packages/px4_msgs/msg/_navigator_mission_item.py\n'}
[1.101829] (px4_msgs) StdoutLine: {'line': b'-- Up-to-date: /home/jmj/pro_asp_ws/ws_px4_controls/install/px4_msgs/local/lib/python3.10/dist-packages/px4_msgs/msg/_vehicle_imu_status_s.c\n'}
[1.101852] (px4_msgs) StdoutLine: {'line': b'-- Up-to-date: /home/jmj/pro_asp_ws/ws_px4_controls/install/px4_msgs/local/lib/python3.10/dist-packages/px4_msgs/msg/_actuator_controls_status_s.c\n'}
[1.101876] (px4_msgs) StdoutLine: {'line': b'-- Up-to-date: /home/jmj/pro_asp_ws/ws_px4_controls/install/px4_msgs/local/lib/python3.10/dist-packages/px4_msgs/msg/_pps_capture.py\n'}
[1.101917] (px4_msgs) StdoutLine: {'line': b'-- Up-to-date: /home/jmj/pro_asp_ws/ws_px4_controls/install/px4_msgs/local/lib/python3.10/dist-packages/px4_msgs/msg/_rc_channels.py\n'}
[1.101977] (px4_msgs) StdoutLine: {'line': b'-- Up-to-date: /home/jmj/pro_asp_ws/ws_px4_controls/install/px4_msgs/local/lib/python3.10/dist-packages/px4_msgs/msg/_task_stack_info_s.c\n'}
[1.102034] (px4_msgs) StdoutLine: {'line': b'-- Up-to-date: /home/jmj/pro_asp_ws/ws_px4_controls/install/px4_msgs/local/lib/python3.10/dist-packages/px4_msgs/msg/_estimator_aid_source2d_s.c\n'}
[1.102119] (px4_msgs) StdoutLine: {'line': b'-- Up-to-date: /home/jmj/pro_asp_ws/ws_px4_controls/install/px4_msgs/local/lib/python3.10/dist-packages/px4_msgs/msg/_uavcan_parameter_request.py\n'}
[1.102168] (px4_msgs) StdoutLine: {'line': b'-- Up-to-date: /home/jmj/pro_asp_ws/ws_px4_controls/install/px4_msgs/local/lib/python3.10/dist-packages/px4_msgs/msg/_rc_parameter_map.py\n'}
[1.102209] (px4_msgs) StdoutLine: {'line': b'-- Up-to-date: /home/jmj/pro_asp_ws/ws_px4_controls/install/px4_msgs/local/lib/python3.10/dist-packages/px4_msgs/msg/_system_power.py\n'}
[1.102249] (px4_msgs) StdoutLine: {'line': b'-- Up-to-date: /home/jmj/pro_asp_ws/ws_px4_controls/install/px4_msgs/local/lib/python3.10/dist-packages/px4_msgs/msg/_estimator_event_flags_s.c\n'}
[1.102292] (px4_msgs) StdoutLine: {'line': b'-- Up-to-date: /home/jmj/pro_asp_ws/ws_px4_controls/install/px4_msgs/local/lib/python3.10/dist-packages/px4_msgs/msg/_position_controller_status_s.c\n'}
[1.102335] (px4_msgs) StdoutLine: {'line': b'-- Up-to-date: /home/jmj/pro_asp_ws/ws_px4_controls/install/px4_msgs/local/lib/python3.10/dist-packages/px4_msgs/msg/_longitudinal_control_configuration.py\n'}
[1.102428] (px4_msgs) StdoutLine: {'line': b'-- Up-to-date: /home/jmj/pro_asp_ws/ws_px4_controls/install/px4_msgs/local/lib/python3.10/dist-packages/px4_msgs/msg/_lateral_control_configuration.py\n'}
[1.102475] (px4_msgs) StdoutLine: {'line': b'-- Up-to-date: /home/jmj/pro_asp_ws/ws_px4_controls/install/px4_msgs/local/lib/python3.10/dist-packages/px4_msgs/msg/_position_controller_landing_status_s.c\n'}
[1.102522] (px4_msgs) StdoutLine: {'line': b'-- Up-to-date: /home/jmj/pro_asp_ws/ws_px4_controls/install/px4_msgs/local/lib/python3.10/dist-packages/px4_msgs/msg/_vehicle_imu_status.py\n'}
[1.102569] (px4_msgs) StdoutLine: {'line': b'-- Up-to-date: /home/jmj/pro_asp_ws/ws_px4_controls/install/px4_msgs/local/lib/python3.10/dist-packages/px4_msgs/msg/_manual_control_switches.py\n'}
[1.102636] (px4_msgs) StdoutLine: {'line': b'-- Up-to-date: /home/jmj/pro_asp_ws/ws_px4_controls/install/px4_msgs/local/lib/python3.10/dist-packages/px4_msgs/msg/_vehicle_angular_velocity_s.c\n'}
[1.102670] (px4_msgs) StdoutLine: {'line': b'-- Up-to-date: /home/jmj/pro_asp_ws/ws_px4_controls/install/px4_msgs/local/lib/python3.10/dist-packages/px4_msgs/msg/_estimator_aid_source3d.py\n'}
[1.102703] (px4_msgs) StdoutLine: {'line': b'-- Up-to-date: /home/jmj/pro_asp_ws/ws_px4_controls/install/px4_msgs/local/lib/python3.10/dist-packages/px4_msgs/msg/_mission_s.c\n'}
[1.102732] (px4_msgs) StdoutLine: {'line': b'-- Up-to-date: /home/jmj/pro_asp_ws/ws_px4_controls/install/px4_msgs/local/lib/python3.10/dist-packages/px4_msgs/msg/_debug_key_value.py\n'}
[1.102772] (px4_msgs) StdoutLine: {'line': b'-- Up-to-date: /home/jmj/pro_asp_ws/ws_px4_controls/install/px4_msgs/local/lib/python3.10/dist-packages/px4_msgs/msg/_radio_status_s.c\n'}
[1.102804] (px4_msgs) StdoutLine: {'line': b'-- Up-to-date: /home/jmj/pro_asp_ws/ws_px4_controls/install/px4_msgs/local/lib/python3.10/dist-packages/px4_msgs/msg/_generator_status.py\n'}
[1.102832] (px4_msgs) StdoutLine: {'line': b'-- Up-to-date: /home/jmj/pro_asp_ws/ws_px4_controls/install/px4_msgs/local/lib/python3.10/dist-packages/px4_msgs/msg/_vehicle_command_ack.py\n'}
[1.102856] (px4_msgs) StdoutLine: {'line': b'-- Up-to-date: /home/jmj/pro_asp_ws/ws_px4_controls/install/px4_msgs/local/lib/python3.10/dist-packages/px4_msgs/msg/_landing_target_pose_s.c\n'}
[1.102881] (px4_msgs) StdoutLine: {'line': b'-- Up-to-date: /home/jmj/pro_asp_ws/ws_px4_controls/install/px4_msgs/local/lib/python3.10/dist-packages/px4_msgs/msg/_mission.py\n'}
[1.102936] (px4_msgs) StdoutLine: {'line': b'-- Up-to-date: /home/jmj/pro_asp_ws/ws_px4_controls/install/px4_msgs/local/lib/python3.10/dist-packages/px4_msgs/msg/_estimator_status.py\n'}
[1.102970] (px4_msgs) StdoutLine: {'line': b'-- Up-to-date: /home/jmj/pro_asp_ws/ws_px4_controls/install/px4_msgs/local/lib/python3.10/dist-packages/px4_msgs/msg/_gimbal_controls.py\n'}
[1.102995] (px4_msgs) StdoutLine: {'line': b'-- Up-to-date: /home/jmj/pro_asp_ws/ws_px4_controls/install/px4_msgs/local/lib/python3.10/dist-packages/px4_msgs/msg/_longitudinal_control_configuration_s.c\n'}
[1.103021] (px4_msgs) StdoutLine: {'line': b'-- Up-to-date: /home/jmj/pro_asp_ws/ws_px4_controls/install/px4_msgs/local/lib/python3.10/dist-packages/px4_msgs/msg/_health_report.py\n'}
[1.103043] (px4_msgs) StdoutLine: {'line': b'-- Up-to-date: /home/jmj/pro_asp_ws/ws_px4_controls/install/px4_msgs/local/lib/python3.10/dist-packages/px4_msgs/msg/_uavcan_parameter_value_s.c\n'}
[1.103065] (px4_msgs) StdoutLine: {'line': b'-- Up-to-date: /home/jmj/pro_asp_ws/ws_px4_controls/install/px4_msgs/local/lib/python3.10/dist-packages/px4_msgs/msg/_debug_key_value_s.c\n'}
[1.103086] (px4_msgs) StdoutLine: {'line': b'-- Up-to-date: /home/jmj/pro_asp_ws/ws_px4_controls/install/px4_msgs/local/lib/python3.10/dist-packages/px4_msgs/msg/_mag_worker_data.py\n'}
[1.103107] (px4_msgs) StdoutLine: {'line': b'-- Up-to-date: /home/jmj/pro_asp_ws/ws_px4_controls/install/px4_msgs/local/lib/python3.10/dist-packages/px4_msgs/msg/_message_format_request_s.c\n'}
[1.103128] (px4_msgs) StdoutLine: {'line': b'-- Up-to-date: /home/jmj/pro_asp_ws/ws_px4_controls/install/px4_msgs/local/lib/python3.10/dist-packages/px4_msgs/msg/_gpio_in.py\n'}
[1.103150] (px4_msgs) StdoutLine: {'line': b'-- Up-to-date: /home/jmj/pro_asp_ws/ws_px4_controls/install/px4_msgs/local/lib/python3.10/dist-packages/px4_msgs/msg/_tune_control.py\n'}
[1.103180] (px4_msgs) StdoutLine: {'line': b'-- Up-to-date: /home/jmj/pro_asp_ws/ws_px4_controls/install/px4_msgs/local/lib/python3.10/dist-packages/px4_msgs/msg/_rc_channels_s.c\n'}
[1.103203] (px4_msgs) StdoutLine: {'line': b'-- Up-to-date: /home/jmj/pro_asp_ws/ws_px4_controls/install/px4_msgs/local/lib/python3.10/dist-packages/px4_msgs/msg/_estimator_bias3d.py\n'}
[1.103230] (px4_msgs) StdoutLine: {'line': b'-- Up-to-date: /home/jmj/pro_asp_ws/ws_px4_controls/install/px4_msgs/local/lib/python3.10/dist-packages/px4_msgs/msg/_open_drone_id_operator_id.py\n'}
[1.103254] (px4_msgs) StdoutLine: {'line': b'-- Up-to-date: /home/jmj/pro_asp_ws/ws_px4_controls/install/px4_msgs/local/lib/python3.10/dist-packages/px4_msgs/msg/_rover_attitude_setpoint_s.c\n'}
[1.103281] (px4_msgs) StdoutLine: {'line': b'-- Up-to-date: /home/jmj/pro_asp_ws/ws_px4_controls/install/px4_msgs/local/lib/python3.10/dist-packages/px4_msgs/msg/_sensor_mag_s.c\n'}
[1.103305] (px4_msgs) StdoutLine: {'line': b'-- Up-to-date: /home/jmj/pro_asp_ws/ws_px4_controls/install/px4_msgs/local/lib/python3.10/dist-packages/px4_msgs/msg/_control_allocator_status_s.c\n'}
[1.103344] (px4_msgs) StdoutLine: {'line': b'-- Up-to-date: /home/jmj/pro_asp_ws/ws_px4_controls/install/px4_msgs/local/lib/python3.10/dist-packages/px4_msgs/msg/_sensor_mag.py\n'}
[1.103367] (px4_msgs) StdoutLine: {'line': b'-- Up-to-date: /home/jmj/pro_asp_ws/ws_px4_controls/install/px4_msgs/local/lib/python3.10/dist-packages/px4_msgs/msg/_uavcan_parameter_value.py\n'}
[1.103391] (px4_msgs) StdoutLine: {'line': b'-- Up-to-date: /home/jmj/pro_asp_ws/ws_px4_controls/install/px4_msgs/local/lib/python3.10/dist-packages/px4_msgs/msg/_adc_report.py\n'}
[1.103413] (px4_msgs) StdoutLine: {'line': b'-- Up-to-date: /home/jmj/pro_asp_ws/ws_px4_controls/install/px4_msgs/local/lib/python3.10/dist-packages/px4_msgs/msg/_arming_check_request_s.c\n'}
[1.103436] (px4_msgs) StdoutLine: {'line': b'-- Up-to-date: /home/jmj/pro_asp_ws/ws_px4_controls/install/px4_msgs/local/lib/python3.10/dist-packages/px4_msgs/msg/_rover_rate_status.py\n'}
[1.103457] (px4_msgs) StdoutLine: {'line': b'-- Up-to-date: /home/jmj/pro_asp_ws/ws_px4_controls/install/px4_msgs/local/lib/python3.10/dist-packages/px4_msgs/msg/_irlock_report.py\n'}
[1.103492] (px4_msgs) StdoutLine: {'line': b'-- Up-to-date: /home/jmj/pro_asp_ws/ws_px4_controls/install/px4_msgs/local/lib/python3.10/dist-packages/px4_msgs/msg/_fixed_wing_lateral_status_s.c\n'}
[1.103514] (px4_msgs) StdoutLine: {'line': b'-- Up-to-date: /home/jmj/pro_asp_ws/ws_px4_controls/install/px4_msgs/local/lib/python3.10/dist-packages/px4_msgs/msg/_open_drone_id_arm_status_s.c\n'}
[1.103536] (px4_msgs) StdoutLine: {'line': b'-- Up-to-date: /home/jmj/pro_asp_ws/ws_px4_controls/install/px4_msgs/local/lib/python3.10/dist-packages/px4_msgs/msg/_rover_attitude_status.py\n'}
[1.103558] (px4_msgs) StdoutLine: {'line': b'-- Up-to-date: /home/jmj/pro_asp_ws/ws_px4_controls/install/px4_msgs/local/lib/python3.10/dist-packages/px4_msgs/msg/_sensor_hygrometer.py\n'}
[1.103580] (px4_msgs) StdoutLine: {'line': b'-- Up-to-date: /home/jmj/pro_asp_ws/ws_px4_controls/install/px4_msgs/local/lib/python3.10/dist-packages/px4_msgs/msg/_ping_s.c\n'}
[1.103605] (px4_msgs) StdoutLine: {'line': b'-- Up-to-date: /home/jmj/pro_asp_ws/ws_px4_controls/install/px4_msgs/local/lib/python3.10/dist-packages/px4_msgs/msg/_ekf2_timestamps_s.c\n'}
[1.103630] (px4_msgs) StdoutLine: {'line': b'-- Up-to-date: /home/jmj/pro_asp_ws/ws_px4_controls/install/px4_msgs/local/lib/python3.10/dist-packages/px4_msgs/msg/_distance_sensor_mode_change_request_s.c\n'}
[1.103656] (px4_msgs) StdoutLine: {'line': b'-- Up-to-date: /home/jmj/pro_asp_ws/ws_px4_controls/install/px4_msgs/local/lib/python3.10/dist-packages/px4_msgs/msg/_estimator_sensor_bias_s.c\n'}
[1.103680] (px4_msgs) StdoutLine: {'line': b'-- Up-to-date: /home/jmj/pro_asp_ws/ws_px4_controls/install/px4_msgs/local/lib/python3.10/dist-packages/px4_msgs/msg/_airspeed_validated.py\n'}
[1.103710] (px4_msgs) StdoutLine: {'line': b'-- Up-to-date: /home/jmj/pro_asp_ws/ws_px4_controls/install/px4_msgs/local/lib/python3.10/dist-packages/px4_msgs/msg/_offboard_control_mode_s.c\n'}
[1.103738] (px4_msgs) StdoutLine: {'line': b'-- Up-to-date: /home/jmj/pro_asp_ws/ws_px4_controls/install/px4_msgs/local/lib/python3.10/dist-packages/px4_msgs/msg/_tiltrotor_extra_controls.py\n'}
[1.103764] (px4_msgs) StdoutLine: {'line': b'-- Up-to-date: /home/jmj/pro_asp_ws/ws_px4_controls/install/px4_msgs/local/lib/python3.10/dist-packages/px4_msgs/msg/_home_position.py\n'}
[1.103791] (px4_msgs) StdoutLine: {'line': b'-- Up-to-date: /home/jmj/pro_asp_ws/ws_px4_controls/install/px4_msgs/local/lib/python3.10/dist-packages/px4_msgs/msg/_register_ext_component_reply.py\n'}
[1.103842] (px4_msgs) StdoutLine: {'line': b'-- Up-to-date: /home/jmj/pro_asp_ws/ws_px4_controls/install/px4_msgs/local/lib/python3.10/dist-packages/px4_msgs/msg/_follow_target_estimator.py\n'}
[1.103880] (px4_msgs) StdoutLine: {'line': b'-- Up-to-date: /home/jmj/pro_asp_ws/ws_px4_controls/install/px4_msgs/local/lib/python3.10/dist-packages/px4_msgs/msg/_sensor_uwb.py\n'}
[1.103916] (px4_msgs) StdoutLine: {'line': b'-- Up-to-date: /home/jmj/pro_asp_ws/ws_px4_controls/install/px4_msgs/local/lib/python3.10/dist-packages/px4_msgs/msg/_actuator_controls_status.py\n'}
[1.103983] (px4_msgs) StdoutLine: {'line': b'-- Up-to-date: /home/jmj/pro_asp_ws/ws_px4_controls/install/px4_msgs/local/lib/python3.10/dist-packages/px4_msgs/msg/_sensor_airflow.py\n'}
[1.104015] (px4_msgs) StdoutLine: {'line': b'-- Up-to-date: /home/jmj/pro_asp_ws/ws_px4_controls/install/px4_msgs/local/lib/python3.10/dist-packages/px4_msgs/msg/_sensors_status_imu_s.c\n'}
[1.104046] (px4_msgs) StdoutLine: {'line': b'-- Up-to-date: /home/jmj/pro_asp_ws/ws_px4_controls/install/px4_msgs/local/lib/python3.10/dist-packages/px4_msgs/msg/_follow_target.py\n'}
[1.104077] (px4_msgs) StdoutLine: {'line': b'-- Up-to-date: /home/jmj/pro_asp_ws/ws_px4_controls/install/px4_msgs/local/lib/python3.10/dist-packages/px4_msgs/msg/_open_drone_id_self_id_s.c\n'}
[1.104106] (px4_msgs) StdoutLine: {'line': b'-- Up-to-date: /home/jmj/pro_asp_ws/ws_px4_controls/install/px4_msgs/local/lib/python3.10/dist-packages/px4_msgs/msg/_obstacle_distance.py\n'}
[1.104139] (px4_msgs) StdoutLine: {'line': b'-- Up-to-date: /home/jmj/pro_asp_ws/ws_px4_controls/install/px4_msgs/local/lib/python3.10/dist-packages/px4_msgs/msg/_estimator_bias3d_s.c\n'}
[1.104175] (px4_msgs) StdoutLine: {'line': b'-- Up-to-date: /home/jmj/pro_asp_ws/ws_px4_controls/install/px4_msgs/local/lib/python3.10/dist-packages/px4_msgs/msg/_distance_sensor_s.c\n'}
[1.104210] (px4_msgs) StdoutLine: {'line': b'-- Up-to-date: /home/jmj/pro_asp_ws/ws_px4_controls/install/px4_msgs/local/lib/python3.10/dist-packages/px4_msgs/msg/_sensor_uwb_s.c\n'}
[1.104244] (px4_msgs) StdoutLine: {'line': b'-- Up-to-date: /home/jmj/pro_asp_ws/ws_px4_controls/install/px4_msgs/local/lib/python3.10/dist-packages/px4_msgs/msg/_vehicle_attitude_setpoint.py\n'}
[1.104268] (px4_msgs) StdoutLine: {'line': b'-- Up-to-date: /home/jmj/pro_asp_ws/ws_px4_controls/install/px4_msgs/local/lib/python3.10/dist-packages/px4_msgs/msg/_message_format_response.py\n'}
[1.104289] (px4_msgs) StdoutLine: {'line': b'-- Up-to-date: /home/jmj/pro_asp_ws/ws_px4_controls/install/px4_msgs/local/lib/python3.10/dist-packages/px4_msgs/msg/_sensors_status_imu.py\n'}
[1.104313] (px4_msgs) StdoutLine: {'line': b'-- Up-to-date: /home/jmj/pro_asp_ws/ws_px4_controls/install/px4_msgs/local/lib/python3.10/dist-packages/px4_msgs/msg/_rover_rate_setpoint.py\n'}
[1.104348] (px4_msgs) StdoutLine: {'line': b'-- Up-to-date: /home/jmj/pro_asp_ws/ws_px4_controls/install/px4_msgs/local/lib/python3.10/dist-packages/px4_msgs/msg/_rover_throttle_setpoint_s.c\n'}
[1.104372] (px4_msgs) StdoutLine: {'line': b'-- Up-to-date: /home/jmj/pro_asp_ws/ws_px4_controls/install/px4_msgs/local/lib/python3.10/dist-packages/px4_msgs/msg/_unregister_ext_component.py\n'}
[1.104394] (px4_msgs) StdoutLine: {'line': b'-- Up-to-date: /home/jmj/pro_asp_ws/ws_px4_controls/install/px4_msgs/local/lib/python3.10/dist-packages/px4_msgs/msg/_manual_control_setpoint_s.c\n'}
[1.104417] (px4_msgs) StdoutLine: {'line': b'-- Up-to-date: /home/jmj/pro_asp_ws/ws_px4_controls/install/px4_msgs/local/lib/python3.10/dist-packages/px4_msgs/msg/_rover_steering_setpoint_s.c\n'}
[1.104444] (px4_msgs) StdoutLine: {'line': b'-- Up-to-date: /home/jmj/pro_asp_ws/ws_px4_controls/install/px4_msgs/local/lib/python3.10/dist-packages/px4_msgs/msg/_goto_setpoint.py\n'}
[1.104475] (px4_msgs) StdoutLine: {'line': b'-- Up-to-date: /home/jmj/pro_asp_ws/ws_px4_controls/install/px4_msgs/local/lib/python3.10/dist-packages/px4_msgs/msg/_sensor_selection_s.c\n'}
[1.104498] (px4_msgs) StdoutLine: {'line': b'-- Up-to-date: /home/jmj/pro_asp_ws/ws_px4_controls/install/px4_msgs/local/lib/python3.10/dist-packages/px4_msgs/msg/_geofence_result_s.c\n'}
[1.104521] (px4_msgs) StdoutLine: {'line': b'-- Up-to-date: /home/jmj/pro_asp_ws/ws_px4_controls/install/px4_msgs/local/lib/python3.10/dist-packages/px4_msgs/msg/_iridiumsbd_status_s.c\n'}
[1.104544] (px4_msgs) StdoutLine: {'line': b'-- Up-to-date: /home/jmj/pro_asp_ws/ws_px4_controls/install/px4_msgs/local/lib/python3.10/dist-packages/px4_msgs/msg/_dataman_response_s.c\n'}
[1.104570] (px4_msgs) StdoutLine: {'line': b'-- Up-to-date: /home/jmj/pro_asp_ws/ws_px4_controls/install/px4_msgs/local/lib/python3.10/dist-packages/px4_msgs/msg/_gimbal_device_information_s.c\n'}
[1.104596] (px4_msgs) StdoutLine: {'line': b'-- Up-to-date: /home/jmj/pro_asp_ws/ws_px4_controls/install/px4_msgs/local/lib/python3.10/dist-packages/px4_msgs/msg/_battery_status.py\n'}
[1.104632] (px4_msgs) StdoutLine: {'line': b'-- Up-to-date: /home/jmj/pro_asp_ws/ws_px4_controls/install/px4_msgs/local/lib/python3.10/dist-packages/px4_msgs/msg/_rtl_status_s.c\n'}
[1.104656] (px4_msgs) StdoutLine: {'line': b'-- Up-to-date: /home/jmj/pro_asp_ws/ws_px4_controls/install/px4_msgs/local/lib/python3.10/dist-packages/px4_msgs/msg/_camera_status_s.c\n'}
[1.104680] (px4_msgs) StdoutLine: {'line': b'-- Up-to-date: /home/jmj/pro_asp_ws/ws_px4_controls/install/px4_msgs/local/lib/python3.10/dist-packages/px4_msgs/msg/_navigator_mission_item_s.c\n'}
[1.104703] (px4_msgs) StdoutLine: {'line': b'-- Up-to-date: /home/jmj/pro_asp_ws/ws_px4_controls/install/px4_msgs/local/lib/python3.10/dist-packages/px4_msgs/msg/_telemetry_status_s.c\n'}
[1.104726] (px4_msgs) StdoutLine: {'line': b'-- Up-to-date: /home/jmj/pro_asp_ws/ws_px4_controls/install/px4_msgs/local/lib/python3.10/dist-packages/px4_msgs/msg/_wheel_encoders_s.c\n'}
[1.104749] (px4_msgs) StdoutLine: {'line': b'-- Up-to-date: /home/jmj/pro_asp_ws/ws_px4_controls/install/px4_msgs/local/lib/python3.10/dist-packages/px4_msgs/msg/_estimator_status_flags_s.c\n'}
[1.104771] (px4_msgs) StdoutLine: {'line': b'-- Up-to-date: /home/jmj/pro_asp_ws/ws_px4_controls/install/px4_msgs/local/lib/python3.10/dist-packages/px4_msgs/msg/_internal_combustion_engine_control.py\n'}
[1.104800] (px4_msgs) StdoutLine: {'line': b'-- Up-to-date: /home/jmj/pro_asp_ws/ws_px4_controls/install/px4_msgs/local/lib/python3.10/dist-packages/px4_msgs/msg/_orb_test_large_s.c\n'}
[1.104824] (px4_msgs) StdoutLine: {'line': b'-- Up-to-date: /home/jmj/pro_asp_ws/ws_px4_controls/install/px4_msgs/local/lib/python3.10/dist-packages/px4_msgs/msg/_estimator_aid_source1d_s.c\n'}
[1.104852] (px4_msgs) StdoutLine: {'line': b'-- Up-to-date: /home/jmj/pro_asp_ws/ws_px4_controls/install/px4_msgs/local/lib/python3.10/dist-packages/px4_msgs/msg/_vehicle_land_detected_s.c\n'}
[1.104879] (px4_msgs) StdoutLine: {'line': b'-- Up-to-date: /home/jmj/pro_asp_ws/ws_px4_controls/install/px4_msgs/local/lib/python3.10/dist-packages/px4_msgs/msg/_sensor_gyro.py\n'}
[1.104905] (px4_msgs) StdoutLine: {'line': b'-- Up-to-date: /home/jmj/pro_asp_ws/ws_px4_controls/install/px4_msgs/local/lib/python3.10/dist-packages/px4_msgs/msg/_rover_velocity_setpoint.py\n'}
[1.104929] (px4_msgs) StdoutLine: {'line': b'-- Up-to-date: /home/jmj/pro_asp_ws/ws_px4_controls/install/px4_msgs/local/lib/python3.10/dist-packages/px4_msgs/msg/_led_control_s.c\n'}
[1.104972] (px4_msgs) StdoutLine: {'line': b'-- Up-to-date: /home/jmj/pro_asp_ws/ws_px4_controls/install/px4_msgs/local/lib/python3.10/dist-packages/px4_msgs/msg/_vehicle_odometry.py\n'}
[1.104996] (px4_msgs) StdoutLine: {'line': b'-- Up-to-date: /home/jmj/pro_asp_ws/ws_px4_controls/install/px4_msgs/local/lib/python3.10/dist-packages/px4_msgs/msg/_config_overrides_s.c\n'}
[1.105020] (px4_msgs) StdoutLine: {'line': b'-- Up-to-date: /home/jmj/pro_asp_ws/ws_px4_controls/install/px4_msgs/local/lib/python3.10/dist-packages/px4_msgs/msg/_tiltrotor_extra_controls_s.c\n'}
[1.105043] (px4_msgs) StdoutLine: {'line': b'-- Up-to-date: /home/jmj/pro_asp_ws/ws_px4_controls/install/px4_msgs/local/lib/python3.10/dist-packages/px4_msgs/msg/_mode_completed_s.c\n'}
[1.105070] (px4_msgs) StdoutLine: {'line': b'-- Up-to-date: /home/jmj/pro_asp_ws/ws_px4_controls/install/px4_msgs/local/lib/python3.10/dist-packages/px4_msgs/msg/_rover_rate_status_s.c\n'}
[1.105097] (px4_msgs) StdoutLine: {'line': b'-- Up-to-date: /home/jmj/pro_asp_ws/ws_px4_controls/install/px4_msgs/local/lib/python3.10/dist-packages/px4_msgs/msg/_system_power_s.c\n'}
[1.105125] (px4_msgs) StdoutLine: {'line': b'-- Up-to-date: /home/jmj/pro_asp_ws/ws_px4_controls/install/px4_msgs/local/lib/python3.10/dist-packages/px4_msgs/msg/_vtol_vehicle_status_s.c\n'}
[1.105171] (px4_msgs) StdoutLine: {'line': b'-- Up-to-date: /home/jmj/pro_asp_ws/ws_px4_controls/install/px4_msgs/local/lib/python3.10/dist-packages/px4_msgs/msg/_esc_report_s.c\n'}
[1.105201] (px4_msgs) StdoutLine: {'line': b'-- Up-to-date: /home/jmj/pro_asp_ws/ws_px4_controls/install/px4_msgs/local/lib/python3.10/dist-packages/px4_msgs/msg/_sensor_combined.py\n'}
[1.105227] (px4_msgs) StdoutLine: {'line': b'-- Up-to-date: /home/jmj/pro_asp_ws/ws_px4_controls/install/px4_msgs/local/lib/python3.10/dist-packages/px4_msgs/msg/_geofence_status_s.c\n'}
[1.105254] (px4_msgs) StdoutLine: {'line': b'-- Up-to-date: /home/jmj/pro_asp_ws/ws_px4_controls/install/px4_msgs/local/lib/python3.10/dist-packages/px4_msgs/msg/_hover_thrust_estimate.py\n'}
[1.105279] (px4_msgs) StdoutLine: {'line': b'-- Up-to-date: /home/jmj/pro_asp_ws/ws_px4_controls/install/px4_msgs/local/lib/python3.10/dist-packages/px4_msgs/msg/_camera_capture.py\n'}
[1.105302] (px4_msgs) StdoutLine: {'line': b'-- Up-to-date: /home/jmj/pro_asp_ws/ws_px4_controls/install/px4_msgs/local/lib/python3.10/dist-packages/px4_msgs/msg/_gimbal_manager_status_s.c\n'}
[1.105331] (px4_msgs) StdoutLine: {'line': b'-- Up-to-date: /home/jmj/pro_asp_ws/ws_px4_controls/install/px4_msgs/local/lib/python3.10/dist-packages/px4_msgs/msg/_transponder_report.py\n'}
[1.105357] (px4_msgs) StdoutLine: {'line': b'-- Up-to-date: /home/jmj/pro_asp_ws/ws_px4_controls/install/px4_msgs/local/lib/python3.10/dist-packages/px4_msgs/msg/_gps_dump.py\n'}
[1.105382] (px4_msgs) StdoutLine: {'line': b'-- Up-to-date: /home/jmj/pro_asp_ws/ws_px4_controls/install/px4_msgs/local/lib/python3.10/dist-packages/px4_msgs/msg/_ekf2_timestamps.py\n'}
[1.105405] (px4_msgs) StdoutLine: {'line': b'-- Up-to-date: /home/jmj/pro_asp_ws/ws_px4_controls/install/px4_msgs/local/lib/python3.10/dist-packages/px4_msgs/msg/_gimbal_manager_status.py\n'}
[1.105444] (px4_msgs) StdoutLine: {'line': b'-- Up-to-date: /home/jmj/pro_asp_ws/ws_px4_controls/install/px4_msgs/local/lib/python3.10/dist-packages/px4_msgs/msg/_gpio_config.py\n'}
[1.105469] (px4_msgs) StdoutLine: {'line': b'-- Up-to-date: /home/jmj/pro_asp_ws/ws_px4_controls/install/px4_msgs/local/lib/python3.10/dist-packages/px4_msgs/msg/_vehicle_constraints_s.c\n'}
[1.105492] (px4_msgs) StdoutLine: {'line': b'-- Up-to-date: /home/jmj/pro_asp_ws/ws_px4_controls/install/px4_msgs/local/lib/python3.10/dist-packages/px4_msgs/msg/_ulog_stream_s.c\n'}
[1.105518] (px4_msgs) StdoutLine: {'line': b'-- Up-to-date: /home/jmj/pro_asp_ws/ws_px4_controls/install/px4_msgs/local/lib/python3.10/dist-packages/px4_msgs/msg/_hover_thrust_estimate_s.c\n'}
[1.105542] (px4_msgs) StdoutLine: {'line': b'-- Up-to-date: /home/jmj/pro_asp_ws/ws_px4_controls/install/px4_msgs/local/lib/python3.10/dist-packages/px4_msgs/msg/_message_format_response_s.c\n'}
[1.105566] (px4_msgs) StdoutLine: {'line': b'-- Up-to-date: /home/jmj/pro_asp_ws/ws_px4_controls/install/px4_msgs/local/lib/python3.10/dist-packages/px4_msgs/msg/_led_control.py\n'}
[1.105593] (px4_msgs) StdoutLine: {'line': b'-- Up-to-date: /home/jmj/pro_asp_ws/ws_px4_controls/install/px4_msgs/local/lib/python3.10/dist-packages/px4_msgs/msg/_sensor_accel.py\n'}
[1.105619] (px4_msgs) StdoutLine: {'line': b'-- Up-to-date: /home/jmj/pro_asp_ws/ws_px4_controls/install/px4_msgs/local/lib/python3.10/dist-packages/px4_msgs/msg/_estimator_status_flags.py\n'}
[1.105643] (px4_msgs) StdoutLine: {'line': b'-- Up-to-date: /home/jmj/pro_asp_ws/ws_px4_controls/install/px4_msgs/local/lib/python3.10/dist-packages/px4_msgs/msg/_esc_status_s.c\n'}
[1.105668] (px4_msgs) StdoutLine: {'line': b'-- Up-to-date: /home/jmj/pro_asp_ws/ws_px4_controls/install/px4_msgs/local/lib/python3.10/dist-packages/px4_msgs/msg/_position_controller_landing_status.py\n'}
[1.105697] (px4_msgs) StdoutLine: {'line': b'-- Up-to-date: /home/jmj/pro_asp_ws/ws_px4_controls/install/px4_msgs/local/lib/python3.10/dist-packages/px4_msgs/msg/_gpio_request.py\n'}
[1.105722] (px4_msgs) StdoutLine: {'line': b'-- Up-to-date: /home/jmj/pro_asp_ws/ws_px4_controls/install/px4_msgs/local/lib/python3.10/dist-packages/px4_msgs/msg/_gimbal_controls_s.c\n'}
[1.105765] (px4_msgs) StdoutLine: {'line': b'-- Up-to-date: /home/jmj/pro_asp_ws/ws_px4_controls/install/px4_msgs/local/lib/python3.10/dist-packages/px4_msgs/msg/_open_drone_id_arm_status.py\n'}
[1.105794] (px4_msgs) StdoutLine: {'line': b'-- Up-to-date: /home/jmj/pro_asp_ws/ws_px4_controls/install/px4_msgs/local/lib/python3.10/dist-packages/px4_msgs/msg/_gpio_config_s.c\n'}
[1.105823] (px4_msgs) StdoutLine: {'line': b'-- Up-to-date: /home/jmj/pro_asp_ws/ws_px4_controls/install/px4_msgs/local/lib/python3.10/dist-packages/px4_msgs/msg/_goto_setpoint_s.c\n'}
[1.105850] (px4_msgs) StdoutLine: {'line': b'-- Up-to-date: /home/jmj/pro_asp_ws/ws_px4_controls/install/px4_msgs/local/lib/python3.10/dist-packages/px4_msgs/msg/_rover_attitude_status_s.c\n'}
[1.105890] (px4_msgs) StdoutLine: {'line': b'-- Up-to-date: /home/jmj/pro_asp_ws/ws_px4_controls/install/px4_msgs/local/lib/python3.10/dist-packages/px4_msgs/msg/_sensor_selection.py\n'}
[1.105948] (px4_msgs) StdoutLine: {'line': b'-- Up-to-date: /home/jmj/pro_asp_ws/ws_px4_controls/install/px4_msgs/local/lib/python3.10/dist-packages/px4_msgs/msg/_sensor_gps.py\n'}
[1.105998] (px4_msgs) StdoutLine: {'line': b'-- Up-to-date: /home/jmj/pro_asp_ws/ws_px4_controls/install/px4_msgs/local/lib/python3.10/dist-packages/px4_msgs/msg/_gpio_out_s.c\n'}
[1.106077] (px4_msgs) StdoutLine: {'line': b'-- Up-to-date: /home/jmj/pro_asp_ws/ws_px4_controls/install/px4_msgs/local/lib/python3.10/dist-packages/px4_msgs/msg/_telemetry_status.py\n'}
[1.106112] (px4_msgs) StdoutLine: {'line': b'-- Up-to-date: /home/jmj/pro_asp_ws/ws_px4_controls/install/px4_msgs/local/lib/python3.10/dist-packages/px4_msgs/msg/_actuator_servos.py\n'}
[1.106135] (px4_msgs) StdoutLine: {'line': b'-- Up-to-date: /home/jmj/pro_asp_ws/ws_px4_controls/install/px4_msgs/local/lib/python3.10/dist-packages/px4_msgs/msg/_parameter_set_value_response_s.c\n'}
[1.106162] (px4_msgs) StdoutLine: {'line': b'-- Up-to-date: /home/jmj/pro_asp_ws/ws_px4_controls/install/px4_msgs/local/lib/python3.10/dist-packages/px4_msgs/msg/_actuator_armed_s.c\n'}
[1.106186] (px4_msgs) StdoutLine: {'line': b'-- Up-to-date: /home/jmj/pro_asp_ws/ws_px4_controls/install/px4_msgs/local/lib/python3.10/dist-packages/px4_msgs/msg/_mavlink_log.py\n'}
[1.106236] (px4_msgs) StdoutLine: {'line': b'-- Up-to-date: /home/jmj/pro_asp_ws/ws_px4_controls/install/px4_msgs/local/lib/python3.10/dist-packages/px4_msgs/msg/_vehicle_optical_flow_s.c\n'}
[1.106265] (px4_msgs) StdoutLine: {'line': b'-- Up-to-date: /home/jmj/pro_asp_ws/ws_px4_controls/install/px4_msgs/local/lib/python3.10/dist-packages/px4_msgs/msg/_mount_orientation_s.c\n'}
[1.106289] (px4_msgs) StdoutLine: {'line': b'-- Up-to-date: /home/jmj/pro_asp_ws/ws_px4_controls/install/px4_msgs/local/lib/python3.10/dist-packages/px4_msgs/msg/_parameter_set_value_response.py\n'}
[1.106313] (px4_msgs) StdoutLine: {'line': b"Listing '/home/jmj/pro_asp_ws/ws_px4_controls/install/px4_msgs/local/lib/python3.10/dist-packages/px4_msgs'...\n"}
[1.106337] (px4_msgs) StdoutLine: {'line': b"Listing '/home/jmj/pro_asp_ws/ws_px4_controls/install/px4_msgs/local/lib/python3.10/dist-packages/px4_msgs/msg'...\n"}
[1.106362] (px4_msgs) StdoutLine: {'line': b"Listing '/home/jmj/pro_asp_ws/ws_px4_controls/install/px4_msgs/local/lib/python3.10/dist-packages/px4_msgs/srv'...\n"}
[1.106388] (px4_msgs) StdoutLine: {'line': b'-- Up-to-date: /home/jmj/pro_asp_ws/ws_px4_controls/install/px4_msgs/local/lib/python3.10/dist-packages/px4_msgs/px4_msgs_s__rosidl_typesupport_fastrtps_c.cpython-310-x86_64-linux-gnu.so\n'}
[1.106414] (px4_msgs) StdoutLine: {'line': b'-- Up-to-date: /home/jmj/pro_asp_ws/ws_px4_controls/install/px4_msgs/local/lib/python3.10/dist-packages/px4_msgs/px4_msgs_s__rosidl_typesupport_introspection_c.cpython-310-x86_64-linux-gnu.so\n'}
[1.106450] (px4_msgs) StdoutLine: {'line': b'-- Up-to-date: /home/jmj/pro_asp_ws/ws_px4_controls/install/px4_msgs/local/lib/python3.10/dist-packages/px4_msgs/px4_msgs_s__rosidl_typesupport_c.cpython-310-x86_64-linux-gnu.so\n'}
[1.106493] (px4_msgs) StdoutLine: {'line': b'-- Up-to-date: /home/jmj/pro_asp_ws/ws_px4_controls/install/px4_msgs/lib/libpx4_msgs__rosidl_generator_py.so\n'}
[1.106524] (px4_msgs) StdoutLine: {'line': b'-- Up-to-date: /home/jmj/pro_asp_ws/ws_px4_controls/install/px4_msgs/share/px4_msgs/msg/ActionRequest.idl\n'}
[1.106559] (px4_msgs) StdoutLine: {'line': b'-- Up-to-date: /home/jmj/pro_asp_ws/ws_px4_controls/install/px4_msgs/share/px4_msgs/msg/ActuatorArmed.idl\n'}
[1.106586] (px4_msgs) StdoutLine: {'line': b'-- Up-to-date: /home/jmj/pro_asp_ws/ws_px4_controls/install/px4_msgs/share/px4_msgs/msg/ActuatorControlsStatus.idl\n'}
[1.106629] (px4_msgs) StdoutLine: {'line': b'-- Up-to-date: /home/jmj/pro_asp_ws/ws_px4_controls/install/px4_msgs/share/px4_msgs/msg/ActuatorMotors.idl\n'}
[1.106656] (px4_msgs) StdoutLine: {'line': b'-- Up-to-date: /home/jmj/pro_asp_ws/ws_px4_controls/install/px4_msgs/share/px4_msgs/msg/ActuatorOutputs.idl\n'}
[1.106683] (px4_msgs) StdoutLine: {'line': b'-- Up-to-date: /home/jmj/pro_asp_ws/ws_px4_controls/install/px4_msgs/share/px4_msgs/msg/ActuatorServos.idl\n'}
[1.106706] (px4_msgs) StdoutLine: {'line': b'-- Up-to-date: /home/jmj/pro_asp_ws/ws_px4_controls/install/px4_msgs/share/px4_msgs/msg/ActuatorServosTrim.idl\n'}
[1.106728] (px4_msgs) StdoutLine: {'line': b'-- Up-to-date: /home/jmj/pro_asp_ws/ws_px4_controls/install/px4_msgs/share/px4_msgs/msg/ActuatorTest.idl\n'}
[1.106753] (px4_msgs) StdoutLine: {'line': b'-- Up-to-date: /home/jmj/pro_asp_ws/ws_px4_controls/install/px4_msgs/share/px4_msgs/msg/AdcReport.idl\n'}
[1.106798] (px4_msgs) StdoutLine: {'line': b'-- Up-to-date: /home/jmj/pro_asp_ws/ws_px4_controls/install/px4_msgs/share/px4_msgs/msg/Airspeed.idl\n'}
[1.106822] (px4_msgs) StdoutLine: {'line': b'-- Up-to-date: /home/jmj/pro_asp_ws/ws_px4_controls/install/px4_msgs/share/px4_msgs/msg/AirspeedValidated.idl\n'}
[1.106845] (px4_msgs) StdoutLine: {'line': b'-- Up-to-date: /home/jmj/pro_asp_ws/ws_px4_controls/install/px4_msgs/share/px4_msgs/msg/AirspeedWind.idl\n'}
[1.106867] (px4_msgs) StdoutLine: {'line': b'-- Up-to-date: /home/jmj/pro_asp_ws/ws_px4_controls/install/px4_msgs/share/px4_msgs/msg/ArmingCheckReply.idl\n'}
[1.106892] (px4_msgs) StdoutLine: {'line': b'-- Up-to-date: /home/jmj/pro_asp_ws/ws_px4_controls/install/px4_msgs/share/px4_msgs/msg/ArmingCheckRequest.idl\n'}
[1.106915] (px4_msgs) StdoutLine: {'line': b'-- Up-to-date: /home/jmj/pro_asp_ws/ws_px4_controls/install/px4_msgs/share/px4_msgs/msg/AutotuneAttitudeControlStatus.idl\n'}
[1.106938] (px4_msgs) StdoutLine: {'line': b'-- Up-to-date: /home/jmj/pro_asp_ws/ws_px4_controls/install/px4_msgs/share/px4_msgs/msg/BatteryStatus.idl\n'}
[1.106974] (px4_msgs) StdoutLine: {'line': b'-- Up-to-date: /home/jmj/pro_asp_ws/ws_px4_controls/install/px4_msgs/share/px4_msgs/msg/ButtonEvent.idl\n'}
[1.107017] (px4_msgs) StdoutLine: {'line': b'-- Up-to-date: /home/jmj/pro_asp_ws/ws_px4_controls/install/px4_msgs/share/px4_msgs/msg/CameraCapture.idl\n'}
[1.107040] (px4_msgs) StdoutLine: {'line': b'-- Up-to-date: /home/jmj/pro_asp_ws/ws_px4_controls/install/px4_msgs/share/px4_msgs/msg/CameraStatus.idl\n'}
[1.107066] (px4_msgs) StdoutLine: {'line': b'-- Up-to-date: /home/jmj/pro_asp_ws/ws_px4_controls/install/px4_msgs/share/px4_msgs/msg/CameraTrigger.idl\n'}
[1.107088] (px4_msgs) StdoutLine: {'line': b'-- Up-to-date: /home/jmj/pro_asp_ws/ws_px4_controls/install/px4_msgs/share/px4_msgs/msg/CanInterfaceStatus.idl\n'}
[1.107110] (px4_msgs) StdoutLine: {'line': b'-- Up-to-date: /home/jmj/pro_asp_ws/ws_px4_controls/install/px4_msgs/share/px4_msgs/msg/CellularStatus.idl\n'}
[1.107144] (px4_msgs) StdoutLine: {'line': b'-- Up-to-date: /home/jmj/pro_asp_ws/ws_px4_controls/install/px4_msgs/share/px4_msgs/msg/CollisionConstraints.idl\n'}
[1.107185] (px4_msgs) StdoutLine: {'line': b'-- Up-to-date: /home/jmj/pro_asp_ws/ws_px4_controls/install/px4_msgs/share/px4_msgs/msg/ConfigOverrides.idl\n'}
[1.107216] (px4_msgs) StdoutLine: {'line': b'-- Up-to-date: /home/jmj/pro_asp_ws/ws_px4_controls/install/px4_msgs/share/px4_msgs/msg/ControlAllocatorStatus.idl\n'}
[1.107242] (px4_msgs) StdoutLine: {'line': b'-- Up-to-date: /home/jmj/pro_asp_ws/ws_px4_controls/install/px4_msgs/share/px4_msgs/msg/Cpuload.idl\n'}
[1.107265] (px4_msgs) StdoutLine: {'line': b'-- Up-to-date: /home/jmj/pro_asp_ws/ws_px4_controls/install/px4_msgs/share/px4_msgs/msg/DatamanRequest.idl\n'}
[1.107289] (px4_msgs) StdoutLine: {'line': b'-- Up-to-date: /home/jmj/pro_asp_ws/ws_px4_controls/install/px4_msgs/share/px4_msgs/msg/DatamanResponse.idl\n'}
[1.107313] (px4_msgs) StdoutLine: {'line': b'-- Up-to-date: /home/jmj/pro_asp_ws/ws_px4_controls/install/px4_msgs/share/px4_msgs/msg/DebugArray.idl\n'}
[1.107353] (px4_msgs) StdoutLine: {'line': b'-- Up-to-date: /home/jmj/pro_asp_ws/ws_px4_controls/install/px4_msgs/share/px4_msgs/msg/DebugKeyValue.idl\n'}
[1.107395] (px4_msgs) StdoutLine: {'line': b'-- Up-to-date: /home/jmj/pro_asp_ws/ws_px4_controls/install/px4_msgs/share/px4_msgs/msg/DebugValue.idl\n'}
[1.107422] (px4_msgs) StdoutLine: {'line': b'-- Up-to-date: /home/jmj/pro_asp_ws/ws_px4_controls/install/px4_msgs/share/px4_msgs/msg/DebugVect.idl\n'}
[1.107452] (px4_msgs) StdoutLine: {'line': b'-- Up-to-date: /home/jmj/pro_asp_ws/ws_px4_controls/install/px4_msgs/share/px4_msgs/msg/DifferentialPressure.idl\n'}
[1.107492] (px4_msgs) StdoutLine: {'line': b'-- Up-to-date: /home/jmj/pro_asp_ws/ws_px4_controls/install/px4_msgs/share/px4_msgs/msg/DistanceSensor.idl\n'}
[1.107535] (px4_msgs) StdoutLine: {'line': b'-- Up-to-date: /home/jmj/pro_asp_ws/ws_px4_controls/install/px4_msgs/share/px4_msgs/msg/DistanceSensorModeChangeRequest.idl\n'}
[1.107569] (px4_msgs) StdoutLine: {'line': b'-- Up-to-date: /home/jmj/pro_asp_ws/ws_px4_controls/install/px4_msgs/share/px4_msgs/msg/Ekf2Timestamps.idl\n'}
[1.107594] (px4_msgs) StdoutLine: {'line': b'-- Up-to-date: /home/jmj/pro_asp_ws/ws_px4_controls/install/px4_msgs/share/px4_msgs/msg/EscReport.idl\n'}
[1.107619] (px4_msgs) StdoutLine: {'line': b'-- Up-to-date: /home/jmj/pro_asp_ws/ws_px4_controls/install/px4_msgs/share/px4_msgs/msg/EscStatus.idl\n'}
[1.107676] (px4_msgs) StdoutLine: {'line': b'-- Up-to-date: /home/jmj/pro_asp_ws/ws_px4_controls/install/px4_msgs/share/px4_msgs/msg/EstimatorAidSource1d.idl\n'}
[1.107702] (px4_msgs) StdoutLine: {'line': b'-- Up-to-date: /home/jmj/pro_asp_ws/ws_px4_controls/install/px4_msgs/share/px4_msgs/msg/EstimatorAidSource2d.idl\n'}
[1.107727] (px4_msgs) StdoutLine: {'line': b'-- Up-to-date: /home/jmj/pro_asp_ws/ws_px4_controls/install/px4_msgs/share/px4_msgs/msg/EstimatorAidSource3d.idl\n'}
[1.107772] (px4_msgs) StdoutLine: {'line': b'-- Up-to-date: /home/jmj/pro_asp_ws/ws_px4_controls/install/px4_msgs/share/px4_msgs/msg/EstimatorBias.idl\n'}
[1.107794] (px4_msgs) StdoutLine: {'line': b'-- Up-to-date: /home/jmj/pro_asp_ws/ws_px4_controls/install/px4_msgs/share/px4_msgs/msg/EstimatorBias3d.idl\n'}
[1.107816] (px4_msgs) StdoutLine: {'line': b'-- Up-to-date: /home/jmj/pro_asp_ws/ws_px4_controls/install/px4_msgs/share/px4_msgs/msg/EstimatorEventFlags.idl\n'}
[1.107837] (px4_msgs) StdoutLine: {'line': b'-- Up-to-date: /home/jmj/pro_asp_ws/ws_px4_controls/install/px4_msgs/share/px4_msgs/msg/EstimatorGpsStatus.idl\n'}
[1.107861] (px4_msgs) StdoutLine: {'line': b'-- Up-to-date: /home/jmj/pro_asp_ws/ws_px4_controls/install/px4_msgs/share/px4_msgs/msg/EstimatorInnovations.idl\n'}
[1.107882] (px4_msgs) StdoutLine: {'line': b'-- Up-to-date: /home/jmj/pro_asp_ws/ws_px4_controls/install/px4_msgs/share/px4_msgs/msg/EstimatorSelectorStatus.idl\n'}
[1.107904] (px4_msgs) StdoutLine: {'line': b'-- Up-to-date: /home/jmj/pro_asp_ws/ws_px4_controls/install/px4_msgs/share/px4_msgs/msg/EstimatorSensorBias.idl\n'}
[1.107926] (px4_msgs) StdoutLine: {'line': b'-- Up-to-date: /home/jmj/pro_asp_ws/ws_px4_controls/install/px4_msgs/share/px4_msgs/msg/EstimatorStates.idl\n'}
[1.107952] (px4_msgs) StdoutLine: {'line': b'-- Up-to-date: /home/jmj/pro_asp_ws/ws_px4_controls/install/px4_msgs/share/px4_msgs/msg/EstimatorStatus.idl\n'}
[1.107976] (px4_msgs) StdoutLine: {'line': b'-- Up-to-date: /home/jmj/pro_asp_ws/ws_px4_controls/install/px4_msgs/share/px4_msgs/msg/EstimatorStatusFlags.idl\n'}
[1.108002] (px4_msgs) StdoutLine: {'line': b'-- Up-to-date: /home/jmj/pro_asp_ws/ws_px4_controls/install/px4_msgs/share/px4_msgs/msg/Event.idl\n'}
[1.108030] (px4_msgs) StdoutLine: {'line': b'-- Up-to-date: /home/jmj/pro_asp_ws/ws_px4_controls/install/px4_msgs/share/px4_msgs/msg/FailsafeFlags.idl\n'}
[1.108057] (px4_msgs) StdoutLine: {'line': b'-- Up-to-date: /home/jmj/pro_asp_ws/ws_px4_controls/install/px4_msgs/share/px4_msgs/msg/FailureDetectorStatus.idl\n'}
[1.108083] (px4_msgs) StdoutLine: {'line': b'-- Up-to-date: /home/jmj/pro_asp_ws/ws_px4_controls/install/px4_msgs/share/px4_msgs/msg/FigureEightStatus.idl\n'}
[1.108130] (px4_msgs) StdoutLine: {'line': b'-- Up-to-date: /home/jmj/pro_asp_ws/ws_px4_controls/install/px4_msgs/share/px4_msgs/msg/FixedWingLateralGuidanceStatus.idl\n'}
[1.108155] (px4_msgs) StdoutLine: {'line': b'-- Up-to-date: /home/jmj/pro_asp_ws/ws_px4_controls/install/px4_msgs/share/px4_msgs/msg/FixedWingLateralSetpoint.idl\n'}
[1.108179] (px4_msgs) StdoutLine: {'line': b'-- Up-to-date: /home/jmj/pro_asp_ws/ws_px4_controls/install/px4_msgs/share/px4_msgs/msg/FixedWingLateralStatus.idl\n'}
[1.108205] (px4_msgs) StdoutLine: {'line': b'-- Up-to-date: /home/jmj/pro_asp_ws/ws_px4_controls/install/px4_msgs/share/px4_msgs/msg/FixedWingLongitudinalSetpoint.idl\n'}
[1.108229] (px4_msgs) StdoutLine: {'line': b'-- Up-to-date: /home/jmj/pro_asp_ws/ws_px4_controls/install/px4_msgs/share/px4_msgs/msg/FixedWingRunwayControl.idl\n'}
[1.108253] (px4_msgs) StdoutLine: {'line': b'-- Up-to-date: /home/jmj/pro_asp_ws/ws_px4_controls/install/px4_msgs/share/px4_msgs/msg/FlightPhaseEstimation.idl\n'}
[1.108277] (px4_msgs) StdoutLine: {'line': b'-- Up-to-date: /home/jmj/pro_asp_ws/ws_px4_controls/install/px4_msgs/share/px4_msgs/msg/FollowTarget.idl\n'}
[1.108303] (px4_msgs) StdoutLine: {'line': b'-- Up-to-date: /home/jmj/pro_asp_ws/ws_px4_controls/install/px4_msgs/share/px4_msgs/msg/FollowTargetEstimator.idl\n'}
[1.108327] (px4_msgs) StdoutLine: {'line': b'-- Up-to-date: /home/jmj/pro_asp_ws/ws_px4_controls/install/px4_msgs/share/px4_msgs/msg/FollowTargetStatus.idl\n'}
[1.108350] (px4_msgs) StdoutLine: {'line': b'-- Up-to-date: /home/jmj/pro_asp_ws/ws_px4_controls/install/px4_msgs/share/px4_msgs/msg/FuelTankStatus.idl\n'}
[1.108373] (px4_msgs) StdoutLine: {'line': b'-- Up-to-date: /home/jmj/pro_asp_ws/ws_px4_controls/install/px4_msgs/share/px4_msgs/msg/GeneratorStatus.idl\n'}
[1.108396] (px4_msgs) StdoutLine: {'line': b'-- Up-to-date: /home/jmj/pro_asp_ws/ws_px4_controls/install/px4_msgs/share/px4_msgs/msg/GeofenceResult.idl\n'}
[1.108419] (px4_msgs) StdoutLine: {'line': b'-- Up-to-date: /home/jmj/pro_asp_ws/ws_px4_controls/install/px4_msgs/share/px4_msgs/msg/GeofenceStatus.idl\n'}
[1.108444] (px4_msgs) StdoutLine: {'line': b'-- Up-to-date: /home/jmj/pro_asp_ws/ws_px4_controls/install/px4_msgs/share/px4_msgs/msg/GimbalControls.idl\n'}
[1.108468] (px4_msgs) StdoutLine: {'line': b'-- Up-to-date: /home/jmj/pro_asp_ws/ws_px4_controls/install/px4_msgs/share/px4_msgs/msg/GimbalDeviceAttitudeStatus.idl\n'}
[1.108496] (px4_msgs) StdoutLine: {'line': b'-- Up-to-date: /home/jmj/pro_asp_ws/ws_px4_controls/install/px4_msgs/share/px4_msgs/msg/GimbalDeviceInformation.idl\n'}
[1.108520] (px4_msgs) StdoutLine: {'line': b'-- Up-to-date: /home/jmj/pro_asp_ws/ws_px4_controls/install/px4_msgs/share/px4_msgs/msg/GimbalDeviceSetAttitude.idl\n'}
[1.108543] (px4_msgs) StdoutLine: {'line': b'-- Up-to-date: /home/jmj/pro_asp_ws/ws_px4_controls/install/px4_msgs/share/px4_msgs/msg/GimbalManagerInformation.idl\n'}
[1.108567] (px4_msgs) StdoutLine: {'line': b'-- Up-to-date: /home/jmj/pro_asp_ws/ws_px4_controls/install/px4_msgs/share/px4_msgs/msg/GimbalManagerSetAttitude.idl\n'}
[1.108590] (px4_msgs) StdoutLine: {'line': b'-- Up-to-date: /home/jmj/pro_asp_ws/ws_px4_controls/install/px4_msgs/share/px4_msgs/msg/GimbalManagerSetManualControl.idl\n'}
[1.108613] (px4_msgs) StdoutLine: {'line': b'-- Up-to-date: /home/jmj/pro_asp_ws/ws_px4_controls/install/px4_msgs/share/px4_msgs/msg/GimbalManagerStatus.idl\n'}
[1.108636] (px4_msgs) StdoutLine: {'line': b'-- Up-to-date: /home/jmj/pro_asp_ws/ws_px4_controls/install/px4_msgs/share/px4_msgs/msg/GotoSetpoint.idl\n'}
[1.108682] (px4_msgs) StdoutLine: {'line': b'-- Up-to-date: /home/jmj/pro_asp_ws/ws_px4_controls/install/px4_msgs/share/px4_msgs/msg/GpioConfig.idl\n'}
[1.108703] (px4_msgs) StdoutLine: {'line': b'-- Up-to-date: /home/jmj/pro_asp_ws/ws_px4_controls/install/px4_msgs/share/px4_msgs/msg/GpioIn.idl\n'}
[1.108725] (px4_msgs) StdoutLine: {'line': b'-- Up-to-date: /home/jmj/pro_asp_ws/ws_px4_controls/install/px4_msgs/share/px4_msgs/msg/GpioOut.idl\n'}
[1.108747] (px4_msgs) StdoutLine: {'line': b'-- Up-to-date: /home/jmj/pro_asp_ws/ws_px4_controls/install/px4_msgs/share/px4_msgs/msg/GpioRequest.idl\n'}
[1.108769] (px4_msgs) StdoutLine: {'line': b'-- Up-to-date: /home/jmj/pro_asp_ws/ws_px4_controls/install/px4_msgs/share/px4_msgs/msg/GpsDump.idl\n'}
[1.108793] (px4_msgs) StdoutLine: {'line': b'-- Up-to-date: /home/jmj/pro_asp_ws/ws_px4_controls/install/px4_msgs/share/px4_msgs/msg/GpsInjectData.idl\n'}
[1.108815] (px4_msgs) StdoutLine: {'line': b'-- Up-to-date: /home/jmj/pro_asp_ws/ws_px4_controls/install/px4_msgs/share/px4_msgs/msg/Gripper.idl\n'}
[1.108849] (px4_msgs) StdoutLine: {'line': b'-- Up-to-date: /home/jmj/pro_asp_ws/ws_px4_controls/install/px4_msgs/share/px4_msgs/msg/HealthReport.idl\n'}
[1.108887] (px4_msgs) StdoutLine: {'line': b'-- Up-to-date: /home/jmj/pro_asp_ws/ws_px4_controls/install/px4_msgs/share/px4_msgs/msg/HeaterStatus.idl\n'}
[1.108912] (px4_msgs) StdoutLine: {'line': b'-- Up-to-date: /home/jmj/pro_asp_ws/ws_px4_controls/install/px4_msgs/share/px4_msgs/msg/HomePosition.idl\n'}
[1.108934] (px4_msgs) StdoutLine: {'line': b'-- Up-to-date: /home/jmj/pro_asp_ws/ws_px4_controls/install/px4_msgs/share/px4_msgs/msg/HoverThrustEstimate.idl\n'}
[1.108963] (px4_msgs) StdoutLine: {'line': b'-- Up-to-date: /home/jmj/pro_asp_ws/ws_px4_controls/install/px4_msgs/share/px4_msgs/msg/InputRc.idl\n'}
[1.109002] (px4_msgs) StdoutLine: {'line': b'-- Up-to-date: /home/jmj/pro_asp_ws/ws_px4_controls/install/px4_msgs/share/px4_msgs/msg/InternalCombustionEngineControl.idl\n'}
[1.109033] (px4_msgs) StdoutLine: {'line': b'-- Up-to-date: /home/jmj/pro_asp_ws/ws_px4_controls/install/px4_msgs/share/px4_msgs/msg/InternalCombustionEngineStatus.idl\n'}
[1.109098] (px4_msgs) StdoutLine: {'line': b'-- Up-to-date: /home/jmj/pro_asp_ws/ws_px4_controls/install/px4_msgs/share/px4_msgs/msg/IridiumsbdStatus.idl\n'}
[1.109130] (px4_msgs) StdoutLine: {'line': b'-- Up-to-date: /home/jmj/pro_asp_ws/ws_px4_controls/install/px4_msgs/share/px4_msgs/msg/IrlockReport.idl\n'}
[1.109163] (px4_msgs) StdoutLine: {'line': b'-- Up-to-date: /home/jmj/pro_asp_ws/ws_px4_controls/install/px4_msgs/share/px4_msgs/msg/LandingGear.idl\n'}
[1.109186] (px4_msgs) StdoutLine: {'line': b'-- Up-to-date: /home/jmj/pro_asp_ws/ws_px4_controls/install/px4_msgs/share/px4_msgs/msg/LandingGearWheel.idl\n'}
[1.109208] (px4_msgs) StdoutLine: {'line': b'-- Up-to-date: /home/jmj/pro_asp_ws/ws_px4_controls/install/px4_msgs/share/px4_msgs/msg/LandingTargetInnovations.idl\n'}
[1.109240] (px4_msgs) StdoutLine: {'line': b'-- Up-to-date: /home/jmj/pro_asp_ws/ws_px4_controls/install/px4_msgs/share/px4_msgs/msg/LandingTargetPose.idl\n'}
[1.109283] (px4_msgs) StdoutLine: {'line': b'-- Up-to-date: /home/jmj/pro_asp_ws/ws_px4_controls/install/px4_msgs/share/px4_msgs/msg/LateralControlConfiguration.idl\n'}
[1.109322] (px4_msgs) StdoutLine: {'line': b'-- Up-to-date: /home/jmj/pro_asp_ws/ws_px4_controls/install/px4_msgs/share/px4_msgs/msg/LaunchDetectionStatus.idl\n'}
[1.109347] (px4_msgs) StdoutLine: {'line': b'-- Up-to-date: /home/jmj/pro_asp_ws/ws_px4_controls/install/px4_msgs/share/px4_msgs/msg/LedControl.idl\n'}
[1.109399] (px4_msgs) StdoutLine: {'line': b'-- Up-to-date: /home/jmj/pro_asp_ws/ws_px4_controls/install/px4_msgs/share/px4_msgs/msg/LogMessage.idl\n'}
[1.109422] (px4_msgs) StdoutLine: {'line': b'-- Up-to-date: /home/jmj/pro_asp_ws/ws_px4_controls/install/px4_msgs/share/px4_msgs/msg/LoggerStatus.idl\n'}
[1.109445] (px4_msgs) StdoutLine: {'line': b'-- Up-to-date: /home/jmj/pro_asp_ws/ws_px4_controls/install/px4_msgs/share/px4_msgs/msg/LongitudinalControlConfiguration.idl\n'}
[1.109493] (px4_msgs) StdoutLine: {'line': b'-- Up-to-date: /home/jmj/pro_asp_ws/ws_px4_controls/install/px4_msgs/share/px4_msgs/msg/MagWorkerData.idl\n'}
[1.109515] (px4_msgs) StdoutLine: {'line': b'-- Up-to-date: /home/jmj/pro_asp_ws/ws_px4_controls/install/px4_msgs/share/px4_msgs/msg/MagnetometerBiasEstimate.idl\n'}
[1.109537] (px4_msgs) StdoutLine: {'line': b'-- Up-to-date: /home/jmj/pro_asp_ws/ws_px4_controls/install/px4_msgs/share/px4_msgs/msg/ManualControlSetpoint.idl\n'}
[1.109559] (px4_msgs) StdoutLine: {'line': b'-- Up-to-date: /home/jmj/pro_asp_ws/ws_px4_controls/install/px4_msgs/share/px4_msgs/msg/ManualControlSwitches.idl\n'}
[1.109581] (px4_msgs) StdoutLine: {'line': b'-- Up-to-date: /home/jmj/pro_asp_ws/ws_px4_controls/install/px4_msgs/share/px4_msgs/msg/MavlinkLog.idl\n'}
[1.109602] (px4_msgs) StdoutLine: {'line': b'-- Up-to-date: /home/jmj/pro_asp_ws/ws_px4_controls/install/px4_msgs/share/px4_msgs/msg/MavlinkTunnel.idl\n'}
[1.109624] (px4_msgs) StdoutLine: {'line': b'-- Up-to-date: /home/jmj/pro_asp_ws/ws_px4_controls/install/px4_msgs/share/px4_msgs/msg/MessageFormatRequest.idl\n'}
[1.109646] (px4_msgs) StdoutLine: {'line': b'-- Up-to-date: /home/jmj/pro_asp_ws/ws_px4_controls/install/px4_msgs/share/px4_msgs/msg/MessageFormatResponse.idl\n'}
[1.109667] (px4_msgs) StdoutLine: {'line': b'-- Up-to-date: /home/jmj/pro_asp_ws/ws_px4_controls/install/px4_msgs/share/px4_msgs/msg/Mission.idl\n'}
[1.109690] (px4_msgs) StdoutLine: {'line': b'-- Up-to-date: /home/jmj/pro_asp_ws/ws_px4_controls/install/px4_msgs/share/px4_msgs/msg/MissionResult.idl\n'}
[1.109713] (px4_msgs) StdoutLine: {'line': b'-- Up-to-date: /home/jmj/pro_asp_ws/ws_px4_controls/install/px4_msgs/share/px4_msgs/msg/ModeCompleted.idl\n'}
[1.109734] (px4_msgs) StdoutLine: {'line': b'-- Up-to-date: /home/jmj/pro_asp_ws/ws_px4_controls/install/px4_msgs/share/px4_msgs/msg/MountOrientation.idl\n'}
[1.109766] (px4_msgs) StdoutLine: {'line': b'-- Up-to-date: /home/jmj/pro_asp_ws/ws_px4_controls/install/px4_msgs/share/px4_msgs/msg/NavigatorMissionItem.idl\n'}
[1.109793] (px4_msgs) StdoutLine: {'line': b'-- Up-to-date: /home/jmj/pro_asp_ws/ws_px4_controls/install/px4_msgs/share/px4_msgs/msg/NavigatorStatus.idl\n'}
[1.109825] (px4_msgs) StdoutLine: {'line': b'-- Up-to-date: /home/jmj/pro_asp_ws/ws_px4_controls/install/px4_msgs/share/px4_msgs/msg/NormalizedUnsignedSetpoint.idl\n'}
[1.109860] (px4_msgs) StdoutLine: {'line': b'-- Up-to-date: /home/jmj/pro_asp_ws/ws_px4_controls/install/px4_msgs/share/px4_msgs/msg/ObstacleDistance.idl\n'}
[1.109888] (px4_msgs) StdoutLine: {'line': b'-- Up-to-date: /home/jmj/pro_asp_ws/ws_px4_controls/install/px4_msgs/share/px4_msgs/msg/OffboardControlMode.idl\n'}
[1.109959] (px4_msgs) StdoutLine: {'line': b'-- Up-to-date: /home/jmj/pro_asp_ws/ws_px4_controls/install/px4_msgs/share/px4_msgs/msg/OnboardComputerStatus.idl\n'}
[1.110001] (px4_msgs) StdoutLine: {'line': b'-- Up-to-date: /home/jmj/pro_asp_ws/ws_px4_controls/install/px4_msgs/share/px4_msgs/msg/OpenDroneIdArmStatus.idl\n'}
[1.110035] (px4_msgs) StdoutLine: {'line': b'-- Up-to-date: /home/jmj/pro_asp_ws/ws_px4_controls/install/px4_msgs/share/px4_msgs/msg/OpenDroneIdOperatorId.idl\n'}
[1.110065] (px4_msgs) StdoutLine: {'line': b'-- Up-to-date: /home/jmj/pro_asp_ws/ws_px4_controls/install/px4_msgs/share/px4_msgs/msg/OpenDroneIdSelfId.idl\n'}
[1.110097] (px4_msgs) StdoutLine: {'line': b'-- Up-to-date: /home/jmj/pro_asp_ws/ws_px4_controls/install/px4_msgs/share/px4_msgs/msg/OpenDroneIdSystem.idl\n'}
[1.110124] (px4_msgs) StdoutLine: {'line': b'-- Up-to-date: /home/jmj/pro_asp_ws/ws_px4_controls/install/px4_msgs/share/px4_msgs/msg/OrbTest.idl\n'}
[1.110150] (px4_msgs) StdoutLine: {'line': b'-- Up-to-date: /home/jmj/pro_asp_ws/ws_px4_controls/install/px4_msgs/share/px4_msgs/msg/OrbTestLarge.idl\n'}
[1.110176] (px4_msgs) StdoutLine: {'line': b'-- Up-to-date: /home/jmj/pro_asp_ws/ws_px4_controls/install/px4_msgs/share/px4_msgs/msg/OrbTestMedium.idl\n'}
[1.110224] (px4_msgs) StdoutLine: {'line': b'-- Up-to-date: /home/jmj/pro_asp_ws/ws_px4_controls/install/px4_msgs/share/px4_msgs/msg/OrbitStatus.idl\n'}
[1.110246] (px4_msgs) StdoutLine: {'line': b'-- Up-to-date: /home/jmj/pro_asp_ws/ws_px4_controls/install/px4_msgs/share/px4_msgs/msg/ParameterResetRequest.idl\n'}
[1.110272] (px4_msgs) StdoutLine: {'line': b'-- Up-to-date: /home/jmj/pro_asp_ws/ws_px4_controls/install/px4_msgs/share/px4_msgs/msg/ParameterSetUsedRequest.idl\n'}
[1.110298] (px4_msgs) StdoutLine: {'line': b'-- Up-to-date: /home/jmj/pro_asp_ws/ws_px4_controls/install/px4_msgs/share/px4_msgs/msg/ParameterSetValueRequest.idl\n'}
[1.110320] (px4_msgs) StdoutLine: {'line': b'-- Up-to-date: /home/jmj/pro_asp_ws/ws_px4_controls/install/px4_msgs/share/px4_msgs/msg/ParameterSetValueResponse.idl\n'}
[1.110342] (px4_msgs) StdoutLine: {'line': b'-- Up-to-date: /home/jmj/pro_asp_ws/ws_px4_controls/install/px4_msgs/share/px4_msgs/msg/ParameterUpdate.idl\n'}
[1.110362] (px4_msgs) StdoutLine: {'line': b'-- Up-to-date: /home/jmj/pro_asp_ws/ws_px4_controls/install/px4_msgs/share/px4_msgs/msg/Ping.idl\n'}
[1.110387] (px4_msgs) StdoutLine: {'line': b'-- Up-to-date: /home/jmj/pro_asp_ws/ws_px4_controls/install/px4_msgs/share/px4_msgs/msg/PositionControllerLandingStatus.idl\n'}
[1.110416] (px4_msgs) StdoutLine: {'line': b'-- Up-to-date: /home/jmj/pro_asp_ws/ws_px4_controls/install/px4_msgs/share/px4_msgs/msg/PositionControllerStatus.idl\n'}
[1.110441] (px4_msgs) StdoutLine: {'line': b'-- Up-to-date: /home/jmj/pro_asp_ws/ws_px4_controls/install/px4_msgs/share/px4_msgs/msg/PositionSetpoint.idl\n'}
[1.110464] (px4_msgs) StdoutLine: {'line': b'-- Up-to-date: /home/jmj/pro_asp_ws/ws_px4_controls/install/px4_msgs/share/px4_msgs/msg/PositionSetpointTriplet.idl\n'}
[1.110498] (px4_msgs) StdoutLine: {'line': b'-- Up-to-date: /home/jmj/pro_asp_ws/ws_px4_controls/install/px4_msgs/share/px4_msgs/msg/PowerButtonState.idl\n'}
[1.110526] (px4_msgs) StdoutLine: {'line': b'-- Up-to-date: /home/jmj/pro_asp_ws/ws_px4_controls/install/px4_msgs/share/px4_msgs/msg/PowerMonitor.idl\n'}
[1.110552] (px4_msgs) StdoutLine: {'line': b'-- Up-to-date: /home/jmj/pro_asp_ws/ws_px4_controls/install/px4_msgs/share/px4_msgs/msg/PpsCapture.idl\n'}
[1.110577] (px4_msgs) StdoutLine: {'line': b'-- Up-to-date: /home/jmj/pro_asp_ws/ws_px4_controls/install/px4_msgs/share/px4_msgs/msg/PurePursuitStatus.idl\n'}
[1.110605] (px4_msgs) StdoutLine: {'line': b'-- Up-to-date: /home/jmj/pro_asp_ws/ws_px4_controls/install/px4_msgs/share/px4_msgs/msg/PwmInput.idl\n'}
[1.110631] (px4_msgs) StdoutLine: {'line': b'-- Up-to-date: /home/jmj/pro_asp_ws/ws_px4_controls/install/px4_msgs/share/px4_msgs/msg/Px4ioStatus.idl\n'}
[1.110672] (px4_msgs) StdoutLine: {'line': b'-- Up-to-date: /home/jmj/pro_asp_ws/ws_px4_controls/install/px4_msgs/share/px4_msgs/msg/QshellReq.idl\n'}
[1.110696] (px4_msgs) StdoutLine: {'line': b'-- Up-to-date: /home/jmj/pro_asp_ws/ws_px4_controls/install/px4_msgs/share/px4_msgs/msg/QshellRetval.idl\n'}
[1.110717] (px4_msgs) StdoutLine: {'line': b'-- Up-to-date: /home/jmj/pro_asp_ws/ws_px4_controls/install/px4_msgs/share/px4_msgs/msg/RadioStatus.idl\n'}
[1.110746] (px4_msgs) StdoutLine: {'line': b'-- Up-to-date: /home/jmj/pro_asp_ws/ws_px4_controls/install/px4_msgs/share/px4_msgs/msg/RateCtrlStatus.idl\n'}
[1.110769] (px4_msgs) StdoutLine: {'line': b'-- Up-to-date: /home/jmj/pro_asp_ws/ws_px4_controls/install/px4_msgs/share/px4_msgs/msg/RcChannels.idl\n'}
[1.110791] (px4_msgs) StdoutLine: {'line': b'-- Up-to-date: /home/jmj/pro_asp_ws/ws_px4_controls/install/px4_msgs/share/px4_msgs/msg/RcParameterMap.idl\n'}
[1.110813] (px4_msgs) StdoutLine: {'line': b'-- Up-to-date: /home/jmj/pro_asp_ws/ws_px4_controls/install/px4_msgs/share/px4_msgs/msg/RegisterExtComponentReply.idl\n'}
[1.110842] (px4_msgs) StdoutLine: {'line': b'-- Up-to-date: /home/jmj/pro_asp_ws/ws_px4_controls/install/px4_msgs/share/px4_msgs/msg/RegisterExtComponentRequest.idl\n'}
[1.110871] (px4_msgs) StdoutLine: {'line': b'-- Up-to-date: /home/jmj/pro_asp_ws/ws_px4_controls/install/px4_msgs/share/px4_msgs/msg/RoverAttitudeSetpoint.idl\n'}
[1.110909] (px4_msgs) StdoutLine: {'line': b'-- Up-to-date: /home/jmj/pro_asp_ws/ws_px4_controls/install/px4_msgs/share/px4_msgs/msg/RoverAttitudeStatus.idl\n'}
[1.110931] (px4_msgs) StdoutLine: {'line': b'-- Up-to-date: /home/jmj/pro_asp_ws/ws_px4_controls/install/px4_msgs/share/px4_msgs/msg/RoverPositionSetpoint.idl\n'}
[1.110964] (px4_msgs) StdoutLine: {'line': b'-- Up-to-date: /home/jmj/pro_asp_ws/ws_px4_controls/install/px4_msgs/share/px4_msgs/msg/RoverRateSetpoint.idl\n'}
[1.110991] (px4_msgs) StdoutLine: {'line': b'-- Up-to-date: /home/jmj/pro_asp_ws/ws_px4_controls/install/px4_msgs/share/px4_msgs/msg/RoverRateStatus.idl\n'}
[1.111022] (px4_msgs) StdoutLine: {'line': b'-- Up-to-date: /home/jmj/pro_asp_ws/ws_px4_controls/install/px4_msgs/share/px4_msgs/msg/RoverSteeringSetpoint.idl\n'}
[1.111054] (px4_msgs) StdoutLine: {'line': b'-- Up-to-date: /home/jmj/pro_asp_ws/ws_px4_controls/install/px4_msgs/share/px4_msgs/msg/RoverThrottleSetpoint.idl\n'}
[1.111086] (px4_msgs) StdoutLine: {'line': b'-- Up-to-date: /home/jmj/pro_asp_ws/ws_px4_controls/install/px4_msgs/share/px4_msgs/msg/RoverVelocitySetpoint.idl\n'}
[1.111119] (px4_msgs) StdoutLine: {'line': b'-- Up-to-date: /home/jmj/pro_asp_ws/ws_px4_controls/install/px4_msgs/share/px4_msgs/msg/RoverVelocityStatus.idl\n'}
[1.111151] (px4_msgs) StdoutLine: {'line': b'-- Up-to-date: /home/jmj/pro_asp_ws/ws_px4_controls/install/px4_msgs/share/px4_msgs/msg/Rpm.idl\n'}
[1.111184] (px4_msgs) StdoutLine: {'line': b'-- Up-to-date: /home/jmj/pro_asp_ws/ws_px4_controls/install/px4_msgs/share/px4_msgs/msg/RtlStatus.idl\n'}
[1.111211] (px4_msgs) StdoutLine: {'line': b'-- Up-to-date: /home/jmj/pro_asp_ws/ws_px4_controls/install/px4_msgs/share/px4_msgs/msg/RtlTimeEstimate.idl\n'}
[1.111241] (px4_msgs) StdoutLine: {'line': b'-- Up-to-date: /home/jmj/pro_asp_ws/ws_px4_controls/install/px4_msgs/share/px4_msgs/msg/SatelliteInfo.idl\n'}
[1.111266] (px4_msgs) StdoutLine: {'line': b'-- Up-to-date: /home/jmj/pro_asp_ws/ws_px4_controls/install/px4_msgs/share/px4_msgs/msg/SensorAccel.idl\n'}
[1.111307] (px4_msgs) StdoutLine: {'line': b'-- Up-to-date: /home/jmj/pro_asp_ws/ws_px4_controls/install/px4_msgs/share/px4_msgs/msg/SensorAccelFifo.idl\n'}
[1.111331] (px4_msgs) StdoutLine: {'line': b'-- Up-to-date: /home/jmj/pro_asp_ws/ws_px4_controls/install/px4_msgs/share/px4_msgs/msg/SensorAirflow.idl\n'}
[1.111354] (px4_msgs) StdoutLine: {'line': b'-- Up-to-date: /home/jmj/pro_asp_ws/ws_px4_controls/install/px4_msgs/share/px4_msgs/msg/SensorBaro.idl\n'}
[1.111378] (px4_msgs) StdoutLine: {'line': b'-- Up-to-date: /home/jmj/pro_asp_ws/ws_px4_controls/install/px4_msgs/share/px4_msgs/msg/SensorCombined.idl\n'}
[1.111403] (px4_msgs) StdoutLine: {'line': b'-- Up-to-date: /home/jmj/pro_asp_ws/ws_px4_controls/install/px4_msgs/share/px4_msgs/msg/SensorCorrection.idl\n'}
[1.111426] (px4_msgs) StdoutLine: {'line': b'-- Up-to-date: /home/jmj/pro_asp_ws/ws_px4_controls/install/px4_msgs/share/px4_msgs/msg/SensorGnssRelative.idl\n'}
[1.111451] (px4_msgs) StdoutLine: {'line': b'-- Up-to-date: /home/jmj/pro_asp_ws/ws_px4_controls/install/px4_msgs/share/px4_msgs/msg/SensorGps.idl\n'}
[1.111475] (px4_msgs) StdoutLine: {'line': b'-- Up-to-date: /home/jmj/pro_asp_ws/ws_px4_controls/install/px4_msgs/share/px4_msgs/msg/SensorGyro.idl\n'}
[1.111500] (px4_msgs) StdoutLine: {'line': b'-- Up-to-date: /home/jmj/pro_asp_ws/ws_px4_controls/install/px4_msgs/share/px4_msgs/msg/SensorGyroFft.idl\n'}
[1.111525] (px4_msgs) StdoutLine: {'line': b'-- Up-to-date: /home/jmj/pro_asp_ws/ws_px4_controls/install/px4_msgs/share/px4_msgs/msg/SensorGyroFifo.idl\n'}
[1.111562] (px4_msgs) StdoutLine: {'line': b'-- Up-to-date: /home/jmj/pro_asp_ws/ws_px4_controls/install/px4_msgs/share/px4_msgs/msg/SensorHygrometer.idl\n'}
[1.111606] (px4_msgs) StdoutLine: {'line': b'-- Up-to-date: /home/jmj/pro_asp_ws/ws_px4_controls/install/px4_msgs/share/px4_msgs/msg/SensorMag.idl\n'}
[1.111649] (px4_msgs) StdoutLine: {'line': b'-- Up-to-date: /home/jmj/pro_asp_ws/ws_px4_controls/install/px4_msgs/share/px4_msgs/msg/SensorOpticalFlow.idl\n'}
[1.111718] (px4_msgs) StdoutLine: {'line': b'-- Up-to-date: /home/jmj/pro_asp_ws/ws_px4_controls/install/px4_msgs/share/px4_msgs/msg/SensorPreflightMag.idl\n'}
[1.111743] (px4_msgs) StdoutLine: {'line': b'-- Up-to-date: /home/jmj/pro_asp_ws/ws_px4_controls/install/px4_msgs/share/px4_msgs/msg/SensorSelection.idl\n'}
[1.111766] (px4_msgs) StdoutLine: {'line': b'-- Up-to-date: /home/jmj/pro_asp_ws/ws_px4_controls/install/px4_msgs/share/px4_msgs/msg/SensorUwb.idl\n'}
[1.111795] (px4_msgs) StdoutLine: {'line': b'-- Up-to-date: /home/jmj/pro_asp_ws/ws_px4_controls/install/px4_msgs/share/px4_msgs/msg/SensorsStatus.idl\n'}
[1.111834] (px4_msgs) StdoutLine: {'line': b'-- Up-to-date: /home/jmj/pro_asp_ws/ws_px4_controls/install/px4_msgs/share/px4_msgs/msg/SensorsStatusImu.idl\n'}
[1.111864] (px4_msgs) StdoutLine: {'line': b'-- Up-to-date: /home/jmj/pro_asp_ws/ws_px4_controls/install/px4_msgs/share/px4_msgs/msg/SystemPower.idl\n'}
[1.111939] (px4_msgs) StdoutLine: {'line': b'-- Up-to-date: /home/jmj/pro_asp_ws/ws_px4_controls/install/px4_msgs/share/px4_msgs/msg/TakeoffStatus.idl\n'}
[1.111999] (px4_msgs) StdoutLine: {'line': b'-- Up-to-date: /home/jmj/pro_asp_ws/ws_px4_controls/install/px4_msgs/share/px4_msgs/msg/TaskStackInfo.idl\n'}
[1.112034] (px4_msgs) StdoutLine: {'line': b'-- Up-to-date: /home/jmj/pro_asp_ws/ws_px4_controls/install/px4_msgs/share/px4_msgs/msg/TecsStatus.idl\n'}
[1.112073] (px4_msgs) StdoutLine: {'line': b'-- Up-to-date: /home/jmj/pro_asp_ws/ws_px4_controls/install/px4_msgs/share/px4_msgs/msg/TelemetryStatus.idl\n'}
[1.112104] (px4_msgs) StdoutLine: {'line': b'-- Up-to-date: /home/jmj/pro_asp_ws/ws_px4_controls/install/px4_msgs/share/px4_msgs/msg/TiltrotorExtraControls.idl\n'}
[1.112127] (px4_msgs) StdoutLine: {'line': b'-- Up-to-date: /home/jmj/pro_asp_ws/ws_px4_controls/install/px4_msgs/share/px4_msgs/msg/TimesyncStatus.idl\n'}
[1.112148] (px4_msgs) StdoutLine: {'line': b'-- Up-to-date: /home/jmj/pro_asp_ws/ws_px4_controls/install/px4_msgs/share/px4_msgs/msg/TrajectorySetpoint.idl\n'}
[1.112170] (px4_msgs) StdoutLine: {'line': b'-- Up-to-date: /home/jmj/pro_asp_ws/ws_px4_controls/install/px4_msgs/share/px4_msgs/msg/TrajectorySetpoint6dof.idl\n'}
[1.112191] (px4_msgs) StdoutLine: {'line': b'-- Up-to-date: /home/jmj/pro_asp_ws/ws_px4_controls/install/px4_msgs/share/px4_msgs/msg/TransponderReport.idl\n'}
[1.112219] (px4_msgs) StdoutLine: {'line': b'-- Up-to-date: /home/jmj/pro_asp_ws/ws_px4_controls/install/px4_msgs/share/px4_msgs/msg/TuneControl.idl\n'}
[1.112253] (px4_msgs) StdoutLine: {'line': b'-- Up-to-date: /home/jmj/pro_asp_ws/ws_px4_controls/install/px4_msgs/share/px4_msgs/msg/UavcanParameterRequest.idl\n'}
[1.112285] (px4_msgs) StdoutLine: {'line': b'-- Up-to-date: /home/jmj/pro_asp_ws/ws_px4_controls/install/px4_msgs/share/px4_msgs/msg/UavcanParameterValue.idl\n'}
[1.112314] (px4_msgs) StdoutLine: {'line': b'-- Up-to-date: /home/jmj/pro_asp_ws/ws_px4_controls/install/px4_msgs/share/px4_msgs/msg/UlogStream.idl\n'}
[1.112340] (px4_msgs) StdoutLine: {'line': b'-- Up-to-date: /home/jmj/pro_asp_ws/ws_px4_controls/install/px4_msgs/share/px4_msgs/msg/UlogStreamAck.idl\n'}
[1.112399] (px4_msgs) StdoutLine: {'line': b'-- Up-to-date: /home/jmj/pro_asp_ws/ws_px4_controls/install/px4_msgs/share/px4_msgs/msg/UnregisterExtComponent.idl\n'}
[1.112423] (px4_msgs) StdoutLine: {'line': b'-- Up-to-date: /home/jmj/pro_asp_ws/ws_px4_controls/install/px4_msgs/share/px4_msgs/msg/VehicleAcceleration.idl\n'}
[1.112450] (px4_msgs) StdoutLine: {'line': b'-- Up-to-date: /home/jmj/pro_asp_ws/ws_px4_controls/install/px4_msgs/share/px4_msgs/msg/VehicleAirData.idl\n'}
[1.112472] (px4_msgs) StdoutLine: {'line': b'-- Up-to-date: /home/jmj/pro_asp_ws/ws_px4_controls/install/px4_msgs/share/px4_msgs/msg/VehicleAngularAccelerationSetpoint.idl\n'}
[1.112496] (px4_msgs) StdoutLine: {'line': b'-- Up-to-date: /home/jmj/pro_asp_ws/ws_px4_controls/install/px4_msgs/share/px4_msgs/msg/VehicleAngularVelocity.idl\n'}
[1.112517] (px4_msgs) StdoutLine: {'line': b'-- Up-to-date: /home/jmj/pro_asp_ws/ws_px4_controls/install/px4_msgs/share/px4_msgs/msg/VehicleAttitude.idl\n'}
[1.112542] (px4_msgs) StdoutLine: {'line': b'-- Up-to-date: /home/jmj/pro_asp_ws/ws_px4_controls/install/px4_msgs/share/px4_msgs/msg/VehicleAttitudeSetpoint.idl\n'}
[1.112565] (px4_msgs) StdoutLine: {'line': b'-- Up-to-date: /home/jmj/pro_asp_ws/ws_px4_controls/install/px4_msgs/share/px4_msgs/msg/VehicleCommand.idl\n'}
[1.112597] (px4_msgs) StdoutLine: {'line': b'-- Up-to-date: /home/jmj/pro_asp_ws/ws_px4_controls/install/px4_msgs/share/px4_msgs/msg/VehicleCommandAck.idl\n'}
[1.112634] (px4_msgs) StdoutLine: {'line': b'-- Up-to-date: /home/jmj/pro_asp_ws/ws_px4_controls/install/px4_msgs/share/px4_msgs/msg/VehicleConstraints.idl\n'}
[1.112666] (px4_msgs) StdoutLine: {'line': b'-- Up-to-date: /home/jmj/pro_asp_ws/ws_px4_controls/install/px4_msgs/share/px4_msgs/msg/VehicleControlMode.idl\n'}
[1.112697] (px4_msgs) StdoutLine: {'line': b'-- Up-to-date: /home/jmj/pro_asp_ws/ws_px4_controls/install/px4_msgs/share/px4_msgs/msg/VehicleGlobalPosition.idl\n'}
[1.112728] (px4_msgs) StdoutLine: {'line': b'-- Up-to-date: /home/jmj/pro_asp_ws/ws_px4_controls/install/px4_msgs/share/px4_msgs/msg/VehicleImu.idl\n'}
[1.112769] (px4_msgs) StdoutLine: {'line': b'-- Up-to-date: /home/jmj/pro_asp_ws/ws_px4_controls/install/px4_msgs/share/px4_msgs/msg/VehicleImuStatus.idl\n'}
[1.112793] (px4_msgs) StdoutLine: {'line': b'-- Up-to-date: /home/jmj/pro_asp_ws/ws_px4_controls/install/px4_msgs/share/px4_msgs/msg/VehicleLandDetected.idl\n'}
[1.112815] (px4_msgs) StdoutLine: {'line': b'-- Up-to-date: /home/jmj/pro_asp_ws/ws_px4_controls/install/px4_msgs/share/px4_msgs/msg/VehicleLocalPosition.idl\n'}
[1.112838] (px4_msgs) StdoutLine: {'line': b'-- Up-to-date: /home/jmj/pro_asp_ws/ws_px4_controls/install/px4_msgs/share/px4_msgs/msg/VehicleLocalPositionSetpoint.idl\n'}
[1.112859] (px4_msgs) StdoutLine: {'line': b'-- Up-to-date: /home/jmj/pro_asp_ws/ws_px4_controls/install/px4_msgs/share/px4_msgs/msg/VehicleMagnetometer.idl\n'}
[1.112881] (px4_msgs) StdoutLine: {'line': b'-- Up-to-date: /home/jmj/pro_asp_ws/ws_px4_controls/install/px4_msgs/share/px4_msgs/msg/VehicleOdometry.idl\n'}
[1.112912] (px4_msgs) StdoutLine: {'line': b'-- Up-to-date: /home/jmj/pro_asp_ws/ws_px4_controls/install/px4_msgs/share/px4_msgs/msg/VehicleOpticalFlow.idl\n'}
[1.112942] (px4_msgs) StdoutLine: {'line': b'-- Up-to-date: /home/jmj/pro_asp_ws/ws_px4_controls/install/px4_msgs/share/px4_msgs/msg/VehicleOpticalFlowVel.idl\n'}
[1.112982] (px4_msgs) StdoutLine: {'line': b'-- Up-to-date: /home/jmj/pro_asp_ws/ws_px4_controls/install/px4_msgs/share/px4_msgs/msg/VehicleRatesSetpoint.idl\n'}
[1.113006] (px4_msgs) StdoutLine: {'line': b'-- Up-to-date: /home/jmj/pro_asp_ws/ws_px4_controls/install/px4_msgs/share/px4_msgs/msg/VehicleRoi.idl\n'}
[1.113033] (px4_msgs) StdoutLine: {'line': b'-- Up-to-date: /home/jmj/pro_asp_ws/ws_px4_controls/install/px4_msgs/share/px4_msgs/msg/VehicleStatus.idl\n'}
[1.113058] (px4_msgs) StdoutLine: {'line': b'-- Up-to-date: /home/jmj/pro_asp_ws/ws_px4_controls/install/px4_msgs/share/px4_msgs/msg/VehicleThrustSetpoint.idl\n'}
[1.113090] (px4_msgs) StdoutLine: {'line': b'-- Up-to-date: /home/jmj/pro_asp_ws/ws_px4_controls/install/px4_msgs/share/px4_msgs/msg/VehicleTorqueSetpoint.idl\n'}
[1.113122] (px4_msgs) StdoutLine: {'line': b'-- Up-to-date: /home/jmj/pro_asp_ws/ws_px4_controls/install/px4_msgs/share/px4_msgs/msg/VelocityLimits.idl\n'}
[1.113161] (px4_msgs) StdoutLine: {'line': b'-- Up-to-date: /home/jmj/pro_asp_ws/ws_px4_controls/install/px4_msgs/share/px4_msgs/msg/VtolVehicleStatus.idl\n'}
[1.113195] (px4_msgs) StdoutLine: {'line': b'-- Up-to-date: /home/jmj/pro_asp_ws/ws_px4_controls/install/px4_msgs/share/px4_msgs/msg/WheelEncoders.idl\n'}
[1.113249] (px4_msgs) StdoutLine: {'line': b'-- Up-to-date: /home/jmj/pro_asp_ws/ws_px4_controls/install/px4_msgs/share/px4_msgs/msg/Wind.idl\n'}
[1.113281] (px4_msgs) StdoutLine: {'line': b'-- Up-to-date: /home/jmj/pro_asp_ws/ws_px4_controls/install/px4_msgs/share/px4_msgs/msg/YawEstimatorStatus.idl\n'}
[1.113307] (px4_msgs) StdoutLine: {'line': b'-- Up-to-date: /home/jmj/pro_asp_ws/ws_px4_controls/install/px4_msgs/share/px4_msgs/srv/VehicleCommand.idl\n'}
[1.113330] (px4_msgs) StdoutLine: {'line': b'-- Up-to-date: /home/jmj/pro_asp_ws/ws_px4_controls/install/px4_msgs/share/px4_msgs/msg/ActionRequest.msg\n'}
[1.113354] (px4_msgs) StdoutLine: {'line': b'-- Up-to-date: /home/jmj/pro_asp_ws/ws_px4_controls/install/px4_msgs/share/px4_msgs/msg/ActuatorArmed.msg\n'}
[1.113377] (px4_msgs) StdoutLine: {'line': b'-- Up-to-date: /home/jmj/pro_asp_ws/ws_px4_controls/install/px4_msgs/share/px4_msgs/msg/ActuatorControlsStatus.msg\n'}
[1.113404] (px4_msgs) StdoutLine: {'line': b'-- Up-to-date: /home/jmj/pro_asp_ws/ws_px4_controls/install/px4_msgs/share/px4_msgs/msg/ActuatorMotors.msg\n'}
[1.113427] (px4_msgs) StdoutLine: {'line': b'-- Up-to-date: /home/jmj/pro_asp_ws/ws_px4_controls/install/px4_msgs/share/px4_msgs/msg/ActuatorOutputs.msg\n'}
[1.113447] (px4_msgs) StdoutLine: {'line': b'-- Up-to-date: /home/jmj/pro_asp_ws/ws_px4_controls/install/px4_msgs/share/px4_msgs/msg/ActuatorServos.msg\n'}
[1.113470] (px4_msgs) StdoutLine: {'line': b'-- Up-to-date: /home/jmj/pro_asp_ws/ws_px4_controls/install/px4_msgs/share/px4_msgs/msg/ActuatorServosTrim.msg\n'}
[1.113493] (px4_msgs) StdoutLine: {'line': b'-- Up-to-date: /home/jmj/pro_asp_ws/ws_px4_controls/install/px4_msgs/share/px4_msgs/msg/ActuatorTest.msg\n'}
[1.113517] (px4_msgs) StdoutLine: {'line': b'-- Up-to-date: /home/jmj/pro_asp_ws/ws_px4_controls/install/px4_msgs/share/px4_msgs/msg/AdcReport.msg\n'}
[1.113539] (px4_msgs) StdoutLine: {'line': b'-- Up-to-date: /home/jmj/pro_asp_ws/ws_px4_controls/install/px4_msgs/share/px4_msgs/msg/Airspeed.msg\n'}
[1.113562] (px4_msgs) StdoutLine: {'line': b'-- Up-to-date: /home/jmj/pro_asp_ws/ws_px4_controls/install/px4_msgs/share/px4_msgs/msg/AirspeedValidated.msg\n'}
[1.113584] (px4_msgs) StdoutLine: {'line': b'-- Up-to-date: /home/jmj/pro_asp_ws/ws_px4_controls/install/px4_msgs/share/px4_msgs/msg/AirspeedWind.msg\n'}
[1.113608] (px4_msgs) StdoutLine: {'line': b'-- Up-to-date: /home/jmj/pro_asp_ws/ws_px4_controls/install/px4_msgs/share/px4_msgs/msg/ArmingCheckReply.msg\n'}
[1.113630] (px4_msgs) StdoutLine: {'line': b'-- Up-to-date: /home/jmj/pro_asp_ws/ws_px4_controls/install/px4_msgs/share/px4_msgs/msg/ArmingCheckRequest.msg\n'}
[1.113664] (px4_msgs) StdoutLine: {'line': b'-- Up-to-date: /home/jmj/pro_asp_ws/ws_px4_controls/install/px4_msgs/share/px4_msgs/msg/AutotuneAttitudeControlStatus.msg\n'}
[1.113703] (px4_msgs) StdoutLine: {'line': b'-- Up-to-date: /home/jmj/pro_asp_ws/ws_px4_controls/install/px4_msgs/share/px4_msgs/msg/BatteryStatus.msg\n'}
[1.113739] (px4_msgs) StdoutLine: {'line': b'-- Up-to-date: /home/jmj/pro_asp_ws/ws_px4_controls/install/px4_msgs/share/px4_msgs/msg/ButtonEvent.msg\n'}
[1.113775] (px4_msgs) StdoutLine: {'line': b'-- Up-to-date: /home/jmj/pro_asp_ws/ws_px4_controls/install/px4_msgs/share/px4_msgs/msg/CameraCapture.msg\n'}
[1.113815] (px4_msgs) StdoutLine: {'line': b'-- Up-to-date: /home/jmj/pro_asp_ws/ws_px4_controls/install/px4_msgs/share/px4_msgs/msg/CameraStatus.msg\n'}
[1.113851] (px4_msgs) StdoutLine: {'line': b'-- Up-to-date: /home/jmj/pro_asp_ws/ws_px4_controls/install/px4_msgs/share/px4_msgs/msg/CameraTrigger.msg\n'}
[1.113892] (px4_msgs) StdoutLine: {'line': b'-- Up-to-date: /home/jmj/pro_asp_ws/ws_px4_controls/install/px4_msgs/share/px4_msgs/msg/CanInterfaceStatus.msg\n'}
[1.113931] (px4_msgs) StdoutLine: {'line': b'-- Up-to-date: /home/jmj/pro_asp_ws/ws_px4_controls/install/px4_msgs/share/px4_msgs/msg/CellularStatus.msg\n'}
[1.113985] (px4_msgs) StdoutLine: {'line': b'-- Up-to-date: /home/jmj/pro_asp_ws/ws_px4_controls/install/px4_msgs/share/px4_msgs/msg/CollisionConstraints.msg\n'}
[1.114057] (px4_msgs) StdoutLine: {'line': b'-- Up-to-date: /home/jmj/pro_asp_ws/ws_px4_controls/install/px4_msgs/share/px4_msgs/msg/ConfigOverrides.msg\n'}
[1.114094] (px4_msgs) StdoutLine: {'line': b'-- Up-to-date: /home/jmj/pro_asp_ws/ws_px4_controls/install/px4_msgs/share/px4_msgs/msg/ControlAllocatorStatus.msg\n'}
[1.114127] (px4_msgs) StdoutLine: {'line': b'-- Up-to-date: /home/jmj/pro_asp_ws/ws_px4_controls/install/px4_msgs/share/px4_msgs/msg/Cpuload.msg\n'}
[1.114170] (px4_msgs) StdoutLine: {'line': b'-- Up-to-date: /home/jmj/pro_asp_ws/ws_px4_controls/install/px4_msgs/share/px4_msgs/msg/DatamanRequest.msg\n'}
[1.114203] (px4_msgs) StdoutLine: {'line': b'-- Up-to-date: /home/jmj/pro_asp_ws/ws_px4_controls/install/px4_msgs/share/px4_msgs/msg/DatamanResponse.msg\n'}
[1.114232] (px4_msgs) StdoutLine: {'line': b'-- Up-to-date: /home/jmj/pro_asp_ws/ws_px4_controls/install/px4_msgs/share/px4_msgs/msg/DebugArray.msg\n'}
[1.114266] (px4_msgs) StdoutLine: {'line': b'-- Up-to-date: /home/jmj/pro_asp_ws/ws_px4_controls/install/px4_msgs/share/px4_msgs/msg/DebugKeyValue.msg\n'}
[1.114299] (px4_msgs) StdoutLine: {'line': b'-- Up-to-date: /home/jmj/pro_asp_ws/ws_px4_controls/install/px4_msgs/share/px4_msgs/msg/DebugValue.msg\n'}
[1.114323] (px4_msgs) StdoutLine: {'line': b'-- Up-to-date: /home/jmj/pro_asp_ws/ws_px4_controls/install/px4_msgs/share/px4_msgs/msg/DebugVect.msg\n'}
[1.114377] (px4_msgs) StdoutLine: {'line': b'-- Up-to-date: /home/jmj/pro_asp_ws/ws_px4_controls/install/px4_msgs/share/px4_msgs/msg/DifferentialPressure.msg\n'}
[1.114603] (px4_msgs) StdoutLine: {'line': b'-- Up-to-date: /home/jmj/pro_asp_ws/ws_px4_controls/install/px4_msgs/share/px4_msgs/msg/DistanceSensor.msg\n'}
[1.115071] (px4_msgs) StdoutLine: {'line': b'-- Up-to-date: /home/jmj/pro_asp_ws/ws_px4_controls/install/px4_msgs/share/px4_msgs/msg/DistanceSensorModeChangeRequest.msg\n'}
[1.115580] (px4_msgs) StdoutLine: {'line': b'-- Up-to-date: /home/jmj/pro_asp_ws/ws_px4_controls/install/px4_msgs/share/px4_msgs/msg/Ekf2Timestamps.msg\n'}
[1.115688] (px4_msgs) StdoutLine: {'line': b'-- Up-to-date: /home/jmj/pro_asp_ws/ws_px4_controls/install/px4_msgs/share/px4_msgs/msg/EscReport.msg\n'}
[1.116145] (px4_msgs) StdoutLine: {'line': b'-- Up-to-date: /home/jmj/pro_asp_ws/ws_px4_controls/install/px4_msgs/share/px4_msgs/msg/EscStatus.msg\n'}
[1.116539] (px4_msgs) StdoutLine: {'line': b'-- Up-to-date: /home/jmj/pro_asp_ws/ws_px4_controls/install/px4_msgs/share/px4_msgs/msg/EstimatorAidSource1d.msg\n'}
[1.116713] (px4_msgs) StdoutLine: {'line': b'-- Up-to-date: /home/jmj/pro_asp_ws/ws_px4_controls/install/px4_msgs/share/px4_msgs/msg/EstimatorAidSource2d.msg\n'}
[1.116958] (px4_msgs) StdoutLine: {'line': b'-- Up-to-date: /home/jmj/pro_asp_ws/ws_px4_controls/install/px4_msgs/share/px4_msgs/msg/EstimatorAidSource3d.msg\n'}
[1.117189] (px4_msgs) StdoutLine: {'line': b'-- Up-to-date: /home/jmj/pro_asp_ws/ws_px4_controls/install/px4_msgs/share/px4_msgs/msg/EstimatorBias.msg\n'}
[1.117511] (px4_msgs) StdoutLine: {'line': b'-- Up-to-date: /home/jmj/pro_asp_ws/ws_px4_controls/install/px4_msgs/share/px4_msgs/msg/EstimatorBias3d.msg\n'}
[1.117711] (px4_msgs) StdoutLine: {'line': b'-- Up-to-date: /home/jmj/pro_asp_ws/ws_px4_controls/install/px4_msgs/share/px4_msgs/msg/EstimatorEventFlags.msg\n'}
[1.117913] (px4_msgs) StdoutLine: {'line': b'-- Up-to-date: /home/jmj/pro_asp_ws/ws_px4_controls/install/px4_msgs/share/px4_msgs/msg/EstimatorGpsStatus.msg\n'}
[1.118179] (px4_msgs) StdoutLine: {'line': b'-- Up-to-date: /home/jmj/pro_asp_ws/ws_px4_controls/install/px4_msgs/share/px4_msgs/msg/EstimatorInnovations.msg\n'}
[1.118478] (px4_msgs) StdoutLine: {'line': b'-- Up-to-date: /home/jmj/pro_asp_ws/ws_px4_controls/install/px4_msgs/share/px4_msgs/msg/EstimatorSelectorStatus.msg\n'}
[1.118689] (px4_msgs) StdoutLine: {'line': b'-- Up-to-date: /home/jmj/pro_asp_ws/ws_px4_controls/install/px4_msgs/share/px4_msgs/msg/EstimatorSensorBias.msg\n'}
[1.118902] (px4_msgs) StdoutLine: {'line': b'-- Up-to-date: /home/jmj/pro_asp_ws/ws_px4_controls/install/px4_msgs/share/px4_msgs/msg/EstimatorStates.msg\n'}
[1.119149] (px4_msgs) StdoutLine: {'line': b'-- Up-to-date: /home/jmj/pro_asp_ws/ws_px4_controls/install/px4_msgs/share/px4_msgs/msg/EstimatorStatus.msg\n'}
[1.119552] (px4_msgs) StdoutLine: {'line': b'-- Up-to-date: /home/jmj/pro_asp_ws/ws_px4_controls/install/px4_msgs/share/px4_msgs/msg/EstimatorStatusFlags.msg\n'}
[1.119765] (px4_msgs) StdoutLine: {'line': b'-- Up-to-date: /home/jmj/pro_asp_ws/ws_px4_controls/install/px4_msgs/share/px4_msgs/msg/Event.msg\n'}
[1.119964] (px4_msgs) StdoutLine: {'line': b'-- Up-to-date: /home/jmj/pro_asp_ws/ws_px4_controls/install/px4_msgs/share/px4_msgs/msg/FailsafeFlags.msg\n'}
[1.120206] (px4_msgs) StdoutLine: {'line': b'-- Up-to-date: /home/jmj/pro_asp_ws/ws_px4_controls/install/px4_msgs/share/px4_msgs/msg/FailureDetectorStatus.msg\n'}
[1.120531] (px4_msgs) StdoutLine: {'line': b'-- Up-to-date: /home/jmj/pro_asp_ws/ws_px4_controls/install/px4_msgs/share/px4_msgs/msg/FigureEightStatus.msg\n'}
[1.120950] (px4_msgs) StdoutLine: {'line': b'-- Up-to-date: /home/jmj/pro_asp_ws/ws_px4_controls/install/px4_msgs/share/px4_msgs/msg/FixedWingLateralGuidanceStatus.msg\n'}
[1.121056] (px4_msgs) StdoutLine: {'line': b'-- Up-to-date: /home/jmj/pro_asp_ws/ws_px4_controls/install/px4_msgs/share/px4_msgs/msg/FixedWingLateralSetpoint.msg\n'}
[1.121425] (px4_msgs) StdoutLine: {'line': b'-- Up-to-date: /home/jmj/pro_asp_ws/ws_px4_controls/install/px4_msgs/share/px4_msgs/msg/FixedWingLateralStatus.msg\n'}
[1.121779] (px4_msgs) StdoutLine: {'line': b'-- Up-to-date: /home/jmj/pro_asp_ws/ws_px4_controls/install/px4_msgs/share/px4_msgs/msg/FixedWingLongitudinalSetpoint.msg\n'}
[1.122008] (px4_msgs) StdoutLine: {'line': b'-- Up-to-date: /home/jmj/pro_asp_ws/ws_px4_controls/install/px4_msgs/share/px4_msgs/msg/FixedWingRunwayControl.msg\n'}
[1.122204] (px4_msgs) StdoutLine: {'line': b'-- Up-to-date: /home/jmj/pro_asp_ws/ws_px4_controls/install/px4_msgs/share/px4_msgs/msg/FlightPhaseEstimation.msg\n'}
[1.122474] (px4_msgs) StdoutLine: {'line': b'-- Up-to-date: /home/jmj/pro_asp_ws/ws_px4_controls/install/px4_msgs/share/px4_msgs/msg/FollowTarget.msg\n'}
[1.122845] (px4_msgs) StdoutLine: {'line': b'-- Up-to-date: /home/jmj/pro_asp_ws/ws_px4_controls/install/px4_msgs/share/px4_msgs/msg/FollowTargetEstimator.msg\n'}
[1.123077] (px4_msgs) StdoutLine: {'line': b'-- Up-to-date: /home/jmj/pro_asp_ws/ws_px4_controls/install/px4_msgs/share/px4_msgs/msg/FollowTargetStatus.msg\n'}
[1.123311] (px4_msgs) StdoutLine: {'line': b'-- Up-to-date: /home/jmj/pro_asp_ws/ws_px4_controls/install/px4_msgs/share/px4_msgs/msg/FuelTankStatus.msg\n'}
[1.123534] (px4_msgs) StdoutLine: {'line': b'-- Up-to-date: /home/jmj/pro_asp_ws/ws_px4_controls/install/px4_msgs/share/px4_msgs/msg/GeneratorStatus.msg\n'}
[1.123930] (px4_msgs) StdoutLine: {'line': b'-- Up-to-date: /home/jmj/pro_asp_ws/ws_px4_controls/install/px4_msgs/share/px4_msgs/msg/GeofenceResult.msg\n'}
[1.124216] (px4_msgs) StdoutLine: {'line': b'-- Up-to-date: /home/jmj/pro_asp_ws/ws_px4_controls/install/px4_msgs/share/px4_msgs/msg/GeofenceStatus.msg\n'}
[1.124430] (px4_msgs) StdoutLine: {'line': b'-- Up-to-date: /home/jmj/pro_asp_ws/ws_px4_controls/install/px4_msgs/share/px4_msgs/msg/GimbalControls.msg\n'}
[1.124666] (px4_msgs) StdoutLine: {'line': b'-- Up-to-date: /home/jmj/pro_asp_ws/ws_px4_controls/install/px4_msgs/share/px4_msgs/msg/GimbalDeviceAttitudeStatus.msg\n'}
[1.125071] (px4_msgs) StdoutLine: {'line': b'-- Up-to-date: /home/jmj/pro_asp_ws/ws_px4_controls/install/px4_msgs/share/px4_msgs/msg/GimbalDeviceInformation.msg\n'}
[1.125277] (px4_msgs) StdoutLine: {'line': b'-- Up-to-date: /home/jmj/pro_asp_ws/ws_px4_controls/install/px4_msgs/share/px4_msgs/msg/GimbalDeviceSetAttitude.msg\n'}
[1.125525] (px4_msgs) StdoutLine: {'line': b'-- Up-to-date: /home/jmj/pro_asp_ws/ws_px4_controls/install/px4_msgs/share/px4_msgs/msg/GimbalManagerInformation.msg\n'}
[1.125768] (px4_msgs) StdoutLine: {'line': b'-- Up-to-date: /home/jmj/pro_asp_ws/ws_px4_controls/install/px4_msgs/share/px4_msgs/msg/GimbalManagerSetAttitude.msg\n'}
[1.126163] (px4_msgs) StdoutLine: {'line': b'-- Up-to-date: /home/jmj/pro_asp_ws/ws_px4_controls/install/px4_msgs/share/px4_msgs/msg/GimbalManagerSetManualControl.msg\n'}
[1.126399] (px4_msgs) StdoutLine: {'line': b'-- Up-to-date: /home/jmj/pro_asp_ws/ws_px4_controls/install/px4_msgs/share/px4_msgs/msg/GimbalManagerStatus.msg\n'}
[1.126642] (px4_msgs) StdoutLine: {'line': b'-- Up-to-date: /home/jmj/pro_asp_ws/ws_px4_controls/install/px4_msgs/share/px4_msgs/msg/GotoSetpoint.msg\n'}
[1.126949] (px4_msgs) StdoutLine: {'line': b'-- Up-to-date: /home/jmj/pro_asp_ws/ws_px4_controls/install/px4_msgs/share/px4_msgs/msg/GpioConfig.msg\n'}
[1.127346] (px4_msgs) StdoutLine: {'line': b'-- Up-to-date: /home/jmj/pro_asp_ws/ws_px4_controls/install/px4_msgs/share/px4_msgs/msg/GpioIn.msg\n'}
[1.127872] (px4_msgs) StdoutLine: {'line': b'-- Up-to-date: /home/jmj/pro_asp_ws/ws_px4_controls/install/px4_msgs/share/px4_msgs/msg/GpioOut.msg\n'}
[1.128005] (px4_msgs) StdoutLine: {'line': b'-- Up-to-date: /home/jmj/pro_asp_ws/ws_px4_controls/install/px4_msgs/share/px4_msgs/msg/GpioRequest.msg\n'}
[1.128506] (px4_msgs) StdoutLine: {'line': b'-- Up-to-date: /home/jmj/pro_asp_ws/ws_px4_controls/install/px4_msgs/share/px4_msgs/msg/GpsDump.msg\n'}
[1.128860] (px4_msgs) StdoutLine: {'line': b'-- Up-to-date: /home/jmj/pro_asp_ws/ws_px4_controls/install/px4_msgs/share/px4_msgs/msg/GpsInjectData.msg\n'}
[1.129147] (px4_msgs) StdoutLine: {'line': b'-- Up-to-date: /home/jmj/pro_asp_ws/ws_px4_controls/install/px4_msgs/share/px4_msgs/msg/Gripper.msg\n'}
[1.129379] (px4_msgs) StdoutLine: {'line': b'-- Up-to-date: /home/jmj/pro_asp_ws/ws_px4_controls/install/px4_msgs/share/px4_msgs/msg/HealthReport.msg\n'}
[1.129621] (px4_msgs) StdoutLine: {'line': b'-- Up-to-date: /home/jmj/pro_asp_ws/ws_px4_controls/install/px4_msgs/share/px4_msgs/msg/HeaterStatus.msg\n'}
[1.130015] (px4_msgs) StdoutLine: {'line': b'-- Up-to-date: /home/jmj/pro_asp_ws/ws_px4_controls/install/px4_msgs/share/px4_msgs/msg/HomePosition.msg\n'}
[1.130245] (px4_msgs) StdoutLine: {'line': b'-- Up-to-date: /home/jmj/pro_asp_ws/ws_px4_controls/install/px4_msgs/share/px4_msgs/msg/HoverThrustEstimate.msg\n'}
[1.130456] (px4_msgs) StdoutLine: {'line': b'-- Up-to-date: /home/jmj/pro_asp_ws/ws_px4_controls/install/px4_msgs/share/px4_msgs/msg/InputRc.msg\n'}
[1.130713] (px4_msgs) StdoutLine: {'line': b'-- Up-to-date: /home/jmj/pro_asp_ws/ws_px4_controls/install/px4_msgs/share/px4_msgs/msg/InternalCombustionEngineControl.msg\n'}
[1.131109] (px4_msgs) StdoutLine: {'line': b'-- Up-to-date: /home/jmj/pro_asp_ws/ws_px4_controls/install/px4_msgs/share/px4_msgs/msg/InternalCombustionEngineStatus.msg\n'}
[1.131322] (px4_msgs) StdoutLine: {'line': b'-- Up-to-date: /home/jmj/pro_asp_ws/ws_px4_controls/install/px4_msgs/share/px4_msgs/msg/IridiumsbdStatus.msg\n'}
[1.131549] (px4_msgs) StdoutLine: {'line': b'-- Up-to-date: /home/jmj/pro_asp_ws/ws_px4_controls/install/px4_msgs/share/px4_msgs/msg/IrlockReport.msg\n'}
[1.131822] (px4_msgs) StdoutLine: {'line': b'-- Up-to-date: /home/jmj/pro_asp_ws/ws_px4_controls/install/px4_msgs/share/px4_msgs/msg/LandingGear.msg\n'}
[1.132209] (px4_msgs) StdoutLine: {'line': b'-- Up-to-date: /home/jmj/pro_asp_ws/ws_px4_controls/install/px4_msgs/share/px4_msgs/msg/LandingGearWheel.msg\n'}
[1.132415] (px4_msgs) StdoutLine: {'line': b'-- Up-to-date: /home/jmj/pro_asp_ws/ws_px4_controls/install/px4_msgs/share/px4_msgs/msg/LandingTargetInnovations.msg\n'}
[1.132664] (px4_msgs) StdoutLine: {'line': b'-- Up-to-date: /home/jmj/pro_asp_ws/ws_px4_controls/install/px4_msgs/share/px4_msgs/msg/LandingTargetPose.msg\n'}
[1.132937] (px4_msgs) StdoutLine: {'line': b'-- Up-to-date: /home/jmj/pro_asp_ws/ws_px4_controls/install/px4_msgs/share/px4_msgs/msg/LateralControlConfiguration.msg\n'}
[1.133359] (px4_msgs) StdoutLine: {'line': b'-- Up-to-date: /home/jmj/pro_asp_ws/ws_px4_controls/install/px4_msgs/share/px4_msgs/msg/LaunchDetectionStatus.msg\n'}
[1.133686] (px4_msgs) StdoutLine: {'line': b'-- Up-to-date: /home/jmj/pro_asp_ws/ws_px4_controls/install/px4_msgs/share/px4_msgs/msg/LedControl.msg\n'}
[1.133768] (px4_msgs) StdoutLine: {'line': b'-- Up-to-date: /home/jmj/pro_asp_ws/ws_px4_controls/install/px4_msgs/share/px4_msgs/msg/LogMessage.msg\n'}
[1.134116] (px4_msgs) StdoutLine: {'line': b'-- Up-to-date: /home/jmj/pro_asp_ws/ws_px4_controls/install/px4_msgs/share/px4_msgs/msg/LoggerStatus.msg\n'}
[1.134475] (px4_msgs) StdoutLine: {'line': b'-- Up-to-date: /home/jmj/pro_asp_ws/ws_px4_controls/install/px4_msgs/share/px4_msgs/msg/LongitudinalControlConfiguration.msg\n'}
[1.134679] (px4_msgs) StdoutLine: {'line': b'-- Up-to-date: /home/jmj/pro_asp_ws/ws_px4_controls/install/px4_msgs/share/px4_msgs/msg/MagWorkerData.msg\n'}
[1.134888] (px4_msgs) StdoutLine: {'line': b'-- Up-to-date: /home/jmj/pro_asp_ws/ws_px4_controls/install/px4_msgs/share/px4_msgs/msg/MagnetometerBiasEstimate.msg\n'}
[1.135123] (px4_msgs) StdoutLine: {'line': b'-- Up-to-date: /home/jmj/pro_asp_ws/ws_px4_controls/install/px4_msgs/share/px4_msgs/msg/ManualControlSetpoint.msg\n'}
[1.135490] (px4_msgs) StdoutLine: {'line': b'-- Up-to-date: /home/jmj/pro_asp_ws/ws_px4_controls/install/px4_msgs/share/px4_msgs/msg/ManualControlSwitches.msg\n'}
[1.135683] (px4_msgs) StdoutLine: {'line': b'-- Up-to-date: /home/jmj/pro_asp_ws/ws_px4_controls/install/px4_msgs/share/px4_msgs/msg/MavlinkLog.msg\n'}
[1.135884] (px4_msgs) StdoutLine: {'line': b'-- Up-to-date: /home/jmj/pro_asp_ws/ws_px4_controls/install/px4_msgs/share/px4_msgs/msg/MavlinkTunnel.msg\n'}
[1.136155] (px4_msgs) StdoutLine: {'line': b'-- Up-to-date: /home/jmj/pro_asp_ws/ws_px4_controls/install/px4_msgs/share/px4_msgs/msg/MessageFormatRequest.msg\n'}
[1.136500] (px4_msgs) StdoutLine: {'line': b'-- Up-to-date: /home/jmj/pro_asp_ws/ws_px4_controls/install/px4_msgs/share/px4_msgs/msg/MessageFormatResponse.msg\n'}
[1.136734] (px4_msgs) StdoutLine: {'line': b'-- Up-to-date: /home/jmj/pro_asp_ws/ws_px4_controls/install/px4_msgs/share/px4_msgs/msg/Mission.msg\n'}
[1.136960] (px4_msgs) StdoutLine: {'line': b'-- Up-to-date: /home/jmj/pro_asp_ws/ws_px4_controls/install/px4_msgs/share/px4_msgs/msg/MissionResult.msg\n'}
[1.137329] (px4_msgs) StdoutLine: {'line': b'-- Up-to-date: /home/jmj/pro_asp_ws/ws_px4_controls/install/px4_msgs/share/px4_msgs/msg/ModeCompleted.msg\n'}
[1.137618] (px4_msgs) StdoutLine: {'line': b'-- Up-to-date: /home/jmj/pro_asp_ws/ws_px4_controls/install/px4_msgs/share/px4_msgs/msg/MountOrientation.msg\n'}
[1.137816] (px4_msgs) StdoutLine: {'line': b'-- Up-to-date: /home/jmj/pro_asp_ws/ws_px4_controls/install/px4_msgs/share/px4_msgs/msg/NavigatorMissionItem.msg\n'}
[1.138066] (px4_msgs) StdoutLine: {'line': b'-- Up-to-date: /home/jmj/pro_asp_ws/ws_px4_controls/install/px4_msgs/share/px4_msgs/msg/NavigatorStatus.msg\n'}
[1.138311] (px4_msgs) StdoutLine: {'line': b'-- Up-to-date: /home/jmj/pro_asp_ws/ws_px4_controls/install/px4_msgs/share/px4_msgs/msg/NormalizedUnsignedSetpoint.msg\n'}
[1.138683] (px4_msgs) StdoutLine: {'line': b'-- Up-to-date: /home/jmj/pro_asp_ws/ws_px4_controls/install/px4_msgs/share/px4_msgs/msg/ObstacleDistance.msg\n'}
[1.138931] (px4_msgs) StdoutLine: {'line': b'-- Up-to-date: /home/jmj/pro_asp_ws/ws_px4_controls/install/px4_msgs/share/px4_msgs/msg/OffboardControlMode.msg\n'}
[1.139157] (px4_msgs) StdoutLine: {'line': b'-- Up-to-date: /home/jmj/pro_asp_ws/ws_px4_controls/install/px4_msgs/share/px4_msgs/msg/OnboardComputerStatus.msg\n'}
[1.139394] (px4_msgs) StdoutLine: {'line': b'-- Up-to-date: /home/jmj/pro_asp_ws/ws_px4_controls/install/px4_msgs/share/px4_msgs/msg/OpenDroneIdArmStatus.msg\n'}
[1.139768] (px4_msgs) StdoutLine: {'line': b'-- Up-to-date: /home/jmj/pro_asp_ws/ws_px4_controls/install/px4_msgs/share/px4_msgs/msg/OpenDroneIdOperatorId.msg\n'}
[1.140106] (px4_msgs) StdoutLine: {'line': b'-- Up-to-date: /home/jmj/pro_asp_ws/ws_px4_controls/install/px4_msgs/share/px4_msgs/msg/OpenDroneIdSelfId.msg\n'}
[1.140178] (px4_msgs) StdoutLine: {'line': b'-- Up-to-date: /home/jmj/pro_asp_ws/ws_px4_controls/install/px4_msgs/share/px4_msgs/msg/OpenDroneIdSystem.msg\n'}
[1.140517] (px4_msgs) StdoutLine: {'line': b'-- Up-to-date: /home/jmj/pro_asp_ws/ws_px4_controls/install/px4_msgs/share/px4_msgs/msg/OrbTest.msg\n'}
[1.140831] (px4_msgs) StdoutLine: {'line': b'-- Up-to-date: /home/jmj/pro_asp_ws/ws_px4_controls/install/px4_msgs/share/px4_msgs/msg/OrbTestLarge.msg\n'}
[1.141045] (px4_msgs) StdoutLine: {'line': b'-- Up-to-date: /home/jmj/pro_asp_ws/ws_px4_controls/install/px4_msgs/share/px4_msgs/msg/OrbTestMedium.msg\n'}
[1.141252] (px4_msgs) StdoutLine: {'line': b'-- Up-to-date: /home/jmj/pro_asp_ws/ws_px4_controls/install/px4_msgs/share/px4_msgs/msg/OrbitStatus.msg\n'}
[1.141478] (px4_msgs) StdoutLine: {'line': b'-- Up-to-date: /home/jmj/pro_asp_ws/ws_px4_controls/install/px4_msgs/share/px4_msgs/msg/ParameterResetRequest.msg\n'}
[1.141812] (px4_msgs) StdoutLine: {'line': b'-- Up-to-date: /home/jmj/pro_asp_ws/ws_px4_controls/install/px4_msgs/share/px4_msgs/msg/ParameterSetUsedRequest.msg\n'}
[1.142054] (px4_msgs) StdoutLine: {'line': b'-- Up-to-date: /home/jmj/pro_asp_ws/ws_px4_controls/install/px4_msgs/share/px4_msgs/msg/ParameterSetValueRequest.msg\n'}
[1.142267] (px4_msgs) StdoutLine: {'line': b'-- Up-to-date: /home/jmj/pro_asp_ws/ws_px4_controls/install/px4_msgs/share/px4_msgs/msg/ParameterSetValueResponse.msg\n'}
[1.142512] (px4_msgs) StdoutLine: {'line': b'-- Up-to-date: /home/jmj/pro_asp_ws/ws_px4_controls/install/px4_msgs/share/px4_msgs/msg/ParameterUpdate.msg\n'}
[1.142904] (px4_msgs) StdoutLine: {'line': b'-- Up-to-date: /home/jmj/pro_asp_ws/ws_px4_controls/install/px4_msgs/share/px4_msgs/msg/Ping.msg\n'}
[1.143104] (px4_msgs) StdoutLine: {'line': b'-- Up-to-date: /home/jmj/pro_asp_ws/ws_px4_controls/install/px4_msgs/share/px4_msgs/msg/PositionControllerLandingStatus.msg\n'}
[1.143303] (px4_msgs) StdoutLine: {'line': b'-- Up-to-date: /home/jmj/pro_asp_ws/ws_px4_controls/install/px4_msgs/share/px4_msgs/msg/PositionControllerStatus.msg\n'}
[1.143557] (px4_msgs) StdoutLine: {'line': b'-- Up-to-date: /home/jmj/pro_asp_ws/ws_px4_controls/install/px4_msgs/share/px4_msgs/msg/PositionSetpoint.msg\n'}
[1.143917] (px4_msgs) StdoutLine: {'line': b'-- Up-to-date: /home/jmj/pro_asp_ws/ws_px4_controls/install/px4_msgs/share/px4_msgs/msg/PositionSetpointTriplet.msg\n'}
[1.144186] (px4_msgs) StdoutLine: {'line': b'-- Up-to-date: /home/jmj/pro_asp_ws/ws_px4_controls/install/px4_msgs/share/px4_msgs/msg/PowerButtonState.msg\n'}
[1.144471] (px4_msgs) StdoutLine: {'line': b'-- Up-to-date: /home/jmj/pro_asp_ws/ws_px4_controls/install/px4_msgs/share/px4_msgs/msg/PowerMonitor.msg\n'}
[1.144737] (px4_msgs) StdoutLine: {'line': b'-- Up-to-date: /home/jmj/pro_asp_ws/ws_px4_controls/install/px4_msgs/share/px4_msgs/msg/PpsCapture.msg\n'}
[1.145180] (px4_msgs) StdoutLine: {'line': b'-- Up-to-date: /home/jmj/pro_asp_ws/ws_px4_controls/install/px4_msgs/share/px4_msgs/msg/PurePursuitStatus.msg\n'}
[1.145577] (px4_msgs) StdoutLine: {'line': b'-- Up-to-date: /home/jmj/pro_asp_ws/ws_px4_controls/install/px4_msgs/share/px4_msgs/msg/PwmInput.msg\n'}
[1.145660] (px4_msgs) StdoutLine: {'line': b'-- Up-to-date: /home/jmj/pro_asp_ws/ws_px4_controls/install/px4_msgs/share/px4_msgs/msg/Px4ioStatus.msg\n'}
[1.146082] (px4_msgs) StdoutLine: {'line': b'-- Up-to-date: /home/jmj/pro_asp_ws/ws_px4_controls/install/px4_msgs/share/px4_msgs/msg/QshellReq.msg\n'}
[1.146524] (px4_msgs) StdoutLine: {'line': b'-- Up-to-date: /home/jmj/pro_asp_ws/ws_px4_controls/install/px4_msgs/share/px4_msgs/msg/QshellRetval.msg\n'}
[1.146787] (px4_msgs) StdoutLine: {'line': b'-- Up-to-date: /home/jmj/pro_asp_ws/ws_px4_controls/install/px4_msgs/share/px4_msgs/msg/RadioStatus.msg\n'}
[1.147009] (px4_msgs) StdoutLine: {'line': b'-- Up-to-date: /home/jmj/pro_asp_ws/ws_px4_controls/install/px4_msgs/share/px4_msgs/msg/RateCtrlStatus.msg\n'}
[1.147263] (px4_msgs) StdoutLine: {'line': b'-- Up-to-date: /home/jmj/pro_asp_ws/ws_px4_controls/install/px4_msgs/share/px4_msgs/msg/RcChannels.msg\n'}
[1.147725] (px4_msgs) StdoutLine: {'line': b'-- Up-to-date: /home/jmj/pro_asp_ws/ws_px4_controls/install/px4_msgs/share/px4_msgs/msg/RcParameterMap.msg\n'}
[1.147982] (px4_msgs) StdoutLine: {'line': b'-- Up-to-date: /home/jmj/pro_asp_ws/ws_px4_controls/install/px4_msgs/share/px4_msgs/msg/RegisterExtComponentReply.msg\n'}
[1.148237] (px4_msgs) StdoutLine: {'line': b'-- Up-to-date: /home/jmj/pro_asp_ws/ws_px4_controls/install/px4_msgs/share/px4_msgs/msg/RegisterExtComponentRequest.msg\n'}
[1.148559] (px4_msgs) StdoutLine: {'line': b'-- Up-to-date: /home/jmj/pro_asp_ws/ws_px4_controls/install/px4_msgs/share/px4_msgs/msg/RoverAttitudeSetpoint.msg\n'}
[1.148938] (px4_msgs) StdoutLine: {'line': b'-- Up-to-date: /home/jmj/pro_asp_ws/ws_px4_controls/install/px4_msgs/share/px4_msgs/msg/RoverAttitudeStatus.msg\n'}
[1.149165] (px4_msgs) StdoutLine: {'line': b'-- Up-to-date: /home/jmj/pro_asp_ws/ws_px4_controls/install/px4_msgs/share/px4_msgs/msg/RoverPositionSetpoint.msg\n'}
[1.149395] (px4_msgs) StdoutLine: {'line': b'-- Up-to-date: /home/jmj/pro_asp_ws/ws_px4_controls/install/px4_msgs/share/px4_msgs/msg/RoverRateSetpoint.msg\n'}
[1.149659] (px4_msgs) StdoutLine: {'line': b'-- Up-to-date: /home/jmj/pro_asp_ws/ws_px4_controls/install/px4_msgs/share/px4_msgs/msg/RoverRateStatus.msg\n'}
[1.150032] (px4_msgs) StdoutLine: {'line': b'-- Up-to-date: /home/jmj/pro_asp_ws/ws_px4_controls/install/px4_msgs/share/px4_msgs/msg/RoverSteeringSetpoint.msg\n'}
[1.150248] (px4_msgs) StdoutLine: {'line': b'-- Up-to-date: /home/jmj/pro_asp_ws/ws_px4_controls/install/px4_msgs/share/px4_msgs/msg/RoverThrottleSetpoint.msg\n'}
[1.150464] (px4_msgs) StdoutLine: {'line': b'-- Up-to-date: /home/jmj/pro_asp_ws/ws_px4_controls/install/px4_msgs/share/px4_msgs/msg/RoverVelocitySetpoint.msg\n'}
[1.150737] (px4_msgs) StdoutLine: {'line': b'-- Up-to-date: /home/jmj/pro_asp_ws/ws_px4_controls/install/px4_msgs/share/px4_msgs/msg/RoverVelocityStatus.msg\n'}
[1.151093] (px4_msgs) StdoutLine: {'line': b'-- Up-to-date: /home/jmj/pro_asp_ws/ws_px4_controls/install/px4_msgs/share/px4_msgs/msg/Rpm.msg\n'}
[1.151482] (px4_msgs) StdoutLine: {'line': b'-- Up-to-date: /home/jmj/pro_asp_ws/ws_px4_controls/install/px4_msgs/share/px4_msgs/msg/RtlStatus.msg\n'}
[1.151587] (px4_msgs) StdoutLine: {'line': b'-- Up-to-date: /home/jmj/pro_asp_ws/ws_px4_controls/install/px4_msgs/share/px4_msgs/msg/RtlTimeEstimate.msg\n'}
[1.151926] (px4_msgs) StdoutLine: {'line': b'-- Up-to-date: /home/jmj/pro_asp_ws/ws_px4_controls/install/px4_msgs/share/px4_msgs/msg/SatelliteInfo.msg\n'}
[1.152230] (px4_msgs) StdoutLine: {'line': b'-- Up-to-date: /home/jmj/pro_asp_ws/ws_px4_controls/install/px4_msgs/share/px4_msgs/msg/SensorAccel.msg\n'}
[1.152441] (px4_msgs) StdoutLine: {'line': b'-- Up-to-date: /home/jmj/pro_asp_ws/ws_px4_controls/install/px4_msgs/share/px4_msgs/msg/SensorAccelFifo.msg\n'}
[1.152638] (px4_msgs) StdoutLine: {'line': b'-- Up-to-date: /home/jmj/pro_asp_ws/ws_px4_controls/install/px4_msgs/share/px4_msgs/msg/SensorAirflow.msg\n'}
[1.152867] (px4_msgs) StdoutLine: {'line': b'-- Up-to-date: /home/jmj/pro_asp_ws/ws_px4_controls/install/px4_msgs/share/px4_msgs/msg/SensorBaro.msg\n'}
[1.153202] (px4_msgs) StdoutLine: {'line': b'-- Up-to-date: /home/jmj/pro_asp_ws/ws_px4_controls/install/px4_msgs/share/px4_msgs/msg/SensorCombined.msg\n'}
[1.153455] (px4_msgs) StdoutLine: {'line': b'-- Up-to-date: /home/jmj/pro_asp_ws/ws_px4_controls/install/px4_msgs/share/px4_msgs/msg/SensorCorrection.msg\n'}
[1.153652] (px4_msgs) StdoutLine: {'line': b'-- Up-to-date: /home/jmj/pro_asp_ws/ws_px4_controls/install/px4_msgs/share/px4_msgs/msg/SensorGnssRelative.msg\n'}
[1.153885] (px4_msgs) StdoutLine: {'line': b'-- Up-to-date: /home/jmj/pro_asp_ws/ws_px4_controls/install/px4_msgs/share/px4_msgs/msg/SensorGps.msg\n'}
[1.154208] (px4_msgs) StdoutLine: {'line': b'-- Up-to-date: /home/jmj/pro_asp_ws/ws_px4_controls/install/px4_msgs/share/px4_msgs/msg/SensorGyro.msg\n'}
[1.154418] (px4_msgs) StdoutLine: {'line': b'-- Up-to-date: /home/jmj/pro_asp_ws/ws_px4_controls/install/px4_msgs/share/px4_msgs/msg/SensorGyroFft.msg\n'}
[1.154645] (px4_msgs) StdoutLine: {'line': b'-- Up-to-date: /home/jmj/pro_asp_ws/ws_px4_controls/install/px4_msgs/share/px4_msgs/msg/SensorGyroFifo.msg\n'}
[1.154858] (px4_msgs) StdoutLine: {'line': b'-- Up-to-date: /home/jmj/pro_asp_ws/ws_px4_controls/install/px4_msgs/share/px4_msgs/msg/SensorHygrometer.msg\n'}
[1.155217] (px4_msgs) StdoutLine: {'line': b'-- Up-to-date: /home/jmj/pro_asp_ws/ws_px4_controls/install/px4_msgs/share/px4_msgs/msg/SensorMag.msg\n'}
[1.155443] (px4_msgs) StdoutLine: {'line': b'-- Up-to-date: /home/jmj/pro_asp_ws/ws_px4_controls/install/px4_msgs/share/px4_msgs/msg/SensorOpticalFlow.msg\n'}
[1.155818] (px4_msgs) StdoutLine: {'line': b'-- Up-to-date: /home/jmj/pro_asp_ws/ws_px4_controls/install/px4_msgs/share/px4_msgs/msg/SensorPreflightMag.msg\n'}
[1.156010] (px4_msgs) StdoutLine: {'line': b'-- Up-to-date: /home/jmj/pro_asp_ws/ws_px4_controls/install/px4_msgs/share/px4_msgs/msg/SensorSelection.msg\n'}
[1.156428] (px4_msgs) StdoutLine: {'line': b'-- Up-to-date: /home/jmj/pro_asp_ws/ws_px4_controls/install/px4_msgs/share/px4_msgs/msg/SensorUwb.msg\n'}
[1.156718] (px4_msgs) StdoutLine: {'line': b'-- Up-to-date: /home/jmj/pro_asp_ws/ws_px4_controls/install/px4_msgs/share/px4_msgs/msg/SensorsStatus.msg\n'}
[1.156959] (px4_msgs) StdoutLine: {'line': b'-- Up-to-date: /home/jmj/pro_asp_ws/ws_px4_controls/install/px4_msgs/share/px4_msgs/msg/SensorsStatusImu.msg\n'}
[1.157192] (px4_msgs) StdoutLine: {'line': b'-- Up-to-date: /home/jmj/pro_asp_ws/ws_px4_controls/install/px4_msgs/share/px4_msgs/msg/SystemPower.msg\n'}
[1.157596] (px4_msgs) StdoutLine: {'line': b'-- Up-to-date: /home/jmj/pro_asp_ws/ws_px4_controls/install/px4_msgs/share/px4_msgs/msg/TakeoffStatus.msg\n'}
[1.157975] (px4_msgs) StdoutLine: {'line': b'-- Up-to-date: /home/jmj/pro_asp_ws/ws_px4_controls/install/px4_msgs/share/px4_msgs/msg/TaskStackInfo.msg\n'}
[1.158180] (px4_msgs) StdoutLine: {'line': b'-- Up-to-date: /home/jmj/pro_asp_ws/ws_px4_controls/install/px4_msgs/share/px4_msgs/msg/TecsStatus.msg\n'}
[1.158448] (px4_msgs) StdoutLine: {'line': b'-- Up-to-date: /home/jmj/pro_asp_ws/ws_px4_controls/install/px4_msgs/share/px4_msgs/msg/TelemetryStatus.msg\n'}
[1.158955] (px4_msgs) StdoutLine: {'line': b'-- Up-to-date: /home/jmj/pro_asp_ws/ws_px4_controls/install/px4_msgs/share/px4_msgs/msg/TiltrotorExtraControls.msg\n'}
[1.159078] (px4_msgs) StdoutLine: {'line': b'-- Up-to-date: /home/jmj/pro_asp_ws/ws_px4_controls/install/px4_msgs/share/px4_msgs/msg/TimesyncStatus.msg\n'}
[1.159321] (px4_msgs) StdoutLine: {'line': b'-- Up-to-date: /home/jmj/pro_asp_ws/ws_px4_controls/install/px4_msgs/share/px4_msgs/msg/TrajectorySetpoint.msg\n'}
[1.159530] (px4_msgs) StdoutLine: {'line': b'-- Up-to-date: /home/jmj/pro_asp_ws/ws_px4_controls/install/px4_msgs/share/px4_msgs/msg/TrajectorySetpoint6dof.msg\n'}
[1.159915] (px4_msgs) StdoutLine: {'line': b'-- Up-to-date: /home/jmj/pro_asp_ws/ws_px4_controls/install/px4_msgs/share/px4_msgs/msg/TransponderReport.msg\n'}
[1.160139] (px4_msgs) StdoutLine: {'line': b'-- Up-to-date: /home/jmj/pro_asp_ws/ws_px4_controls/install/px4_msgs/share/px4_msgs/msg/TuneControl.msg\n'}
[1.160409] (px4_msgs) StdoutLine: {'line': b'-- Up-to-date: /home/jmj/pro_asp_ws/ws_px4_controls/install/px4_msgs/share/px4_msgs/msg/UavcanParameterRequest.msg\n'}
[1.160688] (px4_msgs) StdoutLine: {'line': b'-- Up-to-date: /home/jmj/pro_asp_ws/ws_px4_controls/install/px4_msgs/share/px4_msgs/msg/UavcanParameterValue.msg\n'}
[1.161043] (px4_msgs) StdoutLine: {'line': b'-- Up-to-date: /home/jmj/pro_asp_ws/ws_px4_controls/install/px4_msgs/share/px4_msgs/msg/UlogStream.msg\n'}
[1.161277] (px4_msgs) StdoutLine: {'line': b'-- Up-to-date: /home/jmj/pro_asp_ws/ws_px4_controls/install/px4_msgs/share/px4_msgs/msg/UlogStreamAck.msg\n'}
[1.161553] (px4_msgs) StdoutLine: {'line': b'-- Up-to-date: /home/jmj/pro_asp_ws/ws_px4_controls/install/px4_msgs/share/px4_msgs/msg/UnregisterExtComponent.msg\n'}
[1.161755] (px4_msgs) StdoutLine: {'line': b'-- Up-to-date: /home/jmj/pro_asp_ws/ws_px4_controls/install/px4_msgs/share/px4_msgs/msg/VehicleAcceleration.msg\n'}
[1.162115] (px4_msgs) StdoutLine: {'line': b'-- Up-to-date: /home/jmj/pro_asp_ws/ws_px4_controls/install/px4_msgs/share/px4_msgs/msg/VehicleAirData.msg\n'}
[1.162348] (px4_msgs) StdoutLine: {'line': b'-- Up-to-date: /home/jmj/pro_asp_ws/ws_px4_controls/install/px4_msgs/share/px4_msgs/msg/VehicleAngularAccelerationSetpoint.msg\n'}
[1.162581] (px4_msgs) StdoutLine: {'line': b'-- Up-to-date: /home/jmj/pro_asp_ws/ws_px4_controls/install/px4_msgs/share/px4_msgs/msg/VehicleAngularVelocity.msg\n'}
[1.162849] (px4_msgs) StdoutLine: {'line': b'-- Up-to-date: /home/jmj/pro_asp_ws/ws_px4_controls/install/px4_msgs/share/px4_msgs/msg/VehicleAttitude.msg\n'}
[1.163366] (px4_msgs) StdoutLine: {'line': b'-- Up-to-date: /home/jmj/pro_asp_ws/ws_px4_controls/install/px4_msgs/share/px4_msgs/msg/VehicleAttitudeSetpoint.msg\n'}
[1.163602] (px4_msgs) StdoutLine: {'line': b'-- Up-to-date: /home/jmj/pro_asp_ws/ws_px4_controls/install/px4_msgs/share/px4_msgs/msg/VehicleCommand.msg\n'}
[1.163699] (px4_msgs) StdoutLine: {'line': b'-- Up-to-date: /home/jmj/pro_asp_ws/ws_px4_controls/install/px4_msgs/share/px4_msgs/msg/VehicleCommandAck.msg\n'}
[1.164097] (px4_msgs) StdoutLine: {'line': b'-- Up-to-date: /home/jmj/pro_asp_ws/ws_px4_controls/install/px4_msgs/share/px4_msgs/msg/VehicleConstraints.msg\n'}
[1.164498] (px4_msgs) StdoutLine: {'line': b'-- Up-to-date: /home/jmj/pro_asp_ws/ws_px4_controls/install/px4_msgs/share/px4_msgs/msg/VehicleControlMode.msg\n'}
[1.164705] (px4_msgs) StdoutLine: {'line': b'-- Up-to-date: /home/jmj/pro_asp_ws/ws_px4_controls/install/px4_msgs/share/px4_msgs/msg/VehicleGlobalPosition.msg\n'}
[1.164932] (px4_msgs) StdoutLine: {'line': b'-- Up-to-date: /home/jmj/pro_asp_ws/ws_px4_controls/install/px4_msgs/share/px4_msgs/msg/VehicleImu.msg\n'}
[1.165271] (px4_msgs) StdoutLine: {'line': b'-- Up-to-date: /home/jmj/pro_asp_ws/ws_px4_controls/install/px4_msgs/share/px4_msgs/msg/VehicleImuStatus.msg\n'}
[1.165612] (px4_msgs) StdoutLine: {'line': b'-- Up-to-date: /home/jmj/pro_asp_ws/ws_px4_controls/install/px4_msgs/share/px4_msgs/msg/VehicleLandDetected.msg\n'}
[1.165826] (px4_msgs) StdoutLine: {'line': b'-- Up-to-date: /home/jmj/pro_asp_ws/ws_px4_controls/install/px4_msgs/share/px4_msgs/msg/VehicleLocalPosition.msg\n'}
[1.166045] (px4_msgs) StdoutLine: {'line': b'-- Up-to-date: /home/jmj/pro_asp_ws/ws_px4_controls/install/px4_msgs/share/px4_msgs/msg/VehicleLocalPositionSetpoint.msg\n'}
[1.166283] (px4_msgs) StdoutLine: {'line': b'-- Up-to-date: /home/jmj/pro_asp_ws/ws_px4_controls/install/px4_msgs/share/px4_msgs/msg/VehicleMagnetometer.msg\n'}
[1.166652] (px4_msgs) StdoutLine: {'line': b'-- Up-to-date: /home/jmj/pro_asp_ws/ws_px4_controls/install/px4_msgs/share/px4_msgs/msg/VehicleOdometry.msg\n'}
[1.166845] (px4_msgs) StdoutLine: {'line': b'-- Up-to-date: /home/jmj/pro_asp_ws/ws_px4_controls/install/px4_msgs/share/px4_msgs/msg/VehicleOpticalFlow.msg\n'}
[1.167041] (px4_msgs) StdoutLine: {'line': b'-- Up-to-date: /home/jmj/pro_asp_ws/ws_px4_controls/install/px4_msgs/share/px4_msgs/msg/VehicleOpticalFlowVel.msg\n'}
[1.167262] (px4_msgs) StdoutLine: {'line': b'-- Up-to-date: /home/jmj/pro_asp_ws/ws_px4_controls/install/px4_msgs/share/px4_msgs/msg/VehicleRatesSetpoint.msg\n'}
[1.167619] (px4_msgs) StdoutLine: {'line': b'-- Up-to-date: /home/jmj/pro_asp_ws/ws_px4_controls/install/px4_msgs/share/px4_msgs/msg/VehicleRoi.msg\n'}
[1.167832] (px4_msgs) StdoutLine: {'line': b'-- Up-to-date: /home/jmj/pro_asp_ws/ws_px4_controls/install/px4_msgs/share/px4_msgs/msg/VehicleStatus.msg\n'}
[1.168044] (px4_msgs) StdoutLine: {'line': b'-- Up-to-date: /home/jmj/pro_asp_ws/ws_px4_controls/install/px4_msgs/share/px4_msgs/msg/VehicleThrustSetpoint.msg\n'}
[1.168262] (px4_msgs) StdoutLine: {'line': b'-- Up-to-date: /home/jmj/pro_asp_ws/ws_px4_controls/install/px4_msgs/share/px4_msgs/msg/VehicleTorqueSetpoint.msg\n'}
[1.168591] (px4_msgs) StdoutLine: {'line': b'-- Up-to-date: /home/jmj/pro_asp_ws/ws_px4_controls/install/px4_msgs/share/px4_msgs/msg/VelocityLimits.msg\n'}
[1.168775] (px4_msgs) StdoutLine: {'line': b'-- Up-to-date: /home/jmj/pro_asp_ws/ws_px4_controls/install/px4_msgs/share/px4_msgs/msg/VtolVehicleStatus.msg\n'}
[1.168979] (px4_msgs) StdoutLine: {'line': b'-- Up-to-date: /home/jmj/pro_asp_ws/ws_px4_controls/install/px4_msgs/share/px4_msgs/msg/WheelEncoders.msg\n'}
[1.169190] (px4_msgs) StdoutLine: {'line': b'-- Up-to-date: /home/jmj/pro_asp_ws/ws_px4_controls/install/px4_msgs/share/px4_msgs/msg/Wind.msg\n'}
[1.169540] (px4_msgs) StdoutLine: {'line': b'-- Up-to-date: /home/jmj/pro_asp_ws/ws_px4_controls/install/px4_msgs/share/px4_msgs/msg/YawEstimatorStatus.msg\n'}
[1.169826] (px4_msgs) StdoutLine: {'line': b'-- Up-to-date: /home/jmj/pro_asp_ws/ws_px4_controls/install/px4_msgs/share/px4_msgs/srv/VehicleCommand.srv\n'}
[1.169920] (px4_msgs) StdoutLine: {'line': b'-- Up-to-date: /home/jmj/pro_asp_ws/ws_px4_controls/install/px4_msgs/share/px4_msgs/srv/VehicleCommand_Request.msg\n'}
[1.170245] (px4_msgs) StdoutLine: {'line': b'-- Up-to-date: /home/jmj/pro_asp_ws/ws_px4_controls/install/px4_msgs/share/px4_msgs/srv/VehicleCommand_Response.msg\n'}
[1.170596] (px4_msgs) StdoutLine: {'line': b'-- Up-to-date: /home/jmj/pro_asp_ws/ws_px4_controls/install/px4_msgs/share/ament_index/resource_index/package_run_dependencies/px4_msgs\n'}
[1.170780] (px4_msgs) StdoutLine: {'line': b'-- Up-to-date: /home/jmj/pro_asp_ws/ws_px4_controls/install/px4_msgs/share/ament_index/resource_index/parent_prefix_path/px4_msgs\n'}
[1.170990] (px4_msgs) StdoutLine: {'line': b'-- Up-to-date: /home/jmj/pro_asp_ws/ws_px4_controls/install/px4_msgs/share/px4_msgs/environment/ament_prefix_path.sh\n'}
[1.171208] (px4_msgs) StdoutLine: {'line': b'-- Up-to-date: /home/jmj/pro_asp_ws/ws_px4_controls/install/px4_msgs/share/px4_msgs/environment/ament_prefix_path.dsv\n'}
[1.171532] (px4_msgs) StdoutLine: {'line': b'-- Up-to-date: /home/jmj/pro_asp_ws/ws_px4_controls/install/px4_msgs/share/px4_msgs/environment/path.sh\n'}
[1.171736] (px4_msgs) StdoutLine: {'line': b'-- Up-to-date: /home/jmj/pro_asp_ws/ws_px4_controls/install/px4_msgs/share/px4_msgs/environment/path.dsv\n'}
[1.171959] (px4_msgs) StdoutLine: {'line': b'-- Up-to-date: /home/jmj/pro_asp_ws/ws_px4_controls/install/px4_msgs/share/px4_msgs/local_setup.bash\n'}
[1.172189] (px4_msgs) StdoutLine: {'line': b'-- Up-to-date: /home/jmj/pro_asp_ws/ws_px4_controls/install/px4_msgs/share/px4_msgs/local_setup.sh\n'}
[1.172560] (px4_msgs) StdoutLine: {'line': b'-- Up-to-date: /home/jmj/pro_asp_ws/ws_px4_controls/install/px4_msgs/share/px4_msgs/local_setup.zsh\n'}
[1.172706] (px4_msgs) StdoutLine: {'line': b'-- Up-to-date: /home/jmj/pro_asp_ws/ws_px4_controls/install/px4_msgs/share/px4_msgs/local_setup.dsv\n'}
[1.172905] (px4_msgs) StdoutLine: {'line': b'-- Installing: /home/jmj/pro_asp_ws/ws_px4_controls/install/px4_msgs/share/px4_msgs/package.dsv\n'}
[1.173292] (px4_msgs) StdoutLine: {'line': b'-- Up-to-date: /home/jmj/pro_asp_ws/ws_px4_controls/install/px4_msgs/share/ament_index/resource_index/packages/px4_msgs\n'}
[1.173689] (px4_msgs) StdoutLine: {'line': b'-- Up-to-date: /home/jmj/pro_asp_ws/ws_px4_controls/install/px4_msgs/share/px4_msgs/cmake/export_px4_msgs__rosidl_generator_cExport.cmake\n'}
[1.173861] (px4_msgs) StdoutLine: {'line': b'-- Up-to-date: /home/jmj/pro_asp_ws/ws_px4_controls/install/px4_msgs/share/px4_msgs/cmake/export_px4_msgs__rosidl_generator_cExport-noconfig.cmake\n'}
[1.174126] (px4_msgs) StdoutLine: {'line': b'-- Up-to-date: /home/jmj/pro_asp_ws/ws_px4_controls/install/px4_msgs/share/px4_msgs/cmake/export_px4_msgs__rosidl_typesupport_fastrtps_cExport.cmake\n'}
[1.174329] (px4_msgs) StdoutLine: {'line': b'-- Up-to-date: /home/jmj/pro_asp_ws/ws_px4_controls/install/px4_msgs/share/px4_msgs/cmake/export_px4_msgs__rosidl_typesupport_fastrtps_cExport-noconfig.cmake\n'}
[1.174683] (px4_msgs) StdoutLine: {'line': b'-- Up-to-date: /home/jmj/pro_asp_ws/ws_px4_controls/install/px4_msgs/share/px4_msgs/cmake/export_px4_msgs__rosidl_generator_cppExport.cmake\n'}
[1.175073] (px4_msgs) StdoutLine: {'line': b'-- Up-to-date: /home/jmj/pro_asp_ws/ws_px4_controls/install/px4_msgs/share/px4_msgs/cmake/export_px4_msgs__rosidl_typesupport_fastrtps_cppExport.cmake\n'}
[1.175151] (px4_msgs) StdoutLine: {'line': b'-- Up-to-date: /home/jmj/pro_asp_ws/ws_px4_controls/install/px4_msgs/share/px4_msgs/cmake/export_px4_msgs__rosidl_typesupport_fastrtps_cppExport-noconfig.cmake\n'}
[1.175619] (px4_msgs) StdoutLine: {'line': b'-- Up-to-date: /home/jmj/pro_asp_ws/ws_px4_controls/install/px4_msgs/share/px4_msgs/cmake/px4_msgs__rosidl_typesupport_introspection_cExport.cmake\n'}
[1.176048] (px4_msgs) StdoutLine: {'line': b'-- Up-to-date: /home/jmj/pro_asp_ws/ws_px4_controls/install/px4_msgs/share/px4_msgs/cmake/px4_msgs__rosidl_typesupport_introspection_cExport-noconfig.cmake\n'}
[1.176281] (px4_msgs) StdoutLine: {'line': b'-- Up-to-date: /home/jmj/pro_asp_ws/ws_px4_controls/install/px4_msgs/share/px4_msgs/cmake/px4_msgs__rosidl_typesupport_cExport.cmake\n'}
[1.176499] (px4_msgs) StdoutLine: {'line': b'-- Up-to-date: /home/jmj/pro_asp_ws/ws_px4_controls/install/px4_msgs/share/px4_msgs/cmake/px4_msgs__rosidl_typesupport_cExport-noconfig.cmake\n'}
[1.176798] (px4_msgs) StdoutLine: {'line': b'-- Up-to-date: /home/jmj/pro_asp_ws/ws_px4_controls/install/px4_msgs/share/px4_msgs/cmake/px4_msgs__rosidl_typesupport_introspection_cppExport.cmake\n'}
[1.177179] (px4_msgs) StdoutLine: {'line': b'-- Up-to-date: /home/jmj/pro_asp_ws/ws_px4_controls/install/px4_msgs/share/px4_msgs/cmake/px4_msgs__rosidl_typesupport_introspection_cppExport-noconfig.cmake\n'}
[1.177434] (px4_msgs) StdoutLine: {'line': b'-- Up-to-date: /home/jmj/pro_asp_ws/ws_px4_controls/install/px4_msgs/share/px4_msgs/cmake/px4_msgs__rosidl_typesupport_cppExport.cmake\n'}
[1.177659] (px4_msgs) StdoutLine: {'line': b'-- Up-to-date: /home/jmj/pro_asp_ws/ws_px4_controls/install/px4_msgs/share/px4_msgs/cmake/px4_msgs__rosidl_typesupport_cppExport-noconfig.cmake\n'}
[1.178014] (px4_msgs) StdoutLine: {'line': b'-- Up-to-date: /home/jmj/pro_asp_ws/ws_px4_controls/install/px4_msgs/share/px4_msgs/cmake/export_px4_msgs__rosidl_generator_pyExport.cmake\n'}
[1.178266] (px4_msgs) StdoutLine: {'line': b'-- Up-to-date: /home/jmj/pro_asp_ws/ws_px4_controls/install/px4_msgs/share/px4_msgs/cmake/export_px4_msgs__rosidl_generator_pyExport-noconfig.cmake\n'}
[1.178468] (px4_msgs) StdoutLine: {'line': b'-- Up-to-date: /home/jmj/pro_asp_ws/ws_px4_controls/install/px4_msgs/share/px4_msgs/cmake/rosidl_cmake-extras.cmake\n'}
[1.178719] (px4_msgs) StdoutLine: {'line': b'-- Up-to-date: /home/jmj/pro_asp_ws/ws_px4_controls/install/px4_msgs/share/px4_msgs/cmake/ament_cmake_export_dependencies-extras.cmake\n'}
[1.178983] (px4_msgs) StdoutLine: {'line': b'-- Up-to-date: /home/jmj/pro_asp_ws/ws_px4_controls/install/px4_msgs/share/px4_msgs/cmake/ament_cmake_export_include_directories-extras.cmake\n'}
[1.179296] (px4_msgs) StdoutLine: {'line': b'-- Up-to-date: /home/jmj/pro_asp_ws/ws_px4_controls/install/px4_msgs/share/px4_msgs/cmake/ament_cmake_export_libraries-extras.cmake\n'}
[1.179655] (px4_msgs) StdoutLine: {'line': b'-- Up-to-date: /home/jmj/pro_asp_ws/ws_px4_controls/install/px4_msgs/share/px4_msgs/cmake/ament_cmake_export_targets-extras.cmake\n'}
[1.179783] (px4_msgs) StdoutLine: {'line': b'-- Up-to-date: /home/jmj/pro_asp_ws/ws_px4_controls/install/px4_msgs/share/px4_msgs/cmake/rosidl_cmake_export_typesupport_targets-extras.cmake\n'}
[1.180141] (px4_msgs) StdoutLine: {'line': b'-- Up-to-date: /home/jmj/pro_asp_ws/ws_px4_controls/install/px4_msgs/share/px4_msgs/cmake/rosidl_cmake_export_typesupport_libraries-extras.cmake\n'}
[1.180484] (px4_msgs) StdoutLine: {'line': b'-- Up-to-date: /home/jmj/pro_asp_ws/ws_px4_controls/install/px4_msgs/share/px4_msgs/cmake/px4_msgsConfig.cmake\n'}
[1.180535] (px4_msgs) StdoutLine: {'line': b'-- Up-to-date: /home/jmj/pro_asp_ws/ws_px4_controls/install/px4_msgs/share/px4_msgs/cmake/px4_msgsConfig-version.cmake\n'}
[1.180652] (px4_msgs) StdoutLine: {'line': b'-- Up-to-date: /home/jmj/pro_asp_ws/ws_px4_controls/install/px4_msgs/share/px4_msgs/package.xml\n'}
[1.183458] (px4_msgs) CommandEnded: {'returncode': 0}
[1.201651] (-) TimerEvent: {}
[1.203180] (px4_msgs) JobEnded: {'identifier': 'px4_msgs', 'rc': 0}
[1.203803] (px4_ros_com) JobStarted: {'identifier': 'px4_ros_com'}
[1.207563] (uav_controller_pkg) JobStarted: {'identifier': 'uav_controller_pkg'}
[1.210519] (utilities_pkg) JobStarted: {'identifier': 'utilities_pkg'}
[1.214221] (px4_ros_com) JobProgress: {'identifier': 'px4_ros_com', 'progress': 'cmake'}
[1.214534] (px4_ros_com) JobProgress: {'identifier': 'px4_ros_com', 'progress': 'build'}
[1.214792] (px4_ros_com) Command: {'cmd': ['/usr/bin/cmake', '--build', '/home/jmj/pro_asp_ws/ws_px4_controls/build/px4_ros_com', '--', '-j20', '-l20'], 'cwd': '/home/jmj/pro_asp_ws/ws_px4_controls/build/px4_ros_com', 'env': OrderedDict([('LESSOPEN', '| /usr/bin/lesspipe %s'), ('USER', 'jmj'), ('LC_TIME', 'ko_KR.UTF-8'), ('CCACHE_DIR', '/var/tmp/ccache'), ('XDG_SESSION_TYPE', 'x11'), ('SHLVL', '1'), ('LD_LIBRARY_PATH', '/home/jmj/pro_asp_ws/ws_px4_controls/install/px4_msgs/lib:/home/jmj/pro_asp_ws/ws_aruco/install/aruco_interfaces/lib:/home/jmj/pro_asp_ws/ws_aruco/install/multi_tracker/lib:/home/jmj/pro_asp_ws/ws_aruco/install/image_geometry/lib:/home/jmj/pro_asp_ws/ws_aruco/install/cv_bridge/lib:/home/jmj/pro_asp_ws/ws_px4_controls/install/px4_ros_com/lib:/opt/ros/humble/opt/rviz_ogre_vendor/lib:/opt/ros/humble/lib/x86_64-linux-gnu:/opt/ros/humble/lib:/usr/local/cuda/lib64'), ('HOME', '/home/jmj'), ('OLDPWD', '/home/jmj/pro_asp_ws'), ('DESKTOP_SESSION', 'ubuntu'), ('NVM_BIN', '/home/jmj/.nvm/versions/node/v22.14.0/bin'), ('NVM_INC', '/home/jmj/.nvm/versions/node/v22.14.0/include/node'), ('ROS_PYTHON_VERSION', '3'), ('GNOME_SHELL_SESSION_MODE', 'ubuntu'), ('GTK_MODULES', 'gail:atk-bridge'), ('LC_MONETARY', 'ko_KR.UTF-8'), ('MANAGERPID', '1020'), ('SYSTEMD_EXEC_PID', '2153'), ('DBUS_SESSION_BUS_ADDRESS', 'unix:path=/run/user/1000/bus'), ('COLORTERM', 'truecolor'), ('TERMINATOR_DBUS_NAME', 'net.tenshu.Terminator21a9d5db22c73a993ff0b42f64b396873'), ('GIO_LAUNCHED_DESKTOP_FILE_PID', '4545'), ('NVM_DIR', '/home/jmj/.nvm'), ('IM_CONFIG_PHASE', '1'), ('COLCON_PREFIX_PATH', '/home/jmj/pro_asp_ws/ws_aruco/install:/home/jmj/pro_asp_ws/ws_px4_controls/install'), ('ROS_DISTRO', 'humble'), ('GTK_IM_MODULE', 'ibus'), ('LOGNAME', 'jmj'), ('JOURNAL_STREAM', '8:7695'), ('_', '/usr/bin/colcon'), ('ROS_VERSION', '2'), ('XDG_SESSION_CLASS', 'user'), ('USERNAME', 'jmj'), ('TERM', 'xterm-256color'), ('GNOME_DESKTOP_SESSION_ID', 'this-is-deprecated'), ('ROS_LOCALHOST_ONLY', '0'), ('WINDOWPATH', '2'), ('PATH', '/home/jmj/anaconda3/bin:/usr/bin:/opt/ros/humble/bin:/home/jmj/.nvm/versions/node/v22.14.0/bin:/usr/local/cuda/bin:/home/jmj/.cargo/bin:/usr/local/sbin:/usr/local/bin:/usr/sbin:/usr/bin:/sbin:/bin:/usr/games:/usr/local/games:/snap/bin:/snap/bin:/home/jmj/.local/bin'), ('SESSION_MANAGER', 'local/jmj:@/tmp/.ICE-unix/1927,unix/jmj:/tmp/.ICE-unix/1927'), ('INVOCATION_ID', '76055a6707e341d29d392405f8760929'), ('XDG_MENU_PREFIX', 'gnome-'), ('LC_ADDRESS', 'ko_KR.UTF-8'), ('XDG_RUNTIME_DIR', '/run/user/1000'), ('DISPLAY', ':0'), ('TERMINATOR_DBUS_PATH', '/net/tenshu/Terminator2'), ('LANG', 'en_US.UTF-8'), ('XDG_CURRENT_DESKTOP', 'ubuntu:GNOME'), ('IBUS_DISABLE_SNOOPER', '1'), ('LC_TELEPHONE', 'ko_KR.UTF-8'), ('XMODIFIERS', '@im=ibus'), ('XDG_SESSION_DESKTOP', 'ubuntu'), ('XAUTHORITY', '/run/user/1000/gdm/Xauthority'), ('LS_COLORS', 'rs=0:di=01;34:ln=01;36:mh=00:pi=40;33:so=01;35:do=01;35:bd=40;33;01:cd=40;33;01:or=40;31;01:mi=00:su=37;41:sg=30;43:ca=30;41:tw=30;42:ow=34;42:st=37;44:ex=01;32:*.tar=01;31:*.tgz=01;31:*.arc=01;31:*.arj=01;31:*.taz=01;31:*.lha=01;31:*.lz4=01;31:*.lzh=01;31:*.lzma=01;31:*.tlz=01;31:*.txz=01;31:*.tzo=01;31:*.t7z=01;31:*.zip=01;31:*.z=01;31:*.dz=01;31:*.gz=01;31:*.lrz=01;31:*.lz=01;31:*.lzo=01;31:*.xz=01;31:*.zst=01;31:*.tzst=01;31:*.bz2=01;31:*.bz=01;31:*.tbz=01;31:*.tbz2=01;31:*.tz=01;31:*.deb=01;31:*.rpm=01;31:*.jar=01;31:*.war=01;31:*.ear=01;31:*.sar=01;31:*.rar=01;31:*.alz=01;31:*.ace=01;31:*.zoo=01;31:*.cpio=01;31:*.7z=01;31:*.rz=01;31:*.cab=01;31:*.wim=01;31:*.swm=01;31:*.dwm=01;31:*.esd=01;31:*.jpg=01;35:*.jpeg=01;35:*.mjpg=01;35:*.mjpeg=01;35:*.gif=01;35:*.bmp=01;35:*.pbm=01;35:*.pgm=01;35:*.ppm=01;35:*.tga=01;35:*.xbm=01;35:*.xpm=01;35:*.tif=01;35:*.tiff=01;35:*.png=01;35:*.svg=01;35:*.svgz=01;35:*.mng=01;35:*.pcx=01;35:*.mov=01;35:*.mpg=01;35:*.mpeg=01;35:*.m2v=01;35:*.mkv=01;35:*.webm=01;35:*.webp=01;35:*.ogm=01;35:*.mp4=01;35:*.m4v=01;35:*.mp4v=01;35:*.vob=01;35:*.qt=01;35:*.nuv=01;35:*.wmv=01;35:*.asf=01;35:*.rm=01;35:*.rmvb=01;35:*.flc=01;35:*.avi=01;35:*.fli=01;35:*.flv=01;35:*.gl=01;35:*.dl=01;35:*.xcf=01;35:*.xwd=01;35:*.yuv=01;35:*.cgm=01;35:*.emf=01;35:*.ogv=01;35:*.ogx=01;35:*.aac=00;36:*.au=00;36:*.flac=00;36:*.m4a=00;36:*.mid=00;36:*.midi=00;36:*.mka=00;36:*.mp3=00;36:*.mpc=00;36:*.ogg=00;36:*.ra=00;36:*.wav=00;36:*.oga=00;36:*.opus=00;36:*.spx=00;36:*.xspf=00;36:'), ('SSH_AGENT_LAUNCHER', 'gnome-keyring'), ('SSH_AUTH_SOCK', '/run/user/1000/keyring/ssh'), ('AMENT_PREFIX_PATH', '/home/jmj/pro_asp_ws/ws_aruco/install/aruco_interfaces:/home/jmj/pro_asp_ws/ws_aruco/install/vision_opencv:/home/jmj/pro_asp_ws/ws_aruco/install/opencv_tests:/home/jmj/pro_asp_ws/ws_aruco/install/multi_tracker:/home/jmj/pro_asp_ws/ws_aruco/install/image_geometry:/home/jmj/pro_asp_ws/ws_aruco/install/cv_bridge:/home/jmj/pro_asp_ws/ws_px4_controls/install/utilities_pkg:/home/jmj/pro_asp_ws/ws_px4_controls/install/uav_controller_pkg:/home/jmj/pro_asp_ws/ws_px4_controls/install/px4_ros_com:/home/jmj/pro_asp_ws/ws_px4_controls/install/px4_msgs:/opt/ros/humble'), ('SHELL', '/bin/bash'), ('LC_NAME', 'ko_KR.UTF-8'), ('TERMINATOR_UUID', 'urn:uuid:ac10e9f5-7634-4617-a685-a5192a4cf882'), ('QT_ACCESSIBILITY', '1'), ('CXX', '/usr/lib/ccache/g++'), ('GDMSESSION', 'ubuntu'), ('LESSCLOSE', '/usr/bin/lesspipe %s %s'), ('LC_MEASUREMENT', 'ko_KR.UTF-8'), ('GPG_AGENT_INFO', '/run/user/1000/gnupg/S.gpg-agent:0:1'), ('LC_IDENTIFICATION', 'ko_KR.UTF-8'), ('QT_IM_MODULE', 'ibus'), ('PWD', '/home/jmj/pro_asp_ws/ws_px4_controls/build/px4_ros_com'), ('LC_ALL', 'en_US.UTF-8'), ('XDG_CONFIG_DIRS', '/etc/xdg/xdg-ubuntu:/etc/xdg'), ('NVM_CD_FLAGS', ''), ('XDG_DATA_DIRS', '/usr/share/ubuntu:/usr/share/gnome:/usr/local/share/:/usr/share/:/var/lib/snapd/desktop'), ('PYTHONPATH', '/home/jmj/pro_asp_ws/ws_aruco/install/aruco_interfaces/local/lib/python3.10/dist-packages:/home/jmj/pro_asp_ws/ws_aruco/install/multi_tracker/local/lib/python3.10/dist-packages:/home/jmj/pro_asp_ws/ws_aruco/install/opencv_tests/lib/python3.10/site-packages:/home/jmj/pro_asp_ws/ws_aruco/install/image_geometry/local/lib/python3.10/dist-packages:/home/jmj/pro_asp_ws/ws_aruco/install/cv_bridge/local/lib/python3.10/dist-packages:/home/jmj/pro_asp_ws/ws_px4_controls/install/px4_ros_com/local/lib/python3.10/dist-packages:/home/jmj/pro_asp_ws/ws_px4_controls/install/px4_msgs/local/lib/python3.10/dist-packages:/opt/ros/humble/lib/python3.10/site-packages:/opt/ros/humble/local/lib/python3.10/dist-packages'), ('LC_NUMERIC', 'ko_KR.UTF-8'), ('LC_PAPER', 'ko_KR.UTF-8'), ('CC', '/usr/lib/ccache/gcc'), ('COLCON', '1'), ('VTE_VERSION', '6800'), ('CMAKE_PREFIX_PATH', '/home/jmj/pro_asp_ws/ws_px4_controls/install/px4_msgs:/home/jmj/pro_asp_ws/ws_aruco/install/aruco_interfaces:/home/jmj/pro_asp_ws/ws_aruco/install/vision_opencv:/home/jmj/pro_asp_ws/ws_aruco/install/multi_tracker:/home/jmj/pro_asp_ws/ws_aruco/install/image_geometry:/home/jmj/pro_asp_ws/ws_aruco/install/cv_bridge:/home/jmj/pro_asp_ws/ws_px4_controls/install/utilities_pkg:/home/jmj/pro_asp_ws/ws_px4_controls/install/uav_controller_pkg:/home/jmj/pro_asp_ws/ws_px4_controls/install/px4_ros_com:/home/jmj/pro_asp_ws/ws_aruco/install/opencv_tests:/opt/ros/humble')]), 'shell': False}
[1.215797] (uav_controller_pkg) JobProgress: {'identifier': 'uav_controller_pkg', 'progress': 'cmake'}
[1.216110] (uav_controller_pkg) JobProgress: {'identifier': 'uav_controller_pkg', 'progress': 'build'}
[1.216350] (uav_controller_pkg) Command: {'cmd': ['/usr/bin/cmake', '--build', '/home/jmj/pro_asp_ws/ws_px4_controls/build/uav_controller_pkg', '--', '-j20', '-l20'], 'cwd': '/home/jmj/pro_asp_ws/ws_px4_controls/build/uav_controller_pkg', 'env': OrderedDict([('LESSOPEN', '| /usr/bin/lesspipe %s'), ('USER', 'jmj'), ('LC_TIME', 'ko_KR.UTF-8'), ('CCACHE_DIR', '/var/tmp/ccache'), ('XDG_SESSION_TYPE', 'x11'), ('SHLVL', '1'), ('LD_LIBRARY_PATH', '/home/jmj/pro_asp_ws/ws_px4_controls/install/px4_msgs/lib:/home/jmj/pro_asp_ws/ws_aruco/install/aruco_interfaces/lib:/home/jmj/pro_asp_ws/ws_aruco/install/multi_tracker/lib:/home/jmj/pro_asp_ws/ws_aruco/install/image_geometry/lib:/home/jmj/pro_asp_ws/ws_aruco/install/cv_bridge/lib:/home/jmj/pro_asp_ws/ws_px4_controls/install/px4_ros_com/lib:/opt/ros/humble/opt/rviz_ogre_vendor/lib:/opt/ros/humble/lib/x86_64-linux-gnu:/opt/ros/humble/lib:/usr/local/cuda/lib64'), ('HOME', '/home/jmj'), ('OLDPWD', '/home/jmj/pro_asp_ws'), ('DESKTOP_SESSION', 'ubuntu'), ('NVM_BIN', '/home/jmj/.nvm/versions/node/v22.14.0/bin'), ('NVM_INC', '/home/jmj/.nvm/versions/node/v22.14.0/include/node'), ('ROS_PYTHON_VERSION', '3'), ('GNOME_SHELL_SESSION_MODE', 'ubuntu'), ('GTK_MODULES', 'gail:atk-bridge'), ('LC_MONETARY', 'ko_KR.UTF-8'), ('MANAGERPID', '1020'), ('SYSTEMD_EXEC_PID', '2153'), ('DBUS_SESSION_BUS_ADDRESS', 'unix:path=/run/user/1000/bus'), ('COLORTERM', 'truecolor'), ('TERMINATOR_DBUS_NAME', 'net.tenshu.Terminator21a9d5db22c73a993ff0b42f64b396873'), ('GIO_LAUNCHED_DESKTOP_FILE_PID', '4545'), ('NVM_DIR', '/home/jmj/.nvm'), ('IM_CONFIG_PHASE', '1'), ('COLCON_PREFIX_PATH', '/home/jmj/pro_asp_ws/ws_aruco/install:/home/jmj/pro_asp_ws/ws_px4_controls/install'), ('ROS_DISTRO', 'humble'), ('GTK_IM_MODULE', 'ibus'), ('LOGNAME', 'jmj'), ('JOURNAL_STREAM', '8:7695'), ('_', '/usr/bin/colcon'), ('ROS_VERSION', '2'), ('XDG_SESSION_CLASS', 'user'), ('USERNAME', 'jmj'), ('TERM', 'xterm-256color'), ('GNOME_DESKTOP_SESSION_ID', 'this-is-deprecated'), ('ROS_LOCALHOST_ONLY', '0'), ('WINDOWPATH', '2'), ('PATH', '/home/jmj/anaconda3/bin:/usr/bin:/opt/ros/humble/bin:/home/jmj/.nvm/versions/node/v22.14.0/bin:/usr/local/cuda/bin:/home/jmj/.cargo/bin:/usr/local/sbin:/usr/local/bin:/usr/sbin:/usr/bin:/sbin:/bin:/usr/games:/usr/local/games:/snap/bin:/snap/bin:/home/jmj/.local/bin'), ('SESSION_MANAGER', 'local/jmj:@/tmp/.ICE-unix/1927,unix/jmj:/tmp/.ICE-unix/1927'), ('INVOCATION_ID', '76055a6707e341d29d392405f8760929'), ('XDG_MENU_PREFIX', 'gnome-'), ('LC_ADDRESS', 'ko_KR.UTF-8'), ('XDG_RUNTIME_DIR', '/run/user/1000'), ('DISPLAY', ':0'), ('TERMINATOR_DBUS_PATH', '/net/tenshu/Terminator2'), ('LANG', 'en_US.UTF-8'), ('XDG_CURRENT_DESKTOP', 'ubuntu:GNOME'), ('IBUS_DISABLE_SNOOPER', '1'), ('LC_TELEPHONE', 'ko_KR.UTF-8'), ('XMODIFIERS', '@im=ibus'), ('XDG_SESSION_DESKTOP', 'ubuntu'), ('XAUTHORITY', '/run/user/1000/gdm/Xauthority'), ('LS_COLORS', 'rs=0:di=01;34:ln=01;36:mh=00:pi=40;33:so=01;35:do=01;35:bd=40;33;01:cd=40;33;01:or=40;31;01:mi=00:su=37;41:sg=30;43:ca=30;41:tw=30;42:ow=34;42:st=37;44:ex=01;32:*.tar=01;31:*.tgz=01;31:*.arc=01;31:*.arj=01;31:*.taz=01;31:*.lha=01;31:*.lz4=01;31:*.lzh=01;31:*.lzma=01;31:*.tlz=01;31:*.txz=01;31:*.tzo=01;31:*.t7z=01;31:*.zip=01;31:*.z=01;31:*.dz=01;31:*.gz=01;31:*.lrz=01;31:*.lz=01;31:*.lzo=01;31:*.xz=01;31:*.zst=01;31:*.tzst=01;31:*.bz2=01;31:*.bz=01;31:*.tbz=01;31:*.tbz2=01;31:*.tz=01;31:*.deb=01;31:*.rpm=01;31:*.jar=01;31:*.war=01;31:*.ear=01;31:*.sar=01;31:*.rar=01;31:*.alz=01;31:*.ace=01;31:*.zoo=01;31:*.cpio=01;31:*.7z=01;31:*.rz=01;31:*.cab=01;31:*.wim=01;31:*.swm=01;31:*.dwm=01;31:*.esd=01;31:*.jpg=01;35:*.jpeg=01;35:*.mjpg=01;35:*.mjpeg=01;35:*.gif=01;35:*.bmp=01;35:*.pbm=01;35:*.pgm=01;35:*.ppm=01;35:*.tga=01;35:*.xbm=01;35:*.xpm=01;35:*.tif=01;35:*.tiff=01;35:*.png=01;35:*.svg=01;35:*.svgz=01;35:*.mng=01;35:*.pcx=01;35:*.mov=01;35:*.mpg=01;35:*.mpeg=01;35:*.m2v=01;35:*.mkv=01;35:*.webm=01;35:*.webp=01;35:*.ogm=01;35:*.mp4=01;35:*.m4v=01;35:*.mp4v=01;35:*.vob=01;35:*.qt=01;35:*.nuv=01;35:*.wmv=01;35:*.asf=01;35:*.rm=01;35:*.rmvb=01;35:*.flc=01;35:*.avi=01;35:*.fli=01;35:*.flv=01;35:*.gl=01;35:*.dl=01;35:*.xcf=01;35:*.xwd=01;35:*.yuv=01;35:*.cgm=01;35:*.emf=01;35:*.ogv=01;35:*.ogx=01;35:*.aac=00;36:*.au=00;36:*.flac=00;36:*.m4a=00;36:*.mid=00;36:*.midi=00;36:*.mka=00;36:*.mp3=00;36:*.mpc=00;36:*.ogg=00;36:*.ra=00;36:*.wav=00;36:*.oga=00;36:*.opus=00;36:*.spx=00;36:*.xspf=00;36:'), ('SSH_AGENT_LAUNCHER', 'gnome-keyring'), ('SSH_AUTH_SOCK', '/run/user/1000/keyring/ssh'), ('AMENT_PREFIX_PATH', '/home/jmj/pro_asp_ws/ws_aruco/install/aruco_interfaces:/home/jmj/pro_asp_ws/ws_aruco/install/vision_opencv:/home/jmj/pro_asp_ws/ws_aruco/install/opencv_tests:/home/jmj/pro_asp_ws/ws_aruco/install/multi_tracker:/home/jmj/pro_asp_ws/ws_aruco/install/image_geometry:/home/jmj/pro_asp_ws/ws_aruco/install/cv_bridge:/home/jmj/pro_asp_ws/ws_px4_controls/install/utilities_pkg:/home/jmj/pro_asp_ws/ws_px4_controls/install/uav_controller_pkg:/home/jmj/pro_asp_ws/ws_px4_controls/install/px4_ros_com:/home/jmj/pro_asp_ws/ws_px4_controls/install/px4_msgs:/opt/ros/humble'), ('SHELL', '/bin/bash'), ('LC_NAME', 'ko_KR.UTF-8'), ('TERMINATOR_UUID', 'urn:uuid:ac10e9f5-7634-4617-a685-a5192a4cf882'), ('QT_ACCESSIBILITY', '1'), ('CXX', '/usr/lib/ccache/g++'), ('GDMSESSION', 'ubuntu'), ('LESSCLOSE', '/usr/bin/lesspipe %s %s'), ('LC_MEASUREMENT', 'ko_KR.UTF-8'), ('GPG_AGENT_INFO', '/run/user/1000/gnupg/S.gpg-agent:0:1'), ('LC_IDENTIFICATION', 'ko_KR.UTF-8'), ('QT_IM_MODULE', 'ibus'), ('PWD', '/home/jmj/pro_asp_ws/ws_px4_controls/build/uav_controller_pkg'), ('LC_ALL', 'en_US.UTF-8'), ('XDG_CONFIG_DIRS', '/etc/xdg/xdg-ubuntu:/etc/xdg'), ('NVM_CD_FLAGS', ''), ('XDG_DATA_DIRS', '/usr/share/ubuntu:/usr/share/gnome:/usr/local/share/:/usr/share/:/var/lib/snapd/desktop'), ('PYTHONPATH', '/home/jmj/pro_asp_ws/ws_aruco/install/aruco_interfaces/local/lib/python3.10/dist-packages:/home/jmj/pro_asp_ws/ws_aruco/install/multi_tracker/local/lib/python3.10/dist-packages:/home/jmj/pro_asp_ws/ws_aruco/install/opencv_tests/lib/python3.10/site-packages:/home/jmj/pro_asp_ws/ws_aruco/install/image_geometry/local/lib/python3.10/dist-packages:/home/jmj/pro_asp_ws/ws_aruco/install/cv_bridge/local/lib/python3.10/dist-packages:/home/jmj/pro_asp_ws/ws_px4_controls/install/px4_ros_com/local/lib/python3.10/dist-packages:/home/jmj/pro_asp_ws/ws_px4_controls/install/px4_msgs/local/lib/python3.10/dist-packages:/opt/ros/humble/lib/python3.10/site-packages:/opt/ros/humble/local/lib/python3.10/dist-packages'), ('LC_NUMERIC', 'ko_KR.UTF-8'), ('LC_PAPER', 'ko_KR.UTF-8'), ('CC', '/usr/lib/ccache/gcc'), ('COLCON', '1'), ('VTE_VERSION', '6800'), ('CMAKE_PREFIX_PATH', '/home/jmj/pro_asp_ws/ws_px4_controls/install/px4_msgs:/home/jmj/pro_asp_ws/ws_aruco/install/aruco_interfaces:/home/jmj/pro_asp_ws/ws_aruco/install/vision_opencv:/home/jmj/pro_asp_ws/ws_aruco/install/multi_tracker:/home/jmj/pro_asp_ws/ws_aruco/install/image_geometry:/home/jmj/pro_asp_ws/ws_aruco/install/cv_bridge:/home/jmj/pro_asp_ws/ws_px4_controls/install/utilities_pkg:/home/jmj/pro_asp_ws/ws_px4_controls/install/uav_controller_pkg:/home/jmj/pro_asp_ws/ws_px4_controls/install/px4_ros_com:/home/jmj/pro_asp_ws/ws_aruco/install/opencv_tests:/opt/ros/humble')]), 'shell': False}
[1.218032] (utilities_pkg) JobProgress: {'identifier': 'utilities_pkg', 'progress': 'cmake'}
[1.218306] (utilities_pkg) JobProgress: {'identifier': 'utilities_pkg', 'progress': 'build'}
[1.218502] (utilities_pkg) Command: {'cmd': ['/usr/bin/cmake', '--build', '/home/jmj/pro_asp_ws/ws_px4_controls/build/utilities_pkg', '--', '-j20', '-l20'], 'cwd': '/home/jmj/pro_asp_ws/ws_px4_controls/build/utilities_pkg', 'env': OrderedDict([('LESSOPEN', '| /usr/bin/lesspipe %s'), ('USER', 'jmj'), ('LC_TIME', 'ko_KR.UTF-8'), ('CCACHE_DIR', '/var/tmp/ccache'), ('XDG_SESSION_TYPE', 'x11'), ('SHLVL', '1'), ('LD_LIBRARY_PATH', '/home/jmj/pro_asp_ws/ws_px4_controls/install/px4_msgs/lib:/home/jmj/pro_asp_ws/ws_aruco/install/aruco_interfaces/lib:/home/jmj/pro_asp_ws/ws_aruco/install/multi_tracker/lib:/home/jmj/pro_asp_ws/ws_aruco/install/image_geometry/lib:/home/jmj/pro_asp_ws/ws_aruco/install/cv_bridge/lib:/home/jmj/pro_asp_ws/ws_px4_controls/install/px4_ros_com/lib:/opt/ros/humble/opt/rviz_ogre_vendor/lib:/opt/ros/humble/lib/x86_64-linux-gnu:/opt/ros/humble/lib:/usr/local/cuda/lib64'), ('HOME', '/home/jmj'), ('OLDPWD', '/home/jmj/pro_asp_ws'), ('DESKTOP_SESSION', 'ubuntu'), ('NVM_BIN', '/home/jmj/.nvm/versions/node/v22.14.0/bin'), ('NVM_INC', '/home/jmj/.nvm/versions/node/v22.14.0/include/node'), ('ROS_PYTHON_VERSION', '3'), ('GNOME_SHELL_SESSION_MODE', 'ubuntu'), ('GTK_MODULES', 'gail:atk-bridge'), ('LC_MONETARY', 'ko_KR.UTF-8'), ('MANAGERPID', '1020'), ('SYSTEMD_EXEC_PID', '2153'), ('DBUS_SESSION_BUS_ADDRESS', 'unix:path=/run/user/1000/bus'), ('COLORTERM', 'truecolor'), ('TERMINATOR_DBUS_NAME', 'net.tenshu.Terminator21a9d5db22c73a993ff0b42f64b396873'), ('GIO_LAUNCHED_DESKTOP_FILE_PID', '4545'), ('NVM_DIR', '/home/jmj/.nvm'), ('IM_CONFIG_PHASE', '1'), ('COLCON_PREFIX_PATH', '/home/jmj/pro_asp_ws/ws_aruco/install:/home/jmj/pro_asp_ws/ws_px4_controls/install'), ('ROS_DISTRO', 'humble'), ('GTK_IM_MODULE', 'ibus'), ('LOGNAME', 'jmj'), ('JOURNAL_STREAM', '8:7695'), ('_', '/usr/bin/colcon'), ('ROS_VERSION', '2'), ('XDG_SESSION_CLASS', 'user'), ('USERNAME', 'jmj'), ('TERM', 'xterm-256color'), ('GNOME_DESKTOP_SESSION_ID', 'this-is-deprecated'), ('ROS_LOCALHOST_ONLY', '0'), ('WINDOWPATH', '2'), ('PATH', '/home/jmj/anaconda3/bin:/usr/bin:/opt/ros/humble/bin:/home/jmj/.nvm/versions/node/v22.14.0/bin:/usr/local/cuda/bin:/home/jmj/.cargo/bin:/usr/local/sbin:/usr/local/bin:/usr/sbin:/usr/bin:/sbin:/bin:/usr/games:/usr/local/games:/snap/bin:/snap/bin:/home/jmj/.local/bin'), ('SESSION_MANAGER', 'local/jmj:@/tmp/.ICE-unix/1927,unix/jmj:/tmp/.ICE-unix/1927'), ('INVOCATION_ID', '76055a6707e341d29d392405f8760929'), ('XDG_MENU_PREFIX', 'gnome-'), ('LC_ADDRESS', 'ko_KR.UTF-8'), ('XDG_RUNTIME_DIR', '/run/user/1000'), ('DISPLAY', ':0'), ('TERMINATOR_DBUS_PATH', '/net/tenshu/Terminator2'), ('LANG', 'en_US.UTF-8'), ('XDG_CURRENT_DESKTOP', 'ubuntu:GNOME'), ('IBUS_DISABLE_SNOOPER', '1'), ('LC_TELEPHONE', 'ko_KR.UTF-8'), ('XMODIFIERS', '@im=ibus'), ('XDG_SESSION_DESKTOP', 'ubuntu'), ('XAUTHORITY', '/run/user/1000/gdm/Xauthority'), ('LS_COLORS', 'rs=0:di=01;34:ln=01;36:mh=00:pi=40;33:so=01;35:do=01;35:bd=40;33;01:cd=40;33;01:or=40;31;01:mi=00:su=37;41:sg=30;43:ca=30;41:tw=30;42:ow=34;42:st=37;44:ex=01;32:*.tar=01;31:*.tgz=01;31:*.arc=01;31:*.arj=01;31:*.taz=01;31:*.lha=01;31:*.lz4=01;31:*.lzh=01;31:*.lzma=01;31:*.tlz=01;31:*.txz=01;31:*.tzo=01;31:*.t7z=01;31:*.zip=01;31:*.z=01;31:*.dz=01;31:*.gz=01;31:*.lrz=01;31:*.lz=01;31:*.lzo=01;31:*.xz=01;31:*.zst=01;31:*.tzst=01;31:*.bz2=01;31:*.bz=01;31:*.tbz=01;31:*.tbz2=01;31:*.tz=01;31:*.deb=01;31:*.rpm=01;31:*.jar=01;31:*.war=01;31:*.ear=01;31:*.sar=01;31:*.rar=01;31:*.alz=01;31:*.ace=01;31:*.zoo=01;31:*.cpio=01;31:*.7z=01;31:*.rz=01;31:*.cab=01;31:*.wim=01;31:*.swm=01;31:*.dwm=01;31:*.esd=01;31:*.jpg=01;35:*.jpeg=01;35:*.mjpg=01;35:*.mjpeg=01;35:*.gif=01;35:*.bmp=01;35:*.pbm=01;35:*.pgm=01;35:*.ppm=01;35:*.tga=01;35:*.xbm=01;35:*.xpm=01;35:*.tif=01;35:*.tiff=01;35:*.png=01;35:*.svg=01;35:*.svgz=01;35:*.mng=01;35:*.pcx=01;35:*.mov=01;35:*.mpg=01;35:*.mpeg=01;35:*.m2v=01;35:*.mkv=01;35:*.webm=01;35:*.webp=01;35:*.ogm=01;35:*.mp4=01;35:*.m4v=01;35:*.mp4v=01;35:*.vob=01;35:*.qt=01;35:*.nuv=01;35:*.wmv=01;35:*.asf=01;35:*.rm=01;35:*.rmvb=01;35:*.flc=01;35:*.avi=01;35:*.fli=01;35:*.flv=01;35:*.gl=01;35:*.dl=01;35:*.xcf=01;35:*.xwd=01;35:*.yuv=01;35:*.cgm=01;35:*.emf=01;35:*.ogv=01;35:*.ogx=01;35:*.aac=00;36:*.au=00;36:*.flac=00;36:*.m4a=00;36:*.mid=00;36:*.midi=00;36:*.mka=00;36:*.mp3=00;36:*.mpc=00;36:*.ogg=00;36:*.ra=00;36:*.wav=00;36:*.oga=00;36:*.opus=00;36:*.spx=00;36:*.xspf=00;36:'), ('SSH_AGENT_LAUNCHER', 'gnome-keyring'), ('SSH_AUTH_SOCK', '/run/user/1000/keyring/ssh'), ('AMENT_PREFIX_PATH', '/home/jmj/pro_asp_ws/ws_aruco/install/aruco_interfaces:/home/jmj/pro_asp_ws/ws_aruco/install/vision_opencv:/home/jmj/pro_asp_ws/ws_aruco/install/opencv_tests:/home/jmj/pro_asp_ws/ws_aruco/install/multi_tracker:/home/jmj/pro_asp_ws/ws_aruco/install/image_geometry:/home/jmj/pro_asp_ws/ws_aruco/install/cv_bridge:/home/jmj/pro_asp_ws/ws_px4_controls/install/utilities_pkg:/home/jmj/pro_asp_ws/ws_px4_controls/install/uav_controller_pkg:/home/jmj/pro_asp_ws/ws_px4_controls/install/px4_ros_com:/home/jmj/pro_asp_ws/ws_px4_controls/install/px4_msgs:/opt/ros/humble'), ('SHELL', '/bin/bash'), ('LC_NAME', 'ko_KR.UTF-8'), ('TERMINATOR_UUID', 'urn:uuid:ac10e9f5-7634-4617-a685-a5192a4cf882'), ('QT_ACCESSIBILITY', '1'), ('CXX', '/usr/lib/ccache/g++'), ('GDMSESSION', 'ubuntu'), ('LESSCLOSE', '/usr/bin/lesspipe %s %s'), ('LC_MEASUREMENT', 'ko_KR.UTF-8'), ('GPG_AGENT_INFO', '/run/user/1000/gnupg/S.gpg-agent:0:1'), ('LC_IDENTIFICATION', 'ko_KR.UTF-8'), ('QT_IM_MODULE', 'ibus'), ('PWD', '/home/jmj/pro_asp_ws/ws_px4_controls/build/utilities_pkg'), ('LC_ALL', 'en_US.UTF-8'), ('XDG_CONFIG_DIRS', '/etc/xdg/xdg-ubuntu:/etc/xdg'), ('NVM_CD_FLAGS', ''), ('XDG_DATA_DIRS', '/usr/share/ubuntu:/usr/share/gnome:/usr/local/share/:/usr/share/:/var/lib/snapd/desktop'), ('PYTHONPATH', '/home/jmj/pro_asp_ws/ws_aruco/install/aruco_interfaces/local/lib/python3.10/dist-packages:/home/jmj/pro_asp_ws/ws_aruco/install/multi_tracker/local/lib/python3.10/dist-packages:/home/jmj/pro_asp_ws/ws_aruco/install/opencv_tests/lib/python3.10/site-packages:/home/jmj/pro_asp_ws/ws_aruco/install/image_geometry/local/lib/python3.10/dist-packages:/home/jmj/pro_asp_ws/ws_aruco/install/cv_bridge/local/lib/python3.10/dist-packages:/home/jmj/pro_asp_ws/ws_px4_controls/install/px4_ros_com/local/lib/python3.10/dist-packages:/home/jmj/pro_asp_ws/ws_px4_controls/install/px4_msgs/local/lib/python3.10/dist-packages:/opt/ros/humble/lib/python3.10/site-packages:/opt/ros/humble/local/lib/python3.10/dist-packages'), ('LC_NUMERIC', 'ko_KR.UTF-8'), ('LC_PAPER', 'ko_KR.UTF-8'), ('CC', '/usr/lib/ccache/gcc'), ('COLCON', '1'), ('VTE_VERSION', '6800'), ('CMAKE_PREFIX_PATH', '/home/jmj/pro_asp_ws/ws_px4_controls/install/px4_msgs:/home/jmj/pro_asp_ws/ws_aruco/install/aruco_interfaces:/home/jmj/pro_asp_ws/ws_aruco/install/vision_opencv:/home/jmj/pro_asp_ws/ws_aruco/install/multi_tracker:/home/jmj/pro_asp_ws/ws_aruco/install/image_geometry:/home/jmj/pro_asp_ws/ws_aruco/install/cv_bridge:/home/jmj/pro_asp_ws/ws_px4_controls/install/utilities_pkg:/home/jmj/pro_asp_ws/ws_px4_controls/install/uav_controller_pkg:/home/jmj/pro_asp_ws/ws_px4_controls/install/px4_ros_com:/home/jmj/pro_asp_ws/ws_aruco/install/opencv_tests:/opt/ros/humble')]), 'shell': False}
[1.247238] (px4_ros_com) StdoutLine: {'line': b'\x1b[35m\x1b[1mConsolidate compiler generated dependencies of target sensor_combined_listener\x1b[0m\n'}
[1.247475] (uav_controller_pkg) StdoutLine: {'line': b'\x1b[35m\x1b[1mConsolidate compiler generated dependencies of target offboard_control_node\x1b[0m\n'}
[1.247551] (px4_ros_com) StdoutLine: {'line': b'\x1b[35m\x1b[1mConsolidate compiler generated dependencies of target vehicle_gps_position_listener\x1b[0m\n'}
[1.247600] (px4_ros_com) StdoutLine: {'line': b'\x1b[35m\x1b[1mConsolidate compiler generated dependencies of target offboard_control_key\x1b[0m\n'}
[1.247820] (px4_ros_com) StdoutLine: {'line': b'\x1b[35m\x1b[1mConsolidate compiler generated dependencies of target debug_vect_advertiser\x1b[0m\n'}
[1.247879] (px4_ros_com) StdoutLine: {'line': b'\x1b[35m\x1b[1mConsolidate compiler generated dependencies of target offboard_control\x1b[0m\n'}
[1.247920] (px4_ros_com) StdoutLine: {'line': b'\x1b[35m\x1b[1mConsolidate compiler generated dependencies of target frame_transforms\x1b[0m\n'}
[1.248007] (utilities_pkg) StdoutLine: {'line': b'\x1b[35m\x1b[1mConsolidate compiler generated dependencies of target keyboard_control_node\x1b[0m\n'}
[1.248536] (uav_controller_pkg) StdoutLine: {'line': b'\x1b[35m\x1b[1mConsolidate compiler generated dependencies of target pose_to_tf_broadcaster\x1b[0m\n'}
[1.248720] (px4_ros_com) StdoutLine: {'line': b'\x1b[35m\x1b[1mConsolidate compiler generated dependencies of target offboard_control_srv\x1b[0m\n'}
[1.248815] (px4_ros_com) StdoutLine: {'line': b'\x1b[35m\x1b[1mConsolidate compiler generated dependencies of target cli_pose_command\x1b[0m\n'}
[1.257510] (uav_controller_pkg) StdoutLine: {'line': b'[ 16%] \x1b[32mBuilding CXX object CMakeFiles/uav_controller.dir/src/uav_controller.cpp.o\x1b[0m\n'}
[1.263327] (px4_ros_com) StdoutLine: {'line': b'[ 31%] Built target frame_transforms\n'}
[1.263838] (px4_ros_com) StdoutLine: {'line': b'[ 31%] Built target sensor_combined_listener\n'}
[1.263978] (px4_ros_com) StdoutLine: {'line': b'[ 37%] Built target debug_vect_advertiser\n'}
[1.264026] (px4_ros_com) StdoutLine: {'line': b'[ 50%] Built target vehicle_gps_position_listener\n'}
[1.264068] (uav_controller_pkg) StdoutLine: {'line': b'[ 50%] Built target offboard_control_node\n'}
[1.264121] (px4_ros_com) StdoutLine: {'line': b'[ 62%] Built target offboard_control_key\n'}
[1.264159] (px4_ros_com) StdoutLine: {'line': b'[ 62%] Built target ament_cmake_python_copy_px4_ros_com\n'}
[1.264331] (px4_ros_com) StdoutLine: {'line': b'[ 75%] Built target cli_pose_command\n'}
[1.264732] (px4_ros_com) StdoutLine: {'line': b'[ 87%] Built target offboard_control_srv\n'}
[1.265060] (uav_controller_pkg) StdoutLine: {'line': b'[ 83%] Built target pose_to_tf_broadcaster\n'}
[1.266288] (utilities_pkg) StdoutLine: {'line': b'[100%] Built target keyboard_control_node\n'}
[1.268167] (px4_ros_com) StdoutLine: {'line': b'[100%] Built target offboard_control\n'}
[1.276373] (utilities_pkg) CommandEnded: {'returncode': 0}
[1.277250] (utilities_pkg) JobProgress: {'identifier': 'utilities_pkg', 'progress': 'install'}
[1.277502] (utilities_pkg) Command: {'cmd': ['/usr/bin/cmake', '--install', '/home/jmj/pro_asp_ws/ws_px4_controls/build/utilities_pkg'], 'cwd': '/home/jmj/pro_asp_ws/ws_px4_controls/build/utilities_pkg', 'env': OrderedDict([('LESSOPEN', '| /usr/bin/lesspipe %s'), ('USER', 'jmj'), ('LC_TIME', 'ko_KR.UTF-8'), ('CCACHE_DIR', '/var/tmp/ccache'), ('XDG_SESSION_TYPE', 'x11'), ('SHLVL', '1'), ('LD_LIBRARY_PATH', '/home/jmj/pro_asp_ws/ws_px4_controls/install/px4_msgs/lib:/home/jmj/pro_asp_ws/ws_aruco/install/aruco_interfaces/lib:/home/jmj/pro_asp_ws/ws_aruco/install/multi_tracker/lib:/home/jmj/pro_asp_ws/ws_aruco/install/image_geometry/lib:/home/jmj/pro_asp_ws/ws_aruco/install/cv_bridge/lib:/home/jmj/pro_asp_ws/ws_px4_controls/install/px4_ros_com/lib:/opt/ros/humble/opt/rviz_ogre_vendor/lib:/opt/ros/humble/lib/x86_64-linux-gnu:/opt/ros/humble/lib:/usr/local/cuda/lib64'), ('HOME', '/home/jmj'), ('OLDPWD', '/home/jmj/pro_asp_ws'), ('DESKTOP_SESSION', 'ubuntu'), ('NVM_BIN', '/home/jmj/.nvm/versions/node/v22.14.0/bin'), ('NVM_INC', '/home/jmj/.nvm/versions/node/v22.14.0/include/node'), ('ROS_PYTHON_VERSION', '3'), ('GNOME_SHELL_SESSION_MODE', 'ubuntu'), ('GTK_MODULES', 'gail:atk-bridge'), ('LC_MONETARY', 'ko_KR.UTF-8'), ('MANAGERPID', '1020'), ('SYSTEMD_EXEC_PID', '2153'), ('DBUS_SESSION_BUS_ADDRESS', 'unix:path=/run/user/1000/bus'), ('COLORTERM', 'truecolor'), ('TERMINATOR_DBUS_NAME', 'net.tenshu.Terminator21a9d5db22c73a993ff0b42f64b396873'), ('GIO_LAUNCHED_DESKTOP_FILE_PID', '4545'), ('NVM_DIR', '/home/jmj/.nvm'), ('IM_CONFIG_PHASE', '1'), ('COLCON_PREFIX_PATH', '/home/jmj/pro_asp_ws/ws_aruco/install:/home/jmj/pro_asp_ws/ws_px4_controls/install'), ('ROS_DISTRO', 'humble'), ('GTK_IM_MODULE', 'ibus'), ('LOGNAME', 'jmj'), ('JOURNAL_STREAM', '8:7695'), ('_', '/usr/bin/colcon'), ('ROS_VERSION', '2'), ('XDG_SESSION_CLASS', 'user'), ('USERNAME', 'jmj'), ('TERM', 'xterm-256color'), ('GNOME_DESKTOP_SESSION_ID', 'this-is-deprecated'), ('ROS_LOCALHOST_ONLY', '0'), ('WINDOWPATH', '2'), ('PATH', '/home/jmj/anaconda3/bin:/usr/bin:/opt/ros/humble/bin:/home/jmj/.nvm/versions/node/v22.14.0/bin:/usr/local/cuda/bin:/home/jmj/.cargo/bin:/usr/local/sbin:/usr/local/bin:/usr/sbin:/usr/bin:/sbin:/bin:/usr/games:/usr/local/games:/snap/bin:/snap/bin:/home/jmj/.local/bin'), ('SESSION_MANAGER', 'local/jmj:@/tmp/.ICE-unix/1927,unix/jmj:/tmp/.ICE-unix/1927'), ('INVOCATION_ID', '76055a6707e341d29d392405f8760929'), ('XDG_MENU_PREFIX', 'gnome-'), ('LC_ADDRESS', 'ko_KR.UTF-8'), ('XDG_RUNTIME_DIR', '/run/user/1000'), ('DISPLAY', ':0'), ('TERMINATOR_DBUS_PATH', '/net/tenshu/Terminator2'), ('LANG', 'en_US.UTF-8'), ('XDG_CURRENT_DESKTOP', 'ubuntu:GNOME'), ('IBUS_DISABLE_SNOOPER', '1'), ('LC_TELEPHONE', 'ko_KR.UTF-8'), ('XMODIFIERS', '@im=ibus'), ('XDG_SESSION_DESKTOP', 'ubuntu'), ('XAUTHORITY', '/run/user/1000/gdm/Xauthority'), ('LS_COLORS', 'rs=0:di=01;34:ln=01;36:mh=00:pi=40;33:so=01;35:do=01;35:bd=40;33;01:cd=40;33;01:or=40;31;01:mi=00:su=37;41:sg=30;43:ca=30;41:tw=30;42:ow=34;42:st=37;44:ex=01;32:*.tar=01;31:*.tgz=01;31:*.arc=01;31:*.arj=01;31:*.taz=01;31:*.lha=01;31:*.lz4=01;31:*.lzh=01;31:*.lzma=01;31:*.tlz=01;31:*.txz=01;31:*.tzo=01;31:*.t7z=01;31:*.zip=01;31:*.z=01;31:*.dz=01;31:*.gz=01;31:*.lrz=01;31:*.lz=01;31:*.lzo=01;31:*.xz=01;31:*.zst=01;31:*.tzst=01;31:*.bz2=01;31:*.bz=01;31:*.tbz=01;31:*.tbz2=01;31:*.tz=01;31:*.deb=01;31:*.rpm=01;31:*.jar=01;31:*.war=01;31:*.ear=01;31:*.sar=01;31:*.rar=01;31:*.alz=01;31:*.ace=01;31:*.zoo=01;31:*.cpio=01;31:*.7z=01;31:*.rz=01;31:*.cab=01;31:*.wim=01;31:*.swm=01;31:*.dwm=01;31:*.esd=01;31:*.jpg=01;35:*.jpeg=01;35:*.mjpg=01;35:*.mjpeg=01;35:*.gif=01;35:*.bmp=01;35:*.pbm=01;35:*.pgm=01;35:*.ppm=01;35:*.tga=01;35:*.xbm=01;35:*.xpm=01;35:*.tif=01;35:*.tiff=01;35:*.png=01;35:*.svg=01;35:*.svgz=01;35:*.mng=01;35:*.pcx=01;35:*.mov=01;35:*.mpg=01;35:*.mpeg=01;35:*.m2v=01;35:*.mkv=01;35:*.webm=01;35:*.webp=01;35:*.ogm=01;35:*.mp4=01;35:*.m4v=01;35:*.mp4v=01;35:*.vob=01;35:*.qt=01;35:*.nuv=01;35:*.wmv=01;35:*.asf=01;35:*.rm=01;35:*.rmvb=01;35:*.flc=01;35:*.avi=01;35:*.fli=01;35:*.flv=01;35:*.gl=01;35:*.dl=01;35:*.xcf=01;35:*.xwd=01;35:*.yuv=01;35:*.cgm=01;35:*.emf=01;35:*.ogv=01;35:*.ogx=01;35:*.aac=00;36:*.au=00;36:*.flac=00;36:*.m4a=00;36:*.mid=00;36:*.midi=00;36:*.mka=00;36:*.mp3=00;36:*.mpc=00;36:*.ogg=00;36:*.ra=00;36:*.wav=00;36:*.oga=00;36:*.opus=00;36:*.spx=00;36:*.xspf=00;36:'), ('SSH_AGENT_LAUNCHER', 'gnome-keyring'), ('SSH_AUTH_SOCK', '/run/user/1000/keyring/ssh'), ('AMENT_PREFIX_PATH', '/home/jmj/pro_asp_ws/ws_aruco/install/aruco_interfaces:/home/jmj/pro_asp_ws/ws_aruco/install/vision_opencv:/home/jmj/pro_asp_ws/ws_aruco/install/opencv_tests:/home/jmj/pro_asp_ws/ws_aruco/install/multi_tracker:/home/jmj/pro_asp_ws/ws_aruco/install/image_geometry:/home/jmj/pro_asp_ws/ws_aruco/install/cv_bridge:/home/jmj/pro_asp_ws/ws_px4_controls/install/utilities_pkg:/home/jmj/pro_asp_ws/ws_px4_controls/install/uav_controller_pkg:/home/jmj/pro_asp_ws/ws_px4_controls/install/px4_ros_com:/home/jmj/pro_asp_ws/ws_px4_controls/install/px4_msgs:/opt/ros/humble'), ('SHELL', '/bin/bash'), ('LC_NAME', 'ko_KR.UTF-8'), ('TERMINATOR_UUID', 'urn:uuid:ac10e9f5-7634-4617-a685-a5192a4cf882'), ('QT_ACCESSIBILITY', '1'), ('CXX', '/usr/lib/ccache/g++'), ('GDMSESSION', 'ubuntu'), ('LESSCLOSE', '/usr/bin/lesspipe %s %s'), ('LC_MEASUREMENT', 'ko_KR.UTF-8'), ('GPG_AGENT_INFO', '/run/user/1000/gnupg/S.gpg-agent:0:1'), ('LC_IDENTIFICATION', 'ko_KR.UTF-8'), ('QT_IM_MODULE', 'ibus'), ('PWD', '/home/jmj/pro_asp_ws/ws_px4_controls/build/utilities_pkg'), ('LC_ALL', 'en_US.UTF-8'), ('XDG_CONFIG_DIRS', '/etc/xdg/xdg-ubuntu:/etc/xdg'), ('NVM_CD_FLAGS', ''), ('XDG_DATA_DIRS', '/usr/share/ubuntu:/usr/share/gnome:/usr/local/share/:/usr/share/:/var/lib/snapd/desktop'), ('PYTHONPATH', '/home/jmj/pro_asp_ws/ws_aruco/install/aruco_interfaces/local/lib/python3.10/dist-packages:/home/jmj/pro_asp_ws/ws_aruco/install/multi_tracker/local/lib/python3.10/dist-packages:/home/jmj/pro_asp_ws/ws_aruco/install/opencv_tests/lib/python3.10/site-packages:/home/jmj/pro_asp_ws/ws_aruco/install/image_geometry/local/lib/python3.10/dist-packages:/home/jmj/pro_asp_ws/ws_aruco/install/cv_bridge/local/lib/python3.10/dist-packages:/home/jmj/pro_asp_ws/ws_px4_controls/install/px4_ros_com/local/lib/python3.10/dist-packages:/home/jmj/pro_asp_ws/ws_px4_controls/install/px4_msgs/local/lib/python3.10/dist-packages:/opt/ros/humble/lib/python3.10/site-packages:/opt/ros/humble/local/lib/python3.10/dist-packages'), ('LC_NUMERIC', 'ko_KR.UTF-8'), ('LC_PAPER', 'ko_KR.UTF-8'), ('CC', '/usr/lib/ccache/gcc'), ('COLCON', '1'), ('VTE_VERSION', '6800'), ('CMAKE_PREFIX_PATH', '/home/jmj/pro_asp_ws/ws_px4_controls/install/px4_msgs:/home/jmj/pro_asp_ws/ws_aruco/install/aruco_interfaces:/home/jmj/pro_asp_ws/ws_aruco/install/vision_opencv:/home/jmj/pro_asp_ws/ws_aruco/install/multi_tracker:/home/jmj/pro_asp_ws/ws_aruco/install/image_geometry:/home/jmj/pro_asp_ws/ws_aruco/install/cv_bridge:/home/jmj/pro_asp_ws/ws_px4_controls/install/utilities_pkg:/home/jmj/pro_asp_ws/ws_px4_controls/install/uav_controller_pkg:/home/jmj/pro_asp_ws/ws_px4_controls/install/px4_ros_com:/home/jmj/pro_asp_ws/ws_aruco/install/opencv_tests:/opt/ros/humble')]), 'shell': False}
[1.283911] (utilities_pkg) StdoutLine: {'line': b'-- Install configuration: ""\n'}
[1.284067] (utilities_pkg) StdoutLine: {'line': b'-- Up-to-date: /home/jmj/pro_asp_ws/ws_px4_controls/install/utilities_pkg/lib/utilities_pkg/keyboard_control_node\n'}
[1.284154] (utilities_pkg) StdoutLine: {'line': b'-- Up-to-date: /home/jmj/pro_asp_ws/ws_px4_controls/install/utilities_pkg/share/ament_index/resource_index/package_run_dependencies/utilities_pkg\n'}
[1.284221] (utilities_pkg) StdoutLine: {'line': b'-- Up-to-date: /home/jmj/pro_asp_ws/ws_px4_controls/install/utilities_pkg/share/ament_index/resource_index/parent_prefix_path/utilities_pkg\n'}
[1.284275] (utilities_pkg) StdoutLine: {'line': b'-- Up-to-date: /home/jmj/pro_asp_ws/ws_px4_controls/install/utilities_pkg/share/utilities_pkg/environment/ament_prefix_path.sh\n'}
[1.284322] (utilities_pkg) StdoutLine: {'line': b'-- Up-to-date: /home/jmj/pro_asp_ws/ws_px4_controls/install/utilities_pkg/share/utilities_pkg/environment/ament_prefix_path.dsv\n'}
[1.284363] (utilities_pkg) StdoutLine: {'line': b'-- Up-to-date: /home/jmj/pro_asp_ws/ws_px4_controls/install/utilities_pkg/share/utilities_pkg/environment/path.sh\n'}
[1.284403] (utilities_pkg) StdoutLine: {'line': b'-- Up-to-date: /home/jmj/pro_asp_ws/ws_px4_controls/install/utilities_pkg/share/utilities_pkg/environment/path.dsv\n'}
[1.284442] (utilities_pkg) StdoutLine: {'line': b'-- Up-to-date: /home/jmj/pro_asp_ws/ws_px4_controls/install/utilities_pkg/share/utilities_pkg/local_setup.bash\n'}
[1.284480] (utilities_pkg) StdoutLine: {'line': b'-- Up-to-date: /home/jmj/pro_asp_ws/ws_px4_controls/install/utilities_pkg/share/utilities_pkg/local_setup.sh\n'}
[1.284517] (utilities_pkg) StdoutLine: {'line': b'-- Up-to-date: /home/jmj/pro_asp_ws/ws_px4_controls/install/utilities_pkg/share/utilities_pkg/local_setup.zsh\n'}
[1.284557] (utilities_pkg) StdoutLine: {'line': b'-- Up-to-date: /home/jmj/pro_asp_ws/ws_px4_controls/install/utilities_pkg/share/utilities_pkg/local_setup.dsv\n'}
[1.284595] (utilities_pkg) StdoutLine: {'line': b'-- Up-to-date: /home/jmj/pro_asp_ws/ws_px4_controls/install/utilities_pkg/share/utilities_pkg/package.dsv\n'}
[1.284662] (utilities_pkg) StdoutLine: {'line': b'-- Up-to-date: /home/jmj/pro_asp_ws/ws_px4_controls/install/utilities_pkg/share/ament_index/resource_index/packages/utilities_pkg\n'}
[1.284704] (utilities_pkg) StdoutLine: {'line': b'-- Up-to-date: /home/jmj/pro_asp_ws/ws_px4_controls/install/utilities_pkg/share/utilities_pkg/cmake/utilities_pkgConfig.cmake\n'}
[1.284742] (utilities_pkg) StdoutLine: {'line': b'-- Up-to-date: /home/jmj/pro_asp_ws/ws_px4_controls/install/utilities_pkg/share/utilities_pkg/cmake/utilities_pkgConfig-version.cmake\n'}
[1.284778] (utilities_pkg) StdoutLine: {'line': b'-- Up-to-date: /home/jmj/pro_asp_ws/ws_px4_controls/install/utilities_pkg/share/utilities_pkg/package.xml\n'}
[1.285646] (utilities_pkg) CommandEnded: {'returncode': 0}
[1.293352] (utilities_pkg) JobEnded: {'identifier': 'utilities_pkg', 'rc': 0}
[1.301763] (-) TimerEvent: {}
[1.402144] (-) TimerEvent: {}
[1.445865] (px4_ros_com) StdoutLine: {'line': b'running egg_info\n'}
[1.446463] (px4_ros_com) StdoutLine: {'line': b'writing px4_ros_com.egg-info/PKG-INFO\n'}
[1.446607] (px4_ros_com) StdoutLine: {'line': b'writing dependency_links to px4_ros_com.egg-info/dependency_links.txt\n'}
[1.446698] (px4_ros_com) StdoutLine: {'line': b'writing top-level names to px4_ros_com.egg-info/top_level.txt\n'}
[1.448747] (px4_ros_com) StdoutLine: {'line': b"reading manifest file 'px4_ros_com.egg-info/SOURCES.txt'\n"}
[1.449141] (px4_ros_com) StdoutLine: {'line': b"writing manifest file 'px4_ros_com.egg-info/SOURCES.txt'\n"}
[1.472044] (px4_ros_com) StdoutLine: {'line': b'[100%] Built target ament_cmake_python_build_px4_ros_com_egg\n'}
[1.480627] (px4_ros_com) CommandEnded: {'returncode': 0}
[1.481234] (px4_ros_com) JobProgress: {'identifier': 'px4_ros_com', 'progress': 'install'}
[1.481361] (px4_ros_com) Command: {'cmd': ['/usr/bin/cmake', '--install', '/home/jmj/pro_asp_ws/ws_px4_controls/build/px4_ros_com'], 'cwd': '/home/jmj/pro_asp_ws/ws_px4_controls/build/px4_ros_com', 'env': OrderedDict([('LESSOPEN', '| /usr/bin/lesspipe %s'), ('USER', 'jmj'), ('LC_TIME', 'ko_KR.UTF-8'), ('CCACHE_DIR', '/var/tmp/ccache'), ('XDG_SESSION_TYPE', 'x11'), ('SHLVL', '1'), ('LD_LIBRARY_PATH', '/home/jmj/pro_asp_ws/ws_px4_controls/install/px4_msgs/lib:/home/jmj/pro_asp_ws/ws_aruco/install/aruco_interfaces/lib:/home/jmj/pro_asp_ws/ws_aruco/install/multi_tracker/lib:/home/jmj/pro_asp_ws/ws_aruco/install/image_geometry/lib:/home/jmj/pro_asp_ws/ws_aruco/install/cv_bridge/lib:/home/jmj/pro_asp_ws/ws_px4_controls/install/px4_ros_com/lib:/opt/ros/humble/opt/rviz_ogre_vendor/lib:/opt/ros/humble/lib/x86_64-linux-gnu:/opt/ros/humble/lib:/usr/local/cuda/lib64'), ('HOME', '/home/jmj'), ('OLDPWD', '/home/jmj/pro_asp_ws'), ('DESKTOP_SESSION', 'ubuntu'), ('NVM_BIN', '/home/jmj/.nvm/versions/node/v22.14.0/bin'), ('NVM_INC', '/home/jmj/.nvm/versions/node/v22.14.0/include/node'), ('ROS_PYTHON_VERSION', '3'), ('GNOME_SHELL_SESSION_MODE', 'ubuntu'), ('GTK_MODULES', 'gail:atk-bridge'), ('LC_MONETARY', 'ko_KR.UTF-8'), ('MANAGERPID', '1020'), ('SYSTEMD_EXEC_PID', '2153'), ('DBUS_SESSION_BUS_ADDRESS', 'unix:path=/run/user/1000/bus'), ('COLORTERM', 'truecolor'), ('TERMINATOR_DBUS_NAME', 'net.tenshu.Terminator21a9d5db22c73a993ff0b42f64b396873'), ('GIO_LAUNCHED_DESKTOP_FILE_PID', '4545'), ('NVM_DIR', '/home/jmj/.nvm'), ('IM_CONFIG_PHASE', '1'), ('COLCON_PREFIX_PATH', '/home/jmj/pro_asp_ws/ws_aruco/install:/home/jmj/pro_asp_ws/ws_px4_controls/install'), ('ROS_DISTRO', 'humble'), ('GTK_IM_MODULE', 'ibus'), ('LOGNAME', 'jmj'), ('JOURNAL_STREAM', '8:7695'), ('_', '/usr/bin/colcon'), ('ROS_VERSION', '2'), ('XDG_SESSION_CLASS', 'user'), ('USERNAME', 'jmj'), ('TERM', 'xterm-256color'), ('GNOME_DESKTOP_SESSION_ID', 'this-is-deprecated'), ('ROS_LOCALHOST_ONLY', '0'), ('WINDOWPATH', '2'), ('PATH', '/home/jmj/anaconda3/bin:/usr/bin:/opt/ros/humble/bin:/home/jmj/.nvm/versions/node/v22.14.0/bin:/usr/local/cuda/bin:/home/jmj/.cargo/bin:/usr/local/sbin:/usr/local/bin:/usr/sbin:/usr/bin:/sbin:/bin:/usr/games:/usr/local/games:/snap/bin:/snap/bin:/home/jmj/.local/bin'), ('SESSION_MANAGER', 'local/jmj:@/tmp/.ICE-unix/1927,unix/jmj:/tmp/.ICE-unix/1927'), ('INVOCATION_ID', '76055a6707e341d29d392405f8760929'), ('XDG_MENU_PREFIX', 'gnome-'), ('LC_ADDRESS', 'ko_KR.UTF-8'), ('XDG_RUNTIME_DIR', '/run/user/1000'), ('DISPLAY', ':0'), ('TERMINATOR_DBUS_PATH', '/net/tenshu/Terminator2'), ('LANG', 'en_US.UTF-8'), ('XDG_CURRENT_DESKTOP', 'ubuntu:GNOME'), ('IBUS_DISABLE_SNOOPER', '1'), ('LC_TELEPHONE', 'ko_KR.UTF-8'), ('XMODIFIERS', '@im=ibus'), ('XDG_SESSION_DESKTOP', 'ubuntu'), ('XAUTHORITY', '/run/user/1000/gdm/Xauthority'), ('LS_COLORS', 'rs=0:di=01;34:ln=01;36:mh=00:pi=40;33:so=01;35:do=01;35:bd=40;33;01:cd=40;33;01:or=40;31;01:mi=00:su=37;41:sg=30;43:ca=30;41:tw=30;42:ow=34;42:st=37;44:ex=01;32:*.tar=01;31:*.tgz=01;31:*.arc=01;31:*.arj=01;31:*.taz=01;31:*.lha=01;31:*.lz4=01;31:*.lzh=01;31:*.lzma=01;31:*.tlz=01;31:*.txz=01;31:*.tzo=01;31:*.t7z=01;31:*.zip=01;31:*.z=01;31:*.dz=01;31:*.gz=01;31:*.lrz=01;31:*.lz=01;31:*.lzo=01;31:*.xz=01;31:*.zst=01;31:*.tzst=01;31:*.bz2=01;31:*.bz=01;31:*.tbz=01;31:*.tbz2=01;31:*.tz=01;31:*.deb=01;31:*.rpm=01;31:*.jar=01;31:*.war=01;31:*.ear=01;31:*.sar=01;31:*.rar=01;31:*.alz=01;31:*.ace=01;31:*.zoo=01;31:*.cpio=01;31:*.7z=01;31:*.rz=01;31:*.cab=01;31:*.wim=01;31:*.swm=01;31:*.dwm=01;31:*.esd=01;31:*.jpg=01;35:*.jpeg=01;35:*.mjpg=01;35:*.mjpeg=01;35:*.gif=01;35:*.bmp=01;35:*.pbm=01;35:*.pgm=01;35:*.ppm=01;35:*.tga=01;35:*.xbm=01;35:*.xpm=01;35:*.tif=01;35:*.tiff=01;35:*.png=01;35:*.svg=01;35:*.svgz=01;35:*.mng=01;35:*.pcx=01;35:*.mov=01;35:*.mpg=01;35:*.mpeg=01;35:*.m2v=01;35:*.mkv=01;35:*.webm=01;35:*.webp=01;35:*.ogm=01;35:*.mp4=01;35:*.m4v=01;35:*.mp4v=01;35:*.vob=01;35:*.qt=01;35:*.nuv=01;35:*.wmv=01;35:*.asf=01;35:*.rm=01;35:*.rmvb=01;35:*.flc=01;35:*.avi=01;35:*.fli=01;35:*.flv=01;35:*.gl=01;35:*.dl=01;35:*.xcf=01;35:*.xwd=01;35:*.yuv=01;35:*.cgm=01;35:*.emf=01;35:*.ogv=01;35:*.ogx=01;35:*.aac=00;36:*.au=00;36:*.flac=00;36:*.m4a=00;36:*.mid=00;36:*.midi=00;36:*.mka=00;36:*.mp3=00;36:*.mpc=00;36:*.ogg=00;36:*.ra=00;36:*.wav=00;36:*.oga=00;36:*.opus=00;36:*.spx=00;36:*.xspf=00;36:'), ('SSH_AGENT_LAUNCHER', 'gnome-keyring'), ('SSH_AUTH_SOCK', '/run/user/1000/keyring/ssh'), ('AMENT_PREFIX_PATH', '/home/jmj/pro_asp_ws/ws_aruco/install/aruco_interfaces:/home/jmj/pro_asp_ws/ws_aruco/install/vision_opencv:/home/jmj/pro_asp_ws/ws_aruco/install/opencv_tests:/home/jmj/pro_asp_ws/ws_aruco/install/multi_tracker:/home/jmj/pro_asp_ws/ws_aruco/install/image_geometry:/home/jmj/pro_asp_ws/ws_aruco/install/cv_bridge:/home/jmj/pro_asp_ws/ws_px4_controls/install/utilities_pkg:/home/jmj/pro_asp_ws/ws_px4_controls/install/uav_controller_pkg:/home/jmj/pro_asp_ws/ws_px4_controls/install/px4_ros_com:/home/jmj/pro_asp_ws/ws_px4_controls/install/px4_msgs:/opt/ros/humble'), ('SHELL', '/bin/bash'), ('LC_NAME', 'ko_KR.UTF-8'), ('TERMINATOR_UUID', 'urn:uuid:ac10e9f5-7634-4617-a685-a5192a4cf882'), ('QT_ACCESSIBILITY', '1'), ('CXX', '/usr/lib/ccache/g++'), ('GDMSESSION', 'ubuntu'), ('LESSCLOSE', '/usr/bin/lesspipe %s %s'), ('LC_MEASUREMENT', 'ko_KR.UTF-8'), ('GPG_AGENT_INFO', '/run/user/1000/gnupg/S.gpg-agent:0:1'), ('LC_IDENTIFICATION', 'ko_KR.UTF-8'), ('QT_IM_MODULE', 'ibus'), ('PWD', '/home/jmj/pro_asp_ws/ws_px4_controls/build/px4_ros_com'), ('LC_ALL', 'en_US.UTF-8'), ('XDG_CONFIG_DIRS', '/etc/xdg/xdg-ubuntu:/etc/xdg'), ('NVM_CD_FLAGS', ''), ('XDG_DATA_DIRS', '/usr/share/ubuntu:/usr/share/gnome:/usr/local/share/:/usr/share/:/var/lib/snapd/desktop'), ('PYTHONPATH', '/home/jmj/pro_asp_ws/ws_aruco/install/aruco_interfaces/local/lib/python3.10/dist-packages:/home/jmj/pro_asp_ws/ws_aruco/install/multi_tracker/local/lib/python3.10/dist-packages:/home/jmj/pro_asp_ws/ws_aruco/install/opencv_tests/lib/python3.10/site-packages:/home/jmj/pro_asp_ws/ws_aruco/install/image_geometry/local/lib/python3.10/dist-packages:/home/jmj/pro_asp_ws/ws_aruco/install/cv_bridge/local/lib/python3.10/dist-packages:/home/jmj/pro_asp_ws/ws_px4_controls/install/px4_ros_com/local/lib/python3.10/dist-packages:/home/jmj/pro_asp_ws/ws_px4_controls/install/px4_msgs/local/lib/python3.10/dist-packages:/opt/ros/humble/lib/python3.10/site-packages:/opt/ros/humble/local/lib/python3.10/dist-packages'), ('LC_NUMERIC', 'ko_KR.UTF-8'), ('LC_PAPER', 'ko_KR.UTF-8'), ('CC', '/usr/lib/ccache/gcc'), ('COLCON', '1'), ('VTE_VERSION', '6800'), ('CMAKE_PREFIX_PATH', '/home/jmj/pro_asp_ws/ws_px4_controls/install/px4_msgs:/home/jmj/pro_asp_ws/ws_aruco/install/aruco_interfaces:/home/jmj/pro_asp_ws/ws_aruco/install/vision_opencv:/home/jmj/pro_asp_ws/ws_aruco/install/multi_tracker:/home/jmj/pro_asp_ws/ws_aruco/install/image_geometry:/home/jmj/pro_asp_ws/ws_aruco/install/cv_bridge:/home/jmj/pro_asp_ws/ws_px4_controls/install/utilities_pkg:/home/jmj/pro_asp_ws/ws_px4_controls/install/uav_controller_pkg:/home/jmj/pro_asp_ws/ws_px4_controls/install/px4_ros_com:/home/jmj/pro_asp_ws/ws_aruco/install/opencv_tests:/opt/ros/humble')]), 'shell': False}
[1.486847] (px4_ros_com) StdoutLine: {'line': b'-- Install configuration: ""\n'}
[1.486938] (px4_ros_com) StdoutLine: {'line': b'-- Installing: /home/jmj/pro_asp_ws/ws_px4_controls/install/px4_ros_com/lib/px4_ros_com/sensor_combined_listener\n'}
[1.489093] (px4_ros_com) StdoutLine: {'line': b'-- Set runtime path of "/home/jmj/pro_asp_ws/ws_px4_controls/install/px4_ros_com/lib/px4_ros_com/sensor_combined_listener" to ""\n'}
[1.489206] (px4_ros_com) StdoutLine: {'line': b'-- Installing: /home/jmj/pro_asp_ws/ws_px4_controls/install/px4_ros_com/lib/px4_ros_com/vehicle_gps_position_listener\n'}
[1.490728] (px4_ros_com) StdoutLine: {'line': b'-- Set runtime path of "/home/jmj/pro_asp_ws/ws_px4_controls/install/px4_ros_com/lib/px4_ros_com/vehicle_gps_position_listener" to ""\n'}
[1.490805] (px4_ros_com) StdoutLine: {'line': b'-- Installing: /home/jmj/pro_asp_ws/ws_px4_controls/install/px4_ros_com/lib/px4_ros_com/debug_vect_advertiser\n'}
[1.491274] (px4_ros_com) StdoutLine: {'line': b'-- Set runtime path of "/home/jmj/pro_asp_ws/ws_px4_controls/install/px4_ros_com/lib/px4_ros_com/debug_vect_advertiser" to ""\n'}
[1.491307] (px4_ros_com) StdoutLine: {'line': b'-- Installing: /home/jmj/pro_asp_ws/ws_px4_controls/install/px4_ros_com/lib/px4_ros_com/offboard_control\n'}
[1.493396] (px4_ros_com) StdoutLine: {'line': b'-- Set runtime path of "/home/jmj/pro_asp_ws/ws_px4_controls/install/px4_ros_com/lib/px4_ros_com/offboard_control" to ""\n'}
[1.493487] (px4_ros_com) StdoutLine: {'line': b'-- Installing: /home/jmj/pro_asp_ws/ws_px4_controls/install/px4_ros_com/lib/px4_ros_com/offboard_control_srv\n'}
[1.494420] (px4_ros_com) StdoutLine: {'line': b'-- Set runtime path of "/home/jmj/pro_asp_ws/ws_px4_controls/install/px4_ros_com/lib/px4_ros_com/offboard_control_srv" to ""\n'}
[1.494516] (px4_ros_com) StdoutLine: {'line': b'-- Installing: /home/jmj/pro_asp_ws/ws_px4_controls/install/px4_ros_com/lib/px4_ros_com/offboard_control_key\n'}
[1.497939] (px4_ros_com) StdoutLine: {'line': b'-- Set runtime path of "/home/jmj/pro_asp_ws/ws_px4_controls/install/px4_ros_com/lib/px4_ros_com/offboard_control_key" to ""\n'}
[1.498060] (px4_ros_com) StdoutLine: {'line': b'-- Installing: /home/jmj/pro_asp_ws/ws_px4_controls/install/px4_ros_com/lib/px4_ros_com/cli_pose_command\n'}
[1.498554] (px4_ros_com) StdoutLine: {'line': b'-- Set runtime path of "/home/jmj/pro_asp_ws/ws_px4_controls/install/px4_ros_com/lib/px4_ros_com/cli_pose_command" to ""\n'}
[1.498619] (px4_ros_com) StdoutLine: {'line': b'-- Installing: /home/jmj/pro_asp_ws/ws_px4_controls/install/px4_ros_com/share/px4_ros_com/environment/library_path.sh\n'}
[1.498713] (px4_ros_com) StdoutLine: {'line': b'-- Installing: /home/jmj/pro_asp_ws/ws_px4_controls/install/px4_ros_com/share/px4_ros_com/environment/library_path.dsv\n'}
[1.498980] (px4_ros_com) StdoutLine: {'line': b'-- Installing: /home/jmj/pro_asp_ws/ws_px4_controls/install/px4_ros_com/include/px4_ros_com\n'}
[1.499049] (px4_ros_com) StdoutLine: {'line': b'-- Installing: /home/jmj/pro_asp_ws/ws_px4_controls/install/px4_ros_com/include/px4_ros_com/frame_transforms.h\n'}
[1.499186] (px4_ros_com) StdoutLine: {'line': b'-- Installing: /home/jmj/pro_asp_ws/ws_px4_controls/install/px4_ros_com/lib/libframe_transforms.so\n'}
[1.501259] (px4_ros_com) StdoutLine: {'line': b'-- Set runtime path of "/home/jmj/pro_asp_ws/ws_px4_controls/install/px4_ros_com/lib/libframe_transforms.so" to ""\n'}
[1.501825] (px4_ros_com) StdoutLine: {'line': b'-- Installing: /home/jmj/pro_asp_ws/ws_px4_controls/install/px4_ros_com/share/px4_ros_com//launch\n'}
[1.501874] (px4_ros_com) StdoutLine: {'line': b'-- Installing: /home/jmj/pro_asp_ws/ws_px4_controls/install/px4_ros_com/share/px4_ros_com//launch/sensor_combined_listener.launch.py\n'}
[1.501950] (px4_ros_com) StdoutLine: {'line': b'-- Installing: /home/jmj/pro_asp_ws/ws_px4_controls/install/px4_ros_com/share/px4_ros_com//launch/offboard_control_launch.yaml\n'}
[1.502046] (px4_ros_com) StdoutLine: {'line': b'-- Installing: /home/jmj/pro_asp_ws/ws_px4_controls/install/px4_ros_com/share/px4_ros_com//test\n'}
[1.502072] (px4_ros_com) StdoutLine: {'line': b'-- Installing: /home/jmj/pro_asp_ws/ws_px4_controls/install/px4_ros_com/share/px4_ros_com//test/test_input.py\n'}
[1.502098] (px4_ros_com) StdoutLine: {'line': b'-- Installing: /home/jmj/pro_asp_ws/ws_px4_controls/install/px4_ros_com/share/px4_ros_com//test/__init__.py\n'}
[1.502123] (-) TimerEvent: {}
[1.502210] (px4_ros_com) StdoutLine: {'line': b'-- Installing: /home/jmj/pro_asp_ws/ws_px4_controls/install/px4_ros_com/share/px4_ros_com//test/test_output.py\n'}
[1.502245] (px4_ros_com) StdoutLine: {'line': b'-- Installing: /home/jmj/pro_asp_ws/ws_px4_controls/install/px4_ros_com/share/px4_ros_com//test/pipeline_io_test.py\n'}
[1.502272] (px4_ros_com) StdoutLine: {'line': b'-- Installing: /home/jmj/pro_asp_ws/ws_px4_controls/install/px4_ros_com/share/px4_ros_com/environment/pythonpath.sh\n'}
[1.502298] (px4_ros_com) StdoutLine: {'line': b'-- Installing: /home/jmj/pro_asp_ws/ws_px4_controls/install/px4_ros_com/share/px4_ros_com/environment/pythonpath.dsv\n'}
[1.502323] (px4_ros_com) StdoutLine: {'line': b'-- Installing: /home/jmj/pro_asp_ws/ws_px4_controls/install/px4_ros_com/local/lib/python3.10/dist-packages/px4_ros_com-0.1.0-py3.10.egg-info\n'}
[1.502349] (px4_ros_com) StdoutLine: {'line': b'-- Installing: /home/jmj/pro_asp_ws/ws_px4_controls/install/px4_ros_com/local/lib/python3.10/dist-packages/px4_ros_com-0.1.0-py3.10.egg-info/dependency_links.txt\n'}
[1.502436] (px4_ros_com) StdoutLine: {'line': b'-- Installing: /home/jmj/pro_asp_ws/ws_px4_controls/install/px4_ros_com/local/lib/python3.10/dist-packages/px4_ros_com-0.1.0-py3.10.egg-info/top_level.txt\n'}
[1.502460] (px4_ros_com) StdoutLine: {'line': b'-- Installing: /home/jmj/pro_asp_ws/ws_px4_controls/install/px4_ros_com/local/lib/python3.10/dist-packages/px4_ros_com-0.1.0-py3.10.egg-info/PKG-INFO\n'}
[1.502483] (px4_ros_com) StdoutLine: {'line': b'-- Installing: /home/jmj/pro_asp_ws/ws_px4_controls/install/px4_ros_com/local/lib/python3.10/dist-packages/px4_ros_com-0.1.0-py3.10.egg-info/SOURCES.txt\n'}
[1.502534] (px4_ros_com) StdoutLine: {'line': b'-- Installing: /home/jmj/pro_asp_ws/ws_px4_controls/install/px4_ros_com/local/lib/python3.10/dist-packages/px4_ros_com\n'}
[1.502558] (px4_ros_com) StdoutLine: {'line': b'-- Installing: /home/jmj/pro_asp_ws/ws_px4_controls/install/px4_ros_com/local/lib/python3.10/dist-packages/px4_ros_com/__init__.py\n'}
[1.502582] (px4_ros_com) StdoutLine: {'line': b'-- Installing: /home/jmj/pro_asp_ws/ws_px4_controls/install/px4_ros_com/local/lib/python3.10/dist-packages/px4_ros_com/module_to_import.py\n'}
[1.529436] (px4_ros_com) StdoutLine: {'line': b"Listing '/home/jmj/pro_asp_ws/ws_px4_controls/install/px4_ros_com/local/lib/python3.10/dist-packages/px4_ros_com'...\n"}
[1.529579] (px4_ros_com) StdoutLine: {'line': b"Compiling '/home/jmj/pro_asp_ws/ws_px4_controls/install/px4_ros_com/local/lib/python3.10/dist-packages/px4_ros_com/__init__.py'...\n"}
[1.529612] (px4_ros_com) StdoutLine: {'line': b"Compiling '/home/jmj/pro_asp_ws/ws_px4_controls/install/px4_ros_com/local/lib/python3.10/dist-packages/px4_ros_com/module_to_import.py'...\n"}
[1.532757] (px4_ros_com) StdoutLine: {'line': b'-- Installing: /home/jmj/pro_asp_ws/ws_px4_controls/install/px4_ros_com/lib/px4_ros_com/offboard_control.py\n'}
[1.532873] (px4_ros_com) StdoutLine: {'line': b'-- Installing: /home/jmj/pro_asp_ws/ws_px4_controls/install/px4_ros_com/share/ament_index/resource_index/package_run_dependencies/px4_ros_com\n'}
[1.532917] (px4_ros_com) StdoutLine: {'line': b'-- Installing: /home/jmj/pro_asp_ws/ws_px4_controls/install/px4_ros_com/share/ament_index/resource_index/parent_prefix_path/px4_ros_com\n'}
[1.532974] (px4_ros_com) StdoutLine: {'line': b'-- Installing: /home/jmj/pro_asp_ws/ws_px4_controls/install/px4_ros_com/share/px4_ros_com/environment/ament_prefix_path.sh\n'}
[1.533034] (px4_ros_com) StdoutLine: {'line': b'-- Installing: /home/jmj/pro_asp_ws/ws_px4_controls/install/px4_ros_com/share/px4_ros_com/environment/ament_prefix_path.dsv\n'}
[1.533085] (px4_ros_com) StdoutLine: {'line': b'-- Installing: /home/jmj/pro_asp_ws/ws_px4_controls/install/px4_ros_com/share/px4_ros_com/environment/path.sh\n'}
[1.533127] (px4_ros_com) StdoutLine: {'line': b'-- Installing: /home/jmj/pro_asp_ws/ws_px4_controls/install/px4_ros_com/share/px4_ros_com/environment/path.dsv\n'}
[1.533164] (px4_ros_com) StdoutLine: {'line': b'-- Installing: /home/jmj/pro_asp_ws/ws_px4_controls/install/px4_ros_com/share/px4_ros_com/local_setup.bash\n'}
[1.533197] (px4_ros_com) StdoutLine: {'line': b'-- Installing: /home/jmj/pro_asp_ws/ws_px4_controls/install/px4_ros_com/share/px4_ros_com/local_setup.sh\n'}
[1.533242] (px4_ros_com) StdoutLine: {'line': b'-- Installing: /home/jmj/pro_asp_ws/ws_px4_controls/install/px4_ros_com/share/px4_ros_com/local_setup.zsh\n'}
[1.533289] (px4_ros_com) StdoutLine: {'line': b'-- Installing: /home/jmj/pro_asp_ws/ws_px4_controls/install/px4_ros_com/share/px4_ros_com/local_setup.dsv\n'}
[1.533330] (px4_ros_com) StdoutLine: {'line': b'-- Installing: /home/jmj/pro_asp_ws/ws_px4_controls/install/px4_ros_com/share/px4_ros_com/package.dsv\n'}
[1.533397] (px4_ros_com) StdoutLine: {'line': b'-- Installing: /home/jmj/pro_asp_ws/ws_px4_controls/install/px4_ros_com/share/ament_index/resource_index/packages/px4_ros_com\n'}
[1.533460] (px4_ros_com) StdoutLine: {'line': b'-- Installing: /home/jmj/pro_asp_ws/ws_px4_controls/install/px4_ros_com/share/px4_ros_com/cmake/export_frame_transformsExport.cmake\n'}
[1.533515] (px4_ros_com) StdoutLine: {'line': b'-- Installing: /home/jmj/pro_asp_ws/ws_px4_controls/install/px4_ros_com/share/px4_ros_com/cmake/export_frame_transformsExport-noconfig.cmake\n'}
[1.533561] (px4_ros_com) StdoutLine: {'line': b'-- Installing: /home/jmj/pro_asp_ws/ws_px4_controls/install/px4_ros_com/share/px4_ros_com/cmake/ament_cmake_export_dependencies-extras.cmake\n'}
[1.533605] (px4_ros_com) StdoutLine: {'line': b'-- Installing: /home/jmj/pro_asp_ws/ws_px4_controls/install/px4_ros_com/share/px4_ros_com/cmake/ament_cmake_export_targets-extras.cmake\n'}
[1.533648] (px4_ros_com) StdoutLine: {'line': b'-- Installing: /home/jmj/pro_asp_ws/ws_px4_controls/install/px4_ros_com/share/px4_ros_com/cmake/ament_cmake_export_include_directories-extras.cmake\n'}
[1.533690] (px4_ros_com) StdoutLine: {'line': b'-- Installing: /home/jmj/pro_asp_ws/ws_px4_controls/install/px4_ros_com/share/px4_ros_com/cmake/ament_cmake_export_libraries-extras.cmake\n'}
[1.533754] (px4_ros_com) StdoutLine: {'line': b'-- Installing: /home/jmj/pro_asp_ws/ws_px4_controls/install/px4_ros_com/share/px4_ros_com/cmake/px4_ros_comConfig.cmake\n'}
[1.533814] (px4_ros_com) StdoutLine: {'line': b'-- Installing: /home/jmj/pro_asp_ws/ws_px4_controls/install/px4_ros_com/share/px4_ros_com/cmake/px4_ros_comConfig-version.cmake\n'}
[1.533867] (px4_ros_com) StdoutLine: {'line': b'-- Installing: /home/jmj/pro_asp_ws/ws_px4_controls/install/px4_ros_com/share/px4_ros_com/package.xml\n'}
[1.535234] (px4_ros_com) CommandEnded: {'returncode': 0}
[1.544675] (px4_ros_com) JobEnded: {'identifier': 'px4_ros_com', 'rc': 0}
[1.602239] (-) TimerEvent: {}
[1.702523] (-) TimerEvent: {}
[1.802751] (-) TimerEvent: {}
[1.903007] (-) TimerEvent: {}
[2.003245] (-) TimerEvent: {}
[2.103508] (-) TimerEvent: {}
[2.203887] (-) TimerEvent: {}
[2.304247] (-) TimerEvent: {}
[2.404606] (-) TimerEvent: {}
[2.504957] (-) TimerEvent: {}
[2.605286] (-) TimerEvent: {}
[2.705572] (-) TimerEvent: {}
[2.805907] (-) TimerEvent: {}
[2.906222] (-) TimerEvent: {}
[3.006514] (-) TimerEvent: {}
[3.106791] (-) TimerEvent: {}
[3.207106] (-) TimerEvent: {}
[3.307514] (-) TimerEvent: {}
[3.407765] (-) TimerEvent: {}
[3.508022] (-) TimerEvent: {}
[3.608342] (-) TimerEvent: {}
[3.708749] (-) TimerEvent: {}
[3.809223] (-) TimerEvent: {}
[3.909535] (-) TimerEvent: {}
[4.009923] (-) TimerEvent: {}
[4.110216] (-) TimerEvent: {}
[4.210525] (-) TimerEvent: {}
[4.310906] (-) TimerEvent: {}
[4.411327] (-) TimerEvent: {}
[4.511721] (-) TimerEvent: {}
[4.611999] (-) TimerEvent: {}
[4.712423] (-) TimerEvent: {}
[4.812845] (-) TimerEvent: {}
[4.913141] (-) TimerEvent: {}
[5.013402] (-) TimerEvent: {}
[5.113675] (-) TimerEvent: {}
[5.213966] (-) TimerEvent: {}
[5.314249] (-) TimerEvent: {}
[5.414502] (-) TimerEvent: {}
[5.514806] (-) TimerEvent: {}
[5.580088] (uav_controller_pkg) StderrLine: {'line': b'\x1b[01m\x1b[K/home/jmj/pro_asp_ws/ws_px4_controls/src/uav_controller_pkg/src/uav_controller.cpp:83:26:\x1b[m\x1b[K \x1b[01;31m\x1b[Kerror: \x1b[m\x1b[K\xe2\x80\x98\x1b[01m\x1b[Kmulti_tracker\x1b[m\x1b[K\xe2\x80\x99 was not declared in this scope\n'}
[5.580446] (uav_controller_pkg) StderrLine: {'line': b'   83 |     rclcpp::Subscription<\x1b[01;31m\x1b[Kmulti_tracker\x1b[m\x1b[K::msg::MarkerPoseId>::SharedPtr marker_sub_;\n'}
[5.580513] (uav_controller_pkg) StderrLine: {'line': b'      |                          \x1b[01;31m\x1b[K^~~~~~~~~~~~~\x1b[m\x1b[K\n'}
[5.580567] (uav_controller_pkg) StderrLine: {'line': b'\x1b[01m\x1b[K/home/jmj/pro_asp_ws/ws_px4_controls/src/uav_controller_pkg/src/uav_controller.cpp:83:58:\x1b[m\x1b[K \x1b[01;31m\x1b[Kerror: \x1b[m\x1b[Ktemplate argument 1 is invalid\n'}
[5.580639] (uav_controller_pkg) StderrLine: {'line': b'   83 |     rclcpp::Subscription<multi_tracker::msg::MarkerPoseId\x1b[01;31m\x1b[K>\x1b[m\x1b[K::SharedPtr marker_sub_;\n'}
[5.580704] (uav_controller_pkg) StderrLine: {'line': b'      |                                                          \x1b[01;31m\x1b[K^\x1b[m\x1b[K\n'}
[5.580754] (uav_controller_pkg) StderrLine: {'line': b'\x1b[01m\x1b[K/home/jmj/pro_asp_ws/ws_px4_controls/src/uav_controller_pkg/src/uav_controller.cpp:83:58:\x1b[m\x1b[K \x1b[01;31m\x1b[Kerror: \x1b[m\x1b[Ktemplate argument 3 is invalid\n'}
[5.580803] (uav_controller_pkg) StderrLine: {'line': b'\x1b[01m\x1b[K/home/jmj/pro_asp_ws/ws_px4_controls/src/uav_controller_pkg/src/uav_controller.cpp:83:58:\x1b[m\x1b[K \x1b[01;31m\x1b[Kerror: \x1b[m\x1b[Ktemplate argument 4 is invalid\n'}
[5.580853] (uav_controller_pkg) StderrLine: {'line': b'\x1b[01m\x1b[K/home/jmj/pro_asp_ws/ws_px4_controls/src/uav_controller_pkg/src/uav_controller.cpp:83:58:\x1b[m\x1b[K \x1b[01;31m\x1b[Kerror: \x1b[m\x1b[Ktemplate argument 5 is invalid\n'}
[5.581088] (uav_controller_pkg) StderrLine: {'line': b'\x1b[01m\x1b[K/home/jmj/pro_asp_ws/ws_px4_controls/src/uav_controller_pkg/src/uav_controller.cpp:83:61:\x1b[m\x1b[K \x1b[01;31m\x1b[Kerror: \x1b[m\x1b[Kexpected \xe2\x80\x98\x1b[01m\x1b[K;\x1b[m\x1b[K\xe2\x80\x99 at end of member declaration\n'}
[5.581217] (uav_controller_pkg) StderrLine: {'line': b'   83 |     rclcpp::Subscription<multi_tracker::msg::MarkerPoseId>::\x1b[01;31m\x1b[KSharedPtr\x1b[m\x1b[K marker_sub_;\n'}
[5.581288] (uav_controller_pkg) StderrLine: {'line': b'      |                                                             \x1b[01;31m\x1b[K^~~~~~~~~\x1b[m\x1b[K\n'}
[5.581342] (uav_controller_pkg) StderrLine: {'line': b'      |                                                                      \x1b[32m\x1b[K;\x1b[m\x1b[K\n'}
[5.581392] (uav_controller_pkg) StderrLine: {'line': b'\x1b[01m\x1b[K/home/jmj/pro_asp_ws/ws_px4_controls/src/uav_controller_pkg/src/uav_controller.cpp:83:71:\x1b[m\x1b[K \x1b[01;31m\x1b[Kerror: \x1b[m\x1b[K\xe2\x80\x98\x1b[01m\x1b[Kmarker_sub_\x1b[m\x1b[K\xe2\x80\x99 does not name a type\n'}
[5.581469] (uav_controller_pkg) StderrLine: {'line': b'   83 |     rclcpp::Subscription<multi_tracker::msg::MarkerPoseId>::SharedPtr \x1b[01;31m\x1b[Kmarker_sub_\x1b[m\x1b[K;\n'}
[5.581535] (uav_controller_pkg) StderrLine: {'line': b'      |                                                                       \x1b[01;31m\x1b[K^~~~~~~~~~~\x1b[m\x1b[K\n'}
[5.581590] (uav_controller_pkg) StderrLine: {'line': b'\x1b[01m\x1b[K/home/jmj/pro_asp_ws/ws_px4_controls/src/uav_controller_pkg/src/uav_controller.cpp:191:32:\x1b[m\x1b[K \x1b[01;31m\x1b[Kerror: \x1b[m\x1b[K\xe2\x80\x98\x1b[01m\x1b[Kmulti_tracker\x1b[m\x1b[K\xe2\x80\x99 does not name a type\n'}
[5.581653] (uav_controller_pkg) StderrLine: {'line': b'  191 |     void aruco_marker_cb(const \x1b[01;31m\x1b[Kmulti_tracker\x1b[m\x1b[K::msg::MarkerPoseId::SharedPtr msg)\n'}
[5.581787] (uav_controller_pkg) StderrLine: {'line': b'      |                                \x1b[01;31m\x1b[K^~~~~~~~~~~~~\x1b[m\x1b[K\n'}
[5.581850] (uav_controller_pkg) StderrLine: {'line': b'\x1b[01m\x1b[K/home/jmj/pro_asp_ws/ws_px4_controls/src/uav_controller_pkg/src/uav_controller.cpp:191:50:\x1b[m\x1b[K \x1b[01;31m\x1b[Kerror: \x1b[m\x1b[Kexpected unqualified-id before \xe2\x80\x98\x1b[01m\x1b[K::\x1b[m\x1b[K\xe2\x80\x99 token\n'}
[5.581942] (uav_controller_pkg) StderrLine: {'line': b'  191 |     void aruco_marker_cb(const multi_tracker::msg\x1b[01;31m\x1b[K::\x1b[m\x1b[KMarkerPoseId::SharedPtr msg)\n'}
[5.582007] (uav_controller_pkg) StderrLine: {'line': b'      |                                                  \x1b[01;31m\x1b[K^~\x1b[m\x1b[K\n'}
[5.582063] (uav_controller_pkg) StderrLine: {'line': b'\x1b[01m\x1b[K/home/jmj/pro_asp_ws/ws_px4_controls/src/uav_controller_pkg/src/uav_controller.cpp:191:50:\x1b[m\x1b[K \x1b[01;31m\x1b[Kerror: \x1b[m\x1b[Kexpected \xe2\x80\x98\x1b[01m\x1b[K)\x1b[m\x1b[K\xe2\x80\x99 before \xe2\x80\x98\x1b[01m\x1b[K::\x1b[m\x1b[K\xe2\x80\x99 token\n'}
[5.582111] (uav_controller_pkg) StderrLine: {'line': b'  191 |     void aruco_marker_cb\x1b[34m\x1b[K(\x1b[m\x1b[Kconst multi_tracker::msg\x1b[01;31m\x1b[K:\x1b[m\x1b[K\x1b[32m\x1b[K:\x1b[m\x1b[KMarkerPoseId::SharedPtr msg)\n'}
[5.582156] (uav_controller_pkg) StderrLine: {'line': b'      |                         \x1b[34m\x1b[K~\x1b[m\x1b[K                        \x1b[01;31m\x1b[K^\x1b[m\x1b[K\x1b[32m\x1b[K~\x1b[m\x1b[K\n'}
[5.582212] (uav_controller_pkg) StderrLine: {'line': b'      |                                                  \x1b[32m\x1b[K)\x1b[m\x1b[K\n'}
[5.582280] (uav_controller_pkg) StderrLine: {'line': b'\x1b[01m\x1b[K/home/jmj/pro_asp_ws/ws_px4_controls/src/uav_controller_pkg/src/uav_controller.cpp:191:47:\x1b[m\x1b[K \x1b[01;31m\x1b[Kerror: \x1b[m\x1b[Kexpected \xe2\x80\x98\x1b[01m\x1b[K;\x1b[m\x1b[K\xe2\x80\x99 at end of member declaration\n'}
[5.582352] (uav_controller_pkg) StderrLine: {'line': b'  191 |     void aruco_marker_cb(const multi_tracker::\x1b[01;31m\x1b[Kmsg\x1b[m\x1b[K::MarkerPoseId::SharedPtr msg)\n'}
[5.582431] (uav_controller_pkg) StderrLine: {'line': b'      |                                               \x1b[01;31m\x1b[K^~~\x1b[m\x1b[K\n'}
[5.582497] (uav_controller_pkg) StderrLine: {'line': b'      |                                                  \x1b[32m\x1b[K;\x1b[m\x1b[K\n'}
[5.582593] (uav_controller_pkg) StderrLine: {'line': b'\x1b[01m\x1b[K/home/jmj/pro_asp_ws/ws_px4_controls/src/uav_controller_pkg/src/uav_controller.cpp:191:52:\x1b[m\x1b[K \x1b[01;31m\x1b[Kerror: \x1b[m\x1b[K\xe2\x80\x98\x1b[01m\x1b[KMarkerPoseId\x1b[m\x1b[K\xe2\x80\x99 in namespace \xe2\x80\x98\x1b[01m\x1b[K::\x1b[m\x1b[K\xe2\x80\x99 does not name a type\n'}
[5.582670] (uav_controller_pkg) StderrLine: {'line': b'  191 |     void aruco_marker_cb(const multi_tracker::msg::\x1b[01;31m\x1b[KMarkerPoseId\x1b[m\x1b[K::SharedPtr msg)\n'}
[5.582728] (uav_controller_pkg) StderrLine: {'line': b'      |                                                    \x1b[01;31m\x1b[K^~~~~~~~~~~~\x1b[m\x1b[K\n'}
[5.582808] (uav_controller_pkg) StderrLine: {'line': b'\x1b[01m\x1b[K/home/jmj/pro_asp_ws/ws_px4_controls/src/uav_controller_pkg/src/uav_controller.cpp:\x1b[m\x1b[K In constructor \xe2\x80\x98\x1b[01m\x1b[KUavController::UavController()\x1b[m\x1b[K\xe2\x80\x99:\n'}
[5.582889] (uav_controller_pkg) StderrLine: {'line': b'\x1b[01m\x1b[K/home/jmj/pro_asp_ws/ws_px4_controls/src/uav_controller_pkg/src/uav_controller.cpp:54:9:\x1b[m\x1b[K \x1b[01;31m\x1b[Kerror: \x1b[m\x1b[K\xe2\x80\x98\x1b[01m\x1b[Kmarker_sub_\x1b[m\x1b[K\xe2\x80\x99 was not declared in this scope\n'}
[5.582977] (uav_controller_pkg) StderrLine: {'line': b'   54 |         \x1b[01;31m\x1b[Kmarker_sub_\x1b[m\x1b[K = create_subscription<multi_tracker::msg::MarkerPoseId>(\n'}
[5.583039] (uav_controller_pkg) StderrLine: {'line': b'      |         \x1b[01;31m\x1b[K^~~~~~~~~~~\x1b[m\x1b[K\n'}
[5.583092] (uav_controller_pkg) StderrLine: {'line': b'\x1b[01m\x1b[K/home/jmj/pro_asp_ws/ws_px4_controls/src/uav_controller_pkg/src/uav_controller.cpp:54:43:\x1b[m\x1b[K \x1b[01;31m\x1b[Kerror: \x1b[m\x1b[K\xe2\x80\x98\x1b[01m\x1b[Kmulti_tracker\x1b[m\x1b[K\xe2\x80\x99 was not declared in this scope\n'}
[5.583154] (uav_controller_pkg) StderrLine: {'line': b'   54 |         marker_sub_ = create_subscription<\x1b[01;31m\x1b[Kmulti_tracker\x1b[m\x1b[K::msg::MarkerPoseId>(\n'}
[5.583217] (uav_controller_pkg) StderrLine: {'line': b'      |                                           \x1b[01;31m\x1b[K^~~~~~~~~~~~~\x1b[m\x1b[K\n'}
[5.583281] (uav_controller_pkg) StderrLine: {'line': b'\x1b[01m\x1b[K/home/jmj/pro_asp_ws/ws_px4_controls/src/uav_controller_pkg/src/uav_controller.cpp:54:23:\x1b[m\x1b[K \x1b[01;31m\x1b[Kerror: \x1b[m\x1b[Kparse error in template argument list\n'}
[5.583356] (uav_controller_pkg) StderrLine: {'line': b'   54 |         marker_sub_ = \x1b[01;31m\x1b[Kcreate_subscription<multi_tracker::msg::MarkerPoseId>\x1b[m\x1b[K(\n'}
[5.583412] (uav_controller_pkg) StderrLine: {'line': b'      |                       \x1b[01;31m\x1b[K^~~~~~~~~~~~~~~~~~~~~~~~~~~~~~~~~~~~~~~~~~~~~~~~~~~~~\x1b[m\x1b[K\n'}
[5.583470] (uav_controller_pkg) StderrLine: {'line': b'\x1b[01m\x1b[K/home/jmj/pro_asp_ws/ws_px4_controls/src/uav_controller_pkg/src/uav_controller.cpp:54:76:\x1b[m\x1b[K \x1b[01;31m\x1b[Kerror: \x1b[m\x1b[Kno matching function for call to \xe2\x80\x98\x1b[01m\x1b[KUavController::create_subscription<<expression error> >(const char [13], rclcpp::QoS&, std::_Bind_helper<false, void (UavController::*)(...), UavController*, const std::_Placeholder<1>&>::type)\x1b[m\x1b[K\xe2\x80\x99\n'}
[5.583533] (uav_controller_pkg) StderrLine: {'line': b'   54 |         marker_sub_ = \x1b[01;31m\x1b[Kcreate_subscription<multi_tracker::msg::MarkerPoseId>(\x1b[m\x1b[K\n'}
[5.583581] (uav_controller_pkg) StderrLine: {'line': b'      |                       \x1b[01;31m\x1b[K~~~~~~~~~~~~~~~~~~~~~~~~~~~~~~~~~~~~~~~~~~~~~~~~~~~~~^\x1b[m\x1b[K\n'}
[5.583625] (uav_controller_pkg) StderrLine: {'line': b'   55 | \x1b[01;31m\x1b[K        "/x500/target", pose_qos, // pose_qos\xeb\x8a\x94 \xec\xa0\x81\xec\xa0\x88\xed\x9e\x88 \xec\xa0\x95\xec\x9d\x98\xeb\x90\x98\xec\x96\xb4 \xec\x9e\x88\xeb\x8b\xa4\xea\xb3\xa0 \xea\xb0\x80\xec\xa0\x95\x1b[m\x1b[K\n'}
[5.583851] (uav_controller_pkg) StderrLine: {'line': b'      |         \x1b[01;31m\x1b[K~~~~~~~~~~~~~~~~~~~~~~~~~~~~~~~~~~~~~~~~~~~~~~~~~~~~~~~~~~~~~~~~~~~\x1b[m\x1b[K \n'}
[5.583923] (uav_controller_pkg) StderrLine: {'line': b'   56 | \x1b[01;31m\x1b[K        std::bind(&UavController::aruco_marker_cb, this, std::placeholders::_1))\x1b[m\x1b[K; // \xec\xb6\x94\xea\xb0\x80\n'}
[5.583998] (uav_controller_pkg) StderrLine: {'line': b'      |         \x1b[01;31m\x1b[K~~~~~~~~~~~~~~~~~~~~~~~~~~~~~~~~~~~~~~~~~~~~~~~~~~~~~~~~~~~~~~~~~~~~~~~~\x1b[m\x1b[K\n'}
[5.584063] (uav_controller_pkg) StderrLine: {'line': b'In file included from \x1b[01m\x1b[K/opt/ros/humble/include/rclcpp/rclcpp/executors/single_threaded_executor.hpp:28\x1b[m\x1b[K,\n'}
[5.584128] (uav_controller_pkg) StderrLine: {'line': b'                 from \x1b[01m\x1b[K/opt/ros/humble/include/rclcpp/rclcpp/executors.hpp:22\x1b[m\x1b[K,\n'}
[5.584283] (uav_controller_pkg) StderrLine: {'line': b'                 from \x1b[01m\x1b[K/opt/ros/humble/include/rclcpp/rclcpp/rclcpp.hpp:155\x1b[m\x1b[K,\n'}
[5.584500] (uav_controller_pkg) StderrLine: {'line': b'                 from \x1b[01m\x1b[K/home/jmj/pro_asp_ws/ws_px4_controls/src/uav_controller_pkg/src/uav_controller.cpp:11\x1b[m\x1b[K:\n'}
[5.584560] (uav_controller_pkg) StderrLine: {'line': b'\x1b[01m\x1b[K/opt/ros/humble/include/rclcpp/rclcpp/node.hpp:219:3:\x1b[m\x1b[K \x1b[01;36m\x1b[Knote: \x1b[m\x1b[Kcandidate: \xe2\x80\x98\x1b[01m\x1b[Ktemplate<class MessageT, class CallbackT, class AllocatorT, class SubscriptionT, class MessageMemoryStrategyT> std::shared_ptr<ROSMessageT> rclcpp::Node::create_subscription(const string&, const rclcpp::QoS&, CallbackT&&, const rclcpp::SubscriptionOptionsWithAllocator<AllocatorT>&, typename MessageMemoryStrategyT::SharedPtr)\x1b[m\x1b[K\xe2\x80\x99\n'}
[5.584620] (uav_controller_pkg) StderrLine: {'line': b'  219 |   \x1b[01;36m\x1b[Kcreate_subscription\x1b[m\x1b[K(\n'}
[5.584669] (uav_controller_pkg) StderrLine: {'line': b'      |   \x1b[01;36m\x1b[K^~~~~~~~~~~~~~~~~~~\x1b[m\x1b[K\n'}
[5.584715] (uav_controller_pkg) StderrLine: {'line': b'\x1b[01m\x1b[K/opt/ros/humble/include/rclcpp/rclcpp/node.hpp:219:3:\x1b[m\x1b[K \x1b[01;36m\x1b[Knote: \x1b[m\x1b[K  template argument deduction/substitution failed:\n'}
[5.584762] (uav_controller_pkg) StderrLine: {'line': b'\x1b[01m\x1b[K/home/jmj/pro_asp_ws/ws_px4_controls/src/uav_controller_pkg/src/uav_controller.cpp:54:76:\x1b[m\x1b[K \x1b[01;31m\x1b[Kerror: \x1b[m\x1b[Ktemplate argument 1 is invalid\n'}
[5.584811] (uav_controller_pkg) StderrLine: {'line': b'   54 |         marker_sub_ = \x1b[01;31m\x1b[Kcreate_subscription<multi_tracker::msg::MarkerPoseId>(\x1b[m\x1b[K\n'}
[5.584856] (uav_controller_pkg) StderrLine: {'line': b'      |                       \x1b[01;31m\x1b[K~~~~~~~~~~~~~~~~~~~~~~~~~~~~~~~~~~~~~~~~~~~~~~~~~~~~~^\x1b[m\x1b[K\n'}
[5.585019] (uav_controller_pkg) StderrLine: {'line': b'   55 | \x1b[01;31m\x1b[K        "/x500/target", pose_qos, // pose_qos\xeb\x8a\x94 \xec\xa0\x81\xec\xa0\x88\xed\x9e\x88 \xec\xa0\x95\xec\x9d\x98\xeb\x90\x98\xec\x96\xb4 \xec\x9e\x88\xeb\x8b\xa4\xea\xb3\xa0 \xea\xb0\x80\xec\xa0\x95\x1b[m\x1b[K\n'}
[5.585086] (uav_controller_pkg) StderrLine: {'line': b'      |         \x1b[01;31m\x1b[K~~~~~~~~~~~~~~~~~~~~~~~~~~~~~~~~~~~~~~~~~~~~~~~~~~~~~~~~~~~~~~~~~~~\x1b[m\x1b[K \n'}
[5.585125] (uav_controller_pkg) StderrLine: {'line': b'   56 | \x1b[01;31m\x1b[K        std::bind(&UavController::aruco_marker_cb, this, std::placeholders::_1))\x1b[m\x1b[K; // \xec\xb6\x94\xea\xb0\x80\n'}
[5.585155] (uav_controller_pkg) StderrLine: {'line': b'      |         \x1b[01;31m\x1b[K~~~~~~~~~~~~~~~~~~~~~~~~~~~~~~~~~~~~~~~~~~~~~~~~~~~~~~~~~~~~~~~~~~~~~~~~\x1b[m\x1b[K\n'}
[5.585180] (uav_controller_pkg) StderrLine: {'line': b'gmake[2]: *** [CMakeFiles/uav_controller.dir/build.make:76: CMakeFiles/uav_controller.dir/src/uav_controller.cpp.o] Error 1\n'}
[5.585204] (uav_controller_pkg) StderrLine: {'line': b'gmake[1]: *** [CMakeFiles/Makefile2:167: CMakeFiles/uav_controller.dir/all] Error 2\n'}
[5.585292] (uav_controller_pkg) StderrLine: {'line': b'gmake: *** [Makefile:146: all] Error 2\n'}
[5.585576] (uav_controller_pkg) CommandEnded: {'returncode': 2}
[5.588950] (uav_controller_pkg) JobEnded: {'identifier': 'uav_controller_pkg', 'rc': 2}
[5.599406] (-) EventReactorShutdown: {}
