[0.000000] (-) TimerEvent: {}
[0.000526] (px4_msgs) JobQueued: {'identifier': 'px4_msgs', 'dependencies': OrderedDict()}
[0.000799] (px4_ros_com) JobQueued: {'identifier': 'px4_ros_com', 'dependencies': OrderedDict([('px4_msgs', '/home/jmj/pro_asp_ws/ws_px4_controls/install/px4_msgs')])}
[0.000854] (uav_controller_pkg) JobQueued: {'identifier': 'uav_controller_pkg', 'dependencies': OrderedDict([('px4_msgs', '/home/jmj/pro_asp_ws/ws_px4_controls/install/px4_msgs')])}
[0.000872] (utilities_pkg) JobQueued: {'identifier': 'utilities_pkg', 'dependencies': OrderedDict([('px4_msgs', '/home/jmj/pro_asp_ws/ws_px4_controls/install/px4_msgs')])}
[0.000887] (px4_msgs) JobStarted: {'identifier': 'px4_msgs'}
[0.008929] (px4_msgs) JobProgress: {'identifier': 'px4_msgs', 'progress': 'cmake'}
[0.009818] (px4_msgs) JobProgress: {'identifier': 'px4_msgs', 'progress': 'build'}
[0.010388] (px4_msgs) Command: {'cmd': ['/usr/bin/cmake', '--build', '/home/jmj/pro_asp_ws/ws_px4_controls/build/px4_msgs', '--', '-j20', '-l20'], 'cwd': '/home/jmj/pro_asp_ws/ws_px4_controls/build/px4_msgs', 'env': OrderedDict([('LESSOPEN', '| /usr/bin/lesspipe %s'), ('USER', 'jmj'), ('LC_TIME', 'ko_KR.UTF-8'), ('CCACHE_DIR', '/var/tmp/ccache'), ('XDG_SESSION_TYPE', 'x11'), ('SHLVL', '1'), ('LD_LIBRARY_PATH', '/home/jmj/pro_asp_ws/ws_aruco/install/aruco_interfaces/lib:/home/jmj/pro_asp_ws/ws_aruco/install/multi_tracker/lib:/home/jmj/pro_asp_ws/ws_aruco/install/image_geometry/lib:/home/jmj/pro_asp_ws/ws_aruco/install/cv_bridge/lib:/home/jmj/pro_asp_ws/ws_px4_controls/install/px4_ros_com/lib:/home/jmj/pro_asp_ws/ws_px4_controls/install/px4_msgs/lib:/opt/ros/humble/opt/rviz_ogre_vendor/lib:/opt/ros/humble/lib/x86_64-linux-gnu:/opt/ros/humble/lib:/usr/local/cuda/lib64'), ('HOME', '/home/jmj'), ('OLDPWD', '/home/jmj/pro_asp_ws'), ('DESKTOP_SESSION', 'ubuntu'), ('NVM_BIN', '/home/jmj/.nvm/versions/node/v22.14.0/bin'), ('NVM_INC', '/home/jmj/.nvm/versions/node/v22.14.0/include/node'), ('ROS_PYTHON_VERSION', '3'), ('GNOME_SHELL_SESSION_MODE', 'ubuntu'), ('GTK_MODULES', 'gail:atk-bridge'), ('LC_MONETARY', 'ko_KR.UTF-8'), ('MANAGERPID', '1020'), ('SYSTEMD_EXEC_PID', '2153'), ('DBUS_SESSION_BUS_ADDRESS', 'unix:path=/run/user/1000/bus'), ('COLORTERM', 'truecolor'), ('TERMINATOR_DBUS_NAME', 'net.tenshu.Terminator21a9d5db22c73a993ff0b42f64b396873'), ('GIO_LAUNCHED_DESKTOP_FILE_PID', '4545'), ('NVM_DIR', '/home/jmj/.nvm'), ('IM_CONFIG_PHASE', '1'), ('COLCON_PREFIX_PATH', '/home/jmj/pro_asp_ws/ws_aruco/install:/home/jmj/pro_asp_ws/ws_px4_controls/install'), ('ROS_DISTRO', 'humble'), ('GTK_IM_MODULE', 'ibus'), ('LOGNAME', 'jmj'), ('JOURNAL_STREAM', '8:7695'), ('_', '/usr/bin/colcon'), ('ROS_VERSION', '2'), ('XDG_SESSION_CLASS', 'user'), ('USERNAME', 'jmj'), ('TERM', 'xterm-256color'), ('GNOME_DESKTOP_SESSION_ID', 'this-is-deprecated'), ('ROS_LOCALHOST_ONLY', '0'), ('WINDOWPATH', '2'), ('PATH', '/home/jmj/anaconda3/bin:/usr/bin:/opt/ros/humble/bin:/home/jmj/.nvm/versions/node/v22.14.0/bin:/usr/local/cuda/bin:/home/jmj/.cargo/bin:/usr/local/sbin:/usr/local/bin:/usr/sbin:/usr/bin:/sbin:/bin:/usr/games:/usr/local/games:/snap/bin:/snap/bin:/home/jmj/.local/bin'), ('SESSION_MANAGER', 'local/jmj:@/tmp/.ICE-unix/1927,unix/jmj:/tmp/.ICE-unix/1927'), ('INVOCATION_ID', '76055a6707e341d29d392405f8760929'), ('XDG_MENU_PREFIX', 'gnome-'), ('LC_ADDRESS', 'ko_KR.UTF-8'), ('XDG_RUNTIME_DIR', '/run/user/1000'), ('DISPLAY', ':0'), ('TERMINATOR_DBUS_PATH', '/net/tenshu/Terminator2'), ('LANG', 'en_US.UTF-8'), ('XDG_CURRENT_DESKTOP', 'ubuntu:GNOME'), ('IBUS_DISABLE_SNOOPER', '1'), ('LC_TELEPHONE', 'ko_KR.UTF-8'), ('XMODIFIERS', '@im=ibus'), ('XDG_SESSION_DESKTOP', 'ubuntu'), ('XAUTHORITY', '/run/user/1000/gdm/Xauthority'), ('LS_COLORS', 'rs=0:di=01;34:ln=01;36:mh=00:pi=40;33:so=01;35:do=01;35:bd=40;33;01:cd=40;33;01:or=40;31;01:mi=00:su=37;41:sg=30;43:ca=30;41:tw=30;42:ow=34;42:st=37;44:ex=01;32:*.tar=01;31:*.tgz=01;31:*.arc=01;31:*.arj=01;31:*.taz=01;31:*.lha=01;31:*.lz4=01;31:*.lzh=01;31:*.lzma=01;31:*.tlz=01;31:*.txz=01;31:*.tzo=01;31:*.t7z=01;31:*.zip=01;31:*.z=01;31:*.dz=01;31:*.gz=01;31:*.lrz=01;31:*.lz=01;31:*.lzo=01;31:*.xz=01;31:*.zst=01;31:*.tzst=01;31:*.bz2=01;31:*.bz=01;31:*.tbz=01;31:*.tbz2=01;31:*.tz=01;31:*.deb=01;31:*.rpm=01;31:*.jar=01;31:*.war=01;31:*.ear=01;31:*.sar=01;31:*.rar=01;31:*.alz=01;31:*.ace=01;31:*.zoo=01;31:*.cpio=01;31:*.7z=01;31:*.rz=01;31:*.cab=01;31:*.wim=01;31:*.swm=01;31:*.dwm=01;31:*.esd=01;31:*.jpg=01;35:*.jpeg=01;35:*.mjpg=01;35:*.mjpeg=01;35:*.gif=01;35:*.bmp=01;35:*.pbm=01;35:*.pgm=01;35:*.ppm=01;35:*.tga=01;35:*.xbm=01;35:*.xpm=01;35:*.tif=01;35:*.tiff=01;35:*.png=01;35:*.svg=01;35:*.svgz=01;35:*.mng=01;35:*.pcx=01;35:*.mov=01;35:*.mpg=01;35:*.mpeg=01;35:*.m2v=01;35:*.mkv=01;35:*.webm=01;35:*.webp=01;35:*.ogm=01;35:*.mp4=01;35:*.m4v=01;35:*.mp4v=01;35:*.vob=01;35:*.qt=01;35:*.nuv=01;35:*.wmv=01;35:*.asf=01;35:*.rm=01;35:*.rmvb=01;35:*.flc=01;35:*.avi=01;35:*.fli=01;35:*.flv=01;35:*.gl=01;35:*.dl=01;35:*.xcf=01;35:*.xwd=01;35:*.yuv=01;35:*.cgm=01;35:*.emf=01;35:*.ogv=01;35:*.ogx=01;35:*.aac=00;36:*.au=00;36:*.flac=00;36:*.m4a=00;36:*.mid=00;36:*.midi=00;36:*.mka=00;36:*.mp3=00;36:*.mpc=00;36:*.ogg=00;36:*.ra=00;36:*.wav=00;36:*.oga=00;36:*.opus=00;36:*.spx=00;36:*.xspf=00;36:'), ('SSH_AGENT_LAUNCHER', 'gnome-keyring'), ('SSH_AUTH_SOCK', '/run/user/1000/keyring/ssh'), ('AMENT_PREFIX_PATH', '/home/jmj/pro_asp_ws/ws_aruco/install/aruco_interfaces:/home/jmj/pro_asp_ws/ws_aruco/install/vision_opencv:/home/jmj/pro_asp_ws/ws_aruco/install/opencv_tests:/home/jmj/pro_asp_ws/ws_aruco/install/multi_tracker:/home/jmj/pro_asp_ws/ws_aruco/install/image_geometry:/home/jmj/pro_asp_ws/ws_aruco/install/cv_bridge:/home/jmj/pro_asp_ws/ws_px4_controls/install/utilities_pkg:/home/jmj/pro_asp_ws/ws_px4_controls/install/uav_controller_pkg:/home/jmj/pro_asp_ws/ws_px4_controls/install/px4_ros_com:/home/jmj/pro_asp_ws/ws_px4_controls/install/px4_msgs:/opt/ros/humble'), ('SHELL', '/bin/bash'), ('LC_NAME', 'ko_KR.UTF-8'), ('TERMINATOR_UUID', 'urn:uuid:ac10e9f5-7634-4617-a685-a5192a4cf882'), ('QT_ACCESSIBILITY', '1'), ('CXX', '/usr/lib/ccache/g++'), ('GDMSESSION', 'ubuntu'), ('LESSCLOSE', '/usr/bin/lesspipe %s %s'), ('LC_MEASUREMENT', 'ko_KR.UTF-8'), ('GPG_AGENT_INFO', '/run/user/1000/gnupg/S.gpg-agent:0:1'), ('LC_IDENTIFICATION', 'ko_KR.UTF-8'), ('QT_IM_MODULE', 'ibus'), ('PWD', '/home/jmj/pro_asp_ws/ws_px4_controls/build/px4_msgs'), ('LC_ALL', 'en_US.UTF-8'), ('XDG_CONFIG_DIRS', '/etc/xdg/xdg-ubuntu:/etc/xdg'), ('NVM_CD_FLAGS', ''), ('XDG_DATA_DIRS', '/usr/share/ubuntu:/usr/share/gnome:/usr/local/share/:/usr/share/:/var/lib/snapd/desktop'), ('PYTHONPATH', '/home/jmj/pro_asp_ws/ws_aruco/install/aruco_interfaces/local/lib/python3.10/dist-packages:/home/jmj/pro_asp_ws/ws_aruco/install/multi_tracker/local/lib/python3.10/dist-packages:/home/jmj/pro_asp_ws/ws_aruco/install/opencv_tests/lib/python3.10/site-packages:/home/jmj/pro_asp_ws/ws_aruco/install/image_geometry/local/lib/python3.10/dist-packages:/home/jmj/pro_asp_ws/ws_aruco/install/cv_bridge/local/lib/python3.10/dist-packages:/home/jmj/pro_asp_ws/ws_px4_controls/install/px4_ros_com/local/lib/python3.10/dist-packages:/home/jmj/pro_asp_ws/ws_px4_controls/install/px4_msgs/local/lib/python3.10/dist-packages:/opt/ros/humble/lib/python3.10/site-packages:/opt/ros/humble/local/lib/python3.10/dist-packages'), ('LC_NUMERIC', 'ko_KR.UTF-8'), ('LC_PAPER', 'ko_KR.UTF-8'), ('CC', '/usr/lib/ccache/gcc'), ('COLCON', '1'), ('VTE_VERSION', '6800'), ('CMAKE_PREFIX_PATH', '/home/jmj/pro_asp_ws/ws_aruco/install/aruco_interfaces:/home/jmj/pro_asp_ws/ws_aruco/install/vision_opencv:/home/jmj/pro_asp_ws/ws_aruco/install/multi_tracker:/home/jmj/pro_asp_ws/ws_aruco/install/image_geometry:/home/jmj/pro_asp_ws/ws_aruco/install/cv_bridge:/home/jmj/pro_asp_ws/ws_px4_controls/install/utilities_pkg:/home/jmj/pro_asp_ws/ws_px4_controls/install/uav_controller_pkg:/home/jmj/pro_asp_ws/ws_px4_controls/install/px4_ros_com:/home/jmj/pro_asp_ws/ws_px4_controls/install/px4_msgs:/home/jmj/pro_asp_ws/ws_aruco/install/opencv_tests:/opt/ros/humble')]), 'shell': False}
[0.099775] (-) TimerEvent: {}
[0.200060] (-) TimerEvent: {}
[0.300350] (-) TimerEvent: {}
[0.399310] (px4_msgs) StdoutLine: {'line': b'[  0%] Built target px4_msgs__cpp\n'}
[0.400431] (-) TimerEvent: {}
[0.417957] (px4_msgs) StdoutLine: {'line': b'[  0%] Built target ament_cmake_python_copy_px4_msgs\n'}
[0.434865] (px4_msgs) StdoutLine: {'line': b'[ 12%] Built target px4_msgs__rosidl_generator_c\n'}
[0.498638] (px4_msgs) StdoutLine: {'line': b'[ 25%] Built target px4_msgs__rosidl_typesupport_c\n'}
[0.499654] (px4_msgs) StdoutLine: {'line': b'[ 37%] Built target px4_msgs__rosidl_typesupport_cpp\n'}
[0.500505] (-) TimerEvent: {}
[0.511185] (px4_msgs) StdoutLine: {'line': b'[ 50%] Built target px4_msgs__rosidl_typesupport_introspection_cpp\n'}
[0.511997] (px4_msgs) StdoutLine: {'line': b'[ 62%] Built target px4_msgs__rosidl_typesupport_fastrtps_cpp\n'}
[0.514633] (px4_msgs) StdoutLine: {'line': b'[ 75%] Built target px4_msgs__rosidl_typesupport_introspection_c\n'}
[0.542293] (px4_msgs) StdoutLine: {'line': b'[ 88%] Built target px4_msgs__rosidl_typesupport_fastrtps_c\n'}
[0.564741] (px4_msgs) StdoutLine: {'line': b'[ 88%] Built target px4_msgs\n'}
[0.592507] (px4_msgs) StdoutLine: {'line': b'[ 88%] Built target px4_msgs__py\n'}
[0.600607] (-) TimerEvent: {}
[0.643748] (px4_msgs) StdoutLine: {'line': b'running egg_info\n'}
[0.644359] (px4_msgs) StdoutLine: {'line': b'writing px4_msgs.egg-info/PKG-INFO\n'}
[0.644515] (px4_msgs) StdoutLine: {'line': b'writing dependency_links to px4_msgs.egg-info/dependency_links.txt\n'}
[0.644596] (px4_msgs) StdoutLine: {'line': b'writing top-level names to px4_msgs.egg-info/top_level.txt\n'}
[0.648382] (px4_msgs) StdoutLine: {'line': b"reading manifest file 'px4_msgs.egg-info/SOURCES.txt'\n"}
[0.650349] (px4_msgs) StdoutLine: {'line': b"writing manifest file 'px4_msgs.egg-info/SOURCES.txt'\n"}
[0.671790] (px4_msgs) StdoutLine: {'line': b'[100%] Built target px4_msgs__rosidl_generator_py\n'}
[0.677103] (px4_msgs) StdoutLine: {'line': b'[100%] Built target ament_cmake_python_build_px4_msgs_egg\n'}
[0.694741] (px4_msgs) StdoutLine: {'line': b'[100%] Built target px4_msgs__rosidl_typesupport_c__pyext\n'}
[0.694970] (px4_msgs) StdoutLine: {'line': b'[100%] Built target px4_msgs__rosidl_typesupport_fastrtps_c__pyext\n'}
[0.695031] (px4_msgs) StdoutLine: {'line': b'[100%] Built target px4_msgs__rosidl_typesupport_introspection_c__pyext\n'}
[0.700713] (-) TimerEvent: {}
[0.704441] (px4_msgs) CommandEnded: {'returncode': 0}
[0.705408] (px4_msgs) JobProgress: {'identifier': 'px4_msgs', 'progress': 'install'}
[0.711908] (px4_msgs) Command: {'cmd': ['/usr/bin/cmake', '--install', '/home/jmj/pro_asp_ws/ws_px4_controls/build/px4_msgs'], 'cwd': '/home/jmj/pro_asp_ws/ws_px4_controls/build/px4_msgs', 'env': OrderedDict([('LESSOPEN', '| /usr/bin/lesspipe %s'), ('USER', 'jmj'), ('LC_TIME', 'ko_KR.UTF-8'), ('CCACHE_DIR', '/var/tmp/ccache'), ('XDG_SESSION_TYPE', 'x11'), ('SHLVL', '1'), ('LD_LIBRARY_PATH', '/home/jmj/pro_asp_ws/ws_aruco/install/aruco_interfaces/lib:/home/jmj/pro_asp_ws/ws_aruco/install/multi_tracker/lib:/home/jmj/pro_asp_ws/ws_aruco/install/image_geometry/lib:/home/jmj/pro_asp_ws/ws_aruco/install/cv_bridge/lib:/home/jmj/pro_asp_ws/ws_px4_controls/install/px4_ros_com/lib:/home/jmj/pro_asp_ws/ws_px4_controls/install/px4_msgs/lib:/opt/ros/humble/opt/rviz_ogre_vendor/lib:/opt/ros/humble/lib/x86_64-linux-gnu:/opt/ros/humble/lib:/usr/local/cuda/lib64'), ('HOME', '/home/jmj'), ('OLDPWD', '/home/jmj/pro_asp_ws'), ('DESKTOP_SESSION', 'ubuntu'), ('NVM_BIN', '/home/jmj/.nvm/versions/node/v22.14.0/bin'), ('NVM_INC', '/home/jmj/.nvm/versions/node/v22.14.0/include/node'), ('ROS_PYTHON_VERSION', '3'), ('GNOME_SHELL_SESSION_MODE', 'ubuntu'), ('GTK_MODULES', 'gail:atk-bridge'), ('LC_MONETARY', 'ko_KR.UTF-8'), ('MANAGERPID', '1020'), ('SYSTEMD_EXEC_PID', '2153'), ('DBUS_SESSION_BUS_ADDRESS', 'unix:path=/run/user/1000/bus'), ('COLORTERM', 'truecolor'), ('TERMINATOR_DBUS_NAME', 'net.tenshu.Terminator21a9d5db22c73a993ff0b42f64b396873'), ('GIO_LAUNCHED_DESKTOP_FILE_PID', '4545'), ('NVM_DIR', '/home/jmj/.nvm'), ('IM_CONFIG_PHASE', '1'), ('COLCON_PREFIX_PATH', '/home/jmj/pro_asp_ws/ws_aruco/install:/home/jmj/pro_asp_ws/ws_px4_controls/install'), ('ROS_DISTRO', 'humble'), ('GTK_IM_MODULE', 'ibus'), ('LOGNAME', 'jmj'), ('JOURNAL_STREAM', '8:7695'), ('_', '/usr/bin/colcon'), ('ROS_VERSION', '2'), ('XDG_SESSION_CLASS', 'user'), ('USERNAME', 'jmj'), ('TERM', 'xterm-256color'), ('GNOME_DESKTOP_SESSION_ID', 'this-is-deprecated'), ('ROS_LOCALHOST_ONLY', '0'), ('WINDOWPATH', '2'), ('PATH', '/home/jmj/anaconda3/bin:/usr/bin:/opt/ros/humble/bin:/home/jmj/.nvm/versions/node/v22.14.0/bin:/usr/local/cuda/bin:/home/jmj/.cargo/bin:/usr/local/sbin:/usr/local/bin:/usr/sbin:/usr/bin:/sbin:/bin:/usr/games:/usr/local/games:/snap/bin:/snap/bin:/home/jmj/.local/bin'), ('SESSION_MANAGER', 'local/jmj:@/tmp/.ICE-unix/1927,unix/jmj:/tmp/.ICE-unix/1927'), ('INVOCATION_ID', '76055a6707e341d29d392405f8760929'), ('XDG_MENU_PREFIX', 'gnome-'), ('LC_ADDRESS', 'ko_KR.UTF-8'), ('XDG_RUNTIME_DIR', '/run/user/1000'), ('DISPLAY', ':0'), ('TERMINATOR_DBUS_PATH', '/net/tenshu/Terminator2'), ('LANG', 'en_US.UTF-8'), ('XDG_CURRENT_DESKTOP', 'ubuntu:GNOME'), ('IBUS_DISABLE_SNOOPER', '1'), ('LC_TELEPHONE', 'ko_KR.UTF-8'), ('XMODIFIERS', '@im=ibus'), ('XDG_SESSION_DESKTOP', 'ubuntu'), ('XAUTHORITY', '/run/user/1000/gdm/Xauthority'), ('LS_COLORS', 'rs=0:di=01;34:ln=01;36:mh=00:pi=40;33:so=01;35:do=01;35:bd=40;33;01:cd=40;33;01:or=40;31;01:mi=00:su=37;41:sg=30;43:ca=30;41:tw=30;42:ow=34;42:st=37;44:ex=01;32:*.tar=01;31:*.tgz=01;31:*.arc=01;31:*.arj=01;31:*.taz=01;31:*.lha=01;31:*.lz4=01;31:*.lzh=01;31:*.lzma=01;31:*.tlz=01;31:*.txz=01;31:*.tzo=01;31:*.t7z=01;31:*.zip=01;31:*.z=01;31:*.dz=01;31:*.gz=01;31:*.lrz=01;31:*.lz=01;31:*.lzo=01;31:*.xz=01;31:*.zst=01;31:*.tzst=01;31:*.bz2=01;31:*.bz=01;31:*.tbz=01;31:*.tbz2=01;31:*.tz=01;31:*.deb=01;31:*.rpm=01;31:*.jar=01;31:*.war=01;31:*.ear=01;31:*.sar=01;31:*.rar=01;31:*.alz=01;31:*.ace=01;31:*.zoo=01;31:*.cpio=01;31:*.7z=01;31:*.rz=01;31:*.cab=01;31:*.wim=01;31:*.swm=01;31:*.dwm=01;31:*.esd=01;31:*.jpg=01;35:*.jpeg=01;35:*.mjpg=01;35:*.mjpeg=01;35:*.gif=01;35:*.bmp=01;35:*.pbm=01;35:*.pgm=01;35:*.ppm=01;35:*.tga=01;35:*.xbm=01;35:*.xpm=01;35:*.tif=01;35:*.tiff=01;35:*.png=01;35:*.svg=01;35:*.svgz=01;35:*.mng=01;35:*.pcx=01;35:*.mov=01;35:*.mpg=01;35:*.mpeg=01;35:*.m2v=01;35:*.mkv=01;35:*.webm=01;35:*.webp=01;35:*.ogm=01;35:*.mp4=01;35:*.m4v=01;35:*.mp4v=01;35:*.vob=01;35:*.qt=01;35:*.nuv=01;35:*.wmv=01;35:*.asf=01;35:*.rm=01;35:*.rmvb=01;35:*.flc=01;35:*.avi=01;35:*.fli=01;35:*.flv=01;35:*.gl=01;35:*.dl=01;35:*.xcf=01;35:*.xwd=01;35:*.yuv=01;35:*.cgm=01;35:*.emf=01;35:*.ogv=01;35:*.ogx=01;35:*.aac=00;36:*.au=00;36:*.flac=00;36:*.m4a=00;36:*.mid=00;36:*.midi=00;36:*.mka=00;36:*.mp3=00;36:*.mpc=00;36:*.ogg=00;36:*.ra=00;36:*.wav=00;36:*.oga=00;36:*.opus=00;36:*.spx=00;36:*.xspf=00;36:'), ('SSH_AGENT_LAUNCHER', 'gnome-keyring'), ('SSH_AUTH_SOCK', '/run/user/1000/keyring/ssh'), ('AMENT_PREFIX_PATH', '/home/jmj/pro_asp_ws/ws_aruco/install/aruco_interfaces:/home/jmj/pro_asp_ws/ws_aruco/install/vision_opencv:/home/jmj/pro_asp_ws/ws_aruco/install/opencv_tests:/home/jmj/pro_asp_ws/ws_aruco/install/multi_tracker:/home/jmj/pro_asp_ws/ws_aruco/install/image_geometry:/home/jmj/pro_asp_ws/ws_aruco/install/cv_bridge:/home/jmj/pro_asp_ws/ws_px4_controls/install/utilities_pkg:/home/jmj/pro_asp_ws/ws_px4_controls/install/uav_controller_pkg:/home/jmj/pro_asp_ws/ws_px4_controls/install/px4_ros_com:/home/jmj/pro_asp_ws/ws_px4_controls/install/px4_msgs:/opt/ros/humble'), ('SHELL', '/bin/bash'), ('LC_NAME', 'ko_KR.UTF-8'), ('TERMINATOR_UUID', 'urn:uuid:ac10e9f5-7634-4617-a685-a5192a4cf882'), ('QT_ACCESSIBILITY', '1'), ('CXX', '/usr/lib/ccache/g++'), ('GDMSESSION', 'ubuntu'), ('LESSCLOSE', '/usr/bin/lesspipe %s %s'), ('LC_MEASUREMENT', 'ko_KR.UTF-8'), ('GPG_AGENT_INFO', '/run/user/1000/gnupg/S.gpg-agent:0:1'), ('LC_IDENTIFICATION', 'ko_KR.UTF-8'), ('QT_IM_MODULE', 'ibus'), ('PWD', '/home/jmj/pro_asp_ws/ws_px4_controls/build/px4_msgs'), ('LC_ALL', 'en_US.UTF-8'), ('XDG_CONFIG_DIRS', '/etc/xdg/xdg-ubuntu:/etc/xdg'), ('NVM_CD_FLAGS', ''), ('XDG_DATA_DIRS', '/usr/share/ubuntu:/usr/share/gnome:/usr/local/share/:/usr/share/:/var/lib/snapd/desktop'), ('PYTHONPATH', '/home/jmj/pro_asp_ws/ws_aruco/install/aruco_interfaces/local/lib/python3.10/dist-packages:/home/jmj/pro_asp_ws/ws_aruco/install/multi_tracker/local/lib/python3.10/dist-packages:/home/jmj/pro_asp_ws/ws_aruco/install/opencv_tests/lib/python3.10/site-packages:/home/jmj/pro_asp_ws/ws_aruco/install/image_geometry/local/lib/python3.10/dist-packages:/home/jmj/pro_asp_ws/ws_aruco/install/cv_bridge/local/lib/python3.10/dist-packages:/home/jmj/pro_asp_ws/ws_px4_controls/install/px4_ros_com/local/lib/python3.10/dist-packages:/home/jmj/pro_asp_ws/ws_px4_controls/install/px4_msgs/local/lib/python3.10/dist-packages:/opt/ros/humble/lib/python3.10/site-packages:/opt/ros/humble/local/lib/python3.10/dist-packages'), ('LC_NUMERIC', 'ko_KR.UTF-8'), ('LC_PAPER', 'ko_KR.UTF-8'), ('CC', '/usr/lib/ccache/gcc'), ('COLCON', '1'), ('VTE_VERSION', '6800'), ('CMAKE_PREFIX_PATH', '/home/jmj/pro_asp_ws/ws_aruco/install/aruco_interfaces:/home/jmj/pro_asp_ws/ws_aruco/install/vision_opencv:/home/jmj/pro_asp_ws/ws_aruco/install/multi_tracker:/home/jmj/pro_asp_ws/ws_aruco/install/image_geometry:/home/jmj/pro_asp_ws/ws_aruco/install/cv_bridge:/home/jmj/pro_asp_ws/ws_px4_controls/install/utilities_pkg:/home/jmj/pro_asp_ws/ws_px4_controls/install/uav_controller_pkg:/home/jmj/pro_asp_ws/ws_px4_controls/install/px4_ros_com:/home/jmj/pro_asp_ws/ws_px4_controls/install/px4_msgs:/home/jmj/pro_asp_ws/ws_aruco/install/opencv_tests:/opt/ros/humble')]), 'shell': False}
[0.721113] (px4_msgs) StdoutLine: {'line': b'-- Install configuration: ""\n'}
[0.721465] (px4_msgs) StdoutLine: {'line': b'-- Up-to-date: /home/jmj/pro_asp_ws/ws_px4_controls/install/px4_msgs/share/ament_index/resource_index/rosidl_interfaces/px4_msgs\n'}
[0.721514] (px4_msgs) StdoutLine: {'line': b'-- Up-to-date: /home/jmj/pro_asp_ws/ws_px4_controls/install/px4_msgs/include/px4_msgs/px4_msgs\n'}
[0.721546] (px4_msgs) StdoutLine: {'line': b'-- Up-to-date: /home/jmj/pro_asp_ws/ws_px4_controls/install/px4_msgs/include/px4_msgs/px4_msgs/srv\n'}
[0.721633] (px4_msgs) StdoutLine: {'line': b'-- Up-to-date: /home/jmj/pro_asp_ws/ws_px4_controls/install/px4_msgs/include/px4_msgs/px4_msgs/srv/vehicle_command.h\n'}
[0.721677] (px4_msgs) StdoutLine: {'line': b'-- Up-to-date: /home/jmj/pro_asp_ws/ws_px4_controls/install/px4_msgs/include/px4_msgs/px4_msgs/srv/detail\n'}
[0.721718] (px4_msgs) StdoutLine: {'line': b'-- Up-to-date: /home/jmj/pro_asp_ws/ws_px4_controls/install/px4_msgs/include/px4_msgs/px4_msgs/srv/detail/vehicle_command__struct.h\n'}
[0.721861] (px4_msgs) StdoutLine: {'line': b'-- Up-to-date: /home/jmj/pro_asp_ws/ws_px4_controls/install/px4_msgs/include/px4_msgs/px4_msgs/srv/detail/vehicle_command__type_support.h\n'}
[0.721909] (px4_msgs) StdoutLine: {'line': b'-- Up-to-date: /home/jmj/pro_asp_ws/ws_px4_controls/install/px4_msgs/include/px4_msgs/px4_msgs/srv/detail/vehicle_command__functions.h\n'}
[0.721954] (px4_msgs) StdoutLine: {'line': b'-- Up-to-date: /home/jmj/pro_asp_ws/ws_px4_controls/install/px4_msgs/include/px4_msgs/px4_msgs/srv/detail/vehicle_command__functions.c\n'}
[0.721998] (px4_msgs) StdoutLine: {'line': b'-- Up-to-date: /home/jmj/pro_asp_ws/ws_px4_controls/install/px4_msgs/include/px4_msgs/px4_msgs/msg\n'}
[0.722043] (px4_msgs) StdoutLine: {'line': b'-- Up-to-date: /home/jmj/pro_asp_ws/ws_px4_controls/install/px4_msgs/include/px4_msgs/px4_msgs/msg/sensor_combined.h\n'}
[0.722087] (px4_msgs) StdoutLine: {'line': b'-- Up-to-date: /home/jmj/pro_asp_ws/ws_px4_controls/install/px4_msgs/include/px4_msgs/px4_msgs/msg/actuator_armed.h\n'}
[0.722132] (px4_msgs) StdoutLine: {'line': b'-- Up-to-date: /home/jmj/pro_asp_ws/ws_px4_controls/install/px4_msgs/include/px4_msgs/px4_msgs/msg/follow_target_status.h\n'}
[0.722177] (px4_msgs) StdoutLine: {'line': b'-- Up-to-date: /home/jmj/pro_asp_ws/ws_px4_controls/install/px4_msgs/include/px4_msgs/px4_msgs/msg/cellular_status.h\n'}
[0.722223] (px4_msgs) StdoutLine: {'line': b'-- Up-to-date: /home/jmj/pro_asp_ws/ws_px4_controls/install/px4_msgs/include/px4_msgs/px4_msgs/msg/gimbal_device_set_attitude.h\n'}
[0.722283] (px4_msgs) StdoutLine: {'line': b'-- Up-to-date: /home/jmj/pro_asp_ws/ws_px4_controls/install/px4_msgs/include/px4_msgs/px4_msgs/msg/ulog_stream_ack.h\n'}
[0.722326] (px4_msgs) StdoutLine: {'line': b'-- Up-to-date: /home/jmj/pro_asp_ws/ws_px4_controls/install/px4_msgs/include/px4_msgs/px4_msgs/msg/battery_status.h\n'}
[0.722362] (px4_msgs) StdoutLine: {'line': b'-- Up-to-date: /home/jmj/pro_asp_ws/ws_px4_controls/install/px4_msgs/include/px4_msgs/px4_msgs/msg/pps_capture.h\n'}
[0.722401] (px4_msgs) StdoutLine: {'line': b'-- Up-to-date: /home/jmj/pro_asp_ws/ws_px4_controls/install/px4_msgs/include/px4_msgs/px4_msgs/msg/fixed_wing_longitudinal_setpoint.h\n'}
[0.722451] (px4_msgs) StdoutLine: {'line': b'-- Up-to-date: /home/jmj/pro_asp_ws/ws_px4_controls/install/px4_msgs/include/px4_msgs/px4_msgs/msg/ulog_stream.h\n'}
[0.722526] (px4_msgs) StdoutLine: {'line': b'-- Up-to-date: /home/jmj/pro_asp_ws/ws_px4_controls/install/px4_msgs/include/px4_msgs/px4_msgs/msg/sensor_gyro_fft.h\n'}
[0.722569] (px4_msgs) StdoutLine: {'line': b'-- Up-to-date: /home/jmj/pro_asp_ws/ws_px4_controls/install/px4_msgs/include/px4_msgs/px4_msgs/msg/fixed_wing_runway_control.h\n'}
[0.722615] (px4_msgs) StdoutLine: {'line': b'-- Up-to-date: /home/jmj/pro_asp_ws/ws_px4_controls/install/px4_msgs/include/px4_msgs/px4_msgs/msg/led_control.h\n'}
[0.722641] (px4_msgs) StdoutLine: {'line': b'-- Up-to-date: /home/jmj/pro_asp_ws/ws_px4_controls/install/px4_msgs/include/px4_msgs/px4_msgs/msg/trajectory_setpoint.h\n'}
[0.722666] (px4_msgs) StdoutLine: {'line': b'-- Up-to-date: /home/jmj/pro_asp_ws/ws_px4_controls/install/px4_msgs/include/px4_msgs/px4_msgs/msg/geofence_status.h\n'}
[0.722702] (px4_msgs) StdoutLine: {'line': b'-- Up-to-date: /home/jmj/pro_asp_ws/ws_px4_controls/install/px4_msgs/include/px4_msgs/px4_msgs/msg/vehicle_local_position.h\n'}
[0.722740] (px4_msgs) StdoutLine: {'line': b'-- Up-to-date: /home/jmj/pro_asp_ws/ws_px4_controls/install/px4_msgs/include/px4_msgs/px4_msgs/msg/sensor_gyro.h\n'}
[0.722864] (px4_msgs) StdoutLine: {'line': b'-- Up-to-date: /home/jmj/pro_asp_ws/ws_px4_controls/install/px4_msgs/include/px4_msgs/px4_msgs/msg/estimator_aid_source3d.h\n'}
[0.723079] (px4_msgs) StdoutLine: {'line': b'-- Up-to-date: /home/jmj/pro_asp_ws/ws_px4_controls/install/px4_msgs/include/px4_msgs/px4_msgs/msg/vehicle_imu_status.h\n'}
[0.723150] (px4_msgs) StdoutLine: {'line': b'-- Up-to-date: /home/jmj/pro_asp_ws/ws_px4_controls/install/px4_msgs/include/px4_msgs/px4_msgs/msg/onboard_computer_status.h\n'}
[0.723203] (px4_msgs) StdoutLine: {'line': b'-- Up-to-date: /home/jmj/pro_asp_ws/ws_px4_controls/install/px4_msgs/include/px4_msgs/px4_msgs/msg/estimator_gps_status.h\n'}
[0.723257] (px4_msgs) StdoutLine: {'line': b'-- Up-to-date: /home/jmj/pro_asp_ws/ws_px4_controls/install/px4_msgs/include/px4_msgs/px4_msgs/msg/home_position.h\n'}
[0.723301] (px4_msgs) StdoutLine: {'line': b'-- Up-to-date: /home/jmj/pro_asp_ws/ws_px4_controls/install/px4_msgs/include/px4_msgs/px4_msgs/msg/launch_detection_status.h\n'}
[0.723346] (px4_msgs) StdoutLine: {'line': b'-- Up-to-date: /home/jmj/pro_asp_ws/ws_px4_controls/install/px4_msgs/include/px4_msgs/px4_msgs/msg/camera_trigger.h\n'}
[0.723388] (px4_msgs) StdoutLine: {'line': b'-- Up-to-date: /home/jmj/pro_asp_ws/ws_px4_controls/install/px4_msgs/include/px4_msgs/px4_msgs/msg/iridiumsbd_status.h\n'}
[0.723465] (px4_msgs) StdoutLine: {'line': b'-- Up-to-date: /home/jmj/pro_asp_ws/ws_px4_controls/install/px4_msgs/include/px4_msgs/px4_msgs/msg/rover_velocity_setpoint.h\n'}
[0.723505] (px4_msgs) StdoutLine: {'line': b'-- Up-to-date: /home/jmj/pro_asp_ws/ws_px4_controls/install/px4_msgs/include/px4_msgs/px4_msgs/msg/task_stack_info.h\n'}
[0.723547] (px4_msgs) StdoutLine: {'line': b'-- Up-to-date: /home/jmj/pro_asp_ws/ws_px4_controls/install/px4_msgs/include/px4_msgs/px4_msgs/msg/vehicle_constraints.h\n'}
[0.723592] (px4_msgs) StdoutLine: {'line': b'-- Up-to-date: /home/jmj/pro_asp_ws/ws_px4_controls/install/px4_msgs/include/px4_msgs/px4_msgs/msg/rover_rate_setpoint.h\n'}
[0.723631] (px4_msgs) StdoutLine: {'line': b'-- Up-to-date: /home/jmj/pro_asp_ws/ws_px4_controls/install/px4_msgs/include/px4_msgs/px4_msgs/msg/actuator_servos_trim.h\n'}
[0.723683] (px4_msgs) StdoutLine: {'line': b'-- Up-to-date: /home/jmj/pro_asp_ws/ws_px4_controls/install/px4_msgs/include/px4_msgs/px4_msgs/msg/vehicle_command.h\n'}
[0.723728] (px4_msgs) StdoutLine: {'line': b'-- Up-to-date: /home/jmj/pro_asp_ws/ws_px4_controls/install/px4_msgs/include/px4_msgs/px4_msgs/msg/ping.h\n'}
[0.723783] (px4_msgs) StdoutLine: {'line': b'-- Up-to-date: /home/jmj/pro_asp_ws/ws_px4_controls/install/px4_msgs/include/px4_msgs/px4_msgs/msg/sensor_uwb.h\n'}
[0.723836] (px4_msgs) StdoutLine: {'line': b'-- Up-to-date: /home/jmj/pro_asp_ws/ws_px4_controls/install/px4_msgs/include/px4_msgs/px4_msgs/msg/estimator_aid_source2d.h\n'}
[0.723886] (px4_msgs) StdoutLine: {'line': b'-- Up-to-date: /home/jmj/pro_asp_ws/ws_px4_controls/install/px4_msgs/include/px4_msgs/px4_msgs/msg/estimator_selector_status.h\n'}
[0.723949] (px4_msgs) StdoutLine: {'line': b'-- Up-to-date: /home/jmj/pro_asp_ws/ws_px4_controls/install/px4_msgs/include/px4_msgs/px4_msgs/msg/event.h\n'}
[0.724012] (px4_msgs) StdoutLine: {'line': b'-- Up-to-date: /home/jmj/pro_asp_ws/ws_px4_controls/install/px4_msgs/include/px4_msgs/px4_msgs/msg/mission_result.h\n'}
[0.724206] (px4_msgs) StdoutLine: {'line': b'-- Up-to-date: /home/jmj/pro_asp_ws/ws_px4_controls/install/px4_msgs/include/px4_msgs/px4_msgs/msg/rosidl_generator_c__visibility_control.h\n'}
[0.724282] (px4_msgs) StdoutLine: {'line': b'-- Up-to-date: /home/jmj/pro_asp_ws/ws_px4_controls/install/px4_msgs/include/px4_msgs/px4_msgs/msg/fixed_wing_lateral_setpoint.h\n'}
[0.724352] (px4_msgs) StdoutLine: {'line': b'-- Up-to-date: /home/jmj/pro_asp_ws/ws_px4_controls/install/px4_msgs/include/px4_msgs/px4_msgs/msg/trajectory_setpoint6dof.h\n'}
[0.724939] (px4_msgs) StdoutLine: {'line': b'-- Up-to-date: /home/jmj/pro_asp_ws/ws_px4_controls/install/px4_msgs/include/px4_msgs/px4_msgs/msg/esc_report.h\n'}
[0.725039] (px4_msgs) StdoutLine: {'line': b'-- Up-to-date: /home/jmj/pro_asp_ws/ws_px4_controls/install/px4_msgs/include/px4_msgs/px4_msgs/msg/message_format_request.h\n'}
[0.725097] (px4_msgs) StdoutLine: {'line': b'-- Up-to-date: /home/jmj/pro_asp_ws/ws_px4_controls/install/px4_msgs/include/px4_msgs/px4_msgs/msg/sensor_selection.h\n'}
[0.725141] (px4_msgs) StdoutLine: {'line': b'-- Up-to-date: /home/jmj/pro_asp_ws/ws_px4_controls/install/px4_msgs/include/px4_msgs/px4_msgs/msg/estimator_states.h\n'}
[0.725178] (px4_msgs) StdoutLine: {'line': b'-- Up-to-date: /home/jmj/pro_asp_ws/ws_px4_controls/install/px4_msgs/include/px4_msgs/px4_msgs/msg/timesync_status.h\n'}
[0.725211] (px4_msgs) StdoutLine: {'line': b'-- Up-to-date: /home/jmj/pro_asp_ws/ws_px4_controls/install/px4_msgs/include/px4_msgs/px4_msgs/msg/arming_check_reply.h\n'}
[0.725246] (px4_msgs) StdoutLine: {'line': b'-- Up-to-date: /home/jmj/pro_asp_ws/ws_px4_controls/install/px4_msgs/include/px4_msgs/px4_msgs/msg/gimbal_manager_set_manual_control.h\n'}
[0.725283] (px4_msgs) StdoutLine: {'line': b'-- Up-to-date: /home/jmj/pro_asp_ws/ws_px4_controls/install/px4_msgs/include/px4_msgs/px4_msgs/msg/figure_eight_status.h\n'}
[0.725333] (px4_msgs) StdoutLine: {'line': b'-- Up-to-date: /home/jmj/pro_asp_ws/ws_px4_controls/install/px4_msgs/include/px4_msgs/px4_msgs/msg/uavcan_parameter_value.h\n'}
[0.725405] (px4_msgs) StdoutLine: {'line': b'-- Up-to-date: /home/jmj/pro_asp_ws/ws_px4_controls/install/px4_msgs/include/px4_msgs/px4_msgs/msg/airspeed_validated.h\n'}
[0.725454] (px4_msgs) StdoutLine: {'line': b'-- Up-to-date: /home/jmj/pro_asp_ws/ws_px4_controls/install/px4_msgs/include/px4_msgs/px4_msgs/msg/debug_key_value.h\n'}
[0.725504] (px4_msgs) StdoutLine: {'line': b'-- Up-to-date: /home/jmj/pro_asp_ws/ws_px4_controls/install/px4_msgs/include/px4_msgs/px4_msgs/msg/gpio_config.h\n'}
[0.725553] (px4_msgs) StdoutLine: {'line': b'-- Up-to-date: /home/jmj/pro_asp_ws/ws_px4_controls/install/px4_msgs/include/px4_msgs/px4_msgs/msg/estimator_bias3d.h\n'}
[0.725601] (px4_msgs) StdoutLine: {'line': b'-- Up-to-date: /home/jmj/pro_asp_ws/ws_px4_controls/install/px4_msgs/include/px4_msgs/px4_msgs/msg/can_interface_status.h\n'}
[0.725688] (px4_msgs) StdoutLine: {'line': b'-- Up-to-date: /home/jmj/pro_asp_ws/ws_px4_controls/install/px4_msgs/include/px4_msgs/px4_msgs/msg/rover_attitude_status.h\n'}
[0.725741] (px4_msgs) StdoutLine: {'line': b'-- Up-to-date: /home/jmj/pro_asp_ws/ws_px4_controls/install/px4_msgs/include/px4_msgs/px4_msgs/msg/landing_target_pose.h\n'}
[0.725795] (px4_msgs) StdoutLine: {'line': b'-- Up-to-date: /home/jmj/pro_asp_ws/ws_px4_controls/install/px4_msgs/include/px4_msgs/px4_msgs/msg/input_rc.h\n'}
[0.725839] (px4_msgs) StdoutLine: {'line': b'-- Up-to-date: /home/jmj/pro_asp_ws/ws_px4_controls/install/px4_msgs/include/px4_msgs/px4_msgs/msg/orb_test_medium.h\n'}
[0.725880] (px4_msgs) StdoutLine: {'line': b'-- Up-to-date: /home/jmj/pro_asp_ws/ws_px4_controls/install/px4_msgs/include/px4_msgs/px4_msgs/msg/button_event.h\n'}
[0.725923] (px4_msgs) StdoutLine: {'line': b'-- Up-to-date: /home/jmj/pro_asp_ws/ws_px4_controls/install/px4_msgs/include/px4_msgs/px4_msgs/msg/adc_report.h\n'}
[0.725960] (px4_msgs) StdoutLine: {'line': b'-- Up-to-date: /home/jmj/pro_asp_ws/ws_px4_controls/install/px4_msgs/include/px4_msgs/px4_msgs/msg/parameter_reset_request.h\n'}
[0.726026] (px4_msgs) StdoutLine: {'line': b'-- Up-to-date: /home/jmj/pro_asp_ws/ws_px4_controls/install/px4_msgs/include/px4_msgs/px4_msgs/msg/log_message.h\n'}
[0.726076] (px4_msgs) StdoutLine: {'line': b'-- Up-to-date: /home/jmj/pro_asp_ws/ws_px4_controls/install/px4_msgs/include/px4_msgs/px4_msgs/msg/power_monitor.h\n'}
[0.726128] (px4_msgs) StdoutLine: {'line': b'-- Up-to-date: /home/jmj/pro_asp_ws/ws_px4_controls/install/px4_msgs/include/px4_msgs/px4_msgs/msg/fuel_tank_status.h\n'}
[0.726165] (px4_msgs) StdoutLine: {'line': b'-- Up-to-date: /home/jmj/pro_asp_ws/ws_px4_controls/install/px4_msgs/include/px4_msgs/px4_msgs/msg/actuator_test.h\n'}
[0.726208] (px4_msgs) StdoutLine: {'line': b'-- Up-to-date: /home/jmj/pro_asp_ws/ws_px4_controls/install/px4_msgs/include/px4_msgs/px4_msgs/msg/internal_combustion_engine_status.h\n'}
[0.726274] (px4_msgs) StdoutLine: {'line': b'-- Up-to-date: /home/jmj/pro_asp_ws/ws_px4_controls/install/px4_msgs/include/px4_msgs/px4_msgs/msg/detail\n'}
[0.726348] (px4_msgs) StdoutLine: {'line': b'-- Up-to-date: /home/jmj/pro_asp_ws/ws_px4_controls/install/px4_msgs/include/px4_msgs/px4_msgs/msg/detail/radio_status__functions.h\n'}
[0.726405] (px4_msgs) StdoutLine: {'line': b'-- Up-to-date: /home/jmj/pro_asp_ws/ws_px4_controls/install/px4_msgs/include/px4_msgs/px4_msgs/msg/detail/wind__struct.h\n'}
[0.726550] (px4_msgs) StdoutLine: {'line': b'-- Up-to-date: /home/jmj/pro_asp_ws/ws_px4_controls/install/px4_msgs/include/px4_msgs/px4_msgs/msg/detail/actuator_test__functions.c\n'}
[0.726621] (px4_msgs) StdoutLine: {'line': b'-- Up-to-date: /home/jmj/pro_asp_ws/ws_px4_controls/install/px4_msgs/include/px4_msgs/px4_msgs/msg/detail/cpuload__functions.c\n'}
[0.726680] (px4_msgs) StdoutLine: {'line': b'-- Up-to-date: /home/jmj/pro_asp_ws/ws_px4_controls/install/px4_msgs/include/px4_msgs/px4_msgs/msg/detail/mavlink_tunnel__type_support.h\n'}
[0.726733] (px4_msgs) StdoutLine: {'line': b'-- Up-to-date: /home/jmj/pro_asp_ws/ws_px4_controls/install/px4_msgs/include/px4_msgs/px4_msgs/msg/detail/rover_attitude_status__type_support.h\n'}
[0.726806] (px4_msgs) StdoutLine: {'line': b'-- Up-to-date: /home/jmj/pro_asp_ws/ws_px4_controls/install/px4_msgs/include/px4_msgs/px4_msgs/msg/detail/log_message__functions.h\n'}
[0.726866] (px4_msgs) StdoutLine: {'line': b'-- Up-to-date: /home/jmj/pro_asp_ws/ws_px4_controls/install/px4_msgs/include/px4_msgs/px4_msgs/msg/detail/airspeed_wind__type_support.h\n'}
[0.726922] (px4_msgs) StdoutLine: {'line': b'-- Up-to-date: /home/jmj/pro_asp_ws/ws_px4_controls/install/px4_msgs/include/px4_msgs/px4_msgs/msg/detail/sensor_selection__type_support.h\n'}
[0.727265] (px4_msgs) StdoutLine: {'line': b'-- Up-to-date: /home/jmj/pro_asp_ws/ws_px4_controls/install/px4_msgs/include/px4_msgs/px4_msgs/msg/detail/gimbal_device_information__struct.h\n'}
[0.727362] (px4_msgs) StdoutLine: {'line': b'-- Up-to-date: /home/jmj/pro_asp_ws/ws_px4_controls/install/px4_msgs/include/px4_msgs/px4_msgs/msg/detail/distance_sensor_mode_change_request__type_support.h\n'}
[0.727740] (px4_msgs) StdoutLine: {'line': b'-- Up-to-date: /home/jmj/pro_asp_ws/ws_px4_controls/install/px4_msgs/include/px4_msgs/px4_msgs/msg/detail/rover_velocity_status__functions.c\n'}
[0.727850] (px4_msgs) StdoutLine: {'line': b'-- Up-to-date: /home/jmj/pro_asp_ws/ws_px4_controls/install/px4_msgs/include/px4_msgs/px4_msgs/msg/detail/actuator_test__type_support.h\n'}
[0.727896] (px4_msgs) StdoutLine: {'line': b'-- Up-to-date: /home/jmj/pro_asp_ws/ws_px4_controls/install/px4_msgs/include/px4_msgs/px4_msgs/msg/detail/vehicle_angular_acceleration_setpoint__functions.c\n'}
[0.728023] (px4_msgs) StdoutLine: {'line': b'-- Up-to-date: /home/jmj/pro_asp_ws/ws_px4_controls/install/px4_msgs/include/px4_msgs/px4_msgs/msg/detail/landing_target_innovations__functions.h\n'}
[0.728065] (px4_msgs) StdoutLine: {'line': b'-- Up-to-date: /home/jmj/pro_asp_ws/ws_px4_controls/install/px4_msgs/include/px4_msgs/px4_msgs/msg/detail/arming_check_request__type_support.h\n'}
[0.728103] (px4_msgs) StdoutLine: {'line': b'-- Up-to-date: /home/jmj/pro_asp_ws/ws_px4_controls/install/px4_msgs/include/px4_msgs/px4_msgs/msg/detail/camera_capture__struct.h\n'}
[0.728142] (px4_msgs) StdoutLine: {'line': b'-- Up-to-date: /home/jmj/pro_asp_ws/ws_px4_controls/install/px4_msgs/include/px4_msgs/px4_msgs/msg/detail/vehicle_status__functions.c\n'}
[0.728177] (px4_msgs) StdoutLine: {'line': b'-- Up-to-date: /home/jmj/pro_asp_ws/ws_px4_controls/install/px4_msgs/include/px4_msgs/px4_msgs/msg/detail/rtl_status__functions.c\n'}
[0.728210] (px4_msgs) StdoutLine: {'line': b'-- Up-to-date: /home/jmj/pro_asp_ws/ws_px4_controls/install/px4_msgs/include/px4_msgs/px4_msgs/msg/detail/rover_rate_status__functions.c\n'}
[0.728243] (px4_msgs) StdoutLine: {'line': b'-- Up-to-date: /home/jmj/pro_asp_ws/ws_px4_controls/install/px4_msgs/include/px4_msgs/px4_msgs/msg/detail/logger_status__functions.c\n'}
[0.728276] (px4_msgs) StdoutLine: {'line': b'-- Up-to-date: /home/jmj/pro_asp_ws/ws_px4_controls/install/px4_msgs/include/px4_msgs/px4_msgs/msg/detail/parameter_reset_request__functions.h\n'}
[0.728315] (px4_msgs) StdoutLine: {'line': b'-- Up-to-date: /home/jmj/pro_asp_ws/ws_px4_controls/install/px4_msgs/include/px4_msgs/px4_msgs/msg/detail/can_interface_status__functions.c\n'}
[0.728358] (px4_msgs) StdoutLine: {'line': b'-- Up-to-date: /home/jmj/pro_asp_ws/ws_px4_controls/install/px4_msgs/include/px4_msgs/px4_msgs/msg/detail/led_control__type_support.h\n'}
[0.728408] (px4_msgs) StdoutLine: {'line': b'-- Up-to-date: /home/jmj/pro_asp_ws/ws_px4_controls/install/px4_msgs/include/px4_msgs/px4_msgs/msg/detail/follow_target__struct.h\n'}
[0.728454] (px4_msgs) StdoutLine: {'line': b'-- Up-to-date: /home/jmj/pro_asp_ws/ws_px4_controls/install/px4_msgs/include/px4_msgs/px4_msgs/msg/detail/power_monitor__functions.h\n'}
[0.728493] (px4_msgs) StdoutLine: {'line': b'-- Up-to-date: /home/jmj/pro_asp_ws/ws_px4_controls/install/px4_msgs/include/px4_msgs/px4_msgs/msg/detail/debug_value__struct.h\n'}
[0.728527] (px4_msgs) StdoutLine: {'line': b'-- Up-to-date: /home/jmj/pro_asp_ws/ws_px4_controls/install/px4_msgs/include/px4_msgs/px4_msgs/msg/detail/rover_velocity_setpoint__struct.h\n'}
[0.728561] (px4_msgs) StdoutLine: {'line': b'-- Up-to-date: /home/jmj/pro_asp_ws/ws_px4_controls/install/px4_msgs/include/px4_msgs/px4_msgs/msg/detail/landing_target_innovations__functions.c\n'}
[0.728601] (px4_msgs) StdoutLine: {'line': b'-- Up-to-date: /home/jmj/pro_asp_ws/ws_px4_controls/install/px4_msgs/include/px4_msgs/px4_msgs/msg/detail/vehicle_thrust_setpoint__struct.h\n'}
[0.728666] (px4_msgs) StdoutLine: {'line': b'-- Up-to-date: /home/jmj/pro_asp_ws/ws_px4_controls/install/px4_msgs/include/px4_msgs/px4_msgs/msg/detail/gripper__type_support.h\n'}
[0.728702] (px4_msgs) StdoutLine: {'line': b'-- Up-to-date: /home/jmj/pro_asp_ws/ws_px4_controls/install/px4_msgs/include/px4_msgs/px4_msgs/msg/detail/normalized_unsigned_setpoint__functions.c\n'}
[0.728734] (px4_msgs) StdoutLine: {'line': b'-- Up-to-date: /home/jmj/pro_asp_ws/ws_px4_controls/install/px4_msgs/include/px4_msgs/px4_msgs/msg/detail/rover_rate_status__struct.h\n'}
[0.728924] (px4_msgs) StdoutLine: {'line': b'-- Up-to-date: /home/jmj/pro_asp_ws/ws_px4_controls/install/px4_msgs/include/px4_msgs/px4_msgs/msg/detail/mode_completed__functions.c\n'}
[0.728965] (px4_msgs) StdoutLine: {'line': b'-- Up-to-date: /home/jmj/pro_asp_ws/ws_px4_controls/install/px4_msgs/include/px4_msgs/px4_msgs/msg/detail/sensor_preflight_mag__functions.h\n'}
[0.729001] (px4_msgs) StdoutLine: {'line': b'-- Up-to-date: /home/jmj/pro_asp_ws/ws_px4_controls/install/px4_msgs/include/px4_msgs/px4_msgs/msg/detail/landing_gear__functions.h\n'}
[0.729078] (px4_msgs) StdoutLine: {'line': b'-- Up-to-date: /home/jmj/pro_asp_ws/ws_px4_controls/install/px4_msgs/include/px4_msgs/px4_msgs/msg/detail/ping__functions.h\n'}
[0.729138] (px4_msgs) StdoutLine: {'line': b'-- Up-to-date: /home/jmj/pro_asp_ws/ws_px4_controls/install/px4_msgs/include/px4_msgs/px4_msgs/msg/detail/message_format_request__struct.h\n'}
[0.729177] (px4_msgs) StdoutLine: {'line': b'-- Up-to-date: /home/jmj/pro_asp_ws/ws_px4_controls/install/px4_msgs/include/px4_msgs/px4_msgs/msg/detail/internal_combustion_engine_control__functions.h\n'}
[0.729211] (px4_msgs) StdoutLine: {'line': b'-- Up-to-date: /home/jmj/pro_asp_ws/ws_px4_controls/install/px4_msgs/include/px4_msgs/px4_msgs/msg/detail/mission__functions.c\n'}
[0.729249] (px4_msgs) StdoutLine: {'line': b'-- Up-to-date: /home/jmj/pro_asp_ws/ws_px4_controls/install/px4_msgs/include/px4_msgs/px4_msgs/msg/detail/sensor_gyro_fifo__struct.h\n'}
[0.729286] (px4_msgs) StdoutLine: {'line': b'-- Up-to-date: /home/jmj/pro_asp_ws/ws_px4_controls/install/px4_msgs/include/px4_msgs/px4_msgs/msg/detail/estimator_status__functions.h\n'}
[0.729323] (px4_msgs) StdoutLine: {'line': b'-- Up-to-date: /home/jmj/pro_asp_ws/ws_px4_controls/install/px4_msgs/include/px4_msgs/px4_msgs/msg/detail/unregister_ext_component__struct.h\n'}
[0.729359] (px4_msgs) StdoutLine: {'line': b'-- Up-to-date: /home/jmj/pro_asp_ws/ws_px4_controls/install/px4_msgs/include/px4_msgs/px4_msgs/msg/detail/register_ext_component_reply__type_support.h\n'}
[0.729543] (px4_msgs) StdoutLine: {'line': b'-- Up-to-date: /home/jmj/pro_asp_ws/ws_px4_controls/install/px4_msgs/include/px4_msgs/px4_msgs/msg/detail/trajectory_setpoint6dof__functions.c\n'}
[0.729582] (px4_msgs) StdoutLine: {'line': b'-- Up-to-date: /home/jmj/pro_asp_ws/ws_px4_controls/install/px4_msgs/include/px4_msgs/px4_msgs/msg/detail/navigator_mission_item__struct.h\n'}
[0.729617] (px4_msgs) StdoutLine: {'line': b'-- Up-to-date: /home/jmj/pro_asp_ws/ws_px4_controls/install/px4_msgs/include/px4_msgs/px4_msgs/msg/detail/adc_report__struct.h\n'}
[0.729651] (px4_msgs) StdoutLine: {'line': b'-- Up-to-date: /home/jmj/pro_asp_ws/ws_px4_controls/install/px4_msgs/include/px4_msgs/px4_msgs/msg/detail/yaw_estimator_status__functions.h\n'}
[0.729687] (px4_msgs) StdoutLine: {'line': b'-- Up-to-date: /home/jmj/pro_asp_ws/ws_px4_controls/install/px4_msgs/include/px4_msgs/px4_msgs/msg/detail/parameter_set_used_request__functions.h\n'}
[0.729721] (px4_msgs) StdoutLine: {'line': b'-- Up-to-date: /home/jmj/pro_asp_ws/ws_px4_controls/install/px4_msgs/include/px4_msgs/px4_msgs/msg/detail/px4io_status__functions.c\n'}
[0.729754] (px4_msgs) StdoutLine: {'line': b'-- Up-to-date: /home/jmj/pro_asp_ws/ws_px4_controls/install/px4_msgs/include/px4_msgs/px4_msgs/msg/detail/esc_status__type_support.h\n'}
[0.729796] (px4_msgs) StdoutLine: {'line': b'-- Up-to-date: /home/jmj/pro_asp_ws/ws_px4_controls/install/px4_msgs/include/px4_msgs/px4_msgs/msg/detail/position_controller_status__struct.h\n'}
[0.729830] (px4_msgs) StdoutLine: {'line': b'-- Up-to-date: /home/jmj/pro_asp_ws/ws_px4_controls/install/px4_msgs/include/px4_msgs/px4_msgs/msg/detail/tiltrotor_extra_controls__struct.h\n'}
[0.729863] (px4_msgs) StdoutLine: {'line': b'-- Up-to-date: /home/jmj/pro_asp_ws/ws_px4_controls/install/px4_msgs/include/px4_msgs/px4_msgs/msg/detail/sensor_airflow__functions.h\n'}
[0.729896] (px4_msgs) StdoutLine: {'line': b'-- Up-to-date: /home/jmj/pro_asp_ws/ws_px4_controls/install/px4_msgs/include/px4_msgs/px4_msgs/msg/detail/airspeed_validated__struct.h\n'}
[0.729970] (px4_msgs) StdoutLine: {'line': b'-- Up-to-date: /home/jmj/pro_asp_ws/ws_px4_controls/install/px4_msgs/include/px4_msgs/px4_msgs/msg/detail/gpio_out__struct.h\n'}
[0.730006] (px4_msgs) StdoutLine: {'line': b'-- Up-to-date: /home/jmj/pro_asp_ws/ws_px4_controls/install/px4_msgs/include/px4_msgs/px4_msgs/msg/detail/fixed_wing_lateral_guidance_status__type_support.h\n'}
[0.730039] (px4_msgs) StdoutLine: {'line': b'-- Up-to-date: /home/jmj/pro_asp_ws/ws_px4_controls/install/px4_msgs/include/px4_msgs/px4_msgs/msg/detail/gpio_config__functions.c\n'}
[0.730087] (px4_msgs) StdoutLine: {'line': b'-- Up-to-date: /home/jmj/pro_asp_ws/ws_px4_controls/install/px4_msgs/include/px4_msgs/px4_msgs/msg/detail/estimator_event_flags__functions.h\n'}
[0.730122] (px4_msgs) StdoutLine: {'line': b'-- Up-to-date: /home/jmj/pro_asp_ws/ws_px4_controls/install/px4_msgs/include/px4_msgs/px4_msgs/msg/detail/rover_rate_setpoint__struct.h\n'}
[0.730169] (px4_msgs) StdoutLine: {'line': b'-- Up-to-date: /home/jmj/pro_asp_ws/ws_px4_controls/install/px4_msgs/include/px4_msgs/px4_msgs/msg/detail/manual_control_setpoint__functions.c\n'}
[0.730228] (px4_msgs) StdoutLine: {'line': b'-- Up-to-date: /home/jmj/pro_asp_ws/ws_px4_controls/install/px4_msgs/include/px4_msgs/px4_msgs/msg/detail/wheel_encoders__struct.h\n'}
[0.730381] (px4_msgs) StdoutLine: {'line': b'-- Up-to-date: /home/jmj/pro_asp_ws/ws_px4_controls/install/px4_msgs/include/px4_msgs/px4_msgs/msg/detail/rc_parameter_map__type_support.h\n'}
[0.730505] (px4_msgs) StdoutLine: {'line': b'-- Up-to-date: /home/jmj/pro_asp_ws/ws_px4_controls/install/px4_msgs/include/px4_msgs/px4_msgs/msg/detail/estimator_sensor_bias__type_support.h\n'}
[0.730608] (px4_msgs) StdoutLine: {'line': b'-- Up-to-date: /home/jmj/pro_asp_ws/ws_px4_controls/install/px4_msgs/include/px4_msgs/px4_msgs/msg/detail/sensor_combined__struct.h\n'}
[0.730811] (px4_msgs) StdoutLine: {'line': b'-- Up-to-date: /home/jmj/pro_asp_ws/ws_px4_controls/install/px4_msgs/include/px4_msgs/px4_msgs/msg/detail/vehicle_status__functions.h\n'}
[0.730924] (px4_msgs) StdoutLine: {'line': b'-- Up-to-date: /home/jmj/pro_asp_ws/ws_px4_controls/install/px4_msgs/include/px4_msgs/px4_msgs/msg/detail/fixed_wing_runway_control__type_support.h\n'}
[0.730967] (px4_msgs) StdoutLine: {'line': b'-- Up-to-date: /home/jmj/pro_asp_ws/ws_px4_controls/install/px4_msgs/include/px4_msgs/px4_msgs/msg/detail/uavcan_parameter_value__struct.h\n'}
[0.731003] (px4_msgs) StdoutLine: {'line': b'-- Up-to-date: /home/jmj/pro_asp_ws/ws_px4_controls/install/px4_msgs/include/px4_msgs/px4_msgs/msg/detail/sensor_gyro__functions.c\n'}
[0.731038] (px4_msgs) StdoutLine: {'line': b'-- Up-to-date: /home/jmj/pro_asp_ws/ws_px4_controls/install/px4_msgs/include/px4_msgs/px4_msgs/msg/detail/vehicle_local_position__type_support.h\n'}
[0.731075] (px4_msgs) StdoutLine: {'line': b'-- Up-to-date: /home/jmj/pro_asp_ws/ws_px4_controls/install/px4_msgs/include/px4_msgs/px4_msgs/msg/detail/vehicle_local_position__functions.c\n'}
[0.731110] (px4_msgs) StdoutLine: {'line': b'-- Up-to-date: /home/jmj/pro_asp_ws/ws_px4_controls/install/px4_msgs/include/px4_msgs/px4_msgs/msg/detail/longitudinal_control_configuration__struct.h\n'}
[0.731144] (px4_msgs) StdoutLine: {'line': b'-- Up-to-date: /home/jmj/pro_asp_ws/ws_px4_controls/install/px4_msgs/include/px4_msgs/px4_msgs/msg/detail/health_report__functions.c\n'}
[0.731179] (px4_msgs) StdoutLine: {'line': b'-- Up-to-date: /home/jmj/pro_asp_ws/ws_px4_controls/install/px4_msgs/include/px4_msgs/px4_msgs/msg/detail/open_drone_id_operator_id__functions.c\n'}
[0.731350] (px4_msgs) StdoutLine: {'line': b'-- Up-to-date: /home/jmj/pro_asp_ws/ws_px4_controls/install/px4_msgs/include/px4_msgs/px4_msgs/msg/detail/vehicle_magnetometer__functions.h\n'}
[0.731385] (px4_msgs) StdoutLine: {'line': b'-- Up-to-date: /home/jmj/pro_asp_ws/ws_px4_controls/install/px4_msgs/include/px4_msgs/px4_msgs/msg/detail/debug_array__functions.c\n'}
[0.731417] (px4_msgs) StdoutLine: {'line': b'-- Up-to-date: /home/jmj/pro_asp_ws/ws_px4_controls/install/px4_msgs/include/px4_msgs/px4_msgs/msg/detail/sensor_uwb__type_support.h\n'}
[0.731484] (px4_msgs) StdoutLine: {'line': b'-- Up-to-date: /home/jmj/pro_asp_ws/ws_px4_controls/install/px4_msgs/include/px4_msgs/px4_msgs/msg/detail/sensor_baro__functions.c\n'}
[0.731516] (px4_msgs) StdoutLine: {'line': b'-- Up-to-date: /home/jmj/pro_asp_ws/ws_px4_controls/install/px4_msgs/include/px4_msgs/px4_msgs/msg/detail/ulog_stream_ack__functions.h\n'}
[0.731551] (px4_msgs) StdoutLine: {'line': b'-- Up-to-date: /home/jmj/pro_asp_ws/ws_px4_controls/install/px4_msgs/include/px4_msgs/px4_msgs/msg/detail/takeoff_status__struct.h\n'}
[0.731582] (px4_msgs) StdoutLine: {'line': b'-- Up-to-date: /home/jmj/pro_asp_ws/ws_px4_controls/install/px4_msgs/include/px4_msgs/px4_msgs/msg/detail/gimbal_manager_set_attitude__struct.h\n'}
[0.731613] (px4_msgs) StdoutLine: {'line': b'-- Up-to-date: /home/jmj/pro_asp_ws/ws_px4_controls/install/px4_msgs/include/px4_msgs/px4_msgs/msg/detail/geofence_status__functions.h\n'}
[0.731644] (px4_msgs) StdoutLine: {'line': b'-- Up-to-date: /home/jmj/pro_asp_ws/ws_px4_controls/install/px4_msgs/include/px4_msgs/px4_msgs/msg/detail/orb_test_large__functions.c\n'}
[0.731675] (px4_msgs) StdoutLine: {'line': b'-- Up-to-date: /home/jmj/pro_asp_ws/ws_px4_controls/install/px4_msgs/include/px4_msgs/px4_msgs/msg/detail/rc_parameter_map__functions.h\n'}
[0.731706] (px4_msgs) StdoutLine: {'line': b'-- Up-to-date: /home/jmj/pro_asp_ws/ws_px4_controls/install/px4_msgs/include/px4_msgs/px4_msgs/msg/detail/estimator_aid_source1d__type_support.h\n'}
[0.731735] (px4_msgs) StdoutLine: {'line': b'-- Up-to-date: /home/jmj/pro_asp_ws/ws_px4_controls/install/px4_msgs/include/px4_msgs/px4_msgs/msg/detail/parameter_set_value_response__struct.h\n'}
[0.731836] (px4_msgs) StdoutLine: {'line': b'-- Up-to-date: /home/jmj/pro_asp_ws/ws_px4_controls/install/px4_msgs/include/px4_msgs/px4_msgs/msg/detail/vehicle_attitude_setpoint__functions.h\n'}
[0.731956] (px4_msgs) StdoutLine: {'line': b'-- Up-to-date: /home/jmj/pro_asp_ws/ws_px4_controls/install/px4_msgs/include/px4_msgs/px4_msgs/msg/detail/task_stack_info__struct.h\n'}
[0.731988] (px4_msgs) StdoutLine: {'line': b'-- Up-to-date: /home/jmj/pro_asp_ws/ws_px4_controls/install/px4_msgs/include/px4_msgs/px4_msgs/msg/detail/control_allocator_status__type_support.h\n'}
[0.732022] (px4_msgs) StdoutLine: {'line': b'-- Up-to-date: /home/jmj/pro_asp_ws/ws_px4_controls/install/px4_msgs/include/px4_msgs/px4_msgs/msg/detail/vehicle_constraints__functions.h\n'}
[0.732054] (px4_msgs) StdoutLine: {'line': b'-- Up-to-date: /home/jmj/pro_asp_ws/ws_px4_controls/install/px4_msgs/include/px4_msgs/px4_msgs/msg/detail/radio_status__type_support.h\n'}
[0.732086] (px4_msgs) StdoutLine: {'line': b'-- Up-to-date: /home/jmj/pro_asp_ws/ws_px4_controls/install/px4_msgs/include/px4_msgs/px4_msgs/msg/detail/parameter_set_value_request__functions.h\n'}
[0.732118] (px4_msgs) StdoutLine: {'line': b'-- Up-to-date: /home/jmj/pro_asp_ws/ws_px4_controls/install/px4_msgs/include/px4_msgs/px4_msgs/msg/detail/rpm__type_support.h\n'}
[0.732150] (px4_msgs) StdoutLine: {'line': b'-- Up-to-date: /home/jmj/pro_asp_ws/ws_px4_controls/install/px4_msgs/include/px4_msgs/px4_msgs/msg/detail/home_position__functions.c\n'}
[0.732181] (px4_msgs) StdoutLine: {'line': b'-- Up-to-date: /home/jmj/pro_asp_ws/ws_px4_controls/install/px4_msgs/include/px4_msgs/px4_msgs/msg/detail/manual_control_switches__functions.c\n'}
[0.732210] (px4_msgs) StdoutLine: {'line': b'-- Up-to-date: /home/jmj/pro_asp_ws/ws_px4_controls/install/px4_msgs/include/px4_msgs/px4_msgs/msg/detail/sensor_gyro__type_support.h\n'}
[0.732241] (px4_msgs) StdoutLine: {'line': b'-- Up-to-date: /home/jmj/pro_asp_ws/ws_px4_controls/install/px4_msgs/include/px4_msgs/px4_msgs/msg/detail/debug_key_value__functions.c\n'}
[0.732271] (px4_msgs) StdoutLine: {'line': b'-- Up-to-date: /home/jmj/pro_asp_ws/ws_px4_controls/install/px4_msgs/include/px4_msgs/px4_msgs/msg/detail/actuator_armed__functions.c\n'}
[0.732300] (px4_msgs) StdoutLine: {'line': b'-- Up-to-date: /home/jmj/pro_asp_ws/ws_px4_controls/install/px4_msgs/include/px4_msgs/px4_msgs/msg/detail/distance_sensor__functions.h\n'}
[0.732343] (px4_msgs) StdoutLine: {'line': b'-- Up-to-date: /home/jmj/pro_asp_ws/ws_px4_controls/install/px4_msgs/include/px4_msgs/px4_msgs/msg/detail/airspeed_validated__type_support.h\n'}
[0.732374] (px4_msgs) StdoutLine: {'line': b'-- Up-to-date: /home/jmj/pro_asp_ws/ws_px4_controls/install/px4_msgs/include/px4_msgs/px4_msgs/msg/detail/orb_test__type_support.h\n'}
[0.732404] (px4_msgs) StdoutLine: {'line': b'-- Up-to-date: /home/jmj/pro_asp_ws/ws_px4_controls/install/px4_msgs/include/px4_msgs/px4_msgs/msg/detail/sensor_accel__functions.h\n'}
[0.732435] (px4_msgs) StdoutLine: {'line': b'-- Up-to-date: /home/jmj/pro_asp_ws/ws_px4_controls/install/px4_msgs/include/px4_msgs/px4_msgs/msg/detail/mission_result__type_support.h\n'}
[0.732467] (px4_msgs) StdoutLine: {'line': b'-- Up-to-date: /home/jmj/pro_asp_ws/ws_px4_controls/install/px4_msgs/include/px4_msgs/px4_msgs/msg/detail/estimator_aid_source1d__functions.c\n'}
[0.732689] (px4_msgs) StdoutLine: {'line': b'-- Up-to-date: /home/jmj/pro_asp_ws/ws_px4_controls/install/px4_msgs/include/px4_msgs/px4_msgs/msg/detail/battery_status__struct.h\n'}
[0.732725] (px4_msgs) StdoutLine: {'line': b'-- Up-to-date: /home/jmj/pro_asp_ws/ws_px4_controls/install/px4_msgs/include/px4_msgs/px4_msgs/msg/detail/sensor_optical_flow__type_support.h\n'}
[0.732867] (px4_msgs) StdoutLine: {'line': b'-- Up-to-date: /home/jmj/pro_asp_ws/ws_px4_controls/install/px4_msgs/include/px4_msgs/px4_msgs/msg/detail/sensor_optical_flow__struct.h\n'}
[0.732907] (px4_msgs) StdoutLine: {'line': b'-- Up-to-date: /home/jmj/pro_asp_ws/ws_px4_controls/install/px4_msgs/include/px4_msgs/px4_msgs/msg/detail/estimator_bias__type_support.h\n'}
[0.732937] (px4_msgs) StdoutLine: {'line': b'-- Up-to-date: /home/jmj/pro_asp_ws/ws_px4_controls/install/px4_msgs/include/px4_msgs/px4_msgs/msg/detail/vehicle_imu__struct.h\n'}
[0.732967] (px4_msgs) StdoutLine: {'line': b'-- Up-to-date: /home/jmj/pro_asp_ws/ws_px4_controls/install/px4_msgs/include/px4_msgs/px4_msgs/msg/detail/sensor_airflow__struct.h\n'}
[0.732999] (px4_msgs) StdoutLine: {'line': b'-- Up-to-date: /home/jmj/pro_asp_ws/ws_px4_controls/install/px4_msgs/include/px4_msgs/px4_msgs/msg/detail/landing_target_pose__functions.c\n'}
[0.733034] (px4_msgs) StdoutLine: {'line': b'-- Up-to-date: /home/jmj/pro_asp_ws/ws_px4_controls/install/px4_msgs/include/px4_msgs/px4_msgs/msg/detail/tecs_status__functions.h\n'}
[0.733066] (px4_msgs) StdoutLine: {'line': b'-- Up-to-date: /home/jmj/pro_asp_ws/ws_px4_controls/install/px4_msgs/include/px4_msgs/px4_msgs/msg/detail/follow_target_estimator__functions.c\n'}
[0.733097] (px4_msgs) StdoutLine: {'line': b'-- Up-to-date: /home/jmj/pro_asp_ws/ws_px4_controls/install/px4_msgs/include/px4_msgs/px4_msgs/msg/detail/sensor_selection__struct.h\n'}
[0.733202] (px4_msgs) StdoutLine: {'line': b'-- Up-to-date: /home/jmj/pro_asp_ws/ws_px4_controls/install/px4_msgs/include/px4_msgs/px4_msgs/msg/detail/debug_key_value__functions.h\n'}
[0.733239] (px4_msgs) StdoutLine: {'line': b'-- Up-to-date: /home/jmj/pro_asp_ws/ws_px4_controls/install/px4_msgs/include/px4_msgs/px4_msgs/msg/detail/rover_position_setpoint__struct.h\n'}
[0.733273] (px4_msgs) StdoutLine: {'line': b'-- Up-to-date: /home/jmj/pro_asp_ws/ws_px4_controls/install/px4_msgs/include/px4_msgs/px4_msgs/msg/detail/mission__struct.h\n'}
[0.733305] (px4_msgs) StdoutLine: {'line': b'-- Up-to-date: /home/jmj/pro_asp_ws/ws_px4_controls/install/px4_msgs/include/px4_msgs/px4_msgs/msg/detail/manual_control_switches__functions.h\n'}
[0.733336] (px4_msgs) StdoutLine: {'line': b'-- Up-to-date: /home/jmj/pro_asp_ws/ws_px4_controls/install/px4_msgs/include/px4_msgs/px4_msgs/msg/detail/trajectory_setpoint__functions.h\n'}
[0.733368] (px4_msgs) StdoutLine: {'line': b'-- Up-to-date: /home/jmj/pro_asp_ws/ws_px4_controls/install/px4_msgs/include/px4_msgs/px4_msgs/msg/detail/actuator_armed__struct.h\n'}
[0.733399] (px4_msgs) StdoutLine: {'line': b'-- Up-to-date: /home/jmj/pro_asp_ws/ws_px4_controls/install/px4_msgs/include/px4_msgs/px4_msgs/msg/detail/rover_position_setpoint__type_support.h\n'}
[0.733530] (px4_msgs) StdoutLine: {'line': b'-- Up-to-date: /home/jmj/pro_asp_ws/ws_px4_controls/install/px4_msgs/include/px4_msgs/px4_msgs/msg/detail/position_setpoint_triplet__struct.h\n'}
[0.733567] (px4_msgs) StdoutLine: {'line': b'-- Up-to-date: /home/jmj/pro_asp_ws/ws_px4_controls/install/px4_msgs/include/px4_msgs/px4_msgs/msg/detail/uavcan_parameter_request__type_support.h\n'}
[0.733601] (px4_msgs) StdoutLine: {'line': b'-- Up-to-date: /home/jmj/pro_asp_ws/ws_px4_controls/install/px4_msgs/include/px4_msgs/px4_msgs/msg/detail/health_report__struct.h\n'}
[0.733633] (px4_msgs) StdoutLine: {'line': b'-- Up-to-date: /home/jmj/pro_asp_ws/ws_px4_controls/install/px4_msgs/include/px4_msgs/px4_msgs/msg/detail/sensor_mag__functions.c\n'}
[0.733663] (px4_msgs) StdoutLine: {'line': b'-- Up-to-date: /home/jmj/pro_asp_ws/ws_px4_controls/install/px4_msgs/include/px4_msgs/px4_msgs/msg/detail/esc_status__functions.h\n'}
[0.733697] (px4_msgs) StdoutLine: {'line': b'-- Up-to-date: /home/jmj/pro_asp_ws/ws_px4_controls/install/px4_msgs/include/px4_msgs/px4_msgs/msg/detail/figure_eight_status__functions.h\n'}
[0.733942] (px4_msgs) StdoutLine: {'line': b'-- Up-to-date: /home/jmj/pro_asp_ws/ws_px4_controls/install/px4_msgs/include/px4_msgs/px4_msgs/msg/detail/vehicle_control_mode__functions.h\n'}
[0.733982] (px4_msgs) StdoutLine: {'line': b'-- Up-to-date: /home/jmj/pro_asp_ws/ws_px4_controls/install/px4_msgs/include/px4_msgs/px4_msgs/msg/detail/vehicle_imu_status__type_support.h\n'}
[0.734017] (px4_msgs) StdoutLine: {'line': b'-- Up-to-date: /home/jmj/pro_asp_ws/ws_px4_controls/install/px4_msgs/include/px4_msgs/px4_msgs/msg/detail/mount_orientation__functions.c\n'}
[0.734049] (px4_msgs) StdoutLine: {'line': b'-- Up-to-date: /home/jmj/pro_asp_ws/ws_px4_controls/install/px4_msgs/include/px4_msgs/px4_msgs/msg/detail/rc_parameter_map__struct.h\n'}
[0.734085] (px4_msgs) StdoutLine: {'line': b'-- Up-to-date: /home/jmj/pro_asp_ws/ws_px4_controls/install/px4_msgs/include/px4_msgs/px4_msgs/msg/detail/hover_thrust_estimate__functions.c\n'}
[0.734114] (px4_msgs) StdoutLine: {'line': b'-- Up-to-date: /home/jmj/pro_asp_ws/ws_px4_controls/install/px4_msgs/include/px4_msgs/px4_msgs/msg/detail/mavlink_log__type_support.h\n'}
[0.734149] (px4_msgs) StdoutLine: {'line': b'-- Up-to-date: /home/jmj/pro_asp_ws/ws_px4_controls/install/px4_msgs/include/px4_msgs/px4_msgs/msg/detail/open_drone_id_arm_status__functions.h\n'}
[0.734313] (px4_msgs) StdoutLine: {'line': b'-- Up-to-date: /home/jmj/pro_asp_ws/ws_px4_controls/install/px4_msgs/include/px4_msgs/px4_msgs/msg/detail/sensors_status_imu__functions.c\n'}
[0.734348] (px4_msgs) StdoutLine: {'line': b'-- Up-to-date: /home/jmj/pro_asp_ws/ws_px4_controls/install/px4_msgs/include/px4_msgs/px4_msgs/msg/detail/flight_phase_estimation__functions.c\n'}
[0.734409] (px4_msgs) StdoutLine: {'line': b'-- Up-to-date: /home/jmj/pro_asp_ws/ws_px4_controls/install/px4_msgs/include/px4_msgs/px4_msgs/msg/detail/orbit_status__functions.h\n'}
[0.734439] (px4_msgs) StdoutLine: {'line': b'-- Up-to-date: /home/jmj/pro_asp_ws/ws_px4_controls/install/px4_msgs/include/px4_msgs/px4_msgs/msg/detail/input_rc__struct.h\n'}
[0.734473] (px4_msgs) StdoutLine: {'line': b'-- Up-to-date: /home/jmj/pro_asp_ws/ws_px4_controls/install/px4_msgs/include/px4_msgs/px4_msgs/msg/detail/mag_worker_data__type_support.h\n'}
[0.734521] (px4_msgs) StdoutLine: {'line': b'-- Up-to-date: /home/jmj/pro_asp_ws/ws_px4_controls/install/px4_msgs/include/px4_msgs/px4_msgs/msg/detail/uavcan_parameter_value__functions.c\n'}
[0.734568] (px4_msgs) StdoutLine: {'line': b'-- Up-to-date: /home/jmj/pro_asp_ws/ws_px4_controls/install/px4_msgs/include/px4_msgs/px4_msgs/msg/detail/distance_sensor__functions.c\n'}
[0.734618] (px4_msgs) StdoutLine: {'line': b'-- Up-to-date: /home/jmj/pro_asp_ws/ws_px4_controls/install/px4_msgs/include/px4_msgs/px4_msgs/msg/detail/vtol_vehicle_status__type_support.h\n'}
[0.734691] (px4_msgs) StdoutLine: {'line': b'-- Up-to-date: /home/jmj/pro_asp_ws/ws_px4_controls/install/px4_msgs/include/px4_msgs/px4_msgs/msg/detail/velocity_limits__functions.h\n'}
[0.734826] (px4_msgs) StdoutLine: {'line': b'-- Up-to-date: /home/jmj/pro_asp_ws/ws_px4_controls/install/px4_msgs/include/px4_msgs/px4_msgs/msg/detail/dataman_response__struct.h\n'}
[0.734871] (px4_msgs) StdoutLine: {'line': b'-- Up-to-date: /home/jmj/pro_asp_ws/ws_px4_controls/install/px4_msgs/include/px4_msgs/px4_msgs/msg/detail/mavlink_tunnel__struct.h\n'}
[0.734904] (px4_msgs) StdoutLine: {'line': b'-- Up-to-date: /home/jmj/pro_asp_ws/ws_px4_controls/install/px4_msgs/include/px4_msgs/px4_msgs/msg/detail/rc_channels__functions.h\n'}
[0.734937] (px4_msgs) StdoutLine: {'line': b'-- Up-to-date: /home/jmj/pro_asp_ws/ws_px4_controls/install/px4_msgs/include/px4_msgs/px4_msgs/msg/detail/transponder_report__type_support.h\n'}
[0.734978] (px4_msgs) StdoutLine: {'line': b'-- Up-to-date: /home/jmj/pro_asp_ws/ws_px4_controls/install/px4_msgs/include/px4_msgs/px4_msgs/msg/detail/rover_throttle_setpoint__functions.c\n'}
[0.735009] (px4_msgs) StdoutLine: {'line': b'-- Up-to-date: /home/jmj/pro_asp_ws/ws_px4_controls/install/px4_msgs/include/px4_msgs/px4_msgs/msg/detail/sensor_correction__functions.c\n'}
[0.735040] (px4_msgs) StdoutLine: {'line': b'-- Up-to-date: /home/jmj/pro_asp_ws/ws_px4_controls/install/px4_msgs/include/px4_msgs/px4_msgs/msg/detail/gimbal_manager_information__struct.h\n'}
[0.735079] (px4_msgs) StdoutLine: {'line': b'-- Up-to-date: /home/jmj/pro_asp_ws/ws_px4_controls/install/px4_msgs/include/px4_msgs/px4_msgs/msg/detail/sensor_baro__type_support.h\n'}
[0.735126] (px4_msgs) StdoutLine: {'line': b'-- Up-to-date: /home/jmj/pro_asp_ws/ws_px4_controls/install/px4_msgs/include/px4_msgs/px4_msgs/msg/detail/can_interface_status__type_support.h\n'}
[0.735205] (px4_msgs) StdoutLine: {'line': b'-- Up-to-date: /home/jmj/pro_asp_ws/ws_px4_controls/install/px4_msgs/include/px4_msgs/px4_msgs/msg/detail/sensor_accel_fifo__functions.c\n'}
[0.735239] (px4_msgs) StdoutLine: {'line': b'-- Up-to-date: /home/jmj/pro_asp_ws/ws_px4_controls/install/px4_msgs/include/px4_msgs/px4_msgs/msg/detail/fixed_wing_lateral_status__type_support.h\n'}
[0.735269] (px4_msgs) StdoutLine: {'line': b'-- Up-to-date: /home/jmj/pro_asp_ws/ws_px4_controls/install/px4_msgs/include/px4_msgs/px4_msgs/msg/detail/geofence_result__functions.h\n'}
[0.735299] (px4_msgs) StdoutLine: {'line': b'-- Up-to-date: /home/jmj/pro_asp_ws/ws_px4_controls/install/px4_msgs/include/px4_msgs/px4_msgs/msg/detail/power_monitor__type_support.h\n'}
[0.735328] (px4_msgs) StdoutLine: {'line': b'-- Up-to-date: /home/jmj/pro_asp_ws/ws_px4_controls/install/px4_msgs/include/px4_msgs/px4_msgs/msg/detail/sensor_preflight_mag__type_support.h\n'}
[0.735358] (px4_msgs) StdoutLine: {'line': b'-- Up-to-date: /home/jmj/pro_asp_ws/ws_px4_controls/install/px4_msgs/include/px4_msgs/px4_msgs/msg/detail/system_power__struct.h\n'}
[0.735386] (px4_msgs) StdoutLine: {'line': b'-- Up-to-date: /home/jmj/pro_asp_ws/ws_px4_controls/install/px4_msgs/include/px4_msgs/px4_msgs/msg/detail/longitudinal_control_configuration__functions.h\n'}
[0.735415] (px4_msgs) StdoutLine: {'line': b'-- Up-to-date: /home/jmj/pro_asp_ws/ws_px4_controls/install/px4_msgs/include/px4_msgs/px4_msgs/msg/detail/orbit_status__functions.c\n'}
[0.735443] (px4_msgs) StdoutLine: {'line': b'-- Up-to-date: /home/jmj/pro_asp_ws/ws_px4_controls/install/px4_msgs/include/px4_msgs/px4_msgs/msg/detail/fixed_wing_lateral_setpoint__functions.c\n'}
[0.735472] (px4_msgs) StdoutLine: {'line': b'-- Up-to-date: /home/jmj/pro_asp_ws/ws_px4_controls/install/px4_msgs/include/px4_msgs/px4_msgs/msg/detail/estimator_selector_status__functions.c\n'}
[0.735499] (px4_msgs) StdoutLine: {'line': b'-- Up-to-date: /home/jmj/pro_asp_ws/ws_px4_controls/install/px4_msgs/include/px4_msgs/px4_msgs/msg/detail/log_message__struct.h\n'}
[0.735605] (px4_msgs) StdoutLine: {'line': b'-- Up-to-date: /home/jmj/pro_asp_ws/ws_px4_controls/install/px4_msgs/include/px4_msgs/px4_msgs/msg/detail/sensor_gnss_relative__struct.h\n'}
[0.735639] (px4_msgs) StdoutLine: {'line': b'-- Up-to-date: /home/jmj/pro_asp_ws/ws_px4_controls/install/px4_msgs/include/px4_msgs/px4_msgs/msg/detail/timesync_status__type_support.h\n'}
[0.735716] (px4_msgs) StdoutLine: {'line': b'-- Up-to-date: /home/jmj/pro_asp_ws/ws_px4_controls/install/px4_msgs/include/px4_msgs/px4_msgs/msg/detail/geofence_result__functions.c\n'}
[0.735748] (px4_msgs) StdoutLine: {'line': b'-- Up-to-date: /home/jmj/pro_asp_ws/ws_px4_controls/install/px4_msgs/include/px4_msgs/px4_msgs/msg/detail/geofence_status__type_support.h\n'}
[0.735789] (px4_msgs) StdoutLine: {'line': b'-- Up-to-date: /home/jmj/pro_asp_ws/ws_px4_controls/install/px4_msgs/include/px4_msgs/px4_msgs/msg/detail/estimator_event_flags__functions.c\n'}
[0.735821] (px4_msgs) StdoutLine: {'line': b'-- Up-to-date: /home/jmj/pro_asp_ws/ws_px4_controls/install/px4_msgs/include/px4_msgs/px4_msgs/msg/detail/arming_check_reply__functions.h\n'}
[0.735849] (px4_msgs) StdoutLine: {'line': b'-- Up-to-date: /home/jmj/pro_asp_ws/ws_px4_controls/install/px4_msgs/include/px4_msgs/px4_msgs/msg/detail/rover_attitude_status__functions.c\n'}
[0.735901] (px4_msgs) StdoutLine: {'line': b'-- Up-to-date: /home/jmj/pro_asp_ws/ws_px4_controls/install/px4_msgs/include/px4_msgs/px4_msgs/msg/detail/manual_control_switches__type_support.h\n'}
[0.735936] (px4_msgs) StdoutLine: {'line': b'-- Up-to-date: /home/jmj/pro_asp_ws/ws_px4_controls/install/px4_msgs/include/px4_msgs/px4_msgs/msg/detail/gimbal_controls__struct.h\n'}
[0.735964] (px4_msgs) StdoutLine: {'line': b'-- Up-to-date: /home/jmj/pro_asp_ws/ws_px4_controls/install/px4_msgs/include/px4_msgs/px4_msgs/msg/detail/orb_test_large__struct.h\n'}
[0.735990] (px4_msgs) StdoutLine: {'line': b'-- Up-to-date: /home/jmj/pro_asp_ws/ws_px4_controls/install/px4_msgs/include/px4_msgs/px4_msgs/msg/detail/vehicle_air_data__functions.h\n'}
[0.736017] (px4_msgs) StdoutLine: {'line': b'-- Up-to-date: /home/jmj/pro_asp_ws/ws_px4_controls/install/px4_msgs/include/px4_msgs/px4_msgs/msg/detail/input_rc__type_support.h\n'}
[0.736046] (px4_msgs) StdoutLine: {'line': b'-- Up-to-date: /home/jmj/pro_asp_ws/ws_px4_controls/install/px4_msgs/include/px4_msgs/px4_msgs/msg/detail/arming_check_request__functions.c\n'}
[0.736075] (px4_msgs) StdoutLine: {'line': b'-- Up-to-date: /home/jmj/pro_asp_ws/ws_px4_controls/install/px4_msgs/include/px4_msgs/px4_msgs/msg/detail/fixed_wing_runway_control__functions.c\n'}
[0.736107] (px4_msgs) StdoutLine: {'line': b'-- Up-to-date: /home/jmj/pro_asp_ws/ws_px4_controls/install/px4_msgs/include/px4_msgs/px4_msgs/msg/detail/open_drone_id_operator_id__struct.h\n'}
[0.736181] (px4_msgs) StdoutLine: {'line': b'-- Up-to-date: /home/jmj/pro_asp_ws/ws_px4_controls/install/px4_msgs/include/px4_msgs/px4_msgs/msg/detail/actuator_controls_status__struct.h\n'}
[0.736213] (px4_msgs) StdoutLine: {'line': b'-- Up-to-date: /home/jmj/pro_asp_ws/ws_px4_controls/install/px4_msgs/include/px4_msgs/px4_msgs/msg/detail/sensor_airflow__type_support.h\n'}
[0.736280] (px4_msgs) StdoutLine: {'line': b'-- Up-to-date: /home/jmj/pro_asp_ws/ws_px4_controls/install/px4_msgs/include/px4_msgs/px4_msgs/msg/detail/logger_status__type_support.h\n'}
[0.736317] (px4_msgs) StdoutLine: {'line': b'-- Up-to-date: /home/jmj/pro_asp_ws/ws_px4_controls/install/px4_msgs/include/px4_msgs/px4_msgs/msg/detail/vehicle_optical_flow_vel__functions.c\n'}
[0.736348] (px4_msgs) StdoutLine: {'line': b'-- Up-to-date: /home/jmj/pro_asp_ws/ws_px4_controls/install/px4_msgs/include/px4_msgs/px4_msgs/msg/detail/magnetometer_bias_estimate__struct.h\n'}
[0.736377] (px4_msgs) StdoutLine: {'line': b'-- Up-to-date: /home/jmj/pro_asp_ws/ws_px4_controls/install/px4_msgs/include/px4_msgs/px4_msgs/msg/detail/airspeed__functions.c\n'}
[0.736405] (px4_msgs) StdoutLine: {'line': b'-- Up-to-date: /home/jmj/pro_asp_ws/ws_px4_controls/install/px4_msgs/include/px4_msgs/px4_msgs/msg/detail/vehicle_land_detected__type_support.h\n'}
[0.736434] (px4_msgs) StdoutLine: {'line': b'-- Up-to-date: /home/jmj/pro_asp_ws/ws_px4_controls/install/px4_msgs/include/px4_msgs/px4_msgs/msg/detail/open_drone_id_system__type_support.h\n'}
[0.736488] (px4_msgs) StdoutLine: {'line': b'-- Up-to-date: /home/jmj/pro_asp_ws/ws_px4_controls/install/px4_msgs/include/px4_msgs/px4_msgs/msg/detail/vehicle_command__struct.h\n'}
[0.736545] (px4_msgs) StdoutLine: {'line': b'-- Up-to-date: /home/jmj/pro_asp_ws/ws_px4_controls/install/px4_msgs/include/px4_msgs/px4_msgs/msg/detail/parameter_reset_request__type_support.h\n'}
[0.736609] (px4_msgs) StdoutLine: {'line': b'-- Up-to-date: /home/jmj/pro_asp_ws/ws_px4_controls/install/px4_msgs/include/px4_msgs/px4_msgs/msg/detail/fixed_wing_lateral_guidance_status__functions.c\n'}
[0.736668] (px4_msgs) StdoutLine: {'line': b'-- Up-to-date: /home/jmj/pro_asp_ws/ws_px4_controls/install/px4_msgs/include/px4_msgs/px4_msgs/msg/detail/estimator_status_flags__functions.c\n'}
[0.736722] (px4_msgs) StdoutLine: {'line': b'-- Up-to-date: /home/jmj/pro_asp_ws/ws_px4_controls/install/px4_msgs/include/px4_msgs/px4_msgs/msg/detail/hover_thrust_estimate__struct.h\n'}
[0.736806] (px4_msgs) StdoutLine: {'line': b'-- Up-to-date: /home/jmj/pro_asp_ws/ws_px4_controls/install/px4_msgs/include/px4_msgs/px4_msgs/msg/detail/orb_test_medium__struct.h\n'}
[0.736953] (px4_msgs) StdoutLine: {'line': b'-- Up-to-date: /home/jmj/pro_asp_ws/ws_px4_controls/install/px4_msgs/include/px4_msgs/px4_msgs/msg/detail/actuator_outputs__struct.h\n'}
[0.737008] (px4_msgs) StdoutLine: {'line': b'-- Up-to-date: /home/jmj/pro_asp_ws/ws_px4_controls/install/px4_msgs/include/px4_msgs/px4_msgs/msg/detail/action_request__struct.h\n'}
[0.737049] (px4_msgs) StdoutLine: {'line': b'-- Up-to-date: /home/jmj/pro_asp_ws/ws_px4_controls/install/px4_msgs/include/px4_msgs/px4_msgs/msg/detail/vehicle_optical_flow_vel__type_support.h\n'}
[0.737097] (px4_msgs) StdoutLine: {'line': b'-- Up-to-date: /home/jmj/pro_asp_ws/ws_px4_controls/install/px4_msgs/include/px4_msgs/px4_msgs/msg/detail/led_control__functions.c\n'}
[0.737189] (px4_msgs) StdoutLine: {'line': b'-- Up-to-date: /home/jmj/pro_asp_ws/ws_px4_controls/install/px4_msgs/include/px4_msgs/px4_msgs/msg/detail/gpio_out__functions.c\n'}
[0.737267] (px4_msgs) StdoutLine: {'line': b'-- Up-to-date: /home/jmj/pro_asp_ws/ws_px4_controls/install/px4_msgs/include/px4_msgs/px4_msgs/msg/detail/power_monitor__functions.c\n'}
[0.737298] (px4_msgs) StdoutLine: {'line': b'-- Up-to-date: /home/jmj/pro_asp_ws/ws_px4_controls/install/px4_msgs/include/px4_msgs/px4_msgs/msg/detail/mission__type_support.h\n'}
[0.737331] (px4_msgs) StdoutLine: {'line': b'-- Up-to-date: /home/jmj/pro_asp_ws/ws_px4_controls/install/px4_msgs/include/px4_msgs/px4_msgs/msg/detail/position_controller_landing_status__struct.h\n'}
[0.737365] (px4_msgs) StdoutLine: {'line': b'-- Up-to-date: /home/jmj/pro_asp_ws/ws_px4_controls/install/px4_msgs/include/px4_msgs/px4_msgs/msg/detail/rtl_status__struct.h\n'}
[0.737406] (px4_msgs) StdoutLine: {'line': b'-- Up-to-date: /home/jmj/pro_asp_ws/ws_px4_controls/install/px4_msgs/include/px4_msgs/px4_msgs/msg/detail/vehicle_roi__functions.c\n'}
[0.737448] (px4_msgs) StdoutLine: {'line': b'-- Up-to-date: /home/jmj/pro_asp_ws/ws_px4_controls/install/px4_msgs/include/px4_msgs/px4_msgs/msg/detail/rover_velocity_setpoint__functions.c\n'}
[0.737521] (px4_msgs) StdoutLine: {'line': b'-- Up-to-date: /home/jmj/pro_asp_ws/ws_px4_controls/install/px4_msgs/include/px4_msgs/px4_msgs/msg/detail/autotune_attitude_control_status__functions.c\n'}
[0.737562] (px4_msgs) StdoutLine: {'line': b'-- Up-to-date: /home/jmj/pro_asp_ws/ws_px4_controls/install/px4_msgs/include/px4_msgs/px4_msgs/msg/detail/vehicle_status__type_support.h\n'}
[0.737608] (px4_msgs) StdoutLine: {'line': b'-- Up-to-date: /home/jmj/pro_asp_ws/ws_px4_controls/install/px4_msgs/include/px4_msgs/px4_msgs/msg/detail/pwm_input__functions.c\n'}
[0.737647] (px4_msgs) StdoutLine: {'line': b'-- Up-to-date: /home/jmj/pro_asp_ws/ws_px4_controls/install/px4_msgs/include/px4_msgs/px4_msgs/msg/detail/rover_attitude_setpoint__type_support.h\n'}
[0.737683] (px4_msgs) StdoutLine: {'line': b'-- Up-to-date: /home/jmj/pro_asp_ws/ws_px4_controls/install/px4_msgs/include/px4_msgs/px4_msgs/msg/detail/battery_status__functions.c\n'}
[0.737802] (px4_msgs) StdoutLine: {'line': b'-- Up-to-date: /home/jmj/pro_asp_ws/ws_px4_controls/install/px4_msgs/include/px4_msgs/px4_msgs/msg/detail/onboard_computer_status__type_support.h\n'}
[0.737861] (px4_msgs) StdoutLine: {'line': b'-- Up-to-date: /home/jmj/pro_asp_ws/ws_px4_controls/install/px4_msgs/include/px4_msgs/px4_msgs/msg/detail/gimbal_device_attitude_status__functions.c\n'}
[0.737908] (px4_msgs) StdoutLine: {'line': b'-- Up-to-date: /home/jmj/pro_asp_ws/ws_px4_controls/install/px4_msgs/include/px4_msgs/px4_msgs/msg/detail/camera_capture__functions.c\n'}
[0.737936] (px4_msgs) StdoutLine: {'line': b'-- Up-to-date: /home/jmj/pro_asp_ws/ws_px4_controls/install/px4_msgs/include/px4_msgs/px4_msgs/msg/detail/estimator_states__type_support.h\n'}
[0.737965] (px4_msgs) StdoutLine: {'line': b'-- Up-to-date: /home/jmj/pro_asp_ws/ws_px4_controls/install/px4_msgs/include/px4_msgs/px4_msgs/msg/detail/estimator_bias3d__struct.h\n'}
[0.737992] (px4_msgs) StdoutLine: {'line': b'-- Up-to-date: /home/jmj/pro_asp_ws/ws_px4_controls/install/px4_msgs/include/px4_msgs/px4_msgs/msg/detail/sensor_airflow__functions.c\n'}
[0.738020] (px4_msgs) StdoutLine: {'line': b'-- Up-to-date: /home/jmj/pro_asp_ws/ws_px4_controls/install/px4_msgs/include/px4_msgs/px4_msgs/msg/detail/sensor_optical_flow__functions.c\n'}
[0.738047] (px4_msgs) StdoutLine: {'line': b'-- Up-to-date: /home/jmj/pro_asp_ws/ws_px4_controls/install/px4_msgs/include/px4_msgs/px4_msgs/msg/detail/log_message__functions.c\n'}
[0.738073] (px4_msgs) StdoutLine: {'line': b'-- Up-to-date: /home/jmj/pro_asp_ws/ws_px4_controls/install/px4_msgs/include/px4_msgs/px4_msgs/msg/detail/launch_detection_status__struct.h\n'}
[0.738100] (px4_msgs) StdoutLine: {'line': b'-- Up-to-date: /home/jmj/pro_asp_ws/ws_px4_controls/install/px4_msgs/include/px4_msgs/px4_msgs/msg/detail/rc_channels__struct.h\n'}
[0.738129] (px4_msgs) StdoutLine: {'line': b'-- Up-to-date: /home/jmj/pro_asp_ws/ws_px4_controls/install/px4_msgs/include/px4_msgs/px4_msgs/msg/detail/health_report__functions.h\n'}
[0.738167] (px4_msgs) StdoutLine: {'line': b'-- Up-to-date: /home/jmj/pro_asp_ws/ws_px4_controls/install/px4_msgs/include/px4_msgs/px4_msgs/msg/detail/geofence_result__type_support.h\n'}
[0.738194] (px4_msgs) StdoutLine: {'line': b'-- Up-to-date: /home/jmj/pro_asp_ws/ws_px4_controls/install/px4_msgs/include/px4_msgs/px4_msgs/msg/detail/ekf2_timestamps__functions.h\n'}
[0.738222] (px4_msgs) StdoutLine: {'line': b'-- Up-to-date: /home/jmj/pro_asp_ws/ws_px4_controls/install/px4_msgs/include/px4_msgs/px4_msgs/msg/detail/message_format_response__type_support.h\n'}
[0.738252] (px4_msgs) StdoutLine: {'line': b'-- Up-to-date: /home/jmj/pro_asp_ws/ws_px4_controls/install/px4_msgs/include/px4_msgs/px4_msgs/msg/detail/vehicle_control_mode__functions.c\n'}
[0.738574] (px4_msgs) StdoutLine: {'line': b'-- Up-to-date: /home/jmj/pro_asp_ws/ws_px4_controls/install/px4_msgs/include/px4_msgs/px4_msgs/msg/detail/failure_detector_status__type_support.h\n'}
[0.738845] (px4_msgs) StdoutLine: {'line': b'-- Up-to-date: /home/jmj/pro_asp_ws/ws_px4_controls/install/px4_msgs/include/px4_msgs/px4_msgs/msg/detail/sensor_gnss_relative__functions.c\n'}
[0.738927] (px4_msgs) StdoutLine: {'line': b'-- Up-to-date: /home/jmj/pro_asp_ws/ws_px4_controls/install/px4_msgs/include/px4_msgs/px4_msgs/msg/detail/rover_rate_setpoint__type_support.h\n'}
[0.738979] (px4_msgs) StdoutLine: {'line': b'-- Up-to-date: /home/jmj/pro_asp_ws/ws_px4_controls/install/px4_msgs/include/px4_msgs/px4_msgs/msg/detail/estimator_aid_source3d__functions.h\n'}
[0.739018] (px4_msgs) StdoutLine: {'line': b'-- Up-to-date: /home/jmj/pro_asp_ws/ws_px4_controls/install/px4_msgs/include/px4_msgs/px4_msgs/msg/detail/logger_status__functions.h\n'}
[0.739051] (px4_msgs) StdoutLine: {'line': b'-- Up-to-date: /home/jmj/pro_asp_ws/ws_px4_controls/install/px4_msgs/include/px4_msgs/px4_msgs/msg/detail/airspeed_wind__functions.c\n'}
[0.739083] (px4_msgs) StdoutLine: {'line': b'-- Up-to-date: /home/jmj/pro_asp_ws/ws_px4_controls/install/px4_msgs/include/px4_msgs/px4_msgs/msg/detail/fuel_tank_status__functions.c\n'}
[0.739161] (px4_msgs) StdoutLine: {'line': b'-- Up-to-date: /home/jmj/pro_asp_ws/ws_px4_controls/install/px4_msgs/include/px4_msgs/px4_msgs/msg/detail/ulog_stream__functions.c\n'}
[0.739197] (px4_msgs) StdoutLine: {'line': b'-- Up-to-date: /home/jmj/pro_asp_ws/ws_px4_controls/install/px4_msgs/include/px4_msgs/px4_msgs/msg/detail/launch_detection_status__functions.h\n'}
[0.739290] (px4_msgs) StdoutLine: {'line': b'-- Up-to-date: /home/jmj/pro_asp_ws/ws_px4_controls/install/px4_msgs/include/px4_msgs/px4_msgs/msg/detail/button_event__struct.h\n'}
[0.739318] (px4_msgs) StdoutLine: {'line': b'-- Up-to-date: /home/jmj/pro_asp_ws/ws_px4_controls/install/px4_msgs/include/px4_msgs/px4_msgs/msg/detail/sensor_preflight_mag__struct.h\n'}
[0.739346] (px4_msgs) StdoutLine: {'line': b'-- Up-to-date: /home/jmj/pro_asp_ws/ws_px4_controls/install/px4_msgs/include/px4_msgs/px4_msgs/msg/detail/navigator_status__functions.c\n'}
[0.739372] (px4_msgs) StdoutLine: {'line': b'-- Up-to-date: /home/jmj/pro_asp_ws/ws_px4_controls/install/px4_msgs/include/px4_msgs/px4_msgs/msg/detail/battery_status__functions.h\n'}
[0.739398] (px4_msgs) StdoutLine: {'line': b'-- Up-to-date: /home/jmj/pro_asp_ws/ws_px4_controls/install/px4_msgs/include/px4_msgs/px4_msgs/msg/detail/distance_sensor_mode_change_request__functions.c\n'}
[0.739425] (px4_msgs) StdoutLine: {'line': b'-- Up-to-date: /home/jmj/pro_asp_ws/ws_px4_controls/install/px4_msgs/include/px4_msgs/px4_msgs/msg/detail/estimator_gps_status__struct.h\n'}
[0.739453] (px4_msgs) StdoutLine: {'line': b'-- Up-to-date: /home/jmj/pro_asp_ws/ws_px4_controls/install/px4_msgs/include/px4_msgs/px4_msgs/msg/detail/trajectory_setpoint6dof__type_support.h\n'}
[0.739487] (px4_msgs) StdoutLine: {'line': b'-- Up-to-date: /home/jmj/pro_asp_ws/ws_px4_controls/install/px4_msgs/include/px4_msgs/px4_msgs/msg/detail/fixed_wing_lateral_guidance_status__struct.h\n'}
[0.739527] (px4_msgs) StdoutLine: {'line': b'-- Up-to-date: /home/jmj/pro_asp_ws/ws_px4_controls/install/px4_msgs/include/px4_msgs/px4_msgs/msg/detail/sensor_accel__type_support.h\n'}
[0.739562] (px4_msgs) StdoutLine: {'line': b'-- Up-to-date: /home/jmj/pro_asp_ws/ws_px4_controls/install/px4_msgs/include/px4_msgs/px4_msgs/msg/detail/differential_pressure__type_support.h\n'}
[0.739597] (px4_msgs) StdoutLine: {'line': b'-- Up-to-date: /home/jmj/pro_asp_ws/ws_px4_controls/install/px4_msgs/include/px4_msgs/px4_msgs/msg/detail/estimator_aid_source3d__struct.h\n'}
[0.739638] (px4_msgs) StdoutLine: {'line': b'-- Up-to-date: /home/jmj/pro_asp_ws/ws_px4_controls/install/px4_msgs/include/px4_msgs/px4_msgs/msg/detail/debug_key_value__struct.h\n'}
[0.739709] (px4_msgs) StdoutLine: {'line': b'-- Up-to-date: /home/jmj/pro_asp_ws/ws_px4_controls/install/px4_msgs/include/px4_msgs/px4_msgs/msg/detail/event__type_support.h\n'}
[0.739743] (px4_msgs) StdoutLine: {'line': b'-- Up-to-date: /home/jmj/pro_asp_ws/ws_px4_controls/install/px4_msgs/include/px4_msgs/px4_msgs/msg/detail/debug_array__functions.h\n'}
[0.739835] (px4_msgs) StdoutLine: {'line': b'-- Up-to-date: /home/jmj/pro_asp_ws/ws_px4_controls/install/px4_msgs/include/px4_msgs/px4_msgs/msg/detail/cpuload__struct.h\n'}
[0.739862] (px4_msgs) StdoutLine: {'line': b'-- Up-to-date: /home/jmj/pro_asp_ws/ws_px4_controls/install/px4_msgs/include/px4_msgs/px4_msgs/msg/detail/camera_status__struct.h\n'}
[0.739887] (px4_msgs) StdoutLine: {'line': b'-- Up-to-date: /home/jmj/pro_asp_ws/ws_px4_controls/install/px4_msgs/include/px4_msgs/px4_msgs/msg/detail/vehicle_torque_setpoint__type_support.h\n'}
[0.739913] (px4_msgs) StdoutLine: {'line': b'-- Up-to-date: /home/jmj/pro_asp_ws/ws_px4_controls/install/px4_msgs/include/px4_msgs/px4_msgs/msg/detail/fixed_wing_lateral_guidance_status__functions.h\n'}
[0.739939] (px4_msgs) StdoutLine: {'line': b'-- Up-to-date: /home/jmj/pro_asp_ws/ws_px4_controls/install/px4_msgs/include/px4_msgs/px4_msgs/msg/detail/rover_steering_setpoint__struct.h\n'}
[0.739966] (px4_msgs) StdoutLine: {'line': b'-- Up-to-date: /home/jmj/pro_asp_ws/ws_px4_controls/install/px4_msgs/include/px4_msgs/px4_msgs/msg/detail/home_position__struct.h\n'}
[0.740019] (px4_msgs) StdoutLine: {'line': b'-- Up-to-date: /home/jmj/pro_asp_ws/ws_px4_controls/install/px4_msgs/include/px4_msgs/px4_msgs/msg/detail/actuator_outputs__functions.c\n'}
[0.740048] (px4_msgs) StdoutLine: {'line': b'-- Up-to-date: /home/jmj/pro_asp_ws/ws_px4_controls/install/px4_msgs/include/px4_msgs/px4_msgs/msg/detail/goto_setpoint__struct.h\n'}
[0.740075] (px4_msgs) StdoutLine: {'line': b'-- Up-to-date: /home/jmj/pro_asp_ws/ws_px4_controls/install/px4_msgs/include/px4_msgs/px4_msgs/msg/detail/navigator_status__functions.h\n'}
[0.740101] (px4_msgs) StdoutLine: {'line': b'-- Up-to-date: /home/jmj/pro_asp_ws/ws_px4_controls/install/px4_msgs/include/px4_msgs/px4_msgs/msg/detail/position_setpoint__struct.h\n'}
[0.740125] (px4_msgs) StdoutLine: {'line': b'-- Up-to-date: /home/jmj/pro_asp_ws/ws_px4_controls/install/px4_msgs/include/px4_msgs/px4_msgs/msg/detail/message_format_response__struct.h\n'}
[0.740150] (px4_msgs) StdoutLine: {'line': b'-- Up-to-date: /home/jmj/pro_asp_ws/ws_px4_controls/install/px4_msgs/include/px4_msgs/px4_msgs/msg/detail/gimbal_manager_status__functions.c\n'}
[0.740177] (px4_msgs) StdoutLine: {'line': b'-- Up-to-date: /home/jmj/pro_asp_ws/ws_px4_controls/install/px4_msgs/include/px4_msgs/px4_msgs/msg/detail/irlock_report__struct.h\n'}
[0.740204] (px4_msgs) StdoutLine: {'line': b'-- Up-to-date: /home/jmj/pro_asp_ws/ws_px4_controls/install/px4_msgs/include/px4_msgs/px4_msgs/msg/detail/pwm_input__struct.h\n'}
[0.740234] (px4_msgs) StdoutLine: {'line': b'-- Up-to-date: /home/jmj/pro_asp_ws/ws_px4_controls/install/px4_msgs/include/px4_msgs/px4_msgs/msg/detail/control_allocator_status__struct.h\n'}
[0.740261] (px4_msgs) StdoutLine: {'line': b'-- Up-to-date: /home/jmj/pro_asp_ws/ws_px4_controls/install/px4_msgs/include/px4_msgs/px4_msgs/msg/detail/sensor_mag__type_support.h\n'}
[0.740287] (px4_msgs) StdoutLine: {'line': b'-- Up-to-date: /home/jmj/pro_asp_ws/ws_px4_controls/install/px4_msgs/include/px4_msgs/px4_msgs/msg/detail/heater_status__struct.h\n'}
[0.740313] (px4_msgs) StdoutLine: {'line': b'-- Up-to-date: /home/jmj/pro_asp_ws/ws_px4_controls/install/px4_msgs/include/px4_msgs/px4_msgs/msg/detail/sensor_combined__functions.h\n'}
[0.740339] (px4_msgs) StdoutLine: {'line': b'-- Up-to-date: /home/jmj/pro_asp_ws/ws_px4_controls/install/px4_msgs/include/px4_msgs/px4_msgs/msg/detail/rpm__functions.h\n'}
[0.740366] (px4_msgs) StdoutLine: {'line': b'-- Up-to-date: /home/jmj/pro_asp_ws/ws_px4_controls/install/px4_msgs/include/px4_msgs/px4_msgs/msg/detail/gimbal_controls__type_support.h\n'}
[0.740391] (px4_msgs) StdoutLine: {'line': b'-- Up-to-date: /home/jmj/pro_asp_ws/ws_px4_controls/install/px4_msgs/include/px4_msgs/px4_msgs/msg/detail/lateral_control_configuration__functions.h\n'}
[0.740415] (px4_msgs) StdoutLine: {'line': b'-- Up-to-date: /home/jmj/pro_asp_ws/ws_px4_controls/install/px4_msgs/include/px4_msgs/px4_msgs/msg/detail/pps_capture__struct.h\n'}
[0.740440] (px4_msgs) StdoutLine: {'line': b'-- Up-to-date: /home/jmj/pro_asp_ws/ws_px4_controls/install/px4_msgs/include/px4_msgs/px4_msgs/msg/detail/generator_status__struct.h\n'}
[0.740466] (px4_msgs) StdoutLine: {'line': b'-- Up-to-date: /home/jmj/pro_asp_ws/ws_px4_controls/install/px4_msgs/include/px4_msgs/px4_msgs/msg/detail/tecs_status__struct.h\n'}
[0.740490] (px4_msgs) StdoutLine: {'line': b'-- Up-to-date: /home/jmj/pro_asp_ws/ws_px4_controls/install/px4_msgs/include/px4_msgs/px4_msgs/msg/detail/vehicle_rates_setpoint__functions.h\n'}
[0.740515] (px4_msgs) StdoutLine: {'line': b'-- Up-to-date: /home/jmj/pro_asp_ws/ws_px4_controls/install/px4_msgs/include/px4_msgs/px4_msgs/msg/detail/vehicle_thrust_setpoint__functions.h\n'}
[0.740541] (px4_msgs) StdoutLine: {'line': b'-- Up-to-date: /home/jmj/pro_asp_ws/ws_px4_controls/install/px4_msgs/include/px4_msgs/px4_msgs/msg/detail/debug_value__type_support.h\n'}
[0.740565] (px4_msgs) StdoutLine: {'line': b'-- Up-to-date: /home/jmj/pro_asp_ws/ws_px4_controls/install/px4_msgs/include/px4_msgs/px4_msgs/msg/detail/airspeed__functions.h\n'}
[0.740589] (px4_msgs) StdoutLine: {'line': b'-- Up-to-date: /home/jmj/pro_asp_ws/ws_px4_controls/install/px4_msgs/include/px4_msgs/px4_msgs/msg/detail/sensor_selection__functions.c\n'}
[0.740626] (px4_msgs) StdoutLine: {'line': b'-- Up-to-date: /home/jmj/pro_asp_ws/ws_px4_controls/install/px4_msgs/include/px4_msgs/px4_msgs/msg/detail/pps_capture__functions.c\n'}
[0.740650] (px4_msgs) StdoutLine: {'line': b'-- Up-to-date: /home/jmj/pro_asp_ws/ws_px4_controls/install/px4_msgs/include/px4_msgs/px4_msgs/msg/detail/vehicle_rates_setpoint__type_support.h\n'}
[0.740675] (px4_msgs) StdoutLine: {'line': b'-- Up-to-date: /home/jmj/pro_asp_ws/ws_px4_controls/install/px4_msgs/include/px4_msgs/px4_msgs/msg/detail/orb_test_large__functions.h\n'}
[0.740700] (px4_msgs) StdoutLine: {'line': b'-- Up-to-date: /home/jmj/pro_asp_ws/ws_px4_controls/install/px4_msgs/include/px4_msgs/px4_msgs/msg/detail/message_format_response__functions.c\n'}
[0.740725] (px4_msgs) StdoutLine: {'line': b'-- Up-to-date: /home/jmj/pro_asp_ws/ws_px4_controls/install/px4_msgs/include/px4_msgs/px4_msgs/msg/detail/gps_inject_data__struct.h\n'}
[0.740749] (px4_msgs) StdoutLine: {'line': b'-- Up-to-date: /home/jmj/pro_asp_ws/ws_px4_controls/install/px4_msgs/include/px4_msgs/px4_msgs/msg/detail/goto_setpoint__type_support.h\n'}
[0.740780] (px4_msgs) StdoutLine: {'line': b'-- Up-to-date: /home/jmj/pro_asp_ws/ws_px4_controls/install/px4_msgs/include/px4_msgs/px4_msgs/msg/detail/ulog_stream__functions.h\n'}
[0.740829] (px4_msgs) StdoutLine: {'line': b'-- Up-to-date: /home/jmj/pro_asp_ws/ws_px4_controls/install/px4_msgs/include/px4_msgs/px4_msgs/msg/detail/gimbal_manager_set_manual_control__functions.c\n'}
[0.740910] (px4_msgs) StdoutLine: {'line': b'-- Up-to-date: /home/jmj/pro_asp_ws/ws_px4_controls/install/px4_msgs/include/px4_msgs/px4_msgs/msg/detail/collision_constraints__functions.c\n'}
[0.740938] (px4_msgs) StdoutLine: {'line': b'-- Up-to-date: /home/jmj/pro_asp_ws/ws_px4_controls/install/px4_msgs/include/px4_msgs/px4_msgs/msg/detail/uavcan_parameter_value__functions.h\n'}
[0.740965] (px4_msgs) StdoutLine: {'line': b'-- Up-to-date: /home/jmj/pro_asp_ws/ws_px4_controls/install/px4_msgs/include/px4_msgs/px4_msgs/msg/detail/vehicle_local_position__struct.h\n'}
[0.740992] (px4_msgs) StdoutLine: {'line': b'-- Up-to-date: /home/jmj/pro_asp_ws/ws_px4_controls/install/px4_msgs/include/px4_msgs/px4_msgs/msg/detail/fixed_wing_longitudinal_setpoint__type_support.h\n'}
[0.741018] (px4_msgs) StdoutLine: {'line': b'-- Up-to-date: /home/jmj/pro_asp_ws/ws_px4_controls/install/px4_msgs/include/px4_msgs/px4_msgs/msg/detail/mount_orientation__type_support.h\n'}
[0.741044] (px4_msgs) StdoutLine: {'line': b'-- Up-to-date: /home/jmj/pro_asp_ws/ws_px4_controls/install/px4_msgs/include/px4_msgs/px4_msgs/msg/detail/estimator_aid_source2d__functions.c\n'}
[0.741075] (px4_msgs) StdoutLine: {'line': b'-- Up-to-date: /home/jmj/pro_asp_ws/ws_px4_controls/install/px4_msgs/include/px4_msgs/px4_msgs/msg/detail/mission_result__functions.c\n'}
[0.741102] (px4_msgs) StdoutLine: {'line': b'-- Up-to-date: /home/jmj/pro_asp_ws/ws_px4_controls/install/px4_msgs/include/px4_msgs/px4_msgs/msg/detail/estimator_innovations__type_support.h\n'}
[0.741131] (px4_msgs) StdoutLine: {'line': b'-- Up-to-date: /home/jmj/pro_asp_ws/ws_px4_controls/install/px4_msgs/include/px4_msgs/px4_msgs/msg/detail/mavlink_tunnel__functions.c\n'}
[0.741157] (px4_msgs) StdoutLine: {'line': b'-- Up-to-date: /home/jmj/pro_asp_ws/ws_px4_controls/install/px4_msgs/include/px4_msgs/px4_msgs/msg/detail/radio_status__functions.c\n'}
[0.741184] (px4_msgs) StdoutLine: {'line': b'-- Up-to-date: /home/jmj/pro_asp_ws/ws_px4_controls/install/px4_msgs/include/px4_msgs/px4_msgs/msg/detail/parameter_set_value_response__functions.c\n'}
[0.741210] (px4_msgs) StdoutLine: {'line': b'-- Up-to-date: /home/jmj/pro_asp_ws/ws_px4_controls/install/px4_msgs/include/px4_msgs/px4_msgs/msg/detail/manual_control_setpoint__type_support.h\n'}
[0.741235] (px4_msgs) StdoutLine: {'line': b'-- Up-to-date: /home/jmj/pro_asp_ws/ws_px4_controls/install/px4_msgs/include/px4_msgs/px4_msgs/msg/detail/vehicle_magnetometer__type_support.h\n'}
[0.741276] (px4_msgs) StdoutLine: {'line': b'-- Up-to-date: /home/jmj/pro_asp_ws/ws_px4_controls/install/px4_msgs/include/px4_msgs/px4_msgs/msg/detail/gimbal_manager_set_manual_control__type_support.h\n'}
[0.741303] (px4_msgs) StdoutLine: {'line': b'-- Up-to-date: /home/jmj/pro_asp_ws/ws_px4_controls/install/px4_msgs/include/px4_msgs/px4_msgs/msg/detail/mavlink_log__functions.h\n'}
[0.741328] (px4_msgs) StdoutLine: {'line': b'-- Up-to-date: /home/jmj/pro_asp_ws/ws_px4_controls/install/px4_msgs/include/px4_msgs/px4_msgs/msg/detail/sensor_accel__struct.h\n'}
[0.741353] (px4_msgs) StdoutLine: {'line': b'-- Up-to-date: /home/jmj/pro_asp_ws/ws_px4_controls/install/px4_msgs/include/px4_msgs/px4_msgs/msg/detail/vehicle_local_position_setpoint__functions.h\n'}
[0.741377] (px4_msgs) StdoutLine: {'line': b'-- Up-to-date: /home/jmj/pro_asp_ws/ws_px4_controls/install/px4_msgs/include/px4_msgs/px4_msgs/msg/detail/rover_attitude_status__functions.h\n'}
[0.741441] (px4_msgs) StdoutLine: {'line': b'-- Up-to-date: /home/jmj/pro_asp_ws/ws_px4_controls/install/px4_msgs/include/px4_msgs/px4_msgs/msg/detail/vehicle_roi__type_support.h\n'}
[0.741470] (px4_msgs) StdoutLine: {'line': b'-- Up-to-date: /home/jmj/pro_asp_ws/ws_px4_controls/install/px4_msgs/include/px4_msgs/px4_msgs/msg/detail/iridiumsbd_status__functions.h\n'}
[0.741498] (px4_msgs) StdoutLine: {'line': b'-- Up-to-date: /home/jmj/pro_asp_ws/ws_px4_controls/install/px4_msgs/include/px4_msgs/px4_msgs/msg/detail/estimator_gps_status__functions.c\n'}
[0.741524] (px4_msgs) StdoutLine: {'line': b'-- Up-to-date: /home/jmj/pro_asp_ws/ws_px4_controls/install/px4_msgs/include/px4_msgs/px4_msgs/msg/detail/vehicle_attitude__functions.h\n'}
[0.741550] (px4_msgs) StdoutLine: {'line': b'-- Up-to-date: /home/jmj/pro_asp_ws/ws_px4_controls/install/px4_msgs/include/px4_msgs/px4_msgs/msg/detail/open_drone_id_system__struct.h\n'}
[0.741577] (px4_msgs) StdoutLine: {'line': b'-- Up-to-date: /home/jmj/pro_asp_ws/ws_px4_controls/install/px4_msgs/include/px4_msgs/px4_msgs/msg/detail/camera_trigger__struct.h\n'}
[0.741603] (px4_msgs) StdoutLine: {'line': b'-- Up-to-date: /home/jmj/pro_asp_ws/ws_px4_controls/install/px4_msgs/include/px4_msgs/px4_msgs/msg/detail/power_button_state__type_support.h\n'}
[0.741630] (px4_msgs) StdoutLine: {'line': b'-- Up-to-date: /home/jmj/pro_asp_ws/ws_px4_controls/install/px4_msgs/include/px4_msgs/px4_msgs/msg/detail/vehicle_thrust_setpoint__functions.c\n'}
[0.741691] (px4_msgs) StdoutLine: {'line': b'-- Up-to-date: /home/jmj/pro_asp_ws/ws_px4_controls/install/px4_msgs/include/px4_msgs/px4_msgs/msg/detail/actuator_servos_trim__type_support.h\n'}
[0.741717] (px4_msgs) StdoutLine: {'line': b'-- Up-to-date: /home/jmj/pro_asp_ws/ws_px4_controls/install/px4_msgs/include/px4_msgs/px4_msgs/msg/detail/estimator_selector_status__struct.h\n'}
[0.741742] (px4_msgs) StdoutLine: {'line': b'-- Up-to-date: /home/jmj/pro_asp_ws/ws_px4_controls/install/px4_msgs/include/px4_msgs/px4_msgs/msg/detail/gimbal_device_attitude_status__struct.h\n'}
[0.741843] (px4_msgs) StdoutLine: {'line': b'-- Up-to-date: /home/jmj/pro_asp_ws/ws_px4_controls/install/px4_msgs/include/px4_msgs/px4_msgs/msg/detail/pure_pursuit_status__functions.h\n'}
[0.741872] (px4_msgs) StdoutLine: {'line': b'-- Up-to-date: /home/jmj/pro_asp_ws/ws_px4_controls/install/px4_msgs/include/px4_msgs/px4_msgs/msg/detail/transponder_report__functions.c\n'}
[0.741900] (px4_msgs) StdoutLine: {'line': b'-- Up-to-date: /home/jmj/pro_asp_ws/ws_px4_controls/install/px4_msgs/include/px4_msgs/px4_msgs/msg/detail/rover_position_setpoint__functions.c\n'}
[0.741950] (px4_msgs) StdoutLine: {'line': b'-- Up-to-date: /home/jmj/pro_asp_ws/ws_px4_controls/install/px4_msgs/include/px4_msgs/px4_msgs/msg/detail/button_event__functions.h\n'}
[0.741994] (px4_msgs) StdoutLine: {'line': b'-- Up-to-date: /home/jmj/pro_asp_ws/ws_px4_controls/install/px4_msgs/include/px4_msgs/px4_msgs/msg/detail/action_request__functions.h\n'}
[0.742035] (px4_msgs) StdoutLine: {'line': b'-- Up-to-date: /home/jmj/pro_asp_ws/ws_px4_controls/install/px4_msgs/include/px4_msgs/px4_msgs/msg/detail/vehicle_imu__functions.c\n'}
[0.742211] (px4_msgs) StdoutLine: {'line': b'-- Up-to-date: /home/jmj/pro_asp_ws/ws_px4_controls/install/px4_msgs/include/px4_msgs/px4_msgs/msg/detail/camera_status__type_support.h\n'}
[0.742273] (px4_msgs) StdoutLine: {'line': b'-- Up-to-date: /home/jmj/pro_asp_ws/ws_px4_controls/install/px4_msgs/include/px4_msgs/px4_msgs/msg/detail/estimator_event_flags__struct.h\n'}
[0.742319] (px4_msgs) StdoutLine: {'line': b'-- Up-to-date: /home/jmj/pro_asp_ws/ws_px4_controls/install/px4_msgs/include/px4_msgs/px4_msgs/msg/detail/fixed_wing_lateral_status__functions.c\n'}
[0.742362] (px4_msgs) StdoutLine: {'line': b'-- Up-to-date: /home/jmj/pro_asp_ws/ws_px4_controls/install/px4_msgs/include/px4_msgs/px4_msgs/msg/detail/fuel_tank_status__functions.h\n'}
[0.742404] (px4_msgs) StdoutLine: {'line': b'-- Up-to-date: /home/jmj/pro_asp_ws/ws_px4_controls/install/px4_msgs/include/px4_msgs/px4_msgs/msg/detail/goto_setpoint__functions.h\n'}
[0.742439] (px4_msgs) StdoutLine: {'line': b'-- Up-to-date: /home/jmj/pro_asp_ws/ws_px4_controls/install/px4_msgs/include/px4_msgs/px4_msgs/msg/detail/navigator_mission_item__functions.h\n'}
[0.742466] (px4_msgs) StdoutLine: {'line': b'-- Up-to-date: /home/jmj/pro_asp_ws/ws_px4_controls/install/px4_msgs/include/px4_msgs/px4_msgs/msg/detail/gps_dump__type_support.h\n'}
[0.742491] (px4_msgs) StdoutLine: {'line': b'-- Up-to-date: /home/jmj/pro_asp_ws/ws_px4_controls/install/px4_msgs/include/px4_msgs/px4_msgs/msg/detail/gpio_config__functions.h\n'}
[0.742516] (px4_msgs) StdoutLine: {'line': b'-- Up-to-date: /home/jmj/pro_asp_ws/ws_px4_controls/install/px4_msgs/include/px4_msgs/px4_msgs/msg/detail/estimator_sensor_bias__functions.h\n'}
[0.742548] (px4_msgs) StdoutLine: {'line': b'-- Up-to-date: /home/jmj/pro_asp_ws/ws_px4_controls/install/px4_msgs/include/px4_msgs/px4_msgs/msg/detail/message_format_request__type_support.h\n'}
[0.742586] (px4_msgs) StdoutLine: {'line': b'-- Up-to-date: /home/jmj/pro_asp_ws/ws_px4_controls/install/px4_msgs/include/px4_msgs/px4_msgs/msg/detail/rtl_time_estimate__type_support.h\n'}
[0.742624] (px4_msgs) StdoutLine: {'line': b'-- Up-to-date: /home/jmj/pro_asp_ws/ws_px4_controls/install/px4_msgs/include/px4_msgs/px4_msgs/msg/detail/estimator_gps_status__type_support.h\n'}
[0.742662] (px4_msgs) StdoutLine: {'line': b'-- Up-to-date: /home/jmj/pro_asp_ws/ws_px4_controls/install/px4_msgs/include/px4_msgs/px4_msgs/msg/detail/esc_report__struct.h\n'}
[0.742700] (px4_msgs) StdoutLine: {'line': b'-- Up-to-date: /home/jmj/pro_asp_ws/ws_px4_controls/install/px4_msgs/include/px4_msgs/px4_msgs/msg/detail/register_ext_component_request__type_support.h\n'}
[0.742739] (px4_msgs) StdoutLine: {'line': b'-- Up-to-date: /home/jmj/pro_asp_ws/ws_px4_controls/install/px4_msgs/include/px4_msgs/px4_msgs/msg/detail/position_controller_landing_status__type_support.h\n'}
[0.742813] (px4_msgs) StdoutLine: {'line': b'-- Up-to-date: /home/jmj/pro_asp_ws/ws_px4_controls/install/px4_msgs/include/px4_msgs/px4_msgs/msg/detail/adc_report__type_support.h\n'}
[0.742859] (px4_msgs) StdoutLine: {'line': b'-- Up-to-date: /home/jmj/pro_asp_ws/ws_px4_controls/install/px4_msgs/include/px4_msgs/px4_msgs/msg/detail/sensor_correction__struct.h\n'}
[0.742898] (px4_msgs) StdoutLine: {'line': b'-- Up-to-date: /home/jmj/pro_asp_ws/ws_px4_controls/install/px4_msgs/include/px4_msgs/px4_msgs/msg/detail/qshell_retval__struct.h\n'}
[0.742933] (px4_msgs) StdoutLine: {'line': b'-- Up-to-date: /home/jmj/pro_asp_ws/ws_px4_controls/install/px4_msgs/include/px4_msgs/px4_msgs/msg/detail/estimator_aid_source1d__functions.h\n'}
[0.743018] (px4_msgs) StdoutLine: {'line': b'-- Up-to-date: /home/jmj/pro_asp_ws/ws_px4_controls/install/px4_msgs/include/px4_msgs/px4_msgs/msg/detail/landing_gear_wheel__struct.h\n'}
[0.743058] (px4_msgs) StdoutLine: {'line': b'-- Up-to-date: /home/jmj/pro_asp_ws/ws_px4_controls/install/px4_msgs/include/px4_msgs/px4_msgs/msg/detail/camera_trigger__type_support.h\n'}
[0.743093] (px4_msgs) StdoutLine: {'line': b'-- Up-to-date: /home/jmj/pro_asp_ws/ws_px4_controls/install/px4_msgs/include/px4_msgs/px4_msgs/msg/detail/onboard_computer_status__functions.c\n'}
[0.743178] (px4_msgs) StdoutLine: {'line': b'-- Up-to-date: /home/jmj/pro_asp_ws/ws_px4_controls/install/px4_msgs/include/px4_msgs/px4_msgs/msg/detail/mode_completed__functions.h\n'}
[0.743205] (px4_msgs) StdoutLine: {'line': b'-- Up-to-date: /home/jmj/pro_asp_ws/ws_px4_controls/install/px4_msgs/include/px4_msgs/px4_msgs/msg/detail/follow_target_status__functions.c\n'}
[0.743273] (px4_msgs) StdoutLine: {'line': b'-- Up-to-date: /home/jmj/pro_asp_ws/ws_px4_controls/install/px4_msgs/include/px4_msgs/px4_msgs/msg/detail/gpio_request__functions.c\n'}
[0.743300] (px4_msgs) StdoutLine: {'line': b'-- Up-to-date: /home/jmj/pro_asp_ws/ws_px4_controls/install/px4_msgs/include/px4_msgs/px4_msgs/msg/detail/fixed_wing_longitudinal_setpoint__struct.h\n'}
[0.743325] (px4_msgs) StdoutLine: {'line': b'-- Up-to-date: /home/jmj/pro_asp_ws/ws_px4_controls/install/px4_msgs/include/px4_msgs/px4_msgs/msg/detail/vehicle_optical_flow_vel__functions.h\n'}
[0.743350] (px4_msgs) StdoutLine: {'line': b'-- Up-to-date: /home/jmj/pro_asp_ws/ws_px4_controls/install/px4_msgs/include/px4_msgs/px4_msgs/msg/detail/sensor_selection__functions.h\n'}
[0.743376] (px4_msgs) StdoutLine: {'line': b'-- Up-to-date: /home/jmj/pro_asp_ws/ws_px4_controls/install/px4_msgs/include/px4_msgs/px4_msgs/msg/detail/vehicle_local_position_setpoint__struct.h\n'}
[0.743402] (px4_msgs) StdoutLine: {'line': b'-- Up-to-date: /home/jmj/pro_asp_ws/ws_px4_controls/install/px4_msgs/include/px4_msgs/px4_msgs/msg/detail/pps_capture__type_support.h\n'}
[0.743427] (px4_msgs) StdoutLine: {'line': b'-- Up-to-date: /home/jmj/pro_asp_ws/ws_px4_controls/install/px4_msgs/include/px4_msgs/px4_msgs/msg/detail/rate_ctrl_status__functions.h\n'}
[0.743472] (px4_msgs) StdoutLine: {'line': b'-- Up-to-date: /home/jmj/pro_asp_ws/ws_px4_controls/install/px4_msgs/include/px4_msgs/px4_msgs/msg/detail/estimator_bias3d__functions.h\n'}
[0.743495] (px4_msgs) StdoutLine: {'line': b'-- Up-to-date: /home/jmj/pro_asp_ws/ws_px4_controls/install/px4_msgs/include/px4_msgs/px4_msgs/msg/detail/sensor_hygrometer__functions.h\n'}
[0.743518] (px4_msgs) StdoutLine: {'line': b'-- Up-to-date: /home/jmj/pro_asp_ws/ws_px4_controls/install/px4_msgs/include/px4_msgs/px4_msgs/msg/detail/camera_status__functions.h\n'}
[0.743555] (px4_msgs) StdoutLine: {'line': b'-- Up-to-date: /home/jmj/pro_asp_ws/ws_px4_controls/install/px4_msgs/include/px4_msgs/px4_msgs/msg/detail/gimbal_controls__functions.h\n'}
[0.743578] (px4_msgs) StdoutLine: {'line': b'-- Up-to-date: /home/jmj/pro_asp_ws/ws_px4_controls/install/px4_msgs/include/px4_msgs/px4_msgs/msg/detail/led_control__struct.h\n'}
[0.743601] (px4_msgs) StdoutLine: {'line': b'-- Up-to-date: /home/jmj/pro_asp_ws/ws_px4_controls/install/px4_msgs/include/px4_msgs/px4_msgs/msg/detail/mag_worker_data__functions.c\n'}
[0.743625] (px4_msgs) StdoutLine: {'line': b'-- Up-to-date: /home/jmj/pro_asp_ws/ws_px4_controls/install/px4_msgs/include/px4_msgs/px4_msgs/msg/detail/irlock_report__functions.h\n'}
[0.743649] (px4_msgs) StdoutLine: {'line': b'-- Up-to-date: /home/jmj/pro_asp_ws/ws_px4_controls/install/px4_msgs/include/px4_msgs/px4_msgs/msg/detail/fixed_wing_lateral_setpoint__functions.h\n'}
[0.743676] (px4_msgs) StdoutLine: {'line': b'-- Up-to-date: /home/jmj/pro_asp_ws/ws_px4_controls/install/px4_msgs/include/px4_msgs/px4_msgs/msg/detail/arming_check_request__functions.h\n'}
[0.743700] (px4_msgs) StdoutLine: {'line': b'-- Up-to-date: /home/jmj/pro_asp_ws/ws_px4_controls/install/px4_msgs/include/px4_msgs/px4_msgs/msg/detail/failsafe_flags__functions.h\n'}
[0.743723] (px4_msgs) StdoutLine: {'line': b'-- Up-to-date: /home/jmj/pro_asp_ws/ws_px4_controls/install/px4_msgs/include/px4_msgs/px4_msgs/msg/detail/vehicle_roi__struct.h\n'}
[0.743749] (px4_msgs) StdoutLine: {'line': b'-- Up-to-date: /home/jmj/pro_asp_ws/ws_px4_controls/install/px4_msgs/include/px4_msgs/px4_msgs/msg/detail/ulog_stream__type_support.h\n'}
[0.743779] (px4_msgs) StdoutLine: {'line': b'-- Up-to-date: /home/jmj/pro_asp_ws/ws_px4_controls/install/px4_msgs/include/px4_msgs/px4_msgs/msg/detail/system_power__functions.h\n'}
[0.743806] (px4_msgs) StdoutLine: {'line': b'-- Up-to-date: /home/jmj/pro_asp_ws/ws_px4_controls/install/px4_msgs/include/px4_msgs/px4_msgs/msg/detail/register_ext_component_reply__functions.c\n'}
[0.743831] (px4_msgs) StdoutLine: {'line': b'-- Up-to-date: /home/jmj/pro_asp_ws/ws_px4_controls/install/px4_msgs/include/px4_msgs/px4_msgs/msg/detail/logger_status__struct.h\n'}
[0.743855] (px4_msgs) StdoutLine: {'line': b'-- Up-to-date: /home/jmj/pro_asp_ws/ws_px4_controls/install/px4_msgs/include/px4_msgs/px4_msgs/msg/detail/vehicle_command_ack__functions.h\n'}
[0.743897] (px4_msgs) StdoutLine: {'line': b'-- Up-to-date: /home/jmj/pro_asp_ws/ws_px4_controls/install/px4_msgs/include/px4_msgs/px4_msgs/msg/detail/gimbal_device_set_attitude__struct.h\n'}
[0.743926] (px4_msgs) StdoutLine: {'line': b'-- Up-to-date: /home/jmj/pro_asp_ws/ws_px4_controls/install/px4_msgs/include/px4_msgs/px4_msgs/msg/detail/vehicle_magnetometer__functions.c\n'}
[0.743951] (px4_msgs) StdoutLine: {'line': b'-- Up-to-date: /home/jmj/pro_asp_ws/ws_px4_controls/install/px4_msgs/include/px4_msgs/px4_msgs/msg/detail/follow_target_estimator__struct.h\n'}
[0.743992] (px4_msgs) StdoutLine: {'line': b'-- Up-to-date: /home/jmj/pro_asp_ws/ws_px4_controls/install/px4_msgs/include/px4_msgs/px4_msgs/msg/detail/sensor_gps__struct.h\n'}
[0.744017] (px4_msgs) StdoutLine: {'line': b'-- Up-to-date: /home/jmj/pro_asp_ws/ws_px4_controls/install/px4_msgs/include/px4_msgs/px4_msgs/msg/detail/magnetometer_bias_estimate__functions.h\n'}
[0.744042] (px4_msgs) StdoutLine: {'line': b'-- Up-to-date: /home/jmj/pro_asp_ws/ws_px4_controls/install/px4_msgs/include/px4_msgs/px4_msgs/msg/detail/vehicle_command__type_support.h\n'}
[0.744113] (px4_msgs) StdoutLine: {'line': b'-- Up-to-date: /home/jmj/pro_asp_ws/ws_px4_controls/install/px4_msgs/include/px4_msgs/px4_msgs/msg/detail/debug_value__functions.h\n'}
[0.744138] (px4_msgs) StdoutLine: {'line': b'-- Up-to-date: /home/jmj/pro_asp_ws/ws_px4_controls/install/px4_msgs/include/px4_msgs/px4_msgs/msg/detail/orbit_status__struct.h\n'}
[0.744162] (px4_msgs) StdoutLine: {'line': b'-- Up-to-date: /home/jmj/pro_asp_ws/ws_px4_controls/install/px4_msgs/include/px4_msgs/px4_msgs/msg/detail/event__functions.c\n'}
[0.744186] (px4_msgs) StdoutLine: {'line': b'-- Up-to-date: /home/jmj/pro_asp_ws/ws_px4_controls/install/px4_msgs/include/px4_msgs/px4_msgs/msg/detail/sensor_gyro_fifo__functions.c\n'}
[0.744211] (px4_msgs) StdoutLine: {'line': b'-- Up-to-date: /home/jmj/pro_asp_ws/ws_px4_controls/install/px4_msgs/include/px4_msgs/px4_msgs/msg/detail/sensor_preflight_mag__functions.c\n'}
[0.744236] (px4_msgs) StdoutLine: {'line': b'-- Up-to-date: /home/jmj/pro_asp_ws/ws_px4_controls/install/px4_msgs/include/px4_msgs/px4_msgs/msg/detail/follow_target__functions.h\n'}
[0.744260] (px4_msgs) StdoutLine: {'line': b'-- Up-to-date: /home/jmj/pro_asp_ws/ws_px4_controls/install/px4_msgs/include/px4_msgs/px4_msgs/msg/detail/dataman_request__functions.c\n'}
[0.744284] (px4_msgs) StdoutLine: {'line': b'-- Up-to-date: /home/jmj/pro_asp_ws/ws_px4_controls/install/px4_msgs/include/px4_msgs/px4_msgs/msg/detail/open_drone_id_operator_id__functions.h\n'}
[0.744309] (px4_msgs) StdoutLine: {'line': b'-- Up-to-date: /home/jmj/pro_asp_ws/ws_px4_controls/install/px4_msgs/include/px4_msgs/px4_msgs/msg/detail/vehicle_global_position__functions.c\n'}
[0.744333] (px4_msgs) StdoutLine: {'line': b'-- Up-to-date: /home/jmj/pro_asp_ws/ws_px4_controls/install/px4_msgs/include/px4_msgs/px4_msgs/msg/detail/vehicle_imu_status__struct.h\n'}
[0.744357] (px4_msgs) StdoutLine: {'line': b'-- Up-to-date: /home/jmj/pro_asp_ws/ws_px4_controls/install/px4_msgs/include/px4_msgs/px4_msgs/msg/detail/event__struct.h\n'}
[0.744382] (px4_msgs) StdoutLine: {'line': b'-- Up-to-date: /home/jmj/pro_asp_ws/ws_px4_controls/install/px4_msgs/include/px4_msgs/px4_msgs/msg/detail/actuator_motors__type_support.h\n'}
[0.744406] (px4_msgs) StdoutLine: {'line': b'-- Up-to-date: /home/jmj/pro_asp_ws/ws_px4_controls/install/px4_msgs/include/px4_msgs/px4_msgs/msg/detail/gimbal_manager_status__struct.h\n'}
[0.744445] (px4_msgs) StdoutLine: {'line': b'-- Up-to-date: /home/jmj/pro_asp_ws/ws_px4_controls/install/px4_msgs/include/px4_msgs/px4_msgs/msg/detail/estimator_status__functions.c\n'}
[0.744470] (px4_msgs) StdoutLine: {'line': b'-- Up-to-date: /home/jmj/pro_asp_ws/ws_px4_controls/install/px4_msgs/include/px4_msgs/px4_msgs/msg/detail/pure_pursuit_status__type_support.h\n'}
[0.744497] (px4_msgs) StdoutLine: {'line': b'-- Up-to-date: /home/jmj/pro_asp_ws/ws_px4_controls/install/px4_msgs/include/px4_msgs/px4_msgs/msg/detail/actuator_test__functions.h\n'}
[0.744521] (px4_msgs) StdoutLine: {'line': b'-- Up-to-date: /home/jmj/pro_asp_ws/ws_px4_controls/install/px4_msgs/include/px4_msgs/px4_msgs/msg/detail/sensors_status__type_support.h\n'}
[0.744546] (px4_msgs) StdoutLine: {'line': b'-- Up-to-date: /home/jmj/pro_asp_ws/ws_px4_controls/install/px4_msgs/include/px4_msgs/px4_msgs/msg/detail/heater_status__functions.h\n'}
[0.744570] (px4_msgs) StdoutLine: {'line': b'-- Up-to-date: /home/jmj/pro_asp_ws/ws_px4_controls/install/px4_msgs/include/px4_msgs/px4_msgs/msg/detail/rover_attitude_setpoint__struct.h\n'}
[0.744594] (px4_msgs) StdoutLine: {'line': b'-- Up-to-date: /home/jmj/pro_asp_ws/ws_px4_controls/install/px4_msgs/include/px4_msgs/px4_msgs/msg/detail/trajectory_setpoint6dof__struct.h\n'}
[0.744619] (px4_msgs) StdoutLine: {'line': b'-- Up-to-date: /home/jmj/pro_asp_ws/ws_px4_controls/install/px4_msgs/include/px4_msgs/px4_msgs/msg/detail/gpio_out__functions.h\n'}
[0.744643] (px4_msgs) StdoutLine: {'line': b'-- Up-to-date: /home/jmj/pro_asp_ws/ws_px4_controls/install/px4_msgs/include/px4_msgs/px4_msgs/msg/detail/vehicle_angular_velocity__struct.h\n'}
[0.744669] (px4_msgs) StdoutLine: {'line': b'-- Up-to-date: /home/jmj/pro_asp_ws/ws_px4_controls/install/px4_msgs/include/px4_msgs/px4_msgs/msg/detail/vehicle_imu_status__functions.h\n'}
[0.744693] (px4_msgs) StdoutLine: {'line': b'-- Up-to-date: /home/jmj/pro_asp_ws/ws_px4_controls/install/px4_msgs/include/px4_msgs/px4_msgs/msg/detail/rpm__struct.h\n'}
[0.744773] (px4_msgs) StdoutLine: {'line': b'-- Up-to-date: /home/jmj/pro_asp_ws/ws_px4_controls/install/px4_msgs/include/px4_msgs/px4_msgs/msg/detail/magnetometer_bias_estimate__functions.c\n'}
[0.744803] (px4_msgs) StdoutLine: {'line': b'-- Up-to-date: /home/jmj/pro_asp_ws/ws_px4_controls/install/px4_msgs/include/px4_msgs/px4_msgs/msg/detail/tune_control__struct.h\n'}
[0.744828] (px4_msgs) StdoutLine: {'line': b'-- Up-to-date: /home/jmj/pro_asp_ws/ws_px4_controls/install/px4_msgs/include/px4_msgs/px4_msgs/msg/detail/normalized_unsigned_setpoint__struct.h\n'}
[0.744852] (px4_msgs) StdoutLine: {'line': b'-- Up-to-date: /home/jmj/pro_asp_ws/ws_px4_controls/install/px4_msgs/include/px4_msgs/px4_msgs/msg/detail/cellular_status__type_support.h\n'}
[0.744877] (px4_msgs) StdoutLine: {'line': b'-- Up-to-date: /home/jmj/pro_asp_ws/ws_px4_controls/install/px4_msgs/include/px4_msgs/px4_msgs/msg/detail/uavcan_parameter_request__functions.c\n'}
[0.744903] (px4_msgs) StdoutLine: {'line': b'-- Up-to-date: /home/jmj/pro_asp_ws/ws_px4_controls/install/px4_msgs/include/px4_msgs/px4_msgs/msg/detail/gimbal_device_information__type_support.h\n'}
[0.745024] (px4_msgs) StdoutLine: {'line': b'-- Up-to-date: /home/jmj/pro_asp_ws/ws_px4_controls/install/px4_msgs/include/px4_msgs/px4_msgs/msg/detail/actuator_controls_status__functions.c\n'}
[0.745050] (px4_msgs) StdoutLine: {'line': b'-- Up-to-date: /home/jmj/pro_asp_ws/ws_px4_controls/install/px4_msgs/include/px4_msgs/px4_msgs/msg/detail/vehicle_odometry__functions.c\n'}
[0.745074] (px4_msgs) StdoutLine: {'line': b'-- Up-to-date: /home/jmj/pro_asp_ws/ws_px4_controls/install/px4_msgs/include/px4_msgs/px4_msgs/msg/detail/esc_status__functions.c\n'}
[0.745096] (px4_msgs) StdoutLine: {'line': b'-- Up-to-date: /home/jmj/pro_asp_ws/ws_px4_controls/install/px4_msgs/include/px4_msgs/px4_msgs/msg/detail/wheel_encoders__functions.c\n'}
[0.745119] (px4_msgs) StdoutLine: {'line': b'-- Up-to-date: /home/jmj/pro_asp_ws/ws_px4_controls/install/px4_msgs/include/px4_msgs/px4_msgs/msg/detail/collision_constraints__functions.h\n'}
[0.745143] (px4_msgs) StdoutLine: {'line': b'-- Up-to-date: /home/jmj/pro_asp_ws/ws_px4_controls/install/px4_msgs/include/px4_msgs/px4_msgs/msg/detail/sensor_accel_fifo__struct.h\n'}
[0.745167] (px4_msgs) StdoutLine: {'line': b'-- Up-to-date: /home/jmj/pro_asp_ws/ws_px4_controls/install/px4_msgs/include/px4_msgs/px4_msgs/msg/detail/obstacle_distance__functions.h\n'}
[0.745190] (px4_msgs) StdoutLine: {'line': b'-- Up-to-date: /home/jmj/pro_asp_ws/ws_px4_controls/install/px4_msgs/include/px4_msgs/px4_msgs/msg/detail/iridiumsbd_status__type_support.h\n'}
[0.745224] (px4_msgs) StdoutLine: {'line': b'-- Up-to-date: /home/jmj/pro_asp_ws/ws_px4_controls/install/px4_msgs/include/px4_msgs/px4_msgs/msg/detail/camera_trigger__functions.c\n'}
[0.745253] (px4_msgs) StdoutLine: {'line': b'-- Up-to-date: /home/jmj/pro_asp_ws/ws_px4_controls/install/px4_msgs/include/px4_msgs/px4_msgs/msg/detail/open_drone_id_system__functions.h\n'}
[0.745279] (px4_msgs) StdoutLine: {'line': b'-- Up-to-date: /home/jmj/pro_asp_ws/ws_px4_controls/install/px4_msgs/include/px4_msgs/px4_msgs/msg/detail/gpio_in__struct.h\n'}
[0.745305] (px4_msgs) StdoutLine: {'line': b'-- Up-to-date: /home/jmj/pro_asp_ws/ws_px4_controls/install/px4_msgs/include/px4_msgs/px4_msgs/msg/detail/vehicle_local_position__functions.h\n'}
[0.745330] (px4_msgs) StdoutLine: {'line': b'-- Up-to-date: /home/jmj/pro_asp_ws/ws_px4_controls/install/px4_msgs/include/px4_msgs/px4_msgs/msg/detail/qshell_retval__type_support.h\n'}
[0.745355] (px4_msgs) StdoutLine: {'line': b'-- Up-to-date: /home/jmj/pro_asp_ws/ws_px4_controls/install/px4_msgs/include/px4_msgs/px4_msgs/msg/detail/vehicle_constraints__functions.c\n'}
[0.745380] (px4_msgs) StdoutLine: {'line': b'-- Up-to-date: /home/jmj/pro_asp_ws/ws_px4_controls/install/px4_msgs/include/px4_msgs/px4_msgs/msg/detail/sensor_gyro__struct.h\n'}
[0.745404] (px4_msgs) StdoutLine: {'line': b'-- Up-to-date: /home/jmj/pro_asp_ws/ws_px4_controls/install/px4_msgs/include/px4_msgs/px4_msgs/msg/detail/vehicle_angular_acceleration_setpoint__functions.h\n'}
[0.745430] (px4_msgs) StdoutLine: {'line': b'-- Up-to-date: /home/jmj/pro_asp_ws/ws_px4_controls/install/px4_msgs/include/px4_msgs/px4_msgs/msg/detail/vehicle_thrust_setpoint__type_support.h\n'}
[0.745454] (px4_msgs) StdoutLine: {'line': b'-- Up-to-date: /home/jmj/pro_asp_ws/ws_px4_controls/install/px4_msgs/include/px4_msgs/px4_msgs/msg/detail/wind__type_support.h\n'}
[0.745479] (px4_msgs) StdoutLine: {'line': b'-- Up-to-date: /home/jmj/pro_asp_ws/ws_px4_controls/install/px4_msgs/include/px4_msgs/px4_msgs/msg/detail/internal_combustion_engine_status__type_support.h\n'}
[0.745505] (px4_msgs) StdoutLine: {'line': b'-- Up-to-date: /home/jmj/pro_asp_ws/ws_px4_controls/install/px4_msgs/include/px4_msgs/px4_msgs/msg/detail/estimator_status_flags__functions.h\n'}
[0.745549] (px4_msgs) StdoutLine: {'line': b'-- Up-to-date: /home/jmj/pro_asp_ws/ws_px4_controls/install/px4_msgs/include/px4_msgs/px4_msgs/msg/detail/airspeed_wind__struct.h\n'}
[0.745576] (px4_msgs) StdoutLine: {'line': b'-- Up-to-date: /home/jmj/pro_asp_ws/ws_px4_controls/install/px4_msgs/include/px4_msgs/px4_msgs/msg/detail/parameter_update__struct.h\n'}
[0.745603] (px4_msgs) StdoutLine: {'line': b'-- Up-to-date: /home/jmj/pro_asp_ws/ws_px4_controls/install/px4_msgs/include/px4_msgs/px4_msgs/msg/detail/wind__functions.c\n'}
[0.745627] (px4_msgs) StdoutLine: {'line': b'-- Up-to-date: /home/jmj/pro_asp_ws/ws_px4_controls/install/px4_msgs/include/px4_msgs/px4_msgs/msg/detail/vtol_vehicle_status__functions.h\n'}
[0.745653] (px4_msgs) StdoutLine: {'line': b'-- Up-to-date: /home/jmj/pro_asp_ws/ws_px4_controls/install/px4_msgs/include/px4_msgs/px4_msgs/msg/detail/vehicle_angular_acceleration_setpoint__struct.h\n'}
[0.745678] (px4_msgs) StdoutLine: {'line': b'-- Up-to-date: /home/jmj/pro_asp_ws/ws_px4_controls/install/px4_msgs/include/px4_msgs/px4_msgs/msg/detail/navigator_mission_item__type_support.h\n'}
[0.745703] (px4_msgs) StdoutLine: {'line': b'-- Up-to-date: /home/jmj/pro_asp_ws/ws_px4_controls/install/px4_msgs/include/px4_msgs/px4_msgs/msg/detail/manual_control_setpoint__struct.h\n'}
[0.745766] (px4_msgs) StdoutLine: {'line': b'-- Up-to-date: /home/jmj/pro_asp_ws/ws_px4_controls/install/px4_msgs/include/px4_msgs/px4_msgs/msg/detail/autotune_attitude_control_status__type_support.h\n'}
[0.745795] (px4_msgs) StdoutLine: {'line': b'-- Up-to-date: /home/jmj/pro_asp_ws/ws_px4_controls/install/px4_msgs/include/px4_msgs/px4_msgs/msg/detail/rover_velocity_setpoint__type_support.h\n'}
[0.745821] (px4_msgs) StdoutLine: {'line': b'-- Up-to-date: /home/jmj/pro_asp_ws/ws_px4_controls/install/px4_msgs/include/px4_msgs/px4_msgs/msg/detail/vehicle_optical_flow_vel__struct.h\n'}
[0.745849] (px4_msgs) StdoutLine: {'line': b'-- Up-to-date: /home/jmj/pro_asp_ws/ws_px4_controls/install/px4_msgs/include/px4_msgs/px4_msgs/msg/detail/gps_dump__struct.h\n'}
[0.745874] (px4_msgs) StdoutLine: {'line': b'-- Up-to-date: /home/jmj/pro_asp_ws/ws_px4_controls/install/px4_msgs/include/px4_msgs/px4_msgs/msg/detail/wind__functions.h\n'}
[0.745899] (px4_msgs) StdoutLine: {'line': b'-- Up-to-date: /home/jmj/pro_asp_ws/ws_px4_controls/install/px4_msgs/include/px4_msgs/px4_msgs/msg/detail/register_ext_component_reply__struct.h\n'}
[0.745923] (px4_msgs) StdoutLine: {'line': b'-- Up-to-date: /home/jmj/pro_asp_ws/ws_px4_controls/install/px4_msgs/include/px4_msgs/px4_msgs/msg/detail/rtl_status__type_support.h\n'}
[0.745947] (px4_msgs) StdoutLine: {'line': b'-- Up-to-date: /home/jmj/pro_asp_ws/ws_px4_controls/install/px4_msgs/include/px4_msgs/px4_msgs/msg/detail/obstacle_distance__type_support.h\n'}
[0.745971] (px4_msgs) StdoutLine: {'line': b'-- Up-to-date: /home/jmj/pro_asp_ws/ws_px4_controls/install/px4_msgs/include/px4_msgs/px4_msgs/msg/detail/vehicle_imu_status__functions.c\n'}
[0.745994] (px4_msgs) StdoutLine: {'line': b'-- Up-to-date: /home/jmj/pro_asp_ws/ws_px4_controls/install/px4_msgs/include/px4_msgs/px4_msgs/msg/detail/orbit_status__type_support.h\n'}
[0.746019] (px4_msgs) StdoutLine: {'line': b'-- Up-to-date: /home/jmj/pro_asp_ws/ws_px4_controls/install/px4_msgs/include/px4_msgs/px4_msgs/msg/detail/power_button_state__struct.h\n'}
[0.746042] (px4_msgs) StdoutLine: {'line': b'-- Up-to-date: /home/jmj/pro_asp_ws/ws_px4_controls/install/px4_msgs/include/px4_msgs/px4_msgs/msg/detail/vehicle_rates_setpoint__functions.c\n'}
[0.746066] (px4_msgs) StdoutLine: {'line': b'-- Up-to-date: /home/jmj/pro_asp_ws/ws_px4_controls/install/px4_msgs/include/px4_msgs/px4_msgs/msg/detail/rtl_status__functions.h\n'}
[0.746090] (px4_msgs) StdoutLine: {'line': b'-- Up-to-date: /home/jmj/pro_asp_ws/ws_px4_controls/install/px4_msgs/include/px4_msgs/px4_msgs/msg/detail/failure_detector_status__struct.h\n'}
[0.746114] (px4_msgs) StdoutLine: {'line': b'-- Up-to-date: /home/jmj/pro_asp_ws/ws_px4_controls/install/px4_msgs/include/px4_msgs/px4_msgs/msg/detail/vehicle_land_detected__functions.h\n'}
[0.746155] (px4_msgs) StdoutLine: {'line': b'-- Up-to-date: /home/jmj/pro_asp_ws/ws_px4_controls/install/px4_msgs/include/px4_msgs/px4_msgs/msg/detail/vehicle_acceleration__functions.c\n'}
[0.746237] (px4_msgs) StdoutLine: {'line': b'-- Up-to-date: /home/jmj/pro_asp_ws/ws_px4_controls/install/px4_msgs/include/px4_msgs/px4_msgs/msg/detail/landing_target_pose__functions.h\n'}
[0.746283] (px4_msgs) StdoutLine: {'line': b'-- Up-to-date: /home/jmj/pro_asp_ws/ws_px4_controls/install/px4_msgs/include/px4_msgs/px4_msgs/msg/detail/obstacle_distance__struct.h\n'}
[0.746322] (px4_msgs) StdoutLine: {'line': b'-- Up-to-date: /home/jmj/pro_asp_ws/ws_px4_controls/install/px4_msgs/include/px4_msgs/px4_msgs/msg/detail/sensor_baro__functions.h\n'}
[0.746473] (px4_msgs) StdoutLine: {'line': b'-- Up-to-date: /home/jmj/pro_asp_ws/ws_px4_controls/install/px4_msgs/include/px4_msgs/px4_msgs/msg/detail/telemetry_status__functions.h\n'}
[0.746503] (px4_msgs) StdoutLine: {'line': b'-- Up-to-date: /home/jmj/pro_asp_ws/ws_px4_controls/install/px4_msgs/include/px4_msgs/px4_msgs/msg/detail/system_power__functions.c\n'}
[0.746577] (px4_msgs) StdoutLine: {'line': b'-- Up-to-date: /home/jmj/pro_asp_ws/ws_px4_controls/install/px4_msgs/include/px4_msgs/px4_msgs/msg/detail/mavlink_log__functions.c\n'}
[0.746607] (px4_msgs) StdoutLine: {'line': b'-- Up-to-date: /home/jmj/pro_asp_ws/ws_px4_controls/install/px4_msgs/include/px4_msgs/px4_msgs/msg/detail/mavlink_tunnel__functions.h\n'}
[0.746636] (px4_msgs) StdoutLine: {'line': b'-- Up-to-date: /home/jmj/pro_asp_ws/ws_px4_controls/install/px4_msgs/include/px4_msgs/px4_msgs/msg/detail/sensors_status_imu__functions.h\n'}
[0.746663] (px4_msgs) StdoutLine: {'line': b'-- Up-to-date: /home/jmj/pro_asp_ws/ws_px4_controls/install/px4_msgs/include/px4_msgs/px4_msgs/msg/detail/mount_orientation__struct.h\n'}
[0.746688] (px4_msgs) StdoutLine: {'line': b'-- Up-to-date: /home/jmj/pro_asp_ws/ws_px4_controls/install/px4_msgs/include/px4_msgs/px4_msgs/msg/detail/cellular_status__functions.c\n'}
[0.746712] (px4_msgs) StdoutLine: {'line': b'-- Up-to-date: /home/jmj/pro_asp_ws/ws_px4_controls/install/px4_msgs/include/px4_msgs/px4_msgs/msg/detail/failure_detector_status__functions.c\n'}
[0.746737] (px4_msgs) StdoutLine: {'line': b'-- Up-to-date: /home/jmj/pro_asp_ws/ws_px4_controls/install/px4_msgs/include/px4_msgs/px4_msgs/msg/detail/ekf2_timestamps__functions.c\n'}
[0.746767] (px4_msgs) StdoutLine: {'line': b'-- Up-to-date: /home/jmj/pro_asp_ws/ws_px4_controls/install/px4_msgs/include/px4_msgs/px4_msgs/msg/detail/rover_throttle_setpoint__functions.h\n'}
[0.746796] (px4_msgs) StdoutLine: {'line': b'-- Up-to-date: /home/jmj/pro_asp_ws/ws_px4_controls/install/px4_msgs/include/px4_msgs/px4_msgs/msg/detail/ping__functions.c\n'}
[0.746820] (px4_msgs) StdoutLine: {'line': b'-- Up-to-date: /home/jmj/pro_asp_ws/ws_px4_controls/install/px4_msgs/include/px4_msgs/px4_msgs/msg/detail/gps_inject_data__functions.c\n'}
[0.746845] (px4_msgs) StdoutLine: {'line': b'-- Up-to-date: /home/jmj/pro_asp_ws/ws_px4_controls/install/px4_msgs/include/px4_msgs/px4_msgs/msg/detail/rover_rate_status__type_support.h\n'}
[0.746871] (px4_msgs) StdoutLine: {'line': b'-- Up-to-date: /home/jmj/pro_asp_ws/ws_px4_controls/install/px4_msgs/include/px4_msgs/px4_msgs/msg/detail/gpio_config__struct.h\n'}
[0.746940] (px4_msgs) StdoutLine: {'line': b'-- Up-to-date: /home/jmj/pro_asp_ws/ws_px4_controls/install/px4_msgs/include/px4_msgs/px4_msgs/msg/detail/vehicle_attitude_setpoint__type_support.h\n'}
[0.746969] (px4_msgs) StdoutLine: {'line': b'-- Up-to-date: /home/jmj/pro_asp_ws/ws_px4_controls/install/px4_msgs/include/px4_msgs/px4_msgs/msg/detail/vehicle_acceleration__type_support.h\n'}
[0.746996] (px4_msgs) StdoutLine: {'line': b'-- Up-to-date: /home/jmj/pro_asp_ws/ws_px4_controls/install/px4_msgs/include/px4_msgs/px4_msgs/msg/detail/onboard_computer_status__struct.h\n'}
[0.747023] (px4_msgs) StdoutLine: {'line': b'-- Up-to-date: /home/jmj/pro_asp_ws/ws_px4_controls/install/px4_msgs/include/px4_msgs/px4_msgs/msg/detail/cpuload__functions.h\n'}
[0.747049] (px4_msgs) StdoutLine: {'line': b'-- Up-to-date: /home/jmj/pro_asp_ws/ws_px4_controls/install/px4_msgs/include/px4_msgs/px4_msgs/msg/detail/gimbal_manager_status__functions.h\n'}
[0.747074] (px4_msgs) StdoutLine: {'line': b'-- Up-to-date: /home/jmj/pro_asp_ws/ws_px4_controls/install/px4_msgs/include/px4_msgs/px4_msgs/msg/detail/tiltrotor_extra_controls__functions.c\n'}
[0.747099] (px4_msgs) StdoutLine: {'line': b'-- Up-to-date: /home/jmj/pro_asp_ws/ws_px4_controls/install/px4_msgs/include/px4_msgs/px4_msgs/msg/detail/actuator_servos__functions.h\n'}
[0.747125] (px4_msgs) StdoutLine: {'line': b'-- Up-to-date: /home/jmj/pro_asp_ws/ws_px4_controls/install/px4_msgs/include/px4_msgs/px4_msgs/msg/detail/estimator_sensor_bias__struct.h\n'}
[0.747150] (px4_msgs) StdoutLine: {'line': b'-- Up-to-date: /home/jmj/pro_asp_ws/ws_px4_controls/install/px4_msgs/include/px4_msgs/px4_msgs/msg/detail/follow_target__type_support.h\n'}
[0.747176] (px4_msgs) StdoutLine: {'line': b'-- Up-to-date: /home/jmj/pro_asp_ws/ws_px4_controls/install/px4_msgs/include/px4_msgs/px4_msgs/msg/detail/rover_attitude_setpoint__functions.c\n'}
[0.747201] (px4_msgs) StdoutLine: {'line': b'-- Up-to-date: /home/jmj/pro_asp_ws/ws_px4_controls/install/px4_msgs/include/px4_msgs/px4_msgs/msg/detail/heater_status__functions.c\n'}
[0.747309] (px4_msgs) StdoutLine: {'line': b'-- Up-to-date: /home/jmj/pro_asp_ws/ws_px4_controls/install/px4_msgs/include/px4_msgs/px4_msgs/msg/detail/open_drone_id_self_id__functions.h\n'}
[0.747337] (px4_msgs) StdoutLine: {'line': b'-- Up-to-date: /home/jmj/pro_asp_ws/ws_px4_controls/install/px4_msgs/include/px4_msgs/px4_msgs/msg/detail/estimator_gps_status__functions.h\n'}
[0.747363] (px4_msgs) StdoutLine: {'line': b'-- Up-to-date: /home/jmj/pro_asp_ws/ws_px4_controls/install/px4_msgs/include/px4_msgs/px4_msgs/msg/detail/sensor_gyro_fifo__type_support.h\n'}
[0.747392] (px4_msgs) StdoutLine: {'line': b'-- Up-to-date: /home/jmj/pro_asp_ws/ws_px4_controls/install/px4_msgs/include/px4_msgs/px4_msgs/msg/detail/qshell_req__functions.c\n'}
[0.747418] (px4_msgs) StdoutLine: {'line': b'-- Up-to-date: /home/jmj/pro_asp_ws/ws_px4_controls/install/px4_msgs/include/px4_msgs/px4_msgs/msg/detail/autotune_attitude_control_status__functions.h\n'}
[0.747514] (px4_msgs) StdoutLine: {'line': b'-- Up-to-date: /home/jmj/pro_asp_ws/ws_px4_controls/install/px4_msgs/include/px4_msgs/px4_msgs/msg/detail/action_request__type_support.h\n'}
[0.747547] (px4_msgs) StdoutLine: {'line': b'-- Up-to-date: /home/jmj/pro_asp_ws/ws_px4_controls/install/px4_msgs/include/px4_msgs/px4_msgs/msg/detail/actuator_motors__functions.c\n'}
[0.747576] (px4_msgs) StdoutLine: {'line': b'-- Up-to-date: /home/jmj/pro_asp_ws/ws_px4_controls/install/px4_msgs/include/px4_msgs/px4_msgs/msg/detail/launch_detection_status__type_support.h\n'}
[0.747603] (px4_msgs) StdoutLine: {'line': b'-- Up-to-date: /home/jmj/pro_asp_ws/ws_px4_controls/install/px4_msgs/include/px4_msgs/px4_msgs/msg/detail/qshell_retval__functions.h\n'}
[0.747631] (px4_msgs) StdoutLine: {'line': b'-- Up-to-date: /home/jmj/pro_asp_ws/ws_px4_controls/install/px4_msgs/include/px4_msgs/px4_msgs/msg/detail/lateral_control_configuration__type_support.h\n'}
[0.747662] (px4_msgs) StdoutLine: {'line': b'-- Up-to-date: /home/jmj/pro_asp_ws/ws_px4_controls/install/px4_msgs/include/px4_msgs/px4_msgs/msg/detail/gimbal_controls__functions.c\n'}
[0.747692] (px4_msgs) StdoutLine: {'line': b'-- Up-to-date: /home/jmj/pro_asp_ws/ws_px4_controls/install/px4_msgs/include/px4_msgs/px4_msgs/msg/detail/geofence_result__struct.h\n'}
[0.747718] (px4_msgs) StdoutLine: {'line': b'-- Up-to-date: /home/jmj/pro_asp_ws/ws_px4_controls/install/px4_msgs/include/px4_msgs/px4_msgs/msg/detail/velocity_limits__type_support.h\n'}
[0.747743] (px4_msgs) StdoutLine: {'line': b'-- Up-to-date: /home/jmj/pro_asp_ws/ws_px4_controls/install/px4_msgs/include/px4_msgs/px4_msgs/msg/detail/sensors_status__functions.c\n'}
[0.747781] (px4_msgs) StdoutLine: {'line': b'-- Up-to-date: /home/jmj/pro_asp_ws/ws_px4_controls/install/px4_msgs/include/px4_msgs/px4_msgs/msg/detail/register_ext_component_reply__functions.h\n'}
[0.747808] (px4_msgs) StdoutLine: {'line': b'-- Up-to-date: /home/jmj/pro_asp_ws/ws_px4_controls/install/px4_msgs/include/px4_msgs/px4_msgs/msg/detail/vehicle_imu__functions.h\n'}
[0.747833] (px4_msgs) StdoutLine: {'line': b'-- Up-to-date: /home/jmj/pro_asp_ws/ws_px4_controls/install/px4_msgs/include/px4_msgs/px4_msgs/msg/detail/sensors_status__struct.h\n'}
[0.747859] (px4_msgs) StdoutLine: {'line': b'-- Up-to-date: /home/jmj/pro_asp_ws/ws_px4_controls/install/px4_msgs/include/px4_msgs/px4_msgs/msg/detail/vehicle_command__functions.h\n'}
[0.747885] (px4_msgs) StdoutLine: {'line': b'-- Up-to-date: /home/jmj/pro_asp_ws/ws_px4_controls/install/px4_msgs/include/px4_msgs/px4_msgs/msg/detail/gimbal_manager_set_manual_control__struct.h\n'}
[0.748041] (px4_msgs) StdoutLine: {'line': b'-- Up-to-date: /home/jmj/pro_asp_ws/ws_px4_controls/install/px4_msgs/include/px4_msgs/px4_msgs/msg/detail/mag_worker_data__functions.h\n'}
[0.748070] (px4_msgs) StdoutLine: {'line': b'-- Up-to-date: /home/jmj/pro_asp_ws/ws_px4_controls/install/px4_msgs/include/px4_msgs/px4_msgs/msg/detail/estimator_innovations__functions.c\n'}
[0.748095] (px4_msgs) StdoutLine: {'line': b'-- Up-to-date: /home/jmj/pro_asp_ws/ws_px4_controls/install/px4_msgs/include/px4_msgs/px4_msgs/msg/detail/config_overrides__functions.h\n'}
[0.748660] (px4_msgs) StdoutLine: {'line': b'-- Up-to-date: /home/jmj/pro_asp_ws/ws_px4_controls/install/px4_msgs/include/px4_msgs/px4_msgs/msg/detail/transponder_report__struct.h\n'}
[0.748690] (px4_msgs) StdoutLine: {'line': b'-- Up-to-date: /home/jmj/pro_asp_ws/ws_px4_controls/install/px4_msgs/include/px4_msgs/px4_msgs/msg/detail/onboard_computer_status__functions.h\n'}
[0.748715] (px4_msgs) StdoutLine: {'line': b'-- Up-to-date: /home/jmj/pro_asp_ws/ws_px4_controls/install/px4_msgs/include/px4_msgs/px4_msgs/msg/detail/trajectory_setpoint__functions.c\n'}
[0.748740] (px4_msgs) StdoutLine: {'line': b'-- Up-to-date: /home/jmj/pro_asp_ws/ws_px4_controls/install/px4_msgs/include/px4_msgs/px4_msgs/msg/detail/differential_pressure__functions.c\n'}
[0.748813] (px4_msgs) StdoutLine: {'line': b'-- Up-to-date: /home/jmj/pro_asp_ws/ws_px4_controls/install/px4_msgs/include/px4_msgs/px4_msgs/msg/detail/longitudinal_control_configuration__functions.c\n'}
[0.748841] (px4_msgs) StdoutLine: {'line': b'-- Up-to-date: /home/jmj/pro_asp_ws/ws_px4_controls/install/px4_msgs/include/px4_msgs/px4_msgs/msg/detail/sensor_uwb__struct.h\n'}
[0.748867] (px4_msgs) StdoutLine: {'line': b'-- Up-to-date: /home/jmj/pro_asp_ws/ws_px4_controls/install/px4_msgs/include/px4_msgs/px4_msgs/msg/detail/vehicle_constraints__type_support.h\n'}
[0.748891] (px4_msgs) StdoutLine: {'line': b'-- Up-to-date: /home/jmj/pro_asp_ws/ws_px4_controls/install/px4_msgs/include/px4_msgs/px4_msgs/msg/detail/action_request__functions.c\n'}
[0.748916] (px4_msgs) StdoutLine: {'line': b'-- Up-to-date: /home/jmj/pro_asp_ws/ws_px4_controls/install/px4_msgs/include/px4_msgs/px4_msgs/msg/detail/pure_pursuit_status__struct.h\n'}
[0.748940] (px4_msgs) StdoutLine: {'line': b'-- Up-to-date: /home/jmj/pro_asp_ws/ws_px4_controls/install/px4_msgs/include/px4_msgs/px4_msgs/msg/detail/transponder_report__functions.h\n'}
[0.749016] (px4_msgs) StdoutLine: {'line': b'-- Up-to-date: /home/jmj/pro_asp_ws/ws_px4_controls/install/px4_msgs/include/px4_msgs/px4_msgs/msg/detail/task_stack_info__type_support.h\n'}
[0.749042] (px4_msgs) StdoutLine: {'line': b'-- Up-to-date: /home/jmj/pro_asp_ws/ws_px4_controls/install/px4_msgs/include/px4_msgs/px4_msgs/msg/detail/fixed_wing_longitudinal_setpoint__functions.c\n'}
[0.749066] (px4_msgs) StdoutLine: {'line': b'-- Up-to-date: /home/jmj/pro_asp_ws/ws_px4_controls/install/px4_msgs/include/px4_msgs/px4_msgs/msg/detail/input_rc__functions.c\n'}
[0.749091] (px4_msgs) StdoutLine: {'line': b'-- Up-to-date: /home/jmj/pro_asp_ws/ws_px4_controls/install/px4_msgs/include/px4_msgs/px4_msgs/msg/detail/esc_report__functions.c\n'}
[0.749115] (px4_msgs) StdoutLine: {'line': b'-- Up-to-date: /home/jmj/pro_asp_ws/ws_px4_controls/install/px4_msgs/include/px4_msgs/px4_msgs/msg/detail/config_overrides__functions.c\n'}
[0.749141] (px4_msgs) StdoutLine: {'line': b'-- Up-to-date: /home/jmj/pro_asp_ws/ws_px4_controls/install/px4_msgs/include/px4_msgs/px4_msgs/msg/detail/estimator_states__struct.h\n'}
[0.749166] (px4_msgs) StdoutLine: {'line': b'-- Up-to-date: /home/jmj/pro_asp_ws/ws_px4_controls/install/px4_msgs/include/px4_msgs/px4_msgs/msg/detail/ulog_stream__struct.h\n'}
[0.749189] (px4_msgs) StdoutLine: {'line': b'-- Up-to-date: /home/jmj/pro_asp_ws/ws_px4_controls/install/px4_msgs/include/px4_msgs/px4_msgs/msg/detail/rc_parameter_map__functions.c\n'}
[0.749214] (px4_msgs) StdoutLine: {'line': b'-- Up-to-date: /home/jmj/pro_asp_ws/ws_px4_controls/install/px4_msgs/include/px4_msgs/px4_msgs/msg/detail/gimbal_device_set_attitude__type_support.h\n'}
[0.749238] (px4_msgs) StdoutLine: {'line': b'-- Up-to-date: /home/jmj/pro_asp_ws/ws_px4_controls/install/px4_msgs/include/px4_msgs/px4_msgs/msg/detail/lateral_control_configuration__functions.c\n'}
[0.749262] (px4_msgs) StdoutLine: {'line': b'-- Up-to-date: /home/jmj/pro_asp_ws/ws_px4_controls/install/px4_msgs/include/px4_msgs/px4_msgs/msg/detail/timesync_status__functions.c\n'}
[0.749296] (px4_msgs) StdoutLine: {'line': b'-- Up-to-date: /home/jmj/pro_asp_ws/ws_px4_controls/install/px4_msgs/include/px4_msgs/px4_msgs/msg/detail/gpio_in__functions.c\n'}
[0.749330] (px4_msgs) StdoutLine: {'line': b'-- Up-to-date: /home/jmj/pro_asp_ws/ws_px4_controls/install/px4_msgs/include/px4_msgs/px4_msgs/msg/detail/figure_eight_status__struct.h\n'}
[0.749426] (px4_msgs) StdoutLine: {'line': b'-- Up-to-date: /home/jmj/pro_asp_ws/ws_px4_controls/install/px4_msgs/include/px4_msgs/px4_msgs/msg/detail/debug_vect__struct.h\n'}
[0.749452] (px4_msgs) StdoutLine: {'line': b'-- Up-to-date: /home/jmj/pro_asp_ws/ws_px4_controls/install/px4_msgs/include/px4_msgs/px4_msgs/msg/detail/gps_dump__functions.c\n'}
[0.749478] (px4_msgs) StdoutLine: {'line': b'-- Up-to-date: /home/jmj/pro_asp_ws/ws_px4_controls/install/px4_msgs/include/px4_msgs/px4_msgs/msg/detail/rover_attitude_setpoint__functions.h\n'}
[0.749507] (px4_msgs) StdoutLine: {'line': b'-- Up-to-date: /home/jmj/pro_asp_ws/ws_px4_controls/install/px4_msgs/include/px4_msgs/px4_msgs/msg/detail/landing_gear__type_support.h\n'}
[0.749533] (px4_msgs) StdoutLine: {'line': b'-- Up-to-date: /home/jmj/pro_asp_ws/ws_px4_controls/install/px4_msgs/include/px4_msgs/px4_msgs/msg/detail/vehicle_command_ack__type_support.h\n'}
[0.749558] (px4_msgs) StdoutLine: {'line': b'-- Up-to-date: /home/jmj/pro_asp_ws/ws_px4_controls/install/px4_msgs/include/px4_msgs/px4_msgs/msg/detail/follow_target_status__struct.h\n'}
[0.749582] (px4_msgs) StdoutLine: {'line': b'-- Up-to-date: /home/jmj/pro_asp_ws/ws_px4_controls/install/px4_msgs/include/px4_msgs/px4_msgs/msg/detail/estimator_status_flags__type_support.h\n'}
[0.749607] (px4_msgs) StdoutLine: {'line': b'-- Up-to-date: /home/jmj/pro_asp_ws/ws_px4_controls/install/px4_msgs/include/px4_msgs/px4_msgs/msg/detail/estimator_status__struct.h\n'}
[0.749632] (px4_msgs) StdoutLine: {'line': b'-- Up-to-date: /home/jmj/pro_asp_ws/ws_px4_controls/install/px4_msgs/include/px4_msgs/px4_msgs/msg/detail/rtl_time_estimate__functions.c\n'}
[0.749656] (px4_msgs) StdoutLine: {'line': b'-- Up-to-date: /home/jmj/pro_asp_ws/ws_px4_controls/install/px4_msgs/include/px4_msgs/px4_msgs/msg/detail/irlock_report__type_support.h\n'}
[0.749741] (px4_msgs) StdoutLine: {'line': b'-- Up-to-date: /home/jmj/pro_asp_ws/ws_px4_controls/install/px4_msgs/include/px4_msgs/px4_msgs/msg/detail/wheel_encoders__type_support.h\n'}
[0.749949] (px4_msgs) StdoutLine: {'line': b'-- Up-to-date: /home/jmj/pro_asp_ws/ws_px4_controls/install/px4_msgs/include/px4_msgs/px4_msgs/msg/detail/vehicle_air_data__struct.h\n'}
[0.750005] (px4_msgs) StdoutLine: {'line': b'-- Up-to-date: /home/jmj/pro_asp_ws/ws_px4_controls/install/px4_msgs/include/px4_msgs/px4_msgs/msg/detail/mavlink_log__struct.h\n'}
[0.750040] (px4_msgs) StdoutLine: {'line': b'-- Up-to-date: /home/jmj/pro_asp_ws/ws_px4_controls/install/px4_msgs/include/px4_msgs/px4_msgs/msg/detail/unregister_ext_component__type_support.h\n'}
[0.750069] (px4_msgs) StdoutLine: {'line': b'-- Up-to-date: /home/jmj/pro_asp_ws/ws_px4_controls/install/px4_msgs/include/px4_msgs/px4_msgs/msg/detail/rover_throttle_setpoint__type_support.h\n'}
[0.750095] (px4_msgs) StdoutLine: {'line': b'-- Up-to-date: /home/jmj/pro_asp_ws/ws_px4_controls/install/px4_msgs/include/px4_msgs/px4_msgs/msg/detail/position_setpoint__functions.h\n'}
[0.750134] (px4_msgs) StdoutLine: {'line': b'-- Up-to-date: /home/jmj/pro_asp_ws/ws_px4_controls/install/px4_msgs/include/px4_msgs/px4_msgs/msg/detail/figure_eight_status__type_support.h\n'}
[0.750232] (px4_msgs) StdoutLine: {'line': b'-- Up-to-date: /home/jmj/pro_asp_ws/ws_px4_controls/install/px4_msgs/include/px4_msgs/px4_msgs/msg/detail/arming_check_reply__struct.h\n'}
[0.750260] (px4_msgs) StdoutLine: {'line': b'-- Up-to-date: /home/jmj/pro_asp_ws/ws_px4_controls/install/px4_msgs/include/px4_msgs/px4_msgs/msg/detail/pps_capture__functions.h\n'}
[0.750287] (px4_msgs) StdoutLine: {'line': b'-- Up-to-date: /home/jmj/pro_asp_ws/ws_px4_controls/install/px4_msgs/include/px4_msgs/px4_msgs/msg/detail/position_setpoint__type_support.h\n'}
[0.750313] (px4_msgs) StdoutLine: {'line': b'-- Up-to-date: /home/jmj/pro_asp_ws/ws_px4_controls/install/px4_msgs/include/px4_msgs/px4_msgs/msg/detail/vehicle_angular_acceleration_setpoint__type_support.h\n'}
[0.750371] (px4_msgs) StdoutLine: {'line': b'-- Up-to-date: /home/jmj/pro_asp_ws/ws_px4_controls/install/px4_msgs/include/px4_msgs/px4_msgs/msg/detail/fixed_wing_lateral_setpoint__type_support.h\n'}
[0.750399] (px4_msgs) StdoutLine: {'line': b'-- Up-to-date: /home/jmj/pro_asp_ws/ws_px4_controls/install/px4_msgs/include/px4_msgs/px4_msgs/msg/detail/internal_combustion_engine_control__functions.c\n'}
[0.750426] (px4_msgs) StdoutLine: {'line': b'-- Up-to-date: /home/jmj/pro_asp_ws/ws_px4_controls/install/px4_msgs/include/px4_msgs/px4_msgs/msg/detail/internal_combustion_engine_status__functions.c\n'}
[0.750451] (px4_msgs) StdoutLine: {'line': b'-- Up-to-date: /home/jmj/pro_asp_ws/ws_px4_controls/install/px4_msgs/include/px4_msgs/px4_msgs/msg/detail/gimbal_device_set_attitude__functions.h\n'}
[0.750476] (px4_msgs) StdoutLine: {'line': b'-- Up-to-date: /home/jmj/pro_asp_ws/ws_px4_controls/install/px4_msgs/include/px4_msgs/px4_msgs/msg/detail/register_ext_component_request__functions.c\n'}
[0.750501] (px4_msgs) StdoutLine: {'line': b'-- Up-to-date: /home/jmj/pro_asp_ws/ws_px4_controls/install/px4_msgs/include/px4_msgs/px4_msgs/msg/detail/distance_sensor__type_support.h\n'}
[0.750526] (px4_msgs) StdoutLine: {'line': b'-- Up-to-date: /home/jmj/pro_asp_ws/ws_px4_controls/install/px4_msgs/include/px4_msgs/px4_msgs/msg/detail/yaw_estimator_status__struct.h\n'}
[0.750551] (px4_msgs) StdoutLine: {'line': b'-- Up-to-date: /home/jmj/pro_asp_ws/ws_px4_controls/install/px4_msgs/include/px4_msgs/px4_msgs/msg/detail/tiltrotor_extra_controls__functions.h\n'}
[0.750575] (px4_msgs) StdoutLine: {'line': b'-- Up-to-date: /home/jmj/pro_asp_ws/ws_px4_controls/install/px4_msgs/include/px4_msgs/px4_msgs/msg/detail/fixed_wing_runway_control__struct.h\n'}
[0.750600] (px4_msgs) StdoutLine: {'line': b'-- Up-to-date: /home/jmj/pro_asp_ws/ws_px4_controls/install/px4_msgs/include/px4_msgs/px4_msgs/msg/detail/estimator_innovations__functions.h\n'}
[0.750623] (px4_msgs) StdoutLine: {'line': b'-- Up-to-date: /home/jmj/pro_asp_ws/ws_px4_controls/install/px4_msgs/include/px4_msgs/px4_msgs/msg/detail/sensor_gps__functions.c\n'}
[0.750647] (px4_msgs) StdoutLine: {'line': b'-- Up-to-date: /home/jmj/pro_asp_ws/ws_px4_controls/install/px4_msgs/include/px4_msgs/px4_msgs/msg/detail/rover_throttle_setpoint__struct.h\n'}
[0.750762] (px4_msgs) StdoutLine: {'line': b'-- Up-to-date: /home/jmj/pro_asp_ws/ws_px4_controls/install/px4_msgs/include/px4_msgs/px4_msgs/msg/detail/manual_control_switches__struct.h\n'}
[0.750805] (px4_msgs) StdoutLine: {'line': b'-- Up-to-date: /home/jmj/pro_asp_ws/ws_px4_controls/install/px4_msgs/include/px4_msgs/px4_msgs/msg/detail/sensors_status__functions.h\n'}
[0.750832] (px4_msgs) StdoutLine: {'line': b'-- Up-to-date: /home/jmj/pro_asp_ws/ws_px4_controls/install/px4_msgs/include/px4_msgs/px4_msgs/msg/detail/vehicle_global_position__struct.h\n'}
[0.750857] (px4_msgs) StdoutLine: {'line': b'-- Up-to-date: /home/jmj/pro_asp_ws/ws_px4_controls/install/px4_msgs/include/px4_msgs/px4_msgs/msg/detail/gimbal_manager_set_manual_control__functions.h\n'}
[0.750882] (px4_msgs) StdoutLine: {'line': b'-- Up-to-date: /home/jmj/pro_asp_ws/ws_px4_controls/install/px4_msgs/include/px4_msgs/px4_msgs/msg/detail/gimbal_device_set_attitude__functions.c\n'}
[0.750907] (px4_msgs) StdoutLine: {'line': b'-- Up-to-date: /home/jmj/pro_asp_ws/ws_px4_controls/install/px4_msgs/include/px4_msgs/px4_msgs/msg/detail/task_stack_info__functions.c\n'}
[0.750931] (px4_msgs) StdoutLine: {'line': b'-- Up-to-date: /home/jmj/pro_asp_ws/ws_px4_controls/install/px4_msgs/include/px4_msgs/px4_msgs/msg/detail/vehicle_angular_velocity__functions.h\n'}
[0.750954] (px4_msgs) StdoutLine: {'line': b'-- Up-to-date: /home/jmj/pro_asp_ws/ws_px4_controls/install/px4_msgs/include/px4_msgs/px4_msgs/msg/detail/gripper__functions.c\n'}
[0.750979] (px4_msgs) StdoutLine: {'line': b'-- Up-to-date: /home/jmj/pro_asp_ws/ws_px4_controls/install/px4_msgs/include/px4_msgs/px4_msgs/msg/detail/manual_control_setpoint__functions.h\n'}
[0.751013] (px4_msgs) StdoutLine: {'line': b'-- Up-to-date: /home/jmj/pro_asp_ws/ws_px4_controls/install/px4_msgs/include/px4_msgs/px4_msgs/msg/detail/vehicle_attitude_setpoint__functions.c\n'}
[0.751072] (px4_msgs) StdoutLine: {'line': b'-- Up-to-date: /home/jmj/pro_asp_ws/ws_px4_controls/install/px4_msgs/include/px4_msgs/px4_msgs/msg/detail/vehicle_optical_flow__functions.c\n'}
[0.751098] (px4_msgs) StdoutLine: {'line': b'-- Up-to-date: /home/jmj/pro_asp_ws/ws_px4_controls/install/px4_msgs/include/px4_msgs/px4_msgs/msg/detail/wheel_encoders__functions.h\n'}
[0.751121] (px4_msgs) StdoutLine: {'line': b'-- Up-to-date: /home/jmj/pro_asp_ws/ws_px4_controls/install/px4_msgs/include/px4_msgs/px4_msgs/msg/detail/flight_phase_estimation__struct.h\n'}
[0.751145] (px4_msgs) StdoutLine: {'line': b'-- Up-to-date: /home/jmj/pro_asp_ws/ws_px4_controls/install/px4_msgs/include/px4_msgs/px4_msgs/msg/detail/gpio_request__struct.h\n'}
[0.751168] (px4_msgs) StdoutLine: {'line': b'-- Up-to-date: /home/jmj/pro_asp_ws/ws_px4_controls/install/px4_msgs/include/px4_msgs/px4_msgs/msg/detail/qshell_retval__functions.c\n'}
[0.751192] (px4_msgs) StdoutLine: {'line': b'-- Up-to-date: /home/jmj/pro_asp_ws/ws_px4_controls/install/px4_msgs/include/px4_msgs/px4_msgs/msg/detail/distance_sensor__struct.h\n'}
[0.751216] (px4_msgs) StdoutLine: {'line': b'-- Up-to-date: /home/jmj/pro_asp_ws/ws_px4_controls/install/px4_msgs/include/px4_msgs/px4_msgs/msg/detail/camera_trigger__functions.h\n'}
[0.751240] (px4_msgs) StdoutLine: {'line': b'-- Up-to-date: /home/jmj/pro_asp_ws/ws_px4_controls/install/px4_msgs/include/px4_msgs/px4_msgs/msg/detail/rate_ctrl_status__functions.c\n'}
[0.751264] (px4_msgs) StdoutLine: {'line': b'-- Up-to-date: /home/jmj/pro_asp_ws/ws_px4_controls/install/px4_msgs/include/px4_msgs/px4_msgs/msg/detail/fuel_tank_status__type_support.h\n'}
[0.751306] (px4_msgs) StdoutLine: {'line': b'-- Up-to-date: /home/jmj/pro_asp_ws/ws_px4_controls/install/px4_msgs/include/px4_msgs/px4_msgs/msg/detail/gimbal_manager_set_attitude__functions.c\n'}
[0.751332] (px4_msgs) StdoutLine: {'line': b'-- Up-to-date: /home/jmj/pro_asp_ws/ws_px4_controls/install/px4_msgs/include/px4_msgs/px4_msgs/msg/detail/ulog_stream_ack__functions.c\n'}
[0.751357] (px4_msgs) StdoutLine: {'line': b'-- Up-to-date: /home/jmj/pro_asp_ws/ws_px4_controls/install/px4_msgs/include/px4_msgs/px4_msgs/msg/detail/navigator_mission_item__functions.c\n'}
[0.751381] (px4_msgs) StdoutLine: {'line': b'-- Up-to-date: /home/jmj/pro_asp_ws/ws_px4_controls/install/px4_msgs/include/px4_msgs/px4_msgs/msg/detail/estimator_selector_status__type_support.h\n'}
[0.751405] (px4_msgs) StdoutLine: {'line': b'-- Up-to-date: /home/jmj/pro_asp_ws/ws_px4_controls/install/px4_msgs/include/px4_msgs/px4_msgs/msg/detail/position_controller_status__functions.h\n'}
[0.751430] (px4_msgs) StdoutLine: {'line': b'-- Up-to-date: /home/jmj/pro_asp_ws/ws_px4_controls/install/px4_msgs/include/px4_msgs/px4_msgs/msg/detail/vehicle_optical_flow__functions.h\n'}
[0.751454] (px4_msgs) StdoutLine: {'line': b'-- Up-to-date: /home/jmj/pro_asp_ws/ws_px4_controls/install/px4_msgs/include/px4_msgs/px4_msgs/msg/detail/longitudinal_control_configuration__type_support.h\n'}
[0.751478] (px4_msgs) StdoutLine: {'line': b'-- Up-to-date: /home/jmj/pro_asp_ws/ws_px4_controls/install/px4_msgs/include/px4_msgs/px4_msgs/msg/detail/tune_control__functions.c\n'}
[0.751502] (px4_msgs) StdoutLine: {'line': b'-- Up-to-date: /home/jmj/pro_asp_ws/ws_px4_controls/install/px4_msgs/include/px4_msgs/px4_msgs/msg/detail/iridiumsbd_status__functions.c\n'}
[0.751526] (px4_msgs) StdoutLine: {'line': b'-- Up-to-date: /home/jmj/pro_asp_ws/ws_px4_controls/install/px4_msgs/include/px4_msgs/px4_msgs/msg/detail/actuator_armed__type_support.h\n'}
[0.751660] (px4_msgs) StdoutLine: {'line': b'-- Up-to-date: /home/jmj/pro_asp_ws/ws_px4_controls/install/px4_msgs/include/px4_msgs/px4_msgs/msg/detail/vehicle_global_position__functions.h\n'}
[0.751686] (px4_msgs) StdoutLine: {'line': b'-- Up-to-date: /home/jmj/pro_asp_ws/ws_px4_controls/install/px4_msgs/include/px4_msgs/px4_msgs/msg/detail/estimator_bias__functions.h\n'}
[0.751731] (px4_msgs) StdoutLine: {'line': b'-- Up-to-date: /home/jmj/pro_asp_ws/ws_px4_controls/install/px4_msgs/include/px4_msgs/px4_msgs/msg/detail/vehicle_magnetometer__struct.h\n'}
[0.751756] (px4_msgs) StdoutLine: {'line': b'-- Up-to-date: /home/jmj/pro_asp_ws/ws_px4_controls/install/px4_msgs/include/px4_msgs/px4_msgs/msg/detail/mag_worker_data__struct.h\n'}
[0.751786] (px4_msgs) StdoutLine: {'line': b'-- Up-to-date: /home/jmj/pro_asp_ws/ws_px4_controls/install/px4_msgs/include/px4_msgs/px4_msgs/msg/detail/fixed_wing_lateral_status__struct.h\n'}
[0.751811] (px4_msgs) StdoutLine: {'line': b'-- Up-to-date: /home/jmj/pro_asp_ws/ws_px4_controls/install/px4_msgs/include/px4_msgs/px4_msgs/msg/detail/takeoff_status__functions.h\n'}
[0.751836] (px4_msgs) StdoutLine: {'line': b'-- Up-to-date: /home/jmj/pro_asp_ws/ws_px4_controls/install/px4_msgs/include/px4_msgs/px4_msgs/msg/detail/gimbal_manager_status__type_support.h\n'}
[0.751860] (px4_msgs) StdoutLine: {'line': b'-- Up-to-date: /home/jmj/pro_asp_ws/ws_px4_controls/install/px4_msgs/include/px4_msgs/px4_msgs/msg/detail/parameter_update__functions.c\n'}
[0.751893] (px4_msgs) StdoutLine: {'line': b'-- Up-to-date: /home/jmj/pro_asp_ws/ws_px4_controls/install/px4_msgs/include/px4_msgs/px4_msgs/msg/detail/qshell_req__struct.h\n'}
[0.751919] (px4_msgs) StdoutLine: {'line': b'-- Up-to-date: /home/jmj/pro_asp_ws/ws_px4_controls/install/px4_msgs/include/px4_msgs/px4_msgs/msg/detail/landing_gear_wheel__functions.h\n'}
[0.751944] (px4_msgs) StdoutLine: {'line': b'-- Up-to-date: /home/jmj/pro_asp_ws/ws_px4_controls/install/px4_msgs/include/px4_msgs/px4_msgs/msg/detail/debug_vect__functions.c\n'}
[0.751969] (px4_msgs) StdoutLine: {'line': b'-- Up-to-date: /home/jmj/pro_asp_ws/ws_px4_controls/install/px4_msgs/include/px4_msgs/px4_msgs/msg/detail/position_setpoint__functions.c\n'}
[0.751993] (px4_msgs) StdoutLine: {'line': b'-- Up-to-date: /home/jmj/pro_asp_ws/ws_px4_controls/install/px4_msgs/include/px4_msgs/px4_msgs/msg/detail/actuator_motors__functions.h\n'}
[0.752017] (px4_msgs) StdoutLine: {'line': b'-- Up-to-date: /home/jmj/pro_asp_ws/ws_px4_controls/install/px4_msgs/include/px4_msgs/px4_msgs/msg/detail/arming_check_request__struct.h\n'}
[0.752041] (px4_msgs) StdoutLine: {'line': b'-- Up-to-date: /home/jmj/pro_asp_ws/ws_px4_controls/install/px4_msgs/include/px4_msgs/px4_msgs/msg/detail/tecs_status__functions.c\n'}
[0.752065] (px4_msgs) StdoutLine: {'line': b'-- Up-to-date: /home/jmj/pro_asp_ws/ws_px4_controls/install/px4_msgs/include/px4_msgs/px4_msgs/msg/detail/gps_inject_data__type_support.h\n'}
[0.752089] (px4_msgs) StdoutLine: {'line': b'-- Up-to-date: /home/jmj/pro_asp_ws/ws_px4_controls/install/px4_msgs/include/px4_msgs/px4_msgs/msg/detail/geofence_status__struct.h\n'}
[0.752113] (px4_msgs) StdoutLine: {'line': b'-- Up-to-date: /home/jmj/pro_asp_ws/ws_px4_controls/install/px4_msgs/include/px4_msgs/px4_msgs/msg/detail/gps_inject_data__functions.h\n'}
[0.752137] (px4_msgs) StdoutLine: {'line': b'-- Up-to-date: /home/jmj/pro_asp_ws/ws_px4_controls/install/px4_msgs/include/px4_msgs/px4_msgs/msg/detail/irlock_report__functions.c\n'}
[0.752161] (px4_msgs) StdoutLine: {'line': b'-- Up-to-date: /home/jmj/pro_asp_ws/ws_px4_controls/install/px4_msgs/include/px4_msgs/px4_msgs/msg/detail/trajectory_setpoint6dof__functions.h\n'}
[0.752185] (px4_msgs) StdoutLine: {'line': b'-- Up-to-date: /home/jmj/pro_asp_ws/ws_px4_controls/install/px4_msgs/include/px4_msgs/px4_msgs/msg/detail/rpm__functions.c\n'}
[0.752209] (px4_msgs) StdoutLine: {'line': b'-- Up-to-date: /home/jmj/pro_asp_ws/ws_px4_controls/install/px4_msgs/include/px4_msgs/px4_msgs/msg/detail/heater_status__type_support.h\n'}
[0.752233] (px4_msgs) StdoutLine: {'line': b'-- Up-to-date: /home/jmj/pro_asp_ws/ws_px4_controls/install/px4_msgs/include/px4_msgs/px4_msgs/msg/detail/estimator_selector_status__functions.h\n'}
[0.752257] (px4_msgs) StdoutLine: {'line': b'-- Up-to-date: /home/jmj/pro_asp_ws/ws_px4_controls/install/px4_msgs/include/px4_msgs/px4_msgs/msg/detail/gripper__functions.h\n'}
[0.752312] (px4_msgs) StdoutLine: {'line': b'-- Up-to-date: /home/jmj/pro_asp_ws/ws_px4_controls/install/px4_msgs/include/px4_msgs/px4_msgs/msg/detail/estimator_aid_source2d__struct.h\n'}
[0.752337] (px4_msgs) StdoutLine: {'line': b'-- Up-to-date: /home/jmj/pro_asp_ws/ws_px4_controls/install/px4_msgs/include/px4_msgs/px4_msgs/msg/detail/vehicle_torque_setpoint__struct.h\n'}
[0.752362] (px4_msgs) StdoutLine: {'line': b'-- Up-to-date: /home/jmj/pro_asp_ws/ws_px4_controls/install/px4_msgs/include/px4_msgs/px4_msgs/msg/detail/led_control__functions.h\n'}
[0.752385] (px4_msgs) StdoutLine: {'line': b'-- Up-to-date: /home/jmj/pro_asp_ws/ws_px4_controls/install/px4_msgs/include/px4_msgs/px4_msgs/msg/detail/input_rc__functions.h\n'}
[0.752410] (px4_msgs) StdoutLine: {'line': b'-- Up-to-date: /home/jmj/pro_asp_ws/ws_px4_controls/install/px4_msgs/include/px4_msgs/px4_msgs/msg/detail/flight_phase_estimation__functions.h\n'}
[0.752434] (px4_msgs) StdoutLine: {'line': b'-- Up-to-date: /home/jmj/pro_asp_ws/ws_px4_controls/install/px4_msgs/include/px4_msgs/px4_msgs/msg/detail/generator_status__functions.h\n'}
[0.752542] (px4_msgs) StdoutLine: {'line': b'-- Up-to-date: /home/jmj/pro_asp_ws/ws_px4_controls/install/px4_msgs/include/px4_msgs/px4_msgs/msg/detail/airspeed_wind__functions.h\n'}
[0.752583] (px4_msgs) StdoutLine: {'line': b'-- Up-to-date: /home/jmj/pro_asp_ws/ws_px4_controls/install/px4_msgs/include/px4_msgs/px4_msgs/msg/detail/tiltrotor_extra_controls__type_support.h\n'}
[0.752615] (px4_msgs) StdoutLine: {'line': b'-- Up-to-date: /home/jmj/pro_asp_ws/ws_px4_controls/install/px4_msgs/include/px4_msgs/px4_msgs/msg/detail/ping__struct.h\n'}
[0.752641] (px4_msgs) StdoutLine: {'line': b'-- Up-to-date: /home/jmj/pro_asp_ws/ws_px4_controls/install/px4_msgs/include/px4_msgs/px4_msgs/msg/detail/vehicle_command_ack__functions.c\n'}
[0.752665] (px4_msgs) StdoutLine: {'line': b'-- Up-to-date: /home/jmj/pro_asp_ws/ws_px4_controls/install/px4_msgs/include/px4_msgs/px4_msgs/msg/detail/satellite_info__struct.h\n'}
[0.752691] (px4_msgs) StdoutLine: {'line': b'-- Up-to-date: /home/jmj/pro_asp_ws/ws_px4_controls/install/px4_msgs/include/px4_msgs/px4_msgs/msg/detail/actuator_servos__functions.c\n'}
[0.752717] (px4_msgs) StdoutLine: {'line': b'-- Up-to-date: /home/jmj/pro_asp_ws/ws_px4_controls/install/px4_msgs/include/px4_msgs/px4_msgs/msg/detail/estimator_status_flags__struct.h\n'}
[0.752763] (px4_msgs) StdoutLine: {'line': b'-- Up-to-date: /home/jmj/pro_asp_ws/ws_px4_controls/install/px4_msgs/include/px4_msgs/px4_msgs/msg/detail/rover_rate_status__functions.h\n'}
[0.752824] (px4_msgs) StdoutLine: {'line': b'-- Up-to-date: /home/jmj/pro_asp_ws/ws_px4_controls/install/px4_msgs/include/px4_msgs/px4_msgs/msg/detail/orb_test_large__type_support.h\n'}
[0.752852] (px4_msgs) StdoutLine: {'line': b'-- Up-to-date: /home/jmj/pro_asp_ws/ws_px4_controls/install/px4_msgs/include/px4_msgs/px4_msgs/msg/detail/vehicle_local_position_setpoint__type_support.h\n'}
[0.752888] (px4_msgs) StdoutLine: {'line': b'-- Up-to-date: /home/jmj/pro_asp_ws/ws_px4_controls/install/px4_msgs/include/px4_msgs/px4_msgs/msg/detail/offboard_control_mode__functions.c\n'}
[0.752915] (px4_msgs) StdoutLine: {'line': b'-- Up-to-date: /home/jmj/pro_asp_ws/ws_px4_controls/install/px4_msgs/include/px4_msgs/px4_msgs/msg/detail/trajectory_setpoint__type_support.h\n'}
[0.752941] (px4_msgs) StdoutLine: {'line': b'-- Up-to-date: /home/jmj/pro_asp_ws/ws_px4_controls/install/px4_msgs/include/px4_msgs/px4_msgs/msg/detail/px4io_status__functions.h\n'}
[0.752992] (px4_msgs) StdoutLine: {'line': b'-- Up-to-date: /home/jmj/pro_asp_ws/ws_px4_controls/install/px4_msgs/include/px4_msgs/px4_msgs/msg/detail/home_position__functions.h\n'}
[0.753028] (px4_msgs) StdoutLine: {'line': b'-- Up-to-date: /home/jmj/pro_asp_ws/ws_px4_controls/install/px4_msgs/include/px4_msgs/px4_msgs/msg/detail/open_drone_id_self_id__struct.h\n'}
[0.753059] (px4_msgs) StdoutLine: {'line': b'-- Up-to-date: /home/jmj/pro_asp_ws/ws_px4_controls/install/px4_msgs/include/px4_msgs/px4_msgs/msg/detail/estimator_event_flags__type_support.h\n'}
[0.753231] (px4_msgs) StdoutLine: {'line': b'-- Up-to-date: /home/jmj/pro_asp_ws/ws_px4_controls/install/px4_msgs/include/px4_msgs/px4_msgs/msg/detail/parameter_reset_request__struct.h\n'}
[0.753301] (px4_msgs) StdoutLine: {'line': b'-- Up-to-date: /home/jmj/pro_asp_ws/ws_px4_controls/install/px4_msgs/include/px4_msgs/px4_msgs/msg/detail/flight_phase_estimation__type_support.h\n'}
[0.753332] (px4_msgs) StdoutLine: {'line': b'-- Up-to-date: /home/jmj/pro_asp_ws/ws_px4_controls/install/px4_msgs/include/px4_msgs/px4_msgs/msg/detail/sensor_gps__functions.h\n'}
[0.753360] (px4_msgs) StdoutLine: {'line': b'-- Up-to-date: /home/jmj/pro_asp_ws/ws_px4_controls/install/px4_msgs/include/px4_msgs/px4_msgs/msg/detail/estimator_bias3d__functions.c\n'}
[0.753386] (px4_msgs) StdoutLine: {'line': b'-- Up-to-date: /home/jmj/pro_asp_ws/ws_px4_controls/install/px4_msgs/include/px4_msgs/px4_msgs/msg/detail/dataman_request__type_support.h\n'}
[0.753412] (px4_msgs) StdoutLine: {'line': b'-- Up-to-date: /home/jmj/pro_asp_ws/ws_px4_controls/install/px4_msgs/include/px4_msgs/px4_msgs/msg/detail/follow_target_status__functions.h\n'}
[0.753437] (px4_msgs) StdoutLine: {'line': b'-- Up-to-date: /home/jmj/pro_asp_ws/ws_px4_controls/install/px4_msgs/include/px4_msgs/px4_msgs/msg/detail/parameter_update__functions.h\n'}
[0.753474] (px4_msgs) StdoutLine: {'line': b'-- Up-to-date: /home/jmj/pro_asp_ws/ws_px4_controls/install/px4_msgs/include/px4_msgs/px4_msgs/msg/detail/sensor_baro__struct.h\n'}
[0.753500] (px4_msgs) StdoutLine: {'line': b'-- Up-to-date: /home/jmj/pro_asp_ws/ws_px4_controls/install/px4_msgs/include/px4_msgs/px4_msgs/msg/detail/esc_report__functions.h\n'}
[0.753527] (px4_msgs) StdoutLine: {'line': b'-- Up-to-date: /home/jmj/pro_asp_ws/ws_px4_controls/install/px4_msgs/include/px4_msgs/px4_msgs/msg/detail/collision_constraints__type_support.h\n'}
[0.753554] (px4_msgs) StdoutLine: {'line': b'-- Up-to-date: /home/jmj/pro_asp_ws/ws_px4_controls/install/px4_msgs/include/px4_msgs/px4_msgs/msg/detail/collision_constraints__struct.h\n'}
[0.753582] (px4_msgs) StdoutLine: {'line': b'-- Up-to-date: /home/jmj/pro_asp_ws/ws_px4_controls/install/px4_msgs/include/px4_msgs/px4_msgs/msg/detail/camera_capture__type_support.h\n'}
[0.753608] (px4_msgs) StdoutLine: {'line': b'-- Up-to-date: /home/jmj/pro_asp_ws/ws_px4_controls/install/px4_msgs/include/px4_msgs/px4_msgs/msg/detail/sensor_gyro__functions.h\n'}
[0.753632] (px4_msgs) StdoutLine: {'line': b'-- Up-to-date: /home/jmj/pro_asp_ws/ws_px4_controls/install/px4_msgs/include/px4_msgs/px4_msgs/msg/detail/position_setpoint_triplet__functions.c\n'}
[0.753725] (px4_msgs) StdoutLine: {'line': b'-- Up-to-date: /home/jmj/pro_asp_ws/ws_px4_controls/install/px4_msgs/include/px4_msgs/px4_msgs/msg/detail/sensor_uwb__functions.c\n'}
[0.753753] (px4_msgs) StdoutLine: {'line': b'-- Up-to-date: /home/jmj/pro_asp_ws/ws_px4_controls/install/px4_msgs/include/px4_msgs/px4_msgs/msg/detail/open_drone_id_arm_status__functions.c\n'}
[0.753820] (px4_msgs) StdoutLine: {'line': b'-- Up-to-date: /home/jmj/pro_asp_ws/ws_px4_controls/install/px4_msgs/include/px4_msgs/px4_msgs/msg/detail/figure_eight_status__functions.c\n'}
[0.753852] (px4_msgs) StdoutLine: {'line': b'-- Up-to-date: /home/jmj/pro_asp_ws/ws_px4_controls/install/px4_msgs/include/px4_msgs/px4_msgs/msg/detail/position_controller_status__type_support.h\n'}
[0.753881] (px4_msgs) StdoutLine: {'line': b'-- Up-to-date: /home/jmj/pro_asp_ws/ws_px4_controls/install/px4_msgs/include/px4_msgs/px4_msgs/msg/detail/vehicle_acceleration__struct.h\n'}
[0.753918] (px4_msgs) StdoutLine: {'line': b'-- Up-to-date: /home/jmj/pro_asp_ws/ws_px4_controls/install/px4_msgs/include/px4_msgs/px4_msgs/msg/detail/normalized_unsigned_setpoint__type_support.h\n'}
[0.753944] (px4_msgs) StdoutLine: {'line': b'-- Up-to-date: /home/jmj/pro_asp_ws/ws_px4_controls/install/px4_msgs/include/px4_msgs/px4_msgs/msg/detail/actuator_controls_status__type_support.h\n'}
[0.753969] (px4_msgs) StdoutLine: {'line': b'-- Up-to-date: /home/jmj/pro_asp_ws/ws_px4_controls/install/px4_msgs/include/px4_msgs/px4_msgs/msg/detail/button_event__type_support.h\n'}
[0.754077] (px4_msgs) StdoutLine: {'line': b'-- Up-to-date: /home/jmj/pro_asp_ws/ws_px4_controls/install/px4_msgs/include/px4_msgs/px4_msgs/msg/detail/gimbal_manager_set_attitude__functions.h\n'}
[0.754126] (px4_msgs) StdoutLine: {'line': b'-- Up-to-date: /home/jmj/pro_asp_ws/ws_px4_controls/install/px4_msgs/include/px4_msgs/px4_msgs/msg/detail/orb_test_medium__functions.h\n'}
[0.754165] (px4_msgs) StdoutLine: {'line': b'-- Up-to-date: /home/jmj/pro_asp_ws/ws_px4_controls/install/px4_msgs/include/px4_msgs/px4_msgs/msg/detail/task_stack_info__functions.h\n'}
[0.754205] (px4_msgs) StdoutLine: {'line': b'-- Up-to-date: /home/jmj/pro_asp_ws/ws_px4_controls/install/px4_msgs/include/px4_msgs/px4_msgs/msg/detail/open_drone_id_self_id__functions.c\n'}
[0.754240] (px4_msgs) StdoutLine: {'line': b'-- Up-to-date: /home/jmj/pro_asp_ws/ws_px4_controls/install/px4_msgs/include/px4_msgs/px4_msgs/msg/detail/gpio_in__type_support.h\n'}
[0.754281] (px4_msgs) StdoutLine: {'line': b'-- Up-to-date: /home/jmj/pro_asp_ws/ws_px4_controls/install/px4_msgs/include/px4_msgs/px4_msgs/msg/detail/system_power__type_support.h\n'}
[0.754320] (px4_msgs) StdoutLine: {'line': b'-- Up-to-date: /home/jmj/pro_asp_ws/ws_px4_controls/install/px4_msgs/include/px4_msgs/px4_msgs/msg/detail/orb_test__functions.c\n'}
[0.754362] (px4_msgs) StdoutLine: {'line': b'-- Up-to-date: /home/jmj/pro_asp_ws/ws_px4_controls/install/px4_msgs/include/px4_msgs/px4_msgs/msg/detail/timesync_status__functions.h\n'}
[0.754404] (px4_msgs) StdoutLine: {'line': b'-- Up-to-date: /home/jmj/pro_asp_ws/ws_px4_controls/install/px4_msgs/include/px4_msgs/px4_msgs/msg/detail/log_message__type_support.h\n'}
[0.754469] (px4_msgs) StdoutLine: {'line': b'-- Up-to-date: /home/jmj/pro_asp_ws/ws_px4_controls/install/px4_msgs/include/px4_msgs/px4_msgs/msg/detail/vehicle_command_ack__struct.h\n'}
[0.754501] (px4_msgs) StdoutLine: {'line': b'-- Up-to-date: /home/jmj/pro_asp_ws/ws_px4_controls/install/px4_msgs/include/px4_msgs/px4_msgs/msg/detail/landing_target_pose__struct.h\n'}
[0.754540] (px4_msgs) StdoutLine: {'line': b'-- Up-to-date: /home/jmj/pro_asp_ws/ws_px4_controls/install/px4_msgs/include/px4_msgs/px4_msgs/msg/detail/actuator_servos_trim__functions.h\n'}
[0.754568] (px4_msgs) StdoutLine: {'line': b'-- Up-to-date: /home/jmj/pro_asp_ws/ws_px4_controls/install/px4_msgs/include/px4_msgs/px4_msgs/msg/detail/vehicle_odometry__type_support.h\n'}
[0.754596] (px4_msgs) StdoutLine: {'line': b'-- Up-to-date: /home/jmj/pro_asp_ws/ws_px4_controls/install/px4_msgs/include/px4_msgs/px4_msgs/msg/detail/sensor_combined__functions.c\n'}
[0.754621] (px4_msgs) StdoutLine: {'line': b'-- Up-to-date: /home/jmj/pro_asp_ws/ws_px4_controls/install/px4_msgs/include/px4_msgs/px4_msgs/msg/detail/parameter_set_used_request__functions.c\n'}
[0.754647] (px4_msgs) StdoutLine: {'line': b'-- Up-to-date: /home/jmj/pro_asp_ws/ws_px4_controls/install/px4_msgs/include/px4_msgs/px4_msgs/msg/detail/gripper__struct.h\n'}
[0.754674] (px4_msgs) StdoutLine: {'line': b'-- Up-to-date: /home/jmj/pro_asp_ws/ws_px4_controls/install/px4_msgs/include/px4_msgs/px4_msgs/msg/detail/geofence_status__functions.c\n'}
[0.754700] (px4_msgs) StdoutLine: {'line': b'-- Up-to-date: /home/jmj/pro_asp_ws/ws_px4_controls/install/px4_msgs/include/px4_msgs/px4_msgs/msg/detail/sensor_correction__functions.h\n'}
[0.754727] (px4_msgs) StdoutLine: {'line': b'-- Up-to-date: /home/jmj/pro_asp_ws/ws_px4_controls/install/px4_msgs/include/px4_msgs/px4_msgs/msg/detail/battery_status__type_support.h\n'}
[0.754753] (px4_msgs) StdoutLine: {'line': b'-- Up-to-date: /home/jmj/pro_asp_ws/ws_px4_controls/install/px4_msgs/include/px4_msgs/px4_msgs/msg/detail/cellular_status__functions.h\n'}
[0.754952] (px4_msgs) StdoutLine: {'line': b'-- Up-to-date: /home/jmj/pro_asp_ws/ws_px4_controls/install/px4_msgs/include/px4_msgs/px4_msgs/msg/detail/fixed_wing_lateral_setpoint__struct.h\n'}
[0.754991] (px4_msgs) StdoutLine: {'line': b'-- Up-to-date: /home/jmj/pro_asp_ws/ws_px4_controls/install/px4_msgs/include/px4_msgs/px4_msgs/msg/detail/rtl_time_estimate__functions.h\n'}
[0.755105] (px4_msgs) StdoutLine: {'line': b'-- Up-to-date: /home/jmj/pro_asp_ws/ws_px4_controls/install/px4_msgs/include/px4_msgs/px4_msgs/msg/detail/can_interface_status__struct.h\n'}
[0.755140] (px4_msgs) StdoutLine: {'line': b'-- Up-to-date: /home/jmj/pro_asp_ws/ws_px4_controls/install/px4_msgs/include/px4_msgs/px4_msgs/msg/detail/vehicle_imu__type_support.h\n'}
[0.755169] (px4_msgs) StdoutLine: {'line': b'-- Up-to-date: /home/jmj/pro_asp_ws/ws_px4_controls/install/px4_msgs/include/px4_msgs/px4_msgs/msg/detail/register_ext_component_request__struct.h\n'}
[0.755223] (px4_msgs) StdoutLine: {'line': b'-- Up-to-date: /home/jmj/pro_asp_ws/ws_px4_controls/install/px4_msgs/include/px4_msgs/px4_msgs/msg/detail/follow_target_estimator__functions.h\n'}
[0.755259] (px4_msgs) StdoutLine: {'line': b'-- Up-to-date: /home/jmj/pro_asp_ws/ws_px4_controls/install/px4_msgs/include/px4_msgs/px4_msgs/msg/detail/fixed_wing_runway_control__functions.h\n'}
[0.755294] (px4_msgs) StdoutLine: {'line': b'-- Up-to-date: /home/jmj/pro_asp_ws/ws_px4_controls/install/px4_msgs/include/px4_msgs/px4_msgs/msg/detail/cpuload__type_support.h\n'}
[0.755332] (px4_msgs) StdoutLine: {'line': b'-- Up-to-date: /home/jmj/pro_asp_ws/ws_px4_controls/install/px4_msgs/include/px4_msgs/px4_msgs/msg/detail/open_drone_id_arm_status__struct.h\n'}
[0.755359] (px4_msgs) StdoutLine: {'line': b'-- Up-to-date: /home/jmj/pro_asp_ws/ws_px4_controls/install/px4_msgs/include/px4_msgs/px4_msgs/msg/detail/qshell_req__type_support.h\n'}
[0.755392] (px4_msgs) StdoutLine: {'line': b'-- Up-to-date: /home/jmj/pro_asp_ws/ws_px4_controls/install/px4_msgs/include/px4_msgs/px4_msgs/msg/detail/tecs_status__type_support.h\n'}
[0.755421] (px4_msgs) StdoutLine: {'line': b'-- Up-to-date: /home/jmj/pro_asp_ws/ws_px4_controls/install/px4_msgs/include/px4_msgs/px4_msgs/msg/detail/rc_channels__type_support.h\n'}
[0.755447] (px4_msgs) StdoutLine: {'line': b'-- Up-to-date: /home/jmj/pro_asp_ws/ws_px4_controls/install/px4_msgs/include/px4_msgs/px4_msgs/msg/detail/velocity_limits__functions.c\n'}
[0.755474] (px4_msgs) StdoutLine: {'line': b'-- Up-to-date: /home/jmj/pro_asp_ws/ws_px4_controls/install/px4_msgs/include/px4_msgs/px4_msgs/msg/detail/vehicle_land_detected__struct.h\n'}
[0.755501] (px4_msgs) StdoutLine: {'line': b'-- Up-to-date: /home/jmj/pro_asp_ws/ws_px4_controls/install/px4_msgs/include/px4_msgs/px4_msgs/msg/detail/gpio_request__type_support.h\n'}
[0.755528] (px4_msgs) StdoutLine: {'line': b'-- Up-to-date: /home/jmj/pro_asp_ws/ws_px4_controls/install/px4_msgs/include/px4_msgs/px4_msgs/msg/detail/vehicle_rates_setpoint__struct.h\n'}
[0.755559] (px4_msgs) StdoutLine: {'line': b'-- Up-to-date: /home/jmj/pro_asp_ws/ws_px4_controls/install/px4_msgs/include/px4_msgs/px4_msgs/msg/detail/tune_control__type_support.h\n'}
[0.755586] (px4_msgs) StdoutLine: {'line': b'-- Up-to-date: /home/jmj/pro_asp_ws/ws_px4_controls/install/px4_msgs/include/px4_msgs/px4_msgs/msg/detail/airspeed__type_support.h\n'}
[0.755627] (px4_msgs) StdoutLine: {'line': b'-- Up-to-date: /home/jmj/pro_asp_ws/ws_px4_controls/install/px4_msgs/include/px4_msgs/px4_msgs/msg/detail/hover_thrust_estimate__type_support.h\n'}
[0.755658] (px4_msgs) StdoutLine: {'line': b'-- Up-to-date: /home/jmj/pro_asp_ws/ws_px4_controls/install/px4_msgs/include/px4_msgs/px4_msgs/msg/detail/gpio_in__functions.h\n'}
[0.755686] (px4_msgs) StdoutLine: {'line': b'-- Up-to-date: /home/jmj/pro_asp_ws/ws_px4_controls/install/px4_msgs/include/px4_msgs/px4_msgs/msg/detail/arming_check_reply__functions.c\n'}
[0.755713] (px4_msgs) StdoutLine: {'line': b'-- Up-to-date: /home/jmj/pro_asp_ws/ws_px4_controls/install/px4_msgs/include/px4_msgs/px4_msgs/msg/detail/rate_ctrl_status__type_support.h\n'}
[0.755739] (px4_msgs) StdoutLine: {'line': b'-- Up-to-date: /home/jmj/pro_asp_ws/ws_px4_controls/install/px4_msgs/include/px4_msgs/px4_msgs/msg/detail/actuator_outputs__functions.h\n'}
[0.755807] (px4_msgs) StdoutLine: {'line': b'-- Up-to-date: /home/jmj/pro_asp_ws/ws_px4_controls/install/px4_msgs/include/px4_msgs/px4_msgs/msg/detail/dataman_request__struct.h\n'}
[0.755946] (px4_msgs) StdoutLine: {'line': b'-- Up-to-date: /home/jmj/pro_asp_ws/ws_px4_controls/install/px4_msgs/include/px4_msgs/px4_msgs/msg/detail/sensor_optical_flow__functions.h\n'}
[0.755981] (px4_msgs) StdoutLine: {'line': b'-- Up-to-date: /home/jmj/pro_asp_ws/ws_px4_controls/install/px4_msgs/include/px4_msgs/px4_msgs/msg/detail/fuel_tank_status__struct.h\n'}
[0.756009] (px4_msgs) StdoutLine: {'line': b'-- Up-to-date: /home/jmj/pro_asp_ws/ws_px4_controls/install/px4_msgs/include/px4_msgs/px4_msgs/msg/detail/rover_rate_setpoint__functions.h\n'}
[0.756036] (px4_msgs) StdoutLine: {'line': b'-- Up-to-date: /home/jmj/pro_asp_ws/ws_px4_controls/install/px4_msgs/include/px4_msgs/px4_msgs/msg/detail/rover_steering_setpoint__type_support.h\n'}
[0.756063] (px4_msgs) StdoutLine: {'line': b'-- Up-to-date: /home/jmj/pro_asp_ws/ws_px4_controls/install/px4_msgs/include/px4_msgs/px4_msgs/msg/detail/airspeed__struct.h\n'}
[0.756088] (px4_msgs) StdoutLine: {'line': b'-- Up-to-date: /home/jmj/pro_asp_ws/ws_px4_controls/install/px4_msgs/include/px4_msgs/px4_msgs/msg/detail/iridiumsbd_status__struct.h\n'}
[0.756110] (px4_msgs) StdoutLine: {'line': b'-- Up-to-date: /home/jmj/pro_asp_ws/ws_px4_controls/install/px4_msgs/include/px4_msgs/px4_msgs/msg/detail/rover_rate_setpoint__functions.c\n'}
[0.756134] (px4_msgs) StdoutLine: {'line': b'-- Up-to-date: /home/jmj/pro_asp_ws/ws_px4_controls/install/px4_msgs/include/px4_msgs/px4_msgs/msg/detail/ulog_stream_ack__type_support.h\n'}
[0.756165] (px4_msgs) StdoutLine: {'line': b'-- Up-to-date: /home/jmj/pro_asp_ws/ws_px4_controls/install/px4_msgs/include/px4_msgs/px4_msgs/msg/detail/follow_target_status__type_support.h\n'}
[0.756198] (px4_msgs) StdoutLine: {'line': b'-- Up-to-date: /home/jmj/pro_asp_ws/ws_px4_controls/install/px4_msgs/include/px4_msgs/px4_msgs/msg/detail/pure_pursuit_status__functions.c\n'}
[0.756234] (px4_msgs) StdoutLine: {'line': b'-- Up-to-date: /home/jmj/pro_asp_ws/ws_px4_controls/install/px4_msgs/include/px4_msgs/px4_msgs/msg/detail/mode_completed__struct.h\n'}
[0.756269] (px4_msgs) StdoutLine: {'line': b'-- Up-to-date: /home/jmj/pro_asp_ws/ws_px4_controls/install/px4_msgs/include/px4_msgs/px4_msgs/msg/detail/sensor_mag__functions.h\n'}
[0.756305] (px4_msgs) StdoutLine: {'line': b'-- Up-to-date: /home/jmj/pro_asp_ws/ws_px4_controls/install/px4_msgs/include/px4_msgs/px4_msgs/msg/detail/sensor_gyro_fft__struct.h\n'}
[0.756412] (px4_msgs) StdoutLine: {'line': b'-- Up-to-date: /home/jmj/pro_asp_ws/ws_px4_controls/install/px4_msgs/include/px4_msgs/px4_msgs/msg/detail/rover_velocity_status__type_support.h\n'}
[0.756540] (px4_msgs) StdoutLine: {'line': b'-- Up-to-date: /home/jmj/pro_asp_ws/ws_px4_controls/install/px4_msgs/include/px4_msgs/px4_msgs/msg/detail/fixed_wing_lateral_status__functions.h\n'}
[0.756663] (px4_msgs) StdoutLine: {'line': b'-- Up-to-date: /home/jmj/pro_asp_ws/ws_px4_controls/install/px4_msgs/include/px4_msgs/px4_msgs/msg/detail/actuator_test__struct.h\n'}
[0.756770] (px4_msgs) StdoutLine: {'line': b'-- Up-to-date: /home/jmj/pro_asp_ws/ws_px4_controls/install/px4_msgs/include/px4_msgs/px4_msgs/msg/detail/velocity_limits__struct.h\n'}
[0.756855] (px4_msgs) StdoutLine: {'line': b'-- Up-to-date: /home/jmj/pro_asp_ws/ws_px4_controls/install/px4_msgs/include/px4_msgs/px4_msgs/msg/detail/control_allocator_status__functions.h\n'}
[0.756929] (px4_msgs) StdoutLine: {'line': b'-- Up-to-date: /home/jmj/pro_asp_ws/ws_px4_controls/install/px4_msgs/include/px4_msgs/px4_msgs/msg/detail/rtl_time_estimate__struct.h\n'}
[0.757034] (px4_msgs) StdoutLine: {'line': b'-- Up-to-date: /home/jmj/pro_asp_ws/ws_px4_controls/install/px4_msgs/include/px4_msgs/px4_msgs/msg/detail/gimbal_manager_information__functions.h\n'}
[0.757081] (px4_msgs) StdoutLine: {'line': b'-- Up-to-date: /home/jmj/pro_asp_ws/ws_px4_controls/install/px4_msgs/include/px4_msgs/px4_msgs/msg/detail/estimator_innovations__struct.h\n'}
[0.757110] (px4_msgs) StdoutLine: {'line': b'-- Up-to-date: /home/jmj/pro_asp_ws/ws_px4_controls/install/px4_msgs/include/px4_msgs/px4_msgs/msg/detail/mission_result__functions.h\n'}
[0.757159] (px4_msgs) StdoutLine: {'line': b'-- Up-to-date: /home/jmj/pro_asp_ws/ws_px4_controls/install/px4_msgs/include/px4_msgs/px4_msgs/msg/detail/vehicle_torque_setpoint__functions.h\n'}
[0.757188] (px4_msgs) StdoutLine: {'line': b'-- Up-to-date: /home/jmj/pro_asp_ws/ws_px4_controls/install/px4_msgs/include/px4_msgs/px4_msgs/msg/detail/rover_attitude_status__struct.h\n'}
[0.757219] (px4_msgs) StdoutLine: {'line': b'-- Up-to-date: /home/jmj/pro_asp_ws/ws_px4_controls/install/px4_msgs/include/px4_msgs/px4_msgs/msg/detail/sensor_combined__type_support.h\n'}
[0.757254] (px4_msgs) StdoutLine: {'line': b'-- Up-to-date: /home/jmj/pro_asp_ws/ws_px4_controls/install/px4_msgs/include/px4_msgs/px4_msgs/msg/detail/vehicle_angular_velocity__type_support.h\n'}
[0.757281] (px4_msgs) StdoutLine: {'line': b'-- Up-to-date: /home/jmj/pro_asp_ws/ws_px4_controls/install/px4_msgs/include/px4_msgs/px4_msgs/msg/detail/normalized_unsigned_setpoint__functions.h\n'}
[0.757308] (px4_msgs) StdoutLine: {'line': b'-- Up-to-date: /home/jmj/pro_asp_ws/ws_px4_controls/install/px4_msgs/include/px4_msgs/px4_msgs/msg/detail/dataman_response__functions.h\n'}
[0.757336] (px4_msgs) StdoutLine: {'line': b'-- Up-to-date: /home/jmj/pro_asp_ws/ws_px4_controls/install/px4_msgs/include/px4_msgs/px4_msgs/msg/detail/telemetry_status__struct.h\n'}
[0.757362] (px4_msgs) StdoutLine: {'line': b'-- Up-to-date: /home/jmj/pro_asp_ws/ws_px4_controls/install/px4_msgs/include/px4_msgs/px4_msgs/msg/detail/estimator_aid_source3d__type_support.h\n'}
[0.757387] (px4_msgs) StdoutLine: {'line': b'-- Up-to-date: /home/jmj/pro_asp_ws/ws_px4_controls/install/px4_msgs/include/px4_msgs/px4_msgs/msg/detail/satellite_info__functions.h\n'}
[0.757412] (px4_msgs) StdoutLine: {'line': b'-- Up-to-date: /home/jmj/pro_asp_ws/ws_px4_controls/install/px4_msgs/include/px4_msgs/px4_msgs/msg/detail/vehicle_attitude__type_support.h\n'}
[0.757437] (px4_msgs) StdoutLine: {'line': b'-- Up-to-date: /home/jmj/pro_asp_ws/ws_px4_controls/install/px4_msgs/include/px4_msgs/px4_msgs/msg/detail/vehicle_global_position__type_support.h\n'}
[0.757463] (px4_msgs) StdoutLine: {'line': b'-- Up-to-date: /home/jmj/pro_asp_ws/ws_px4_controls/install/px4_msgs/include/px4_msgs/px4_msgs/msg/detail/vehicle_air_data__functions.c\n'}
[0.757489] (px4_msgs) StdoutLine: {'line': b'-- Up-to-date: /home/jmj/pro_asp_ws/ws_px4_controls/install/px4_msgs/include/px4_msgs/px4_msgs/msg/detail/estimator_aid_source2d__functions.h\n'}
[0.757514] (px4_msgs) StdoutLine: {'line': b'-- Up-to-date: /home/jmj/pro_asp_ws/ws_px4_controls/install/px4_msgs/include/px4_msgs/px4_msgs/msg/detail/qshell_req__functions.h\n'}
[0.757539] (px4_msgs) StdoutLine: {'line': b'-- Up-to-date: /home/jmj/pro_asp_ws/ws_px4_controls/install/px4_msgs/include/px4_msgs/px4_msgs/msg/detail/estimator_bias3d__type_support.h\n'}
[0.757693] (px4_msgs) StdoutLine: {'line': b'-- Up-to-date: /home/jmj/pro_asp_ws/ws_px4_controls/install/px4_msgs/include/px4_msgs/px4_msgs/msg/detail/debug_vect__functions.h\n'}
[0.757721] (px4_msgs) StdoutLine: {'line': b'-- Up-to-date: /home/jmj/pro_asp_ws/ws_px4_controls/install/px4_msgs/include/px4_msgs/px4_msgs/msg/detail/gpio_out__type_support.h\n'}
[0.757747] (px4_msgs) StdoutLine: {'line': b'-- Up-to-date: /home/jmj/pro_asp_ws/ws_px4_controls/install/px4_msgs/include/px4_msgs/px4_msgs/msg/detail/failsafe_flags__struct.h\n'}
[0.757798] (px4_msgs) StdoutLine: {'line': b'-- Up-to-date: /home/jmj/pro_asp_ws/ws_px4_controls/install/px4_msgs/include/px4_msgs/px4_msgs/msg/detail/autotune_attitude_control_status__struct.h\n'}
[0.757854] (px4_msgs) StdoutLine: {'line': b'-- Up-to-date: /home/jmj/pro_asp_ws/ws_px4_controls/install/px4_msgs/include/px4_msgs/px4_msgs/msg/detail/debug_vect__type_support.h\n'}
[0.757879] (px4_msgs) StdoutLine: {'line': b'-- Up-to-date: /home/jmj/pro_asp_ws/ws_px4_controls/install/px4_msgs/include/px4_msgs/px4_msgs/msg/detail/gimbal_manager_set_attitude__type_support.h\n'}
[0.757905] (px4_msgs) StdoutLine: {'line': b'-- Up-to-date: /home/jmj/pro_asp_ws/ws_px4_controls/install/px4_msgs/include/px4_msgs/px4_msgs/msg/detail/rover_steering_setpoint__functions.c\n'}
[0.757940] (px4_msgs) StdoutLine: {'line': b'-- Up-to-date: /home/jmj/pro_asp_ws/ws_px4_controls/install/px4_msgs/include/px4_msgs/px4_msgs/msg/detail/open_drone_id_self_id__type_support.h\n'}
[0.757966] (px4_msgs) StdoutLine: {'line': b'-- Up-to-date: /home/jmj/pro_asp_ws/ws_px4_controls/install/px4_msgs/include/px4_msgs/px4_msgs/msg/detail/estimator_bias__functions.c\n'}
[0.757991] (px4_msgs) StdoutLine: {'line': b'-- Up-to-date: /home/jmj/pro_asp_ws/ws_px4_controls/install/px4_msgs/include/px4_msgs/px4_msgs/msg/detail/estimator_aid_source3d__functions.c\n'}
[0.758016] (px4_msgs) StdoutLine: {'line': b'-- Up-to-date: /home/jmj/pro_asp_ws/ws_px4_controls/install/px4_msgs/include/px4_msgs/px4_msgs/msg/detail/config_overrides__type_support.h\n'}
[0.758039] (px4_msgs) StdoutLine: {'line': b'-- Up-to-date: /home/jmj/pro_asp_ws/ws_px4_controls/install/px4_msgs/include/px4_msgs/px4_msgs/msg/detail/vehicle_local_position_setpoint__functions.c\n'}
[0.758064] (px4_msgs) StdoutLine: {'line': b'-- Up-to-date: /home/jmj/pro_asp_ws/ws_px4_controls/install/px4_msgs/include/px4_msgs/px4_msgs/msg/detail/ekf2_timestamps__type_support.h\n'}
[0.758088] (px4_msgs) StdoutLine: {'line': b'-- Up-to-date: /home/jmj/pro_asp_ws/ws_px4_controls/install/px4_msgs/include/px4_msgs/px4_msgs/msg/detail/pwm_input__functions.h\n'}
[0.758131] (px4_msgs) StdoutLine: {'line': b'-- Up-to-date: /home/jmj/pro_asp_ws/ws_px4_controls/install/px4_msgs/include/px4_msgs/px4_msgs/msg/detail/navigator_status__struct.h\n'}
[0.758157] (px4_msgs) StdoutLine: {'line': b'-- Up-to-date: /home/jmj/pro_asp_ws/ws_px4_controls/install/px4_msgs/include/px4_msgs/px4_msgs/msg/detail/telemetry_status__functions.c\n'}
[0.758183] (px4_msgs) StdoutLine: {'line': b'-- Up-to-date: /home/jmj/pro_asp_ws/ws_px4_controls/install/px4_msgs/include/px4_msgs/px4_msgs/msg/detail/vehicle_command__functions.c\n'}
[0.758209] (px4_msgs) StdoutLine: {'line': b'-- Up-to-date: /home/jmj/pro_asp_ws/ws_px4_controls/install/px4_msgs/include/px4_msgs/px4_msgs/msg/detail/camera_capture__functions.h\n'}
[0.758237] (px4_msgs) StdoutLine: {'line': b'-- Up-to-date: /home/jmj/pro_asp_ws/ws_px4_controls/install/px4_msgs/include/px4_msgs/px4_msgs/msg/detail/event__functions.h\n'}
[0.758275] (px4_msgs) StdoutLine: {'line': b'-- Up-to-date: /home/jmj/pro_asp_ws/ws_px4_controls/install/px4_msgs/include/px4_msgs/px4_msgs/msg/detail/generator_status__type_support.h\n'}
[0.758317] (px4_msgs) StdoutLine: {'line': b'-- Up-to-date: /home/jmj/pro_asp_ws/ws_px4_controls/install/px4_msgs/include/px4_msgs/px4_msgs/msg/detail/gpio_request__functions.h\n'}
[0.758349] (px4_msgs) StdoutLine: {'line': b'-- Up-to-date: /home/jmj/pro_asp_ws/ws_px4_controls/install/px4_msgs/include/px4_msgs/px4_msgs/msg/detail/gimbal_manager_information__type_support.h\n'}
[0.758376] (px4_msgs) StdoutLine: {'line': b'-- Up-to-date: /home/jmj/pro_asp_ws/ws_px4_controls/install/px4_msgs/include/px4_msgs/px4_msgs/msg/detail/airspeed_validated__functions.h\n'}
[0.758403] (px4_msgs) StdoutLine: {'line': b'-- Up-to-date: /home/jmj/pro_asp_ws/ws_px4_controls/install/px4_msgs/include/px4_msgs/px4_msgs/msg/detail/vehicle_control_mode__type_support.h\n'}
[0.758438] (px4_msgs) StdoutLine: {'line': b'-- Up-to-date: /home/jmj/pro_asp_ws/ws_px4_controls/install/px4_msgs/include/px4_msgs/px4_msgs/msg/detail/landing_gear_wheel__type_support.h\n'}
[0.758472] (px4_msgs) StdoutLine: {'line': b'-- Up-to-date: /home/jmj/pro_asp_ws/ws_px4_controls/install/px4_msgs/include/px4_msgs/px4_msgs/msg/detail/distance_sensor_mode_change_request__functions.h\n'}
[0.758504] (px4_msgs) StdoutLine: {'line': b'-- Up-to-date: /home/jmj/pro_asp_ws/ws_px4_controls/install/px4_msgs/include/px4_msgs/px4_msgs/msg/detail/health_report__type_support.h\n'}
[0.758591] (px4_msgs) StdoutLine: {'line': b'-- Up-to-date: /home/jmj/pro_asp_ws/ws_px4_controls/install/px4_msgs/include/px4_msgs/px4_msgs/msg/detail/gimbal_device_information__functions.c\n'}
[0.758722] (px4_msgs) StdoutLine: {'line': b'-- Up-to-date: /home/jmj/pro_asp_ws/ws_px4_controls/install/px4_msgs/include/px4_msgs/px4_msgs/msg/detail/actuator_servos__struct.h\n'}
[0.758749] (px4_msgs) StdoutLine: {'line': b'-- Up-to-date: /home/jmj/pro_asp_ws/ws_px4_controls/install/px4_msgs/include/px4_msgs/px4_msgs/msg/detail/sensor_correction__type_support.h\n'}
[0.758849] (px4_msgs) StdoutLine: {'line': b'-- Up-to-date: /home/jmj/pro_asp_ws/ws_px4_controls/install/px4_msgs/include/px4_msgs/px4_msgs/msg/detail/home_position__type_support.h\n'}
[0.758877] (px4_msgs) StdoutLine: {'line': b'-- Up-to-date: /home/jmj/pro_asp_ws/ws_px4_controls/install/px4_msgs/include/px4_msgs/px4_msgs/msg/detail/position_setpoint_triplet__functions.h\n'}
[0.758903] (px4_msgs) StdoutLine: {'line': b'-- Up-to-date: /home/jmj/pro_asp_ws/ws_px4_controls/install/px4_msgs/include/px4_msgs/px4_msgs/msg/detail/magnetometer_bias_estimate__type_support.h\n'}
[0.758929] (px4_msgs) StdoutLine: {'line': b'-- Up-to-date: /home/jmj/pro_asp_ws/ws_px4_controls/install/px4_msgs/include/px4_msgs/px4_msgs/msg/detail/rover_velocity_status__struct.h\n'}
[0.758955] (px4_msgs) StdoutLine: {'line': b'-- Up-to-date: /home/jmj/pro_asp_ws/ws_px4_controls/install/px4_msgs/include/px4_msgs/px4_msgs/msg/detail/mode_completed__type_support.h\n'}
[0.758983] (px4_msgs) StdoutLine: {'line': b'-- Up-to-date: /home/jmj/pro_asp_ws/ws_px4_controls/install/px4_msgs/include/px4_msgs/px4_msgs/msg/detail/cellular_status__struct.h\n'}
[0.759018] (px4_msgs) StdoutLine: {'line': b'-- Up-to-date: /home/jmj/pro_asp_ws/ws_px4_controls/install/px4_msgs/include/px4_msgs/px4_msgs/msg/detail/debug_array__type_support.h\n'}
[0.759051] (px4_msgs) StdoutLine: {'line': b'-- Up-to-date: /home/jmj/pro_asp_ws/ws_px4_controls/install/px4_msgs/include/px4_msgs/px4_msgs/msg/detail/position_controller_landing_status__functions.h\n'}
[0.759080] (px4_msgs) StdoutLine: {'line': b'-- Up-to-date: /home/jmj/pro_asp_ws/ws_px4_controls/install/px4_msgs/include/px4_msgs/px4_msgs/msg/detail/rover_velocity_status__functions.h\n'}
[0.759109] (px4_msgs) StdoutLine: {'line': b'-- Up-to-date: /home/jmj/pro_asp_ws/ws_px4_controls/install/px4_msgs/include/px4_msgs/px4_msgs/msg/detail/open_drone_id_operator_id__type_support.h\n'}
[0.759137] (px4_msgs) StdoutLine: {'line': b'-- Up-to-date: /home/jmj/pro_asp_ws/ws_px4_controls/install/px4_msgs/include/px4_msgs/px4_msgs/msg/detail/vehicle_constraints__struct.h\n'}
[0.759164] (px4_msgs) StdoutLine: {'line': b'-- Up-to-date: /home/jmj/pro_asp_ws/ws_px4_controls/install/px4_msgs/include/px4_msgs/px4_msgs/msg/detail/yaw_estimator_status__type_support.h\n'}
[0.759190] (px4_msgs) StdoutLine: {'line': b'-- Up-to-date: /home/jmj/pro_asp_ws/ws_px4_controls/install/px4_msgs/include/px4_msgs/px4_msgs/msg/detail/vehicle_acceleration__functions.h\n'}
[0.759214] (px4_msgs) StdoutLine: {'line': b'-- Up-to-date: /home/jmj/pro_asp_ws/ws_px4_controls/install/px4_msgs/include/px4_msgs/px4_msgs/msg/detail/parameter_reset_request__functions.c\n'}
[0.759239] (px4_msgs) StdoutLine: {'line': b'-- Up-to-date: /home/jmj/pro_asp_ws/ws_px4_controls/install/px4_msgs/include/px4_msgs/px4_msgs/msg/detail/gps_dump__functions.h\n'}
[0.759263] (px4_msgs) StdoutLine: {'line': b'-- Up-to-date: /home/jmj/pro_asp_ws/ws_px4_controls/install/px4_msgs/include/px4_msgs/px4_msgs/msg/detail/actuator_outputs__type_support.h\n'}
[0.759288] (px4_msgs) StdoutLine: {'line': b'-- Up-to-date: /home/jmj/pro_asp_ws/ws_px4_controls/install/px4_msgs/include/px4_msgs/px4_msgs/msg/detail/estimator_states__functions.c\n'}
[0.759313] (px4_msgs) StdoutLine: {'line': b'-- Up-to-date: /home/jmj/pro_asp_ws/ws_px4_controls/install/px4_msgs/include/px4_msgs/px4_msgs/msg/detail/sensor_gyro_fft__type_support.h\n'}
[0.759337] (px4_msgs) StdoutLine: {'line': b'-- Up-to-date: /home/jmj/pro_asp_ws/ws_px4_controls/install/px4_msgs/include/px4_msgs/px4_msgs/msg/detail/satellite_info__type_support.h\n'}
[0.759362] (px4_msgs) StdoutLine: {'line': b'-- Up-to-date: /home/jmj/pro_asp_ws/ws_px4_controls/install/px4_msgs/include/px4_msgs/px4_msgs/msg/detail/telemetry_status__type_support.h\n'}
[0.759416] (px4_msgs) StdoutLine: {'line': b'-- Up-to-date: /home/jmj/pro_asp_ws/ws_px4_controls/install/px4_msgs/include/px4_msgs/px4_msgs/msg/detail/vehicle_optical_flow__type_support.h\n'}
[0.759442] (px4_msgs) StdoutLine: {'line': b'-- Up-to-date: /home/jmj/pro_asp_ws/ws_px4_controls/install/px4_msgs/include/px4_msgs/px4_msgs/msg/detail/estimator_sensor_bias__functions.c\n'}
[0.759513] (px4_msgs) StdoutLine: {'line': b'-- Up-to-date: /home/jmj/pro_asp_ws/ws_px4_controls/install/px4_msgs/include/px4_msgs/px4_msgs/msg/detail/vehicle_optical_flow__struct.h\n'}
[0.759541] (px4_msgs) StdoutLine: {'line': b'-- Up-to-date: /home/jmj/pro_asp_ws/ws_px4_controls/install/px4_msgs/include/px4_msgs/px4_msgs/msg/detail/px4io_status__type_support.h\n'}
[0.759567] (px4_msgs) StdoutLine: {'line': b'-- Up-to-date: /home/jmj/pro_asp_ws/ws_px4_controls/install/px4_msgs/include/px4_msgs/px4_msgs/msg/detail/estimator_status__type_support.h\n'}
[0.759612] (px4_msgs) StdoutLine: {'line': b'-- Up-to-date: /home/jmj/pro_asp_ws/ws_px4_controls/install/px4_msgs/include/px4_msgs/px4_msgs/msg/detail/parameter_set_value_request__functions.c\n'}
[0.759638] (px4_msgs) StdoutLine: {'line': b'-- Up-to-date: /home/jmj/pro_asp_ws/ws_px4_controls/install/px4_msgs/include/px4_msgs/px4_msgs/msg/detail/mount_orientation__functions.h\n'}
[0.759674] (px4_msgs) StdoutLine: {'line': b'-- Up-to-date: /home/jmj/pro_asp_ws/ws_px4_controls/install/px4_msgs/include/px4_msgs/px4_msgs/msg/detail/vehicle_angular_velocity__functions.c\n'}
[0.759700] (px4_msgs) StdoutLine: {'line': b'-- Up-to-date: /home/jmj/pro_asp_ws/ws_px4_controls/install/px4_msgs/include/px4_msgs/px4_msgs/msg/detail/sensors_status_imu__struct.h\n'}
[0.759744] (px4_msgs) StdoutLine: {'line': b'-- Up-to-date: /home/jmj/pro_asp_ws/ws_px4_controls/install/px4_msgs/include/px4_msgs/px4_msgs/msg/detail/sensor_gyro_fifo__functions.h\n'}
[0.759802] (px4_msgs) StdoutLine: {'line': b'-- Up-to-date: /home/jmj/pro_asp_ws/ws_px4_controls/install/px4_msgs/include/px4_msgs/px4_msgs/msg/detail/uavcan_parameter_request__struct.h\n'}
[0.759834] (px4_msgs) StdoutLine: {'line': b'-- Up-to-date: /home/jmj/pro_asp_ws/ws_px4_controls/install/px4_msgs/include/px4_msgs/px4_msgs/msg/detail/sensor_uwb__functions.h\n'}
[0.759862] (px4_msgs) StdoutLine: {'line': b'-- Up-to-date: /home/jmj/pro_asp_ws/ws_px4_controls/install/px4_msgs/include/px4_msgs/px4_msgs/msg/detail/arming_check_reply__type_support.h\n'}
[0.759891] (px4_msgs) StdoutLine: {'line': b'-- Up-to-date: /home/jmj/pro_asp_ws/ws_px4_controls/install/px4_msgs/include/px4_msgs/px4_msgs/msg/detail/landing_gear_wheel__functions.c\n'}
[0.759921] (px4_msgs) StdoutLine: {'line': b'-- Up-to-date: /home/jmj/pro_asp_ws/ws_px4_controls/install/px4_msgs/include/px4_msgs/px4_msgs/msg/detail/camera_status__functions.c\n'}
[0.759946] (px4_msgs) StdoutLine: {'line': b'-- Up-to-date: /home/jmj/pro_asp_ws/ws_px4_controls/install/px4_msgs/include/px4_msgs/px4_msgs/msg/detail/takeoff_status__type_support.h\n'}
[0.759975] (px4_msgs) StdoutLine: {'line': b'-- Up-to-date: /home/jmj/pro_asp_ws/ws_px4_controls/install/px4_msgs/include/px4_msgs/px4_msgs/msg/detail/config_overrides__struct.h\n'}
[0.760004] (px4_msgs) StdoutLine: {'line': b'-- Up-to-date: /home/jmj/pro_asp_ws/ws_px4_controls/install/px4_msgs/include/px4_msgs/px4_msgs/msg/detail/sensor_gyro_fft__functions.h\n'}
[0.760032] (px4_msgs) StdoutLine: {'line': b'-- Up-to-date: /home/jmj/pro_asp_ws/ws_px4_controls/install/px4_msgs/include/px4_msgs/px4_msgs/msg/detail/radio_status__struct.h\n'}
[0.760060] (px4_msgs) StdoutLine: {'line': b'-- Up-to-date: /home/jmj/pro_asp_ws/ws_px4_controls/install/px4_msgs/include/px4_msgs/px4_msgs/msg/detail/sensor_accel__functions.c\n'}
[0.760094] (px4_msgs) StdoutLine: {'line': b'-- Up-to-date: /home/jmj/pro_asp_ws/ws_px4_controls/install/px4_msgs/include/px4_msgs/px4_msgs/msg/detail/vehicle_status__struct.h\n'}
[0.760121] (px4_msgs) StdoutLine: {'line': b'-- Up-to-date: /home/jmj/pro_asp_ws/ws_px4_controls/install/px4_msgs/include/px4_msgs/px4_msgs/msg/detail/vehicle_roi__functions.h\n'}
[0.760211] (px4_msgs) StdoutLine: {'line': b'-- Up-to-date: /home/jmj/pro_asp_ws/ws_px4_controls/install/px4_msgs/include/px4_msgs/px4_msgs/msg/detail/parameter_update__type_support.h\n'}
[0.760242] (px4_msgs) StdoutLine: {'line': b'-- Up-to-date: /home/jmj/pro_asp_ws/ws_px4_controls/install/px4_msgs/include/px4_msgs/px4_msgs/msg/detail/message_format_request__functions.c\n'}
[0.760270] (px4_msgs) StdoutLine: {'line': b'-- Up-to-date: /home/jmj/pro_asp_ws/ws_px4_controls/install/px4_msgs/include/px4_msgs/px4_msgs/msg/detail/debug_key_value__type_support.h\n'}
[0.760296] (px4_msgs) StdoutLine: {'line': b'-- Up-to-date: /home/jmj/pro_asp_ws/ws_px4_controls/install/px4_msgs/include/px4_msgs/px4_msgs/msg/detail/airspeed_validated__functions.c\n'}
[0.760334] (px4_msgs) StdoutLine: {'line': b'-- Up-to-date: /home/jmj/pro_asp_ws/ws_px4_controls/install/px4_msgs/include/px4_msgs/px4_msgs/msg/detail/rover_steering_setpoint__functions.h\n'}
[0.760367] (px4_msgs) StdoutLine: {'line': b'-- Up-to-date: /home/jmj/pro_asp_ws/ws_px4_controls/install/px4_msgs/include/px4_msgs/px4_msgs/msg/detail/differential_pressure__struct.h\n'}
[0.760399] (px4_msgs) StdoutLine: {'line': b'-- Up-to-date: /home/jmj/pro_asp_ws/ws_px4_controls/install/px4_msgs/include/px4_msgs/px4_msgs/msg/detail/vehicle_land_detected__functions.c\n'}
[0.760432] (px4_msgs) StdoutLine: {'line': b'-- Up-to-date: /home/jmj/pro_asp_ws/ws_px4_controls/install/px4_msgs/include/px4_msgs/px4_msgs/msg/detail/orb_test_medium__functions.c\n'}
[0.760465] (px4_msgs) StdoutLine: {'line': b'-- Up-to-date: /home/jmj/pro_asp_ws/ws_px4_controls/install/px4_msgs/include/px4_msgs/px4_msgs/msg/detail/unregister_ext_component__functions.c\n'}
[0.760502] (px4_msgs) StdoutLine: {'line': b'-- Up-to-date: /home/jmj/pro_asp_ws/ws_px4_controls/install/px4_msgs/include/px4_msgs/px4_msgs/msg/detail/distance_sensor_mode_change_request__struct.h\n'}
[0.760534] (px4_msgs) StdoutLine: {'line': b'-- Up-to-date: /home/jmj/pro_asp_ws/ws_px4_controls/install/px4_msgs/include/px4_msgs/px4_msgs/msg/detail/takeoff_status__functions.c\n'}
[0.760585] (px4_msgs) StdoutLine: {'line': b'-- Up-to-date: /home/jmj/pro_asp_ws/ws_px4_controls/install/px4_msgs/include/px4_msgs/px4_msgs/msg/detail/actuator_servos_trim__struct.h\n'}
[0.760612] (px4_msgs) StdoutLine: {'line': b'-- Up-to-date: /home/jmj/pro_asp_ws/ws_px4_controls/install/px4_msgs/include/px4_msgs/px4_msgs/msg/detail/adc_report__functions.c\n'}
[0.760638] (px4_msgs) StdoutLine: {'line': b'-- Up-to-date: /home/jmj/pro_asp_ws/ws_px4_controls/install/px4_msgs/include/px4_msgs/px4_msgs/msg/detail/adc_report__functions.h\n'}
[0.760662] (px4_msgs) StdoutLine: {'line': b'-- Up-to-date: /home/jmj/pro_asp_ws/ws_px4_controls/install/px4_msgs/include/px4_msgs/px4_msgs/msg/detail/control_allocator_status__functions.c\n'}
[0.760687] (px4_msgs) StdoutLine: {'line': b'-- Up-to-date: /home/jmj/pro_asp_ws/ws_px4_controls/install/px4_msgs/include/px4_msgs/px4_msgs/msg/detail/actuator_servos__type_support.h\n'}
[0.760713] (px4_msgs) StdoutLine: {'line': b'-- Up-to-date: /home/jmj/pro_asp_ws/ws_px4_controls/install/px4_msgs/include/px4_msgs/px4_msgs/msg/detail/sensor_mag__struct.h\n'}
[0.760787] (px4_msgs) StdoutLine: {'line': b'-- Up-to-date: /home/jmj/pro_asp_ws/ws_px4_controls/install/px4_msgs/include/px4_msgs/px4_msgs/msg/detail/orb_test__struct.h\n'}
[0.760867] (px4_msgs) StdoutLine: {'line': b'-- Up-to-date: /home/jmj/pro_asp_ws/ws_px4_controls/install/px4_msgs/include/px4_msgs/px4_msgs/msg/detail/power_button_state__functions.c\n'}
[0.760895] (px4_msgs) StdoutLine: {'line': b'-- Up-to-date: /home/jmj/pro_asp_ws/ws_px4_controls/install/px4_msgs/include/px4_msgs/px4_msgs/msg/detail/rc_channels__functions.c\n'}
[0.760924] (px4_msgs) StdoutLine: {'line': b'-- Up-to-date: /home/jmj/pro_asp_ws/ws_px4_controls/install/px4_msgs/include/px4_msgs/px4_msgs/msg/detail/debug_array__struct.h\n'}
[0.760950] (px4_msgs) StdoutLine: {'line': b'-- Up-to-date: /home/jmj/pro_asp_ws/ws_px4_controls/install/px4_msgs/include/px4_msgs/px4_msgs/msg/detail/vtol_vehicle_status__struct.h\n'}
[0.761024] (px4_msgs) StdoutLine: {'line': b'-- Up-to-date: /home/jmj/pro_asp_ws/ws_px4_controls/install/px4_msgs/include/px4_msgs/px4_msgs/msg/detail/sensor_gyro_fft__functions.c\n'}
[0.761050] (px4_msgs) StdoutLine: {'line': b'-- Up-to-date: /home/jmj/pro_asp_ws/ws_px4_controls/install/px4_msgs/include/px4_msgs/px4_msgs/msg/detail/vehicle_odometry__struct.h\n'}
[0.761078] (px4_msgs) StdoutLine: {'line': b'-- Up-to-date: /home/jmj/pro_asp_ws/ws_px4_controls/install/px4_msgs/include/px4_msgs/px4_msgs/msg/detail/estimator_states__functions.h\n'}
[0.761173] (px4_msgs) StdoutLine: {'line': b'-- Up-to-date: /home/jmj/pro_asp_ws/ws_px4_controls/install/px4_msgs/include/px4_msgs/px4_msgs/msg/detail/actuator_controls_status__functions.h\n'}
[0.761207] (px4_msgs) StdoutLine: {'line': b'-- Up-to-date: /home/jmj/pro_asp_ws/ws_px4_controls/install/px4_msgs/include/px4_msgs/px4_msgs/msg/detail/generator_status__functions.c\n'}
[0.761317] (px4_msgs) StdoutLine: {'line': b'-- Up-to-date: /home/jmj/pro_asp_ws/ws_px4_controls/install/px4_msgs/include/px4_msgs/px4_msgs/msg/detail/differential_pressure__functions.h\n'}
[0.761346] (px4_msgs) StdoutLine: {'line': b'-- Up-to-date: /home/jmj/pro_asp_ws/ws_px4_controls/install/px4_msgs/include/px4_msgs/px4_msgs/msg/detail/mission_result__struct.h\n'}
[0.761373] (px4_msgs) StdoutLine: {'line': b'-- Up-to-date: /home/jmj/pro_asp_ws/ws_px4_controls/install/px4_msgs/include/px4_msgs/px4_msgs/msg/detail/px4io_status__struct.h\n'}
[0.761405] (px4_msgs) StdoutLine: {'line': b'-- Up-to-date: /home/jmj/pro_asp_ws/ws_px4_controls/install/px4_msgs/include/px4_msgs/px4_msgs/msg/detail/open_drone_id_system__functions.c\n'}
[0.761437] (px4_msgs) StdoutLine: {'line': b'-- Up-to-date: /home/jmj/pro_asp_ws/ws_px4_controls/install/px4_msgs/include/px4_msgs/px4_msgs/msg/detail/internal_combustion_engine_control__struct.h\n'}
[0.761467] (px4_msgs) StdoutLine: {'line': b'-- Up-to-date: /home/jmj/pro_asp_ws/ws_px4_controls/install/px4_msgs/include/px4_msgs/px4_msgs/msg/detail/ekf2_timestamps__struct.h\n'}
[0.761494] (px4_msgs) StdoutLine: {'line': b'-- Up-to-date: /home/jmj/pro_asp_ws/ws_px4_controls/install/px4_msgs/include/px4_msgs/px4_msgs/msg/detail/sensor_hygrometer__functions.c\n'}
[0.761523] (px4_msgs) StdoutLine: {'line': b'-- Up-to-date: /home/jmj/pro_asp_ws/ws_px4_controls/install/px4_msgs/include/px4_msgs/px4_msgs/msg/detail/rover_position_setpoint__functions.h\n'}
[0.761550] (px4_msgs) StdoutLine: {'line': b'-- Up-to-date: /home/jmj/pro_asp_ws/ws_px4_controls/install/px4_msgs/include/px4_msgs/px4_msgs/msg/detail/vehicle_odometry__functions.h\n'}
[0.761577] (px4_msgs) StdoutLine: {'line': b'-- Up-to-date: /home/jmj/pro_asp_ws/ws_px4_controls/install/px4_msgs/include/px4_msgs/px4_msgs/msg/detail/position_controller_landing_status__functions.c\n'}
[0.761603] (px4_msgs) StdoutLine: {'line': b'-- Up-to-date: /home/jmj/pro_asp_ws/ws_px4_controls/install/px4_msgs/include/px4_msgs/px4_msgs/msg/detail/parameter_set_value_request__struct.h\n'}
[0.761691] (px4_msgs) StdoutLine: {'line': b'-- Up-to-date: /home/jmj/pro_asp_ws/ws_px4_controls/install/px4_msgs/include/px4_msgs/px4_msgs/msg/detail/gimbal_device_attitude_status__type_support.h\n'}
[0.761817] (px4_msgs) StdoutLine: {'line': b'-- Up-to-date: /home/jmj/pro_asp_ws/ws_px4_controls/install/px4_msgs/include/px4_msgs/px4_msgs/msg/detail/gimbal_manager_information__functions.c\n'}
[0.761933] (px4_msgs) StdoutLine: {'line': b'-- Up-to-date: /home/jmj/pro_asp_ws/ws_px4_controls/install/px4_msgs/include/px4_msgs/px4_msgs/msg/detail/gimbal_device_attitude_status__functions.h\n'}
[0.761970] (px4_msgs) StdoutLine: {'line': b'-- Up-to-date: /home/jmj/pro_asp_ws/ws_px4_controls/install/px4_msgs/include/px4_msgs/px4_msgs/msg/detail/satellite_info__functions.c\n'}
[0.762005] (px4_msgs) StdoutLine: {'line': b'-- Up-to-date: /home/jmj/pro_asp_ws/ws_px4_controls/install/px4_msgs/include/px4_msgs/px4_msgs/msg/detail/sensor_hygrometer__type_support.h\n'}
[0.762038] (px4_msgs) StdoutLine: {'line': b'-- Up-to-date: /home/jmj/pro_asp_ws/ws_px4_controls/install/px4_msgs/include/px4_msgs/px4_msgs/msg/detail/ulog_stream_ack__struct.h\n'}
[0.762082] (px4_msgs) StdoutLine: {'line': b'-- Up-to-date: /home/jmj/pro_asp_ws/ws_px4_controls/install/px4_msgs/include/px4_msgs/px4_msgs/msg/detail/parameter_set_value_response__type_support.h\n'}
[0.762114] (px4_msgs) StdoutLine: {'line': b'-- Up-to-date: /home/jmj/pro_asp_ws/ws_px4_controls/install/px4_msgs/include/px4_msgs/px4_msgs/msg/detail/sensor_gnss_relative__type_support.h\n'}
[0.762148] (px4_msgs) StdoutLine: {'line': b'-- Up-to-date: /home/jmj/pro_asp_ws/ws_px4_controls/install/px4_msgs/include/px4_msgs/px4_msgs/msg/detail/rover_velocity_setpoint__functions.h\n'}
[0.762247] (px4_msgs) StdoutLine: {'line': b'-- Up-to-date: /home/jmj/pro_asp_ws/ws_px4_controls/install/px4_msgs/include/px4_msgs/px4_msgs/msg/detail/message_format_request__functions.h\n'}
[0.762286] (px4_msgs) StdoutLine: {'line': b'-- Up-to-date: /home/jmj/pro_asp_ws/ws_px4_controls/install/px4_msgs/include/px4_msgs/px4_msgs/msg/detail/offboard_control_mode__type_support.h\n'}
[0.762323] (px4_msgs) StdoutLine: {'line': b'-- Up-to-date: /home/jmj/pro_asp_ws/ws_px4_controls/install/px4_msgs/include/px4_msgs/px4_msgs/msg/detail/failure_detector_status__functions.h\n'}
[0.762361] (px4_msgs) StdoutLine: {'line': b'-- Up-to-date: /home/jmj/pro_asp_ws/ws_px4_controls/install/px4_msgs/include/px4_msgs/px4_msgs/msg/detail/timesync_status__struct.h\n'}
[0.762395] (px4_msgs) StdoutLine: {'line': b'-- Up-to-date: /home/jmj/pro_asp_ws/ws_px4_controls/install/px4_msgs/include/px4_msgs/px4_msgs/msg/detail/follow_target_estimator__type_support.h\n'}
[0.762441] (px4_msgs) StdoutLine: {'line': b'-- Up-to-date: /home/jmj/pro_asp_ws/ws_px4_controls/install/px4_msgs/include/px4_msgs/px4_msgs/msg/detail/unregister_ext_component__functions.h\n'}
[0.762490] (px4_msgs) StdoutLine: {'line': b'-- Up-to-date: /home/jmj/pro_asp_ws/ws_px4_controls/install/px4_msgs/include/px4_msgs/px4_msgs/msg/detail/goto_setpoint__functions.c\n'}
[0.762531] (px4_msgs) StdoutLine: {'line': b'-- Up-to-date: /home/jmj/pro_asp_ws/ws_px4_controls/install/px4_msgs/include/px4_msgs/px4_msgs/msg/detail/failsafe_flags__functions.c\n'}
[0.762637] (px4_msgs) StdoutLine: {'line': b'-- Up-to-date: /home/jmj/pro_asp_ws/ws_px4_controls/install/px4_msgs/include/px4_msgs/px4_msgs/msg/detail/dataman_response__functions.c\n'}
[0.762668] (px4_msgs) StdoutLine: {'line': b'-- Up-to-date: /home/jmj/pro_asp_ws/ws_px4_controls/install/px4_msgs/include/px4_msgs/px4_msgs/msg/detail/estimator_aid_source2d__type_support.h\n'}
[0.762694] (px4_msgs) StdoutLine: {'line': b'-- Up-to-date: /home/jmj/pro_asp_ws/ws_px4_controls/install/px4_msgs/include/px4_msgs/px4_msgs/msg/detail/internal_combustion_engine_status__functions.h\n'}
[0.762720] (px4_msgs) StdoutLine: {'line': b'-- Up-to-date: /home/jmj/pro_asp_ws/ws_px4_controls/install/px4_msgs/include/px4_msgs/px4_msgs/msg/detail/parameter_set_used_request__type_support.h\n'}
[0.762745] (px4_msgs) StdoutLine: {'line': b'-- Up-to-date: /home/jmj/pro_asp_ws/ws_px4_controls/install/px4_msgs/include/px4_msgs/px4_msgs/msg/detail/ping__type_support.h\n'}
[0.762982] (px4_msgs) StdoutLine: {'line': b'-- Up-to-date: /home/jmj/pro_asp_ws/ws_px4_controls/install/px4_msgs/include/px4_msgs/px4_msgs/msg/detail/rate_ctrl_status__struct.h\n'}
[0.763057] (px4_msgs) StdoutLine: {'line': b'-- Up-to-date: /home/jmj/pro_asp_ws/ws_px4_controls/install/px4_msgs/include/px4_msgs/px4_msgs/msg/detail/gpio_config__type_support.h\n'}
[0.763108] (px4_msgs) StdoutLine: {'line': b'-- Up-to-date: /home/jmj/pro_asp_ws/ws_px4_controls/install/px4_msgs/include/px4_msgs/px4_msgs/msg/detail/offboard_control_mode__struct.h\n'}
[0.763139] (px4_msgs) StdoutLine: {'line': b'-- Up-to-date: /home/jmj/pro_asp_ws/ws_px4_controls/install/px4_msgs/include/px4_msgs/px4_msgs/msg/detail/vehicle_attitude__functions.c\n'}
[0.763167] (px4_msgs) StdoutLine: {'line': b'-- Up-to-date: /home/jmj/pro_asp_ws/ws_px4_controls/install/px4_msgs/include/px4_msgs/px4_msgs/msg/detail/failsafe_flags__type_support.h\n'}
[0.763195] (px4_msgs) StdoutLine: {'line': b'-- Up-to-date: /home/jmj/pro_asp_ws/ws_px4_controls/install/px4_msgs/include/px4_msgs/px4_msgs/msg/detail/estimator_aid_source1d__struct.h\n'}
[0.763289] (px4_msgs) StdoutLine: {'line': b'-- Up-to-date: /home/jmj/pro_asp_ws/ws_px4_controls/install/px4_msgs/include/px4_msgs/px4_msgs/msg/detail/sensor_hygrometer__struct.h\n'}
[0.763328] (px4_msgs) StdoutLine: {'line': b'-- Up-to-date: /home/jmj/pro_asp_ws/ws_px4_controls/install/px4_msgs/include/px4_msgs/px4_msgs/msg/detail/sensors_status_imu__type_support.h\n'}
[0.763363] (px4_msgs) StdoutLine: {'line': b'-- Up-to-date: /home/jmj/pro_asp_ws/ws_px4_controls/install/px4_msgs/include/px4_msgs/px4_msgs/msg/detail/dataman_response__type_support.h\n'}
[0.763396] (px4_msgs) StdoutLine: {'line': b'-- Up-to-date: /home/jmj/pro_asp_ws/ws_px4_controls/install/px4_msgs/include/px4_msgs/px4_msgs/msg/detail/open_drone_id_arm_status__type_support.h\n'}
[0.763424] (px4_msgs) StdoutLine: {'line': b'-- Up-to-date: /home/jmj/pro_asp_ws/ws_px4_controls/install/px4_msgs/include/px4_msgs/px4_msgs/msg/detail/position_setpoint_triplet__type_support.h\n'}
[0.763452] (px4_msgs) StdoutLine: {'line': b'-- Up-to-date: /home/jmj/pro_asp_ws/ws_px4_controls/install/px4_msgs/include/px4_msgs/px4_msgs/msg/detail/message_format_response__functions.h\n'}
[0.763483] (px4_msgs) StdoutLine: {'line': b'-- Up-to-date: /home/jmj/pro_asp_ws/ws_px4_controls/install/px4_msgs/include/px4_msgs/px4_msgs/msg/detail/tune_control__functions.h\n'}
[0.763508] (px4_msgs) StdoutLine: {'line': b'-- Up-to-date: /home/jmj/pro_asp_ws/ws_px4_controls/install/px4_msgs/include/px4_msgs/px4_msgs/msg/detail/obstacle_distance__functions.c\n'}
[0.763533] (px4_msgs) StdoutLine: {'line': b'-- Up-to-date: /home/jmj/pro_asp_ws/ws_px4_controls/install/px4_msgs/include/px4_msgs/px4_msgs/msg/detail/vehicle_air_data__type_support.h\n'}
[0.763558] (px4_msgs) StdoutLine: {'line': b'-- Up-to-date: /home/jmj/pro_asp_ws/ws_px4_controls/install/px4_msgs/include/px4_msgs/px4_msgs/msg/detail/sensor_gps__type_support.h\n'}
[0.763652] (px4_msgs) StdoutLine: {'line': b'-- Up-to-date: /home/jmj/pro_asp_ws/ws_px4_controls/install/px4_msgs/include/px4_msgs/px4_msgs/msg/detail/actuator_armed__functions.h\n'}
[0.763691] (px4_msgs) StdoutLine: {'line': b'-- Up-to-date: /home/jmj/pro_asp_ws/ws_px4_controls/install/px4_msgs/include/px4_msgs/px4_msgs/msg/detail/debug_value__functions.c\n'}
[0.763717] (px4_msgs) StdoutLine: {'line': b'-- Up-to-date: /home/jmj/pro_asp_ws/ws_px4_controls/install/px4_msgs/include/px4_msgs/px4_msgs/msg/detail/actuator_servos_trim__functions.c\n'}
[0.763741] (px4_msgs) StdoutLine: {'line': b'-- Up-to-date: /home/jmj/pro_asp_ws/ws_px4_controls/install/px4_msgs/include/px4_msgs/px4_msgs/msg/detail/navigator_status__type_support.h\n'}
[0.763832] (px4_msgs) StdoutLine: {'line': b'-- Up-to-date: /home/jmj/pro_asp_ws/ws_px4_controls/install/px4_msgs/include/px4_msgs/px4_msgs/msg/detail/uavcan_parameter_value__type_support.h\n'}
[0.763986] (px4_msgs) StdoutLine: {'line': b'-- Up-to-date: /home/jmj/pro_asp_ws/ws_px4_controls/install/px4_msgs/include/px4_msgs/px4_msgs/msg/detail/vehicle_attitude_setpoint__struct.h\n'}
[0.764151] (px4_msgs) StdoutLine: {'line': b'-- Up-to-date: /home/jmj/pro_asp_ws/ws_px4_controls/install/px4_msgs/include/px4_msgs/px4_msgs/msg/detail/estimator_bias__struct.h\n'}
[0.764238] (px4_msgs) StdoutLine: {'line': b'-- Up-to-date: /home/jmj/pro_asp_ws/ws_px4_controls/install/px4_msgs/include/px4_msgs/px4_msgs/msg/detail/landing_gear__struct.h\n'}
[0.764311] (px4_msgs) StdoutLine: {'line': b'-- Up-to-date: /home/jmj/pro_asp_ws/ws_px4_controls/install/px4_msgs/include/px4_msgs/px4_msgs/msg/detail/actuator_motors__struct.h\n'}
[0.764407] (px4_msgs) StdoutLine: {'line': b'-- Up-to-date: /home/jmj/pro_asp_ws/ws_px4_controls/install/px4_msgs/include/px4_msgs/px4_msgs/msg/detail/power_button_state__functions.h\n'}
[0.764474] (px4_msgs) StdoutLine: {'line': b'-- Up-to-date: /home/jmj/pro_asp_ws/ws_px4_controls/install/px4_msgs/include/px4_msgs/px4_msgs/msg/detail/launch_detection_status__functions.c\n'}
[0.764541] (px4_msgs) StdoutLine: {'line': b'-- Up-to-date: /home/jmj/pro_asp_ws/ws_px4_controls/install/px4_msgs/include/px4_msgs/px4_msgs/msg/detail/trajectory_setpoint__struct.h\n'}
[0.764618] (px4_msgs) StdoutLine: {'line': b'-- Up-to-date: /home/jmj/pro_asp_ws/ws_px4_controls/install/px4_msgs/include/px4_msgs/px4_msgs/msg/detail/fixed_wing_longitudinal_setpoint__functions.h\n'}
[0.764700] (px4_msgs) StdoutLine: {'line': b'-- Up-to-date: /home/jmj/pro_asp_ws/ws_px4_controls/install/px4_msgs/include/px4_msgs/px4_msgs/msg/detail/dataman_request__functions.h\n'}
[0.764779] (px4_msgs) StdoutLine: {'line': b'-- Up-to-date: /home/jmj/pro_asp_ws/ws_px4_controls/install/px4_msgs/include/px4_msgs/px4_msgs/msg/detail/vehicle_torque_setpoint__functions.c\n'}
[0.764841] (px4_msgs) StdoutLine: {'line': b'-- Up-to-date: /home/jmj/pro_asp_ws/ws_px4_controls/install/px4_msgs/include/px4_msgs/px4_msgs/msg/detail/landing_gear__functions.c\n'}
[0.764877] (px4_msgs) StdoutLine: {'line': b'-- Up-to-date: /home/jmj/pro_asp_ws/ws_px4_controls/install/px4_msgs/include/px4_msgs/px4_msgs/msg/detail/esc_status__struct.h\n'}
[0.764916] (px4_msgs) StdoutLine: {'line': b'-- Up-to-date: /home/jmj/pro_asp_ws/ws_px4_controls/install/px4_msgs/include/px4_msgs/px4_msgs/msg/detail/vehicle_attitude__struct.h\n'}
[0.764972] (px4_msgs) StdoutLine: {'line': b'-- Up-to-date: /home/jmj/pro_asp_ws/ws_px4_controls/install/px4_msgs/include/px4_msgs/px4_msgs/msg/detail/register_ext_component_request__functions.h\n'}
[0.765021] (px4_msgs) StdoutLine: {'line': b'-- Up-to-date: /home/jmj/pro_asp_ws/ws_px4_controls/install/px4_msgs/include/px4_msgs/px4_msgs/msg/detail/parameter_set_used_request__struct.h\n'}
[0.765064] (px4_msgs) StdoutLine: {'line': b'-- Up-to-date: /home/jmj/pro_asp_ws/ws_px4_controls/install/px4_msgs/include/px4_msgs/px4_msgs/msg/detail/parameter_set_value_request__type_support.h\n'}
[0.765104] (px4_msgs) StdoutLine: {'line': b'-- Up-to-date: /home/jmj/pro_asp_ws/ws_px4_controls/install/px4_msgs/include/px4_msgs/px4_msgs/msg/detail/can_interface_status__functions.h\n'}
[0.765157] (px4_msgs) StdoutLine: {'line': b'-- Up-to-date: /home/jmj/pro_asp_ws/ws_px4_controls/install/px4_msgs/include/px4_msgs/px4_msgs/msg/detail/parameter_set_value_response__functions.h\n'}
[0.765187] (px4_msgs) StdoutLine: {'line': b'-- Up-to-date: /home/jmj/pro_asp_ws/ws_px4_controls/install/px4_msgs/include/px4_msgs/px4_msgs/msg/detail/pwm_input__type_support.h\n'}
[0.765218] (px4_msgs) StdoutLine: {'line': b'-- Up-to-date: /home/jmj/pro_asp_ws/ws_px4_controls/install/px4_msgs/include/px4_msgs/px4_msgs/msg/detail/landing_target_innovations__type_support.h\n'}
[0.765242] (px4_msgs) StdoutLine: {'line': b'-- Up-to-date: /home/jmj/pro_asp_ws/ws_px4_controls/install/px4_msgs/include/px4_msgs/px4_msgs/msg/detail/esc_report__type_support.h\n'}
[0.765266] (px4_msgs) StdoutLine: {'line': b'-- Up-to-date: /home/jmj/pro_asp_ws/ws_px4_controls/install/px4_msgs/include/px4_msgs/px4_msgs/msg/detail/vtol_vehicle_status__functions.c\n'}
[0.765291] (px4_msgs) StdoutLine: {'line': b'-- Up-to-date: /home/jmj/pro_asp_ws/ws_px4_controls/install/px4_msgs/include/px4_msgs/px4_msgs/msg/detail/power_monitor__struct.h\n'}
[0.765319] (px4_msgs) StdoutLine: {'line': b'-- Up-to-date: /home/jmj/pro_asp_ws/ws_px4_controls/install/px4_msgs/include/px4_msgs/px4_msgs/msg/detail/sensor_gnss_relative__functions.h\n'}
[0.765356] (px4_msgs) StdoutLine: {'line': b'-- Up-to-date: /home/jmj/pro_asp_ws/ws_px4_controls/install/px4_msgs/include/px4_msgs/px4_msgs/msg/detail/internal_combustion_engine_status__struct.h\n'}
[0.765391] (px4_msgs) StdoutLine: {'line': b'-- Up-to-date: /home/jmj/pro_asp_ws/ws_px4_controls/install/px4_msgs/include/px4_msgs/px4_msgs/msg/detail/vehicle_control_mode__struct.h\n'}
[0.765416] (px4_msgs) StdoutLine: {'line': b'-- Up-to-date: /home/jmj/pro_asp_ws/ws_px4_controls/install/px4_msgs/include/px4_msgs/px4_msgs/msg/detail/landing_target_innovations__struct.h\n'}
[0.765440] (px4_msgs) StdoutLine: {'line': b'-- Up-to-date: /home/jmj/pro_asp_ws/ws_px4_controls/install/px4_msgs/include/px4_msgs/px4_msgs/msg/detail/uavcan_parameter_request__functions.h\n'}
[0.765468] (px4_msgs) StdoutLine: {'line': b'-- Up-to-date: /home/jmj/pro_asp_ws/ws_px4_controls/install/px4_msgs/include/px4_msgs/px4_msgs/msg/detail/mission__functions.h\n'}
[0.765494] (px4_msgs) StdoutLine: {'line': b'-- Up-to-date: /home/jmj/pro_asp_ws/ws_px4_controls/install/px4_msgs/include/px4_msgs/px4_msgs/msg/detail/sensor_accel_fifo__type_support.h\n'}
[0.765520] (px4_msgs) StdoutLine: {'line': b'-- Up-to-date: /home/jmj/pro_asp_ws/ws_px4_controls/install/px4_msgs/include/px4_msgs/px4_msgs/msg/detail/landing_target_pose__type_support.h\n'}
[0.765546] (px4_msgs) StdoutLine: {'line': b'-- Up-to-date: /home/jmj/pro_asp_ws/ws_px4_controls/install/px4_msgs/include/px4_msgs/px4_msgs/msg/detail/orb_test__functions.h\n'}
[0.765572] (px4_msgs) StdoutLine: {'line': b'-- Up-to-date: /home/jmj/pro_asp_ws/ws_px4_controls/install/px4_msgs/include/px4_msgs/px4_msgs/msg/detail/follow_target__functions.c\n'}
[0.765599] (px4_msgs) StdoutLine: {'line': b'-- Up-to-date: /home/jmj/pro_asp_ws/ws_px4_controls/install/px4_msgs/include/px4_msgs/px4_msgs/msg/detail/offboard_control_mode__functions.h\n'}
[0.765627] (px4_msgs) StdoutLine: {'line': b'-- Up-to-date: /home/jmj/pro_asp_ws/ws_px4_controls/install/px4_msgs/include/px4_msgs/px4_msgs/msg/detail/lateral_control_configuration__struct.h\n'}
[0.765654] (px4_msgs) StdoutLine: {'line': b'-- Up-to-date: /home/jmj/pro_asp_ws/ws_px4_controls/install/px4_msgs/include/px4_msgs/px4_msgs/msg/detail/yaw_estimator_status__functions.c\n'}
[0.765680] (px4_msgs) StdoutLine: {'line': b'-- Up-to-date: /home/jmj/pro_asp_ws/ws_px4_controls/install/px4_msgs/include/px4_msgs/px4_msgs/msg/detail/gimbal_device_information__functions.h\n'}
[0.765707] (px4_msgs) StdoutLine: {'line': b'-- Up-to-date: /home/jmj/pro_asp_ws/ws_px4_controls/install/px4_msgs/include/px4_msgs/px4_msgs/msg/detail/sensor_accel_fifo__functions.h\n'}
[0.765732] (px4_msgs) StdoutLine: {'line': b'-- Up-to-date: /home/jmj/pro_asp_ws/ws_px4_controls/install/px4_msgs/include/px4_msgs/px4_msgs/msg/detail/position_controller_status__functions.c\n'}
[0.765761] (px4_msgs) StdoutLine: {'line': b'-- Up-to-date: /home/jmj/pro_asp_ws/ws_px4_controls/install/px4_msgs/include/px4_msgs/px4_msgs/msg/detail/hover_thrust_estimate__functions.h\n'}
[0.765811] (px4_msgs) StdoutLine: {'line': b'-- Up-to-date: /home/jmj/pro_asp_ws/ws_px4_controls/install/px4_msgs/include/px4_msgs/px4_msgs/msg/detail/orb_test_medium__type_support.h\n'}
[0.765870] (px4_msgs) StdoutLine: {'line': b'-- Up-to-date: /home/jmj/pro_asp_ws/ws_px4_controls/install/px4_msgs/include/px4_msgs/px4_msgs/msg/detail/button_event__functions.c\n'}
[0.765915] (px4_msgs) StdoutLine: {'line': b'-- Up-to-date: /home/jmj/pro_asp_ws/ws_px4_controls/install/px4_msgs/include/px4_msgs/px4_msgs/msg/detail/internal_combustion_engine_control__type_support.h\n'}
[0.765953] (px4_msgs) StdoutLine: {'line': b'-- Up-to-date: /home/jmj/pro_asp_ws/ws_px4_controls/install/px4_msgs/include/px4_msgs/px4_msgs/msg/debug_array.h\n'}
[0.765978] (px4_msgs) StdoutLine: {'line': b'-- Up-to-date: /home/jmj/pro_asp_ws/ws_px4_controls/install/px4_msgs/include/px4_msgs/px4_msgs/msg/takeoff_status.h\n'}
[0.766002] (px4_msgs) StdoutLine: {'line': b'-- Up-to-date: /home/jmj/pro_asp_ws/ws_px4_controls/install/px4_msgs/include/px4_msgs/px4_msgs/msg/offboard_control_mode.h\n'}
[0.766025] (px4_msgs) StdoutLine: {'line': b'-- Up-to-date: /home/jmj/pro_asp_ws/ws_px4_controls/install/px4_msgs/include/px4_msgs/px4_msgs/msg/gimbal_controls.h\n'}
[0.766050] (px4_msgs) StdoutLine: {'line': b'-- Up-to-date: /home/jmj/pro_asp_ws/ws_px4_controls/install/px4_msgs/include/px4_msgs/px4_msgs/msg/vehicle_status.h\n'}
[0.766153] (px4_msgs) StdoutLine: {'line': b'-- Up-to-date: /home/jmj/pro_asp_ws/ws_px4_controls/install/px4_msgs/include/px4_msgs/px4_msgs/msg/estimator_sensor_bias.h\n'}
[0.766315] (px4_msgs) StdoutLine: {'line': b'-- Up-to-date: /home/jmj/pro_asp_ws/ws_px4_controls/install/px4_msgs/include/px4_msgs/px4_msgs/msg/orb_test_large.h\n'}
[0.766374] (px4_msgs) StdoutLine: {'line': b'-- Up-to-date: /home/jmj/pro_asp_ws/ws_px4_controls/install/px4_msgs/include/px4_msgs/px4_msgs/msg/gimbal_device_attitude_status.h\n'}
[0.766456] (px4_msgs) StdoutLine: {'line': b'-- Up-to-date: /home/jmj/pro_asp_ws/ws_px4_controls/install/px4_msgs/include/px4_msgs/px4_msgs/msg/position_controller_landing_status.h\n'}
[0.766492] (px4_msgs) StdoutLine: {'line': b'-- Up-to-date: /home/jmj/pro_asp_ws/ws_px4_controls/install/px4_msgs/include/px4_msgs/px4_msgs/msg/gimbal_device_information.h\n'}
[0.766524] (px4_msgs) StdoutLine: {'line': b'-- Up-to-date: /home/jmj/pro_asp_ws/ws_px4_controls/install/px4_msgs/include/px4_msgs/px4_msgs/msg/velocity_limits.h\n'}
[0.766557] (px4_msgs) StdoutLine: {'line': b'-- Up-to-date: /home/jmj/pro_asp_ws/ws_px4_controls/install/px4_msgs/include/px4_msgs/px4_msgs/msg/heater_status.h\n'}
[0.766629] (px4_msgs) StdoutLine: {'line': b'-- Up-to-date: /home/jmj/pro_asp_ws/ws_px4_controls/install/px4_msgs/include/px4_msgs/px4_msgs/msg/vehicle_control_mode.h\n'}
[0.766663] (px4_msgs) StdoutLine: {'line': b'-- Up-to-date: /home/jmj/pro_asp_ws/ws_px4_controls/install/px4_msgs/include/px4_msgs/px4_msgs/msg/failsafe_flags.h\n'}
[0.766695] (px4_msgs) StdoutLine: {'line': b'-- Up-to-date: /home/jmj/pro_asp_ws/ws_px4_controls/install/px4_msgs/include/px4_msgs/px4_msgs/msg/estimator_status.h\n'}
[0.766726] (px4_msgs) StdoutLine: {'line': b'-- Up-to-date: /home/jmj/pro_asp_ws/ws_px4_controls/install/px4_msgs/include/px4_msgs/px4_msgs/msg/irlock_report.h\n'}
[0.766756] (px4_msgs) StdoutLine: {'line': b'-- Up-to-date: /home/jmj/pro_asp_ws/ws_px4_controls/install/px4_msgs/include/px4_msgs/px4_msgs/msg/vehicle_local_position_setpoint.h\n'}
[0.766842] (px4_msgs) StdoutLine: {'line': b'-- Up-to-date: /home/jmj/pro_asp_ws/ws_px4_controls/install/px4_msgs/include/px4_msgs/px4_msgs/msg/wheel_encoders.h\n'}
[0.766876] (px4_msgs) StdoutLine: {'line': b'-- Up-to-date: /home/jmj/pro_asp_ws/ws_px4_controls/install/px4_msgs/include/px4_msgs/px4_msgs/msg/rover_velocity_status.h\n'}
[0.766908] (px4_msgs) StdoutLine: {'line': b'-- Up-to-date: /home/jmj/pro_asp_ws/ws_px4_controls/install/px4_msgs/include/px4_msgs/px4_msgs/msg/qshell_retval.h\n'}
[0.766938] (px4_msgs) StdoutLine: {'line': b'-- Up-to-date: /home/jmj/pro_asp_ws/ws_px4_controls/install/px4_msgs/include/px4_msgs/px4_msgs/msg/rover_attitude_setpoint.h\n'}
[0.766968] (px4_msgs) StdoutLine: {'line': b'-- Up-to-date: /home/jmj/pro_asp_ws/ws_px4_controls/install/px4_msgs/include/px4_msgs/px4_msgs/msg/rpm.h\n'}
[0.766998] (px4_msgs) StdoutLine: {'line': b'-- Up-to-date: /home/jmj/pro_asp_ws/ws_px4_controls/install/px4_msgs/include/px4_msgs/px4_msgs/msg/estimator_status_flags.h\n'}
[0.767029] (px4_msgs) StdoutLine: {'line': b'-- Up-to-date: /home/jmj/pro_asp_ws/ws_px4_controls/install/px4_msgs/include/px4_msgs/px4_msgs/msg/mavlink_tunnel.h\n'}
[0.767059] (px4_msgs) StdoutLine: {'line': b'-- Up-to-date: /home/jmj/pro_asp_ws/ws_px4_controls/install/px4_msgs/include/px4_msgs/px4_msgs/msg/airspeed.h\n'}
[0.767089] (px4_msgs) StdoutLine: {'line': b'-- Up-to-date: /home/jmj/pro_asp_ws/ws_px4_controls/install/px4_msgs/include/px4_msgs/px4_msgs/msg/rover_position_setpoint.h\n'}
[0.767127] (px4_msgs) StdoutLine: {'line': b'-- Up-to-date: /home/jmj/pro_asp_ws/ws_px4_controls/install/px4_msgs/include/px4_msgs/px4_msgs/msg/qshell_req.h\n'}
[0.767158] (px4_msgs) StdoutLine: {'line': b'-- Up-to-date: /home/jmj/pro_asp_ws/ws_px4_controls/install/px4_msgs/include/px4_msgs/px4_msgs/msg/manual_control_switches.h\n'}
[0.767188] (px4_msgs) StdoutLine: {'line': b'-- Up-to-date: /home/jmj/pro_asp_ws/ws_px4_controls/install/px4_msgs/include/px4_msgs/px4_msgs/msg/gps_dump.h\n'}
[0.767244] (px4_msgs) StdoutLine: {'line': b'-- Up-to-date: /home/jmj/pro_asp_ws/ws_px4_controls/install/px4_msgs/include/px4_msgs/px4_msgs/msg/sensor_mag.h\n'}
[0.767280] (px4_msgs) StdoutLine: {'line': b'-- Up-to-date: /home/jmj/pro_asp_ws/ws_px4_controls/install/px4_msgs/include/px4_msgs/px4_msgs/msg/vehicle_magnetometer.h\n'}
[0.767311] (px4_msgs) StdoutLine: {'line': b'-- Up-to-date: /home/jmj/pro_asp_ws/ws_px4_controls/install/px4_msgs/include/px4_msgs/px4_msgs/msg/actuator_outputs.h\n'}
[0.767350] (px4_msgs) StdoutLine: {'line': b'-- Up-to-date: /home/jmj/pro_asp_ws/ws_px4_controls/install/px4_msgs/include/px4_msgs/px4_msgs/msg/unregister_ext_component.h\n'}
[0.767381] (px4_msgs) StdoutLine: {'line': b'-- Up-to-date: /home/jmj/pro_asp_ws/ws_px4_controls/install/px4_msgs/include/px4_msgs/px4_msgs/msg/normalized_unsigned_setpoint.h\n'}
[0.767411] (px4_msgs) StdoutLine: {'line': b'-- Up-to-date: /home/jmj/pro_asp_ws/ws_px4_controls/install/px4_msgs/include/px4_msgs/px4_msgs/msg/vtol_vehicle_status.h\n'}
[0.767441] (px4_msgs) StdoutLine: {'line': b'-- Up-to-date: /home/jmj/pro_asp_ws/ws_px4_controls/install/px4_msgs/include/px4_msgs/px4_msgs/msg/vehicle_roi.h\n'}
[0.767494] (px4_msgs) StdoutLine: {'line': b'-- Up-to-date: /home/jmj/pro_asp_ws/ws_px4_controls/install/px4_msgs/include/px4_msgs/px4_msgs/msg/telemetry_status.h\n'}
[0.767526] (px4_msgs) StdoutLine: {'line': b'-- Up-to-date: /home/jmj/pro_asp_ws/ws_px4_controls/install/px4_msgs/include/px4_msgs/px4_msgs/msg/estimator_innovations.h\n'}
[0.767558] (px4_msgs) StdoutLine: {'line': b'-- Up-to-date: /home/jmj/pro_asp_ws/ws_px4_controls/install/px4_msgs/include/px4_msgs/px4_msgs/msg/vehicle_torque_setpoint.h\n'}
[0.767589] (px4_msgs) StdoutLine: {'line': b'-- Up-to-date: /home/jmj/pro_asp_ws/ws_px4_controls/install/px4_msgs/include/px4_msgs/px4_msgs/msg/obstacle_distance.h\n'}
[0.767619] (px4_msgs) StdoutLine: {'line': b'-- Up-to-date: /home/jmj/pro_asp_ws/ws_px4_controls/install/px4_msgs/include/px4_msgs/px4_msgs/msg/debug_value.h\n'}
[0.767651] (px4_msgs) StdoutLine: {'line': b'-- Up-to-date: /home/jmj/pro_asp_ws/ws_px4_controls/install/px4_msgs/include/px4_msgs/px4_msgs/msg/open_drone_id_self_id.h\n'}
[0.767684] (px4_msgs) StdoutLine: {'line': b'-- Up-to-date: /home/jmj/pro_asp_ws/ws_px4_controls/install/px4_msgs/include/px4_msgs/px4_msgs/msg/power_button_state.h\n'}
[0.767717] (px4_msgs) StdoutLine: {'line': b'-- Up-to-date: /home/jmj/pro_asp_ws/ws_px4_controls/install/px4_msgs/include/px4_msgs/px4_msgs/msg/gimbal_manager_set_attitude.h\n'}
[0.767748] (px4_msgs) StdoutLine: {'line': b'-- Up-to-date: /home/jmj/pro_asp_ws/ws_px4_controls/install/px4_msgs/include/px4_msgs/px4_msgs/msg/open_drone_id_operator_id.h\n'}
[0.767848] (px4_msgs) StdoutLine: {'line': b'-- Up-to-date: /home/jmj/pro_asp_ws/ws_px4_controls/install/px4_msgs/include/px4_msgs/px4_msgs/msg/sensors_status.h\n'}
[0.767903] (px4_msgs) StdoutLine: {'line': b'-- Up-to-date: /home/jmj/pro_asp_ws/ws_px4_controls/install/px4_msgs/include/px4_msgs/px4_msgs/msg/lateral_control_configuration.h\n'}
[0.767982] (px4_msgs) StdoutLine: {'line': b'-- Up-to-date: /home/jmj/pro_asp_ws/ws_px4_controls/install/px4_msgs/include/px4_msgs/px4_msgs/msg/esc_status.h\n'}
[0.768020] (px4_msgs) StdoutLine: {'line': b'-- Up-to-date: /home/jmj/pro_asp_ws/ws_px4_controls/install/px4_msgs/include/px4_msgs/px4_msgs/msg/actuator_motors.h\n'}
[0.768054] (px4_msgs) StdoutLine: {'line': b'-- Up-to-date: /home/jmj/pro_asp_ws/ws_px4_controls/install/px4_msgs/include/px4_msgs/px4_msgs/msg/generator_status.h\n'}
[0.768087] (px4_msgs) StdoutLine: {'line': b'-- Up-to-date: /home/jmj/pro_asp_ws/ws_px4_controls/install/px4_msgs/include/px4_msgs/px4_msgs/msg/rate_ctrl_status.h\n'}
[0.768120] (px4_msgs) StdoutLine: {'line': b'-- Up-to-date: /home/jmj/pro_asp_ws/ws_px4_controls/install/px4_msgs/include/px4_msgs/px4_msgs/msg/position_controller_status.h\n'}
[0.768151] (px4_msgs) StdoutLine: {'line': b'-- Up-to-date: /home/jmj/pro_asp_ws/ws_px4_controls/install/px4_msgs/include/px4_msgs/px4_msgs/msg/distance_sensor.h\n'}
[0.768186] (px4_msgs) StdoutLine: {'line': b'-- Up-to-date: /home/jmj/pro_asp_ws/ws_px4_controls/install/px4_msgs/include/px4_msgs/px4_msgs/msg/dataman_request.h\n'}
[0.768221] (px4_msgs) StdoutLine: {'line': b'-- Up-to-date: /home/jmj/pro_asp_ws/ws_px4_controls/install/px4_msgs/include/px4_msgs/px4_msgs/msg/vehicle_acceleration.h\n'}
[0.768255] (px4_msgs) StdoutLine: {'line': b'-- Up-to-date: /home/jmj/pro_asp_ws/ws_px4_controls/install/px4_msgs/include/px4_msgs/px4_msgs/msg/sensor_airflow.h\n'}
[0.768346] (px4_msgs) StdoutLine: {'line': b'-- Up-to-date: /home/jmj/pro_asp_ws/ws_px4_controls/install/px4_msgs/include/px4_msgs/px4_msgs/msg/landing_gear.h\n'}
[0.768381] (px4_msgs) StdoutLine: {'line': b'-- Up-to-date: /home/jmj/pro_asp_ws/ws_px4_controls/install/px4_msgs/include/px4_msgs/px4_msgs/msg/gripper.h\n'}
[0.768413] (px4_msgs) StdoutLine: {'line': b'-- Up-to-date: /home/jmj/pro_asp_ws/ws_px4_controls/install/px4_msgs/include/px4_msgs/px4_msgs/msg/position_setpoint.h\n'}
[0.768460] (px4_msgs) StdoutLine: {'line': b'-- Up-to-date: /home/jmj/pro_asp_ws/ws_px4_controls/install/px4_msgs/include/px4_msgs/px4_msgs/msg/sensor_baro.h\n'}
[0.768522] (px4_msgs) StdoutLine: {'line': b'-- Up-to-date: /home/jmj/pro_asp_ws/ws_px4_controls/install/px4_msgs/include/px4_msgs/px4_msgs/msg/flight_phase_estimation.h\n'}
[0.768583] (px4_msgs) StdoutLine: {'line': b'-- Up-to-date: /home/jmj/pro_asp_ws/ws_px4_controls/install/px4_msgs/include/px4_msgs/px4_msgs/msg/register_ext_component_reply.h\n'}
[0.768622] (px4_msgs) StdoutLine: {'line': b'-- Up-to-date: /home/jmj/pro_asp_ws/ws_px4_controls/install/px4_msgs/include/px4_msgs/px4_msgs/msg/parameter_set_used_request.h\n'}
[0.768655] (px4_msgs) StdoutLine: {'line': b'-- Up-to-date: /home/jmj/pro_asp_ws/ws_px4_controls/install/px4_msgs/include/px4_msgs/px4_msgs/msg/actuator_controls_status.h\n'}
[0.768698] (px4_msgs) StdoutLine: {'line': b'-- Up-to-date: /home/jmj/pro_asp_ws/ws_px4_controls/install/px4_msgs/include/px4_msgs/px4_msgs/msg/gps_inject_data.h\n'}
[0.768735] (px4_msgs) StdoutLine: {'line': b'-- Up-to-date: /home/jmj/pro_asp_ws/ws_px4_controls/install/px4_msgs/include/px4_msgs/px4_msgs/msg/vehicle_attitude.h\n'}
[0.768788] (px4_msgs) StdoutLine: {'line': b'-- Up-to-date: /home/jmj/pro_asp_ws/ws_px4_controls/install/px4_msgs/include/px4_msgs/px4_msgs/msg/mavlink_log.h\n'}
[0.768866] (px4_msgs) StdoutLine: {'line': b'-- Up-to-date: /home/jmj/pro_asp_ws/ws_px4_controls/install/px4_msgs/include/px4_msgs/px4_msgs/msg/wind.h\n'}
[0.768939] (px4_msgs) StdoutLine: {'line': b'-- Up-to-date: /home/jmj/pro_asp_ws/ws_px4_controls/install/px4_msgs/include/px4_msgs/px4_msgs/msg/yaw_estimator_status.h\n'}
[0.768977] (px4_msgs) StdoutLine: {'line': b'-- Up-to-date: /home/jmj/pro_asp_ws/ws_px4_controls/install/px4_msgs/include/px4_msgs/px4_msgs/msg/gpio_out.h\n'}
[0.769013] (px4_msgs) StdoutLine: {'line': b'-- Up-to-date: /home/jmj/pro_asp_ws/ws_px4_controls/install/px4_msgs/include/px4_msgs/px4_msgs/msg/satellite_info.h\n'}
[0.769050] (px4_msgs) StdoutLine: {'line': b'-- Up-to-date: /home/jmj/pro_asp_ws/ws_px4_controls/install/px4_msgs/include/px4_msgs/px4_msgs/msg/position_setpoint_triplet.h\n'}
[0.769084] (px4_msgs) StdoutLine: {'line': b'-- Up-to-date: /home/jmj/pro_asp_ws/ws_px4_controls/install/px4_msgs/include/px4_msgs/px4_msgs/msg/rtl_status.h\n'}
[0.769116] (px4_msgs) StdoutLine: {'line': b'-- Up-to-date: /home/jmj/pro_asp_ws/ws_px4_controls/install/px4_msgs/include/px4_msgs/px4_msgs/msg/landing_gear_wheel.h\n'}
[0.769152] (px4_msgs) StdoutLine: {'line': b'-- Up-to-date: /home/jmj/pro_asp_ws/ws_px4_controls/install/px4_msgs/include/px4_msgs/px4_msgs/msg/uavcan_parameter_request.h\n'}
[0.769185] (px4_msgs) StdoutLine: {'line': b'-- Up-to-date: /home/jmj/pro_asp_ws/ws_px4_controls/install/px4_msgs/include/px4_msgs/px4_msgs/msg/parameter_update.h\n'}
[0.769217] (px4_msgs) StdoutLine: {'line': b'-- Up-to-date: /home/jmj/pro_asp_ws/ws_px4_controls/install/px4_msgs/include/px4_msgs/px4_msgs/msg/tiltrotor_extra_controls.h\n'}
[0.769250] (px4_msgs) StdoutLine: {'line': b'-- Up-to-date: /home/jmj/pro_asp_ws/ws_px4_controls/install/px4_msgs/include/px4_msgs/px4_msgs/msg/hover_thrust_estimate.h\n'}
[0.769288] (px4_msgs) StdoutLine: {'line': b'-- Up-to-date: /home/jmj/pro_asp_ws/ws_px4_controls/install/px4_msgs/include/px4_msgs/px4_msgs/msg/sensor_accel_fifo.h\n'}
[0.769338] (px4_msgs) StdoutLine: {'line': b'-- Up-to-date: /home/jmj/pro_asp_ws/ws_px4_controls/install/px4_msgs/include/px4_msgs/px4_msgs/msg/vehicle_land_detected.h\n'}
[0.769375] (px4_msgs) StdoutLine: {'line': b'-- Up-to-date: /home/jmj/pro_asp_ws/ws_px4_controls/install/px4_msgs/include/px4_msgs/px4_msgs/msg/estimator_bias.h\n'}
[0.769478] (px4_msgs) StdoutLine: {'line': b'-- Up-to-date: /home/jmj/pro_asp_ws/ws_px4_controls/install/px4_msgs/include/px4_msgs/px4_msgs/msg/pure_pursuit_status.h\n'}
[0.769514] (px4_msgs) StdoutLine: {'line': b'-- Up-to-date: /home/jmj/pro_asp_ws/ws_px4_controls/install/px4_msgs/include/px4_msgs/px4_msgs/msg/sensor_gnss_relative.h\n'}
[0.769548] (px4_msgs) StdoutLine: {'line': b'-- Up-to-date: /home/jmj/pro_asp_ws/ws_px4_controls/install/px4_msgs/include/px4_msgs/px4_msgs/msg/open_drone_id_arm_status.h\n'}
[0.769594] (px4_msgs) StdoutLine: {'line': b'-- Up-to-date: /home/jmj/pro_asp_ws/ws_px4_controls/install/px4_msgs/include/px4_msgs/px4_msgs/msg/sensor_preflight_mag.h\n'}
[0.769627] (px4_msgs) StdoutLine: {'line': b'-- Up-to-date: /home/jmj/pro_asp_ws/ws_px4_controls/install/px4_msgs/include/px4_msgs/px4_msgs/msg/message_format_response.h\n'}
[0.769660] (px4_msgs) StdoutLine: {'line': b'-- Up-to-date: /home/jmj/pro_asp_ws/ws_px4_controls/install/px4_msgs/include/px4_msgs/px4_msgs/msg/logger_status.h\n'}
[0.769694] (px4_msgs) StdoutLine: {'line': b'-- Up-to-date: /home/jmj/pro_asp_ws/ws_px4_controls/install/px4_msgs/include/px4_msgs/px4_msgs/msg/system_power.h\n'}
[0.769726] (px4_msgs) StdoutLine: {'line': b'-- Up-to-date: /home/jmj/pro_asp_ws/ws_px4_controls/install/px4_msgs/include/px4_msgs/px4_msgs/msg/gimbal_manager_information.h\n'}
[0.769761] (px4_msgs) StdoutLine: {'line': b'-- Up-to-date: /home/jmj/pro_asp_ws/ws_px4_controls/install/px4_msgs/include/px4_msgs/px4_msgs/msg/dataman_response.h\n'}
[0.769906] (px4_msgs) StdoutLine: {'line': b'-- Up-to-date: /home/jmj/pro_asp_ws/ws_px4_controls/install/px4_msgs/include/px4_msgs/px4_msgs/msg/follow_target.h\n'}
[0.769946] (px4_msgs) StdoutLine: {'line': b'-- Up-to-date: /home/jmj/pro_asp_ws/ws_px4_controls/install/px4_msgs/include/px4_msgs/px4_msgs/msg/gimbal_manager_status.h\n'}
[0.769992] (px4_msgs) StdoutLine: {'line': b'-- Up-to-date: /home/jmj/pro_asp_ws/ws_px4_controls/install/px4_msgs/include/px4_msgs/px4_msgs/msg/navigator_status.h\n'}
[0.770246] (px4_msgs) StdoutLine: {'line': b'-- Up-to-date: /home/jmj/pro_asp_ws/ws_px4_controls/install/px4_msgs/include/px4_msgs/px4_msgs/msg/airspeed_wind.h\n'}
[0.770296] (px4_msgs) StdoutLine: {'line': b'-- Up-to-date: /home/jmj/pro_asp_ws/ws_px4_controls/install/px4_msgs/include/px4_msgs/px4_msgs/msg/sensor_correction.h\n'}
[0.770325] (px4_msgs) StdoutLine: {'line': b'-- Up-to-date: /home/jmj/pro_asp_ws/ws_px4_controls/install/px4_msgs/include/px4_msgs/px4_msgs/msg/rtl_time_estimate.h\n'}
[0.770354] (px4_msgs) StdoutLine: {'line': b'-- Up-to-date: /home/jmj/pro_asp_ws/ws_px4_controls/install/px4_msgs/include/px4_msgs/px4_msgs/msg/vehicle_imu.h\n'}
[0.770386] (px4_msgs) StdoutLine: {'line': b'-- Up-to-date: /home/jmj/pro_asp_ws/ws_px4_controls/install/px4_msgs/include/px4_msgs/px4_msgs/msg/vehicle_attitude_setpoint.h\n'}
[0.770414] (px4_msgs) StdoutLine: {'line': b'-- Up-to-date: /home/jmj/pro_asp_ws/ws_px4_controls/install/px4_msgs/include/px4_msgs/px4_msgs/msg/sensor_accel.h\n'}
[0.770440] (px4_msgs) StdoutLine: {'line': b'-- Up-to-date: /home/jmj/pro_asp_ws/ws_px4_controls/install/px4_msgs/include/px4_msgs/px4_msgs/msg/sensor_optical_flow.h\n'}
[0.770473] (px4_msgs) StdoutLine: {'line': b'-- Up-to-date: /home/jmj/pro_asp_ws/ws_px4_controls/install/px4_msgs/include/px4_msgs/px4_msgs/msg/orb_test.h\n'}
[0.770521] (px4_msgs) StdoutLine: {'line': b'-- Up-to-date: /home/jmj/pro_asp_ws/ws_px4_controls/install/px4_msgs/include/px4_msgs/px4_msgs/msg/parameter_set_value_response.h\n'}
[0.770568] (px4_msgs) StdoutLine: {'line': b'-- Up-to-date: /home/jmj/pro_asp_ws/ws_px4_controls/install/px4_msgs/include/px4_msgs/px4_msgs/msg/vehicle_odometry.h\n'}
[0.770748] (px4_msgs) StdoutLine: {'line': b'-- Up-to-date: /home/jmj/pro_asp_ws/ws_px4_controls/install/px4_msgs/include/px4_msgs/px4_msgs/msg/rc_parameter_map.h\n'}
[0.770827] (px4_msgs) StdoutLine: {'line': b'-- Up-to-date: /home/jmj/pro_asp_ws/ws_px4_controls/install/px4_msgs/include/px4_msgs/px4_msgs/msg/rover_throttle_setpoint.h\n'}
[0.770871] (px4_msgs) StdoutLine: {'line': b'-- Up-to-date: /home/jmj/pro_asp_ws/ws_px4_controls/install/px4_msgs/include/px4_msgs/px4_msgs/msg/px4io_status.h\n'}
[0.770901] (px4_msgs) StdoutLine: {'line': b'-- Up-to-date: /home/jmj/pro_asp_ws/ws_px4_controls/install/px4_msgs/include/px4_msgs/px4_msgs/msg/sensors_status_imu.h\n'}
[0.770928] (px4_msgs) StdoutLine: {'line': b'-- Up-to-date: /home/jmj/pro_asp_ws/ws_px4_controls/install/px4_msgs/include/px4_msgs/px4_msgs/msg/camera_capture.h\n'}
[0.770955] (px4_msgs) StdoutLine: {'line': b'-- Up-to-date: /home/jmj/pro_asp_ws/ws_px4_controls/install/px4_msgs/include/px4_msgs/px4_msgs/msg/open_drone_id_system.h\n'}
[0.770980] (px4_msgs) StdoutLine: {'line': b'-- Up-to-date: /home/jmj/pro_asp_ws/ws_px4_controls/install/px4_msgs/include/px4_msgs/px4_msgs/msg/differential_pressure.h\n'}
[0.771005] (px4_msgs) StdoutLine: {'line': b'-- Up-to-date: /home/jmj/pro_asp_ws/ws_px4_controls/install/px4_msgs/include/px4_msgs/px4_msgs/msg/tecs_status.h\n'}
[0.771039] (px4_msgs) StdoutLine: {'line': b'-- Up-to-date: /home/jmj/pro_asp_ws/ws_px4_controls/install/px4_msgs/include/px4_msgs/px4_msgs/msg/mag_worker_data.h\n'}
[0.771067] (px4_msgs) StdoutLine: {'line': b'-- Up-to-date: /home/jmj/pro_asp_ws/ws_px4_controls/install/px4_msgs/include/px4_msgs/px4_msgs/msg/estimator_aid_source1d.h\n'}
[0.771094] (px4_msgs) StdoutLine: {'line': b'-- Up-to-date: /home/jmj/pro_asp_ws/ws_px4_controls/install/px4_msgs/include/px4_msgs/px4_msgs/msg/geofence_result.h\n'}
[0.771120] (px4_msgs) StdoutLine: {'line': b'-- Up-to-date: /home/jmj/pro_asp_ws/ws_px4_controls/install/px4_msgs/include/px4_msgs/px4_msgs/msg/cpuload.h\n'}
[0.771205] (px4_msgs) StdoutLine: {'line': b'-- Up-to-date: /home/jmj/pro_asp_ws/ws_px4_controls/install/px4_msgs/include/px4_msgs/px4_msgs/msg/estimator_event_flags.h\n'}
[0.771235] (px4_msgs) StdoutLine: {'line': b'-- Up-to-date: /home/jmj/pro_asp_ws/ws_px4_controls/install/px4_msgs/include/px4_msgs/px4_msgs/msg/health_report.h\n'}
[0.771266] (px4_msgs) StdoutLine: {'line': b'-- Up-to-date: /home/jmj/pro_asp_ws/ws_px4_controls/install/px4_msgs/include/px4_msgs/px4_msgs/msg/transponder_report.h\n'}
[0.771304] (px4_msgs) StdoutLine: {'line': b'-- Up-to-date: /home/jmj/pro_asp_ws/ws_px4_controls/install/px4_msgs/include/px4_msgs/px4_msgs/msg/gpio_in.h\n'}
[0.771343] (px4_msgs) StdoutLine: {'line': b'-- Up-to-date: /home/jmj/pro_asp_ws/ws_px4_controls/install/px4_msgs/include/px4_msgs/px4_msgs/msg/landing_target_innovations.h\n'}
[0.771369] (px4_msgs) StdoutLine: {'line': b'-- Up-to-date: /home/jmj/pro_asp_ws/ws_px4_controls/install/px4_msgs/include/px4_msgs/px4_msgs/msg/fixed_wing_lateral_guidance_status.h\n'}
[0.771395] (px4_msgs) StdoutLine: {'line': b'-- Up-to-date: /home/jmj/pro_asp_ws/ws_px4_controls/install/px4_msgs/include/px4_msgs/px4_msgs/msg/distance_sensor_mode_change_request.h\n'}
[0.771421] (px4_msgs) StdoutLine: {'line': b'-- Up-to-date: /home/jmj/pro_asp_ws/ws_px4_controls/install/px4_msgs/include/px4_msgs/px4_msgs/msg/radio_status.h\n'}
[0.771446] (px4_msgs) StdoutLine: {'line': b'-- Up-to-date: /home/jmj/pro_asp_ws/ws_px4_controls/install/px4_msgs/include/px4_msgs/px4_msgs/msg/rover_steering_setpoint.h\n'}
[0.771471] (px4_msgs) StdoutLine: {'line': b'-- Up-to-date: /home/jmj/pro_asp_ws/ws_px4_controls/install/px4_msgs/include/px4_msgs/px4_msgs/msg/mission.h\n'}
[0.771530] (px4_msgs) StdoutLine: {'line': b'-- Up-to-date: /home/jmj/pro_asp_ws/ws_px4_controls/install/px4_msgs/include/px4_msgs/px4_msgs/msg/rc_channels.h\n'}
[0.771559] (px4_msgs) StdoutLine: {'line': b'-- Up-to-date: /home/jmj/pro_asp_ws/ws_px4_controls/install/px4_msgs/include/px4_msgs/px4_msgs/msg/longitudinal_control_configuration.h\n'}
[0.771859] (px4_msgs) StdoutLine: {'line': b'-- Up-to-date: /home/jmj/pro_asp_ws/ws_px4_controls/install/px4_msgs/include/px4_msgs/px4_msgs/msg/manual_control_setpoint.h\n'}
[0.772011] (px4_msgs) StdoutLine: {'line': b'-- Up-to-date: /home/jmj/pro_asp_ws/ws_px4_controls/install/px4_msgs/include/px4_msgs/px4_msgs/msg/action_request.h\n'}
[0.772096] (px4_msgs) StdoutLine: {'line': b'-- Up-to-date: /home/jmj/pro_asp_ws/ws_px4_controls/install/px4_msgs/include/px4_msgs/px4_msgs/msg/goto_setpoint.h\n'}
[0.772164] (px4_msgs) StdoutLine: {'line': b'-- Up-to-date: /home/jmj/pro_asp_ws/ws_px4_controls/install/px4_msgs/include/px4_msgs/px4_msgs/msg/tune_control.h\n'}
[0.772229] (px4_msgs) StdoutLine: {'line': b'-- Up-to-date: /home/jmj/pro_asp_ws/ws_px4_controls/install/px4_msgs/include/px4_msgs/px4_msgs/msg/sensor_hygrometer.h\n'}
[0.772292] (px4_msgs) StdoutLine: {'line': b'-- Up-to-date: /home/jmj/pro_asp_ws/ws_px4_controls/install/px4_msgs/include/px4_msgs/px4_msgs/msg/vehicle_air_data.h\n'}
[0.772357] (px4_msgs) StdoutLine: {'line': b'-- Up-to-date: /home/jmj/pro_asp_ws/ws_px4_controls/install/px4_msgs/include/px4_msgs/px4_msgs/msg/parameter_set_value_request.h\n'}
[0.772459] (px4_msgs) StdoutLine: {'line': b'-- Up-to-date: /home/jmj/pro_asp_ws/ws_px4_controls/install/px4_msgs/include/px4_msgs/px4_msgs/msg/vehicle_command_ack.h\n'}
[0.772527] (px4_msgs) StdoutLine: {'line': b'-- Up-to-date: /home/jmj/pro_asp_ws/ws_px4_controls/install/px4_msgs/include/px4_msgs/px4_msgs/msg/mount_orientation.h\n'}
[0.772590] (px4_msgs) StdoutLine: {'line': b'-- Up-to-date: /home/jmj/pro_asp_ws/ws_px4_controls/install/px4_msgs/include/px4_msgs/px4_msgs/msg/mode_completed.h\n'}
[0.772693] (px4_msgs) StdoutLine: {'line': b'-- Up-to-date: /home/jmj/pro_asp_ws/ws_px4_controls/install/px4_msgs/include/px4_msgs/px4_msgs/msg/fixed_wing_lateral_status.h\n'}
[0.772743] (px4_msgs) StdoutLine: {'line': b'-- Up-to-date: /home/jmj/pro_asp_ws/ws_px4_controls/install/px4_msgs/include/px4_msgs/px4_msgs/msg/orbit_status.h\n'}
[0.772780] (px4_msgs) StdoutLine: {'line': b'-- Up-to-date: /home/jmj/pro_asp_ws/ws_px4_controls/install/px4_msgs/include/px4_msgs/px4_msgs/msg/vehicle_optical_flow.h\n'}
[0.772806] (px4_msgs) StdoutLine: {'line': b'-- Up-to-date: /home/jmj/pro_asp_ws/ws_px4_controls/install/px4_msgs/include/px4_msgs/px4_msgs/msg/autotune_attitude_control_status.h\n'}
[0.772831] (px4_msgs) StdoutLine: {'line': b'-- Up-to-date: /home/jmj/pro_asp_ws/ws_px4_controls/install/px4_msgs/include/px4_msgs/px4_msgs/msg/sensor_gps.h\n'}
[0.772864] (px4_msgs) StdoutLine: {'line': b'-- Up-to-date: /home/jmj/pro_asp_ws/ws_px4_controls/install/px4_msgs/include/px4_msgs/px4_msgs/msg/failure_detector_status.h\n'}
[0.772904] (px4_msgs) StdoutLine: {'line': b'-- Up-to-date: /home/jmj/pro_asp_ws/ws_px4_controls/install/px4_msgs/include/px4_msgs/px4_msgs/msg/follow_target_estimator.h\n'}
[0.772943] (px4_msgs) StdoutLine: {'line': b'-- Up-to-date: /home/jmj/pro_asp_ws/ws_px4_controls/install/px4_msgs/include/px4_msgs/px4_msgs/msg/vehicle_rates_setpoint.h\n'}
[0.772982] (px4_msgs) StdoutLine: {'line': b'-- Up-to-date: /home/jmj/pro_asp_ws/ws_px4_controls/install/px4_msgs/include/px4_msgs/px4_msgs/msg/control_allocator_status.h\n'}
[0.773091] (px4_msgs) StdoutLine: {'line': b'-- Up-to-date: /home/jmj/pro_asp_ws/ws_px4_controls/install/px4_msgs/include/px4_msgs/px4_msgs/msg/vehicle_angular_acceleration_setpoint.h\n'}
[0.773126] (px4_msgs) StdoutLine: {'line': b'-- Up-to-date: /home/jmj/pro_asp_ws/ws_px4_controls/install/px4_msgs/include/px4_msgs/px4_msgs/msg/rover_rate_status.h\n'}
[0.773152] (px4_msgs) StdoutLine: {'line': b'-- Up-to-date: /home/jmj/pro_asp_ws/ws_px4_controls/install/px4_msgs/include/px4_msgs/px4_msgs/msg/vehicle_angular_velocity.h\n'}
[0.773187] (px4_msgs) StdoutLine: {'line': b'-- Up-to-date: /home/jmj/pro_asp_ws/ws_px4_controls/install/px4_msgs/include/px4_msgs/px4_msgs/msg/navigator_mission_item.h\n'}
[0.773210] (px4_msgs) StdoutLine: {'line': b'-- Up-to-date: /home/jmj/pro_asp_ws/ws_px4_controls/install/px4_msgs/include/px4_msgs/px4_msgs/msg/pwm_input.h\n'}
[0.773233] (px4_msgs) StdoutLine: {'line': b'-- Up-to-date: /home/jmj/pro_asp_ws/ws_px4_controls/install/px4_msgs/include/px4_msgs/px4_msgs/msg/gpio_request.h\n'}
[0.773256] (px4_msgs) StdoutLine: {'line': b'-- Up-to-date: /home/jmj/pro_asp_ws/ws_px4_controls/install/px4_msgs/include/px4_msgs/px4_msgs/msg/debug_vect.h\n'}
[0.773281] (px4_msgs) StdoutLine: {'line': b'-- Up-to-date: /home/jmj/pro_asp_ws/ws_px4_controls/install/px4_msgs/include/px4_msgs/px4_msgs/msg/collision_constraints.h\n'}
[0.773319] (px4_msgs) StdoutLine: {'line': b'-- Up-to-date: /home/jmj/pro_asp_ws/ws_px4_controls/install/px4_msgs/include/px4_msgs/px4_msgs/msg/actuator_servos.h\n'}
[0.773351] (px4_msgs) StdoutLine: {'line': b'-- Up-to-date: /home/jmj/pro_asp_ws/ws_px4_controls/install/px4_msgs/include/px4_msgs/px4_msgs/msg/vehicle_thrust_setpoint.h\n'}
[0.773389] (px4_msgs) StdoutLine: {'line': b'-- Up-to-date: /home/jmj/pro_asp_ws/ws_px4_controls/install/px4_msgs/include/px4_msgs/px4_msgs/msg/arming_check_request.h\n'}
[0.773427] (px4_msgs) StdoutLine: {'line': b'-- Up-to-date: /home/jmj/pro_asp_ws/ws_px4_controls/install/px4_msgs/include/px4_msgs/px4_msgs/msg/vehicle_optical_flow_vel.h\n'}
[0.773464] (px4_msgs) StdoutLine: {'line': b'-- Up-to-date: /home/jmj/pro_asp_ws/ws_px4_controls/install/px4_msgs/include/px4_msgs/px4_msgs/msg/vehicle_global_position.h\n'}
[0.773508] (px4_msgs) StdoutLine: {'line': b'-- Up-to-date: /home/jmj/pro_asp_ws/ws_px4_controls/install/px4_msgs/include/px4_msgs/px4_msgs/msg/ekf2_timestamps.h\n'}
[0.773542] (px4_msgs) StdoutLine: {'line': b'-- Up-to-date: /home/jmj/pro_asp_ws/ws_px4_controls/install/px4_msgs/include/px4_msgs/px4_msgs/msg/config_overrides.h\n'}
[0.773569] (px4_msgs) StdoutLine: {'line': b'-- Up-to-date: /home/jmj/pro_asp_ws/ws_px4_controls/install/px4_msgs/include/px4_msgs/px4_msgs/msg/register_ext_component_request.h\n'}
[0.773607] (px4_msgs) StdoutLine: {'line': b'-- Up-to-date: /home/jmj/pro_asp_ws/ws_px4_controls/install/px4_msgs/include/px4_msgs/px4_msgs/msg/magnetometer_bias_estimate.h\n'}
[0.773647] (px4_msgs) StdoutLine: {'line': b'-- Up-to-date: /home/jmj/pro_asp_ws/ws_px4_controls/install/px4_msgs/include/px4_msgs/px4_msgs/msg/internal_combustion_engine_control.h\n'}
[0.773687] (px4_msgs) StdoutLine: {'line': b'-- Up-to-date: /home/jmj/pro_asp_ws/ws_px4_controls/install/px4_msgs/include/px4_msgs/px4_msgs/msg/sensor_gyro_fifo.h\n'}
[0.773729] (px4_msgs) StdoutLine: {'line': b'-- Up-to-date: /home/jmj/pro_asp_ws/ws_px4_controls/install/px4_msgs/include/px4_msgs/px4_msgs/msg/camera_status.h\n'}
[0.773815] (px4_msgs) StdoutLine: {'line': b'-- Up-to-date: /home/jmj/pro_asp_ws/ws_px4_controls/install/px4_msgs/share/px4_msgs/environment/library_path.sh\n'}
[0.773854] (px4_msgs) StdoutLine: {'line': b'-- Up-to-date: /home/jmj/pro_asp_ws/ws_px4_controls/install/px4_msgs/share/px4_msgs/environment/library_path.dsv\n'}
[0.773880] (px4_msgs) StdoutLine: {'line': b'-- Up-to-date: /home/jmj/pro_asp_ws/ws_px4_controls/install/px4_msgs/lib/libpx4_msgs__rosidl_generator_c.so\n'}
[0.773906] (px4_msgs) StdoutLine: {'line': b'-- Up-to-date: /home/jmj/pro_asp_ws/ws_px4_controls/install/px4_msgs/include/px4_msgs/px4_msgs\n'}
[0.773934] (px4_msgs) StdoutLine: {'line': b'-- Up-to-date: /home/jmj/pro_asp_ws/ws_px4_controls/install/px4_msgs/include/px4_msgs/px4_msgs/srv\n'}
[0.773961] (px4_msgs) StdoutLine: {'line': b'-- Up-to-date: /home/jmj/pro_asp_ws/ws_px4_controls/install/px4_msgs/include/px4_msgs/px4_msgs/srv/detail\n'}
[0.773988] (px4_msgs) StdoutLine: {'line': b'-- Up-to-date: /home/jmj/pro_asp_ws/ws_px4_controls/install/px4_msgs/include/px4_msgs/px4_msgs/srv/detail/vehicle_command__rosidl_typesupport_fastrtps_c.h\n'}
[0.774033] (px4_msgs) StdoutLine: {'line': b'-- Up-to-date: /home/jmj/pro_asp_ws/ws_px4_controls/install/px4_msgs/include/px4_msgs/px4_msgs/msg\n'}
[0.774087] (px4_msgs) StdoutLine: {'line': b'-- Up-to-date: /home/jmj/pro_asp_ws/ws_px4_controls/install/px4_msgs/include/px4_msgs/px4_msgs/msg/detail\n'}
[0.774112] (px4_msgs) StdoutLine: {'line': b'-- Up-to-date: /home/jmj/pro_asp_ws/ws_px4_controls/install/px4_msgs/include/px4_msgs/px4_msgs/msg/detail/estimator_aid_source2d__rosidl_typesupport_fastrtps_c.h\n'}
[0.774155] (px4_msgs) StdoutLine: {'line': b'-- Up-to-date: /home/jmj/pro_asp_ws/ws_px4_controls/install/px4_msgs/include/px4_msgs/px4_msgs/msg/detail/offboard_control_mode__rosidl_typesupport_fastrtps_c.h\n'}
[0.774186] (px4_msgs) StdoutLine: {'line': b'-- Up-to-date: /home/jmj/pro_asp_ws/ws_px4_controls/install/px4_msgs/include/px4_msgs/px4_msgs/msg/detail/figure_eight_status__rosidl_typesupport_fastrtps_c.h\n'}
[0.774223] (px4_msgs) StdoutLine: {'line': b'-- Up-to-date: /home/jmj/pro_asp_ws/ws_px4_controls/install/px4_msgs/include/px4_msgs/px4_msgs/msg/detail/sensors_status__rosidl_typesupport_fastrtps_c.h\n'}
[0.774267] (px4_msgs) StdoutLine: {'line': b'-- Up-to-date: /home/jmj/pro_asp_ws/ws_px4_controls/install/px4_msgs/include/px4_msgs/px4_msgs/msg/detail/landing_target_innovations__rosidl_typesupport_fastrtps_c.h\n'}
[0.774305] (px4_msgs) StdoutLine: {'line': b'-- Up-to-date: /home/jmj/pro_asp_ws/ws_px4_controls/install/px4_msgs/include/px4_msgs/px4_msgs/msg/detail/rover_attitude_setpoint__rosidl_typesupport_fastrtps_c.h\n'}
[0.774341] (px4_msgs) StdoutLine: {'line': b'-- Up-to-date: /home/jmj/pro_asp_ws/ws_px4_controls/install/px4_msgs/include/px4_msgs/px4_msgs/msg/detail/adc_report__rosidl_typesupport_fastrtps_c.h\n'}
[0.774479] (px4_msgs) StdoutLine: {'line': b'-- Up-to-date: /home/jmj/pro_asp_ws/ws_px4_controls/install/px4_msgs/include/px4_msgs/px4_msgs/msg/detail/estimator_status__rosidl_typesupport_fastrtps_c.h\n'}
[0.774535] (px4_msgs) StdoutLine: {'line': b'-- Up-to-date: /home/jmj/pro_asp_ws/ws_px4_controls/install/px4_msgs/include/px4_msgs/px4_msgs/msg/detail/differential_pressure__rosidl_typesupport_fastrtps_c.h\n'}
[0.774566] (px4_msgs) StdoutLine: {'line': b'-- Up-to-date: /home/jmj/pro_asp_ws/ws_px4_controls/install/px4_msgs/include/px4_msgs/px4_msgs/msg/detail/camera_capture__rosidl_typesupport_fastrtps_c.h\n'}
[0.774610] (px4_msgs) StdoutLine: {'line': b'-- Up-to-date: /home/jmj/pro_asp_ws/ws_px4_controls/install/px4_msgs/include/px4_msgs/px4_msgs/msg/detail/rtl_time_estimate__rosidl_typesupport_fastrtps_c.h\n'}
[0.774638] (px4_msgs) StdoutLine: {'line': b'-- Up-to-date: /home/jmj/pro_asp_ws/ws_px4_controls/install/px4_msgs/include/px4_msgs/px4_msgs/msg/detail/open_drone_id_arm_status__rosidl_typesupport_fastrtps_c.h\n'}
[0.774664] (px4_msgs) StdoutLine: {'line': b'-- Up-to-date: /home/jmj/pro_asp_ws/ws_px4_controls/install/px4_msgs/include/px4_msgs/px4_msgs/msg/detail/parameter_set_value_request__rosidl_typesupport_fastrtps_c.h\n'}
[0.774689] (px4_msgs) StdoutLine: {'line': b'-- Up-to-date: /home/jmj/pro_asp_ws/ws_px4_controls/install/px4_msgs/include/px4_msgs/px4_msgs/msg/detail/navigator_mission_item__rosidl_typesupport_fastrtps_c.h\n'}
[0.774714] (px4_msgs) StdoutLine: {'line': b'-- Up-to-date: /home/jmj/pro_asp_ws/ws_px4_controls/install/px4_msgs/include/px4_msgs/px4_msgs/msg/detail/vehicle_air_data__rosidl_typesupport_fastrtps_c.h\n'}
[0.774738] (px4_msgs) StdoutLine: {'line': b'-- Up-to-date: /home/jmj/pro_asp_ws/ws_px4_controls/install/px4_msgs/include/px4_msgs/px4_msgs/msg/detail/pwm_input__rosidl_typesupport_fastrtps_c.h\n'}
[0.774800] (px4_msgs) StdoutLine: {'line': b'-- Up-to-date: /home/jmj/pro_asp_ws/ws_px4_controls/install/px4_msgs/include/px4_msgs/px4_msgs/msg/detail/mission_result__rosidl_typesupport_fastrtps_c.h\n'}
[0.774888] (px4_msgs) StdoutLine: {'line': b'-- Up-to-date: /home/jmj/pro_asp_ws/ws_px4_controls/install/px4_msgs/include/px4_msgs/px4_msgs/msg/detail/orb_test_large__rosidl_typesupport_fastrtps_c.h\n'}
[0.774926] (px4_msgs) StdoutLine: {'line': b'-- Up-to-date: /home/jmj/pro_asp_ws/ws_px4_controls/install/px4_msgs/include/px4_msgs/px4_msgs/msg/detail/estimator_bias3d__rosidl_typesupport_fastrtps_c.h\n'}
[0.774958] (px4_msgs) StdoutLine: {'line': b'-- Up-to-date: /home/jmj/pro_asp_ws/ws_px4_controls/install/px4_msgs/include/px4_msgs/px4_msgs/msg/detail/vehicle_constraints__rosidl_typesupport_fastrtps_c.h\n'}
[0.774989] (px4_msgs) StdoutLine: {'line': b'-- Up-to-date: /home/jmj/pro_asp_ws/ws_px4_controls/install/px4_msgs/include/px4_msgs/px4_msgs/msg/detail/sensor_optical_flow__rosidl_typesupport_fastrtps_c.h\n'}
[0.775020] (px4_msgs) StdoutLine: {'line': b'-- Up-to-date: /home/jmj/pro_asp_ws/ws_px4_controls/install/px4_msgs/include/px4_msgs/px4_msgs/msg/detail/rc_channels__rosidl_typesupport_fastrtps_c.h\n'}
[0.775068] (px4_msgs) StdoutLine: {'line': b'-- Up-to-date: /home/jmj/pro_asp_ws/ws_px4_controls/install/px4_msgs/include/px4_msgs/px4_msgs/msg/detail/geofence_result__rosidl_typesupport_fastrtps_c.h\n'}
[0.775166] (px4_msgs) StdoutLine: {'line': b'-- Up-to-date: /home/jmj/pro_asp_ws/ws_px4_controls/install/px4_msgs/include/px4_msgs/px4_msgs/msg/detail/power_button_state__rosidl_typesupport_fastrtps_c.h\n'}
[0.775203] (px4_msgs) StdoutLine: {'line': b'-- Up-to-date: /home/jmj/pro_asp_ws/ws_px4_controls/install/px4_msgs/include/px4_msgs/px4_msgs/msg/detail/gimbal_manager_set_attitude__rosidl_typesupport_fastrtps_c.h\n'}
[0.775231] (px4_msgs) StdoutLine: {'line': b'-- Up-to-date: /home/jmj/pro_asp_ws/ws_px4_controls/install/px4_msgs/include/px4_msgs/px4_msgs/msg/detail/logger_status__rosidl_typesupport_fastrtps_c.h\n'}
[0.775270] (px4_msgs) StdoutLine: {'line': b'-- Up-to-date: /home/jmj/pro_asp_ws/ws_px4_controls/install/px4_msgs/include/px4_msgs/px4_msgs/msg/detail/vehicle_odometry__rosidl_typesupport_fastrtps_c.h\n'}
[0.775309] (px4_msgs) StdoutLine: {'line': b'-- Up-to-date: /home/jmj/pro_asp_ws/ws_px4_controls/install/px4_msgs/include/px4_msgs/px4_msgs/msg/detail/gpio_in__rosidl_typesupport_fastrtps_c.h\n'}
[0.775353] (px4_msgs) StdoutLine: {'line': b'-- Up-to-date: /home/jmj/pro_asp_ws/ws_px4_controls/install/px4_msgs/include/px4_msgs/px4_msgs/msg/detail/vehicle_command__rosidl_typesupport_fastrtps_c.h\n'}
[0.775411] (px4_msgs) StdoutLine: {'line': b'-- Up-to-date: /home/jmj/pro_asp_ws/ws_px4_controls/install/px4_msgs/include/px4_msgs/px4_msgs/msg/detail/orbit_status__rosidl_typesupport_fastrtps_c.h\n'}
[0.775438] (px4_msgs) StdoutLine: {'line': b'-- Up-to-date: /home/jmj/pro_asp_ws/ws_px4_controls/install/px4_msgs/include/px4_msgs/px4_msgs/msg/detail/vehicle_optical_flow_vel__rosidl_typesupport_fastrtps_c.h\n'}
[0.775467] (px4_msgs) StdoutLine: {'line': b'-- Up-to-date: /home/jmj/pro_asp_ws/ws_px4_controls/install/px4_msgs/include/px4_msgs/px4_msgs/msg/detail/gimbal_device_information__rosidl_typesupport_fastrtps_c.h\n'}
[0.775579] (px4_msgs) StdoutLine: {'line': b'-- Up-to-date: /home/jmj/pro_asp_ws/ws_px4_controls/install/px4_msgs/include/px4_msgs/px4_msgs/msg/detail/estimator_bias__rosidl_typesupport_fastrtps_c.h\n'}
[0.775661] (px4_msgs) StdoutLine: {'line': b'-- Up-to-date: /home/jmj/pro_asp_ws/ws_px4_controls/install/px4_msgs/include/px4_msgs/px4_msgs/msg/detail/rtl_status__rosidl_typesupport_fastrtps_c.h\n'}
[0.775687] (px4_msgs) StdoutLine: {'line': b'-- Up-to-date: /home/jmj/pro_asp_ws/ws_px4_controls/install/px4_msgs/include/px4_msgs/px4_msgs/msg/detail/orb_test__rosidl_typesupport_fastrtps_c.h\n'}
[0.775739] (px4_msgs) StdoutLine: {'line': b'-- Up-to-date: /home/jmj/pro_asp_ws/ws_px4_controls/install/px4_msgs/include/px4_msgs/px4_msgs/msg/detail/gpio_request__rosidl_typesupport_fastrtps_c.h\n'}
[0.775772] (px4_msgs) StdoutLine: {'line': b'-- Up-to-date: /home/jmj/pro_asp_ws/ws_px4_controls/install/px4_msgs/include/px4_msgs/px4_msgs/msg/detail/home_position__rosidl_typesupport_fastrtps_c.h\n'}
[0.775802] (px4_msgs) StdoutLine: {'line': b'-- Up-to-date: /home/jmj/pro_asp_ws/ws_px4_controls/install/px4_msgs/include/px4_msgs/px4_msgs/msg/detail/heater_status__rosidl_typesupport_fastrtps_c.h\n'}
[0.775828] (px4_msgs) StdoutLine: {'line': b'-- Up-to-date: /home/jmj/pro_asp_ws/ws_px4_controls/install/px4_msgs/include/px4_msgs/px4_msgs/msg/detail/actuator_servos_trim__rosidl_typesupport_fastrtps_c.h\n'}
[0.775855] (px4_msgs) StdoutLine: {'line': b'-- Up-to-date: /home/jmj/pro_asp_ws/ws_px4_controls/install/px4_msgs/include/px4_msgs/px4_msgs/msg/detail/mavlink_log__rosidl_typesupport_fastrtps_c.h\n'}
[0.775880] (px4_msgs) StdoutLine: {'line': b'-- Up-to-date: /home/jmj/pro_asp_ws/ws_px4_controls/install/px4_msgs/include/px4_msgs/px4_msgs/msg/detail/timesync_status__rosidl_typesupport_fastrtps_c.h\n'}
[0.775953] (px4_msgs) StdoutLine: {'line': b'-- Up-to-date: /home/jmj/pro_asp_ws/ws_px4_controls/install/px4_msgs/include/px4_msgs/px4_msgs/msg/detail/generator_status__rosidl_typesupport_fastrtps_c.h\n'}
[0.776043] (px4_msgs) StdoutLine: {'line': b'-- Up-to-date: /home/jmj/pro_asp_ws/ws_px4_controls/install/px4_msgs/include/px4_msgs/px4_msgs/msg/detail/rover_attitude_status__rosidl_typesupport_fastrtps_c.h\n'}
[0.776069] (px4_msgs) StdoutLine: {'line': b'-- Up-to-date: /home/jmj/pro_asp_ws/ws_px4_controls/install/px4_msgs/include/px4_msgs/px4_msgs/msg/detail/gimbal_controls__rosidl_typesupport_fastrtps_c.h\n'}
[0.776094] (px4_msgs) StdoutLine: {'line': b'-- Up-to-date: /home/jmj/pro_asp_ws/ws_px4_controls/install/px4_msgs/include/px4_msgs/px4_msgs/msg/detail/iridiumsbd_status__rosidl_typesupport_fastrtps_c.h\n'}
[0.776119] (px4_msgs) StdoutLine: {'line': b'-- Up-to-date: /home/jmj/pro_asp_ws/ws_px4_controls/install/px4_msgs/include/px4_msgs/px4_msgs/msg/detail/open_drone_id_self_id__rosidl_typesupport_fastrtps_c.h\n'}
[0.776180] (px4_msgs) StdoutLine: {'line': b'-- Up-to-date: /home/jmj/pro_asp_ws/ws_px4_controls/install/px4_msgs/include/px4_msgs/px4_msgs/msg/detail/pure_pursuit_status__rosidl_typesupport_fastrtps_c.h\n'}
[0.776207] (px4_msgs) StdoutLine: {'line': b'-- Up-to-date: /home/jmj/pro_asp_ws/ws_px4_controls/install/px4_msgs/include/px4_msgs/px4_msgs/msg/detail/position_setpoint__rosidl_typesupport_fastrtps_c.h\n'}
[0.776231] (px4_msgs) StdoutLine: {'line': b'-- Up-to-date: /home/jmj/pro_asp_ws/ws_px4_controls/install/px4_msgs/include/px4_msgs/px4_msgs/msg/detail/rate_ctrl_status__rosidl_typesupport_fastrtps_c.h\n'}
[0.776256] (px4_msgs) StdoutLine: {'line': b'-- Up-to-date: /home/jmj/pro_asp_ws/ws_px4_controls/install/px4_msgs/include/px4_msgs/px4_msgs/msg/detail/position_controller_landing_status__rosidl_typesupport_fastrtps_c.h\n'}
[0.776304] (px4_msgs) StdoutLine: {'line': b'-- Up-to-date: /home/jmj/pro_asp_ws/ws_px4_controls/install/px4_msgs/include/px4_msgs/px4_msgs/msg/detail/goto_setpoint__rosidl_typesupport_fastrtps_c.h\n'}
[0.776371] (px4_msgs) StdoutLine: {'line': b'-- Up-to-date: /home/jmj/pro_asp_ws/ws_px4_controls/install/px4_msgs/include/px4_msgs/px4_msgs/msg/detail/failsafe_flags__rosidl_typesupport_fastrtps_c.h\n'}
[0.776402] (px4_msgs) StdoutLine: {'line': b'-- Up-to-date: /home/jmj/pro_asp_ws/ws_px4_controls/install/px4_msgs/include/px4_msgs/px4_msgs/msg/detail/sensor_selection__rosidl_typesupport_fastrtps_c.h\n'}
[0.776430] (px4_msgs) StdoutLine: {'line': b'-- Up-to-date: /home/jmj/pro_asp_ws/ws_px4_controls/install/px4_msgs/include/px4_msgs/px4_msgs/msg/detail/sensor_mag__rosidl_typesupport_fastrtps_c.h\n'}
[0.776458] (px4_msgs) StdoutLine: {'line': b'-- Up-to-date: /home/jmj/pro_asp_ws/ws_px4_controls/install/px4_msgs/include/px4_msgs/px4_msgs/msg/detail/longitudinal_control_configuration__rosidl_typesupport_fastrtps_c.h\n'}
[0.776484] (px4_msgs) StdoutLine: {'line': b'-- Up-to-date: /home/jmj/pro_asp_ws/ws_px4_controls/install/px4_msgs/include/px4_msgs/px4_msgs/msg/detail/gimbal_device_set_attitude__rosidl_typesupport_fastrtps_c.h\n'}
[0.776509] (px4_msgs) StdoutLine: {'line': b'-- Up-to-date: /home/jmj/pro_asp_ws/ws_px4_controls/install/px4_msgs/include/px4_msgs/px4_msgs/msg/detail/mag_worker_data__rosidl_typesupport_fastrtps_c.h\n'}
[0.776534] (px4_msgs) StdoutLine: {'line': b'-- Up-to-date: /home/jmj/pro_asp_ws/ws_px4_controls/install/px4_msgs/include/px4_msgs/px4_msgs/msg/detail/vehicle_magnetometer__rosidl_typesupport_fastrtps_c.h\n'}
[0.776559] (px4_msgs) StdoutLine: {'line': b'-- Up-to-date: /home/jmj/pro_asp_ws/ws_px4_controls/install/px4_msgs/include/px4_msgs/px4_msgs/msg/detail/debug_array__rosidl_typesupport_fastrtps_c.h\n'}
[0.776709] (px4_msgs) StdoutLine: {'line': b'-- Up-to-date: /home/jmj/pro_asp_ws/ws_px4_controls/install/px4_msgs/include/px4_msgs/px4_msgs/msg/detail/debug_value__rosidl_typesupport_fastrtps_c.h\n'}
[0.776777] (px4_msgs) StdoutLine: {'line': b'-- Up-to-date: /home/jmj/pro_asp_ws/ws_px4_controls/install/px4_msgs/include/px4_msgs/px4_msgs/msg/detail/ulog_stream__rosidl_typesupport_fastrtps_c.h\n'}
[0.776813] (px4_msgs) StdoutLine: {'line': b'-- Up-to-date: /home/jmj/pro_asp_ws/ws_px4_controls/install/px4_msgs/include/px4_msgs/px4_msgs/msg/detail/manual_control_switches__rosidl_typesupport_fastrtps_c.h\n'}
[0.776870] (px4_msgs) StdoutLine: {'line': b'-- Up-to-date: /home/jmj/pro_asp_ws/ws_px4_controls/install/px4_msgs/include/px4_msgs/px4_msgs/msg/detail/sensor_gyro_fifo__rosidl_typesupport_fastrtps_c.h\n'}
[0.776898] (px4_msgs) StdoutLine: {'line': b'-- Up-to-date: /home/jmj/pro_asp_ws/ws_px4_controls/install/px4_msgs/include/px4_msgs/px4_msgs/msg/detail/gps_inject_data__rosidl_typesupport_fastrtps_c.h\n'}
[0.776923] (px4_msgs) StdoutLine: {'line': b'-- Up-to-date: /home/jmj/pro_asp_ws/ws_px4_controls/install/px4_msgs/include/px4_msgs/px4_msgs/msg/detail/sensor_correction__rosidl_typesupport_fastrtps_c.h\n'}
[0.776973] (px4_msgs) StdoutLine: {'line': b'-- Up-to-date: /home/jmj/pro_asp_ws/ws_px4_controls/install/px4_msgs/include/px4_msgs/px4_msgs/msg/detail/wheel_encoders__rosidl_typesupport_fastrtps_c.h\n'}
[0.776998] (px4_msgs) StdoutLine: {'line': b'-- Up-to-date: /home/jmj/pro_asp_ws/ws_px4_controls/install/px4_msgs/include/px4_msgs/px4_msgs/msg/detail/follow_target__rosidl_typesupport_fastrtps_c.h\n'}
[0.777026] (px4_msgs) StdoutLine: {'line': b'-- Up-to-date: /home/jmj/pro_asp_ws/ws_px4_controls/install/px4_msgs/include/px4_msgs/px4_msgs/msg/detail/vehicle_global_position__rosidl_typesupport_fastrtps_c.h\n'}
[0.777056] (px4_msgs) StdoutLine: {'line': b'-- Up-to-date: /home/jmj/pro_asp_ws/ws_px4_controls/install/px4_msgs/include/px4_msgs/px4_msgs/msg/detail/vehicle_torque_setpoint__rosidl_typesupport_fastrtps_c.h\n'}
[0.777084] (px4_msgs) StdoutLine: {'line': b'-- Up-to-date: /home/jmj/pro_asp_ws/ws_px4_controls/install/px4_msgs/include/px4_msgs/px4_msgs/msg/detail/dataman_response__rosidl_typesupport_fastrtps_c.h\n'}
[0.777112] (px4_msgs) StdoutLine: {'line': b'-- Up-to-date: /home/jmj/pro_asp_ws/ws_px4_controls/install/px4_msgs/include/px4_msgs/px4_msgs/msg/detail/fuel_tank_status__rosidl_typesupport_fastrtps_c.h\n'}
[0.777140] (px4_msgs) StdoutLine: {'line': b'-- Up-to-date: /home/jmj/pro_asp_ws/ws_px4_controls/install/px4_msgs/include/px4_msgs/px4_msgs/msg/detail/follow_target_estimator__rosidl_typesupport_fastrtps_c.h\n'}
[0.777165] (px4_msgs) StdoutLine: {'line': b'-- Up-to-date: /home/jmj/pro_asp_ws/ws_px4_controls/install/px4_msgs/include/px4_msgs/px4_msgs/msg/detail/gimbal_manager_information__rosidl_typesupport_fastrtps_c.h\n'}
[0.777190] (px4_msgs) StdoutLine: {'line': b'-- Up-to-date: /home/jmj/pro_asp_ws/ws_px4_controls/install/px4_msgs/include/px4_msgs/px4_msgs/msg/detail/estimator_aid_source1d__rosidl_typesupport_fastrtps_c.h\n'}
[0.777216] (px4_msgs) StdoutLine: {'line': b'-- Up-to-date: /home/jmj/pro_asp_ws/ws_px4_controls/install/px4_msgs/include/px4_msgs/px4_msgs/msg/detail/config_overrides__rosidl_typesupport_fastrtps_c.h\n'}
[0.777241] (px4_msgs) StdoutLine: {'line': b'-- Up-to-date: /home/jmj/pro_asp_ws/ws_px4_controls/install/px4_msgs/include/px4_msgs/px4_msgs/msg/detail/tiltrotor_extra_controls__rosidl_typesupport_fastrtps_c.h\n'}
[0.777266] (px4_msgs) StdoutLine: {'line': b'-- Up-to-date: /home/jmj/pro_asp_ws/ws_px4_controls/install/px4_msgs/include/px4_msgs/px4_msgs/msg/detail/esc_status__rosidl_typesupport_fastrtps_c.h\n'}
[0.777290] (px4_msgs) StdoutLine: {'line': b'-- Up-to-date: /home/jmj/pro_asp_ws/ws_px4_controls/install/px4_msgs/include/px4_msgs/px4_msgs/msg/detail/autotune_attitude_control_status__rosidl_typesupport_fastrtps_c.h\n'}
[0.777314] (px4_msgs) StdoutLine: {'line': b'-- Up-to-date: /home/jmj/pro_asp_ws/ws_px4_controls/install/px4_msgs/include/px4_msgs/px4_msgs/msg/detail/trajectory_setpoint6dof__rosidl_typesupport_fastrtps_c.h\n'}
[0.777338] (px4_msgs) StdoutLine: {'line': b'-- Up-to-date: /home/jmj/pro_asp_ws/ws_px4_controls/install/px4_msgs/include/px4_msgs/px4_msgs/msg/detail/estimator_aid_source3d__rosidl_typesupport_fastrtps_c.h\n'}
[0.777362] (px4_msgs) StdoutLine: {'line': b'-- Up-to-date: /home/jmj/pro_asp_ws/ws_px4_controls/install/px4_msgs/include/px4_msgs/px4_msgs/msg/detail/ekf2_timestamps__rosidl_typesupport_fastrtps_c.h\n'}
[0.777387] (px4_msgs) StdoutLine: {'line': b'-- Up-to-date: /home/jmj/pro_asp_ws/ws_px4_controls/install/px4_msgs/include/px4_msgs/px4_msgs/msg/detail/landing_gear_wheel__rosidl_typesupport_fastrtps_c.h\n'}
[0.777665] (px4_msgs) StdoutLine: {'line': b'-- Up-to-date: /home/jmj/pro_asp_ws/ws_px4_controls/install/px4_msgs/include/px4_msgs/px4_msgs/msg/detail/sensor_gps__rosidl_typesupport_fastrtps_c.h\n'}
[0.777708] (px4_msgs) StdoutLine: {'line': b'-- Up-to-date: /home/jmj/pro_asp_ws/ws_px4_controls/install/px4_msgs/include/px4_msgs/px4_msgs/msg/detail/ulog_stream_ack__rosidl_typesupport_fastrtps_c.h\n'}
[0.777775] (px4_msgs) StdoutLine: {'line': b'-- Up-to-date: /home/jmj/pro_asp_ws/ws_px4_controls/install/px4_msgs/include/px4_msgs/px4_msgs/msg/detail/airspeed_wind__rosidl_typesupport_fastrtps_c.h\n'}
[0.777898] (px4_msgs) StdoutLine: {'line': b'-- Up-to-date: /home/jmj/pro_asp_ws/ws_px4_controls/install/px4_msgs/include/px4_msgs/px4_msgs/msg/detail/can_interface_status__rosidl_typesupport_fastrtps_c.h\n'}
[0.777931] (px4_msgs) StdoutLine: {'line': b'-- Up-to-date: /home/jmj/pro_asp_ws/ws_px4_controls/install/px4_msgs/include/px4_msgs/px4_msgs/msg/detail/transponder_report__rosidl_typesupport_fastrtps_c.h\n'}
[0.777958] (px4_msgs) StdoutLine: {'line': b'-- Up-to-date: /home/jmj/pro_asp_ws/ws_px4_controls/install/px4_msgs/include/px4_msgs/px4_msgs/msg/detail/parameter_update__rosidl_typesupport_fastrtps_c.h\n'}
[0.777985] (px4_msgs) StdoutLine: {'line': b'-- Up-to-date: /home/jmj/pro_asp_ws/ws_px4_controls/install/px4_msgs/include/px4_msgs/px4_msgs/msg/detail/manual_control_setpoint__rosidl_typesupport_fastrtps_c.h\n'}
[0.778011] (px4_msgs) StdoutLine: {'line': b'-- Up-to-date: /home/jmj/pro_asp_ws/ws_px4_controls/install/px4_msgs/include/px4_msgs/px4_msgs/msg/detail/esc_report__rosidl_typesupport_fastrtps_c.h\n'}
[0.778037] (px4_msgs) StdoutLine: {'line': b'-- Up-to-date: /home/jmj/pro_asp_ws/ws_px4_controls/install/px4_msgs/include/px4_msgs/px4_msgs/msg/detail/control_allocator_status__rosidl_typesupport_fastrtps_c.h\n'}
[0.778076] (px4_msgs) StdoutLine: {'line': b'-- Up-to-date: /home/jmj/pro_asp_ws/ws_px4_controls/install/px4_msgs/include/px4_msgs/px4_msgs/msg/detail/fixed_wing_runway_control__rosidl_typesupport_fastrtps_c.h\n'}
[0.778105] (px4_msgs) StdoutLine: {'line': b'-- Up-to-date: /home/jmj/pro_asp_ws/ws_px4_controls/install/px4_msgs/include/px4_msgs/px4_msgs/msg/detail/debug_vect__rosidl_typesupport_fastrtps_c.h\n'}
[0.778132] (px4_msgs) StdoutLine: {'line': b'-- Up-to-date: /home/jmj/pro_asp_ws/ws_px4_controls/install/px4_msgs/include/px4_msgs/px4_msgs/msg/detail/vehicle_local_position__rosidl_typesupport_fastrtps_c.h\n'}
[0.778159] (px4_msgs) StdoutLine: {'line': b'-- Up-to-date: /home/jmj/pro_asp_ws/ws_px4_controls/install/px4_msgs/include/px4_msgs/px4_msgs/msg/detail/rover_velocity_setpoint__rosidl_typesupport_fastrtps_c.h\n'}
[0.778185] (px4_msgs) StdoutLine: {'line': b'-- Up-to-date: /home/jmj/pro_asp_ws/ws_px4_controls/install/px4_msgs/include/px4_msgs/px4_msgs/msg/detail/estimator_selector_status__rosidl_typesupport_fastrtps_c.h\n'}
[0.778210] (px4_msgs) StdoutLine: {'line': b'-- Up-to-date: /home/jmj/pro_asp_ws/ws_px4_controls/install/px4_msgs/include/px4_msgs/px4_msgs/msg/detail/event__rosidl_typesupport_fastrtps_c.h\n'}
[0.778235] (px4_msgs) StdoutLine: {'line': b'-- Up-to-date: /home/jmj/pro_asp_ws/ws_px4_controls/install/px4_msgs/include/px4_msgs/px4_msgs/msg/detail/qshell_req__rosidl_typesupport_fastrtps_c.h\n'}
[0.778260] (px4_msgs) StdoutLine: {'line': b'-- Up-to-date: /home/jmj/pro_asp_ws/ws_px4_controls/install/px4_msgs/include/px4_msgs/px4_msgs/msg/detail/debug_key_value__rosidl_typesupport_fastrtps_c.h\n'}
[0.778285] (px4_msgs) StdoutLine: {'line': b'-- Up-to-date: /home/jmj/pro_asp_ws/ws_px4_controls/install/px4_msgs/include/px4_msgs/px4_msgs/msg/detail/power_monitor__rosidl_typesupport_fastrtps_c.h\n'}
[0.778310] (px4_msgs) StdoutLine: {'line': b'-- Up-to-date: /home/jmj/pro_asp_ws/ws_px4_controls/install/px4_msgs/include/px4_msgs/px4_msgs/msg/detail/dataman_request__rosidl_typesupport_fastrtps_c.h\n'}
[0.778336] (px4_msgs) StdoutLine: {'line': b'-- Up-to-date: /home/jmj/pro_asp_ws/ws_px4_controls/install/px4_msgs/include/px4_msgs/px4_msgs/msg/detail/vehicle_control_mode__rosidl_typesupport_fastrtps_c.h\n'}
[0.778423] (px4_msgs) StdoutLine: {'line': b'-- Up-to-date: /home/jmj/pro_asp_ws/ws_px4_controls/install/px4_msgs/include/px4_msgs/px4_msgs/msg/detail/battery_status__rosidl_typesupport_fastrtps_c.h\n'}
[0.778752] (px4_msgs) StdoutLine: {'line': b'-- Up-to-date: /home/jmj/pro_asp_ws/ws_px4_controls/install/px4_msgs/include/px4_msgs/px4_msgs/msg/detail/vehicle_angular_acceleration_setpoint__rosidl_typesupport_fastrtps_c.h\n'}
[0.778868] (px4_msgs) StdoutLine: {'line': b'-- Up-to-date: /home/jmj/pro_asp_ws/ws_px4_controls/install/px4_msgs/include/px4_msgs/px4_msgs/msg/detail/camera_trigger__rosidl_typesupport_fastrtps_c.h\n'}
[0.778917] (px4_msgs) StdoutLine: {'line': b'-- Up-to-date: /home/jmj/pro_asp_ws/ws_px4_controls/install/px4_msgs/include/px4_msgs/px4_msgs/msg/detail/action_request__rosidl_typesupport_fastrtps_c.h\n'}
[0.778950] (px4_msgs) StdoutLine: {'line': b'-- Up-to-date: /home/jmj/pro_asp_ws/ws_px4_controls/install/px4_msgs/include/px4_msgs/px4_msgs/msg/detail/sensor_baro__rosidl_typesupport_fastrtps_c.h\n'}
[0.778990] (px4_msgs) StdoutLine: {'line': b'-- Up-to-date: /home/jmj/pro_asp_ws/ws_px4_controls/install/px4_msgs/include/px4_msgs/px4_msgs/msg/detail/pps_capture__rosidl_typesupport_fastrtps_c.h\n'}
[0.779023] (px4_msgs) StdoutLine: {'line': b'-- Up-to-date: /home/jmj/pro_asp_ws/ws_px4_controls/install/px4_msgs/include/px4_msgs/px4_msgs/msg/detail/rover_position_setpoint__rosidl_typesupport_fastrtps_c.h\n'}
[0.779080] (px4_msgs) StdoutLine: {'line': b'-- Up-to-date: /home/jmj/pro_asp_ws/ws_px4_controls/install/px4_msgs/include/px4_msgs/px4_msgs/msg/detail/vehicle_acceleration__rosidl_typesupport_fastrtps_c.h\n'}
[0.779117] (px4_msgs) StdoutLine: {'line': b'-- Up-to-date: /home/jmj/pro_asp_ws/ws_px4_controls/install/px4_msgs/include/px4_msgs/px4_msgs/msg/detail/gimbal_manager_set_manual_control__rosidl_typesupport_fastrtps_c.h\n'}
[0.779169] (px4_msgs) StdoutLine: {'line': b'-- Up-to-date: /home/jmj/pro_asp_ws/ws_px4_controls/install/px4_msgs/include/px4_msgs/px4_msgs/msg/detail/gimbal_manager_status__rosidl_typesupport_fastrtps_c.h\n'}
[0.779195] (px4_msgs) StdoutLine: {'line': b'-- Up-to-date: /home/jmj/pro_asp_ws/ws_px4_controls/install/px4_msgs/include/px4_msgs/px4_msgs/msg/detail/rover_rate_setpoint__rosidl_typesupport_fastrtps_c.h\n'}
[0.779218] (px4_msgs) StdoutLine: {'line': b'-- Up-to-date: /home/jmj/pro_asp_ws/ws_px4_controls/install/px4_msgs/include/px4_msgs/px4_msgs/msg/detail/distance_sensor_mode_change_request__rosidl_typesupport_fastrtps_c.h\n'}
[0.779241] (px4_msgs) StdoutLine: {'line': b'-- Up-to-date: /home/jmj/pro_asp_ws/ws_px4_controls/install/px4_msgs/include/px4_msgs/px4_msgs/msg/detail/mavlink_tunnel__rosidl_typesupport_fastrtps_c.h\n'}
[0.779264] (px4_msgs) StdoutLine: {'line': b'-- Up-to-date: /home/jmj/pro_asp_ws/ws_px4_controls/install/px4_msgs/include/px4_msgs/px4_msgs/msg/detail/position_controller_status__rosidl_typesupport_fastrtps_c.h\n'}
[0.779285] (px4_msgs) StdoutLine: {'line': b'-- Up-to-date: /home/jmj/pro_asp_ws/ws_px4_controls/install/px4_msgs/include/px4_msgs/px4_msgs/msg/detail/camera_status__rosidl_typesupport_fastrtps_c.h\n'}
[0.779306] (px4_msgs) StdoutLine: {'line': b'-- Up-to-date: /home/jmj/pro_asp_ws/ws_px4_controls/install/px4_msgs/include/px4_msgs/px4_msgs/msg/detail/telemetry_status__rosidl_typesupport_fastrtps_c.h\n'}
[0.779328] (px4_msgs) StdoutLine: {'line': b'-- Up-to-date: /home/jmj/pro_asp_ws/ws_px4_controls/install/px4_msgs/include/px4_msgs/px4_msgs/msg/detail/sensor_accel_fifo__rosidl_typesupport_fastrtps_c.h\n'}
[0.779349] (px4_msgs) StdoutLine: {'line': b'-- Up-to-date: /home/jmj/pro_asp_ws/ws_px4_controls/install/px4_msgs/include/px4_msgs/px4_msgs/msg/detail/arming_check_request__rosidl_typesupport_fastrtps_c.h\n'}
[0.779370] (px4_msgs) StdoutLine: {'line': b'-- Up-to-date: /home/jmj/pro_asp_ws/ws_px4_controls/install/px4_msgs/include/px4_msgs/px4_msgs/msg/detail/obstacle_distance__rosidl_typesupport_fastrtps_c.h\n'}
[0.779393] (px4_msgs) StdoutLine: {'line': b'-- Up-to-date: /home/jmj/pro_asp_ws/ws_px4_controls/install/px4_msgs/include/px4_msgs/px4_msgs/msg/detail/tune_control__rosidl_typesupport_fastrtps_c.h\n'}
[0.779415] (px4_msgs) StdoutLine: {'line': b'-- Up-to-date: /home/jmj/pro_asp_ws/ws_px4_controls/install/px4_msgs/include/px4_msgs/px4_msgs/msg/detail/lateral_control_configuration__rosidl_typesupport_fastrtps_c.h\n'}
[0.779437] (px4_msgs) StdoutLine: {'line': b'-- Up-to-date: /home/jmj/pro_asp_ws/ws_px4_controls/install/px4_msgs/include/px4_msgs/px4_msgs/msg/detail/uavcan_parameter_request__rosidl_typesupport_fastrtps_c.h\n'}
[0.779458] (px4_msgs) StdoutLine: {'line': b'-- Up-to-date: /home/jmj/pro_asp_ws/ws_px4_controls/install/px4_msgs/include/px4_msgs/px4_msgs/msg/detail/irlock_report__rosidl_typesupport_fastrtps_c.h\n'}
[0.779479] (px4_msgs) StdoutLine: {'line': b'-- Up-to-date: /home/jmj/pro_asp_ws/ws_px4_controls/install/px4_msgs/include/px4_msgs/px4_msgs/msg/detail/cellular_status__rosidl_typesupport_fastrtps_c.h\n'}
[0.779500] (px4_msgs) StdoutLine: {'line': b'-- Up-to-date: /home/jmj/pro_asp_ws/ws_px4_controls/install/px4_msgs/include/px4_msgs/px4_msgs/msg/detail/velocity_limits__rosidl_typesupport_fastrtps_c.h\n'}
[0.779522] (px4_msgs) StdoutLine: {'line': b'-- Up-to-date: /home/jmj/pro_asp_ws/ws_px4_controls/install/px4_msgs/include/px4_msgs/px4_msgs/msg/detail/gimbal_device_attitude_status__rosidl_typesupport_fastrtps_c.h\n'}
[0.779543] (px4_msgs) StdoutLine: {'line': b'-- Up-to-date: /home/jmj/pro_asp_ws/ws_px4_controls/install/px4_msgs/include/px4_msgs/px4_msgs/msg/detail/vehicle_land_detected__rosidl_typesupport_fastrtps_c.h\n'}
[0.779564] (px4_msgs) StdoutLine: {'line': b'-- Up-to-date: /home/jmj/pro_asp_ws/ws_px4_controls/install/px4_msgs/include/px4_msgs/px4_msgs/msg/detail/vehicle_attitude_setpoint__rosidl_typesupport_fastrtps_c.h\n'}
[0.779585] (px4_msgs) StdoutLine: {'line': b'-- Up-to-date: /home/jmj/pro_asp_ws/ws_px4_controls/install/px4_msgs/include/px4_msgs/px4_msgs/msg/detail/internal_combustion_engine_status__rosidl_typesupport_fastrtps_c.h\n'}
[0.779606] (px4_msgs) StdoutLine: {'line': b'-- Up-to-date: /home/jmj/pro_asp_ws/ws_px4_controls/install/px4_msgs/include/px4_msgs/px4_msgs/msg/detail/led_control__rosidl_typesupport_fastrtps_c.h\n'}
[0.779627] (px4_msgs) StdoutLine: {'line': b'-- Up-to-date: /home/jmj/pro_asp_ws/ws_px4_controls/install/px4_msgs/include/px4_msgs/px4_msgs/msg/detail/radio_status__rosidl_typesupport_fastrtps_c.h\n'}
[0.779650] (px4_msgs) StdoutLine: {'line': b'-- Up-to-date: /home/jmj/pro_asp_ws/ws_px4_controls/install/px4_msgs/include/px4_msgs/px4_msgs/msg/detail/rpm__rosidl_typesupport_fastrtps_c.h\n'}
[0.779671] (px4_msgs) StdoutLine: {'line': b'-- Up-to-date: /home/jmj/pro_asp_ws/ws_px4_controls/install/px4_msgs/include/px4_msgs/px4_msgs/msg/detail/magnetometer_bias_estimate__rosidl_typesupport_fastrtps_c.h\n'}
[0.779693] (px4_msgs) StdoutLine: {'line': b'-- Up-to-date: /home/jmj/pro_asp_ws/ws_px4_controls/install/px4_msgs/include/px4_msgs/px4_msgs/msg/detail/airspeed__rosidl_typesupport_fastrtps_c.h\n'}
[0.779718] (px4_msgs) StdoutLine: {'line': b'-- Up-to-date: /home/jmj/pro_asp_ws/ws_px4_controls/install/px4_msgs/include/px4_msgs/px4_msgs/msg/detail/sensor_accel__rosidl_typesupport_fastrtps_c.h\n'}
[0.779740] (px4_msgs) StdoutLine: {'line': b'-- Up-to-date: /home/jmj/pro_asp_ws/ws_px4_controls/install/px4_msgs/include/px4_msgs/px4_msgs/msg/detail/system_power__rosidl_typesupport_fastrtps_c.h\n'}
[0.779765] (px4_msgs) StdoutLine: {'line': b'-- Up-to-date: /home/jmj/pro_asp_ws/ws_px4_controls/install/px4_msgs/include/px4_msgs/px4_msgs/msg/detail/vehicle_rates_setpoint__rosidl_typesupport_fastrtps_c.h\n'}
[0.779790] (px4_msgs) StdoutLine: {'line': b'-- Up-to-date: /home/jmj/pro_asp_ws/ws_px4_controls/install/px4_msgs/include/px4_msgs/px4_msgs/msg/detail/estimator_status_flags__rosidl_typesupport_fastrtps_c.h\n'}
[0.779813] (px4_msgs) StdoutLine: {'line': b'-- Up-to-date: /home/jmj/pro_asp_ws/ws_px4_controls/install/px4_msgs/include/px4_msgs/px4_msgs/msg/detail/position_setpoint_triplet__rosidl_typesupport_fastrtps_c.h\n'}
[0.779841] (px4_msgs) StdoutLine: {'line': b'-- Up-to-date: /home/jmj/pro_asp_ws/ws_px4_controls/install/px4_msgs/include/px4_msgs/px4_msgs/msg/detail/fixed_wing_longitudinal_setpoint__rosidl_typesupport_fastrtps_c.h\n'}
[0.779864] (px4_msgs) StdoutLine: {'line': b'-- Up-to-date: /home/jmj/pro_asp_ws/ws_px4_controls/install/px4_msgs/include/px4_msgs/px4_msgs/msg/detail/sensor_combined__rosidl_typesupport_fastrtps_c.h\n'}
[0.779886] (px4_msgs) StdoutLine: {'line': b'-- Up-to-date: /home/jmj/pro_asp_ws/ws_px4_controls/install/px4_msgs/include/px4_msgs/px4_msgs/msg/detail/vehicle_optical_flow__rosidl_typesupport_fastrtps_c.h\n'}
[0.779909] (px4_msgs) StdoutLine: {'line': b'-- Up-to-date: /home/jmj/pro_asp_ws/ws_px4_controls/install/px4_msgs/include/px4_msgs/px4_msgs/msg/detail/vtol_vehicle_status__rosidl_typesupport_fastrtps_c.h\n'}
[0.779931] (px4_msgs) StdoutLine: {'line': b'-- Up-to-date: /home/jmj/pro_asp_ws/ws_px4_controls/install/px4_msgs/include/px4_msgs/px4_msgs/msg/detail/sensors_status_imu__rosidl_typesupport_fastrtps_c.h\n'}
[0.779953] (px4_msgs) StdoutLine: {'line': b'-- Up-to-date: /home/jmj/pro_asp_ws/ws_px4_controls/install/px4_msgs/include/px4_msgs/px4_msgs/msg/detail/gripper__rosidl_typesupport_fastrtps_c.h\n'}
[0.779974] (px4_msgs) StdoutLine: {'line': b'-- Up-to-date: /home/jmj/pro_asp_ws/ws_px4_controls/install/px4_msgs/include/px4_msgs/px4_msgs/msg/detail/vehicle_command_ack__rosidl_typesupport_fastrtps_c.h\n'}
[0.779996] (px4_msgs) StdoutLine: {'line': b'-- Up-to-date: /home/jmj/pro_asp_ws/ws_px4_controls/install/px4_msgs/include/px4_msgs/px4_msgs/msg/detail/button_event__rosidl_typesupport_fastrtps_c.h\n'}
[0.780018] (px4_msgs) StdoutLine: {'line': b'-- Up-to-date: /home/jmj/pro_asp_ws/ws_px4_controls/install/px4_msgs/include/px4_msgs/px4_msgs/msg/detail/rover_velocity_status__rosidl_typesupport_fastrtps_c.h\n'}
[0.780039] (px4_msgs) StdoutLine: {'line': b'-- Up-to-date: /home/jmj/pro_asp_ws/ws_px4_controls/install/px4_msgs/include/px4_msgs/px4_msgs/msg/detail/cpuload__rosidl_typesupport_fastrtps_c.h\n'}
[0.780061] (px4_msgs) StdoutLine: {'line': b'-- Up-to-date: /home/jmj/pro_asp_ws/ws_px4_controls/install/px4_msgs/include/px4_msgs/px4_msgs/msg/detail/internal_combustion_engine_control__rosidl_typesupport_fastrtps_c.h\n'}
[0.780082] (px4_msgs) StdoutLine: {'line': b'-- Up-to-date: /home/jmj/pro_asp_ws/ws_px4_controls/install/px4_msgs/include/px4_msgs/px4_msgs/msg/detail/takeoff_status__rosidl_typesupport_fastrtps_c.h\n'}
[0.780103] (px4_msgs) StdoutLine: {'line': b'-- Up-to-date: /home/jmj/pro_asp_ws/ws_px4_controls/install/px4_msgs/include/px4_msgs/px4_msgs/msg/detail/vehicle_imu__rosidl_typesupport_fastrtps_c.h\n'}
[0.780125] (px4_msgs) StdoutLine: {'line': b'-- Up-to-date: /home/jmj/pro_asp_ws/ws_px4_controls/install/px4_msgs/include/px4_msgs/px4_msgs/msg/detail/onboard_computer_status__rosidl_typesupport_fastrtps_c.h\n'}
[0.780147] (px4_msgs) StdoutLine: {'line': b'-- Up-to-date: /home/jmj/pro_asp_ws/ws_px4_controls/install/px4_msgs/include/px4_msgs/px4_msgs/msg/detail/health_report__rosidl_typesupport_fastrtps_c.h\n'}
[0.780169] (px4_msgs) StdoutLine: {'line': b'-- Up-to-date: /home/jmj/pro_asp_ws/ws_px4_controls/install/px4_msgs/include/px4_msgs/px4_msgs/msg/detail/landing_gear__rosidl_typesupport_fastrtps_c.h\n'}
[0.780190] (px4_msgs) StdoutLine: {'line': b'-- Up-to-date: /home/jmj/pro_asp_ws/ws_px4_controls/install/px4_msgs/include/px4_msgs/px4_msgs/msg/detail/landing_target_pose__rosidl_typesupport_fastrtps_c.h\n'}
[0.780214] (px4_msgs) StdoutLine: {'line': b'-- Up-to-date: /home/jmj/pro_asp_ws/ws_px4_controls/install/px4_msgs/include/px4_msgs/px4_msgs/msg/detail/hover_thrust_estimate__rosidl_typesupport_fastrtps_c.h\n'}
[0.780235] (px4_msgs) StdoutLine: {'line': b'-- Up-to-date: /home/jmj/pro_asp_ws/ws_px4_controls/install/px4_msgs/include/px4_msgs/px4_msgs/msg/detail/arming_check_reply__rosidl_typesupport_fastrtps_c.h\n'}
[0.780256] (px4_msgs) StdoutLine: {'line': b'-- Up-to-date: /home/jmj/pro_asp_ws/ws_px4_controls/install/px4_msgs/include/px4_msgs/px4_msgs/msg/detail/register_ext_component_request__rosidl_typesupport_fastrtps_c.h\n'}
[0.780280] (px4_msgs) StdoutLine: {'line': b'-- Up-to-date: /home/jmj/pro_asp_ws/ws_px4_controls/install/px4_msgs/include/px4_msgs/px4_msgs/msg/detail/task_stack_info__rosidl_typesupport_fastrtps_c.h\n'}
[0.780307] (px4_msgs) StdoutLine: {'line': b'-- Up-to-date: /home/jmj/pro_asp_ws/ws_px4_controls/install/px4_msgs/include/px4_msgs/px4_msgs/msg/detail/distance_sensor__rosidl_typesupport_fastrtps_c.h\n'}
[0.780328] (px4_msgs) StdoutLine: {'line': b'-- Up-to-date: /home/jmj/pro_asp_ws/ws_px4_controls/install/px4_msgs/include/px4_msgs/px4_msgs/msg/detail/sensor_preflight_mag__rosidl_typesupport_fastrtps_c.h\n'}
[0.780350] (px4_msgs) StdoutLine: {'line': b'-- Up-to-date: /home/jmj/pro_asp_ws/ws_px4_controls/install/px4_msgs/include/px4_msgs/px4_msgs/msg/detail/rover_steering_setpoint__rosidl_typesupport_fastrtps_c.h\n'}
[0.780371] (px4_msgs) StdoutLine: {'line': b'-- Up-to-date: /home/jmj/pro_asp_ws/ws_px4_controls/install/px4_msgs/include/px4_msgs/px4_msgs/msg/detail/fixed_wing_lateral_setpoint__rosidl_typesupport_fastrtps_c.h\n'}
[0.780392] (px4_msgs) StdoutLine: {'line': b'-- Up-to-date: /home/jmj/pro_asp_ws/ws_px4_controls/install/px4_msgs/include/px4_msgs/px4_msgs/msg/detail/vehicle_local_position_setpoint__rosidl_typesupport_fastrtps_c.h\n'}
[0.780414] (px4_msgs) StdoutLine: {'line': b'-- Up-to-date: /home/jmj/pro_asp_ws/ws_px4_controls/install/px4_msgs/include/px4_msgs/px4_msgs/msg/detail/parameter_set_value_response__rosidl_typesupport_fastrtps_c.h\n'}
[0.780435] (px4_msgs) StdoutLine: {'line': b'-- Up-to-date: /home/jmj/pro_asp_ws/ws_px4_controls/install/px4_msgs/include/px4_msgs/px4_msgs/msg/detail/vehicle_roi__rosidl_typesupport_fastrtps_c.h\n'}
[0.780456] (px4_msgs) StdoutLine: {'line': b'-- Up-to-date: /home/jmj/pro_asp_ws/ws_px4_controls/install/px4_msgs/include/px4_msgs/px4_msgs/msg/detail/fixed_wing_lateral_status__rosidl_typesupport_fastrtps_c.h\n'}
[0.780477] (px4_msgs) StdoutLine: {'line': b'-- Up-to-date: /home/jmj/pro_asp_ws/ws_px4_controls/install/px4_msgs/include/px4_msgs/px4_msgs/msg/detail/actuator_armed__rosidl_typesupport_fastrtps_c.h\n'}
[0.780499] (px4_msgs) StdoutLine: {'line': b'-- Up-to-date: /home/jmj/pro_asp_ws/ws_px4_controls/install/px4_msgs/include/px4_msgs/px4_msgs/msg/detail/mount_orientation__rosidl_typesupport_fastrtps_c.h\n'}
[0.780520] (px4_msgs) StdoutLine: {'line': b'-- Up-to-date: /home/jmj/pro_asp_ws/ws_px4_controls/install/px4_msgs/include/px4_msgs/px4_msgs/msg/detail/fixed_wing_lateral_guidance_status__rosidl_typesupport_fastrtps_c.h\n'}
[0.780541] (px4_msgs) StdoutLine: {'line': b'-- Up-to-date: /home/jmj/pro_asp_ws/ws_px4_controls/install/px4_msgs/include/px4_msgs/px4_msgs/msg/detail/mission__rosidl_typesupport_fastrtps_c.h\n'}
[0.780562] (px4_msgs) StdoutLine: {'line': b'-- Up-to-date: /home/jmj/pro_asp_ws/ws_px4_controls/install/px4_msgs/include/px4_msgs/px4_msgs/msg/detail/estimator_sensor_bias__rosidl_typesupport_fastrtps_c.h\n'}
[0.780584] (px4_msgs) StdoutLine: {'line': b'-- Up-to-date: /home/jmj/pro_asp_ws/ws_px4_controls/install/px4_msgs/include/px4_msgs/px4_msgs/msg/detail/actuator_test__rosidl_typesupport_fastrtps_c.h\n'}
[0.780606] (px4_msgs) StdoutLine: {'line': b'-- Up-to-date: /home/jmj/pro_asp_ws/ws_px4_controls/install/px4_msgs/include/px4_msgs/px4_msgs/msg/detail/tecs_status__rosidl_typesupport_fastrtps_c.h\n'}
[0.780627] (px4_msgs) StdoutLine: {'line': b'-- Up-to-date: /home/jmj/pro_asp_ws/ws_px4_controls/install/px4_msgs/include/px4_msgs/px4_msgs/msg/detail/sensor_airflow__rosidl_typesupport_fastrtps_c.h\n'}
[0.780647] (px4_msgs) StdoutLine: {'line': b'-- Up-to-date: /home/jmj/pro_asp_ws/ws_px4_controls/install/px4_msgs/include/px4_msgs/px4_msgs/msg/detail/yaw_estimator_status__rosidl_typesupport_fastrtps_c.h\n'}
[0.780668] (px4_msgs) StdoutLine: {'line': b'-- Up-to-date: /home/jmj/pro_asp_ws/ws_px4_controls/install/px4_msgs/include/px4_msgs/px4_msgs/msg/detail/parameter_reset_request__rosidl_typesupport_fastrtps_c.h\n'}
[0.780691] (px4_msgs) StdoutLine: {'line': b'-- Up-to-date: /home/jmj/pro_asp_ws/ws_px4_controls/install/px4_msgs/include/px4_msgs/px4_msgs/msg/detail/px4io_status__rosidl_typesupport_fastrtps_c.h\n'}
[0.780712] (px4_msgs) StdoutLine: {'line': b'-- Up-to-date: /home/jmj/pro_asp_ws/ws_px4_controls/install/px4_msgs/include/px4_msgs/px4_msgs/msg/detail/failure_detector_status__rosidl_typesupport_fastrtps_c.h\n'}
[0.780736] (px4_msgs) StdoutLine: {'line': b'-- Up-to-date: /home/jmj/pro_asp_ws/ws_px4_controls/install/px4_msgs/include/px4_msgs/px4_msgs/msg/detail/vehicle_angular_velocity__rosidl_typesupport_fastrtps_c.h\n'}
[0.780760] (px4_msgs) StdoutLine: {'line': b'-- Up-to-date: /home/jmj/pro_asp_ws/ws_px4_controls/install/px4_msgs/include/px4_msgs/px4_msgs/msg/detail/estimator_event_flags__rosidl_typesupport_fastrtps_c.h\n'}
[0.780786] (px4_msgs) StdoutLine: {'line': b'-- Up-to-date: /home/jmj/pro_asp_ws/ws_px4_controls/install/px4_msgs/include/px4_msgs/px4_msgs/msg/detail/message_format_response__rosidl_typesupport_fastrtps_c.h\n'}
[0.780807] (px4_msgs) StdoutLine: {'line': b'-- Up-to-date: /home/jmj/pro_asp_ws/ws_px4_controls/install/px4_msgs/include/px4_msgs/px4_msgs/msg/detail/rover_throttle_setpoint__rosidl_typesupport_fastrtps_c.h\n'}
[0.780829] (px4_msgs) StdoutLine: {'line': b'-- Up-to-date: /home/jmj/pro_asp_ws/ws_px4_controls/install/px4_msgs/include/px4_msgs/px4_msgs/msg/detail/sensor_gnss_relative__rosidl_typesupport_fastrtps_c.h\n'}
[0.780851] (px4_msgs) StdoutLine: {'line': b'-- Up-to-date: /home/jmj/pro_asp_ws/ws_px4_controls/install/px4_msgs/include/px4_msgs/px4_msgs/msg/detail/trajectory_setpoint__rosidl_typesupport_fastrtps_c.h\n'}
[0.780877] (px4_msgs) StdoutLine: {'line': b'-- Up-to-date: /home/jmj/pro_asp_ws/ws_px4_controls/install/px4_msgs/include/px4_msgs/px4_msgs/msg/detail/uavcan_parameter_value__rosidl_typesupport_fastrtps_c.h\n'}
[0.780900] (px4_msgs) StdoutLine: {'line': b'-- Up-to-date: /home/jmj/pro_asp_ws/ws_px4_controls/install/px4_msgs/include/px4_msgs/px4_msgs/msg/detail/sensor_uwb__rosidl_typesupport_fastrtps_c.h\n'}
[0.780923] (px4_msgs) StdoutLine: {'line': b'-- Up-to-date: /home/jmj/pro_asp_ws/ws_px4_controls/install/px4_msgs/include/px4_msgs/px4_msgs/msg/detail/actuator_servos__rosidl_typesupport_fastrtps_c.h\n'}
[0.780946] (px4_msgs) StdoutLine: {'line': b'-- Up-to-date: /home/jmj/pro_asp_ws/ws_px4_controls/install/px4_msgs/include/px4_msgs/px4_msgs/msg/detail/input_rc__rosidl_typesupport_fastrtps_c.h\n'}
[0.780969] (px4_msgs) StdoutLine: {'line': b'-- Up-to-date: /home/jmj/pro_asp_ws/ws_px4_controls/install/px4_msgs/include/px4_msgs/px4_msgs/msg/detail/wind__rosidl_typesupport_fastrtps_c.h\n'}
[0.780990] (px4_msgs) StdoutLine: {'line': b'-- Up-to-date: /home/jmj/pro_asp_ws/ws_px4_controls/install/px4_msgs/include/px4_msgs/px4_msgs/msg/detail/actuator_controls_status__rosidl_typesupport_fastrtps_c.h\n'}
[0.781012] (px4_msgs) StdoutLine: {'line': b'-- Up-to-date: /home/jmj/pro_asp_ws/ws_px4_controls/install/px4_msgs/include/px4_msgs/px4_msgs/msg/detail/log_message__rosidl_typesupport_fastrtps_c.h\n'}
[0.781033] (px4_msgs) StdoutLine: {'line': b'-- Up-to-date: /home/jmj/pro_asp_ws/ws_px4_controls/install/px4_msgs/include/px4_msgs/px4_msgs/msg/detail/actuator_motors__rosidl_typesupport_fastrtps_c.h\n'}
[0.781055] (px4_msgs) StdoutLine: {'line': b'-- Up-to-date: /home/jmj/pro_asp_ws/ws_px4_controls/install/px4_msgs/include/px4_msgs/px4_msgs/msg/detail/normalized_unsigned_setpoint__rosidl_typesupport_fastrtps_c.h\n'}
[0.781077] (px4_msgs) StdoutLine: {'line': b'-- Up-to-date: /home/jmj/pro_asp_ws/ws_px4_controls/install/px4_msgs/include/px4_msgs/px4_msgs/msg/detail/rover_rate_status__rosidl_typesupport_fastrtps_c.h\n'}
[0.781101] (px4_msgs) StdoutLine: {'line': b'-- Up-to-date: /home/jmj/pro_asp_ws/ws_px4_controls/install/px4_msgs/include/px4_msgs/px4_msgs/msg/detail/geofence_status__rosidl_typesupport_fastrtps_c.h\n'}
[0.781122] (px4_msgs) StdoutLine: {'line': b'-- Up-to-date: /home/jmj/pro_asp_ws/ws_px4_controls/install/px4_msgs/include/px4_msgs/px4_msgs/msg/detail/sensor_gyro_fft__rosidl_typesupport_fastrtps_c.h\n'}
[0.781146] (px4_msgs) StdoutLine: {'line': b'-- Up-to-date: /home/jmj/pro_asp_ws/ws_px4_controls/install/px4_msgs/include/px4_msgs/px4_msgs/msg/detail/launch_detection_status__rosidl_typesupport_fastrtps_c.h\n'}
[0.781167] (px4_msgs) StdoutLine: {'line': b'-- Up-to-date: /home/jmj/pro_asp_ws/ws_px4_controls/install/px4_msgs/include/px4_msgs/px4_msgs/msg/detail/parameter_set_used_request__rosidl_typesupport_fastrtps_c.h\n'}
[0.781188] (px4_msgs) StdoutLine: {'line': b'-- Up-to-date: /home/jmj/pro_asp_ws/ws_px4_controls/install/px4_msgs/include/px4_msgs/px4_msgs/msg/detail/gpio_config__rosidl_typesupport_fastrtps_c.h\n'}
[0.781209] (px4_msgs) StdoutLine: {'line': b'-- Up-to-date: /home/jmj/pro_asp_ws/ws_px4_controls/install/px4_msgs/include/px4_msgs/px4_msgs/msg/detail/estimator_gps_status__rosidl_typesupport_fastrtps_c.h\n'}
[0.781230] (px4_msgs) StdoutLine: {'line': b'-- Up-to-date: /home/jmj/pro_asp_ws/ws_px4_controls/install/px4_msgs/include/px4_msgs/px4_msgs/msg/detail/gpio_out__rosidl_typesupport_fastrtps_c.h\n'}
[0.781252] (px4_msgs) StdoutLine: {'line': b'-- Up-to-date: /home/jmj/pro_asp_ws/ws_px4_controls/install/px4_msgs/include/px4_msgs/px4_msgs/msg/detail/register_ext_component_reply__rosidl_typesupport_fastrtps_c.h\n'}
[0.781274] (px4_msgs) StdoutLine: {'line': b'-- Up-to-date: /home/jmj/pro_asp_ws/ws_px4_controls/install/px4_msgs/include/px4_msgs/px4_msgs/msg/detail/estimator_states__rosidl_typesupport_fastrtps_c.h\n'}
[0.781297] (px4_msgs) StdoutLine: {'line': b'-- Up-to-date: /home/jmj/pro_asp_ws/ws_px4_controls/install/px4_msgs/include/px4_msgs/px4_msgs/msg/detail/qshell_retval__rosidl_typesupport_fastrtps_c.h\n'}
[0.781318] (px4_msgs) StdoutLine: {'line': b'-- Up-to-date: /home/jmj/pro_asp_ws/ws_px4_controls/install/px4_msgs/include/px4_msgs/px4_msgs/msg/detail/airspeed_validated__rosidl_typesupport_fastrtps_c.h\n'}
[0.781340] (px4_msgs) StdoutLine: {'line': b'-- Up-to-date: /home/jmj/pro_asp_ws/ws_px4_controls/install/px4_msgs/include/px4_msgs/px4_msgs/msg/detail/vehicle_attitude__rosidl_typesupport_fastrtps_c.h\n'}
[0.781363] (px4_msgs) StdoutLine: {'line': b'-- Up-to-date: /home/jmj/pro_asp_ws/ws_px4_controls/install/px4_msgs/include/px4_msgs/px4_msgs/msg/detail/orb_test_medium__rosidl_typesupport_fastrtps_c.h\n'}
[0.781384] (px4_msgs) StdoutLine: {'line': b'-- Up-to-date: /home/jmj/pro_asp_ws/ws_px4_controls/install/px4_msgs/include/px4_msgs/px4_msgs/msg/detail/sensor_hygrometer__rosidl_typesupport_fastrtps_c.h\n'}
[0.781406] (px4_msgs) StdoutLine: {'line': b'-- Up-to-date: /home/jmj/pro_asp_ws/ws_px4_controls/install/px4_msgs/include/px4_msgs/px4_msgs/msg/detail/collision_constraints__rosidl_typesupport_fastrtps_c.h\n'}
[0.781427] (px4_msgs) StdoutLine: {'line': b'-- Up-to-date: /home/jmj/pro_asp_ws/ws_px4_controls/install/px4_msgs/include/px4_msgs/px4_msgs/msg/detail/message_format_request__rosidl_typesupport_fastrtps_c.h\n'}
[0.781457] (px4_msgs) StdoutLine: {'line': b'-- Up-to-date: /home/jmj/pro_asp_ws/ws_px4_controls/install/px4_msgs/include/px4_msgs/px4_msgs/msg/detail/gps_dump__rosidl_typesupport_fastrtps_c.h\n'}
[0.781481] (px4_msgs) StdoutLine: {'line': b'-- Up-to-date: /home/jmj/pro_asp_ws/ws_px4_controls/install/px4_msgs/include/px4_msgs/px4_msgs/msg/detail/vehicle_imu_status__rosidl_typesupport_fastrtps_c.h\n'}
[0.781503] (px4_msgs) StdoutLine: {'line': b'-- Up-to-date: /home/jmj/pro_asp_ws/ws_px4_controls/install/px4_msgs/include/px4_msgs/px4_msgs/msg/detail/vehicle_status__rosidl_typesupport_fastrtps_c.h\n'}
[0.781525] (px4_msgs) StdoutLine: {'line': b'-- Up-to-date: /home/jmj/pro_asp_ws/ws_px4_controls/install/px4_msgs/include/px4_msgs/px4_msgs/msg/detail/open_drone_id_operator_id__rosidl_typesupport_fastrtps_c.h\n'}
[0.781546] (px4_msgs) StdoutLine: {'line': b'-- Up-to-date: /home/jmj/pro_asp_ws/ws_px4_controls/install/px4_msgs/include/px4_msgs/px4_msgs/msg/detail/sensor_gyro__rosidl_typesupport_fastrtps_c.h\n'}
[0.781569] (px4_msgs) StdoutLine: {'line': b'-- Up-to-date: /home/jmj/pro_asp_ws/ws_px4_controls/install/px4_msgs/include/px4_msgs/px4_msgs/msg/detail/open_drone_id_system__rosidl_typesupport_fastrtps_c.h\n'}
[0.781593] (px4_msgs) StdoutLine: {'line': b'-- Up-to-date: /home/jmj/pro_asp_ws/ws_px4_controls/install/px4_msgs/include/px4_msgs/px4_msgs/msg/detail/estimator_innovations__rosidl_typesupport_fastrtps_c.h\n'}
[0.781615] (px4_msgs) StdoutLine: {'line': b'-- Up-to-date: /home/jmj/pro_asp_ws/ws_px4_controls/install/px4_msgs/include/px4_msgs/px4_msgs/msg/detail/navigator_status__rosidl_typesupport_fastrtps_c.h\n'}
[0.781636] (px4_msgs) StdoutLine: {'line': b'-- Up-to-date: /home/jmj/pro_asp_ws/ws_px4_controls/install/px4_msgs/include/px4_msgs/px4_msgs/msg/detail/follow_target_status__rosidl_typesupport_fastrtps_c.h\n'}
[0.781661] (px4_msgs) StdoutLine: {'line': b'-- Up-to-date: /home/jmj/pro_asp_ws/ws_px4_controls/install/px4_msgs/include/px4_msgs/px4_msgs/msg/detail/ping__rosidl_typesupport_fastrtps_c.h\n'}
[0.781682] (px4_msgs) StdoutLine: {'line': b'-- Up-to-date: /home/jmj/pro_asp_ws/ws_px4_controls/install/px4_msgs/include/px4_msgs/px4_msgs/msg/detail/mode_completed__rosidl_typesupport_fastrtps_c.h\n'}
[0.781704] (px4_msgs) StdoutLine: {'line': b'-- Up-to-date: /home/jmj/pro_asp_ws/ws_px4_controls/install/px4_msgs/include/px4_msgs/px4_msgs/msg/detail/flight_phase_estimation__rosidl_typesupport_fastrtps_c.h\n'}
[0.781726] (px4_msgs) StdoutLine: {'line': b'-- Up-to-date: /home/jmj/pro_asp_ws/ws_px4_controls/install/px4_msgs/include/px4_msgs/px4_msgs/msg/detail/satellite_info__rosidl_typesupport_fastrtps_c.h\n'}
[0.781747] (px4_msgs) StdoutLine: {'line': b'-- Up-to-date: /home/jmj/pro_asp_ws/ws_px4_controls/install/px4_msgs/include/px4_msgs/px4_msgs/msg/detail/actuator_outputs__rosidl_typesupport_fastrtps_c.h\n'}
[0.781774] (px4_msgs) StdoutLine: {'line': b'-- Up-to-date: /home/jmj/pro_asp_ws/ws_px4_controls/install/px4_msgs/include/px4_msgs/px4_msgs/msg/detail/unregister_ext_component__rosidl_typesupport_fastrtps_c.h\n'}
[0.781797] (px4_msgs) StdoutLine: {'line': b'-- Up-to-date: /home/jmj/pro_asp_ws/ws_px4_controls/install/px4_msgs/include/px4_msgs/px4_msgs/msg/detail/rc_parameter_map__rosidl_typesupport_fastrtps_c.h\n'}
[0.781819] (px4_msgs) StdoutLine: {'line': b'-- Up-to-date: /home/jmj/pro_asp_ws/ws_px4_controls/install/px4_msgs/include/px4_msgs/px4_msgs/msg/detail/vehicle_thrust_setpoint__rosidl_typesupport_fastrtps_c.h\n'}
[0.781843] (px4_msgs) StdoutLine: {'line': b'-- Up-to-date: /home/jmj/pro_asp_ws/ws_px4_controls/install/px4_msgs/include/px4_msgs/px4_msgs/msg/rosidl_typesupport_fastrtps_c__visibility_control.h\n'}
[0.781866] (px4_msgs) StdoutLine: {'line': b'-- Up-to-date: /home/jmj/pro_asp_ws/ws_px4_controls/install/px4_msgs/lib/libpx4_msgs__rosidl_typesupport_fastrtps_c.so\n'}
[0.781887] (px4_msgs) StdoutLine: {'line': b'-- Up-to-date: /home/jmj/pro_asp_ws/ws_px4_controls/install/px4_msgs/include/px4_msgs/px4_msgs\n'}
[0.781909] (px4_msgs) StdoutLine: {'line': b'-- Up-to-date: /home/jmj/pro_asp_ws/ws_px4_controls/install/px4_msgs/include/px4_msgs/px4_msgs/srv\n'}
[0.781931] (px4_msgs) StdoutLine: {'line': b'-- Up-to-date: /home/jmj/pro_asp_ws/ws_px4_controls/install/px4_msgs/include/px4_msgs/px4_msgs/srv/detail\n'}
[0.781952] (px4_msgs) StdoutLine: {'line': b'-- Up-to-date: /home/jmj/pro_asp_ws/ws_px4_controls/install/px4_msgs/include/px4_msgs/px4_msgs/srv/detail/vehicle_command__type_support.hpp\n'}
[0.781973] (px4_msgs) StdoutLine: {'line': b'-- Up-to-date: /home/jmj/pro_asp_ws/ws_px4_controls/install/px4_msgs/include/px4_msgs/px4_msgs/srv/detail/vehicle_command__struct.hpp\n'}
[0.781994] (px4_msgs) StdoutLine: {'line': b'-- Up-to-date: /home/jmj/pro_asp_ws/ws_px4_controls/install/px4_msgs/include/px4_msgs/px4_msgs/srv/detail/vehicle_command__builder.hpp\n'}
[0.782017] (px4_msgs) StdoutLine: {'line': b'-- Up-to-date: /home/jmj/pro_asp_ws/ws_px4_controls/install/px4_msgs/include/px4_msgs/px4_msgs/srv/detail/vehicle_command__traits.hpp\n'}
[0.782038] (px4_msgs) StdoutLine: {'line': b'-- Up-to-date: /home/jmj/pro_asp_ws/ws_px4_controls/install/px4_msgs/include/px4_msgs/px4_msgs/srv/vehicle_command.hpp\n'}
[0.782059] (px4_msgs) StdoutLine: {'line': b'-- Up-to-date: /home/jmj/pro_asp_ws/ws_px4_controls/install/px4_msgs/include/px4_msgs/px4_msgs/msg\n'}
[0.782082] (px4_msgs) StdoutLine: {'line': b'-- Up-to-date: /home/jmj/pro_asp_ws/ws_px4_controls/install/px4_msgs/include/px4_msgs/px4_msgs/msg/sensor_gyro_fft.hpp\n'}
[0.782106] (px4_msgs) StdoutLine: {'line': b'-- Up-to-date: /home/jmj/pro_asp_ws/ws_px4_controls/install/px4_msgs/include/px4_msgs/px4_msgs/msg/wheel_encoders.hpp\n'}
[0.782128] (px4_msgs) StdoutLine: {'line': b'-- Up-to-date: /home/jmj/pro_asp_ws/ws_px4_controls/install/px4_msgs/include/px4_msgs/px4_msgs/msg/estimator_sensor_bias.hpp\n'}
[0.782149] (px4_msgs) StdoutLine: {'line': b'-- Up-to-date: /home/jmj/pro_asp_ws/ws_px4_controls/install/px4_msgs/include/px4_msgs/px4_msgs/msg/qshell_req.hpp\n'}
[0.782170] (px4_msgs) StdoutLine: {'line': b'-- Up-to-date: /home/jmj/pro_asp_ws/ws_px4_controls/install/px4_msgs/include/px4_msgs/px4_msgs/msg/launch_detection_status.hpp\n'}
[0.782192] (px4_msgs) StdoutLine: {'line': b'-- Up-to-date: /home/jmj/pro_asp_ws/ws_px4_controls/install/px4_msgs/include/px4_msgs/px4_msgs/msg/tiltrotor_extra_controls.hpp\n'}
[0.782216] (px4_msgs) StdoutLine: {'line': b'-- Up-to-date: /home/jmj/pro_asp_ws/ws_px4_controls/install/px4_msgs/include/px4_msgs/px4_msgs/msg/vehicle_control_mode.hpp\n'}
[0.782249] (px4_msgs) StdoutLine: {'line': b'-- Up-to-date: /home/jmj/pro_asp_ws/ws_px4_controls/install/px4_msgs/include/px4_msgs/px4_msgs/msg/estimator_gps_status.hpp\n'}
[0.782282] (px4_msgs) StdoutLine: {'line': b'-- Up-to-date: /home/jmj/pro_asp_ws/ws_px4_controls/install/px4_msgs/include/px4_msgs/px4_msgs/msg/differential_pressure.hpp\n'}
[0.782307] (px4_msgs) StdoutLine: {'line': b'-- Up-to-date: /home/jmj/pro_asp_ws/ws_px4_controls/install/px4_msgs/include/px4_msgs/px4_msgs/msg/gpio_request.hpp\n'}
[0.782369] (px4_msgs) StdoutLine: {'line': b'-- Up-to-date: /home/jmj/pro_asp_ws/ws_px4_controls/install/px4_msgs/include/px4_msgs/px4_msgs/msg/goto_setpoint.hpp\n'}
[0.782412] (px4_msgs) StdoutLine: {'line': b'-- Up-to-date: /home/jmj/pro_asp_ws/ws_px4_controls/install/px4_msgs/include/px4_msgs/px4_msgs/msg/rover_rate_status.hpp\n'}
[0.782439] (px4_msgs) StdoutLine: {'line': b'-- Up-to-date: /home/jmj/pro_asp_ws/ws_px4_controls/install/px4_msgs/include/px4_msgs/px4_msgs/msg/vehicle_odometry.hpp\n'}
[0.782464] (px4_msgs) StdoutLine: {'line': b'-- Up-to-date: /home/jmj/pro_asp_ws/ws_px4_controls/install/px4_msgs/include/px4_msgs/px4_msgs/msg/heater_status.hpp\n'}
[0.782488] (px4_msgs) StdoutLine: {'line': b'-- Up-to-date: /home/jmj/pro_asp_ws/ws_px4_controls/install/px4_msgs/include/px4_msgs/px4_msgs/msg/vehicle_roi.hpp\n'}
[0.782511] (px4_msgs) StdoutLine: {'line': b'-- Up-to-date: /home/jmj/pro_asp_ws/ws_px4_controls/install/px4_msgs/include/px4_msgs/px4_msgs/msg/sensor_selection.hpp\n'}
[0.782534] (px4_msgs) StdoutLine: {'line': b'-- Up-to-date: /home/jmj/pro_asp_ws/ws_px4_controls/install/px4_msgs/include/px4_msgs/px4_msgs/msg/task_stack_info.hpp\n'}
[0.782557] (px4_msgs) StdoutLine: {'line': b'-- Up-to-date: /home/jmj/pro_asp_ws/ws_px4_controls/install/px4_msgs/include/px4_msgs/px4_msgs/msg/actuator_armed.hpp\n'}
[0.782580] (px4_msgs) StdoutLine: {'line': b'-- Up-to-date: /home/jmj/pro_asp_ws/ws_px4_controls/install/px4_msgs/include/px4_msgs/px4_msgs/msg/control_allocator_status.hpp\n'}
[0.782602] (px4_msgs) StdoutLine: {'line': b'-- Up-to-date: /home/jmj/pro_asp_ws/ws_px4_controls/install/px4_msgs/include/px4_msgs/px4_msgs/msg/open_drone_id_operator_id.hpp\n'}
[0.782629] (px4_msgs) StdoutLine: {'line': b'-- Up-to-date: /home/jmj/pro_asp_ws/ws_px4_controls/install/px4_msgs/include/px4_msgs/px4_msgs/msg/orb_test.hpp\n'}
[0.782651] (px4_msgs) StdoutLine: {'line': b'-- Up-to-date: /home/jmj/pro_asp_ws/ws_px4_controls/install/px4_msgs/include/px4_msgs/px4_msgs/msg/uavcan_parameter_request.hpp\n'}
[0.782675] (px4_msgs) StdoutLine: {'line': b'-- Up-to-date: /home/jmj/pro_asp_ws/ws_px4_controls/install/px4_msgs/include/px4_msgs/px4_msgs/msg/internal_combustion_engine_status.hpp\n'}
[0.782697] (px4_msgs) StdoutLine: {'line': b'-- Up-to-date: /home/jmj/pro_asp_ws/ws_px4_controls/install/px4_msgs/include/px4_msgs/px4_msgs/msg/landing_target_pose.hpp\n'}
[0.782725] (px4_msgs) StdoutLine: {'line': b'-- Up-to-date: /home/jmj/pro_asp_ws/ws_px4_controls/install/px4_msgs/include/px4_msgs/px4_msgs/msg/mission.hpp\n'}
[0.782747] (px4_msgs) StdoutLine: {'line': b'-- Up-to-date: /home/jmj/pro_asp_ws/ws_px4_controls/install/px4_msgs/include/px4_msgs/px4_msgs/msg/can_interface_status.hpp\n'}
[0.782776] (px4_msgs) StdoutLine: {'line': b'-- Up-to-date: /home/jmj/pro_asp_ws/ws_px4_controls/install/px4_msgs/include/px4_msgs/px4_msgs/msg/rover_velocity_status.hpp\n'}
[0.782799] (px4_msgs) StdoutLine: {'line': b'-- Up-to-date: /home/jmj/pro_asp_ws/ws_px4_controls/install/px4_msgs/include/px4_msgs/px4_msgs/msg/dataman_response.hpp\n'}
[0.782821] (px4_msgs) StdoutLine: {'line': b'-- Up-to-date: /home/jmj/pro_asp_ws/ws_px4_controls/install/px4_msgs/include/px4_msgs/px4_msgs/msg/orb_test_large.hpp\n'}
[0.782842] (px4_msgs) StdoutLine: {'line': b'-- Up-to-date: /home/jmj/pro_asp_ws/ws_px4_controls/install/px4_msgs/include/px4_msgs/px4_msgs/msg/rover_position_setpoint.hpp\n'}
[0.782863] (px4_msgs) StdoutLine: {'line': b'-- Up-to-date: /home/jmj/pro_asp_ws/ws_px4_controls/install/px4_msgs/include/px4_msgs/px4_msgs/msg/sensor_uwb.hpp\n'}
[0.782884] (px4_msgs) StdoutLine: {'line': b'-- Up-to-date: /home/jmj/pro_asp_ws/ws_px4_controls/install/px4_msgs/include/px4_msgs/px4_msgs/msg/camera_trigger.hpp\n'}
[0.782906] (px4_msgs) StdoutLine: {'line': b'-- Up-to-date: /home/jmj/pro_asp_ws/ws_px4_controls/install/px4_msgs/include/px4_msgs/px4_msgs/msg/takeoff_status.hpp\n'}
[0.782927] (px4_msgs) StdoutLine: {'line': b'-- Up-to-date: /home/jmj/pro_asp_ws/ws_px4_controls/install/px4_msgs/include/px4_msgs/px4_msgs/msg/fixed_wing_lateral_status.hpp\n'}
[0.782952] (px4_msgs) StdoutLine: {'line': b'-- Up-to-date: /home/jmj/pro_asp_ws/ws_px4_controls/install/px4_msgs/include/px4_msgs/px4_msgs/msg/rover_velocity_setpoint.hpp\n'}
[0.782973] (px4_msgs) StdoutLine: {'line': b'-- Up-to-date: /home/jmj/pro_asp_ws/ws_px4_controls/install/px4_msgs/include/px4_msgs/px4_msgs/msg/rover_attitude_setpoint.hpp\n'}
[0.782993] (px4_msgs) StdoutLine: {'line': b'-- Up-to-date: /home/jmj/pro_asp_ws/ws_px4_controls/install/px4_msgs/include/px4_msgs/px4_msgs/msg/vehicle_command_ack.hpp\n'}
[0.783014] (px4_msgs) StdoutLine: {'line': b'-- Up-to-date: /home/jmj/pro_asp_ws/ws_px4_controls/install/px4_msgs/include/px4_msgs/px4_msgs/msg/mag_worker_data.hpp\n'}
[0.783036] (px4_msgs) StdoutLine: {'line': b'-- Up-to-date: /home/jmj/pro_asp_ws/ws_px4_controls/install/px4_msgs/include/px4_msgs/px4_msgs/msg/input_rc.hpp\n'}
[0.783058] (px4_msgs) StdoutLine: {'line': b'-- Up-to-date: /home/jmj/pro_asp_ws/ws_px4_controls/install/px4_msgs/include/px4_msgs/px4_msgs/msg/ping.hpp\n'}
[0.783079] (px4_msgs) StdoutLine: {'line': b'-- Up-to-date: /home/jmj/pro_asp_ws/ws_px4_controls/install/px4_msgs/include/px4_msgs/px4_msgs/msg/vehicle_attitude.hpp\n'}
[0.783100] (px4_msgs) StdoutLine: {'line': b'-- Up-to-date: /home/jmj/pro_asp_ws/ws_px4_controls/install/px4_msgs/include/px4_msgs/px4_msgs/msg/iridiumsbd_status.hpp\n'}
[0.783121] (px4_msgs) StdoutLine: {'line': b'-- Up-to-date: /home/jmj/pro_asp_ws/ws_px4_controls/install/px4_msgs/include/px4_msgs/px4_msgs/msg/open_drone_id_self_id.hpp\n'}
[0.783143] (px4_msgs) StdoutLine: {'line': b'-- Up-to-date: /home/jmj/pro_asp_ws/ws_px4_controls/install/px4_msgs/include/px4_msgs/px4_msgs/msg/obstacle_distance.hpp\n'}
[0.783164] (px4_msgs) StdoutLine: {'line': b'-- Up-to-date: /home/jmj/pro_asp_ws/ws_px4_controls/install/px4_msgs/include/px4_msgs/px4_msgs/msg/normalized_unsigned_setpoint.hpp\n'}
[0.783186] (px4_msgs) StdoutLine: {'line': b'-- Up-to-date: /home/jmj/pro_asp_ws/ws_px4_controls/install/px4_msgs/include/px4_msgs/px4_msgs/msg/rtl_status.hpp\n'}
[0.783207] (px4_msgs) StdoutLine: {'line': b'-- Up-to-date: /home/jmj/pro_asp_ws/ws_px4_controls/install/px4_msgs/include/px4_msgs/px4_msgs/msg/px4io_status.hpp\n'}
[0.783228] (px4_msgs) StdoutLine: {'line': b'-- Up-to-date: /home/jmj/pro_asp_ws/ws_px4_controls/install/px4_msgs/include/px4_msgs/px4_msgs/msg/vtol_vehicle_status.hpp\n'}
[0.783251] (px4_msgs) StdoutLine: {'line': b'-- Up-to-date: /home/jmj/pro_asp_ws/ws_px4_controls/install/px4_msgs/include/px4_msgs/px4_msgs/msg/airspeed.hpp\n'}
[0.783272] (px4_msgs) StdoutLine: {'line': b'-- Up-to-date: /home/jmj/pro_asp_ws/ws_px4_controls/install/px4_msgs/include/px4_msgs/px4_msgs/msg/sensor_preflight_mag.hpp\n'}
[0.783293] (px4_msgs) StdoutLine: {'line': b'-- Up-to-date: /home/jmj/pro_asp_ws/ws_px4_controls/install/px4_msgs/include/px4_msgs/px4_msgs/msg/esc_report.hpp\n'}
[0.783315] (px4_msgs) StdoutLine: {'line': b'-- Up-to-date: /home/jmj/pro_asp_ws/ws_px4_controls/install/px4_msgs/include/px4_msgs/px4_msgs/msg/sensors_status.hpp\n'}
[0.783337] (px4_msgs) StdoutLine: {'line': b'-- Up-to-date: /home/jmj/pro_asp_ws/ws_px4_controls/install/px4_msgs/include/px4_msgs/px4_msgs/msg/actuator_controls_status.hpp\n'}
[0.783359] (px4_msgs) StdoutLine: {'line': b'-- Up-to-date: /home/jmj/pro_asp_ws/ws_px4_controls/install/px4_msgs/include/px4_msgs/px4_msgs/msg/position_setpoint.hpp\n'}
[0.783381] (px4_msgs) StdoutLine: {'line': b'-- Up-to-date: /home/jmj/pro_asp_ws/ws_px4_controls/install/px4_msgs/include/px4_msgs/px4_msgs/msg/timesync_status.hpp\n'}
[0.783402] (px4_msgs) StdoutLine: {'line': b'-- Up-to-date: /home/jmj/pro_asp_ws/ws_px4_controls/install/px4_msgs/include/px4_msgs/px4_msgs/msg/vehicle_acceleration.hpp\n'}
[0.783422] (px4_msgs) StdoutLine: {'line': b'-- Up-to-date: /home/jmj/pro_asp_ws/ws_px4_controls/install/px4_msgs/include/px4_msgs/px4_msgs/msg/logger_status.hpp\n'}
[0.783443] (px4_msgs) StdoutLine: {'line': b'-- Up-to-date: /home/jmj/pro_asp_ws/ws_px4_controls/install/px4_msgs/include/px4_msgs/px4_msgs/msg/ulog_stream_ack.hpp\n'}
[0.783464] (px4_msgs) StdoutLine: {'line': b'-- Up-to-date: /home/jmj/pro_asp_ws/ws_px4_controls/install/px4_msgs/include/px4_msgs/px4_msgs/msg/gpio_out.hpp\n'}
[0.783485] (px4_msgs) StdoutLine: {'line': b'-- Up-to-date: /home/jmj/pro_asp_ws/ws_px4_controls/install/px4_msgs/include/px4_msgs/px4_msgs/msg/transponder_report.hpp\n'}
[0.783506] (px4_msgs) StdoutLine: {'line': b'-- Up-to-date: /home/jmj/pro_asp_ws/ws_px4_controls/install/px4_msgs/include/px4_msgs/px4_msgs/msg/estimator_status_flags.hpp\n'}
[0.783526] (px4_msgs) StdoutLine: {'line': b'-- Up-to-date: /home/jmj/pro_asp_ws/ws_px4_controls/install/px4_msgs/include/px4_msgs/px4_msgs/msg/longitudinal_control_configuration.hpp\n'}
[0.783547] (px4_msgs) StdoutLine: {'line': b'-- Up-to-date: /home/jmj/pro_asp_ws/ws_px4_controls/install/px4_msgs/include/px4_msgs/px4_msgs/msg/vehicle_angular_velocity.hpp\n'}
[0.783569] (px4_msgs) StdoutLine: {'line': b'-- Up-to-date: /home/jmj/pro_asp_ws/ws_px4_controls/install/px4_msgs/include/px4_msgs/px4_msgs/msg/estimator_status.hpp\n'}
[0.783589] (px4_msgs) StdoutLine: {'line': b'-- Up-to-date: /home/jmj/pro_asp_ws/ws_px4_controls/install/px4_msgs/include/px4_msgs/px4_msgs/msg/gimbal_manager_set_manual_control.hpp\n'}
[0.783610] (px4_msgs) StdoutLine: {'line': b'-- Up-to-date: /home/jmj/pro_asp_ws/ws_px4_controls/install/px4_msgs/include/px4_msgs/px4_msgs/msg/estimator_aid_source1d.hpp\n'}
[0.783631] (px4_msgs) StdoutLine: {'line': b'-- Up-to-date: /home/jmj/pro_asp_ws/ws_px4_controls/install/px4_msgs/include/px4_msgs/px4_msgs/msg/detail\n'}
[0.783652] (px4_msgs) StdoutLine: {'line': b'-- Up-to-date: /home/jmj/pro_asp_ws/ws_px4_controls/install/px4_msgs/include/px4_msgs/px4_msgs/msg/detail/goto_setpoint__traits.hpp\n'}
[0.783678] (px4_msgs) StdoutLine: {'line': b'-- Up-to-date: /home/jmj/pro_asp_ws/ws_px4_controls/install/px4_msgs/include/px4_msgs/px4_msgs/msg/detail/sensor_selection__traits.hpp\n'}
[0.783699] (px4_msgs) StdoutLine: {'line': b'-- Up-to-date: /home/jmj/pro_asp_ws/ws_px4_controls/install/px4_msgs/include/px4_msgs/px4_msgs/msg/detail/dataman_request__type_support.hpp\n'}
[0.783721] (px4_msgs) StdoutLine: {'line': b'-- Up-to-date: /home/jmj/pro_asp_ws/ws_px4_controls/install/px4_msgs/include/px4_msgs/px4_msgs/msg/detail/navigator_status__traits.hpp\n'}
[0.783744] (px4_msgs) StdoutLine: {'line': b'-- Up-to-date: /home/jmj/pro_asp_ws/ws_px4_controls/install/px4_msgs/include/px4_msgs/px4_msgs/msg/detail/generator_status__traits.hpp\n'}
[0.783769] (px4_msgs) StdoutLine: {'line': b'-- Up-to-date: /home/jmj/pro_asp_ws/ws_px4_controls/install/px4_msgs/include/px4_msgs/px4_msgs/msg/detail/sensors_status_imu__traits.hpp\n'}
[0.783792] (px4_msgs) StdoutLine: {'line': b'-- Up-to-date: /home/jmj/pro_asp_ws/ws_px4_controls/install/px4_msgs/include/px4_msgs/px4_msgs/msg/detail/estimator_bias3d__type_support.hpp\n'}
[0.783813] (px4_msgs) StdoutLine: {'line': b'-- Up-to-date: /home/jmj/pro_asp_ws/ws_px4_controls/install/px4_msgs/include/px4_msgs/px4_msgs/msg/detail/orb_test_medium__struct.hpp\n'}
[0.783834] (px4_msgs) StdoutLine: {'line': b'-- Up-to-date: /home/jmj/pro_asp_ws/ws_px4_controls/install/px4_msgs/include/px4_msgs/px4_msgs/msg/detail/pwm_input__type_support.hpp\n'}
[0.783855] (px4_msgs) StdoutLine: {'line': b'-- Up-to-date: /home/jmj/pro_asp_ws/ws_px4_controls/install/px4_msgs/include/px4_msgs/px4_msgs/msg/detail/iridiumsbd_status__builder.hpp\n'}
[0.783876] (px4_msgs) StdoutLine: {'line': b'-- Up-to-date: /home/jmj/pro_asp_ws/ws_px4_controls/install/px4_msgs/include/px4_msgs/px4_msgs/msg/detail/follow_target_estimator__struct.hpp\n'}
[0.783897] (px4_msgs) StdoutLine: {'line': b'-- Up-to-date: /home/jmj/pro_asp_ws/ws_px4_controls/install/px4_msgs/include/px4_msgs/px4_msgs/msg/detail/longitudinal_control_configuration__builder.hpp\n'}
[0.783918] (px4_msgs) StdoutLine: {'line': b'-- Up-to-date: /home/jmj/pro_asp_ws/ws_px4_controls/install/px4_msgs/include/px4_msgs/px4_msgs/msg/detail/qshell_req__type_support.hpp\n'}
[0.783939] (px4_msgs) StdoutLine: {'line': b'-- Up-to-date: /home/jmj/pro_asp_ws/ws_px4_controls/install/px4_msgs/include/px4_msgs/px4_msgs/msg/detail/estimator_sensor_bias__builder.hpp\n'}
[0.783960] (px4_msgs) StdoutLine: {'line': b'-- Up-to-date: /home/jmj/pro_asp_ws/ws_px4_controls/install/px4_msgs/include/px4_msgs/px4_msgs/msg/detail/sensor_combined__builder.hpp\n'}
[0.783983] (px4_msgs) StdoutLine: {'line': b'-- Up-to-date: /home/jmj/pro_asp_ws/ws_px4_controls/install/px4_msgs/include/px4_msgs/px4_msgs/msg/detail/trajectory_setpoint6dof__builder.hpp\n'}
[0.784004] (px4_msgs) StdoutLine: {'line': b'-- Up-to-date: /home/jmj/pro_asp_ws/ws_px4_controls/install/px4_msgs/include/px4_msgs/px4_msgs/msg/detail/rtl_time_estimate__traits.hpp\n'}
[0.784025] (px4_msgs) StdoutLine: {'line': b'-- Up-to-date: /home/jmj/pro_asp_ws/ws_px4_controls/install/px4_msgs/include/px4_msgs/px4_msgs/msg/detail/estimator_selector_status__type_support.hpp\n'}
[0.784046] (px4_msgs) StdoutLine: {'line': b'-- Up-to-date: /home/jmj/pro_asp_ws/ws_px4_controls/install/px4_msgs/include/px4_msgs/px4_msgs/msg/detail/onboard_computer_status__builder.hpp\n'}
[0.784069] (px4_msgs) StdoutLine: {'line': b'-- Up-to-date: /home/jmj/pro_asp_ws/ws_px4_controls/install/px4_msgs/include/px4_msgs/px4_msgs/msg/detail/estimator_status_flags__type_support.hpp\n'}
[0.784090] (px4_msgs) StdoutLine: {'line': b'-- Up-to-date: /home/jmj/pro_asp_ws/ws_px4_controls/install/px4_msgs/include/px4_msgs/px4_msgs/msg/detail/velocity_limits__traits.hpp\n'}
[0.784111] (px4_msgs) StdoutLine: {'line': b'-- Up-to-date: /home/jmj/pro_asp_ws/ws_px4_controls/install/px4_msgs/include/px4_msgs/px4_msgs/msg/detail/sensor_uwb__struct.hpp\n'}
[0.784131] (px4_msgs) StdoutLine: {'line': b'-- Up-to-date: /home/jmj/pro_asp_ws/ws_px4_controls/install/px4_msgs/include/px4_msgs/px4_msgs/msg/detail/yaw_estimator_status__builder.hpp\n'}
[0.784152] (px4_msgs) StdoutLine: {'line': b'-- Up-to-date: /home/jmj/pro_asp_ws/ws_px4_controls/install/px4_msgs/include/px4_msgs/px4_msgs/msg/detail/navigator_status__type_support.hpp\n'}
[0.784173] (px4_msgs) StdoutLine: {'line': b'-- Up-to-date: /home/jmj/pro_asp_ws/ws_px4_controls/install/px4_msgs/include/px4_msgs/px4_msgs/msg/detail/sensor_uwb__traits.hpp\n'}
[0.784194] (px4_msgs) StdoutLine: {'line': b'-- Up-to-date: /home/jmj/pro_asp_ws/ws_px4_controls/install/px4_msgs/include/px4_msgs/px4_msgs/msg/detail/orb_test_medium__builder.hpp\n'}
[0.784217] (px4_msgs) StdoutLine: {'line': b'-- Up-to-date: /home/jmj/pro_asp_ws/ws_px4_controls/install/px4_msgs/include/px4_msgs/px4_msgs/msg/detail/manual_control_switches__builder.hpp\n'}
[0.784237] (px4_msgs) StdoutLine: {'line': b'-- Up-to-date: /home/jmj/pro_asp_ws/ws_px4_controls/install/px4_msgs/include/px4_msgs/px4_msgs/msg/detail/vehicle_imu_status__type_support.hpp\n'}
[0.784258] (px4_msgs) StdoutLine: {'line': b'-- Up-to-date: /home/jmj/pro_asp_ws/ws_px4_controls/install/px4_msgs/include/px4_msgs/px4_msgs/msg/detail/arming_check_reply__builder.hpp\n'}
[0.784279] (px4_msgs) StdoutLine: {'line': b'-- Up-to-date: /home/jmj/pro_asp_ws/ws_px4_controls/install/px4_msgs/include/px4_msgs/px4_msgs/msg/detail/timesync_status__struct.hpp\n'}
[0.784300] (px4_msgs) StdoutLine: {'line': b'-- Up-to-date: /home/jmj/pro_asp_ws/ws_px4_controls/install/px4_msgs/include/px4_msgs/px4_msgs/msg/detail/follow_target_estimator__builder.hpp\n'}
[0.784324] (px4_msgs) StdoutLine: {'line': b'-- Up-to-date: /home/jmj/pro_asp_ws/ws_px4_controls/install/px4_msgs/include/px4_msgs/px4_msgs/msg/detail/actuator_motors__traits.hpp\n'}
[0.784345] (px4_msgs) StdoutLine: {'line': b'-- Up-to-date: /home/jmj/pro_asp_ws/ws_px4_controls/install/px4_msgs/include/px4_msgs/px4_msgs/msg/detail/radio_status__type_support.hpp\n'}
[0.784365] (px4_msgs) StdoutLine: {'line': b'-- Up-to-date: /home/jmj/pro_asp_ws/ws_px4_controls/install/px4_msgs/include/px4_msgs/px4_msgs/msg/detail/vehicle_odometry__struct.hpp\n'}
[0.784386] (px4_msgs) StdoutLine: {'line': b'-- Up-to-date: /home/jmj/pro_asp_ws/ws_px4_controls/install/px4_msgs/include/px4_msgs/px4_msgs/msg/detail/debug_vect__builder.hpp\n'}
[0.784408] (px4_msgs) StdoutLine: {'line': b'-- Up-to-date: /home/jmj/pro_asp_ws/ws_px4_controls/install/px4_msgs/include/px4_msgs/px4_msgs/msg/detail/open_drone_id_operator_id__type_support.hpp\n'}
[0.784429] (px4_msgs) StdoutLine: {'line': b'-- Up-to-date: /home/jmj/pro_asp_ws/ws_px4_controls/install/px4_msgs/include/px4_msgs/px4_msgs/msg/detail/failsafe_flags__type_support.hpp\n'}
[0.784450] (px4_msgs) StdoutLine: {'line': b'-- Up-to-date: /home/jmj/pro_asp_ws/ws_px4_controls/install/px4_msgs/include/px4_msgs/px4_msgs/msg/detail/airspeed_validated__builder.hpp\n'}
[0.784471] (px4_msgs) StdoutLine: {'line': b'-- Up-to-date: /home/jmj/pro_asp_ws/ws_px4_controls/install/px4_msgs/include/px4_msgs/px4_msgs/msg/detail/gimbal_device_attitude_status__type_support.hpp\n'}
[0.784491] (px4_msgs) StdoutLine: {'line': b'-- Up-to-date: /home/jmj/pro_asp_ws/ws_px4_controls/install/px4_msgs/include/px4_msgs/px4_msgs/msg/detail/fixed_wing_runway_control__traits.hpp\n'}
[0.784512] (px4_msgs) StdoutLine: {'line': b'-- Up-to-date: /home/jmj/pro_asp_ws/ws_px4_controls/install/px4_msgs/include/px4_msgs/px4_msgs/msg/detail/sensor_gyro_fifo__type_support.hpp\n'}
[0.784533] (px4_msgs) StdoutLine: {'line': b'-- Up-to-date: /home/jmj/pro_asp_ws/ws_px4_controls/install/px4_msgs/include/px4_msgs/px4_msgs/msg/detail/landing_gear_wheel__struct.hpp\n'}
[0.784557] (px4_msgs) StdoutLine: {'line': b'-- Up-to-date: /home/jmj/pro_asp_ws/ws_px4_controls/install/px4_msgs/include/px4_msgs/px4_msgs/msg/detail/gimbal_manager_status__builder.hpp\n'}
[0.784577] (px4_msgs) StdoutLine: {'line': b'-- Up-to-date: /home/jmj/pro_asp_ws/ws_px4_controls/install/px4_msgs/include/px4_msgs/px4_msgs/msg/detail/gimbal_manager_set_attitude__traits.hpp\n'}
[0.784598] (px4_msgs) StdoutLine: {'line': b'-- Up-to-date: /home/jmj/pro_asp_ws/ws_px4_controls/install/px4_msgs/include/px4_msgs/px4_msgs/msg/detail/ping__struct.hpp\n'}
[0.784619] (px4_msgs) StdoutLine: {'line': b'-- Up-to-date: /home/jmj/pro_asp_ws/ws_px4_controls/install/px4_msgs/include/px4_msgs/px4_msgs/msg/detail/led_control__type_support.hpp\n'}
[0.784641] (px4_msgs) StdoutLine: {'line': b'-- Up-to-date: /home/jmj/pro_asp_ws/ws_px4_controls/install/px4_msgs/include/px4_msgs/px4_msgs/msg/detail/follow_target_status__type_support.hpp\n'}
[0.784663] (px4_msgs) StdoutLine: {'line': b'-- Up-to-date: /home/jmj/pro_asp_ws/ws_px4_controls/install/px4_msgs/include/px4_msgs/px4_msgs/msg/detail/sensor_airflow__type_support.hpp\n'}
[0.784686] (px4_msgs) StdoutLine: {'line': b'-- Up-to-date: /home/jmj/pro_asp_ws/ws_px4_controls/install/px4_msgs/include/px4_msgs/px4_msgs/msg/detail/gpio_in__traits.hpp\n'}
[0.784706] (px4_msgs) StdoutLine: {'line': b'-- Up-to-date: /home/jmj/pro_asp_ws/ws_px4_controls/install/px4_msgs/include/px4_msgs/px4_msgs/msg/detail/mount_orientation__type_support.hpp\n'}
[0.784727] (px4_msgs) StdoutLine: {'line': b'-- Up-to-date: /home/jmj/pro_asp_ws/ws_px4_controls/install/px4_msgs/include/px4_msgs/px4_msgs/msg/detail/heater_status__type_support.hpp\n'}
[0.784749] (px4_msgs) StdoutLine: {'line': b'-- Up-to-date: /home/jmj/pro_asp_ws/ws_px4_controls/install/px4_msgs/include/px4_msgs/px4_msgs/msg/detail/position_setpoint__builder.hpp\n'}
[0.784773] (px4_msgs) StdoutLine: {'line': b'-- Up-to-date: /home/jmj/pro_asp_ws/ws_px4_controls/install/px4_msgs/include/px4_msgs/px4_msgs/msg/detail/open_drone_id_operator_id__struct.hpp\n'}
[0.784795] (px4_msgs) StdoutLine: {'line': b'-- Up-to-date: /home/jmj/pro_asp_ws/ws_px4_controls/install/px4_msgs/include/px4_msgs/px4_msgs/msg/detail/fixed_wing_lateral_setpoint__traits.hpp\n'}
[0.784816] (px4_msgs) StdoutLine: {'line': b'-- Up-to-date: /home/jmj/pro_asp_ws/ws_px4_controls/install/px4_msgs/include/px4_msgs/px4_msgs/msg/detail/sensors_status__struct.hpp\n'}
[0.784837] (px4_msgs) StdoutLine: {'line': b'-- Up-to-date: /home/jmj/pro_asp_ws/ws_px4_controls/install/px4_msgs/include/px4_msgs/px4_msgs/msg/detail/ekf2_timestamps__traits.hpp\n'}
[0.784859] (px4_msgs) StdoutLine: {'line': b'-- Up-to-date: /home/jmj/pro_asp_ws/ws_px4_controls/install/px4_msgs/include/px4_msgs/px4_msgs/msg/detail/px4io_status__struct.hpp\n'}
[0.784880] (px4_msgs) StdoutLine: {'line': b'-- Up-to-date: /home/jmj/pro_asp_ws/ws_px4_controls/install/px4_msgs/include/px4_msgs/px4_msgs/msg/detail/actuator_controls_status__traits.hpp\n'}
[0.784901] (px4_msgs) StdoutLine: {'line': b'-- Up-to-date: /home/jmj/pro_asp_ws/ws_px4_controls/install/px4_msgs/include/px4_msgs/px4_msgs/msg/detail/vehicle_local_position__traits.hpp\n'}
[0.784922] (px4_msgs) StdoutLine: {'line': b'-- Up-to-date: /home/jmj/pro_asp_ws/ws_px4_controls/install/px4_msgs/include/px4_msgs/px4_msgs/msg/detail/rover_steering_setpoint__builder.hpp\n'}
[0.784948] (px4_msgs) StdoutLine: {'line': b'-- Up-to-date: /home/jmj/pro_asp_ws/ws_px4_controls/install/px4_msgs/include/px4_msgs/px4_msgs/msg/detail/irlock_report__type_support.hpp\n'}
[0.784969] (px4_msgs) StdoutLine: {'line': b'-- Up-to-date: /home/jmj/pro_asp_ws/ws_px4_controls/install/px4_msgs/include/px4_msgs/px4_msgs/msg/detail/vehicle_land_detected__struct.hpp\n'}
[0.784990] (px4_msgs) StdoutLine: {'line': b'-- Up-to-date: /home/jmj/pro_asp_ws/ws_px4_controls/install/px4_msgs/include/px4_msgs/px4_msgs/msg/detail/launch_detection_status__type_support.hpp\n'}
[0.785012] (px4_msgs) StdoutLine: {'line': b'-- Up-to-date: /home/jmj/pro_asp_ws/ws_px4_controls/install/px4_msgs/include/px4_msgs/px4_msgs/msg/detail/mavlink_tunnel__traits.hpp\n'}
[0.785033] (px4_msgs) StdoutLine: {'line': b'-- Up-to-date: /home/jmj/pro_asp_ws/ws_px4_controls/install/px4_msgs/include/px4_msgs/px4_msgs/msg/detail/trajectory_setpoint6dof__type_support.hpp\n'}
[0.785054] (px4_msgs) StdoutLine: {'line': b'-- Up-to-date: /home/jmj/pro_asp_ws/ws_px4_controls/install/px4_msgs/include/px4_msgs/px4_msgs/msg/detail/debug_vect__struct.hpp\n'}
[0.785074] (px4_msgs) StdoutLine: {'line': b'-- Up-to-date: /home/jmj/pro_asp_ws/ws_px4_controls/install/px4_msgs/include/px4_msgs/px4_msgs/msg/detail/message_format_request__builder.hpp\n'}
[0.785096] (px4_msgs) StdoutLine: {'line': b'-- Up-to-date: /home/jmj/pro_asp_ws/ws_px4_controls/install/px4_msgs/include/px4_msgs/px4_msgs/msg/detail/sensor_gyro_fft__type_support.hpp\n'}
[0.785118] (px4_msgs) StdoutLine: {'line': b'-- Up-to-date: /home/jmj/pro_asp_ws/ws_px4_controls/install/px4_msgs/include/px4_msgs/px4_msgs/msg/detail/fuel_tank_status__type_support.hpp\n'}
[0.785140] (px4_msgs) StdoutLine: {'line': b'-- Up-to-date: /home/jmj/pro_asp_ws/ws_px4_controls/install/px4_msgs/include/px4_msgs/px4_msgs/msg/detail/position_setpoint_triplet__builder.hpp\n'}
[0.785164] (px4_msgs) StdoutLine: {'line': b'-- Up-to-date: /home/jmj/pro_asp_ws/ws_px4_controls/install/px4_msgs/include/px4_msgs/px4_msgs/msg/detail/health_report__struct.hpp\n'}
[0.785185] (px4_msgs) StdoutLine: {'line': b'-- Up-to-date: /home/jmj/pro_asp_ws/ws_px4_controls/install/px4_msgs/include/px4_msgs/px4_msgs/msg/detail/rate_ctrl_status__builder.hpp\n'}
[0.785206] (px4_msgs) StdoutLine: {'line': b'-- Up-to-date: /home/jmj/pro_asp_ws/ws_px4_controls/install/px4_msgs/include/px4_msgs/px4_msgs/msg/detail/pwm_input__traits.hpp\n'}
[0.785227] (px4_msgs) StdoutLine: {'line': b'-- Up-to-date: /home/jmj/pro_asp_ws/ws_px4_controls/install/px4_msgs/include/px4_msgs/px4_msgs/msg/detail/rover_rate_setpoint__type_support.hpp\n'}
[0.785249] (px4_msgs) StdoutLine: {'line': b'-- Up-to-date: /home/jmj/pro_asp_ws/ws_px4_controls/install/px4_msgs/include/px4_msgs/px4_msgs/msg/detail/distance_sensor_mode_change_request__builder.hpp\n'}
[0.785270] (px4_msgs) StdoutLine: {'line': b'-- Up-to-date: /home/jmj/pro_asp_ws/ws_px4_controls/install/px4_msgs/include/px4_msgs/px4_msgs/msg/detail/estimator_innovations__struct.hpp\n'}
[0.785291] (px4_msgs) StdoutLine: {'line': b'-- Up-to-date: /home/jmj/pro_asp_ws/ws_px4_controls/install/px4_msgs/include/px4_msgs/px4_msgs/msg/detail/tune_control__traits.hpp\n'}
[0.785312] (px4_msgs) StdoutLine: {'line': b'-- Up-to-date: /home/jmj/pro_asp_ws/ws_px4_controls/install/px4_msgs/include/px4_msgs/px4_msgs/msg/detail/follow_target_status__struct.hpp\n'}
[0.785333] (px4_msgs) StdoutLine: {'line': b'-- Up-to-date: /home/jmj/pro_asp_ws/ws_px4_controls/install/px4_msgs/include/px4_msgs/px4_msgs/msg/detail/can_interface_status__struct.hpp\n'}
[0.785354] (px4_msgs) StdoutLine: {'line': b'-- Up-to-date: /home/jmj/pro_asp_ws/ws_px4_controls/install/px4_msgs/include/px4_msgs/px4_msgs/msg/detail/gimbal_manager_status__traits.hpp\n'}
[0.785374] (px4_msgs) StdoutLine: {'line': b'-- Up-to-date: /home/jmj/pro_asp_ws/ws_px4_controls/install/px4_msgs/include/px4_msgs/px4_msgs/msg/detail/obstacle_distance__builder.hpp\n'}
[0.785395] (px4_msgs) StdoutLine: {'line': b'-- Up-to-date: /home/jmj/pro_asp_ws/ws_px4_controls/install/px4_msgs/include/px4_msgs/px4_msgs/msg/detail/ekf2_timestamps__builder.hpp\n'}
[0.785416] (px4_msgs) StdoutLine: {'line': b'-- Up-to-date: /home/jmj/pro_asp_ws/ws_px4_controls/install/px4_msgs/include/px4_msgs/px4_msgs/msg/detail/gpio_in__builder.hpp\n'}
[0.785438] (px4_msgs) StdoutLine: {'line': b'-- Up-to-date: /home/jmj/pro_asp_ws/ws_px4_controls/install/px4_msgs/include/px4_msgs/px4_msgs/msg/detail/rc_parameter_map__struct.hpp\n'}
[0.785460] (px4_msgs) StdoutLine: {'line': b'-- Up-to-date: /home/jmj/pro_asp_ws/ws_px4_controls/install/px4_msgs/include/px4_msgs/px4_msgs/msg/detail/takeoff_status__traits.hpp\n'}
[0.785483] (px4_msgs) StdoutLine: {'line': b'-- Up-to-date: /home/jmj/pro_asp_ws/ws_px4_controls/install/px4_msgs/include/px4_msgs/px4_msgs/msg/detail/vehicle_constraints__builder.hpp\n'}
[0.785508] (px4_msgs) StdoutLine: {'line': b'-- Up-to-date: /home/jmj/pro_asp_ws/ws_px4_controls/install/px4_msgs/include/px4_msgs/px4_msgs/msg/detail/estimator_event_flags__builder.hpp\n'}
[0.785529] (px4_msgs) StdoutLine: {'line': b'-- Up-to-date: /home/jmj/pro_asp_ws/ws_px4_controls/install/px4_msgs/include/px4_msgs/px4_msgs/msg/detail/event__traits.hpp\n'}
[0.785550] (px4_msgs) StdoutLine: {'line': b'-- Up-to-date: /home/jmj/pro_asp_ws/ws_px4_controls/install/px4_msgs/include/px4_msgs/px4_msgs/msg/detail/follow_target__builder.hpp\n'}
[0.785571] (px4_msgs) StdoutLine: {'line': b'-- Up-to-date: /home/jmj/pro_asp_ws/ws_px4_controls/install/px4_msgs/include/px4_msgs/px4_msgs/msg/detail/pps_capture__type_support.hpp\n'}
[0.785596] (px4_msgs) StdoutLine: {'line': b'-- Up-to-date: /home/jmj/pro_asp_ws/ws_px4_controls/install/px4_msgs/include/px4_msgs/px4_msgs/msg/detail/vehicle_acceleration__traits.hpp\n'}
[0.785617] (px4_msgs) StdoutLine: {'line': b'-- Up-to-date: /home/jmj/pro_asp_ws/ws_px4_controls/install/px4_msgs/include/px4_msgs/px4_msgs/msg/detail/sensor_combined__traits.hpp\n'}
[0.785639] (px4_msgs) StdoutLine: {'line': b'-- Up-to-date: /home/jmj/pro_asp_ws/ws_px4_controls/install/px4_msgs/include/px4_msgs/px4_msgs/msg/detail/control_allocator_status__builder.hpp\n'}
[0.785660] (px4_msgs) StdoutLine: {'line': b'-- Up-to-date: /home/jmj/pro_asp_ws/ws_px4_controls/install/px4_msgs/include/px4_msgs/px4_msgs/msg/detail/mode_completed__traits.hpp\n'}
[0.785681] (px4_msgs) StdoutLine: {'line': b'-- Up-to-date: /home/jmj/pro_asp_ws/ws_px4_controls/install/px4_msgs/include/px4_msgs/px4_msgs/msg/detail/camera_capture__type_support.hpp\n'}
[0.785702] (px4_msgs) StdoutLine: {'line': b'-- Up-to-date: /home/jmj/pro_asp_ws/ws_px4_controls/install/px4_msgs/include/px4_msgs/px4_msgs/msg/detail/sensor_uwb__builder.hpp\n'}
[0.785723] (px4_msgs) StdoutLine: {'line': b'-- Up-to-date: /home/jmj/pro_asp_ws/ws_px4_controls/install/px4_msgs/include/px4_msgs/px4_msgs/msg/detail/qshell_retval__struct.hpp\n'}
[0.785744] (px4_msgs) StdoutLine: {'line': b'-- Up-to-date: /home/jmj/pro_asp_ws/ws_px4_controls/install/px4_msgs/include/px4_msgs/px4_msgs/msg/detail/vehicle_land_detected__builder.hpp\n'}
[0.785772] (px4_msgs) StdoutLine: {'line': b'-- Up-to-date: /home/jmj/pro_asp_ws/ws_px4_controls/install/px4_msgs/include/px4_msgs/px4_msgs/msg/detail/telemetry_status__struct.hpp\n'}
[0.785795] (px4_msgs) StdoutLine: {'line': b'-- Up-to-date: /home/jmj/pro_asp_ws/ws_px4_controls/install/px4_msgs/include/px4_msgs/px4_msgs/msg/detail/rover_velocity_setpoint__type_support.hpp\n'}
[0.785819] (px4_msgs) StdoutLine: {'line': b'-- Up-to-date: /home/jmj/pro_asp_ws/ws_px4_controls/install/px4_msgs/include/px4_msgs/px4_msgs/msg/detail/camera_status__builder.hpp\n'}
[0.785841] (px4_msgs) StdoutLine: {'line': b'-- Up-to-date: /home/jmj/pro_asp_ws/ws_px4_controls/install/px4_msgs/include/px4_msgs/px4_msgs/msg/detail/gimbal_device_information__type_support.hpp\n'}
[0.785864] (px4_msgs) StdoutLine: {'line': b'-- Up-to-date: /home/jmj/pro_asp_ws/ws_px4_controls/install/px4_msgs/include/px4_msgs/px4_msgs/msg/detail/position_controller_status__builder.hpp\n'}
[0.785887] (px4_msgs) StdoutLine: {'line': b'-- Up-to-date: /home/jmj/pro_asp_ws/ws_px4_controls/install/px4_msgs/include/px4_msgs/px4_msgs/msg/detail/debug_key_value__struct.hpp\n'}
[0.785910] (px4_msgs) StdoutLine: {'line': b'-- Up-to-date: /home/jmj/pro_asp_ws/ws_px4_controls/install/px4_msgs/include/px4_msgs/px4_msgs/msg/detail/parameter_reset_request__traits.hpp\n'}
[0.785934] (px4_msgs) StdoutLine: {'line': b'-- Up-to-date: /home/jmj/pro_asp_ws/ws_px4_controls/install/px4_msgs/include/px4_msgs/px4_msgs/msg/detail/vehicle_command__type_support.hpp\n'}
[0.785966] (px4_msgs) StdoutLine: {'line': b'-- Up-to-date: /home/jmj/pro_asp_ws/ws_px4_controls/install/px4_msgs/include/px4_msgs/px4_msgs/msg/detail/estimator_gps_status__traits.hpp\n'}
[0.786004] (px4_msgs) StdoutLine: {'line': b'-- Up-to-date: /home/jmj/pro_asp_ws/ws_px4_controls/install/px4_msgs/include/px4_msgs/px4_msgs/msg/detail/vehicle_command_ack__builder.hpp\n'}
[0.786040] (px4_msgs) StdoutLine: {'line': b'-- Up-to-date: /home/jmj/pro_asp_ws/ws_px4_controls/install/px4_msgs/include/px4_msgs/px4_msgs/msg/detail/gps_dump__builder.hpp\n'}
[0.786067] (px4_msgs) StdoutLine: {'line': b'-- Up-to-date: /home/jmj/pro_asp_ws/ws_px4_controls/install/px4_msgs/include/px4_msgs/px4_msgs/msg/detail/navigator_status__struct.hpp\n'}
[0.786093] (px4_msgs) StdoutLine: {'line': b'-- Up-to-date: /home/jmj/pro_asp_ws/ws_px4_controls/install/px4_msgs/include/px4_msgs/px4_msgs/msg/detail/vehicle_command__struct.hpp\n'}
[0.786118] (px4_msgs) StdoutLine: {'line': b'-- Up-to-date: /home/jmj/pro_asp_ws/ws_px4_controls/install/px4_msgs/include/px4_msgs/px4_msgs/msg/detail/parameter_update__struct.hpp\n'}
[0.786146] (px4_msgs) StdoutLine: {'line': b'-- Up-to-date: /home/jmj/pro_asp_ws/ws_px4_controls/install/px4_msgs/include/px4_msgs/px4_msgs/msg/detail/launch_detection_status__struct.hpp\n'}
[0.786185] (px4_msgs) StdoutLine: {'line': b'-- Up-to-date: /home/jmj/pro_asp_ws/ws_px4_controls/install/px4_msgs/include/px4_msgs/px4_msgs/msg/detail/sensor_optical_flow__builder.hpp\n'}
[0.786226] (px4_msgs) StdoutLine: {'line': b'-- Up-to-date: /home/jmj/pro_asp_ws/ws_px4_controls/install/px4_msgs/include/px4_msgs/px4_msgs/msg/detail/rate_ctrl_status__traits.hpp\n'}
[0.786264] (px4_msgs) StdoutLine: {'line': b'-- Up-to-date: /home/jmj/pro_asp_ws/ws_px4_controls/install/px4_msgs/include/px4_msgs/px4_msgs/msg/detail/landing_gear__type_support.hpp\n'}
[0.786294] (px4_msgs) StdoutLine: {'line': b'-- Up-to-date: /home/jmj/pro_asp_ws/ws_px4_controls/install/px4_msgs/include/px4_msgs/px4_msgs/msg/detail/pps_capture__struct.hpp\n'}
[0.786336] (px4_msgs) StdoutLine: {'line': b'-- Up-to-date: /home/jmj/pro_asp_ws/ws_px4_controls/install/px4_msgs/include/px4_msgs/px4_msgs/msg/detail/obstacle_distance__struct.hpp\n'}
[0.786362] (px4_msgs) StdoutLine: {'line': b'-- Up-to-date: /home/jmj/pro_asp_ws/ws_px4_controls/install/px4_msgs/include/px4_msgs/px4_msgs/msg/detail/arming_check_request__type_support.hpp\n'}
[0.786388] (px4_msgs) StdoutLine: {'line': b'-- Up-to-date: /home/jmj/pro_asp_ws/ws_px4_controls/install/px4_msgs/include/px4_msgs/px4_msgs/msg/detail/heater_status__struct.hpp\n'}
[0.786417] (px4_msgs) StdoutLine: {'line': b'-- Up-to-date: /home/jmj/pro_asp_ws/ws_px4_controls/install/px4_msgs/include/px4_msgs/px4_msgs/msg/detail/fixed_wing_runway_control__type_support.hpp\n'}
[0.786441] (px4_msgs) StdoutLine: {'line': b'-- Up-to-date: /home/jmj/pro_asp_ws/ws_px4_controls/install/px4_msgs/include/px4_msgs/px4_msgs/msg/detail/sensor_gnss_relative__struct.hpp\n'}
[0.786463] (px4_msgs) StdoutLine: {'line': b'-- Up-to-date: /home/jmj/pro_asp_ws/ws_px4_controls/install/px4_msgs/include/px4_msgs/px4_msgs/msg/detail/rover_position_setpoint__type_support.hpp\n'}
[0.786486] (px4_msgs) StdoutLine: {'line': b'-- Up-to-date: /home/jmj/pro_asp_ws/ws_px4_controls/install/px4_msgs/include/px4_msgs/px4_msgs/msg/detail/uavcan_parameter_value__struct.hpp\n'}
[0.786509] (px4_msgs) StdoutLine: {'line': b'-- Up-to-date: /home/jmj/pro_asp_ws/ws_px4_controls/install/px4_msgs/include/px4_msgs/px4_msgs/msg/detail/vehicle_imu_status__struct.hpp\n'}
[0.786532] (px4_msgs) StdoutLine: {'line': b'-- Up-to-date: /home/jmj/pro_asp_ws/ws_px4_controls/install/px4_msgs/include/px4_msgs/px4_msgs/msg/detail/irlock_report__builder.hpp\n'}
[0.786557] (px4_msgs) StdoutLine: {'line': b'-- Up-to-date: /home/jmj/pro_asp_ws/ws_px4_controls/install/px4_msgs/include/px4_msgs/px4_msgs/msg/detail/register_ext_component_reply__traits.hpp\n'}
[0.786580] (px4_msgs) StdoutLine: {'line': b'-- Up-to-date: /home/jmj/pro_asp_ws/ws_px4_controls/install/px4_msgs/include/px4_msgs/px4_msgs/msg/detail/sensor_gyro_fifo__traits.hpp\n'}
[0.786602] (px4_msgs) StdoutLine: {'line': b'-- Up-to-date: /home/jmj/pro_asp_ws/ws_px4_controls/install/px4_msgs/include/px4_msgs/px4_msgs/msg/detail/gimbal_manager_information__traits.hpp\n'}
[0.786624] (px4_msgs) StdoutLine: {'line': b'-- Up-to-date: /home/jmj/pro_asp_ws/ws_px4_controls/install/px4_msgs/include/px4_msgs/px4_msgs/msg/detail/vtol_vehicle_status__builder.hpp\n'}
[0.786653] (px4_msgs) StdoutLine: {'line': b'-- Up-to-date: /home/jmj/pro_asp_ws/ws_px4_controls/install/px4_msgs/include/px4_msgs/px4_msgs/msg/detail/vehicle_rates_setpoint__builder.hpp\n'}
[0.786677] (px4_msgs) StdoutLine: {'line': b'-- Up-to-date: /home/jmj/pro_asp_ws/ws_px4_controls/install/px4_msgs/include/px4_msgs/px4_msgs/msg/detail/input_rc__traits.hpp\n'}
[0.786708] (px4_msgs) StdoutLine: {'line': b'-- Up-to-date: /home/jmj/pro_asp_ws/ws_px4_controls/install/px4_msgs/include/px4_msgs/px4_msgs/msg/detail/estimator_bias3d__traits.hpp\n'}
[0.786736] (px4_msgs) StdoutLine: {'line': b'-- Up-to-date: /home/jmj/pro_asp_ws/ws_px4_controls/install/px4_msgs/include/px4_msgs/px4_msgs/msg/detail/manual_control_setpoint__type_support.hpp\n'}
[0.786779] (px4_msgs) StdoutLine: {'line': b'-- Up-to-date: /home/jmj/pro_asp_ws/ws_px4_controls/install/px4_msgs/include/px4_msgs/px4_msgs/msg/detail/cpuload__struct.hpp\n'}
[0.786808] (px4_msgs) StdoutLine: {'line': b'-- Up-to-date: /home/jmj/pro_asp_ws/ws_px4_controls/install/px4_msgs/include/px4_msgs/px4_msgs/msg/detail/follow_target__traits.hpp\n'}
[0.786845] (px4_msgs) StdoutLine: {'line': b'-- Up-to-date: /home/jmj/pro_asp_ws/ws_px4_controls/install/px4_msgs/include/px4_msgs/px4_msgs/msg/detail/register_ext_component_reply__type_support.hpp\n'}
[0.786880] (px4_msgs) StdoutLine: {'line': b'-- Up-to-date: /home/jmj/pro_asp_ws/ws_px4_controls/install/px4_msgs/include/px4_msgs/px4_msgs/msg/detail/trajectory_setpoint__traits.hpp\n'}
[0.786914] (px4_msgs) StdoutLine: {'line': b'-- Up-to-date: /home/jmj/pro_asp_ws/ws_px4_controls/install/px4_msgs/include/px4_msgs/px4_msgs/msg/detail/vehicle_rates_setpoint__struct.hpp\n'}
[0.786946] (px4_msgs) StdoutLine: {'line': b'-- Up-to-date: /home/jmj/pro_asp_ws/ws_px4_controls/install/px4_msgs/include/px4_msgs/px4_msgs/msg/detail/register_ext_component_request__type_support.hpp\n'}
[0.786976] (px4_msgs) StdoutLine: {'line': b'-- Up-to-date: /home/jmj/pro_asp_ws/ws_px4_controls/install/px4_msgs/include/px4_msgs/px4_msgs/msg/detail/estimator_aid_source3d__builder.hpp\n'}
[0.787008] (px4_msgs) StdoutLine: {'line': b'-- Up-to-date: /home/jmj/pro_asp_ws/ws_px4_controls/install/px4_msgs/include/px4_msgs/px4_msgs/msg/detail/radio_status__struct.hpp\n'}
[0.787037] (px4_msgs) StdoutLine: {'line': b'-- Up-to-date: /home/jmj/pro_asp_ws/ws_px4_controls/install/px4_msgs/include/px4_msgs/px4_msgs/msg/detail/ulog_stream__builder.hpp\n'}
[0.787065] (px4_msgs) StdoutLine: {'line': b'-- Up-to-date: /home/jmj/pro_asp_ws/ws_px4_controls/install/px4_msgs/include/px4_msgs/px4_msgs/msg/detail/vehicle_local_position__type_support.hpp\n'}
[0.787092] (px4_msgs) StdoutLine: {'line': b'-- Up-to-date: /home/jmj/pro_asp_ws/ws_px4_controls/install/px4_msgs/include/px4_msgs/px4_msgs/msg/detail/follow_target_estimator__traits.hpp\n'}
[0.787120] (px4_msgs) StdoutLine: {'line': b'-- Up-to-date: /home/jmj/pro_asp_ws/ws_px4_controls/install/px4_msgs/include/px4_msgs/px4_msgs/msg/detail/mavlink_log__traits.hpp\n'}
[0.787143] (px4_msgs) StdoutLine: {'line': b'-- Up-to-date: /home/jmj/pro_asp_ws/ws_px4_controls/install/px4_msgs/include/px4_msgs/px4_msgs/msg/detail/sensor_mag__type_support.hpp\n'}
[0.787166] (px4_msgs) StdoutLine: {'line': b'-- Up-to-date: /home/jmj/pro_asp_ws/ws_px4_controls/install/px4_msgs/include/px4_msgs/px4_msgs/msg/detail/adc_report__builder.hpp\n'}
[0.787200] (px4_msgs) StdoutLine: {'line': b'-- Up-to-date: /home/jmj/pro_asp_ws/ws_px4_controls/install/px4_msgs/include/px4_msgs/px4_msgs/msg/detail/ulog_stream__struct.hpp\n'}
[0.787234] (px4_msgs) StdoutLine: {'line': b'-- Up-to-date: /home/jmj/pro_asp_ws/ws_px4_controls/install/px4_msgs/include/px4_msgs/px4_msgs/msg/detail/distance_sensor_mode_change_request__traits.hpp\n'}
[0.787256] (px4_msgs) StdoutLine: {'line': b'-- Up-to-date: /home/jmj/pro_asp_ws/ws_px4_controls/install/px4_msgs/include/px4_msgs/px4_msgs/msg/detail/cpuload__type_support.hpp\n'}
[0.787279] (px4_msgs) StdoutLine: {'line': b'-- Up-to-date: /home/jmj/pro_asp_ws/ws_px4_controls/install/px4_msgs/include/px4_msgs/px4_msgs/msg/detail/actuator_motors__builder.hpp\n'}
[0.787303] (px4_msgs) StdoutLine: {'line': b'-- Up-to-date: /home/jmj/pro_asp_ws/ws_px4_controls/install/px4_msgs/include/px4_msgs/px4_msgs/msg/detail/flight_phase_estimation__builder.hpp\n'}
[0.787331] (px4_msgs) StdoutLine: {'line': b'-- Up-to-date: /home/jmj/pro_asp_ws/ws_px4_controls/install/px4_msgs/include/px4_msgs/px4_msgs/msg/detail/geofence_status__struct.hpp\n'}
[0.787356] (px4_msgs) StdoutLine: {'line': b'-- Up-to-date: /home/jmj/pro_asp_ws/ws_px4_controls/install/px4_msgs/include/px4_msgs/px4_msgs/msg/detail/open_drone_id_system__builder.hpp\n'}
[0.787378] (px4_msgs) StdoutLine: {'line': b'-- Up-to-date: /home/jmj/pro_asp_ws/ws_px4_controls/install/px4_msgs/include/px4_msgs/px4_msgs/msg/detail/gimbal_controls__struct.hpp\n'}
[0.787403] (px4_msgs) StdoutLine: {'line': b'-- Up-to-date: /home/jmj/pro_asp_ws/ws_px4_controls/install/px4_msgs/include/px4_msgs/px4_msgs/msg/detail/action_request__builder.hpp\n'}
[0.787449] (px4_msgs) StdoutLine: {'line': b'-- Up-to-date: /home/jmj/pro_asp_ws/ws_px4_controls/install/px4_msgs/include/px4_msgs/px4_msgs/msg/detail/sensor_preflight_mag__builder.hpp\n'}
[0.787489] (px4_msgs) StdoutLine: {'line': b'-- Up-to-date: /home/jmj/pro_asp_ws/ws_px4_controls/install/px4_msgs/include/px4_msgs/px4_msgs/msg/detail/geofence_result__type_support.hpp\n'}
[0.787532] (px4_msgs) StdoutLine: {'line': b'-- Up-to-date: /home/jmj/pro_asp_ws/ws_px4_controls/install/px4_msgs/include/px4_msgs/px4_msgs/msg/detail/hover_thrust_estimate__type_support.hpp\n'}
[0.787577] (px4_msgs) StdoutLine: {'line': b'-- Up-to-date: /home/jmj/pro_asp_ws/ws_px4_controls/install/px4_msgs/include/px4_msgs/px4_msgs/msg/detail/timesync_status__traits.hpp\n'}
[0.787623] (px4_msgs) StdoutLine: {'line': b'-- Up-to-date: /home/jmj/pro_asp_ws/ws_px4_controls/install/px4_msgs/include/px4_msgs/px4_msgs/msg/detail/gpio_config__struct.hpp\n'}
[0.787659] (px4_msgs) StdoutLine: {'line': b'-- Up-to-date: /home/jmj/pro_asp_ws/ws_px4_controls/install/px4_msgs/include/px4_msgs/px4_msgs/msg/detail/mavlink_tunnel__struct.hpp\n'}
[0.787688] (px4_msgs) StdoutLine: {'line': b'-- Up-to-date: /home/jmj/pro_asp_ws/ws_px4_controls/install/px4_msgs/include/px4_msgs/px4_msgs/msg/detail/vehicle_magnetometer__traits.hpp\n'}
[0.787713] (px4_msgs) StdoutLine: {'line': b'-- Up-to-date: /home/jmj/pro_asp_ws/ws_px4_controls/install/px4_msgs/include/px4_msgs/px4_msgs/msg/detail/button_event__traits.hpp\n'}
[0.787735] (px4_msgs) StdoutLine: {'line': b'-- Up-to-date: /home/jmj/pro_asp_ws/ws_px4_controls/install/px4_msgs/include/px4_msgs/px4_msgs/msg/detail/rover_attitude_status__struct.hpp\n'}
[0.787762] (px4_msgs) StdoutLine: {'line': b'-- Up-to-date: /home/jmj/pro_asp_ws/ws_px4_controls/install/px4_msgs/include/px4_msgs/px4_msgs/msg/detail/vehicle_acceleration__type_support.hpp\n'}
[0.787794] (px4_msgs) StdoutLine: {'line': b'-- Up-to-date: /home/jmj/pro_asp_ws/ws_px4_controls/install/px4_msgs/include/px4_msgs/px4_msgs/msg/detail/navigator_mission_item__builder.hpp\n'}
[0.787820] (px4_msgs) StdoutLine: {'line': b'-- Up-to-date: /home/jmj/pro_asp_ws/ws_px4_controls/install/px4_msgs/include/px4_msgs/px4_msgs/msg/detail/failure_detector_status__struct.hpp\n'}
[0.787842] (px4_msgs) StdoutLine: {'line': b'-- Up-to-date: /home/jmj/pro_asp_ws/ws_px4_controls/install/px4_msgs/include/px4_msgs/px4_msgs/msg/detail/actuator_controls_status__type_support.hpp\n'}
[0.787864] (px4_msgs) StdoutLine: {'line': b'-- Up-to-date: /home/jmj/pro_asp_ws/ws_px4_controls/install/px4_msgs/include/px4_msgs/px4_msgs/msg/detail/vehicle_imu__type_support.hpp\n'}
[0.787887] (px4_msgs) StdoutLine: {'line': b'-- Up-to-date: /home/jmj/pro_asp_ws/ws_px4_controls/install/px4_msgs/include/px4_msgs/px4_msgs/msg/detail/ulog_stream__type_support.hpp\n'}
[0.787912] (px4_msgs) StdoutLine: {'line': b'-- Up-to-date: /home/jmj/pro_asp_ws/ws_px4_controls/install/px4_msgs/include/px4_msgs/px4_msgs/msg/detail/orb_test__traits.hpp\n'}
[0.787943] (px4_msgs) StdoutLine: {'line': b'-- Up-to-date: /home/jmj/pro_asp_ws/ws_px4_controls/install/px4_msgs/include/px4_msgs/px4_msgs/msg/detail/mission_result__struct.hpp\n'}
[0.787976] (px4_msgs) StdoutLine: {'line': b'-- Up-to-date: /home/jmj/pro_asp_ws/ws_px4_controls/install/px4_msgs/include/px4_msgs/px4_msgs/msg/detail/estimator_selector_status__traits.hpp\n'}
[0.788007] (px4_msgs) StdoutLine: {'line': b'-- Up-to-date: /home/jmj/pro_asp_ws/ws_px4_controls/install/px4_msgs/include/px4_msgs/px4_msgs/msg/detail/esc_status__struct.hpp\n'}
[0.788040] (px4_msgs) StdoutLine: {'line': b'-- Up-to-date: /home/jmj/pro_asp_ws/ws_px4_controls/install/px4_msgs/include/px4_msgs/px4_msgs/msg/detail/uavcan_parameter_value__builder.hpp\n'}
[0.788073] (px4_msgs) StdoutLine: {'line': b'-- Up-to-date: /home/jmj/pro_asp_ws/ws_px4_controls/install/px4_msgs/include/px4_msgs/px4_msgs/msg/detail/rover_velocity_status__builder.hpp\n'}
[0.788106] (px4_msgs) StdoutLine: {'line': b'-- Up-to-date: /home/jmj/pro_asp_ws/ws_px4_controls/install/px4_msgs/include/px4_msgs/px4_msgs/msg/detail/esc_status__type_support.hpp\n'}
[0.788137] (px4_msgs) StdoutLine: {'line': b'-- Up-to-date: /home/jmj/pro_asp_ws/ws_px4_controls/install/px4_msgs/include/px4_msgs/px4_msgs/msg/detail/airspeed_wind__struct.hpp\n'}
[0.788160] (px4_msgs) StdoutLine: {'line': b'-- Up-to-date: /home/jmj/pro_asp_ws/ws_px4_controls/install/px4_msgs/include/px4_msgs/px4_msgs/msg/detail/rtl_time_estimate__struct.hpp\n'}
[0.788185] (px4_msgs) StdoutLine: {'line': b'-- Up-to-date: /home/jmj/pro_asp_ws/ws_px4_controls/install/px4_msgs/include/px4_msgs/px4_msgs/msg/detail/camera_trigger__builder.hpp\n'}
[0.788209] (px4_msgs) StdoutLine: {'line': b'-- Up-to-date: /home/jmj/pro_asp_ws/ws_px4_controls/install/px4_msgs/include/px4_msgs/px4_msgs/msg/detail/sensor_baro__type_support.hpp\n'}
[0.788233] (px4_msgs) StdoutLine: {'line': b'-- Up-to-date: /home/jmj/pro_asp_ws/ws_px4_controls/install/px4_msgs/include/px4_msgs/px4_msgs/msg/detail/mission__traits.hpp\n'}
[0.788264] (px4_msgs) StdoutLine: {'line': b'-- Up-to-date: /home/jmj/pro_asp_ws/ws_px4_controls/install/px4_msgs/include/px4_msgs/px4_msgs/msg/detail/parameter_set_value_request__struct.hpp\n'}
[0.788298] (px4_msgs) StdoutLine: {'line': b'-- Up-to-date: /home/jmj/pro_asp_ws/ws_px4_controls/install/px4_msgs/include/px4_msgs/px4_msgs/msg/detail/sensor_airflow__builder.hpp\n'}
[0.788326] (px4_msgs) StdoutLine: {'line': b'-- Up-to-date: /home/jmj/pro_asp_ws/ws_px4_controls/install/px4_msgs/include/px4_msgs/px4_msgs/msg/detail/vehicle_optical_flow__type_support.hpp\n'}
[0.788360] (px4_msgs) StdoutLine: {'line': b'-- Up-to-date: /home/jmj/pro_asp_ws/ws_px4_controls/install/px4_msgs/include/px4_msgs/px4_msgs/msg/detail/rc_channels__builder.hpp\n'}
[0.788388] (px4_msgs) StdoutLine: {'line': b'-- Up-to-date: /home/jmj/pro_asp_ws/ws_px4_controls/install/px4_msgs/include/px4_msgs/px4_msgs/msg/detail/debug_array__struct.hpp\n'}
[0.788410] (px4_msgs) StdoutLine: {'line': b'-- Up-to-date: /home/jmj/pro_asp_ws/ws_px4_controls/install/px4_msgs/include/px4_msgs/px4_msgs/msg/detail/estimator_aid_source1d__type_support.hpp\n'}
[0.788432] (px4_msgs) StdoutLine: {'line': b'-- Up-to-date: /home/jmj/pro_asp_ws/ws_px4_controls/install/px4_msgs/include/px4_msgs/px4_msgs/msg/detail/trajectory_setpoint__struct.hpp\n'}
[0.788453] (px4_msgs) StdoutLine: {'line': b'-- Up-to-date: /home/jmj/pro_asp_ws/ws_px4_controls/install/px4_msgs/include/px4_msgs/px4_msgs/msg/detail/sensor_mag__traits.hpp\n'}
[0.788473] (px4_msgs) StdoutLine: {'line': b'-- Up-to-date: /home/jmj/pro_asp_ws/ws_px4_controls/install/px4_msgs/include/px4_msgs/px4_msgs/msg/detail/wheel_encoders__builder.hpp\n'}
[0.788496] (px4_msgs) StdoutLine: {'line': b'-- Up-to-date: /home/jmj/pro_asp_ws/ws_px4_controls/install/px4_msgs/include/px4_msgs/px4_msgs/msg/detail/parameter_set_value_response__builder.hpp\n'}
[0.788516] (px4_msgs) StdoutLine: {'line': b'-- Up-to-date: /home/jmj/pro_asp_ws/ws_px4_controls/install/px4_msgs/include/px4_msgs/px4_msgs/msg/detail/geofence_status__traits.hpp\n'}
[0.788538] (px4_msgs) StdoutLine: {'line': b'-- Up-to-date: /home/jmj/pro_asp_ws/ws_px4_controls/install/px4_msgs/include/px4_msgs/px4_msgs/msg/detail/action_request__type_support.hpp\n'}
[0.788559] (px4_msgs) StdoutLine: {'line': b'-- Up-to-date: /home/jmj/pro_asp_ws/ws_px4_controls/install/px4_msgs/include/px4_msgs/px4_msgs/msg/detail/gimbal_device_set_attitude__builder.hpp\n'}
[0.788583] (px4_msgs) StdoutLine: {'line': b'-- Up-to-date: /home/jmj/pro_asp_ws/ws_px4_controls/install/px4_msgs/include/px4_msgs/px4_msgs/msg/detail/actuator_servos__traits.hpp\n'}
[0.788612] (px4_msgs) StdoutLine: {'line': b'-- Up-to-date: /home/jmj/pro_asp_ws/ws_px4_controls/install/px4_msgs/include/px4_msgs/px4_msgs/msg/detail/mode_completed__builder.hpp\n'}
[0.788644] (px4_msgs) StdoutLine: {'line': b'-- Up-to-date: /home/jmj/pro_asp_ws/ws_px4_controls/install/px4_msgs/include/px4_msgs/px4_msgs/msg/detail/open_drone_id_arm_status__type_support.hpp\n'}
[0.788675] (px4_msgs) StdoutLine: {'line': b'-- Up-to-date: /home/jmj/pro_asp_ws/ws_px4_controls/install/px4_msgs/include/px4_msgs/px4_msgs/msg/detail/distance_sensor__type_support.hpp\n'}
[0.788713] (px4_msgs) StdoutLine: {'line': b'-- Up-to-date: /home/jmj/pro_asp_ws/ws_px4_controls/install/px4_msgs/include/px4_msgs/px4_msgs/msg/detail/sensor_selection__struct.hpp\n'}
[0.788739] (px4_msgs) StdoutLine: {'line': b'-- Up-to-date: /home/jmj/pro_asp_ws/ws_px4_controls/install/px4_msgs/include/px4_msgs/px4_msgs/msg/detail/estimator_aid_source1d__traits.hpp\n'}
[0.788766] (px4_msgs) StdoutLine: {'line': b'-- Up-to-date: /home/jmj/pro_asp_ws/ws_px4_controls/install/px4_msgs/include/px4_msgs/px4_msgs/msg/detail/vehicle_status__struct.hpp\n'}
[0.788791] (px4_msgs) StdoutLine: {'line': b'-- Up-to-date: /home/jmj/pro_asp_ws/ws_px4_controls/install/px4_msgs/include/px4_msgs/px4_msgs/msg/detail/parameter_set_value_request__builder.hpp\n'}
[0.788812] (px4_msgs) StdoutLine: {'line': b'-- Up-to-date: /home/jmj/pro_asp_ws/ws_px4_controls/install/px4_msgs/include/px4_msgs/px4_msgs/msg/detail/health_report__type_support.hpp\n'}
[0.788837] (px4_msgs) StdoutLine: {'line': b'-- Up-to-date: /home/jmj/pro_asp_ws/ws_px4_controls/install/px4_msgs/include/px4_msgs/px4_msgs/msg/detail/sensor_gyro__traits.hpp\n'}
[0.788865] (px4_msgs) StdoutLine: {'line': b'-- Up-to-date: /home/jmj/pro_asp_ws/ws_px4_controls/install/px4_msgs/include/px4_msgs/px4_msgs/msg/detail/telemetry_status__builder.hpp\n'}
[0.788897] (px4_msgs) StdoutLine: {'line': b'-- Up-to-date: /home/jmj/pro_asp_ws/ws_px4_controls/install/px4_msgs/include/px4_msgs/px4_msgs/msg/detail/tiltrotor_extra_controls__struct.hpp\n'}
[0.788971] (px4_msgs) StdoutLine: {'line': b'-- Up-to-date: /home/jmj/pro_asp_ws/ws_px4_controls/install/px4_msgs/include/px4_msgs/px4_msgs/msg/detail/vehicle_air_data__struct.hpp\n'}
[0.788996] (px4_msgs) StdoutLine: {'line': b'-- Up-to-date: /home/jmj/pro_asp_ws/ws_px4_controls/install/px4_msgs/include/px4_msgs/px4_msgs/msg/detail/estimator_bias3d__struct.hpp\n'}
[0.789019] (px4_msgs) StdoutLine: {'line': b'-- Up-to-date: /home/jmj/pro_asp_ws/ws_px4_controls/install/px4_msgs/include/px4_msgs/px4_msgs/msg/detail/timesync_status__type_support.hpp\n'}
[0.789046] (px4_msgs) StdoutLine: {'line': b'-- Up-to-date: /home/jmj/pro_asp_ws/ws_px4_controls/install/px4_msgs/include/px4_msgs/px4_msgs/msg/detail/estimator_innovations__type_support.hpp\n'}
[0.789072] (px4_msgs) StdoutLine: {'line': b'-- Up-to-date: /home/jmj/pro_asp_ws/ws_px4_controls/install/px4_msgs/include/px4_msgs/px4_msgs/msg/detail/airspeed_validated__type_support.hpp\n'}
[0.789093] (px4_msgs) StdoutLine: {'line': b'-- Up-to-date: /home/jmj/pro_asp_ws/ws_px4_controls/install/px4_msgs/include/px4_msgs/px4_msgs/msg/detail/vehicle_control_mode__builder.hpp\n'}
[0.789115] (px4_msgs) StdoutLine: {'line': b'-- Up-to-date: /home/jmj/pro_asp_ws/ws_px4_controls/install/px4_msgs/include/px4_msgs/px4_msgs/msg/detail/wheel_encoders__traits.hpp\n'}
[0.789136] (px4_msgs) StdoutLine: {'line': b'-- Up-to-date: /home/jmj/pro_asp_ws/ws_px4_controls/install/px4_msgs/include/px4_msgs/px4_msgs/msg/detail/gpio_out__traits.hpp\n'}
[0.789158] (px4_msgs) StdoutLine: {'line': b'-- Up-to-date: /home/jmj/pro_asp_ws/ws_px4_controls/install/px4_msgs/include/px4_msgs/px4_msgs/msg/detail/orb_test_large__struct.hpp\n'}
[0.789178] (px4_msgs) StdoutLine: {'line': b'-- Up-to-date: /home/jmj/pro_asp_ws/ws_px4_controls/install/px4_msgs/include/px4_msgs/px4_msgs/msg/detail/message_format_response__builder.hpp\n'}
[0.789200] (px4_msgs) StdoutLine: {'line': b'-- Up-to-date: /home/jmj/pro_asp_ws/ws_px4_controls/install/px4_msgs/include/px4_msgs/px4_msgs/msg/detail/estimator_bias__type_support.hpp\n'}
[0.789221] (px4_msgs) StdoutLine: {'line': b'-- Up-to-date: /home/jmj/pro_asp_ws/ws_px4_controls/install/px4_msgs/include/px4_msgs/px4_msgs/msg/detail/gpio_config__type_support.hpp\n'}
[0.789243] (px4_msgs) StdoutLine: {'line': b'-- Up-to-date: /home/jmj/pro_asp_ws/ws_px4_controls/install/px4_msgs/include/px4_msgs/px4_msgs/msg/detail/transponder_report__type_support.hpp\n'}
[0.789264] (px4_msgs) StdoutLine: {'line': b'-- Up-to-date: /home/jmj/pro_asp_ws/ws_px4_controls/install/px4_msgs/include/px4_msgs/px4_msgs/msg/detail/estimator_bias__struct.hpp\n'}
[0.789288] (px4_msgs) StdoutLine: {'line': b'-- Up-to-date: /home/jmj/pro_asp_ws/ws_px4_controls/install/px4_msgs/include/px4_msgs/px4_msgs/msg/detail/pure_pursuit_status__traits.hpp\n'}
[0.789309] (px4_msgs) StdoutLine: {'line': b'-- Up-to-date: /home/jmj/pro_asp_ws/ws_px4_controls/install/px4_msgs/include/px4_msgs/px4_msgs/msg/detail/sensor_correction__traits.hpp\n'}
[0.789331] (px4_msgs) StdoutLine: {'line': b'-- Up-to-date: /home/jmj/pro_asp_ws/ws_px4_controls/install/px4_msgs/include/px4_msgs/px4_msgs/msg/detail/vehicle_attitude__builder.hpp\n'}
[0.789352] (px4_msgs) StdoutLine: {'line': b'-- Up-to-date: /home/jmj/pro_asp_ws/ws_px4_controls/install/px4_msgs/include/px4_msgs/px4_msgs/msg/detail/gimbal_device_set_attitude__traits.hpp\n'}
[0.789373] (px4_msgs) StdoutLine: {'line': b'-- Up-to-date: /home/jmj/pro_asp_ws/ws_px4_controls/install/px4_msgs/include/px4_msgs/px4_msgs/msg/detail/iridiumsbd_status__traits.hpp\n'}
[0.789395] (px4_msgs) StdoutLine: {'line': b'-- Up-to-date: /home/jmj/pro_asp_ws/ws_px4_controls/install/px4_msgs/include/px4_msgs/px4_msgs/msg/detail/actuator_test__type_support.hpp\n'}
[0.789421] (px4_msgs) StdoutLine: {'line': b'-- Up-to-date: /home/jmj/pro_asp_ws/ws_px4_controls/install/px4_msgs/include/px4_msgs/px4_msgs/msg/detail/sensors_status__type_support.hpp\n'}
[0.789456] (px4_msgs) StdoutLine: {'line': b'-- Up-to-date: /home/jmj/pro_asp_ws/ws_px4_controls/install/px4_msgs/include/px4_msgs/px4_msgs/msg/detail/battery_status__struct.hpp\n'}
[0.789495] (px4_msgs) StdoutLine: {'line': b'-- Up-to-date: /home/jmj/pro_asp_ws/ws_px4_controls/install/px4_msgs/include/px4_msgs/px4_msgs/msg/detail/landing_gear__builder.hpp\n'}
[0.789527] (px4_msgs) StdoutLine: {'line': b'-- Up-to-date: /home/jmj/pro_asp_ws/ws_px4_controls/install/px4_msgs/include/px4_msgs/px4_msgs/msg/detail/distance_sensor_mode_change_request__struct.hpp\n'}
[0.789559] (px4_msgs) StdoutLine: {'line': b'-- Up-to-date: /home/jmj/pro_asp_ws/ws_px4_controls/install/px4_msgs/include/px4_msgs/px4_msgs/msg/detail/autotune_attitude_control_status__type_support.hpp\n'}
[0.789592] (px4_msgs) StdoutLine: {'line': b'-- Up-to-date: /home/jmj/pro_asp_ws/ws_px4_controls/install/px4_msgs/include/px4_msgs/px4_msgs/msg/detail/open_drone_id_self_id__struct.hpp\n'}
[0.789625] (px4_msgs) StdoutLine: {'line': b'-- Up-to-date: /home/jmj/pro_asp_ws/ws_px4_controls/install/px4_msgs/include/px4_msgs/px4_msgs/msg/detail/actuator_outputs__type_support.hpp\n'}
[0.789655] (px4_msgs) StdoutLine: {'line': b'-- Up-to-date: /home/jmj/pro_asp_ws/ws_px4_controls/install/px4_msgs/include/px4_msgs/px4_msgs/msg/detail/rover_rate_setpoint__traits.hpp\n'}
[0.789691] (px4_msgs) StdoutLine: {'line': b'-- Up-to-date: /home/jmj/pro_asp_ws/ws_px4_controls/install/px4_msgs/include/px4_msgs/px4_msgs/msg/detail/fixed_wing_lateral_guidance_status__builder.hpp\n'}
[0.789730] (px4_msgs) StdoutLine: {'line': b'-- Up-to-date: /home/jmj/pro_asp_ws/ws_px4_controls/install/px4_msgs/include/px4_msgs/px4_msgs/msg/detail/vehicle_attitude__traits.hpp\n'}
[0.789770] (px4_msgs) StdoutLine: {'line': b'-- Up-to-date: /home/jmj/pro_asp_ws/ws_px4_controls/install/px4_msgs/include/px4_msgs/px4_msgs/msg/detail/vehicle_attitude__struct.hpp\n'}
[0.789807] (px4_msgs) StdoutLine: {'line': b'-- Up-to-date: /home/jmj/pro_asp_ws/ws_px4_controls/install/px4_msgs/include/px4_msgs/px4_msgs/msg/detail/open_drone_id_system__traits.hpp\n'}
[0.789844] (px4_msgs) StdoutLine: {'line': b'-- Up-to-date: /home/jmj/pro_asp_ws/ws_px4_controls/install/px4_msgs/include/px4_msgs/px4_msgs/msg/detail/navigator_mission_item__type_support.hpp\n'}
[0.789884] (px4_msgs) StdoutLine: {'line': b'-- Up-to-date: /home/jmj/pro_asp_ws/ws_px4_controls/install/px4_msgs/include/px4_msgs/px4_msgs/msg/detail/vehicle_angular_acceleration_setpoint__struct.hpp\n'}
[0.789918] (px4_msgs) StdoutLine: {'line': b'-- Up-to-date: /home/jmj/pro_asp_ws/ws_px4_controls/install/px4_msgs/include/px4_msgs/px4_msgs/msg/detail/actuator_outputs__traits.hpp\n'}
[0.789953] (px4_msgs) StdoutLine: {'line': b'-- Up-to-date: /home/jmj/pro_asp_ws/ws_px4_controls/install/px4_msgs/include/px4_msgs/px4_msgs/msg/detail/config_overrides__struct.hpp\n'}
[0.789991] (px4_msgs) StdoutLine: {'line': b'-- Up-to-date: /home/jmj/pro_asp_ws/ws_px4_controls/install/px4_msgs/include/px4_msgs/px4_msgs/msg/detail/satellite_info__traits.hpp\n'}
[0.790026] (px4_msgs) StdoutLine: {'line': b'-- Up-to-date: /home/jmj/pro_asp_ws/ws_px4_controls/install/px4_msgs/include/px4_msgs/px4_msgs/msg/detail/rover_velocity_setpoint__traits.hpp\n'}
[0.790065] (px4_msgs) StdoutLine: {'line': b'-- Up-to-date: /home/jmj/pro_asp_ws/ws_px4_controls/install/px4_msgs/include/px4_msgs/px4_msgs/msg/detail/estimator_states__type_support.hpp\n'}
[0.790098] (px4_msgs) StdoutLine: {'line': b'-- Up-to-date: /home/jmj/pro_asp_ws/ws_px4_controls/install/px4_msgs/include/px4_msgs/px4_msgs/msg/detail/estimator_aid_source2d__traits.hpp\n'}
[0.790132] (px4_msgs) StdoutLine: {'line': b'-- Up-to-date: /home/jmj/pro_asp_ws/ws_px4_controls/install/px4_msgs/include/px4_msgs/px4_msgs/msg/detail/vehicle_imu_status__builder.hpp\n'}
[0.790169] (px4_msgs) StdoutLine: {'line': b'-- Up-to-date: /home/jmj/pro_asp_ws/ws_px4_controls/install/px4_msgs/include/px4_msgs/px4_msgs/msg/detail/collision_constraints__traits.hpp\n'}
[0.790206] (px4_msgs) StdoutLine: {'line': b'-- Up-to-date: /home/jmj/pro_asp_ws/ws_px4_controls/install/px4_msgs/include/px4_msgs/px4_msgs/msg/detail/register_ext_component_reply__builder.hpp\n'}
[0.790243] (px4_msgs) StdoutLine: {'line': b'-- Up-to-date: /home/jmj/pro_asp_ws/ws_px4_controls/install/px4_msgs/include/px4_msgs/px4_msgs/msg/detail/gpio_in__type_support.hpp\n'}
[0.790280] (px4_msgs) StdoutLine: {'line': b'-- Up-to-date: /home/jmj/pro_asp_ws/ws_px4_controls/install/px4_msgs/include/px4_msgs/px4_msgs/msg/detail/position_controller_landing_status__traits.hpp\n'}
[0.790316] (px4_msgs) StdoutLine: {'line': b'-- Up-to-date: /home/jmj/pro_asp_ws/ws_px4_controls/install/px4_msgs/include/px4_msgs/px4_msgs/msg/detail/estimator_bias3d__builder.hpp\n'}
[0.790353] (px4_msgs) StdoutLine: {'line': b'-- Up-to-date: /home/jmj/pro_asp_ws/ws_px4_controls/install/px4_msgs/include/px4_msgs/px4_msgs/msg/detail/task_stack_info__traits.hpp\n'}
[0.790389] (px4_msgs) StdoutLine: {'line': b'-- Up-to-date: /home/jmj/pro_asp_ws/ws_px4_controls/install/px4_msgs/include/px4_msgs/px4_msgs/msg/detail/home_position__struct.hpp\n'}
[0.790425] (px4_msgs) StdoutLine: {'line': b'-- Up-to-date: /home/jmj/pro_asp_ws/ws_px4_controls/install/px4_msgs/include/px4_msgs/px4_msgs/msg/detail/sensor_mag__builder.hpp\n'}
[0.790462] (px4_msgs) StdoutLine: {'line': b'-- Up-to-date: /home/jmj/pro_asp_ws/ws_px4_controls/install/px4_msgs/include/px4_msgs/px4_msgs/msg/detail/transponder_report__struct.hpp\n'}
[0.790497] (px4_msgs) StdoutLine: {'line': b'-- Up-to-date: /home/jmj/pro_asp_ws/ws_px4_controls/install/px4_msgs/include/px4_msgs/px4_msgs/msg/detail/power_monitor__struct.hpp\n'}
[0.790530] (px4_msgs) StdoutLine: {'line': b'-- Up-to-date: /home/jmj/pro_asp_ws/ws_px4_controls/install/px4_msgs/include/px4_msgs/px4_msgs/msg/detail/sensors_status__traits.hpp\n'}
[0.790564] (px4_msgs) StdoutLine: {'line': b'-- Up-to-date: /home/jmj/pro_asp_ws/ws_px4_controls/install/px4_msgs/include/px4_msgs/px4_msgs/msg/detail/vehicle_local_position_setpoint__traits.hpp\n'}
[0.790598] (px4_msgs) StdoutLine: {'line': b'-- Up-to-date: /home/jmj/pro_asp_ws/ws_px4_controls/install/px4_msgs/include/px4_msgs/px4_msgs/msg/detail/ulog_stream__traits.hpp\n'}
[0.790629] (px4_msgs) StdoutLine: {'line': b'-- Up-to-date: /home/jmj/pro_asp_ws/ws_px4_controls/install/px4_msgs/include/px4_msgs/px4_msgs/msg/detail/vehicle_odometry__builder.hpp\n'}
[0.790652] (px4_msgs) StdoutLine: {'line': b'-- Up-to-date: /home/jmj/pro_asp_ws/ws_px4_controls/install/px4_msgs/include/px4_msgs/px4_msgs/msg/detail/gps_dump__traits.hpp\n'}
[0.790678] (px4_msgs) StdoutLine: {'line': b'-- Up-to-date: /home/jmj/pro_asp_ws/ws_px4_controls/install/px4_msgs/include/px4_msgs/px4_msgs/msg/detail/cellular_status__traits.hpp\n'}
[0.790701] (px4_msgs) StdoutLine: {'line': b'-- Up-to-date: /home/jmj/pro_asp_ws/ws_px4_controls/install/px4_msgs/include/px4_msgs/px4_msgs/msg/detail/unregister_ext_component__builder.hpp\n'}
[0.790729] (px4_msgs) StdoutLine: {'line': b'-- Up-to-date: /home/jmj/pro_asp_ws/ws_px4_controls/install/px4_msgs/include/px4_msgs/px4_msgs/msg/detail/sensor_correction__builder.hpp\n'}
[0.790765] (px4_msgs) StdoutLine: {'line': b'-- Up-to-date: /home/jmj/pro_asp_ws/ws_px4_controls/install/px4_msgs/include/px4_msgs/px4_msgs/msg/detail/vehicle_attitude_setpoint__traits.hpp\n'}
[0.790865] (px4_msgs) StdoutLine: {'line': b'-- Up-to-date: /home/jmj/pro_asp_ws/ws_px4_controls/install/px4_msgs/include/px4_msgs/px4_msgs/msg/detail/parameter_set_used_request__traits.hpp\n'}
[0.790908] (px4_msgs) StdoutLine: {'line': b'-- Up-to-date: /home/jmj/pro_asp_ws/ws_px4_controls/install/px4_msgs/include/px4_msgs/px4_msgs/msg/detail/control_allocator_status__traits.hpp\n'}
[0.790936] (px4_msgs) StdoutLine: {'line': b'-- Up-to-date: /home/jmj/pro_asp_ws/ws_px4_controls/install/px4_msgs/include/px4_msgs/px4_msgs/msg/detail/telemetry_status__type_support.hpp\n'}
[0.790959] (px4_msgs) StdoutLine: {'line': b'-- Up-to-date: /home/jmj/pro_asp_ws/ws_px4_controls/install/px4_msgs/include/px4_msgs/px4_msgs/msg/detail/gimbal_manager_set_manual_control__type_support.hpp\n'}
[0.790985] (px4_msgs) StdoutLine: {'line': b'-- Up-to-date: /home/jmj/pro_asp_ws/ws_px4_controls/install/px4_msgs/include/px4_msgs/px4_msgs/msg/detail/rover_throttle_setpoint__struct.hpp\n'}
[0.791008] (px4_msgs) StdoutLine: {'line': b'-- Up-to-date: /home/jmj/pro_asp_ws/ws_px4_controls/install/px4_msgs/include/px4_msgs/px4_msgs/msg/detail/generator_status__builder.hpp\n'}
[0.791030] (px4_msgs) StdoutLine: {'line': b'-- Up-to-date: /home/jmj/pro_asp_ws/ws_px4_controls/install/px4_msgs/include/px4_msgs/px4_msgs/msg/detail/mag_worker_data__builder.hpp\n'}
[0.791052] (px4_msgs) StdoutLine: {'line': b'-- Up-to-date: /home/jmj/pro_asp_ws/ws_px4_controls/install/px4_msgs/include/px4_msgs/px4_msgs/msg/detail/rtl_status__builder.hpp\n'}
[0.791074] (px4_msgs) StdoutLine: {'line': b'-- Up-to-date: /home/jmj/pro_asp_ws/ws_px4_controls/install/px4_msgs/include/px4_msgs/px4_msgs/msg/detail/mission__builder.hpp\n'}
[0.791096] (px4_msgs) StdoutLine: {'line': b'-- Up-to-date: /home/jmj/pro_asp_ws/ws_px4_controls/install/px4_msgs/include/px4_msgs/px4_msgs/msg/detail/estimator_sensor_bias__struct.hpp\n'}
[0.791118] (px4_msgs) StdoutLine: {'line': b'-- Up-to-date: /home/jmj/pro_asp_ws/ws_px4_controls/install/px4_msgs/include/px4_msgs/px4_msgs/msg/detail/sensor_hygrometer__type_support.hpp\n'}
[0.791140] (px4_msgs) StdoutLine: {'line': b'-- Up-to-date: /home/jmj/pro_asp_ws/ws_px4_controls/install/px4_msgs/include/px4_msgs/px4_msgs/msg/detail/rtl_status__struct.hpp\n'}
[0.791162] (px4_msgs) StdoutLine: {'line': b'-- Up-to-date: /home/jmj/pro_asp_ws/ws_px4_controls/install/px4_msgs/include/px4_msgs/px4_msgs/msg/detail/vehicle_air_data__type_support.hpp\n'}
[0.791184] (px4_msgs) StdoutLine: {'line': b'-- Up-to-date: /home/jmj/pro_asp_ws/ws_px4_controls/install/px4_msgs/include/px4_msgs/px4_msgs/msg/detail/parameter_reset_request__type_support.hpp\n'}
[0.791206] (px4_msgs) StdoutLine: {'line': b'-- Up-to-date: /home/jmj/pro_asp_ws/ws_px4_controls/install/px4_msgs/include/px4_msgs/px4_msgs/msg/detail/ping__type_support.hpp\n'}
[0.791227] (px4_msgs) StdoutLine: {'line': b'-- Up-to-date: /home/jmj/pro_asp_ws/ws_px4_controls/install/px4_msgs/include/px4_msgs/px4_msgs/msg/detail/debug_value__type_support.hpp\n'}
[0.791248] (px4_msgs) StdoutLine: {'line': b'-- Up-to-date: /home/jmj/pro_asp_ws/ws_px4_controls/install/px4_msgs/include/px4_msgs/px4_msgs/msg/detail/position_controller_status__traits.hpp\n'}
[0.791270] (px4_msgs) StdoutLine: {'line': b'-- Up-to-date: /home/jmj/pro_asp_ws/ws_px4_controls/install/px4_msgs/include/px4_msgs/px4_msgs/msg/detail/actuator_controls_status__struct.hpp\n'}
[0.791291] (px4_msgs) StdoutLine: {'line': b'-- Up-to-date: /home/jmj/pro_asp_ws/ws_px4_controls/install/px4_msgs/include/px4_msgs/px4_msgs/msg/detail/actuator_servos_trim__type_support.hpp\n'}
[0.791312] (px4_msgs) StdoutLine: {'line': b'-- Up-to-date: /home/jmj/pro_asp_ws/ws_px4_controls/install/px4_msgs/include/px4_msgs/px4_msgs/msg/detail/gimbal_device_attitude_status__traits.hpp\n'}
[0.791350] (px4_msgs) StdoutLine: {'line': b'-- Up-to-date: /home/jmj/pro_asp_ws/ws_px4_controls/install/px4_msgs/include/px4_msgs/px4_msgs/msg/detail/parameter_update__traits.hpp\n'}
[0.791371] (px4_msgs) StdoutLine: {'line': b'-- Up-to-date: /home/jmj/pro_asp_ws/ws_px4_controls/install/px4_msgs/include/px4_msgs/px4_msgs/msg/detail/distance_sensor__struct.hpp\n'}
[0.791392] (px4_msgs) StdoutLine: {'line': b'-- Up-to-date: /home/jmj/pro_asp_ws/ws_px4_controls/install/px4_msgs/include/px4_msgs/px4_msgs/msg/detail/telemetry_status__traits.hpp\n'}
[0.791419] (px4_msgs) StdoutLine: {'line': b'-- Up-to-date: /home/jmj/pro_asp_ws/ws_px4_controls/install/px4_msgs/include/px4_msgs/px4_msgs/msg/detail/estimator_sensor_bias__traits.hpp\n'}
[0.791440] (px4_msgs) StdoutLine: {'line': b'-- Up-to-date: /home/jmj/pro_asp_ws/ws_px4_controls/install/px4_msgs/include/px4_msgs/px4_msgs/msg/detail/rate_ctrl_status__struct.hpp\n'}
[0.791461] (px4_msgs) StdoutLine: {'line': b'-- Up-to-date: /home/jmj/pro_asp_ws/ws_px4_controls/install/px4_msgs/include/px4_msgs/px4_msgs/msg/detail/gpio_out__type_support.hpp\n'}
[0.791483] (px4_msgs) StdoutLine: {'line': b'-- Up-to-date: /home/jmj/pro_asp_ws/ws_px4_controls/install/px4_msgs/include/px4_msgs/px4_msgs/msg/detail/sensor_gyro_fifo__struct.hpp\n'}
[0.791504] (px4_msgs) StdoutLine: {'line': b'-- Up-to-date: /home/jmj/pro_asp_ws/ws_px4_controls/install/px4_msgs/include/px4_msgs/px4_msgs/msg/detail/airspeed__struct.hpp\n'}
[0.791530] (px4_msgs) StdoutLine: {'line': b'-- Up-to-date: /home/jmj/pro_asp_ws/ws_px4_controls/install/px4_msgs/include/px4_msgs/px4_msgs/msg/detail/gpio_request__builder.hpp\n'}
[0.791551] (px4_msgs) StdoutLine: {'line': b'-- Up-to-date: /home/jmj/pro_asp_ws/ws_px4_controls/install/px4_msgs/include/px4_msgs/px4_msgs/msg/detail/follow_target__type_support.hpp\n'}
[0.791573] (px4_msgs) StdoutLine: {'line': b'-- Up-to-date: /home/jmj/pro_asp_ws/ws_px4_controls/install/px4_msgs/include/px4_msgs/px4_msgs/msg/detail/fuel_tank_status__traits.hpp\n'}
[0.791594] (px4_msgs) StdoutLine: {'line': b'-- Up-to-date: /home/jmj/pro_asp_ws/ws_px4_controls/install/px4_msgs/include/px4_msgs/px4_msgs/msg/detail/mission_result__type_support.hpp\n'}
[0.791615] (px4_msgs) StdoutLine: {'line': b'-- Up-to-date: /home/jmj/pro_asp_ws/ws_px4_controls/install/px4_msgs/include/px4_msgs/px4_msgs/msg/detail/offboard_control_mode__traits.hpp\n'}
[0.791636] (px4_msgs) StdoutLine: {'line': b'-- Up-to-date: /home/jmj/pro_asp_ws/ws_px4_controls/install/px4_msgs/include/px4_msgs/px4_msgs/msg/detail/estimator_innovations__traits.hpp\n'}
[0.791657] (px4_msgs) StdoutLine: {'line': b'-- Up-to-date: /home/jmj/pro_asp_ws/ws_px4_controls/install/px4_msgs/include/px4_msgs/px4_msgs/msg/detail/orb_test__type_support.hpp\n'}
[0.791679] (px4_msgs) StdoutLine: {'line': b'-- Up-to-date: /home/jmj/pro_asp_ws/ws_px4_controls/install/px4_msgs/include/px4_msgs/px4_msgs/msg/detail/fixed_wing_runway_control__struct.hpp\n'}
[0.791703] (px4_msgs) StdoutLine: {'line': b'-- Up-to-date: /home/jmj/pro_asp_ws/ws_px4_controls/install/px4_msgs/include/px4_msgs/px4_msgs/msg/detail/fixed_wing_lateral_status__builder.hpp\n'}
[0.791726] (px4_msgs) StdoutLine: {'line': b'-- Up-to-date: /home/jmj/pro_asp_ws/ws_px4_controls/install/px4_msgs/include/px4_msgs/px4_msgs/msg/detail/actuator_armed__struct.hpp\n'}
[0.791747] (px4_msgs) StdoutLine: {'line': b'-- Up-to-date: /home/jmj/pro_asp_ws/ws_px4_controls/install/px4_msgs/include/px4_msgs/px4_msgs/msg/detail/vehicle_roi__builder.hpp\n'}
[0.791775] (px4_msgs) StdoutLine: {'line': b'-- Up-to-date: /home/jmj/pro_asp_ws/ws_px4_controls/install/px4_msgs/include/px4_msgs/px4_msgs/msg/detail/actuator_armed__type_support.hpp\n'}
[0.791799] (px4_msgs) StdoutLine: {'line': b'-- Up-to-date: /home/jmj/pro_asp_ws/ws_px4_controls/install/px4_msgs/include/px4_msgs/px4_msgs/msg/detail/vehicle_global_position__builder.hpp\n'}
[0.791823] (px4_msgs) StdoutLine: {'line': b'-- Up-to-date: /home/jmj/pro_asp_ws/ws_px4_controls/install/px4_msgs/include/px4_msgs/px4_msgs/msg/detail/airspeed_wind__builder.hpp\n'}
[0.791849] (px4_msgs) StdoutLine: {'line': b'-- Up-to-date: /home/jmj/pro_asp_ws/ws_px4_controls/install/px4_msgs/include/px4_msgs/px4_msgs/msg/detail/vehicle_roi__traits.hpp\n'}
[0.791870] (px4_msgs) StdoutLine: {'line': b'-- Up-to-date: /home/jmj/pro_asp_ws/ws_px4_controls/install/px4_msgs/include/px4_msgs/px4_msgs/msg/detail/vehicle_thrust_setpoint__builder.hpp\n'}
[0.791893] (px4_msgs) StdoutLine: {'line': b'-- Up-to-date: /home/jmj/pro_asp_ws/ws_px4_controls/install/px4_msgs/include/px4_msgs/px4_msgs/msg/detail/landing_target_pose__traits.hpp\n'}
[0.791914] (px4_msgs) StdoutLine: {'line': b'-- Up-to-date: /home/jmj/pro_asp_ws/ws_px4_controls/install/px4_msgs/include/px4_msgs/px4_msgs/msg/detail/ping__traits.hpp\n'}
[0.791935] (px4_msgs) StdoutLine: {'line': b'-- Up-to-date: /home/jmj/pro_asp_ws/ws_px4_controls/install/px4_msgs/include/px4_msgs/px4_msgs/msg/detail/debug_value__builder.hpp\n'}
[0.791956] (px4_msgs) StdoutLine: {'line': b'-- Up-to-date: /home/jmj/pro_asp_ws/ws_px4_controls/install/px4_msgs/include/px4_msgs/px4_msgs/msg/detail/sensor_gnss_relative__type_support.hpp\n'}
[0.791978] (px4_msgs) StdoutLine: {'line': b'-- Up-to-date: /home/jmj/pro_asp_ws/ws_px4_controls/install/px4_msgs/include/px4_msgs/px4_msgs/msg/detail/collision_constraints__type_support.hpp\n'}
[0.791999] (px4_msgs) StdoutLine: {'line': b'-- Up-to-date: /home/jmj/pro_asp_ws/ws_px4_controls/install/px4_msgs/include/px4_msgs/px4_msgs/msg/detail/button_event__type_support.hpp\n'}
[0.792021] (px4_msgs) StdoutLine: {'line': b'-- Up-to-date: /home/jmj/pro_asp_ws/ws_px4_controls/install/px4_msgs/include/px4_msgs/px4_msgs/msg/detail/vehicle_angular_velocity__traits.hpp\n'}
[0.792042] (px4_msgs) StdoutLine: {'line': b'-- Up-to-date: /home/jmj/pro_asp_ws/ws_px4_controls/install/px4_msgs/include/px4_msgs/px4_msgs/msg/detail/rover_rate_status__struct.hpp\n'}
[0.792068] (px4_msgs) StdoutLine: {'line': b'-- Up-to-date: /home/jmj/pro_asp_ws/ws_px4_controls/install/px4_msgs/include/px4_msgs/px4_msgs/msg/detail/position_setpoint__traits.hpp\n'}
[0.792089] (px4_msgs) StdoutLine: {'line': b'-- Up-to-date: /home/jmj/pro_asp_ws/ws_px4_controls/install/px4_msgs/include/px4_msgs/px4_msgs/msg/detail/transponder_report__builder.hpp\n'}
[0.792110] (px4_msgs) StdoutLine: {'line': b'-- Up-to-date: /home/jmj/pro_asp_ws/ws_px4_controls/install/px4_msgs/include/px4_msgs/px4_msgs/msg/detail/geofence_result__traits.hpp\n'}
[0.792132] (px4_msgs) StdoutLine: {'line': b'-- Up-to-date: /home/jmj/pro_asp_ws/ws_px4_controls/install/px4_msgs/include/px4_msgs/px4_msgs/msg/detail/vehicle_global_position__type_support.hpp\n'}
[0.792154] (px4_msgs) StdoutLine: {'line': b'-- Up-to-date: /home/jmj/pro_asp_ws/ws_px4_controls/install/px4_msgs/include/px4_msgs/px4_msgs/msg/detail/mission_result__builder.hpp\n'}
[0.792175] (px4_msgs) StdoutLine: {'line': b'-- Up-to-date: /home/jmj/pro_asp_ws/ws_px4_controls/install/px4_msgs/include/px4_msgs/px4_msgs/msg/detail/actuator_servos_trim__struct.hpp\n'}
[0.792202] (px4_msgs) StdoutLine: {'line': b'-- Up-to-date: /home/jmj/pro_asp_ws/ws_px4_controls/install/px4_msgs/include/px4_msgs/px4_msgs/msg/detail/generator_status__type_support.hpp\n'}
[0.792224] (px4_msgs) StdoutLine: {'line': b'-- Up-to-date: /home/jmj/pro_asp_ws/ws_px4_controls/install/px4_msgs/include/px4_msgs/px4_msgs/msg/detail/rover_attitude_setpoint__type_support.hpp\n'}
[0.792245] (px4_msgs) StdoutLine: {'line': b'-- Up-to-date: /home/jmj/pro_asp_ws/ws_px4_controls/install/px4_msgs/include/px4_msgs/px4_msgs/msg/detail/vehicle_angular_velocity__struct.hpp\n'}
[0.792267] (px4_msgs) StdoutLine: {'line': b'-- Up-to-date: /home/jmj/pro_asp_ws/ws_px4_controls/install/px4_msgs/include/px4_msgs/px4_msgs/msg/detail/gpio_config__traits.hpp\n'}
[0.792289] (px4_msgs) StdoutLine: {'line': b'-- Up-to-date: /home/jmj/pro_asp_ws/ws_px4_controls/install/px4_msgs/include/px4_msgs/px4_msgs/msg/detail/control_allocator_status__type_support.hpp\n'}
[0.792313] (px4_msgs) StdoutLine: {'line': b'-- Up-to-date: /home/jmj/pro_asp_ws/ws_px4_controls/install/px4_msgs/include/px4_msgs/px4_msgs/msg/detail/rover_attitude_setpoint__traits.hpp\n'}
[0.792335] (px4_msgs) StdoutLine: {'line': b'-- Up-to-date: /home/jmj/pro_asp_ws/ws_px4_controls/install/px4_msgs/include/px4_msgs/px4_msgs/msg/detail/uavcan_parameter_value__type_support.hpp\n'}
[0.792358] (px4_msgs) StdoutLine: {'line': b'-- Up-to-date: /home/jmj/pro_asp_ws/ws_px4_controls/install/px4_msgs/include/px4_msgs/px4_msgs/msg/detail/collision_constraints__builder.hpp\n'}
[0.792380] (px4_msgs) StdoutLine: {'line': b'-- Up-to-date: /home/jmj/pro_asp_ws/ws_px4_controls/install/px4_msgs/include/px4_msgs/px4_msgs/msg/detail/velocity_limits__struct.hpp\n'}
[0.792402] (px4_msgs) StdoutLine: {'line': b'-- Up-to-date: /home/jmj/pro_asp_ws/ws_px4_controls/install/px4_msgs/include/px4_msgs/px4_msgs/msg/detail/vehicle_optical_flow_vel__builder.hpp\n'}
[0.792425] (px4_msgs) StdoutLine: {'line': b'-- Up-to-date: /home/jmj/pro_asp_ws/ws_px4_controls/install/px4_msgs/include/px4_msgs/px4_msgs/msg/detail/trajectory_setpoint__type_support.hpp\n'}
[0.792449] (px4_msgs) StdoutLine: {'line': b'-- Up-to-date: /home/jmj/pro_asp_ws/ws_px4_controls/install/px4_msgs/include/px4_msgs/px4_msgs/msg/detail/gimbal_manager_set_attitude__struct.hpp\n'}
[0.792471] (px4_msgs) StdoutLine: {'line': b'-- Up-to-date: /home/jmj/pro_asp_ws/ws_px4_controls/install/px4_msgs/include/px4_msgs/px4_msgs/msg/detail/longitudinal_control_configuration__struct.hpp\n'}
[0.792495] (px4_msgs) StdoutLine: {'line': b'-- Up-to-date: /home/jmj/pro_asp_ws/ws_px4_controls/install/px4_msgs/include/px4_msgs/px4_msgs/msg/detail/estimator_bias__builder.hpp\n'}
[0.792516] (px4_msgs) StdoutLine: {'line': b'-- Up-to-date: /home/jmj/pro_asp_ws/ws_px4_controls/install/px4_msgs/include/px4_msgs/px4_msgs/msg/detail/figure_eight_status__type_support.hpp\n'}
[0.792538] (px4_msgs) StdoutLine: {'line': b'-- Up-to-date: /home/jmj/pro_asp_ws/ws_px4_controls/install/px4_msgs/include/px4_msgs/px4_msgs/msg/detail/log_message__type_support.hpp\n'}
[0.792560] (px4_msgs) StdoutLine: {'line': b'-- Up-to-date: /home/jmj/pro_asp_ws/ws_px4_controls/install/px4_msgs/include/px4_msgs/px4_msgs/msg/detail/magnetometer_bias_estimate__traits.hpp\n'}
[0.792584] (px4_msgs) StdoutLine: {'line': b'-- Up-to-date: /home/jmj/pro_asp_ws/ws_px4_controls/install/px4_msgs/include/px4_msgs/px4_msgs/msg/detail/gimbal_controls__builder.hpp\n'}
[0.792607] (px4_msgs) StdoutLine: {'line': b'-- Up-to-date: /home/jmj/pro_asp_ws/ws_px4_controls/install/px4_msgs/include/px4_msgs/px4_msgs/msg/detail/arming_check_reply__struct.hpp\n'}
[0.792630] (px4_msgs) StdoutLine: {'line': b'-- Up-to-date: /home/jmj/pro_asp_ws/ws_px4_controls/install/px4_msgs/include/px4_msgs/px4_msgs/msg/detail/position_controller_status__type_support.hpp\n'}
[0.792654] (px4_msgs) StdoutLine: {'line': b'-- Up-to-date: /home/jmj/pro_asp_ws/ws_px4_controls/install/px4_msgs/include/px4_msgs/px4_msgs/msg/detail/distance_sensor__traits.hpp\n'}
[0.792681] (px4_msgs) StdoutLine: {'line': b'-- Up-to-date: /home/jmj/pro_asp_ws/ws_px4_controls/install/px4_msgs/include/px4_msgs/px4_msgs/msg/detail/magnetometer_bias_estimate__struct.hpp\n'}
[0.792706] (px4_msgs) StdoutLine: {'line': b'-- Up-to-date: /home/jmj/pro_asp_ws/ws_px4_controls/install/px4_msgs/include/px4_msgs/px4_msgs/msg/detail/button_event__struct.hpp\n'}
[0.792731] (px4_msgs) StdoutLine: {'line': b'-- Up-to-date: /home/jmj/pro_asp_ws/ws_px4_controls/install/px4_msgs/include/px4_msgs/px4_msgs/msg/detail/vtol_vehicle_status__struct.hpp\n'}
[0.792754] (px4_msgs) StdoutLine: {'line': b'-- Up-to-date: /home/jmj/pro_asp_ws/ws_px4_controls/install/px4_msgs/include/px4_msgs/px4_msgs/msg/detail/health_report__builder.hpp\n'}
[0.792780] (px4_msgs) StdoutLine: {'line': b'-- Up-to-date: /home/jmj/pro_asp_ws/ws_px4_controls/install/px4_msgs/include/px4_msgs/px4_msgs/msg/detail/lateral_control_configuration__type_support.hpp\n'}
[0.792803] (px4_msgs) StdoutLine: {'line': b'-- Up-to-date: /home/jmj/pro_asp_ws/ws_px4_controls/install/px4_msgs/include/px4_msgs/px4_msgs/msg/detail/sensor_gps__type_support.hpp\n'}
[0.792828] (px4_msgs) StdoutLine: {'line': b'-- Up-to-date: /home/jmj/pro_asp_ws/ws_px4_controls/install/px4_msgs/include/px4_msgs/px4_msgs/msg/detail/debug_vect__traits.hpp\n'}
[0.792851] (px4_msgs) StdoutLine: {'line': b'-- Up-to-date: /home/jmj/pro_asp_ws/ws_px4_controls/install/px4_msgs/include/px4_msgs/px4_msgs/msg/detail/gimbal_controls__type_support.hpp\n'}
[0.792877] (px4_msgs) StdoutLine: {'line': b'-- Up-to-date: /home/jmj/pro_asp_ws/ws_px4_controls/install/px4_msgs/include/px4_msgs/px4_msgs/msg/detail/mavlink_log__struct.hpp\n'}
[0.792901] (px4_msgs) StdoutLine: {'line': b'-- Up-to-date: /home/jmj/pro_asp_ws/ws_px4_controls/install/px4_msgs/include/px4_msgs/px4_msgs/msg/detail/rc_parameter_map__builder.hpp\n'}
[0.792925] (px4_msgs) StdoutLine: {'line': b'-- Up-to-date: /home/jmj/pro_asp_ws/ws_px4_controls/install/px4_msgs/include/px4_msgs/px4_msgs/msg/detail/open_drone_id_arm_status__builder.hpp\n'}
[0.792957] (px4_msgs) StdoutLine: {'line': b'-- Up-to-date: /home/jmj/pro_asp_ws/ws_px4_controls/install/px4_msgs/include/px4_msgs/px4_msgs/msg/detail/gimbal_manager_information__builder.hpp\n'}
[0.792986] (px4_msgs) StdoutLine: {'line': b'-- Up-to-date: /home/jmj/pro_asp_ws/ws_px4_controls/install/px4_msgs/include/px4_msgs/px4_msgs/msg/detail/sensor_gps__struct.hpp\n'}
[0.793012] (px4_msgs) StdoutLine: {'line': b'-- Up-to-date: /home/jmj/pro_asp_ws/ws_px4_controls/install/px4_msgs/include/px4_msgs/px4_msgs/msg/detail/orb_test__builder.hpp\n'}
[0.793040] (px4_msgs) StdoutLine: {'line': b'-- Up-to-date: /home/jmj/pro_asp_ws/ws_px4_controls/install/px4_msgs/include/px4_msgs/px4_msgs/msg/detail/radio_status__builder.hpp\n'}
[0.793068] (px4_msgs) StdoutLine: {'line': b'-- Up-to-date: /home/jmj/pro_asp_ws/ws_px4_controls/install/px4_msgs/include/px4_msgs/px4_msgs/msg/detail/gimbal_device_information__struct.hpp\n'}
[0.793092] (px4_msgs) StdoutLine: {'line': b'-- Up-to-date: /home/jmj/pro_asp_ws/ws_px4_controls/install/px4_msgs/include/px4_msgs/px4_msgs/msg/detail/irlock_report__traits.hpp\n'}
[0.793115] (px4_msgs) StdoutLine: {'line': b'-- Up-to-date: /home/jmj/pro_asp_ws/ws_px4_controls/install/px4_msgs/include/px4_msgs/px4_msgs/msg/detail/lateral_control_configuration__builder.hpp\n'}
[0.793141] (px4_msgs) StdoutLine: {'line': b'-- Up-to-date: /home/jmj/pro_asp_ws/ws_px4_controls/install/px4_msgs/include/px4_msgs/px4_msgs/msg/detail/rover_attitude_setpoint__struct.hpp\n'}
[0.793165] (px4_msgs) StdoutLine: {'line': b'-- Up-to-date: /home/jmj/pro_asp_ws/ws_px4_controls/install/px4_msgs/include/px4_msgs/px4_msgs/msg/detail/gimbal_device_set_attitude__struct.hpp\n'}
[0.793188] (px4_msgs) StdoutLine: {'line': b'-- Up-to-date: /home/jmj/pro_asp_ws/ws_px4_controls/install/px4_msgs/include/px4_msgs/px4_msgs/msg/detail/input_rc__type_support.hpp\n'}
[0.793211] (px4_msgs) StdoutLine: {'line': b'-- Up-to-date: /home/jmj/pro_asp_ws/ws_px4_controls/install/px4_msgs/include/px4_msgs/px4_msgs/msg/detail/logger_status__type_support.hpp\n'}
[0.793234] (px4_msgs) StdoutLine: {'line': b'-- Up-to-date: /home/jmj/pro_asp_ws/ws_px4_controls/install/px4_msgs/include/px4_msgs/px4_msgs/msg/detail/rover_velocity_status__traits.hpp\n'}
[0.793257] (px4_msgs) StdoutLine: {'line': b'-- Up-to-date: /home/jmj/pro_asp_ws/ws_px4_controls/install/px4_msgs/include/px4_msgs/px4_msgs/msg/detail/landing_target_pose__type_support.hpp\n'}
[0.793279] (px4_msgs) StdoutLine: {'line': b'-- Up-to-date: /home/jmj/pro_asp_ws/ws_px4_controls/install/px4_msgs/include/px4_msgs/px4_msgs/msg/detail/task_stack_info__struct.hpp\n'}
[0.793303] (px4_msgs) StdoutLine: {'line': b'-- Up-to-date: /home/jmj/pro_asp_ws/ws_px4_controls/install/px4_msgs/include/px4_msgs/px4_msgs/msg/detail/velocity_limits__builder.hpp\n'}
[0.793329] (px4_msgs) StdoutLine: {'line': b'-- Up-to-date: /home/jmj/pro_asp_ws/ws_px4_controls/install/px4_msgs/include/px4_msgs/px4_msgs/msg/detail/mission__type_support.hpp\n'}
[0.793356] (px4_msgs) StdoutLine: {'line': b'-- Up-to-date: /home/jmj/pro_asp_ws/ws_px4_controls/install/px4_msgs/include/px4_msgs/px4_msgs/msg/detail/navigator_mission_item__struct.hpp\n'}
[0.793388] (px4_msgs) StdoutLine: {'line': b'-- Up-to-date: /home/jmj/pro_asp_ws/ws_px4_controls/install/px4_msgs/include/px4_msgs/px4_msgs/msg/detail/vehicle_odometry__type_support.hpp\n'}
[0.793413] (px4_msgs) StdoutLine: {'line': b'-- Up-to-date: /home/jmj/pro_asp_ws/ws_px4_controls/install/px4_msgs/include/px4_msgs/px4_msgs/msg/detail/vehicle_optical_flow__builder.hpp\n'}
[0.793439] (px4_msgs) StdoutLine: {'line': b'-- Up-to-date: /home/jmj/pro_asp_ws/ws_px4_controls/install/px4_msgs/include/px4_msgs/px4_msgs/msg/detail/airspeed__traits.hpp\n'}
[0.793471] (px4_msgs) StdoutLine: {'line': b'-- Up-to-date: /home/jmj/pro_asp_ws/ws_px4_controls/install/px4_msgs/include/px4_msgs/px4_msgs/msg/detail/sensor_preflight_mag__type_support.hpp\n'}
[0.793508] (px4_msgs) StdoutLine: {'line': b'-- Up-to-date: /home/jmj/pro_asp_ws/ws_px4_controls/install/px4_msgs/include/px4_msgs/px4_msgs/msg/detail/camera_capture__struct.hpp\n'}
[0.793542] (px4_msgs) StdoutLine: {'line': b'-- Up-to-date: /home/jmj/pro_asp_ws/ws_px4_controls/install/px4_msgs/include/px4_msgs/px4_msgs/msg/detail/vehicle_thrust_setpoint__struct.hpp\n'}
[0.793573] (px4_msgs) StdoutLine: {'line': b'-- Up-to-date: /home/jmj/pro_asp_ws/ws_px4_controls/install/px4_msgs/include/px4_msgs/px4_msgs/msg/detail/radio_status__traits.hpp\n'}
[0.793603] (px4_msgs) StdoutLine: {'line': b'-- Up-to-date: /home/jmj/pro_asp_ws/ws_px4_controls/install/px4_msgs/include/px4_msgs/px4_msgs/msg/detail/rover_position_setpoint__builder.hpp\n'}
[0.793628] (px4_msgs) StdoutLine: {'line': b'-- Up-to-date: /home/jmj/pro_asp_ws/ws_px4_controls/install/px4_msgs/include/px4_msgs/px4_msgs/msg/detail/heater_status__builder.hpp\n'}
[0.793654] (px4_msgs) StdoutLine: {'line': b'-- Up-to-date: /home/jmj/pro_asp_ws/ws_px4_controls/install/px4_msgs/include/px4_msgs/px4_msgs/msg/detail/sensor_gps__builder.hpp\n'}
[0.793684] (px4_msgs) StdoutLine: {'line': b'-- Up-to-date: /home/jmj/pro_asp_ws/ws_px4_controls/install/px4_msgs/include/px4_msgs/px4_msgs/msg/detail/internal_combustion_engine_control__builder.hpp\n'}
[0.793708] (px4_msgs) StdoutLine: {'line': b'-- Up-to-date: /home/jmj/pro_asp_ws/ws_px4_controls/install/px4_msgs/include/px4_msgs/px4_msgs/msg/detail/cellular_status__type_support.hpp\n'}
[0.793733] (px4_msgs) StdoutLine: {'line': b'-- Up-to-date: /home/jmj/pro_asp_ws/ws_px4_controls/install/px4_msgs/include/px4_msgs/px4_msgs/msg/detail/debug_array__type_support.hpp\n'}
[0.793756] (px4_msgs) StdoutLine: {'line': b'-- Up-to-date: /home/jmj/pro_asp_ws/ws_px4_controls/install/px4_msgs/include/px4_msgs/px4_msgs/msg/detail/differential_pressure__builder.hpp\n'}
[0.793795] (px4_msgs) StdoutLine: {'line': b'-- Up-to-date: /home/jmj/pro_asp_ws/ws_px4_controls/install/px4_msgs/include/px4_msgs/px4_msgs/msg/detail/arming_check_reply__type_support.hpp\n'}
[0.793826] (px4_msgs) StdoutLine: {'line': b'-- Up-to-date: /home/jmj/pro_asp_ws/ws_px4_controls/install/px4_msgs/include/px4_msgs/px4_msgs/msg/detail/cpuload__traits.hpp\n'}
[0.793854] (px4_msgs) StdoutLine: {'line': b'-- Up-to-date: /home/jmj/pro_asp_ws/ws_px4_controls/install/px4_msgs/include/px4_msgs/px4_msgs/msg/detail/ulog_stream_ack__struct.hpp\n'}
[0.793880] (px4_msgs) StdoutLine: {'line': b'-- Up-to-date: /home/jmj/pro_asp_ws/ws_px4_controls/install/px4_msgs/include/px4_msgs/px4_msgs/msg/detail/power_button_state__builder.hpp\n'}
[0.793906] (px4_msgs) StdoutLine: {'line': b'-- Up-to-date: /home/jmj/pro_asp_ws/ws_px4_controls/install/px4_msgs/include/px4_msgs/px4_msgs/msg/detail/power_monitor__builder.hpp\n'}
[0.793932] (px4_msgs) StdoutLine: {'line': b'-- Up-to-date: /home/jmj/pro_asp_ws/ws_px4_controls/install/px4_msgs/include/px4_msgs/px4_msgs/msg/detail/tiltrotor_extra_controls__type_support.hpp\n'}
[0.793957] (px4_msgs) StdoutLine: {'line': b'-- Up-to-date: /home/jmj/pro_asp_ws/ws_px4_controls/install/px4_msgs/include/px4_msgs/px4_msgs/msg/detail/airspeed_wind__traits.hpp\n'}
[0.793982] (px4_msgs) StdoutLine: {'line': b'-- Up-to-date: /home/jmj/pro_asp_ws/ws_px4_controls/install/px4_msgs/include/px4_msgs/px4_msgs/msg/detail/system_power__struct.hpp\n'}
[0.794010] (px4_msgs) StdoutLine: {'line': b'-- Up-to-date: /home/jmj/pro_asp_ws/ws_px4_controls/install/px4_msgs/include/px4_msgs/px4_msgs/msg/detail/sensor_hygrometer__builder.hpp\n'}
[0.794036] (px4_msgs) StdoutLine: {'line': b'-- Up-to-date: /home/jmj/pro_asp_ws/ws_px4_controls/install/px4_msgs/include/px4_msgs/px4_msgs/msg/detail/register_ext_component_request__traits.hpp\n'}
[0.794060] (px4_msgs) StdoutLine: {'line': b'-- Up-to-date: /home/jmj/pro_asp_ws/ws_px4_controls/install/px4_msgs/include/px4_msgs/px4_msgs/msg/detail/estimator_selector_status__builder.hpp\n'}
[0.794084] (px4_msgs) StdoutLine: {'line': b'-- Up-to-date: /home/jmj/pro_asp_ws/ws_px4_controls/install/px4_msgs/include/px4_msgs/px4_msgs/msg/detail/cpuload__builder.hpp\n'}
[0.794107] (px4_msgs) StdoutLine: {'line': b'-- Up-to-date: /home/jmj/pro_asp_ws/ws_px4_controls/install/px4_msgs/include/px4_msgs/px4_msgs/msg/detail/navigator_status__builder.hpp\n'}
[0.794130] (px4_msgs) StdoutLine: {'line': b'-- Up-to-date: /home/jmj/pro_asp_ws/ws_px4_controls/install/px4_msgs/include/px4_msgs/px4_msgs/msg/detail/sensor_accel_fifo__builder.hpp\n'}
[0.794155] (px4_msgs) StdoutLine: {'line': b'-- Up-to-date: /home/jmj/pro_asp_ws/ws_px4_controls/install/px4_msgs/include/px4_msgs/px4_msgs/msg/detail/open_drone_id_system__type_support.hpp\n'}
[0.794181] (px4_msgs) StdoutLine: {'line': b'-- Up-to-date: /home/jmj/pro_asp_ws/ws_px4_controls/install/px4_msgs/include/px4_msgs/px4_msgs/msg/detail/actuator_servos_trim__builder.hpp\n'}
[0.794205] (px4_msgs) StdoutLine: {'line': b'-- Up-to-date: /home/jmj/pro_asp_ws/ws_px4_controls/install/px4_msgs/include/px4_msgs/px4_msgs/msg/detail/debug_value__traits.hpp\n'}
[0.794228] (px4_msgs) StdoutLine: {'line': b'-- Up-to-date: /home/jmj/pro_asp_ws/ws_px4_controls/install/px4_msgs/include/px4_msgs/px4_msgs/msg/detail/gimbal_device_attitude_status__struct.hpp\n'}
[0.794252] (px4_msgs) StdoutLine: {'line': b'-- Up-to-date: /home/jmj/pro_asp_ws/ws_px4_controls/install/px4_msgs/include/px4_msgs/px4_msgs/msg/detail/open_drone_id_arm_status__struct.hpp\n'}
[0.794275] (px4_msgs) StdoutLine: {'line': b'-- Up-to-date: /home/jmj/pro_asp_ws/ws_px4_controls/install/px4_msgs/include/px4_msgs/px4_msgs/msg/detail/can_interface_status__type_support.hpp\n'}
[0.794299] (px4_msgs) StdoutLine: {'line': b'-- Up-to-date: /home/jmj/pro_asp_ws/ws_px4_controls/install/px4_msgs/include/px4_msgs/px4_msgs/msg/detail/gripper__builder.hpp\n'}
[0.794323] (px4_msgs) StdoutLine: {'line': b'-- Up-to-date: /home/jmj/pro_asp_ws/ws_px4_controls/install/px4_msgs/include/px4_msgs/px4_msgs/msg/detail/config_overrides__builder.hpp\n'}
[0.794349] (px4_msgs) StdoutLine: {'line': b'-- Up-to-date: /home/jmj/pro_asp_ws/ws_px4_controls/install/px4_msgs/include/px4_msgs/px4_msgs/msg/detail/sensor_baro__traits.hpp\n'}
[0.794378] (px4_msgs) StdoutLine: {'line': b'-- Up-to-date: /home/jmj/pro_asp_ws/ws_px4_controls/install/px4_msgs/include/px4_msgs/px4_msgs/msg/detail/yaw_estimator_status__traits.hpp\n'}
[0.794422] (px4_msgs) StdoutLine: {'line': b'-- Up-to-date: /home/jmj/pro_asp_ws/ws_px4_controls/install/px4_msgs/include/px4_msgs/px4_msgs/msg/detail/arming_check_request__struct.hpp\n'}
[0.794451] (px4_msgs) StdoutLine: {'line': b'-- Up-to-date: /home/jmj/pro_asp_ws/ws_px4_controls/install/px4_msgs/include/px4_msgs/px4_msgs/msg/detail/open_drone_id_operator_id__builder.hpp\n'}
[0.794496] (px4_msgs) StdoutLine: {'line': b'-- Up-to-date: /home/jmj/pro_asp_ws/ws_px4_controls/install/px4_msgs/include/px4_msgs/px4_msgs/msg/detail/ekf2_timestamps__type_support.hpp\n'}
[0.794522] (px4_msgs) StdoutLine: {'line': b'-- Up-to-date: /home/jmj/pro_asp_ws/ws_px4_controls/install/px4_msgs/include/px4_msgs/px4_msgs/msg/detail/transponder_report__traits.hpp\n'}
[0.794547] (px4_msgs) StdoutLine: {'line': b'-- Up-to-date: /home/jmj/pro_asp_ws/ws_px4_controls/install/px4_msgs/include/px4_msgs/px4_msgs/msg/detail/sensor_airflow__struct.hpp\n'}
[0.794573] (px4_msgs) StdoutLine: {'line': b'-- Up-to-date: /home/jmj/pro_asp_ws/ws_px4_controls/install/px4_msgs/include/px4_msgs/px4_msgs/msg/detail/landing_target_innovations__builder.hpp\n'}
[0.794608] (px4_msgs) StdoutLine: {'line': b'-- Up-to-date: /home/jmj/pro_asp_ws/ws_px4_controls/install/px4_msgs/include/px4_msgs/px4_msgs/msg/detail/tecs_status__traits.hpp\n'}
[0.794682] (px4_msgs) StdoutLine: {'line': b'-- Up-to-date: /home/jmj/pro_asp_ws/ws_px4_controls/install/px4_msgs/include/px4_msgs/px4_msgs/msg/detail/landing_gear_wheel__builder.hpp\n'}
[0.794716] (px4_msgs) StdoutLine: {'line': b'-- Up-to-date: /home/jmj/pro_asp_ws/ws_px4_controls/install/px4_msgs/include/px4_msgs/px4_msgs/msg/detail/landing_gear_wheel__type_support.hpp\n'}
[0.794739] (px4_msgs) StdoutLine: {'line': b'-- Up-to-date: /home/jmj/pro_asp_ws/ws_px4_controls/install/px4_msgs/include/px4_msgs/px4_msgs/msg/detail/sensor_accel__traits.hpp\n'}
[0.794770] (px4_msgs) StdoutLine: {'line': b'-- Up-to-date: /home/jmj/pro_asp_ws/ws_px4_controls/install/px4_msgs/include/px4_msgs/px4_msgs/msg/detail/unregister_ext_component__traits.hpp\n'}
[0.794803] (px4_msgs) StdoutLine: {'line': b'-- Up-to-date: /home/jmj/pro_asp_ws/ws_px4_controls/install/px4_msgs/include/px4_msgs/px4_msgs/msg/detail/actuator_armed__builder.hpp\n'}
[0.794829] (px4_msgs) StdoutLine: {'line': b'-- Up-to-date: /home/jmj/pro_asp_ws/ws_px4_controls/install/px4_msgs/include/px4_msgs/px4_msgs/msg/detail/rtl_status__traits.hpp\n'}
[0.794853] (px4_msgs) StdoutLine: {'line': b'-- Up-to-date: /home/jmj/pro_asp_ws/ws_px4_controls/install/px4_msgs/include/px4_msgs/px4_msgs/msg/detail/adc_report__type_support.hpp\n'}
[0.794876] (px4_msgs) StdoutLine: {'line': b'-- Up-to-date: /home/jmj/pro_asp_ws/ws_px4_controls/install/px4_msgs/include/px4_msgs/px4_msgs/msg/detail/landing_gear__struct.hpp\n'}
[0.794900] (px4_msgs) StdoutLine: {'line': b'-- Up-to-date: /home/jmj/pro_asp_ws/ws_px4_controls/install/px4_msgs/include/px4_msgs/px4_msgs/msg/detail/orbit_status__traits.hpp\n'}
[0.794927] (px4_msgs) StdoutLine: {'line': b'-- Up-to-date: /home/jmj/pro_asp_ws/ws_px4_controls/install/px4_msgs/include/px4_msgs/px4_msgs/msg/detail/normalized_unsigned_setpoint__traits.hpp\n'}
[0.794952] (px4_msgs) StdoutLine: {'line': b'-- Up-to-date: /home/jmj/pro_asp_ws/ws_px4_controls/install/px4_msgs/include/px4_msgs/px4_msgs/msg/detail/qshell_retval__builder.hpp\n'}
[0.794979] (px4_msgs) StdoutLine: {'line': b'-- Up-to-date: /home/jmj/pro_asp_ws/ws_px4_controls/install/px4_msgs/include/px4_msgs/px4_msgs/msg/detail/sensor_gyro_fifo__builder.hpp\n'}
[0.795002] (px4_msgs) StdoutLine: {'line': b'-- Up-to-date: /home/jmj/pro_asp_ws/ws_px4_controls/install/px4_msgs/include/px4_msgs/px4_msgs/msg/detail/sensor_optical_flow__type_support.hpp\n'}
[0.795025] (px4_msgs) StdoutLine: {'line': b'-- Up-to-date: /home/jmj/pro_asp_ws/ws_px4_controls/install/px4_msgs/include/px4_msgs/px4_msgs/msg/detail/system_power__traits.hpp\n'}
[0.795048] (px4_msgs) StdoutLine: {'line': b'-- Up-to-date: /home/jmj/pro_asp_ws/ws_px4_controls/install/px4_msgs/include/px4_msgs/px4_msgs/msg/detail/vehicle_local_position__struct.hpp\n'}
[0.795071] (px4_msgs) StdoutLine: {'line': b'-- Up-to-date: /home/jmj/pro_asp_ws/ws_px4_controls/install/px4_msgs/include/px4_msgs/px4_msgs/msg/detail/dataman_response__struct.hpp\n'}
[0.795095] (px4_msgs) StdoutLine: {'line': b'-- Up-to-date: /home/jmj/pro_asp_ws/ws_px4_controls/install/px4_msgs/include/px4_msgs/px4_msgs/msg/detail/mag_worker_data__type_support.hpp\n'}
[0.795117] (px4_msgs) StdoutLine: {'line': b'-- Up-to-date: /home/jmj/pro_asp_ws/ws_px4_controls/install/px4_msgs/include/px4_msgs/px4_msgs/msg/detail/sensor_hygrometer__struct.hpp\n'}
[0.795142] (px4_msgs) StdoutLine: {'line': b'-- Up-to-date: /home/jmj/pro_asp_ws/ws_px4_controls/install/px4_msgs/include/px4_msgs/px4_msgs/msg/detail/failsafe_flags__builder.hpp\n'}
[0.795164] (px4_msgs) StdoutLine: {'line': b'-- Up-to-date: /home/jmj/pro_asp_ws/ws_px4_controls/install/px4_msgs/include/px4_msgs/px4_msgs/msg/detail/rover_rate_setpoint__builder.hpp\n'}
[0.795188] (px4_msgs) StdoutLine: {'line': b'-- Up-to-date: /home/jmj/pro_asp_ws/ws_px4_controls/install/px4_msgs/include/px4_msgs/px4_msgs/msg/detail/open_drone_id_operator_id__traits.hpp\n'}
[0.795212] (px4_msgs) StdoutLine: {'line': b'-- Up-to-date: /home/jmj/pro_asp_ws/ws_px4_controls/install/px4_msgs/include/px4_msgs/px4_msgs/msg/detail/sensor_airflow__traits.hpp\n'}
[0.795235] (px4_msgs) StdoutLine: {'line': b'-- Up-to-date: /home/jmj/pro_asp_ws/ws_px4_controls/install/px4_msgs/include/px4_msgs/px4_msgs/msg/detail/lateral_control_configuration__struct.hpp\n'}
[0.795258] (px4_msgs) StdoutLine: {'line': b'-- Up-to-date: /home/jmj/pro_asp_ws/ws_px4_controls/install/px4_msgs/include/px4_msgs/px4_msgs/msg/detail/estimator_status_flags__traits.hpp\n'}
[0.795290] (px4_msgs) StdoutLine: {'line': b'-- Up-to-date: /home/jmj/pro_asp_ws/ws_px4_controls/install/px4_msgs/include/px4_msgs/px4_msgs/msg/detail/estimator_status__builder.hpp\n'}
[0.795317] (px4_msgs) StdoutLine: {'line': b'-- Up-to-date: /home/jmj/pro_asp_ws/ws_px4_controls/install/px4_msgs/include/px4_msgs/px4_msgs/msg/detail/rate_ctrl_status__type_support.hpp\n'}
[0.795339] (px4_msgs) StdoutLine: {'line': b'-- Up-to-date: /home/jmj/pro_asp_ws/ws_px4_controls/install/px4_msgs/include/px4_msgs/px4_msgs/msg/detail/vtol_vehicle_status__type_support.hpp\n'}
[0.795361] (px4_msgs) StdoutLine: {'line': b'-- Up-to-date: /home/jmj/pro_asp_ws/ws_px4_controls/install/px4_msgs/include/px4_msgs/px4_msgs/msg/detail/vehicle_air_data__traits.hpp\n'}
[0.795382] (px4_msgs) StdoutLine: {'line': b'-- Up-to-date: /home/jmj/pro_asp_ws/ws_px4_controls/install/px4_msgs/include/px4_msgs/px4_msgs/msg/detail/debug_key_value__traits.hpp\n'}
[0.795403] (px4_msgs) StdoutLine: {'line': b'-- Up-to-date: /home/jmj/pro_asp_ws/ws_px4_controls/install/px4_msgs/include/px4_msgs/px4_msgs/msg/detail/mavlink_tunnel__type_support.hpp\n'}
[0.795424] (px4_msgs) StdoutLine: {'line': b'-- Up-to-date: /home/jmj/pro_asp_ws/ws_px4_controls/install/px4_msgs/include/px4_msgs/px4_msgs/msg/detail/failure_detector_status__type_support.hpp\n'}
[0.795446] (px4_msgs) StdoutLine: {'line': b'-- Up-to-date: /home/jmj/pro_asp_ws/ws_px4_controls/install/px4_msgs/include/px4_msgs/px4_msgs/msg/detail/parameter_set_used_request__type_support.hpp\n'}
[0.795467] (px4_msgs) StdoutLine: {'line': b'-- Up-to-date: /home/jmj/pro_asp_ws/ws_px4_controls/install/px4_msgs/include/px4_msgs/px4_msgs/msg/detail/estimator_selector_status__struct.hpp\n'}
[0.795489] (px4_msgs) StdoutLine: {'line': b'-- Up-to-date: /home/jmj/pro_asp_ws/ws_px4_controls/install/px4_msgs/include/px4_msgs/px4_msgs/msg/detail/fixed_wing_runway_control__builder.hpp\n'}
[0.795511] (px4_msgs) StdoutLine: {'line': b'-- Up-to-date: /home/jmj/pro_asp_ws/ws_px4_controls/install/px4_msgs/include/px4_msgs/px4_msgs/msg/detail/vehicle_thrust_setpoint__type_support.hpp\n'}
[0.795532] (px4_msgs) StdoutLine: {'line': b'-- Up-to-date: /home/jmj/pro_asp_ws/ws_px4_controls/install/px4_msgs/include/px4_msgs/px4_msgs/msg/detail/parameter_set_value_request__type_support.hpp\n'}
[0.795552] (px4_msgs) StdoutLine: {'line': b'-- Up-to-date: /home/jmj/pro_asp_ws/ws_px4_controls/install/px4_msgs/include/px4_msgs/px4_msgs/msg/detail/wheel_encoders__struct.hpp\n'}
[0.795574] (px4_msgs) StdoutLine: {'line': b'-- Up-to-date: /home/jmj/pro_asp_ws/ws_px4_controls/install/px4_msgs/include/px4_msgs/px4_msgs/msg/detail/estimator_aid_source3d__struct.hpp\n'}
[0.795597] (px4_msgs) StdoutLine: {'line': b'-- Up-to-date: /home/jmj/pro_asp_ws/ws_px4_controls/install/px4_msgs/include/px4_msgs/px4_msgs/msg/detail/landing_target_innovations__struct.hpp\n'}
[0.795619] (px4_msgs) StdoutLine: {'line': b'-- Up-to-date: /home/jmj/pro_asp_ws/ws_px4_controls/install/px4_msgs/include/px4_msgs/px4_msgs/msg/detail/open_drone_id_self_id__builder.hpp\n'}
[0.795641] (px4_msgs) StdoutLine: {'line': b'-- Up-to-date: /home/jmj/pro_asp_ws/ws_px4_controls/install/px4_msgs/include/px4_msgs/px4_msgs/msg/detail/system_power__type_support.hpp\n'}
[0.795663] (px4_msgs) StdoutLine: {'line': b'-- Up-to-date: /home/jmj/pro_asp_ws/ws_px4_controls/install/px4_msgs/include/px4_msgs/px4_msgs/msg/detail/vehicle_rates_setpoint__type_support.hpp\n'}
[0.795686] (px4_msgs) StdoutLine: {'line': b'-- Up-to-date: /home/jmj/pro_asp_ws/ws_px4_controls/install/px4_msgs/include/px4_msgs/px4_msgs/msg/detail/vehicle_constraints__type_support.hpp\n'}
[0.795709] (px4_msgs) StdoutLine: {'line': b'-- Up-to-date: /home/jmj/pro_asp_ws/ws_px4_controls/install/px4_msgs/include/px4_msgs/px4_msgs/msg/detail/figure_eight_status__builder.hpp\n'}
[0.795730] (px4_msgs) StdoutLine: {'line': b'-- Up-to-date: /home/jmj/pro_asp_ws/ws_px4_controls/install/px4_msgs/include/px4_msgs/px4_msgs/msg/detail/sensor_uwb__type_support.hpp\n'}
[0.795752] (px4_msgs) StdoutLine: {'line': b'-- Up-to-date: /home/jmj/pro_asp_ws/ws_px4_controls/install/px4_msgs/include/px4_msgs/px4_msgs/msg/detail/parameter_set_value_response__type_support.hpp\n'}
[0.795780] (px4_msgs) StdoutLine: {'line': b'-- Up-to-date: /home/jmj/pro_asp_ws/ws_px4_controls/install/px4_msgs/include/px4_msgs/px4_msgs/msg/detail/autotune_attitude_control_status__builder.hpp\n'}
[0.795802] (px4_msgs) StdoutLine: {'line': b'-- Up-to-date: /home/jmj/pro_asp_ws/ws_px4_controls/install/px4_msgs/include/px4_msgs/px4_msgs/msg/detail/rc_parameter_map__type_support.hpp\n'}
[0.795824] (px4_msgs) StdoutLine: {'line': b'-- Up-to-date: /home/jmj/pro_asp_ws/ws_px4_controls/install/px4_msgs/include/px4_msgs/px4_msgs/msg/detail/gripper__type_support.hpp\n'}
[0.795848] (px4_msgs) StdoutLine: {'line': b'-- Up-to-date: /home/jmj/pro_asp_ws/ws_px4_controls/install/px4_msgs/include/px4_msgs/px4_msgs/msg/detail/sensor_accel_fifo__traits.hpp\n'}
[0.795869] (px4_msgs) StdoutLine: {'line': b'-- Up-to-date: /home/jmj/pro_asp_ws/ws_px4_controls/install/px4_msgs/include/px4_msgs/px4_msgs/msg/detail/rover_velocity_status__struct.hpp\n'}
[0.795891] (px4_msgs) StdoutLine: {'line': b'-- Up-to-date: /home/jmj/pro_asp_ws/ws_px4_controls/install/px4_msgs/include/px4_msgs/px4_msgs/msg/detail/internal_combustion_engine_control__traits.hpp\n'}
[0.795912] (px4_msgs) StdoutLine: {'line': b'-- Up-to-date: /home/jmj/pro_asp_ws/ws_px4_controls/install/px4_msgs/include/px4_msgs/px4_msgs/msg/detail/mavlink_log__type_support.hpp\n'}
[0.795941] (px4_msgs) StdoutLine: {'line': b'-- Up-to-date: /home/jmj/pro_asp_ws/ws_px4_controls/install/px4_msgs/include/px4_msgs/px4_msgs/msg/detail/dataman_response__type_support.hpp\n'}
[0.795966] (px4_msgs) StdoutLine: {'line': b'-- Up-to-date: /home/jmj/pro_asp_ws/ws_px4_controls/install/px4_msgs/include/px4_msgs/px4_msgs/msg/detail/velocity_limits__type_support.hpp\n'}
[0.795989] (px4_msgs) StdoutLine: {'line': b'-- Up-to-date: /home/jmj/pro_asp_ws/ws_px4_controls/install/px4_msgs/include/px4_msgs/px4_msgs/msg/detail/vehicle_optical_flow_vel__traits.hpp\n'}
[0.796011] (px4_msgs) StdoutLine: {'line': b'-- Up-to-date: /home/jmj/pro_asp_ws/ws_px4_controls/install/px4_msgs/include/px4_msgs/px4_msgs/msg/detail/vehicle_local_position__builder.hpp\n'}
[0.796037] (px4_msgs) StdoutLine: {'line': b'-- Up-to-date: /home/jmj/pro_asp_ws/ws_px4_controls/install/px4_msgs/include/px4_msgs/px4_msgs/msg/detail/ulog_stream_ack__type_support.hpp\n'}
[0.796060] (px4_msgs) StdoutLine: {'line': b'-- Up-to-date: /home/jmj/pro_asp_ws/ws_px4_controls/install/px4_msgs/include/px4_msgs/px4_msgs/msg/detail/battery_status__traits.hpp\n'}
[0.796083] (px4_msgs) StdoutLine: {'line': b'-- Up-to-date: /home/jmj/pro_asp_ws/ws_px4_controls/install/px4_msgs/include/px4_msgs/px4_msgs/msg/detail/vehicle_status__type_support.hpp\n'}
[0.796105] (px4_msgs) StdoutLine: {'line': b'-- Up-to-date: /home/jmj/pro_asp_ws/ws_px4_controls/install/px4_msgs/include/px4_msgs/px4_msgs/msg/detail/message_format_request__type_support.hpp\n'}
[0.796127] (px4_msgs) StdoutLine: {'line': b'-- Up-to-date: /home/jmj/pro_asp_ws/ws_px4_controls/install/px4_msgs/include/px4_msgs/px4_msgs/msg/detail/rc_channels__type_support.hpp\n'}
[0.796148] (px4_msgs) StdoutLine: {'line': b'-- Up-to-date: /home/jmj/pro_asp_ws/ws_px4_controls/install/px4_msgs/include/px4_msgs/px4_msgs/msg/detail/power_monitor__type_support.hpp\n'}
[0.796170] (px4_msgs) StdoutLine: {'line': b'-- Up-to-date: /home/jmj/pro_asp_ws/ws_px4_controls/install/px4_msgs/include/px4_msgs/px4_msgs/msg/detail/rover_throttle_setpoint__builder.hpp\n'}
[0.796195] (px4_msgs) StdoutLine: {'line': b'-- Up-to-date: /home/jmj/pro_asp_ws/ws_px4_controls/install/px4_msgs/include/px4_msgs/px4_msgs/msg/detail/actuator_test__traits.hpp\n'}
[0.796220] (px4_msgs) StdoutLine: {'line': b'-- Up-to-date: /home/jmj/pro_asp_ws/ws_px4_controls/install/px4_msgs/include/px4_msgs/px4_msgs/msg/detail/config_overrides__traits.hpp\n'}
[0.796242] (px4_msgs) StdoutLine: {'line': b'-- Up-to-date: /home/jmj/pro_asp_ws/ws_px4_controls/install/px4_msgs/include/px4_msgs/px4_msgs/msg/detail/sensor_combined__struct.hpp\n'}
[0.796265] (px4_msgs) StdoutLine: {'line': b'-- Up-to-date: /home/jmj/pro_asp_ws/ws_px4_controls/install/px4_msgs/include/px4_msgs/px4_msgs/msg/detail/can_interface_status__builder.hpp\n'}
[0.796287] (px4_msgs) StdoutLine: {'line': b'-- Up-to-date: /home/jmj/pro_asp_ws/ws_px4_controls/install/px4_msgs/include/px4_msgs/px4_msgs/msg/detail/obstacle_distance__traits.hpp\n'}
[0.796309] (px4_msgs) StdoutLine: {'line': b'-- Up-to-date: /home/jmj/pro_asp_ws/ws_px4_controls/install/px4_msgs/include/px4_msgs/px4_msgs/msg/detail/tune_control__type_support.hpp\n'}
[0.796332] (px4_msgs) StdoutLine: {'line': b'-- Up-to-date: /home/jmj/pro_asp_ws/ws_px4_controls/install/px4_msgs/include/px4_msgs/px4_msgs/msg/detail/health_report__traits.hpp\n'}
[0.796355] (px4_msgs) StdoutLine: {'line': b'-- Up-to-date: /home/jmj/pro_asp_ws/ws_px4_controls/install/px4_msgs/include/px4_msgs/px4_msgs/msg/detail/vehicle_odometry__traits.hpp\n'}
[0.796390] (px4_msgs) StdoutLine: {'line': b'-- Up-to-date: /home/jmj/pro_asp_ws/ws_px4_controls/install/px4_msgs/include/px4_msgs/px4_msgs/msg/detail/position_setpoint_triplet__traits.hpp\n'}
[0.796414] (px4_msgs) StdoutLine: {'line': b'-- Up-to-date: /home/jmj/pro_asp_ws/ws_px4_controls/install/px4_msgs/include/px4_msgs/px4_msgs/msg/detail/geofence_result__builder.hpp\n'}
[0.796438] (px4_msgs) StdoutLine: {'line': b'-- Up-to-date: /home/jmj/pro_asp_ws/ws_px4_controls/install/px4_msgs/include/px4_msgs/px4_msgs/msg/detail/irlock_report__struct.hpp\n'}
[0.796461] (px4_msgs) StdoutLine: {'line': b'-- Up-to-date: /home/jmj/pro_asp_ws/ws_px4_controls/install/px4_msgs/include/px4_msgs/px4_msgs/msg/detail/ekf2_timestamps__struct.hpp\n'}
[0.796482] (px4_msgs) StdoutLine: {'line': b'-- Up-to-date: /home/jmj/pro_asp_ws/ws_px4_controls/install/px4_msgs/include/px4_msgs/px4_msgs/msg/detail/normalized_unsigned_setpoint__type_support.hpp\n'}
[0.796503] (px4_msgs) StdoutLine: {'line': b'-- Up-to-date: /home/jmj/pro_asp_ws/ws_px4_controls/install/px4_msgs/include/px4_msgs/px4_msgs/msg/detail/battery_status__builder.hpp\n'}
[0.796524] (px4_msgs) StdoutLine: {'line': b'-- Up-to-date: /home/jmj/pro_asp_ws/ws_px4_controls/install/px4_msgs/include/px4_msgs/px4_msgs/msg/detail/dataman_request__traits.hpp\n'}
[0.796545] (px4_msgs) StdoutLine: {'line': b'-- Up-to-date: /home/jmj/pro_asp_ws/ws_px4_controls/install/px4_msgs/include/px4_msgs/px4_msgs/msg/detail/sensor_combined__type_support.hpp\n'}
[0.796566] (px4_msgs) StdoutLine: {'line': b'-- Up-to-date: /home/jmj/pro_asp_ws/ws_px4_controls/install/px4_msgs/include/px4_msgs/px4_msgs/msg/detail/vehicle_command_ack__type_support.hpp\n'}
[0.796587] (px4_msgs) StdoutLine: {'line': b'-- Up-to-date: /home/jmj/pro_asp_ws/ws_px4_controls/install/px4_msgs/include/px4_msgs/px4_msgs/msg/detail/pps_capture__traits.hpp\n'}
[0.796607] (px4_msgs) StdoutLine: {'line': b'-- Up-to-date: /home/jmj/pro_asp_ws/ws_px4_controls/install/px4_msgs/include/px4_msgs/px4_msgs/msg/detail/estimator_states__struct.hpp\n'}
[0.796632] (px4_msgs) StdoutLine: {'line': b'-- Up-to-date: /home/jmj/pro_asp_ws/ws_px4_controls/install/px4_msgs/include/px4_msgs/px4_msgs/msg/detail/vehicle_roi__struct.hpp\n'}
[0.796654] (px4_msgs) StdoutLine: {'line': b'-- Up-to-date: /home/jmj/pro_asp_ws/ws_px4_controls/install/px4_msgs/include/px4_msgs/px4_msgs/msg/detail/actuator_servos__struct.hpp\n'}
[0.796675] (px4_msgs) StdoutLine: {'line': b'-- Up-to-date: /home/jmj/pro_asp_ws/ws_px4_controls/install/px4_msgs/include/px4_msgs/px4_msgs/msg/detail/led_control__traits.hpp\n'}
[0.796699] (px4_msgs) StdoutLine: {'line': b'-- Up-to-date: /home/jmj/pro_asp_ws/ws_px4_controls/install/px4_msgs/include/px4_msgs/px4_msgs/msg/detail/sensor_correction__type_support.hpp\n'}
[0.796720] (px4_msgs) StdoutLine: {'line': b'-- Up-to-date: /home/jmj/pro_asp_ws/ws_px4_controls/install/px4_msgs/include/px4_msgs/px4_msgs/msg/detail/autotune_attitude_control_status__struct.hpp\n'}
[0.796741] (px4_msgs) StdoutLine: {'line': b'-- Up-to-date: /home/jmj/pro_asp_ws/ws_px4_controls/install/px4_msgs/include/px4_msgs/px4_msgs/msg/detail/estimator_status_flags__struct.hpp\n'}
[0.796764] (px4_msgs) StdoutLine: {'line': b'-- Up-to-date: /home/jmj/pro_asp_ws/ws_px4_controls/install/px4_msgs/include/px4_msgs/px4_msgs/msg/detail/wind__builder.hpp\n'}
[0.796789] (px4_msgs) StdoutLine: {'line': b'-- Up-to-date: /home/jmj/pro_asp_ws/ws_px4_controls/install/px4_msgs/include/px4_msgs/px4_msgs/msg/detail/landing_gear_wheel__traits.hpp\n'}
[0.796811] (px4_msgs) StdoutLine: {'line': b'-- Up-to-date: /home/jmj/pro_asp_ws/ws_px4_controls/install/px4_msgs/include/px4_msgs/px4_msgs/msg/detail/gps_inject_data__struct.hpp\n'}
[0.796832] (px4_msgs) StdoutLine: {'line': b'-- Up-to-date: /home/jmj/pro_asp_ws/ws_px4_controls/install/px4_msgs/include/px4_msgs/px4_msgs/msg/detail/sensor_gnss_relative__traits.hpp\n'}
[0.796854] (px4_msgs) StdoutLine: {'line': b'-- Up-to-date: /home/jmj/pro_asp_ws/ws_px4_controls/install/px4_msgs/include/px4_msgs/px4_msgs/msg/detail/sensor_baro__builder.hpp\n'}
[0.796875] (px4_msgs) StdoutLine: {'line': b'-- Up-to-date: /home/jmj/pro_asp_ws/ws_px4_controls/install/px4_msgs/include/px4_msgs/px4_msgs/msg/detail/fixed_wing_lateral_setpoint__builder.hpp\n'}
[0.796897] (px4_msgs) StdoutLine: {'line': b'-- Up-to-date: /home/jmj/pro_asp_ws/ws_px4_controls/install/px4_msgs/include/px4_msgs/px4_msgs/msg/detail/vehicle_acceleration__builder.hpp\n'}
[0.796918] (px4_msgs) StdoutLine: {'line': b'-- Up-to-date: /home/jmj/pro_asp_ws/ws_px4_controls/install/px4_msgs/include/px4_msgs/px4_msgs/msg/detail/estimator_aid_source2d__type_support.hpp\n'}
[0.796939] (px4_msgs) StdoutLine: {'line': b'-- Up-to-date: /home/jmj/pro_asp_ws/ws_px4_controls/install/px4_msgs/include/px4_msgs/px4_msgs/msg/detail/actuator_test__builder.hpp\n'}
[0.796960] (px4_msgs) StdoutLine: {'line': b'-- Up-to-date: /home/jmj/pro_asp_ws/ws_px4_controls/install/px4_msgs/include/px4_msgs/px4_msgs/msg/detail/rtl_time_estimate__type_support.hpp\n'}
[0.796982] (px4_msgs) StdoutLine: {'line': b'-- Up-to-date: /home/jmj/pro_asp_ws/ws_px4_controls/install/px4_msgs/include/px4_msgs/px4_msgs/msg/detail/yaw_estimator_status__struct.hpp\n'}
[0.797003] (px4_msgs) StdoutLine: {'line': b'-- Up-to-date: /home/jmj/pro_asp_ws/ws_px4_controls/install/px4_msgs/include/px4_msgs/px4_msgs/msg/detail/adc_report__traits.hpp\n'}
[0.797024] (px4_msgs) StdoutLine: {'line': b'-- Up-to-date: /home/jmj/pro_asp_ws/ws_px4_controls/install/px4_msgs/include/px4_msgs/px4_msgs/msg/detail/magnetometer_bias_estimate__builder.hpp\n'}
[0.797046] (px4_msgs) StdoutLine: {'line': b'-- Up-to-date: /home/jmj/pro_asp_ws/ws_px4_controls/install/px4_msgs/include/px4_msgs/px4_msgs/msg/detail/register_ext_component_request__builder.hpp\n'}
[0.797067] (px4_msgs) StdoutLine: {'line': b'-- Up-to-date: /home/jmj/pro_asp_ws/ws_px4_controls/install/px4_msgs/include/px4_msgs/px4_msgs/msg/detail/position_setpoint__struct.hpp\n'}
[0.797088] (px4_msgs) StdoutLine: {'line': b'-- Up-to-date: /home/jmj/pro_asp_ws/ws_px4_controls/install/px4_msgs/include/px4_msgs/px4_msgs/msg/detail/estimator_status__traits.hpp\n'}
[0.797110] (px4_msgs) StdoutLine: {'line': b'-- Up-to-date: /home/jmj/pro_asp_ws/ws_px4_controls/install/px4_msgs/include/px4_msgs/px4_msgs/msg/detail/offboard_control_mode__type_support.hpp\n'}
[0.797132] (px4_msgs) StdoutLine: {'line': b'-- Up-to-date: /home/jmj/pro_asp_ws/ws_px4_controls/install/px4_msgs/include/px4_msgs/px4_msgs/msg/detail/tune_control__builder.hpp\n'}
[0.797153] (px4_msgs) StdoutLine: {'line': b'-- Up-to-date: /home/jmj/pro_asp_ws/ws_px4_controls/install/px4_msgs/include/px4_msgs/px4_msgs/msg/detail/position_controller_landing_status__builder.hpp\n'}
[0.797176] (px4_msgs) StdoutLine: {'line': b'-- Up-to-date: /home/jmj/pro_asp_ws/ws_px4_controls/install/px4_msgs/include/px4_msgs/px4_msgs/msg/detail/open_drone_id_self_id__type_support.hpp\n'}
[0.797198] (px4_msgs) StdoutLine: {'line': b'-- Up-to-date: /home/jmj/pro_asp_ws/ws_px4_controls/install/px4_msgs/include/px4_msgs/px4_msgs/msg/detail/sensors_status_imu__type_support.hpp\n'}
[0.797221] (px4_msgs) StdoutLine: {'line': b'-- Up-to-date: /home/jmj/pro_asp_ws/ws_px4_controls/install/px4_msgs/include/px4_msgs/px4_msgs/msg/detail/input_rc__struct.hpp\n'}
[0.797243] (px4_msgs) StdoutLine: {'line': b'-- Up-to-date: /home/jmj/pro_asp_ws/ws_px4_controls/install/px4_msgs/include/px4_msgs/px4_msgs/msg/detail/follow_target_status__builder.hpp\n'}
[0.797268] (px4_msgs) StdoutLine: {'line': b'-- Up-to-date: /home/jmj/pro_asp_ws/ws_px4_controls/install/px4_msgs/include/px4_msgs/px4_msgs/msg/detail/vehicle_status__builder.hpp\n'}
[0.797290] (px4_msgs) StdoutLine: {'line': b'-- Up-to-date: /home/jmj/pro_asp_ws/ws_px4_controls/install/px4_msgs/include/px4_msgs/px4_msgs/msg/detail/vehicle_attitude_setpoint__struct.hpp\n'}
[0.797311] (px4_msgs) StdoutLine: {'line': b'-- Up-to-date: /home/jmj/pro_asp_ws/ws_px4_controls/install/px4_msgs/include/px4_msgs/px4_msgs/msg/detail/takeoff_status__type_support.hpp\n'}
[0.797334] (px4_msgs) StdoutLine: {'line': b'-- Up-to-date: /home/jmj/pro_asp_ws/ws_px4_controls/install/px4_msgs/include/px4_msgs/px4_msgs/msg/detail/position_setpoint_triplet__struct.hpp\n'}
[0.797355] (px4_msgs) StdoutLine: {'line': b'-- Up-to-date: /home/jmj/pro_asp_ws/ws_px4_controls/install/px4_msgs/include/px4_msgs/px4_msgs/msg/detail/vehicle_local_position_setpoint__struct.hpp\n'}
[0.797377] (px4_msgs) StdoutLine: {'line': b'-- Up-to-date: /home/jmj/pro_asp_ws/ws_px4_controls/install/px4_msgs/include/px4_msgs/px4_msgs/msg/detail/failure_detector_status__traits.hpp\n'}
[0.797397] (px4_msgs) StdoutLine: {'line': b'-- Up-to-date: /home/jmj/pro_asp_ws/ws_px4_controls/install/px4_msgs/include/px4_msgs/px4_msgs/msg/detail/qshell_req__struct.hpp\n'}
[0.797419] (px4_msgs) StdoutLine: {'line': b'-- Up-to-date: /home/jmj/pro_asp_ws/ws_px4_controls/install/px4_msgs/include/px4_msgs/px4_msgs/msg/detail/rpm__struct.hpp\n'}
[0.797441] (px4_msgs) StdoutLine: {'line': b'-- Up-to-date: /home/jmj/pro_asp_ws/ws_px4_controls/install/px4_msgs/include/px4_msgs/px4_msgs/msg/detail/failsafe_flags__traits.hpp\n'}
[0.797479] (px4_msgs) StdoutLine: {'line': b'-- Up-to-date: /home/jmj/pro_asp_ws/ws_px4_controls/install/px4_msgs/include/px4_msgs/px4_msgs/msg/detail/sensor_accel__builder.hpp\n'}
[0.797518] (px4_msgs) StdoutLine: {'line': b'-- Up-to-date: /home/jmj/pro_asp_ws/ws_px4_controls/install/px4_msgs/include/px4_msgs/px4_msgs/msg/detail/airspeed_validated__struct.hpp\n'}
[0.797559] (px4_msgs) StdoutLine: {'line': b'-- Up-to-date: /home/jmj/pro_asp_ws/ws_px4_controls/install/px4_msgs/include/px4_msgs/px4_msgs/msg/detail/camera_trigger__traits.hpp\n'}
[0.797602] (px4_msgs) StdoutLine: {'line': b'-- Up-to-date: /home/jmj/pro_asp_ws/ws_px4_controls/install/px4_msgs/include/px4_msgs/px4_msgs/msg/detail/debug_value__struct.hpp\n'}
[0.797636] (px4_msgs) StdoutLine: {'line': b'-- Up-to-date: /home/jmj/pro_asp_ws/ws_px4_controls/install/px4_msgs/include/px4_msgs/px4_msgs/msg/detail/hover_thrust_estimate__builder.hpp\n'}
[0.797670] (px4_msgs) StdoutLine: {'line': b'-- Up-to-date: /home/jmj/pro_asp_ws/ws_px4_controls/install/px4_msgs/include/px4_msgs/px4_msgs/msg/detail/vehicle_constraints__traits.hpp\n'}
[0.797702] (px4_msgs) StdoutLine: {'line': b'-- Up-to-date: /home/jmj/pro_asp_ws/ws_px4_controls/install/px4_msgs/include/px4_msgs/px4_msgs/msg/detail/vehicle_angular_velocity__builder.hpp\n'}
[0.797733] (px4_msgs) StdoutLine: {'line': b'-- Up-to-date: /home/jmj/pro_asp_ws/ws_px4_controls/install/px4_msgs/include/px4_msgs/px4_msgs/msg/detail/pps_capture__builder.hpp\n'}
[0.797772] (px4_msgs) StdoutLine: {'line': b'-- Up-to-date: /home/jmj/pro_asp_ws/ws_px4_controls/install/px4_msgs/include/px4_msgs/px4_msgs/msg/detail/actuator_motors__type_support.hpp\n'}
[0.797816] (px4_msgs) StdoutLine: {'line': b'-- Up-to-date: /home/jmj/pro_asp_ws/ws_px4_controls/install/px4_msgs/include/px4_msgs/px4_msgs/msg/detail/rtl_time_estimate__builder.hpp\n'}
[0.797853] (px4_msgs) StdoutLine: {'line': b'-- Up-to-date: /home/jmj/pro_asp_ws/ws_px4_controls/install/px4_msgs/include/px4_msgs/px4_msgs/msg/detail/parameter_set_value_response__traits.hpp\n'}
[0.797891] (px4_msgs) StdoutLine: {'line': b'-- Up-to-date: /home/jmj/pro_asp_ws/ws_px4_controls/install/px4_msgs/include/px4_msgs/px4_msgs/msg/detail/goto_setpoint__builder.hpp\n'}
[0.797931] (px4_msgs) StdoutLine: {'line': b'-- Up-to-date: /home/jmj/pro_asp_ws/ws_px4_controls/install/px4_msgs/include/px4_msgs/px4_msgs/msg/detail/manual_control_setpoint__traits.hpp\n'}
[0.797965] (px4_msgs) StdoutLine: {'line': b'-- Up-to-date: /home/jmj/pro_asp_ws/ws_px4_controls/install/px4_msgs/include/px4_msgs/px4_msgs/msg/detail/estimator_aid_source2d__builder.hpp\n'}
[0.798000] (px4_msgs) StdoutLine: {'line': b'-- Up-to-date: /home/jmj/pro_asp_ws/ws_px4_controls/install/px4_msgs/include/px4_msgs/px4_msgs/msg/detail/open_drone_id_arm_status__traits.hpp\n'}
[0.798036] (px4_msgs) StdoutLine: {'line': b'-- Up-to-date: /home/jmj/pro_asp_ws/ws_px4_controls/install/px4_msgs/include/px4_msgs/px4_msgs/msg/detail/sensor_correction__struct.hpp\n'}
[0.798072] (px4_msgs) StdoutLine: {'line': b'-- Up-to-date: /home/jmj/pro_asp_ws/ws_px4_controls/install/px4_msgs/include/px4_msgs/px4_msgs/msg/detail/wind__traits.hpp\n'}
[0.798108] (px4_msgs) StdoutLine: {'line': b'-- Up-to-date: /home/jmj/pro_asp_ws/ws_px4_controls/install/px4_msgs/include/px4_msgs/px4_msgs/msg/detail/fixed_wing_lateral_setpoint__struct.hpp\n'}
[0.798141] (px4_msgs) StdoutLine: {'line': b'-- Up-to-date: /home/jmj/pro_asp_ws/ws_px4_controls/install/px4_msgs/include/px4_msgs/px4_msgs/msg/detail/gpio_out__struct.hpp\n'}
[0.798178] (px4_msgs) StdoutLine: {'line': b'-- Up-to-date: /home/jmj/pro_asp_ws/ws_px4_controls/install/px4_msgs/include/px4_msgs/px4_msgs/msg/detail/gripper__traits.hpp\n'}
[0.798216] (px4_msgs) StdoutLine: {'line': b'-- Up-to-date: /home/jmj/pro_asp_ws/ws_px4_controls/install/px4_msgs/include/px4_msgs/px4_msgs/msg/detail/fixed_wing_longitudinal_setpoint__struct.hpp\n'}
[0.798260] (px4_msgs) StdoutLine: {'line': b'-- Up-to-date: /home/jmj/pro_asp_ws/ws_px4_controls/install/px4_msgs/include/px4_msgs/px4_msgs/msg/detail/sensor_accel__struct.hpp\n'}
[0.798297] (px4_msgs) StdoutLine: {'line': b'-- Up-to-date: /home/jmj/pro_asp_ws/ws_px4_controls/install/px4_msgs/include/px4_msgs/px4_msgs/msg/detail/distance_sensor_mode_change_request__type_support.hpp\n'}
[0.798334] (px4_msgs) StdoutLine: {'line': b'-- Up-to-date: /home/jmj/pro_asp_ws/ws_px4_controls/install/px4_msgs/include/px4_msgs/px4_msgs/msg/detail/airspeed__type_support.hpp\n'}
[0.798370] (px4_msgs) StdoutLine: {'line': b'-- Up-to-date: /home/jmj/pro_asp_ws/ws_px4_controls/install/px4_msgs/include/px4_msgs/px4_msgs/msg/detail/sensor_preflight_mag__traits.hpp\n'}
[0.798405] (px4_msgs) StdoutLine: {'line': b'-- Up-to-date: /home/jmj/pro_asp_ws/ws_px4_controls/install/px4_msgs/include/px4_msgs/px4_msgs/msg/detail/hover_thrust_estimate__traits.hpp\n'}
[0.798440] (px4_msgs) StdoutLine: {'line': b'-- Up-to-date: /home/jmj/pro_asp_ws/ws_px4_controls/install/px4_msgs/include/px4_msgs/px4_msgs/msg/detail/failsafe_flags__struct.hpp\n'}
[0.798474] (px4_msgs) StdoutLine: {'line': b'-- Up-to-date: /home/jmj/pro_asp_ws/ws_px4_controls/install/px4_msgs/include/px4_msgs/px4_msgs/msg/detail/gimbal_device_information__traits.hpp\n'}
[0.798513] (px4_msgs) StdoutLine: {'line': b'-- Up-to-date: /home/jmj/pro_asp_ws/ws_px4_controls/install/px4_msgs/include/px4_msgs/px4_msgs/msg/detail/esc_report__traits.hpp\n'}
[0.798548] (px4_msgs) StdoutLine: {'line': b'-- Up-to-date: /home/jmj/pro_asp_ws/ws_px4_controls/install/px4_msgs/include/px4_msgs/px4_msgs/msg/detail/home_position__type_support.hpp\n'}
[0.798582] (px4_msgs) StdoutLine: {'line': b'-- Up-to-date: /home/jmj/pro_asp_ws/ws_px4_controls/install/px4_msgs/include/px4_msgs/px4_msgs/msg/detail/manual_control_setpoint__struct.hpp\n'}
[0.798622] (px4_msgs) StdoutLine: {'line': b'-- Up-to-date: /home/jmj/pro_asp_ws/ws_px4_controls/install/px4_msgs/include/px4_msgs/px4_msgs/msg/detail/debug_vect__type_support.hpp\n'}
[0.798654] (px4_msgs) StdoutLine: {'line': b'-- Up-to-date: /home/jmj/pro_asp_ws/ws_px4_controls/install/px4_msgs/include/px4_msgs/px4_msgs/msg/detail/mount_orientation__traits.hpp\n'}
[0.798688] (px4_msgs) StdoutLine: {'line': b'-- Up-to-date: /home/jmj/pro_asp_ws/ws_px4_controls/install/px4_msgs/include/px4_msgs/px4_msgs/msg/detail/orb_test_large__builder.hpp\n'}
[0.798724] (px4_msgs) StdoutLine: {'line': b'-- Up-to-date: /home/jmj/pro_asp_ws/ws_px4_controls/install/px4_msgs/include/px4_msgs/px4_msgs/msg/detail/rc_channels__struct.hpp\n'}
[0.798752] (px4_msgs) StdoutLine: {'line': b'-- Up-to-date: /home/jmj/pro_asp_ws/ws_px4_controls/install/px4_msgs/include/px4_msgs/px4_msgs/msg/detail/vtol_vehicle_status__traits.hpp\n'}
[0.798784] (px4_msgs) StdoutLine: {'line': b'-- Up-to-date: /home/jmj/pro_asp_ws/ws_px4_controls/install/px4_msgs/include/px4_msgs/px4_msgs/msg/detail/rpm__type_support.hpp\n'}
[0.798813] (px4_msgs) StdoutLine: {'line': b'-- Up-to-date: /home/jmj/pro_asp_ws/ws_px4_controls/install/px4_msgs/include/px4_msgs/px4_msgs/msg/detail/power_button_state__type_support.hpp\n'}
[0.798836] (px4_msgs) StdoutLine: {'line': b'-- Up-to-date: /home/jmj/pro_asp_ws/ws_px4_controls/install/px4_msgs/include/px4_msgs/px4_msgs/msg/detail/message_format_response__type_support.hpp\n'}
[0.798858] (px4_msgs) StdoutLine: {'line': b'-- Up-to-date: /home/jmj/pro_asp_ws/ws_px4_controls/install/px4_msgs/include/px4_msgs/px4_msgs/msg/detail/power_button_state__traits.hpp\n'}
[0.798880] (px4_msgs) StdoutLine: {'line': b'-- Up-to-date: /home/jmj/pro_asp_ws/ws_px4_controls/install/px4_msgs/include/px4_msgs/px4_msgs/msg/detail/camera_status__type_support.hpp\n'}
[0.798902] (px4_msgs) StdoutLine: {'line': b'-- Up-to-date: /home/jmj/pro_asp_ws/ws_px4_controls/install/px4_msgs/include/px4_msgs/px4_msgs/msg/detail/vehicle_optical_flow__traits.hpp\n'}
[0.798924] (px4_msgs) StdoutLine: {'line': b'-- Up-to-date: /home/jmj/pro_asp_ws/ws_px4_controls/install/px4_msgs/include/px4_msgs/px4_msgs/msg/detail/generator_status__struct.hpp\n'}
[0.798945] (px4_msgs) StdoutLine: {'line': b'-- Up-to-date: /home/jmj/pro_asp_ws/ws_px4_controls/install/px4_msgs/include/px4_msgs/px4_msgs/msg/detail/home_position__traits.hpp\n'}
[0.798966] (px4_msgs) StdoutLine: {'line': b'-- Up-to-date: /home/jmj/pro_asp_ws/ws_px4_controls/install/px4_msgs/include/px4_msgs/px4_msgs/msg/detail/satellite_info__builder.hpp\n'}
[0.798988] (px4_msgs) StdoutLine: {'line': b'-- Up-to-date: /home/jmj/pro_asp_ws/ws_px4_controls/install/px4_msgs/include/px4_msgs/px4_msgs/msg/detail/message_format_request__struct.hpp\n'}
[0.799010] (px4_msgs) StdoutLine: {'line': b'-- Up-to-date: /home/jmj/pro_asp_ws/ws_px4_controls/install/px4_msgs/include/px4_msgs/px4_msgs/msg/detail/hover_thrust_estimate__struct.hpp\n'}
[0.799032] (px4_msgs) StdoutLine: {'line': b'-- Up-to-date: /home/jmj/pro_asp_ws/ws_px4_controls/install/px4_msgs/include/px4_msgs/px4_msgs/msg/detail/fuel_tank_status__struct.hpp\n'}
[0.799054] (px4_msgs) StdoutLine: {'line': b'-- Up-to-date: /home/jmj/pro_asp_ws/ws_px4_controls/install/px4_msgs/include/px4_msgs/px4_msgs/msg/detail/vehicle_command__builder.hpp\n'}
[0.799074] (px4_msgs) StdoutLine: {'line': b'-- Up-to-date: /home/jmj/pro_asp_ws/ws_px4_controls/install/px4_msgs/include/px4_msgs/px4_msgs/msg/detail/sensor_gyro__builder.hpp\n'}
[0.799096] (px4_msgs) StdoutLine: {'line': b'-- Up-to-date: /home/jmj/pro_asp_ws/ws_px4_controls/install/px4_msgs/include/px4_msgs/px4_msgs/msg/detail/vehicle_rates_setpoint__traits.hpp\n'}
[0.799123] (px4_msgs) StdoutLine: {'line': b'-- Up-to-date: /home/jmj/pro_asp_ws/ws_px4_controls/install/px4_msgs/include/px4_msgs/px4_msgs/msg/detail/internal_combustion_engine_control__struct.hpp\n'}
[0.799146] (px4_msgs) StdoutLine: {'line': b'-- Up-to-date: /home/jmj/pro_asp_ws/ws_px4_controls/install/px4_msgs/include/px4_msgs/px4_msgs/msg/detail/vehicle_global_position__struct.hpp\n'}
[0.799171] (px4_msgs) StdoutLine: {'line': b'-- Up-to-date: /home/jmj/pro_asp_ws/ws_px4_controls/install/px4_msgs/include/px4_msgs/px4_msgs/msg/detail/mode_completed__type_support.hpp\n'}
[0.799192] (px4_msgs) StdoutLine: {'line': b'-- Up-to-date: /home/jmj/pro_asp_ws/ws_px4_controls/install/px4_msgs/include/px4_msgs/px4_msgs/msg/detail/landing_gear__traits.hpp\n'}
[0.799213] (px4_msgs) StdoutLine: {'line': b'-- Up-to-date: /home/jmj/pro_asp_ws/ws_px4_controls/install/px4_msgs/include/px4_msgs/px4_msgs/msg/detail/vehicle_attitude__type_support.hpp\n'}
[0.799237] (px4_msgs) StdoutLine: {'line': b'-- Up-to-date: /home/jmj/pro_asp_ws/ws_px4_controls/install/px4_msgs/include/px4_msgs/px4_msgs/msg/detail/gps_inject_data__builder.hpp\n'}
[0.799259] (px4_msgs) StdoutLine: {'line': b'-- Up-to-date: /home/jmj/pro_asp_ws/ws_px4_controls/install/px4_msgs/include/px4_msgs/px4_msgs/msg/detail/arming_check_request__builder.hpp\n'}
[0.799280] (px4_msgs) StdoutLine: {'line': b'-- Up-to-date: /home/jmj/pro_asp_ws/ws_px4_controls/install/px4_msgs/include/px4_msgs/px4_msgs/msg/detail/debug_array__traits.hpp\n'}
[0.799302] (px4_msgs) StdoutLine: {'line': b'-- Up-to-date: /home/jmj/pro_asp_ws/ws_px4_controls/install/px4_msgs/include/px4_msgs/px4_msgs/msg/detail/estimator_status__type_support.hpp\n'}
[0.799323] (px4_msgs) StdoutLine: {'line': b'-- Up-to-date: /home/jmj/pro_asp_ws/ws_px4_controls/install/px4_msgs/include/px4_msgs/px4_msgs/msg/detail/geofence_status__type_support.hpp\n'}
[0.799345] (px4_msgs) StdoutLine: {'line': b'-- Up-to-date: /home/jmj/pro_asp_ws/ws_px4_controls/install/px4_msgs/include/px4_msgs/px4_msgs/msg/detail/camera_status__struct.hpp\n'}
[0.799366] (px4_msgs) StdoutLine: {'line': b'-- Up-to-date: /home/jmj/pro_asp_ws/ws_px4_controls/install/px4_msgs/include/px4_msgs/px4_msgs/msg/detail/position_setpoint_triplet__type_support.hpp\n'}
[0.799388] (px4_msgs) StdoutLine: {'line': b'-- Up-to-date: /home/jmj/pro_asp_ws/ws_px4_controls/install/px4_msgs/include/px4_msgs/px4_msgs/msg/detail/vehicle_optical_flow_vel__type_support.hpp\n'}
[0.799410] (px4_msgs) StdoutLine: {'line': b'-- Up-to-date: /home/jmj/pro_asp_ws/ws_px4_controls/install/px4_msgs/include/px4_msgs/px4_msgs/msg/detail/led_control__struct.hpp\n'}
[0.799430] (px4_msgs) StdoutLine: {'line': b'-- Up-to-date: /home/jmj/pro_asp_ws/ws_px4_controls/install/px4_msgs/include/px4_msgs/px4_msgs/msg/detail/sensor_accel_fifo__struct.hpp\n'}
[0.799452] (px4_msgs) StdoutLine: {'line': b'-- Up-to-date: /home/jmj/pro_asp_ws/ws_px4_controls/install/px4_msgs/include/px4_msgs/px4_msgs/msg/detail/rover_steering_setpoint__type_support.hpp\n'}
[0.799473] (px4_msgs) StdoutLine: {'line': b'-- Up-to-date: /home/jmj/pro_asp_ws/ws_px4_controls/install/px4_msgs/include/px4_msgs/px4_msgs/msg/detail/task_stack_info__builder.hpp\n'}
[0.799495] (px4_msgs) StdoutLine: {'line': b'-- Up-to-date: /home/jmj/pro_asp_ws/ws_px4_controls/install/px4_msgs/include/px4_msgs/px4_msgs/msg/detail/esc_status__traits.hpp\n'}
[0.799516] (px4_msgs) StdoutLine: {'line': b'-- Up-to-date: /home/jmj/pro_asp_ws/ws_px4_controls/install/px4_msgs/include/px4_msgs/px4_msgs/msg/detail/fixed_wing_lateral_status__type_support.hpp\n'}
[0.799537] (px4_msgs) StdoutLine: {'line': b'-- Up-to-date: /home/jmj/pro_asp_ws/ws_px4_controls/install/px4_msgs/include/px4_msgs/px4_msgs/msg/detail/parameter_set_used_request__struct.hpp\n'}
[0.799559] (px4_msgs) StdoutLine: {'line': b'-- Up-to-date: /home/jmj/pro_asp_ws/ws_px4_controls/install/px4_msgs/include/px4_msgs/px4_msgs/msg/detail/mag_worker_data__struct.hpp\n'}
[0.799581] (px4_msgs) StdoutLine: {'line': b'-- Up-to-date: /home/jmj/pro_asp_ws/ws_px4_controls/install/px4_msgs/include/px4_msgs/px4_msgs/msg/detail/gpio_in__struct.hpp\n'}
[0.799602] (px4_msgs) StdoutLine: {'line': b'-- Up-to-date: /home/jmj/pro_asp_ws/ws_px4_controls/install/px4_msgs/include/px4_msgs/px4_msgs/msg/detail/system_power__builder.hpp\n'}
[0.799626] (px4_msgs) StdoutLine: {'line': b'-- Up-to-date: /home/jmj/pro_asp_ws/ws_px4_controls/install/px4_msgs/include/px4_msgs/px4_msgs/msg/detail/gimbal_manager_set_manual_control__builder.hpp\n'}
[0.799647] (px4_msgs) StdoutLine: {'line': b'-- Up-to-date: /home/jmj/pro_asp_ws/ws_px4_controls/install/px4_msgs/include/px4_msgs/px4_msgs/msg/detail/gimbal_manager_set_attitude__type_support.hpp\n'}
[0.799668] (px4_msgs) StdoutLine: {'line': b'-- Up-to-date: /home/jmj/pro_asp_ws/ws_px4_controls/install/px4_msgs/include/px4_msgs/px4_msgs/msg/detail/vehicle_magnetometer__struct.hpp\n'}
[0.799689] (px4_msgs) StdoutLine: {'line': b'-- Up-to-date: /home/jmj/pro_asp_ws/ws_px4_controls/install/px4_msgs/include/px4_msgs/px4_msgs/msg/detail/differential_pressure__type_support.hpp\n'}
[0.799710] (px4_msgs) StdoutLine: {'line': b'-- Up-to-date: /home/jmj/pro_asp_ws/ws_px4_controls/install/px4_msgs/include/px4_msgs/px4_msgs/msg/detail/onboard_computer_status__traits.hpp\n'}
[0.799734] (px4_msgs) StdoutLine: {'line': b'-- Up-to-date: /home/jmj/pro_asp_ws/ws_px4_controls/install/px4_msgs/include/px4_msgs/px4_msgs/msg/detail/rtl_status__type_support.hpp\n'}
[0.799762] (px4_msgs) StdoutLine: {'line': b'-- Up-to-date: /home/jmj/pro_asp_ws/ws_px4_controls/install/px4_msgs/include/px4_msgs/px4_msgs/msg/detail/unregister_ext_component__struct.hpp\n'}
[0.799786] (px4_msgs) StdoutLine: {'line': b'-- Up-to-date: /home/jmj/pro_asp_ws/ws_px4_controls/install/px4_msgs/include/px4_msgs/px4_msgs/msg/detail/orbit_status__struct.hpp\n'}
[0.799807] (px4_msgs) StdoutLine: {'line': b'-- Up-to-date: /home/jmj/pro_asp_ws/ws_px4_controls/install/px4_msgs/include/px4_msgs/px4_msgs/msg/detail/magnetometer_bias_estimate__type_support.hpp\n'}
[0.799829] (px4_msgs) StdoutLine: {'line': b'-- Up-to-date: /home/jmj/pro_asp_ws/ws_px4_controls/install/px4_msgs/include/px4_msgs/px4_msgs/msg/detail/qshell_req__builder.hpp\n'}
[0.799852] (px4_msgs) StdoutLine: {'line': b'-- Up-to-date: /home/jmj/pro_asp_ws/ws_px4_controls/install/px4_msgs/include/px4_msgs/px4_msgs/msg/detail/actuator_servos__type_support.hpp\n'}
[0.799873] (px4_msgs) StdoutLine: {'line': b'-- Up-to-date: /home/jmj/pro_asp_ws/ws_px4_controls/install/px4_msgs/include/px4_msgs/px4_msgs/msg/detail/vehicle_control_mode__traits.hpp\n'}
[0.799894] (px4_msgs) StdoutLine: {'line': b'-- Up-to-date: /home/jmj/pro_asp_ws/ws_px4_controls/install/px4_msgs/include/px4_msgs/px4_msgs/msg/detail/fixed_wing_longitudinal_setpoint__type_support.hpp\n'}
[0.799915] (px4_msgs) StdoutLine: {'line': b'-- Up-to-date: /home/jmj/pro_asp_ws/ws_px4_controls/install/px4_msgs/include/px4_msgs/px4_msgs/msg/detail/sensors_status__builder.hpp\n'}
[0.799936] (px4_msgs) StdoutLine: {'line': b'-- Up-to-date: /home/jmj/pro_asp_ws/ws_px4_controls/install/px4_msgs/include/px4_msgs/px4_msgs/msg/detail/sensor_optical_flow__traits.hpp\n'}
[0.799957] (px4_msgs) StdoutLine: {'line': b'-- Up-to-date: /home/jmj/pro_asp_ws/ws_px4_controls/install/px4_msgs/include/px4_msgs/px4_msgs/msg/detail/vehicle_control_mode__type_support.hpp\n'}
[0.799978] (px4_msgs) StdoutLine: {'line': b'-- Up-to-date: /home/jmj/pro_asp_ws/ws_px4_controls/install/px4_msgs/include/px4_msgs/px4_msgs/msg/detail/vehicle_air_data__builder.hpp\n'}
[0.800000] (px4_msgs) StdoutLine: {'line': b'-- Up-to-date: /home/jmj/pro_asp_ws/ws_px4_controls/install/px4_msgs/include/px4_msgs/px4_msgs/msg/detail/vehicle_attitude_setpoint__type_support.hpp\n'}
[0.800022] (px4_msgs) StdoutLine: {'line': b'-- Up-to-date: /home/jmj/pro_asp_ws/ws_px4_controls/install/px4_msgs/include/px4_msgs/px4_msgs/msg/detail/power_monitor__traits.hpp\n'}
[0.800044] (px4_msgs) StdoutLine: {'line': b'-- Up-to-date: /home/jmj/pro_asp_ws/ws_px4_controls/install/px4_msgs/include/px4_msgs/px4_msgs/msg/detail/vehicle_command_ack__traits.hpp\n'}
[0.800065] (px4_msgs) StdoutLine: {'line': b'-- Up-to-date: /home/jmj/pro_asp_ws/ws_px4_controls/install/px4_msgs/include/px4_msgs/px4_msgs/msg/detail/estimator_event_flags__traits.hpp\n'}
[0.800087] (px4_msgs) StdoutLine: {'line': b'-- Up-to-date: /home/jmj/pro_asp_ws/ws_px4_controls/install/px4_msgs/include/px4_msgs/px4_msgs/msg/detail/pwm_input__builder.hpp\n'}
[0.800110] (px4_msgs) StdoutLine: {'line': b'-- Up-to-date: /home/jmj/pro_asp_ws/ws_px4_controls/install/px4_msgs/include/px4_msgs/px4_msgs/msg/detail/orbit_status__type_support.hpp\n'}
[0.800131] (px4_msgs) StdoutLine: {'line': b'-- Up-to-date: /home/jmj/pro_asp_ws/ws_px4_controls/install/px4_msgs/include/px4_msgs/px4_msgs/msg/detail/follow_target__struct.hpp\n'}
[0.800152] (px4_msgs) StdoutLine: {'line': b'-- Up-to-date: /home/jmj/pro_asp_ws/ws_px4_controls/install/px4_msgs/include/px4_msgs/px4_msgs/msg/detail/landing_target_pose__struct.hpp\n'}
[0.800173] (px4_msgs) StdoutLine: {'line': b'-- Up-to-date: /home/jmj/pro_asp_ws/ws_px4_controls/install/px4_msgs/include/px4_msgs/px4_msgs/msg/detail/trajectory_setpoint6dof__struct.hpp\n'}
[0.800194] (px4_msgs) StdoutLine: {'line': b'-- Up-to-date: /home/jmj/pro_asp_ws/ws_px4_controls/install/px4_msgs/include/px4_msgs/px4_msgs/msg/detail/cellular_status__builder.hpp\n'}
[0.800215] (px4_msgs) StdoutLine: {'line': b'-- Up-to-date: /home/jmj/pro_asp_ws/ws_px4_controls/install/px4_msgs/include/px4_msgs/px4_msgs/msg/detail/mavlink_tunnel__builder.hpp\n'}
[0.800236] (px4_msgs) StdoutLine: {'line': b'-- Up-to-date: /home/jmj/pro_asp_ws/ws_px4_controls/install/px4_msgs/include/px4_msgs/px4_msgs/msg/detail/px4io_status__type_support.hpp\n'}
[0.800257] (px4_msgs) StdoutLine: {'line': b'-- Up-to-date: /home/jmj/pro_asp_ws/ws_px4_controls/install/px4_msgs/include/px4_msgs/px4_msgs/msg/detail/camera_trigger__type_support.hpp\n'}
[0.800278] (px4_msgs) StdoutLine: {'line': b'-- Up-to-date: /home/jmj/pro_asp_ws/ws_px4_controls/install/px4_msgs/include/px4_msgs/px4_msgs/msg/detail/camera_capture__builder.hpp\n'}
[0.800299] (px4_msgs) StdoutLine: {'line': b'-- Up-to-date: /home/jmj/pro_asp_ws/ws_px4_controls/install/px4_msgs/include/px4_msgs/px4_msgs/msg/detail/vehicle_torque_setpoint__type_support.hpp\n'}
[0.800320] (px4_msgs) StdoutLine: {'line': b'-- Up-to-date: /home/jmj/pro_asp_ws/ws_px4_controls/install/px4_msgs/include/px4_msgs/px4_msgs/msg/detail/flight_phase_estimation__traits.hpp\n'}
[0.800341] (px4_msgs) StdoutLine: {'line': b'-- Up-to-date: /home/jmj/pro_asp_ws/ws_px4_controls/install/px4_msgs/include/px4_msgs/px4_msgs/msg/detail/vehicle_local_position_setpoint__type_support.hpp\n'}
[0.800362] (px4_msgs) StdoutLine: {'line': b'-- Up-to-date: /home/jmj/pro_asp_ws/ws_px4_controls/install/px4_msgs/include/px4_msgs/px4_msgs/msg/detail/landing_target_pose__builder.hpp\n'}
[0.800383] (px4_msgs) StdoutLine: {'line': b'-- Up-to-date: /home/jmj/pro_asp_ws/ws_px4_controls/install/px4_msgs/include/px4_msgs/px4_msgs/msg/detail/arming_check_request__traits.hpp\n'}
[0.800409] (px4_msgs) StdoutLine: {'line': b'-- Up-to-date: /home/jmj/pro_asp_ws/ws_px4_controls/install/px4_msgs/include/px4_msgs/px4_msgs/msg/detail/actuator_outputs__builder.hpp\n'}
[0.800433] (px4_msgs) StdoutLine: {'line': b'-- Up-to-date: /home/jmj/pro_asp_ws/ws_px4_controls/install/px4_msgs/include/px4_msgs/px4_msgs/msg/detail/gimbal_device_attitude_status__builder.hpp\n'}
[0.800455] (px4_msgs) StdoutLine: {'line': b'-- Up-to-date: /home/jmj/pro_asp_ws/ws_px4_controls/install/px4_msgs/include/px4_msgs/px4_msgs/msg/detail/sensor_selection__builder.hpp\n'}
[0.800477] (px4_msgs) StdoutLine: {'line': b'-- Up-to-date: /home/jmj/pro_asp_ws/ws_px4_controls/install/px4_msgs/include/px4_msgs/px4_msgs/msg/detail/uavcan_parameter_value__traits.hpp\n'}
[0.800498] (px4_msgs) StdoutLine: {'line': b'-- Up-to-date: /home/jmj/pro_asp_ws/ws_px4_controls/install/px4_msgs/include/px4_msgs/px4_msgs/msg/detail/wheel_encoders__type_support.hpp\n'}
[0.800520] (px4_msgs) StdoutLine: {'line': b'-- Up-to-date: /home/jmj/pro_asp_ws/ws_px4_controls/install/px4_msgs/include/px4_msgs/px4_msgs/msg/detail/vehicle_imu__traits.hpp\n'}
[0.800542] (px4_msgs) StdoutLine: {'line': b'-- Up-to-date: /home/jmj/pro_asp_ws/ws_px4_controls/install/px4_msgs/include/px4_msgs/px4_msgs/msg/detail/estimator_event_flags__type_support.hpp\n'}
[0.800563] (px4_msgs) StdoutLine: {'line': b'-- Up-to-date: /home/jmj/pro_asp_ws/ws_px4_controls/install/px4_msgs/include/px4_msgs/px4_msgs/msg/detail/normalized_unsigned_setpoint__struct.hpp\n'}
[0.800587] (px4_msgs) StdoutLine: {'line': b'-- Up-to-date: /home/jmj/pro_asp_ws/ws_px4_controls/install/px4_msgs/include/px4_msgs/px4_msgs/msg/detail/logger_status__struct.hpp\n'}
[0.800608] (px4_msgs) StdoutLine: {'line': b'-- Up-to-date: /home/jmj/pro_asp_ws/ws_px4_controls/install/px4_msgs/include/px4_msgs/px4_msgs/msg/detail/sensor_gps__traits.hpp\n'}
[0.800629] (px4_msgs) StdoutLine: {'line': b'-- Up-to-date: /home/jmj/pro_asp_ws/ws_px4_controls/install/px4_msgs/include/px4_msgs/px4_msgs/msg/detail/vehicle_command__traits.hpp\n'}
[0.800650] (px4_msgs) StdoutLine: {'line': b'-- Up-to-date: /home/jmj/pro_asp_ws/ws_px4_controls/install/px4_msgs/include/px4_msgs/px4_msgs/msg/detail/uavcan_parameter_request__struct.hpp\n'}
[0.800672] (px4_msgs) StdoutLine: {'line': b'-- Up-to-date: /home/jmj/pro_asp_ws/ws_px4_controls/install/px4_msgs/include/px4_msgs/px4_msgs/msg/detail/vehicle_roi__type_support.hpp\n'}
[0.800693] (px4_msgs) StdoutLine: {'line': b'-- Up-to-date: /home/jmj/pro_asp_ws/ws_px4_controls/install/px4_msgs/include/px4_msgs/px4_msgs/msg/detail/rover_steering_setpoint__struct.hpp\n'}
[0.800713] (-) TimerEvent: {}
[0.800787] (px4_msgs) StdoutLine: {'line': b'-- Up-to-date: /home/jmj/pro_asp_ws/ws_px4_controls/install/px4_msgs/include/px4_msgs/px4_msgs/msg/detail/estimator_status__struct.hpp\n'}
[0.800828] (px4_msgs) StdoutLine: {'line': b'-- Up-to-date: /home/jmj/pro_asp_ws/ws_px4_controls/install/px4_msgs/include/px4_msgs/px4_msgs/msg/detail/rc_channels__traits.hpp\n'}
[0.800854] (px4_msgs) StdoutLine: {'line': b'-- Up-to-date: /home/jmj/pro_asp_ws/ws_px4_controls/install/px4_msgs/include/px4_msgs/px4_msgs/msg/detail/distance_sensor__builder.hpp\n'}
[0.800879] (px4_msgs) StdoutLine: {'line': b'-- Up-to-date: /home/jmj/pro_asp_ws/ws_px4_controls/install/px4_msgs/include/px4_msgs/px4_msgs/msg/detail/sensor_gyro__type_support.hpp\n'}
[0.800902] (px4_msgs) StdoutLine: {'line': b'-- Up-to-date: /home/jmj/pro_asp_ws/ws_px4_controls/install/px4_msgs/include/px4_msgs/px4_msgs/msg/detail/manual_control_setpoint__builder.hpp\n'}
[0.800924] (px4_msgs) StdoutLine: {'line': b'-- Up-to-date: /home/jmj/pro_asp_ws/ws_px4_controls/install/px4_msgs/include/px4_msgs/px4_msgs/msg/detail/estimator_aid_source2d__struct.hpp\n'}
[0.800947] (px4_msgs) StdoutLine: {'line': b'-- Up-to-date: /home/jmj/pro_asp_ws/ws_px4_controls/install/px4_msgs/include/px4_msgs/px4_msgs/msg/detail/actuator_armed__traits.hpp\n'}
[0.800968] (px4_msgs) StdoutLine: {'line': b'-- Up-to-date: /home/jmj/pro_asp_ws/ws_px4_controls/install/px4_msgs/include/px4_msgs/px4_msgs/msg/detail/message_format_response__struct.hpp\n'}
[0.800991] (px4_msgs) StdoutLine: {'line': b'-- Up-to-date: /home/jmj/pro_asp_ws/ws_px4_controls/install/px4_msgs/include/px4_msgs/px4_msgs/msg/detail/tecs_status__type_support.hpp\n'}
[0.801013] (px4_msgs) StdoutLine: {'line': b'-- Up-to-date: /home/jmj/pro_asp_ws/ws_px4_controls/install/px4_msgs/include/px4_msgs/px4_msgs/msg/detail/estimator_states__builder.hpp\n'}
[0.801034] (px4_msgs) StdoutLine: {'line': b'-- Up-to-date: /home/jmj/pro_asp_ws/ws_px4_controls/install/px4_msgs/include/px4_msgs/px4_msgs/msg/detail/uavcan_parameter_request__type_support.hpp\n'}
[0.801055] (px4_msgs) StdoutLine: {'line': b'-- Up-to-date: /home/jmj/pro_asp_ws/ws_px4_controls/install/px4_msgs/include/px4_msgs/px4_msgs/msg/detail/log_message__struct.hpp\n'}
[0.801076] (px4_msgs) StdoutLine: {'line': b'-- Up-to-date: /home/jmj/pro_asp_ws/ws_px4_controls/install/px4_msgs/include/px4_msgs/px4_msgs/msg/detail/pure_pursuit_status__type_support.hpp\n'}
[0.801098] (px4_msgs) StdoutLine: {'line': b'-- Up-to-date: /home/jmj/pro_asp_ws/ws_px4_controls/install/px4_msgs/include/px4_msgs/px4_msgs/msg/detail/longitudinal_control_configuration__type_support.hpp\n'}
[0.801120] (px4_msgs) StdoutLine: {'line': b'-- Up-to-date: /home/jmj/pro_asp_ws/ws_px4_controls/install/px4_msgs/include/px4_msgs/px4_msgs/msg/detail/vehicle_land_detected__traits.hpp\n'}
[0.801151] (px4_msgs) StdoutLine: {'line': b'-- Up-to-date: /home/jmj/pro_asp_ws/ws_px4_controls/install/px4_msgs/include/px4_msgs/px4_msgs/msg/detail/fixed_wing_longitudinal_setpoint__traits.hpp\n'}
[0.801172] (px4_msgs) StdoutLine: {'line': b'-- Up-to-date: /home/jmj/pro_asp_ws/ws_px4_controls/install/px4_msgs/include/px4_msgs/px4_msgs/msg/detail/mode_completed__struct.hpp\n'}
[0.801194] (px4_msgs) StdoutLine: {'line': b'-- Up-to-date: /home/jmj/pro_asp_ws/ws_px4_controls/install/px4_msgs/include/px4_msgs/px4_msgs/msg/detail/qshell_req__traits.hpp\n'}
[0.801217] (px4_msgs) StdoutLine: {'line': b'-- Up-to-date: /home/jmj/pro_asp_ws/ws_px4_controls/install/px4_msgs/include/px4_msgs/px4_msgs/msg/detail/orbit_status__builder.hpp\n'}
[0.801241] (px4_msgs) StdoutLine: {'line': b'-- Up-to-date: /home/jmj/pro_asp_ws/ws_px4_controls/install/px4_msgs/include/px4_msgs/px4_msgs/msg/detail/sensor_baro__struct.hpp\n'}
[0.801264] (px4_msgs) StdoutLine: {'line': b'-- Up-to-date: /home/jmj/pro_asp_ws/ws_px4_controls/install/px4_msgs/include/px4_msgs/px4_msgs/msg/detail/esc_report__struct.hpp\n'}
[0.801288] (px4_msgs) StdoutLine: {'line': b'-- Up-to-date: /home/jmj/pro_asp_ws/ws_px4_controls/install/px4_msgs/include/px4_msgs/px4_msgs/msg/detail/parameter_set_value_response__struct.hpp\n'}
[0.801310] (px4_msgs) StdoutLine: {'line': b'-- Up-to-date: /home/jmj/pro_asp_ws/ws_px4_controls/install/px4_msgs/include/px4_msgs/px4_msgs/msg/detail/navigator_mission_item__traits.hpp\n'}
[0.801333] (px4_msgs) StdoutLine: {'line': b'-- Up-to-date: /home/jmj/pro_asp_ws/ws_px4_controls/install/px4_msgs/include/px4_msgs/px4_msgs/msg/detail/mavlink_log__builder.hpp\n'}
[0.801356] (px4_msgs) StdoutLine: {'line': b'-- Up-to-date: /home/jmj/pro_asp_ws/ws_px4_controls/install/px4_msgs/include/px4_msgs/px4_msgs/msg/detail/log_message__traits.hpp\n'}
[0.801378] (px4_msgs) StdoutLine: {'line': b'-- Up-to-date: /home/jmj/pro_asp_ws/ws_px4_controls/install/px4_msgs/include/px4_msgs/px4_msgs/msg/detail/onboard_computer_status__struct.hpp\n'}
[0.801400] (px4_msgs) StdoutLine: {'line': b'-- Up-to-date: /home/jmj/pro_asp_ws/ws_px4_controls/install/px4_msgs/include/px4_msgs/px4_msgs/msg/detail/sensor_hygrometer__traits.hpp\n'}
[0.801424] (px4_msgs) StdoutLine: {'line': b'-- Up-to-date: /home/jmj/pro_asp_ws/ws_px4_controls/install/px4_msgs/include/px4_msgs/px4_msgs/msg/detail/rover_throttle_setpoint__traits.hpp\n'}
[0.801447] (px4_msgs) StdoutLine: {'line': b'-- Up-to-date: /home/jmj/pro_asp_ws/ws_px4_controls/install/px4_msgs/include/px4_msgs/px4_msgs/msg/detail/camera_status__traits.hpp\n'}
[0.801470] (px4_msgs) StdoutLine: {'line': b'-- Up-to-date: /home/jmj/pro_asp_ws/ws_px4_controls/install/px4_msgs/include/px4_msgs/px4_msgs/msg/detail/flight_phase_estimation__struct.hpp\n'}
[0.801492] (px4_msgs) StdoutLine: {'line': b'-- Up-to-date: /home/jmj/pro_asp_ws/ws_px4_controls/install/px4_msgs/include/px4_msgs/px4_msgs/msg/detail/rover_rate_setpoint__struct.hpp\n'}
[0.801515] (px4_msgs) StdoutLine: {'line': b'-- Up-to-date: /home/jmj/pro_asp_ws/ws_px4_controls/install/px4_msgs/include/px4_msgs/px4_msgs/msg/detail/yaw_estimator_status__type_support.hpp\n'}
[0.801538] (px4_msgs) StdoutLine: {'line': b'-- Up-to-date: /home/jmj/pro_asp_ws/ws_px4_controls/install/px4_msgs/include/px4_msgs/px4_msgs/msg/detail/goto_setpoint__type_support.hpp\n'}
[0.801559] (px4_msgs) StdoutLine: {'line': b'-- Up-to-date: /home/jmj/pro_asp_ws/ws_px4_controls/install/px4_msgs/include/px4_msgs/px4_msgs/msg/detail/estimator_bias__traits.hpp\n'}
[0.801584] (px4_msgs) StdoutLine: {'line': b'-- Up-to-date: /home/jmj/pro_asp_ws/ws_px4_controls/install/px4_msgs/include/px4_msgs/px4_msgs/msg/detail/sensor_optical_flow__struct.hpp\n'}
[0.801620] (px4_msgs) StdoutLine: {'line': b'-- Up-to-date: /home/jmj/pro_asp_ws/ws_px4_controls/install/px4_msgs/include/px4_msgs/px4_msgs/msg/detail/mission__struct.hpp\n'}
[0.801652] (px4_msgs) StdoutLine: {'line': b'-- Up-to-date: /home/jmj/pro_asp_ws/ws_px4_controls/install/px4_msgs/include/px4_msgs/px4_msgs/msg/detail/gps_inject_data__type_support.hpp\n'}
[0.801678] (px4_msgs) StdoutLine: {'line': b'-- Up-to-date: /home/jmj/pro_asp_ws/ws_px4_controls/install/px4_msgs/include/px4_msgs/px4_msgs/msg/detail/fixed_wing_lateral_guidance_status__struct.hpp\n'}
[0.801701] (px4_msgs) StdoutLine: {'line': b'-- Up-to-date: /home/jmj/pro_asp_ws/ws_px4_controls/install/px4_msgs/include/px4_msgs/px4_msgs/msg/detail/led_control__builder.hpp\n'}
[0.801723] (px4_msgs) StdoutLine: {'line': b'-- Up-to-date: /home/jmj/pro_asp_ws/ws_px4_controls/install/px4_msgs/include/px4_msgs/px4_msgs/msg/detail/goto_setpoint__struct.hpp\n'}
[0.801745] (px4_msgs) StdoutLine: {'line': b'-- Up-to-date: /home/jmj/pro_asp_ws/ws_px4_controls/install/px4_msgs/include/px4_msgs/px4_msgs/msg/detail/open_drone_id_self_id__traits.hpp\n'}
[0.801773] (px4_msgs) StdoutLine: {'line': b'-- Up-to-date: /home/jmj/pro_asp_ws/ws_px4_controls/install/px4_msgs/include/px4_msgs/px4_msgs/msg/detail/gpio_request__type_support.hpp\n'}
[0.801797] (px4_msgs) StdoutLine: {'line': b'-- Up-to-date: /home/jmj/pro_asp_ws/ws_px4_controls/install/px4_msgs/include/px4_msgs/px4_msgs/msg/detail/estimator_aid_source1d__builder.hpp\n'}
[0.801822] (px4_msgs) StdoutLine: {'line': b'-- Up-to-date: /home/jmj/pro_asp_ws/ws_px4_controls/install/px4_msgs/include/px4_msgs/px4_msgs/msg/detail/uavcan_parameter_request__traits.hpp\n'}
[0.801844] (px4_msgs) StdoutLine: {'line': b'-- Up-to-date: /home/jmj/pro_asp_ws/ws_px4_controls/install/px4_msgs/include/px4_msgs/px4_msgs/msg/detail/rover_rate_status__traits.hpp\n'}
[0.801870] (px4_msgs) StdoutLine: {'line': b'-- Up-to-date: /home/jmj/pro_asp_ws/ws_px4_controls/install/px4_msgs/include/px4_msgs/px4_msgs/msg/detail/vehicle_attitude_setpoint__builder.hpp\n'}
[0.801893] (px4_msgs) StdoutLine: {'line': b'-- Up-to-date: /home/jmj/pro_asp_ws/ws_px4_controls/install/px4_msgs/include/px4_msgs/px4_msgs/msg/detail/position_controller_landing_status__type_support.hpp\n'}
[0.801915] (px4_msgs) StdoutLine: {'line': b'-- Up-to-date: /home/jmj/pro_asp_ws/ws_px4_controls/install/px4_msgs/include/px4_msgs/px4_msgs/msg/detail/longitudinal_control_configuration__traits.hpp\n'}
[0.801938] (px4_msgs) StdoutLine: {'line': b'-- Up-to-date: /home/jmj/pro_asp_ws/ws_px4_controls/install/px4_msgs/include/px4_msgs/px4_msgs/msg/detail/orb_test_medium__traits.hpp\n'}
[0.801960] (px4_msgs) StdoutLine: {'line': b'-- Up-to-date: /home/jmj/pro_asp_ws/ws_px4_controls/install/px4_msgs/include/px4_msgs/px4_msgs/msg/detail/sensor_selection__type_support.hpp\n'}
[0.801982] (px4_msgs) StdoutLine: {'line': b'-- Up-to-date: /home/jmj/pro_asp_ws/ws_px4_controls/install/px4_msgs/include/px4_msgs/px4_msgs/msg/detail/gimbal_device_information__builder.hpp\n'}
[0.802004] (px4_msgs) StdoutLine: {'line': b'-- Up-to-date: /home/jmj/pro_asp_ws/ws_px4_controls/install/px4_msgs/include/px4_msgs/px4_msgs/msg/detail/wind__type_support.hpp\n'}
[0.802026] (px4_msgs) StdoutLine: {'line': b'-- Up-to-date: /home/jmj/pro_asp_ws/ws_px4_controls/install/px4_msgs/include/px4_msgs/px4_msgs/msg/detail/actuator_test__struct.hpp\n'}
[0.802048] (px4_msgs) StdoutLine: {'line': b'-- Up-to-date: /home/jmj/pro_asp_ws/ws_px4_controls/install/px4_msgs/include/px4_msgs/px4_msgs/msg/detail/dataman_response__traits.hpp\n'}
[0.802069] (px4_msgs) StdoutLine: {'line': b'-- Up-to-date: /home/jmj/pro_asp_ws/ws_px4_controls/install/px4_msgs/include/px4_msgs/px4_msgs/msg/detail/pwm_input__struct.hpp\n'}
[0.802091] (px4_msgs) StdoutLine: {'line': b'-- Up-to-date: /home/jmj/pro_asp_ws/ws_px4_controls/install/px4_msgs/include/px4_msgs/px4_msgs/msg/detail/esc_report__type_support.hpp\n'}
[0.802112] (px4_msgs) StdoutLine: {'line': b'-- Up-to-date: /home/jmj/pro_asp_ws/ws_px4_controls/install/px4_msgs/include/px4_msgs/px4_msgs/msg/detail/rover_rate_status__type_support.hpp\n'}
[0.802133] (px4_msgs) StdoutLine: {'line': b'-- Up-to-date: /home/jmj/pro_asp_ws/ws_px4_controls/install/px4_msgs/include/px4_msgs/px4_msgs/msg/detail/actuator_controls_status__builder.hpp\n'}
[0.802154] (px4_msgs) StdoutLine: {'line': b'-- Up-to-date: /home/jmj/pro_asp_ws/ws_px4_controls/install/px4_msgs/include/px4_msgs/px4_msgs/msg/detail/gimbal_controls__traits.hpp\n'}
[0.802178] (px4_msgs) StdoutLine: {'line': b'-- Up-to-date: /home/jmj/pro_asp_ws/ws_px4_controls/install/px4_msgs/include/px4_msgs/px4_msgs/msg/detail/vehicle_magnetometer__type_support.hpp\n'}
[0.802199] (px4_msgs) StdoutLine: {'line': b'-- Up-to-date: /home/jmj/pro_asp_ws/ws_px4_controls/install/px4_msgs/include/px4_msgs/px4_msgs/msg/detail/launch_detection_status__traits.hpp\n'}
[0.802221] (px4_msgs) StdoutLine: {'line': b'-- Up-to-date: /home/jmj/pro_asp_ws/ws_px4_controls/install/px4_msgs/include/px4_msgs/px4_msgs/msg/detail/action_request__struct.hpp\n'}
[0.802243] (px4_msgs) StdoutLine: {'line': b'-- Up-to-date: /home/jmj/pro_asp_ws/ws_px4_controls/install/px4_msgs/include/px4_msgs/px4_msgs/msg/detail/fixed_wing_lateral_guidance_status__type_support.hpp\n'}
[0.802264] (px4_msgs) StdoutLine: {'line': b'-- Up-to-date: /home/jmj/pro_asp_ws/ws_px4_controls/install/px4_msgs/include/px4_msgs/px4_msgs/msg/detail/camera_trigger__struct.hpp\n'}
[0.802286] (px4_msgs) StdoutLine: {'line': b'-- Up-to-date: /home/jmj/pro_asp_ws/ws_px4_controls/install/px4_msgs/include/px4_msgs/px4_msgs/msg/detail/debug_key_value__type_support.hpp\n'}
[0.802306] (px4_msgs) StdoutLine: {'line': b'-- Up-to-date: /home/jmj/pro_asp_ws/ws_px4_controls/install/px4_msgs/include/px4_msgs/px4_msgs/msg/detail/qshell_retval__type_support.hpp\n'}
[0.802327] (px4_msgs) StdoutLine: {'line': b'-- Up-to-date: /home/jmj/pro_asp_ws/ws_px4_controls/install/px4_msgs/include/px4_msgs/px4_msgs/msg/detail/parameter_reset_request__struct.hpp\n'}
[0.802349] (px4_msgs) StdoutLine: {'line': b'-- Up-to-date: /home/jmj/pro_asp_ws/ws_px4_controls/install/px4_msgs/include/px4_msgs/px4_msgs/msg/detail/obstacle_distance__type_support.hpp\n'}
[0.802370] (px4_msgs) StdoutLine: {'line': b'-- Up-to-date: /home/jmj/pro_asp_ws/ws_px4_controls/install/px4_msgs/include/px4_msgs/px4_msgs/msg/detail/vehicle_constraints__struct.hpp\n'}
[0.802392] (px4_msgs) StdoutLine: {'line': b'-- Up-to-date: /home/jmj/pro_asp_ws/ws_px4_controls/install/px4_msgs/include/px4_msgs/px4_msgs/msg/detail/vehicle_magnetometer__builder.hpp\n'}
[0.802415] (px4_msgs) StdoutLine: {'line': b'-- Up-to-date: /home/jmj/pro_asp_ws/ws_px4_controls/install/px4_msgs/include/px4_msgs/px4_msgs/msg/detail/estimator_event_flags__struct.hpp\n'}
[0.802436] (px4_msgs) StdoutLine: {'line': b'-- Up-to-date: /home/jmj/pro_asp_ws/ws_px4_controls/install/px4_msgs/include/px4_msgs/px4_msgs/msg/detail/tecs_status__builder.hpp\n'}
[0.802457] (px4_msgs) StdoutLine: {'line': b'-- Up-to-date: /home/jmj/pro_asp_ws/ws_px4_controls/install/px4_msgs/include/px4_msgs/px4_msgs/msg/detail/rover_attitude_status__builder.hpp\n'}
[0.802479] (px4_msgs) StdoutLine: {'line': b'-- Up-to-date: /home/jmj/pro_asp_ws/ws_px4_controls/install/px4_msgs/include/px4_msgs/px4_msgs/msg/detail/task_stack_info__type_support.hpp\n'}
[0.802520] (px4_msgs) StdoutLine: {'line': b'-- Up-to-date: /home/jmj/pro_asp_ws/ws_px4_controls/install/px4_msgs/include/px4_msgs/px4_msgs/msg/detail/vehicle_imu__struct.hpp\n'}
[0.802559] (px4_msgs) StdoutLine: {'line': b'-- Up-to-date: /home/jmj/pro_asp_ws/ws_px4_controls/install/px4_msgs/include/px4_msgs/px4_msgs/msg/detail/internal_combustion_engine_status__struct.hpp\n'}
[0.802589] (px4_msgs) StdoutLine: {'line': b'-- Up-to-date: /home/jmj/pro_asp_ws/ws_px4_controls/install/px4_msgs/include/px4_msgs/px4_msgs/msg/detail/rc_parameter_map__traits.hpp\n'}
[0.802619] (px4_msgs) StdoutLine: {'line': b'-- Up-to-date: /home/jmj/pro_asp_ws/ws_px4_controls/install/px4_msgs/include/px4_msgs/px4_msgs/msg/detail/rover_rate_status__builder.hpp\n'}
[0.802650] (px4_msgs) StdoutLine: {'line': b'-- Up-to-date: /home/jmj/pro_asp_ws/ws_px4_controls/install/px4_msgs/include/px4_msgs/px4_msgs/msg/detail/manual_control_switches__traits.hpp\n'}
[0.802674] (px4_msgs) StdoutLine: {'line': b'-- Up-to-date: /home/jmj/pro_asp_ws/ws_px4_controls/install/px4_msgs/include/px4_msgs/px4_msgs/msg/detail/flight_phase_estimation__type_support.hpp\n'}
[0.802698] (px4_msgs) StdoutLine: {'line': b'-- Up-to-date: /home/jmj/pro_asp_ws/ws_px4_controls/install/px4_msgs/include/px4_msgs/px4_msgs/msg/detail/geofence_result__struct.hpp\n'}
[0.802724] (px4_msgs) StdoutLine: {'line': b'-- Up-to-date: /home/jmj/pro_asp_ws/ws_px4_controls/install/px4_msgs/include/px4_msgs/px4_msgs/msg/detail/camera_capture__traits.hpp\n'}
[0.802747] (px4_msgs) StdoutLine: {'line': b'-- Up-to-date: /home/jmj/pro_asp_ws/ws_px4_controls/install/px4_msgs/include/px4_msgs/px4_msgs/msg/detail/px4io_status__traits.hpp\n'}
[0.802778] (px4_msgs) StdoutLine: {'line': b'-- Up-to-date: /home/jmj/pro_asp_ws/ws_px4_controls/install/px4_msgs/include/px4_msgs/px4_msgs/msg/detail/parameter_set_value_request__traits.hpp\n'}
[0.802801] (px4_msgs) StdoutLine: {'line': b'-- Up-to-date: /home/jmj/pro_asp_ws/ws_px4_controls/install/px4_msgs/include/px4_msgs/px4_msgs/msg/detail/sensor_preflight_mag__struct.hpp\n'}
[0.802823] (px4_msgs) StdoutLine: {'line': b'-- Up-to-date: /home/jmj/pro_asp_ws/ws_px4_controls/install/px4_msgs/include/px4_msgs/px4_msgs/msg/detail/message_format_request__traits.hpp\n'}
[0.802845] (px4_msgs) StdoutLine: {'line': b'-- Up-to-date: /home/jmj/pro_asp_ws/ws_px4_controls/install/px4_msgs/include/px4_msgs/px4_msgs/msg/detail/cellular_status__struct.hpp\n'}
[0.802866] (px4_msgs) StdoutLine: {'line': b'-- Up-to-date: /home/jmj/pro_asp_ws/ws_px4_controls/install/px4_msgs/include/px4_msgs/px4_msgs/msg/detail/offboard_control_mode__struct.hpp\n'}
[0.802897] (px4_msgs) StdoutLine: {'line': b'-- Up-to-date: /home/jmj/pro_asp_ws/ws_px4_controls/install/px4_msgs/include/px4_msgs/px4_msgs/msg/detail/mount_orientation__builder.hpp\n'}
[0.802921] (px4_msgs) StdoutLine: {'line': b'-- Up-to-date: /home/jmj/pro_asp_ws/ws_px4_controls/install/px4_msgs/include/px4_msgs/px4_msgs/msg/detail/rover_attitude_setpoint__builder.hpp\n'}
[0.802953] (px4_msgs) StdoutLine: {'line': b'-- Up-to-date: /home/jmj/pro_asp_ws/ws_px4_controls/install/px4_msgs/include/px4_msgs/px4_msgs/msg/detail/landing_target_innovations__traits.hpp\n'}
[0.802982] (px4_msgs) StdoutLine: {'line': b'-- Up-to-date: /home/jmj/pro_asp_ws/ws_px4_controls/install/px4_msgs/include/px4_msgs/px4_msgs/msg/detail/gimbal_manager_set_attitude__builder.hpp\n'}
[0.803005] (px4_msgs) StdoutLine: {'line': b'-- Up-to-date: /home/jmj/pro_asp_ws/ws_px4_controls/install/px4_msgs/include/px4_msgs/px4_msgs/msg/detail/rpm__builder.hpp\n'}
[0.803028] (px4_msgs) StdoutLine: {'line': b'-- Up-to-date: /home/jmj/pro_asp_ws/ws_px4_controls/install/px4_msgs/include/px4_msgs/px4_msgs/msg/detail/iridiumsbd_status__type_support.hpp\n'}
[0.803053] (px4_msgs) StdoutLine: {'line': b'-- Up-to-date: /home/jmj/pro_asp_ws/ws_px4_controls/install/px4_msgs/include/px4_msgs/px4_msgs/msg/detail/fuel_tank_status__builder.hpp\n'}
[0.803077] (px4_msgs) StdoutLine: {'line': b'-- Up-to-date: /home/jmj/pro_asp_ws/ws_px4_controls/install/px4_msgs/include/px4_msgs/px4_msgs/msg/detail/rover_velocity_setpoint__builder.hpp\n'}
[0.803099] (px4_msgs) StdoutLine: {'line': b'-- Up-to-date: /home/jmj/pro_asp_ws/ws_px4_controls/install/px4_msgs/include/px4_msgs/px4_msgs/msg/detail/px4io_status__builder.hpp\n'}
[0.803121] (px4_msgs) StdoutLine: {'line': b'-- Up-to-date: /home/jmj/pro_asp_ws/ws_px4_controls/install/px4_msgs/include/px4_msgs/px4_msgs/msg/detail/ulog_stream_ack__builder.hpp\n'}
[0.803149] (px4_msgs) StdoutLine: {'line': b'-- Up-to-date: /home/jmj/pro_asp_ws/ws_px4_controls/install/px4_msgs/include/px4_msgs/px4_msgs/msg/detail/mag_worker_data__traits.hpp\n'}
[0.803177] (px4_msgs) StdoutLine: {'line': b'-- Up-to-date: /home/jmj/pro_asp_ws/ws_px4_controls/install/px4_msgs/include/px4_msgs/px4_msgs/msg/detail/event__struct.hpp\n'}
[0.803213] (px4_msgs) StdoutLine: {'line': b'-- Up-to-date: /home/jmj/pro_asp_ws/ws_px4_controls/install/px4_msgs/include/px4_msgs/px4_msgs/msg/detail/esc_status__builder.hpp\n'}
[0.803238] (px4_msgs) StdoutLine: {'line': b'-- Up-to-date: /home/jmj/pro_asp_ws/ws_px4_controls/install/px4_msgs/include/px4_msgs/px4_msgs/msg/detail/airspeed__builder.hpp\n'}
[0.803261] (px4_msgs) StdoutLine: {'line': b'-- Up-to-date: /home/jmj/pro_asp_ws/ws_px4_controls/install/px4_msgs/include/px4_msgs/px4_msgs/msg/detail/internal_combustion_engine_status__builder.hpp\n'}
[0.803286] (px4_msgs) StdoutLine: {'line': b'-- Up-to-date: /home/jmj/pro_asp_ws/ws_px4_controls/install/px4_msgs/include/px4_msgs/px4_msgs/msg/detail/esc_report__builder.hpp\n'}
[0.803312] (px4_msgs) StdoutLine: {'line': b'-- Up-to-date: /home/jmj/pro_asp_ws/ws_px4_controls/install/px4_msgs/include/px4_msgs/px4_msgs/msg/detail/sensors_status_imu__struct.hpp\n'}
[0.803336] (px4_msgs) StdoutLine: {'line': b'-- Up-to-date: /home/jmj/pro_asp_ws/ws_px4_controls/install/px4_msgs/include/px4_msgs/px4_msgs/msg/detail/rover_attitude_status__type_support.hpp\n'}
[0.803359] (px4_msgs) StdoutLine: {'line': b'-- Up-to-date: /home/jmj/pro_asp_ws/ws_px4_controls/install/px4_msgs/include/px4_msgs/px4_msgs/msg/detail/fixed_wing_lateral_status__struct.hpp\n'}
[0.803381] (px4_msgs) StdoutLine: {'line': b'-- Up-to-date: /home/jmj/pro_asp_ws/ws_px4_controls/install/px4_msgs/include/px4_msgs/px4_msgs/msg/detail/vehicle_angular_acceleration_setpoint__builder.hpp\n'}
[0.803408] (px4_msgs) StdoutLine: {'line': b'-- Up-to-date: /home/jmj/pro_asp_ws/ws_px4_controls/install/px4_msgs/include/px4_msgs/px4_msgs/msg/detail/vehicle_torque_setpoint__struct.hpp\n'}
[0.803441] (px4_msgs) StdoutLine: {'line': b'-- Up-to-date: /home/jmj/pro_asp_ws/ws_px4_controls/install/px4_msgs/include/px4_msgs/px4_msgs/msg/detail/timesync_status__builder.hpp\n'}
[0.803465] (px4_msgs) StdoutLine: {'line': b'-- Up-to-date: /home/jmj/pro_asp_ws/ws_px4_controls/install/px4_msgs/include/px4_msgs/px4_msgs/msg/detail/dataman_request__struct.hpp\n'}
[0.803486] (px4_msgs) StdoutLine: {'line': b'-- Up-to-date: /home/jmj/pro_asp_ws/ws_px4_controls/install/px4_msgs/include/px4_msgs/px4_msgs/msg/detail/estimator_aid_source1d__struct.hpp\n'}
[0.803516] (px4_msgs) StdoutLine: {'line': b'-- Up-to-date: /home/jmj/pro_asp_ws/ws_px4_controls/install/px4_msgs/include/px4_msgs/px4_msgs/msg/detail/vehicle_torque_setpoint__traits.hpp\n'}
[0.803547] (px4_msgs) StdoutLine: {'line': b'-- Up-to-date: /home/jmj/pro_asp_ws/ws_px4_controls/install/px4_msgs/include/px4_msgs/px4_msgs/msg/detail/logger_status__traits.hpp\n'}
[0.803576] (px4_msgs) StdoutLine: {'line': b'-- Up-to-date: /home/jmj/pro_asp_ws/ws_px4_controls/install/px4_msgs/include/px4_msgs/px4_msgs/msg/detail/sensor_gyro_fft__builder.hpp\n'}
[0.803605] (px4_msgs) StdoutLine: {'line': b'-- Up-to-date: /home/jmj/pro_asp_ws/ws_px4_controls/install/px4_msgs/include/px4_msgs/px4_msgs/msg/detail/tiltrotor_extra_controls__traits.hpp\n'}
[0.803636] (px4_msgs) StdoutLine: {'line': b'-- Up-to-date: /home/jmj/pro_asp_ws/ws_px4_controls/install/px4_msgs/include/px4_msgs/px4_msgs/msg/detail/vehicle_command_ack__struct.hpp\n'}
[0.803663] (px4_msgs) StdoutLine: {'line': b'-- Up-to-date: /home/jmj/pro_asp_ws/ws_px4_controls/install/px4_msgs/include/px4_msgs/px4_msgs/msg/detail/actuator_motors__struct.hpp\n'}
[0.803691] (px4_msgs) StdoutLine: {'line': b'-- Up-to-date: /home/jmj/pro_asp_ws/ws_px4_controls/install/px4_msgs/include/px4_msgs/px4_msgs/msg/detail/sensors_status_imu__builder.hpp\n'}
[0.803718] (px4_msgs) StdoutLine: {'line': b'-- Up-to-date: /home/jmj/pro_asp_ws/ws_px4_controls/install/px4_msgs/include/px4_msgs/px4_msgs/msg/detail/geofence_status__builder.hpp\n'}
[0.803741] (px4_msgs) StdoutLine: {'line': b'-- Up-to-date: /home/jmj/pro_asp_ws/ws_px4_controls/install/px4_msgs/include/px4_msgs/px4_msgs/msg/detail/failure_detector_status__builder.hpp\n'}
[0.803767] (px4_msgs) StdoutLine: {'line': b'-- Up-to-date: /home/jmj/pro_asp_ws/ws_px4_controls/install/px4_msgs/include/px4_msgs/px4_msgs/msg/detail/button_event__builder.hpp\n'}
[0.803790] (px4_msgs) StdoutLine: {'line': b'-- Up-to-date: /home/jmj/pro_asp_ws/ws_px4_controls/install/px4_msgs/include/px4_msgs/px4_msgs/msg/detail/rover_velocity_status__type_support.hpp\n'}
[0.803811] (px4_msgs) StdoutLine: {'line': b'-- Up-to-date: /home/jmj/pro_asp_ws/ws_px4_controls/install/px4_msgs/include/px4_msgs/px4_msgs/msg/detail/trajectory_setpoint__builder.hpp\n'}
[0.803833] (px4_msgs) StdoutLine: {'line': b'-- Up-to-date: /home/jmj/pro_asp_ws/ws_px4_controls/install/px4_msgs/include/px4_msgs/px4_msgs/msg/detail/launch_detection_status__builder.hpp\n'}
[0.803860] (px4_msgs) StdoutLine: {'line': b'-- Up-to-date: /home/jmj/pro_asp_ws/ws_px4_controls/install/px4_msgs/include/px4_msgs/px4_msgs/msg/detail/dataman_request__builder.hpp\n'}
[0.803898] (px4_msgs) StdoutLine: {'line': b'-- Up-to-date: /home/jmj/pro_asp_ws/ws_px4_controls/install/px4_msgs/include/px4_msgs/px4_msgs/msg/detail/pure_pursuit_status__builder.hpp\n'}
[0.803937] (px4_msgs) StdoutLine: {'line': b'-- Up-to-date: /home/jmj/pro_asp_ws/ws_px4_controls/install/px4_msgs/include/px4_msgs/px4_msgs/msg/detail/estimator_sensor_bias__type_support.hpp\n'}
[0.803966] (px4_msgs) StdoutLine: {'line': b'-- Up-to-date: /home/jmj/pro_asp_ws/ws_px4_controls/install/px4_msgs/include/px4_msgs/px4_msgs/msg/detail/figure_eight_status__struct.hpp\n'}
[0.803990] (px4_msgs) StdoutLine: {'line': b'-- Up-to-date: /home/jmj/pro_asp_ws/ws_px4_controls/install/px4_msgs/include/px4_msgs/px4_msgs/msg/detail/gimbal_manager_status__struct.hpp\n'}
[0.804015] (px4_msgs) StdoutLine: {'line': b'-- Up-to-date: /home/jmj/pro_asp_ws/ws_px4_controls/install/px4_msgs/include/px4_msgs/px4_msgs/msg/detail/vehicle_angular_acceleration_setpoint__traits.hpp\n'}
[0.804055] (px4_msgs) StdoutLine: {'line': b'-- Up-to-date: /home/jmj/pro_asp_ws/ws_px4_controls/install/px4_msgs/include/px4_msgs/px4_msgs/msg/detail/airspeed_wind__type_support.hpp\n'}
[0.804083] (px4_msgs) StdoutLine: {'line': b'-- Up-to-date: /home/jmj/pro_asp_ws/ws_px4_controls/install/px4_msgs/include/px4_msgs/px4_msgs/msg/detail/offboard_control_mode__builder.hpp\n'}
[0.804114] (px4_msgs) StdoutLine: {'line': b'-- Up-to-date: /home/jmj/pro_asp_ws/ws_px4_controls/install/px4_msgs/include/px4_msgs/px4_msgs/msg/detail/estimator_gps_status__struct.hpp\n'}
[0.804143] (px4_msgs) StdoutLine: {'line': b'-- Up-to-date: /home/jmj/pro_asp_ws/ws_px4_controls/install/px4_msgs/include/px4_msgs/px4_msgs/msg/detail/sensor_accel_fifo__type_support.hpp\n'}
[0.804167] (px4_msgs) StdoutLine: {'line': b'-- Up-to-date: /home/jmj/pro_asp_ws/ws_px4_controls/install/px4_msgs/include/px4_msgs/px4_msgs/msg/detail/fixed_wing_lateral_setpoint__type_support.hpp\n'}
[0.804189] (px4_msgs) StdoutLine: {'line': b'-- Up-to-date: /home/jmj/pro_asp_ws/ws_px4_controls/install/px4_msgs/include/px4_msgs/px4_msgs/msg/detail/gpio_out__builder.hpp\n'}
[0.804210] (px4_msgs) StdoutLine: {'line': b'-- Up-to-date: /home/jmj/pro_asp_ws/ws_px4_controls/install/px4_msgs/include/px4_msgs/px4_msgs/msg/detail/gimbal_manager_set_manual_control__traits.hpp\n'}
[0.804232] (px4_msgs) StdoutLine: {'line': b'-- Up-to-date: /home/jmj/pro_asp_ws/ws_px4_controls/install/px4_msgs/include/px4_msgs/px4_msgs/msg/detail/fixed_wing_lateral_status__traits.hpp\n'}
[0.804265] (px4_msgs) StdoutLine: {'line': b'-- Up-to-date: /home/jmj/pro_asp_ws/ws_px4_controls/install/px4_msgs/include/px4_msgs/px4_msgs/msg/detail/rpm__traits.hpp\n'}
[0.804304] (px4_msgs) StdoutLine: {'line': b'-- Up-to-date: /home/jmj/pro_asp_ws/ws_px4_controls/install/px4_msgs/include/px4_msgs/px4_msgs/msg/detail/arming_check_reply__traits.hpp\n'}
[0.804337] (px4_msgs) StdoutLine: {'line': b'-- Up-to-date: /home/jmj/pro_asp_ws/ws_px4_controls/install/px4_msgs/include/px4_msgs/px4_msgs/msg/detail/vehicle_torque_setpoint__builder.hpp\n'}
[0.804376] (px4_msgs) StdoutLine: {'line': b'-- Up-to-date: /home/jmj/pro_asp_ws/ws_px4_controls/install/px4_msgs/include/px4_msgs/px4_msgs/msg/detail/normalized_unsigned_setpoint__builder.hpp\n'}
[0.804419] (px4_msgs) StdoutLine: {'line': b'-- Up-to-date: /home/jmj/pro_asp_ws/ws_px4_controls/install/px4_msgs/include/px4_msgs/px4_msgs/msg/detail/orb_test_large__type_support.hpp\n'}
[0.804461] (px4_msgs) StdoutLine: {'line': b'-- Up-to-date: /home/jmj/pro_asp_ws/ws_px4_controls/install/px4_msgs/include/px4_msgs/px4_msgs/msg/detail/vehicle_global_position__traits.hpp\n'}
[0.804502] (px4_msgs) StdoutLine: {'line': b'-- Up-to-date: /home/jmj/pro_asp_ws/ws_px4_controls/install/px4_msgs/include/px4_msgs/px4_msgs/msg/detail/internal_combustion_engine_control__type_support.hpp\n'}
[0.804549] (px4_msgs) StdoutLine: {'line': b'-- Up-to-date: /home/jmj/pro_asp_ws/ws_px4_controls/install/px4_msgs/include/px4_msgs/px4_msgs/msg/detail/mount_orientation__struct.hpp\n'}
[0.804592] (px4_msgs) StdoutLine: {'line': b'-- Up-to-date: /home/jmj/pro_asp_ws/ws_px4_controls/install/px4_msgs/include/px4_msgs/px4_msgs/msg/detail/actuator_servos_trim__traits.hpp\n'}
[0.804632] (px4_msgs) StdoutLine: {'line': b'-- Up-to-date: /home/jmj/pro_asp_ws/ws_px4_controls/install/px4_msgs/include/px4_msgs/px4_msgs/msg/detail/vehicle_imu__builder.hpp\n'}
[0.804672] (px4_msgs) StdoutLine: {'line': b'-- Up-to-date: /home/jmj/pro_asp_ws/ws_px4_controls/install/px4_msgs/include/px4_msgs/px4_msgs/msg/detail/trajectory_setpoint6dof__traits.hpp\n'}
[0.804710] (px4_msgs) StdoutLine: {'line': b'-- Up-to-date: /home/jmj/pro_asp_ws/ws_px4_controls/install/px4_msgs/include/px4_msgs/px4_msgs/msg/detail/qshell_retval__traits.hpp\n'}
[0.804748] (px4_msgs) StdoutLine: {'line': b'-- Up-to-date: /home/jmj/pro_asp_ws/ws_px4_controls/install/px4_msgs/include/px4_msgs/px4_msgs/msg/detail/logger_status__builder.hpp\n'}
[0.804805] (px4_msgs) StdoutLine: {'line': b'-- Up-to-date: /home/jmj/pro_asp_ws/ws_px4_controls/install/px4_msgs/include/px4_msgs/px4_msgs/msg/detail/sensor_gyro__struct.hpp\n'}
[0.804848] (px4_msgs) StdoutLine: {'line': b'-- Up-to-date: /home/jmj/pro_asp_ws/ws_px4_controls/install/px4_msgs/include/px4_msgs/px4_msgs/msg/detail/vehicle_local_position_setpoint__builder.hpp\n'}
[0.804883] (px4_msgs) StdoutLine: {'line': b'-- Up-to-date: /home/jmj/pro_asp_ws/ws_px4_controls/install/px4_msgs/include/px4_msgs/px4_msgs/msg/detail/differential_pressure__struct.hpp\n'}
[0.804920] (px4_msgs) StdoutLine: {'line': b'-- Up-to-date: /home/jmj/pro_asp_ws/ws_px4_controls/install/px4_msgs/include/px4_msgs/px4_msgs/msg/detail/unregister_ext_component__type_support.hpp\n'}
[0.804957] (px4_msgs) StdoutLine: {'line': b'-- Up-to-date: /home/jmj/pro_asp_ws/ws_px4_controls/install/px4_msgs/include/px4_msgs/px4_msgs/msg/detail/orb_test__struct.hpp\n'}
[0.804994] (px4_msgs) StdoutLine: {'line': b'-- Up-to-date: /home/jmj/pro_asp_ws/ws_px4_controls/install/px4_msgs/include/px4_msgs/px4_msgs/msg/detail/vehicle_status__traits.hpp\n'}
[0.805029] (px4_msgs) StdoutLine: {'line': b'-- Up-to-date: /home/jmj/pro_asp_ws/ws_px4_controls/install/px4_msgs/include/px4_msgs/px4_msgs/msg/detail/message_format_response__traits.hpp\n'}
[0.805066] (px4_msgs) StdoutLine: {'line': b'-- Up-to-date: /home/jmj/pro_asp_ws/ws_px4_controls/install/px4_msgs/include/px4_msgs/px4_msgs/msg/detail/register_ext_component_reply__struct.hpp\n'}
[0.805101] (px4_msgs) StdoutLine: {'line': b'-- Up-to-date: /home/jmj/pro_asp_ws/ws_px4_controls/install/px4_msgs/include/px4_msgs/px4_msgs/msg/detail/follow_target_status__traits.hpp\n'}
[0.805136] (px4_msgs) StdoutLine: {'line': b'-- Up-to-date: /home/jmj/pro_asp_ws/ws_px4_controls/install/px4_msgs/include/px4_msgs/px4_msgs/msg/detail/gps_dump__type_support.hpp\n'}
[0.805172] (px4_msgs) StdoutLine: {'line': b'-- Up-to-date: /home/jmj/pro_asp_ws/ws_px4_controls/install/px4_msgs/include/px4_msgs/px4_msgs/msg/detail/gpio_request__traits.hpp\n'}
[0.805217] (px4_msgs) StdoutLine: {'line': b'-- Up-to-date: /home/jmj/pro_asp_ws/ws_px4_controls/install/px4_msgs/include/px4_msgs/px4_msgs/msg/detail/lateral_control_configuration__traits.hpp\n'}
[0.805262] (px4_msgs) StdoutLine: {'line': b'-- Up-to-date: /home/jmj/pro_asp_ws/ws_px4_controls/install/px4_msgs/include/px4_msgs/px4_msgs/msg/detail/parameter_reset_request__builder.hpp\n'}
[0.805303] (px4_msgs) StdoutLine: {'line': b'-- Up-to-date: /home/jmj/pro_asp_ws/ws_px4_controls/install/px4_msgs/include/px4_msgs/px4_msgs/msg/detail/debug_key_value__builder.hpp\n'}
[0.805340] (px4_msgs) StdoutLine: {'line': b'-- Up-to-date: /home/jmj/pro_asp_ws/ws_px4_controls/install/px4_msgs/include/px4_msgs/px4_msgs/msg/detail/mission_result__traits.hpp\n'}
[0.805378] (px4_msgs) StdoutLine: {'line': b'-- Up-to-date: /home/jmj/pro_asp_ws/ws_px4_controls/install/px4_msgs/include/px4_msgs/px4_msgs/msg/detail/manual_control_switches__type_support.hpp\n'}
[0.805544] (px4_msgs) StdoutLine: {'line': b'-- Up-to-date: /home/jmj/pro_asp_ws/ws_px4_controls/install/px4_msgs/include/px4_msgs/px4_msgs/msg/detail/vehicle_optical_flow_vel__struct.hpp\n'}
[0.805640] (px4_msgs) StdoutLine: {'line': b'-- Up-to-date: /home/jmj/pro_asp_ws/ws_px4_controls/install/px4_msgs/include/px4_msgs/px4_msgs/msg/detail/gimbal_manager_set_manual_control__struct.hpp\n'}
[0.805712] (px4_msgs) StdoutLine: {'line': b'-- Up-to-date: /home/jmj/pro_asp_ws/ws_px4_controls/install/px4_msgs/include/px4_msgs/px4_msgs/msg/detail/estimator_aid_source3d__traits.hpp\n'}
[0.805794] (px4_msgs) StdoutLine: {'line': b'-- Up-to-date: /home/jmj/pro_asp_ws/ws_px4_controls/install/px4_msgs/include/px4_msgs/px4_msgs/msg/detail/log_message__builder.hpp\n'}
[0.805862] (px4_msgs) StdoutLine: {'line': b'-- Up-to-date: /home/jmj/pro_asp_ws/ws_px4_controls/install/px4_msgs/include/px4_msgs/px4_msgs/msg/detail/internal_combustion_engine_status__traits.hpp\n'}
[0.805925] (px4_msgs) StdoutLine: {'line': b'-- Up-to-date: /home/jmj/pro_asp_ws/ws_px4_controls/install/px4_msgs/include/px4_msgs/px4_msgs/msg/detail/sensor_gyro_fft__struct.hpp\n'}
[0.805989] (px4_msgs) StdoutLine: {'line': b'-- Up-to-date: /home/jmj/pro_asp_ws/ws_px4_controls/install/px4_msgs/include/px4_msgs/px4_msgs/msg/detail/gimbal_manager_status__type_support.hpp\n'}
[0.806051] (px4_msgs) StdoutLine: {'line': b'-- Up-to-date: /home/jmj/pro_asp_ws/ws_px4_controls/install/px4_msgs/include/px4_msgs/px4_msgs/msg/detail/actuator_servos__builder.hpp\n'}
[0.806111] (px4_msgs) StdoutLine: {'line': b'-- Up-to-date: /home/jmj/pro_asp_ws/ws_px4_controls/install/px4_msgs/include/px4_msgs/px4_msgs/msg/detail/fixed_wing_longitudinal_setpoint__builder.hpp\n'}
[0.806170] (px4_msgs) StdoutLine: {'line': b'-- Up-to-date: /home/jmj/pro_asp_ws/ws_px4_controls/install/px4_msgs/include/px4_msgs/px4_msgs/msg/detail/action_request__traits.hpp\n'}
[0.806232] (px4_msgs) StdoutLine: {'line': b'-- Up-to-date: /home/jmj/pro_asp_ws/ws_px4_controls/install/px4_msgs/include/px4_msgs/px4_msgs/msg/detail/orb_test_medium__type_support.hpp\n'}
[0.806290] (px4_msgs) StdoutLine: {'line': b'-- Up-to-date: /home/jmj/pro_asp_ws/ws_px4_controls/install/px4_msgs/include/px4_msgs/px4_msgs/msg/detail/position_setpoint__type_support.hpp\n'}
[0.806348] (px4_msgs) StdoutLine: {'line': b'-- Up-to-date: /home/jmj/pro_asp_ws/ws_px4_controls/install/px4_msgs/include/px4_msgs/px4_msgs/msg/detail/vehicle_angular_velocity__type_support.hpp\n'}
[0.806418] (px4_msgs) StdoutLine: {'line': b'-- Up-to-date: /home/jmj/pro_asp_ws/ws_px4_controls/install/px4_msgs/include/px4_msgs/px4_msgs/msg/detail/orb_test_large__traits.hpp\n'}
[0.806478] (px4_msgs) StdoutLine: {'line': b'-- Up-to-date: /home/jmj/pro_asp_ws/ws_px4_controls/install/px4_msgs/include/px4_msgs/px4_msgs/msg/detail/fixed_wing_lateral_guidance_status__traits.hpp\n'}
[0.806536] (px4_msgs) StdoutLine: {'line': b'-- Up-to-date: /home/jmj/pro_asp_ws/ws_px4_controls/install/px4_msgs/include/px4_msgs/px4_msgs/msg/detail/parameter_update__type_support.hpp\n'}
[0.806594] (px4_msgs) StdoutLine: {'line': b'-- Up-to-date: /home/jmj/pro_asp_ws/ws_px4_controls/install/px4_msgs/include/px4_msgs/px4_msgs/msg/detail/autotune_attitude_control_status__traits.hpp\n'}
[0.806651] (px4_msgs) StdoutLine: {'line': b'-- Up-to-date: /home/jmj/pro_asp_ws/ws_px4_controls/install/px4_msgs/include/px4_msgs/px4_msgs/msg/detail/adc_report__struct.hpp\n'}
[0.806708] (px4_msgs) StdoutLine: {'line': b'-- Up-to-date: /home/jmj/pro_asp_ws/ws_px4_controls/install/px4_msgs/include/px4_msgs/px4_msgs/msg/detail/rover_throttle_setpoint__type_support.hpp\n'}
[0.806771] (px4_msgs) StdoutLine: {'line': b'-- Up-to-date: /home/jmj/pro_asp_ws/ws_px4_controls/install/px4_msgs/include/px4_msgs/px4_msgs/msg/detail/event__builder.hpp\n'}
[0.806836] (px4_msgs) StdoutLine: {'line': b'-- Up-to-date: /home/jmj/pro_asp_ws/ws_px4_controls/install/px4_msgs/include/px4_msgs/px4_msgs/msg/detail/gps_dump__struct.hpp\n'}
[0.806899] (px4_msgs) StdoutLine: {'line': b'-- Up-to-date: /home/jmj/pro_asp_ws/ws_px4_controls/install/px4_msgs/include/px4_msgs/px4_msgs/msg/detail/tune_control__struct.hpp\n'}
[0.806970] (px4_msgs) StdoutLine: {'line': b'-- Up-to-date: /home/jmj/pro_asp_ws/ws_px4_controls/install/px4_msgs/include/px4_msgs/px4_msgs/msg/detail/power_button_state__struct.hpp\n'}
[0.807038] (px4_msgs) StdoutLine: {'line': b'-- Up-to-date: /home/jmj/pro_asp_ws/ws_px4_controls/install/px4_msgs/include/px4_msgs/px4_msgs/msg/detail/event__type_support.hpp\n'}
[0.807112] (px4_msgs) StdoutLine: {'line': b'-- Up-to-date: /home/jmj/pro_asp_ws/ws_px4_controls/install/px4_msgs/include/px4_msgs/px4_msgs/msg/detail/sensor_gyro_fft__traits.hpp\n'}
[0.807179] (px4_msgs) StdoutLine: {'line': b'-- Up-to-date: /home/jmj/pro_asp_ws/ws_px4_controls/install/px4_msgs/include/px4_msgs/px4_msgs/msg/detail/estimator_aid_source3d__type_support.hpp\n'}
[0.807237] (px4_msgs) StdoutLine: {'line': b'-- Up-to-date: /home/jmj/pro_asp_ws/ws_px4_controls/install/px4_msgs/include/px4_msgs/px4_msgs/msg/detail/follow_target_estimator__type_support.hpp\n'}
[0.807295] (px4_msgs) StdoutLine: {'line': b'-- Up-to-date: /home/jmj/pro_asp_ws/ws_px4_controls/install/px4_msgs/include/px4_msgs/px4_msgs/msg/detail/landing_target_innovations__type_support.hpp\n'}
[0.807353] (px4_msgs) StdoutLine: {'line': b'-- Up-to-date: /home/jmj/pro_asp_ws/ws_px4_controls/install/px4_msgs/include/px4_msgs/px4_msgs/msg/detail/estimator_status_flags__builder.hpp\n'}
[0.807409] (px4_msgs) StdoutLine: {'line': b'-- Up-to-date: /home/jmj/pro_asp_ws/ws_px4_controls/install/px4_msgs/include/px4_msgs/px4_msgs/msg/detail/open_drone_id_system__struct.hpp\n'}
[0.807466] (px4_msgs) StdoutLine: {'line': b'-- Up-to-date: /home/jmj/pro_asp_ws/ws_px4_controls/install/px4_msgs/include/px4_msgs/px4_msgs/msg/detail/takeoff_status__struct.hpp\n'}
[0.807522] (px4_msgs) StdoutLine: {'line': b'-- Up-to-date: /home/jmj/pro_asp_ws/ws_px4_controls/install/px4_msgs/include/px4_msgs/px4_msgs/msg/detail/vehicle_control_mode__struct.hpp\n'}
[0.807580] (px4_msgs) StdoutLine: {'line': b'-- Up-to-date: /home/jmj/pro_asp_ws/ws_px4_controls/install/px4_msgs/include/px4_msgs/px4_msgs/msg/detail/gripper__struct.hpp\n'}
[0.807637] (px4_msgs) StdoutLine: {'line': b'-- Up-to-date: /home/jmj/pro_asp_ws/ws_px4_controls/install/px4_msgs/include/px4_msgs/px4_msgs/msg/detail/uavcan_parameter_request__builder.hpp\n'}
[0.807693] (px4_msgs) StdoutLine: {'line': b'-- Up-to-date: /home/jmj/pro_asp_ws/ws_px4_controls/install/px4_msgs/include/px4_msgs/px4_msgs/msg/detail/debug_array__builder.hpp\n'}
[0.807750] (px4_msgs) StdoutLine: {'line': b'-- Up-to-date: /home/jmj/pro_asp_ws/ws_px4_controls/install/px4_msgs/include/px4_msgs/px4_msgs/msg/detail/can_interface_status__traits.hpp\n'}
[0.807817] (px4_msgs) StdoutLine: {'line': b'-- Up-to-date: /home/jmj/pro_asp_ws/ws_px4_controls/install/px4_msgs/include/px4_msgs/px4_msgs/msg/detail/rover_attitude_status__traits.hpp\n'}
[0.807877] (px4_msgs) StdoutLine: {'line': b'-- Up-to-date: /home/jmj/pro_asp_ws/ws_px4_controls/install/px4_msgs/include/px4_msgs/px4_msgs/msg/detail/rover_steering_setpoint__traits.hpp\n'}
[0.807938] (px4_msgs) StdoutLine: {'line': b'-- Up-to-date: /home/jmj/pro_asp_ws/ws_px4_controls/install/px4_msgs/include/px4_msgs/px4_msgs/msg/detail/gps_inject_data__traits.hpp\n'}
[0.808034] (px4_msgs) StdoutLine: {'line': b'-- Up-to-date: /home/jmj/pro_asp_ws/ws_px4_controls/install/px4_msgs/include/px4_msgs/px4_msgs/msg/detail/gpio_config__builder.hpp\n'}
[0.808092] (px4_msgs) StdoutLine: {'line': b'-- Up-to-date: /home/jmj/pro_asp_ws/ws_px4_controls/install/px4_msgs/include/px4_msgs/px4_msgs/msg/detail/takeoff_status__builder.hpp\n'}
[0.808157] (px4_msgs) StdoutLine: {'line': b'-- Up-to-date: /home/jmj/pro_asp_ws/ws_px4_controls/install/px4_msgs/include/px4_msgs/px4_msgs/msg/detail/register_ext_component_request__struct.hpp\n'}
[0.808219] (px4_msgs) StdoutLine: {'line': b'-- Up-to-date: /home/jmj/pro_asp_ws/ws_px4_controls/install/px4_msgs/include/px4_msgs/px4_msgs/msg/detail/heater_status__traits.hpp\n'}
[0.808281] (px4_msgs) StdoutLine: {'line': b'-- Up-to-date: /home/jmj/pro_asp_ws/ws_px4_controls/install/px4_msgs/include/px4_msgs/px4_msgs/msg/detail/manual_control_switches__struct.hpp\n'}
[0.808340] (px4_msgs) StdoutLine: {'line': b'-- Up-to-date: /home/jmj/pro_asp_ws/ws_px4_controls/install/px4_msgs/include/px4_msgs/px4_msgs/msg/detail/dataman_response__builder.hpp\n'}
[0.808398] (px4_msgs) StdoutLine: {'line': b'-- Up-to-date: /home/jmj/pro_asp_ws/ws_px4_controls/install/px4_msgs/include/px4_msgs/px4_msgs/msg/detail/home_position__builder.hpp\n'}
[0.808459] (px4_msgs) StdoutLine: {'line': b'-- Up-to-date: /home/jmj/pro_asp_ws/ws_px4_controls/install/px4_msgs/include/px4_msgs/px4_msgs/msg/detail/estimator_gps_status__type_support.hpp\n'}
[0.808517] (px4_msgs) StdoutLine: {'line': b'-- Up-to-date: /home/jmj/pro_asp_ws/ws_px4_controls/install/px4_msgs/include/px4_msgs/px4_msgs/msg/detail/battery_status__type_support.hpp\n'}
[0.808575] (px4_msgs) StdoutLine: {'line': b'-- Up-to-date: /home/jmj/pro_asp_ws/ws_px4_controls/install/px4_msgs/include/px4_msgs/px4_msgs/msg/detail/parameter_update__builder.hpp\n'}
[0.808632] (px4_msgs) StdoutLine: {'line': b'-- Up-to-date: /home/jmj/pro_asp_ws/ws_px4_controls/install/px4_msgs/include/px4_msgs/px4_msgs/msg/detail/onboard_computer_status__type_support.hpp\n'}
[0.808690] (px4_msgs) StdoutLine: {'line': b'-- Up-to-date: /home/jmj/pro_asp_ws/ws_px4_controls/install/px4_msgs/include/px4_msgs/px4_msgs/msg/detail/internal_combustion_engine_status__type_support.hpp\n'}
[0.808748] (px4_msgs) StdoutLine: {'line': b'-- Up-to-date: /home/jmj/pro_asp_ws/ws_px4_controls/install/px4_msgs/include/px4_msgs/px4_msgs/msg/detail/satellite_info__struct.hpp\n'}
[0.808819] (px4_msgs) StdoutLine: {'line': b'-- Up-to-date: /home/jmj/pro_asp_ws/ws_px4_controls/install/px4_msgs/include/px4_msgs/px4_msgs/msg/detail/iridiumsbd_status__struct.hpp\n'}
[0.808891] (px4_msgs) StdoutLine: {'line': b'-- Up-to-date: /home/jmj/pro_asp_ws/ws_px4_controls/install/px4_msgs/include/px4_msgs/px4_msgs/msg/detail/vehicle_optical_flow__struct.hpp\n'}
[0.808949] (px4_msgs) StdoutLine: {'line': b'-- Up-to-date: /home/jmj/pro_asp_ws/ws_px4_controls/install/px4_msgs/include/px4_msgs/px4_msgs/msg/detail/wind__struct.hpp\n'}
[0.809010] (px4_msgs) StdoutLine: {'line': b'-- Up-to-date: /home/jmj/pro_asp_ws/ws_px4_controls/install/px4_msgs/include/px4_msgs/px4_msgs/msg/detail/sensor_gnss_relative__builder.hpp\n'}
[0.809075] (px4_msgs) StdoutLine: {'line': b'-- Up-to-date: /home/jmj/pro_asp_ws/ws_px4_controls/install/px4_msgs/include/px4_msgs/px4_msgs/msg/detail/parameter_set_used_request__builder.hpp\n'}
[0.809148] (px4_msgs) StdoutLine: {'line': b'-- Up-to-date: /home/jmj/pro_asp_ws/ws_px4_controls/install/px4_msgs/include/px4_msgs/px4_msgs/msg/detail/gimbal_manager_information__struct.hpp\n'}
[0.809210] (px4_msgs) StdoutLine: {'line': b'-- Up-to-date: /home/jmj/pro_asp_ws/ws_px4_controls/install/px4_msgs/include/px4_msgs/px4_msgs/msg/detail/control_allocator_status__struct.hpp\n'}
[0.809269] (px4_msgs) StdoutLine: {'line': b'-- Up-to-date: /home/jmj/pro_asp_ws/ws_px4_controls/install/px4_msgs/include/px4_msgs/px4_msgs/msg/detail/rover_position_setpoint__struct.hpp\n'}
[0.809327] (px4_msgs) StdoutLine: {'line': b'-- Up-to-date: /home/jmj/pro_asp_ws/ws_px4_controls/install/px4_msgs/include/px4_msgs/px4_msgs/msg/detail/vehicle_thrust_setpoint__traits.hpp\n'}
[0.809387] (px4_msgs) StdoutLine: {'line': b'-- Up-to-date: /home/jmj/pro_asp_ws/ws_px4_controls/install/px4_msgs/include/px4_msgs/px4_msgs/msg/detail/vehicle_land_detected__type_support.hpp\n'}
[0.809448] (px4_msgs) StdoutLine: {'line': b'-- Up-to-date: /home/jmj/pro_asp_ws/ws_px4_controls/install/px4_msgs/include/px4_msgs/px4_msgs/msg/detail/tecs_status__struct.hpp\n'}
[0.809505] (px4_msgs) StdoutLine: {'line': b'-- Up-to-date: /home/jmj/pro_asp_ws/ws_px4_controls/install/px4_msgs/include/px4_msgs/px4_msgs/msg/detail/rover_position_setpoint__traits.hpp\n'}
[0.809564] (px4_msgs) StdoutLine: {'line': b'-- Up-to-date: /home/jmj/pro_asp_ws/ws_px4_controls/install/px4_msgs/include/px4_msgs/px4_msgs/msg/detail/actuator_outputs__struct.hpp\n'}
[0.809633] (px4_msgs) StdoutLine: {'line': b'-- Up-to-date: /home/jmj/pro_asp_ws/ws_px4_controls/install/px4_msgs/include/px4_msgs/px4_msgs/msg/detail/vehicle_acceleration__struct.hpp\n'}
[0.809693] (px4_msgs) StdoutLine: {'line': b'-- Up-to-date: /home/jmj/pro_asp_ws/ws_px4_controls/install/px4_msgs/include/px4_msgs/px4_msgs/msg/detail/pure_pursuit_status__struct.hpp\n'}
[0.809763] (px4_msgs) StdoutLine: {'line': b'-- Up-to-date: /home/jmj/pro_asp_ws/ws_px4_controls/install/px4_msgs/include/px4_msgs/px4_msgs/msg/detail/input_rc__builder.hpp\n'}
[0.809840] (px4_msgs) StdoutLine: {'line': b'-- Up-to-date: /home/jmj/pro_asp_ws/ws_px4_controls/install/px4_msgs/include/px4_msgs/px4_msgs/msg/detail/estimator_states__traits.hpp\n'}
[0.809906] (px4_msgs) StdoutLine: {'line': b'-- Up-to-date: /home/jmj/pro_asp_ws/ws_px4_controls/install/px4_msgs/include/px4_msgs/px4_msgs/msg/detail/tiltrotor_extra_controls__builder.hpp\n'}
[0.809968] (px4_msgs) StdoutLine: {'line': b'-- Up-to-date: /home/jmj/pro_asp_ws/ws_px4_controls/install/px4_msgs/include/px4_msgs/px4_msgs/msg/detail/gimbal_device_set_attitude__type_support.hpp\n'}
[0.810030] (px4_msgs) StdoutLine: {'line': b'-- Up-to-date: /home/jmj/pro_asp_ws/ws_px4_controls/install/px4_msgs/include/px4_msgs/px4_msgs/msg/detail/config_overrides__type_support.hpp\n'}
[0.810092] (px4_msgs) StdoutLine: {'line': b'-- Up-to-date: /home/jmj/pro_asp_ws/ws_px4_controls/install/px4_msgs/include/px4_msgs/px4_msgs/msg/detail/rover_velocity_setpoint__struct.hpp\n'}
[0.810156] (px4_msgs) StdoutLine: {'line': b'-- Up-to-date: /home/jmj/pro_asp_ws/ws_px4_controls/install/px4_msgs/include/px4_msgs/px4_msgs/msg/detail/collision_constraints__struct.hpp\n'}
[0.810215] (px4_msgs) StdoutLine: {'line': b'-- Up-to-date: /home/jmj/pro_asp_ws/ws_px4_controls/install/px4_msgs/include/px4_msgs/px4_msgs/msg/detail/ulog_stream_ack__traits.hpp\n'}
[0.810274] (px4_msgs) StdoutLine: {'line': b'-- Up-to-date: /home/jmj/pro_asp_ws/ws_px4_controls/install/px4_msgs/include/px4_msgs/px4_msgs/msg/detail/satellite_info__type_support.hpp\n'}
[0.810333] (px4_msgs) StdoutLine: {'line': b'-- Up-to-date: /home/jmj/pro_asp_ws/ws_px4_controls/install/px4_msgs/include/px4_msgs/px4_msgs/msg/detail/vehicle_imu_status__traits.hpp\n'}
[0.810391] (px4_msgs) StdoutLine: {'line': b'-- Up-to-date: /home/jmj/pro_asp_ws/ws_px4_controls/install/px4_msgs/include/px4_msgs/px4_msgs/msg/detail/gimbal_manager_information__type_support.hpp\n'}
[0.810452] (px4_msgs) StdoutLine: {'line': b'-- Up-to-date: /home/jmj/pro_asp_ws/ws_px4_controls/install/px4_msgs/include/px4_msgs/px4_msgs/msg/detail/position_controller_status__struct.hpp\n'}
[0.810519] (px4_msgs) StdoutLine: {'line': b'-- Up-to-date: /home/jmj/pro_asp_ws/ws_px4_controls/install/px4_msgs/include/px4_msgs/px4_msgs/msg/detail/airspeed_validated__traits.hpp\n'}
[0.810589] (px4_msgs) StdoutLine: {'line': b'-- Up-to-date: /home/jmj/pro_asp_ws/ws_px4_controls/install/px4_msgs/include/px4_msgs/px4_msgs/msg/detail/sensor_mag__struct.hpp\n'}
[0.810670] (px4_msgs) StdoutLine: {'line': b'-- Up-to-date: /home/jmj/pro_asp_ws/ws_px4_controls/install/px4_msgs/include/px4_msgs/px4_msgs/msg/detail/figure_eight_status__traits.hpp\n'}
[0.810783] (px4_msgs) StdoutLine: {'line': b'-- Up-to-date: /home/jmj/pro_asp_ws/ws_px4_controls/install/px4_msgs/include/px4_msgs/px4_msgs/msg/detail/differential_pressure__traits.hpp\n'}
[0.810841] (px4_msgs) StdoutLine: {'line': b'-- Up-to-date: /home/jmj/pro_asp_ws/ws_px4_controls/install/px4_msgs/include/px4_msgs/px4_msgs/msg/detail/estimator_gps_status__builder.hpp\n'}
[0.810868] (px4_msgs) StdoutLine: {'line': b'-- Up-to-date: /home/jmj/pro_asp_ws/ws_px4_controls/install/px4_msgs/include/px4_msgs/px4_msgs/msg/detail/gpio_request__struct.hpp\n'}
[0.810893] (px4_msgs) StdoutLine: {'line': b'-- Up-to-date: /home/jmj/pro_asp_ws/ws_px4_controls/install/px4_msgs/include/px4_msgs/px4_msgs/msg/detail/vehicle_angular_acceleration_setpoint__type_support.hpp\n'}
[0.810916] (px4_msgs) StdoutLine: {'line': b'-- Up-to-date: /home/jmj/pro_asp_ws/ws_px4_controls/install/px4_msgs/include/px4_msgs/px4_msgs/msg/detail/ping__builder.hpp\n'}
[0.810942] (px4_msgs) StdoutLine: {'line': b'-- Up-to-date: /home/jmj/pro_asp_ws/ws_px4_controls/install/px4_msgs/include/px4_msgs/px4_msgs/msg/detail/position_controller_landing_status__struct.hpp\n'}
[0.810966] (px4_msgs) StdoutLine: {'line': b'-- Up-to-date: /home/jmj/pro_asp_ws/ws_px4_controls/install/px4_msgs/include/px4_msgs/px4_msgs/msg/detail/estimator_innovations__builder.hpp\n'}
[0.810989] (px4_msgs) StdoutLine: {'line': b'-- Up-to-date: /home/jmj/pro_asp_ws/ws_px4_controls/install/px4_msgs/include/px4_msgs/px4_msgs/msg/detail/sensor_accel__type_support.hpp\n'}
[0.811012] (px4_msgs) StdoutLine: {'line': b'-- Up-to-date: /home/jmj/pro_asp_ws/ws_px4_controls/install/px4_msgs/include/px4_msgs/px4_msgs/msg/gimbal_device_information.hpp\n'}
[0.811034] (px4_msgs) StdoutLine: {'line': b'-- Up-to-date: /home/jmj/pro_asp_ws/ws_px4_controls/install/px4_msgs/include/px4_msgs/px4_msgs/msg/debug_array.hpp\n'}
[0.811056] (px4_msgs) StdoutLine: {'line': b'-- Up-to-date: /home/jmj/pro_asp_ws/ws_px4_controls/install/px4_msgs/include/px4_msgs/px4_msgs/msg/estimator_selector_status.hpp\n'}
[0.811078] (px4_msgs) StdoutLine: {'line': b'-- Up-to-date: /home/jmj/pro_asp_ws/ws_px4_controls/install/px4_msgs/include/px4_msgs/px4_msgs/msg/parameter_update.hpp\n'}
[0.811099] (px4_msgs) StdoutLine: {'line': b'-- Up-to-date: /home/jmj/pro_asp_ws/ws_px4_controls/install/px4_msgs/include/px4_msgs/px4_msgs/msg/mavlink_log.hpp\n'}
[0.811121] (px4_msgs) StdoutLine: {'line': b'-- Up-to-date: /home/jmj/pro_asp_ws/ws_px4_controls/install/px4_msgs/include/px4_msgs/px4_msgs/msg/sensor_airflow.hpp\n'}
[0.811147] (px4_msgs) StdoutLine: {'line': b'-- Up-to-date: /home/jmj/pro_asp_ws/ws_px4_controls/install/px4_msgs/include/px4_msgs/px4_msgs/msg/mission_result.hpp\n'}
[0.811169] (px4_msgs) StdoutLine: {'line': b'-- Up-to-date: /home/jmj/pro_asp_ws/ws_px4_controls/install/px4_msgs/include/px4_msgs/px4_msgs/msg/home_position.hpp\n'}
[0.811192] (px4_msgs) StdoutLine: {'line': b'-- Up-to-date: /home/jmj/pro_asp_ws/ws_px4_controls/install/px4_msgs/include/px4_msgs/px4_msgs/msg/sensor_gnss_relative.hpp\n'}
[0.811214] (px4_msgs) StdoutLine: {'line': b'-- Up-to-date: /home/jmj/pro_asp_ws/ws_px4_controls/install/px4_msgs/include/px4_msgs/px4_msgs/msg/sensors_status_imu.hpp\n'}
[0.811236] (px4_msgs) StdoutLine: {'line': b'-- Up-to-date: /home/jmj/pro_asp_ws/ws_px4_controls/install/px4_msgs/include/px4_msgs/px4_msgs/msg/generator_status.hpp\n'}
[0.811259] (px4_msgs) StdoutLine: {'line': b'-- Up-to-date: /home/jmj/pro_asp_ws/ws_px4_controls/install/px4_msgs/include/px4_msgs/px4_msgs/msg/position_controller_status.hpp\n'}
[0.811281] (px4_msgs) StdoutLine: {'line': b'-- Up-to-date: /home/jmj/pro_asp_ws/ws_px4_controls/install/px4_msgs/include/px4_msgs/px4_msgs/msg/esc_status.hpp\n'}
[0.811301] (px4_msgs) StdoutLine: {'line': b'-- Up-to-date: /home/jmj/pro_asp_ws/ws_px4_controls/install/px4_msgs/include/px4_msgs/px4_msgs/msg/estimator_aid_source2d.hpp\n'}
[0.811323] (px4_msgs) StdoutLine: {'line': b'-- Up-to-date: /home/jmj/pro_asp_ws/ws_px4_controls/install/px4_msgs/include/px4_msgs/px4_msgs/msg/power_button_state.hpp\n'}
[0.811344] (px4_msgs) StdoutLine: {'line': b'-- Up-to-date: /home/jmj/pro_asp_ws/ws_px4_controls/install/px4_msgs/include/px4_msgs/px4_msgs/msg/manual_control_switches.hpp\n'}
[0.811366] (px4_msgs) StdoutLine: {'line': b'-- Up-to-date: /home/jmj/pro_asp_ws/ws_px4_controls/install/px4_msgs/include/px4_msgs/px4_msgs/msg/gpio_config.hpp\n'}
[0.811414] (px4_msgs) StdoutLine: {'line': b'-- Up-to-date: /home/jmj/pro_asp_ws/ws_px4_controls/install/px4_msgs/include/px4_msgs/px4_msgs/msg/actuator_outputs.hpp\n'}
[0.811437] (px4_msgs) StdoutLine: {'line': b'-- Up-to-date: /home/jmj/pro_asp_ws/ws_px4_controls/install/px4_msgs/include/px4_msgs/px4_msgs/msg/sensor_hygrometer.hpp\n'}
[0.811462] (px4_msgs) StdoutLine: {'line': b'-- Up-to-date: /home/jmj/pro_asp_ws/ws_px4_controls/install/px4_msgs/include/px4_msgs/px4_msgs/msg/gimbal_device_attitude_status.hpp\n'}
[0.811488] (px4_msgs) StdoutLine: {'line': b'-- Up-to-date: /home/jmj/pro_asp_ws/ws_px4_controls/install/px4_msgs/include/px4_msgs/px4_msgs/msg/button_event.hpp\n'}
[0.811509] (px4_msgs) StdoutLine: {'line': b'-- Up-to-date: /home/jmj/pro_asp_ws/ws_px4_controls/install/px4_msgs/include/px4_msgs/px4_msgs/msg/ulog_stream.hpp\n'}
[0.811530] (px4_msgs) StdoutLine: {'line': b'-- Up-to-date: /home/jmj/pro_asp_ws/ws_px4_controls/install/px4_msgs/include/px4_msgs/px4_msgs/msg/onboard_computer_status.hpp\n'}
[0.811551] (px4_msgs) StdoutLine: {'line': b'-- Up-to-date: /home/jmj/pro_asp_ws/ws_px4_controls/install/px4_msgs/include/px4_msgs/px4_msgs/msg/parameter_set_value_request.hpp\n'}
[0.811574] (px4_msgs) StdoutLine: {'line': b'-- Up-to-date: /home/jmj/pro_asp_ws/ws_px4_controls/install/px4_msgs/include/px4_msgs/px4_msgs/msg/fixed_wing_runway_control.hpp\n'}
[0.811599] (px4_msgs) StdoutLine: {'line': b'-- Up-to-date: /home/jmj/pro_asp_ws/ws_px4_controls/install/px4_msgs/include/px4_msgs/px4_msgs/msg/camera_capture.hpp\n'}
[0.811621] (px4_msgs) StdoutLine: {'line': b'-- Up-to-date: /home/jmj/pro_asp_ws/ws_px4_controls/install/px4_msgs/include/px4_msgs/px4_msgs/msg/qshell_retval.hpp\n'}
[0.811641] (px4_msgs) StdoutLine: {'line': b'-- Up-to-date: /home/jmj/pro_asp_ws/ws_px4_controls/install/px4_msgs/include/px4_msgs/px4_msgs/msg/arming_check_reply.hpp\n'}
[0.811662] (px4_msgs) StdoutLine: {'line': b'-- Up-to-date: /home/jmj/pro_asp_ws/ws_px4_controls/install/px4_msgs/include/px4_msgs/px4_msgs/msg/position_setpoint_triplet.hpp\n'}
[0.811684] (px4_msgs) StdoutLine: {'line': b'-- Up-to-date: /home/jmj/pro_asp_ws/ws_px4_controls/install/px4_msgs/include/px4_msgs/px4_msgs/msg/actuator_servos.hpp\n'}
[0.811705] (px4_msgs) StdoutLine: {'line': b'-- Up-to-date: /home/jmj/pro_asp_ws/ws_px4_controls/install/px4_msgs/include/px4_msgs/px4_msgs/msg/sensor_gyro.hpp\n'}
[0.811725] (px4_msgs) StdoutLine: {'line': b'-- Up-to-date: /home/jmj/pro_asp_ws/ws_px4_controls/install/px4_msgs/include/px4_msgs/px4_msgs/msg/vehicle_imu_status.hpp\n'}
[0.811746] (px4_msgs) StdoutLine: {'line': b'-- Up-to-date: /home/jmj/pro_asp_ws/ws_px4_controls/install/px4_msgs/include/px4_msgs/px4_msgs/msg/rate_ctrl_status.hpp\n'}
[0.811772] (px4_msgs) StdoutLine: {'line': b'-- Up-to-date: /home/jmj/pro_asp_ws/ws_px4_controls/install/px4_msgs/include/px4_msgs/px4_msgs/msg/unregister_ext_component.hpp\n'}
[0.811796] (px4_msgs) StdoutLine: {'line': b'-- Up-to-date: /home/jmj/pro_asp_ws/ws_px4_controls/install/px4_msgs/include/px4_msgs/px4_msgs/msg/gps_dump.hpp\n'}
[0.811818] (px4_msgs) StdoutLine: {'line': b'-- Up-to-date: /home/jmj/pro_asp_ws/ws_px4_controls/install/px4_msgs/include/px4_msgs/px4_msgs/msg/rc_channels.hpp\n'}
[0.811840] (px4_msgs) StdoutLine: {'line': b'-- Up-to-date: /home/jmj/pro_asp_ws/ws_px4_controls/install/px4_msgs/include/px4_msgs/px4_msgs/msg/rover_attitude_status.hpp\n'}
[0.811861] (px4_msgs) StdoutLine: {'line': b'-- Up-to-date: /home/jmj/pro_asp_ws/ws_px4_controls/install/px4_msgs/include/px4_msgs/px4_msgs/msg/gripper.hpp\n'}
[0.811886] (px4_msgs) StdoutLine: {'line': b'-- Up-to-date: /home/jmj/pro_asp_ws/ws_px4_controls/install/px4_msgs/include/px4_msgs/px4_msgs/msg/estimator_bias.hpp\n'}
[0.811907] (px4_msgs) StdoutLine: {'line': b'-- Up-to-date: /home/jmj/pro_asp_ws/ws_px4_controls/install/px4_msgs/include/px4_msgs/px4_msgs/msg/vehicle_optical_flow_vel.hpp\n'}
[0.811931] (px4_msgs) StdoutLine: {'line': b'-- Up-to-date: /home/jmj/pro_asp_ws/ws_px4_controls/install/px4_msgs/include/px4_msgs/px4_msgs/msg/debug_key_value.hpp\n'}
[0.811952] (px4_msgs) StdoutLine: {'line': b'-- Up-to-date: /home/jmj/pro_asp_ws/ws_px4_controls/install/px4_msgs/include/px4_msgs/px4_msgs/msg/figure_eight_status.hpp\n'}
[0.811974] (px4_msgs) StdoutLine: {'line': b'-- Up-to-date: /home/jmj/pro_asp_ws/ws_px4_controls/install/px4_msgs/include/px4_msgs/px4_msgs/msg/manual_control_setpoint.hpp\n'}
[0.812016] (px4_msgs) StdoutLine: {'line': b'-- Up-to-date: /home/jmj/pro_asp_ws/ws_px4_controls/install/px4_msgs/include/px4_msgs/px4_msgs/msg/sensor_combined.hpp\n'}
[0.812040] (px4_msgs) StdoutLine: {'line': b'-- Up-to-date: /home/jmj/pro_asp_ws/ws_px4_controls/install/px4_msgs/include/px4_msgs/px4_msgs/msg/gimbal_manager_information.hpp\n'}
[0.812061] (px4_msgs) StdoutLine: {'line': b'-- Up-to-date: /home/jmj/pro_asp_ws/ws_px4_controls/install/px4_msgs/include/px4_msgs/px4_msgs/msg/sensor_correction.hpp\n'}
[0.812082] (px4_msgs) StdoutLine: {'line': b'-- Up-to-date: /home/jmj/pro_asp_ws/ws_px4_controls/install/px4_msgs/include/px4_msgs/px4_msgs/msg/flight_phase_estimation.hpp\n'}
[0.812104] (px4_msgs) StdoutLine: {'line': b'-- Up-to-date: /home/jmj/pro_asp_ws/ws_px4_controls/install/px4_msgs/include/px4_msgs/px4_msgs/msg/vehicle_angular_acceleration_setpoint.hpp\n'}
[0.812125] (px4_msgs) StdoutLine: {'line': b'-- Up-to-date: /home/jmj/pro_asp_ws/ws_px4_controls/install/px4_msgs/include/px4_msgs/px4_msgs/msg/vehicle_local_position.hpp\n'}
[0.812146] (px4_msgs) StdoutLine: {'line': b'-- Up-to-date: /home/jmj/pro_asp_ws/ws_px4_controls/install/px4_msgs/include/px4_msgs/px4_msgs/msg/estimator_innovations.hpp\n'}
[0.812167] (px4_msgs) StdoutLine: {'line': b'-- Up-to-date: /home/jmj/pro_asp_ws/ws_px4_controls/install/px4_msgs/include/px4_msgs/px4_msgs/msg/ekf2_timestamps.hpp\n'}
[0.812188] (px4_msgs) StdoutLine: {'line': b'-- Up-to-date: /home/jmj/pro_asp_ws/ws_px4_controls/install/px4_msgs/include/px4_msgs/px4_msgs/msg/health_report.hpp\n'}
[0.812210] (px4_msgs) StdoutLine: {'line': b'-- Up-to-date: /home/jmj/pro_asp_ws/ws_px4_controls/install/px4_msgs/include/px4_msgs/px4_msgs/msg/vehicle_land_detected.hpp\n'}
[0.812231] (px4_msgs) StdoutLine: {'line': b'-- Up-to-date: /home/jmj/pro_asp_ws/ws_px4_controls/install/px4_msgs/include/px4_msgs/px4_msgs/msg/register_ext_component_reply.hpp\n'}
[0.812253] (px4_msgs) StdoutLine: {'line': b'-- Up-to-date: /home/jmj/pro_asp_ws/ws_px4_controls/install/px4_msgs/include/px4_msgs/px4_msgs/msg/sensor_gyro_fifo.hpp\n'}
[0.812274] (px4_msgs) StdoutLine: {'line': b'-- Up-to-date: /home/jmj/pro_asp_ws/ws_px4_controls/install/px4_msgs/include/px4_msgs/px4_msgs/msg/distance_sensor.hpp\n'}
[0.812295] (px4_msgs) StdoutLine: {'line': b'-- Up-to-date: /home/jmj/pro_asp_ws/ws_px4_controls/install/px4_msgs/include/px4_msgs/px4_msgs/msg/orb_test_medium.hpp\n'}
[0.812316] (px4_msgs) StdoutLine: {'line': b'-- Up-to-date: /home/jmj/pro_asp_ws/ws_px4_controls/install/px4_msgs/include/px4_msgs/px4_msgs/msg/estimator_bias3d.hpp\n'}
[0.812337] (px4_msgs) StdoutLine: {'line': b'-- Up-to-date: /home/jmj/pro_asp_ws/ws_px4_controls/install/px4_msgs/include/px4_msgs/px4_msgs/msg/vehicle_local_position_setpoint.hpp\n'}
[0.812362] (px4_msgs) StdoutLine: {'line': b'-- Up-to-date: /home/jmj/pro_asp_ws/ws_px4_controls/install/px4_msgs/include/px4_msgs/px4_msgs/msg/landing_target_innovations.hpp\n'}
[0.812383] (px4_msgs) StdoutLine: {'line': b'-- Up-to-date: /home/jmj/pro_asp_ws/ws_px4_controls/install/px4_msgs/include/px4_msgs/px4_msgs/msg/landing_gear_wheel.hpp\n'}
[0.812404] (px4_msgs) StdoutLine: {'line': b'-- Up-to-date: /home/jmj/pro_asp_ws/ws_px4_controls/install/px4_msgs/include/px4_msgs/px4_msgs/msg/navigator_status.hpp\n'}
[0.812425] (px4_msgs) StdoutLine: {'line': b'-- Up-to-date: /home/jmj/pro_asp_ws/ws_px4_controls/install/px4_msgs/include/px4_msgs/px4_msgs/msg/gimbal_device_set_attitude.hpp\n'}
[0.812447] (px4_msgs) StdoutLine: {'line': b'-- Up-to-date: /home/jmj/pro_asp_ws/ws_px4_controls/install/px4_msgs/include/px4_msgs/px4_msgs/msg/camera_status.hpp\n'}
[0.812470] (px4_msgs) StdoutLine: {'line': b'-- Up-to-date: /home/jmj/pro_asp_ws/ws_px4_controls/install/px4_msgs/include/px4_msgs/px4_msgs/msg/trajectory_setpoint6dof.hpp\n'}
[0.812493] (px4_msgs) StdoutLine: {'line': b'-- Up-to-date: /home/jmj/pro_asp_ws/ws_px4_controls/install/px4_msgs/include/px4_msgs/px4_msgs/msg/velocity_limits.hpp\n'}
[0.812519] (px4_msgs) StdoutLine: {'line': b'-- Up-to-date: /home/jmj/pro_asp_ws/ws_px4_controls/install/px4_msgs/include/px4_msgs/px4_msgs/msg/message_format_response.hpp\n'}
[0.812543] (px4_msgs) StdoutLine: {'line': b'-- Up-to-date: /home/jmj/pro_asp_ws/ws_px4_controls/install/px4_msgs/include/px4_msgs/px4_msgs/msg/adc_report.hpp\n'}
[0.812581] (px4_msgs) StdoutLine: {'line': b'-- Up-to-date: /home/jmj/pro_asp_ws/ws_px4_controls/install/px4_msgs/include/px4_msgs/px4_msgs/msg/actuator_servos_trim.hpp\n'}
[0.812605] (px4_msgs) StdoutLine: {'line': b'-- Up-to-date: /home/jmj/pro_asp_ws/ws_px4_controls/install/px4_msgs/include/px4_msgs/px4_msgs/msg/sensor_gps.hpp\n'}
[0.812626] (px4_msgs) StdoutLine: {'line': b'-- Up-to-date: /home/jmj/pro_asp_ws/ws_px4_controls/install/px4_msgs/include/px4_msgs/px4_msgs/msg/sensor_accel.hpp\n'}
[0.812647] (px4_msgs) StdoutLine: {'line': b'-- Up-to-date: /home/jmj/pro_asp_ws/ws_px4_controls/install/px4_msgs/include/px4_msgs/px4_msgs/msg/estimator_states.hpp\n'}
[0.812670] (px4_msgs) StdoutLine: {'line': b'-- Up-to-date: /home/jmj/pro_asp_ws/ws_px4_controls/install/px4_msgs/include/px4_msgs/px4_msgs/msg/rtl_time_estimate.hpp\n'}
[0.812691] (px4_msgs) StdoutLine: {'line': b'-- Up-to-date: /home/jmj/pro_asp_ws/ws_px4_controls/install/px4_msgs/include/px4_msgs/px4_msgs/msg/offboard_control_mode.hpp\n'}
[0.812713] (px4_msgs) StdoutLine: {'line': b'-- Up-to-date: /home/jmj/pro_asp_ws/ws_px4_controls/install/px4_msgs/include/px4_msgs/px4_msgs/msg/satellite_info.hpp\n'}
[0.812735] (px4_msgs) StdoutLine: {'line': b'-- Up-to-date: /home/jmj/pro_asp_ws/ws_px4_controls/install/px4_msgs/include/px4_msgs/px4_msgs/msg/parameter_reset_request.hpp\n'}
[0.812760] (px4_msgs) StdoutLine: {'line': b'-- Up-to-date: /home/jmj/pro_asp_ws/ws_px4_controls/install/px4_msgs/include/px4_msgs/px4_msgs/msg/event.hpp\n'}
[0.812795] (px4_msgs) StdoutLine: {'line': b'-- Up-to-date: /home/jmj/pro_asp_ws/ws_px4_controls/install/px4_msgs/include/px4_msgs/px4_msgs/msg/pps_capture.hpp\n'}
[0.812818] (px4_msgs) StdoutLine: {'line': b'-- Up-to-date: /home/jmj/pro_asp_ws/ws_px4_controls/install/px4_msgs/include/px4_msgs/px4_msgs/msg/irlock_report.hpp\n'}
[0.812839] (px4_msgs) StdoutLine: {'line': b'-- Up-to-date: /home/jmj/pro_asp_ws/ws_px4_controls/install/px4_msgs/include/px4_msgs/px4_msgs/msg/arming_check_request.hpp\n'}
[0.812861] (px4_msgs) StdoutLine: {'line': b'-- Up-to-date: /home/jmj/pro_asp_ws/ws_px4_controls/install/px4_msgs/include/px4_msgs/px4_msgs/msg/failure_detector_status.hpp\n'}
[0.812883] (px4_msgs) StdoutLine: {'line': b'-- Up-to-date: /home/jmj/pro_asp_ws/ws_px4_controls/install/px4_msgs/include/px4_msgs/px4_msgs/msg/parameter_set_used_request.hpp\n'}
[0.812906] (px4_msgs) StdoutLine: {'line': b'-- Up-to-date: /home/jmj/pro_asp_ws/ws_px4_controls/install/px4_msgs/include/px4_msgs/px4_msgs/msg/open_drone_id_system.hpp\n'}
[0.812928] (px4_msgs) StdoutLine: {'line': b'-- Up-to-date: /home/jmj/pro_asp_ws/ws_px4_controls/install/px4_msgs/include/px4_msgs/px4_msgs/msg/vehicle_magnetometer.hpp\n'}
[0.812950] (px4_msgs) StdoutLine: {'line': b'-- Up-to-date: /home/jmj/pro_asp_ws/ws_px4_controls/install/px4_msgs/include/px4_msgs/px4_msgs/msg/hover_thrust_estimate.hpp\n'}
[0.812971] (px4_msgs) StdoutLine: {'line': b'-- Up-to-date: /home/jmj/pro_asp_ws/ws_px4_controls/install/px4_msgs/include/px4_msgs/px4_msgs/msg/lateral_control_configuration.hpp\n'}
[0.812993] (px4_msgs) StdoutLine: {'line': b'-- Up-to-date: /home/jmj/pro_asp_ws/ws_px4_controls/install/px4_msgs/include/px4_msgs/px4_msgs/msg/vehicle_global_position.hpp\n'}
[0.813015] (px4_msgs) StdoutLine: {'line': b'-- Up-to-date: /home/jmj/pro_asp_ws/ws_px4_controls/install/px4_msgs/include/px4_msgs/px4_msgs/msg/action_request.hpp\n'}
[0.813038] (px4_msgs) StdoutLine: {'line': b'-- Up-to-date: /home/jmj/pro_asp_ws/ws_px4_controls/install/px4_msgs/include/px4_msgs/px4_msgs/msg/mavlink_tunnel.hpp\n'}
[0.813060] (px4_msgs) StdoutLine: {'line': b'-- Up-to-date: /home/jmj/pro_asp_ws/ws_px4_controls/install/px4_msgs/include/px4_msgs/px4_msgs/msg/gimbal_manager_set_attitude.hpp\n'}
[0.813082] (px4_msgs) StdoutLine: {'line': b'-- Up-to-date: /home/jmj/pro_asp_ws/ws_px4_controls/install/px4_msgs/include/px4_msgs/px4_msgs/msg/mode_completed.hpp\n'}
[0.813112] (px4_msgs) StdoutLine: {'line': b'-- Up-to-date: /home/jmj/pro_asp_ws/ws_px4_controls/install/px4_msgs/include/px4_msgs/px4_msgs/msg/sensor_optical_flow.hpp\n'}
[0.813141] (px4_msgs) StdoutLine: {'line': b'-- Up-to-date: /home/jmj/pro_asp_ws/ws_px4_controls/install/px4_msgs/include/px4_msgs/px4_msgs/msg/cellular_status.hpp\n'}
[0.813163] (px4_msgs) StdoutLine: {'line': b'-- Up-to-date: /home/jmj/pro_asp_ws/ws_px4_controls/install/px4_msgs/include/px4_msgs/px4_msgs/msg/gimbal_manager_status.hpp\n'}
[0.813184] (px4_msgs) StdoutLine: {'line': b'-- Up-to-date: /home/jmj/pro_asp_ws/ws_px4_controls/install/px4_msgs/include/px4_msgs/px4_msgs/msg/collision_constraints.hpp\n'}
[0.813205] (px4_msgs) StdoutLine: {'line': b'-- Up-to-date: /home/jmj/pro_asp_ws/ws_px4_controls/install/px4_msgs/include/px4_msgs/px4_msgs/msg/geofence_status.hpp\n'}
[0.813226] (px4_msgs) StdoutLine: {'line': b'-- Up-to-date: /home/jmj/pro_asp_ws/ws_px4_controls/install/px4_msgs/include/px4_msgs/px4_msgs/msg/rover_throttle_setpoint.hpp\n'}
[0.813248] (px4_msgs) StdoutLine: {'line': b'-- Up-to-date: /home/jmj/pro_asp_ws/ws_px4_controls/install/px4_msgs/include/px4_msgs/px4_msgs/msg/battery_status.hpp\n'}
[0.813269] (px4_msgs) StdoutLine: {'line': b'-- Up-to-date: /home/jmj/pro_asp_ws/ws_px4_controls/install/px4_msgs/include/px4_msgs/px4_msgs/msg/rover_steering_setpoint.hpp\n'}
[0.813290] (px4_msgs) StdoutLine: {'line': b'-- Up-to-date: /home/jmj/pro_asp_ws/ws_px4_controls/install/px4_msgs/include/px4_msgs/px4_msgs/msg/fixed_wing_longitudinal_setpoint.hpp\n'}
[0.813313] (px4_msgs) StdoutLine: {'line': b'-- Up-to-date: /home/jmj/pro_asp_ws/ws_px4_controls/install/px4_msgs/include/px4_msgs/px4_msgs/msg/fuel_tank_status.hpp\n'}
[0.813342] (px4_msgs) StdoutLine: {'line': b'-- Up-to-date: /home/jmj/pro_asp_ws/ws_px4_controls/install/px4_msgs/include/px4_msgs/px4_msgs/msg/vehicle_command.hpp\n'}
[0.813364] (px4_msgs) StdoutLine: {'line': b'-- Up-to-date: /home/jmj/pro_asp_ws/ws_px4_controls/install/px4_msgs/include/px4_msgs/px4_msgs/msg/config_overrides.hpp\n'}
[0.813386] (px4_msgs) StdoutLine: {'line': b'-- Up-to-date: /home/jmj/pro_asp_ws/ws_px4_controls/install/px4_msgs/include/px4_msgs/px4_msgs/msg/debug_vect.hpp\n'}
[0.813408] (px4_msgs) StdoutLine: {'line': b'-- Up-to-date: /home/jmj/pro_asp_ws/ws_px4_controls/install/px4_msgs/include/px4_msgs/px4_msgs/msg/sensor_mag.hpp\n'}
[0.813430] (px4_msgs) StdoutLine: {'line': b'-- Up-to-date: /home/jmj/pro_asp_ws/ws_px4_controls/install/px4_msgs/include/px4_msgs/px4_msgs/msg/gps_inject_data.hpp\n'}
[0.813452] (px4_msgs) StdoutLine: {'line': b'-- Up-to-date: /home/jmj/pro_asp_ws/ws_px4_controls/install/px4_msgs/include/px4_msgs/px4_msgs/msg/follow_target.hpp\n'}
[0.813473] (px4_msgs) StdoutLine: {'line': b'-- Up-to-date: /home/jmj/pro_asp_ws/ws_px4_controls/install/px4_msgs/include/px4_msgs/px4_msgs/msg/parameter_set_value_response.hpp\n'}
[0.813494] (px4_msgs) StdoutLine: {'line': b'-- Up-to-date: /home/jmj/pro_asp_ws/ws_px4_controls/install/px4_msgs/include/px4_msgs/px4_msgs/msg/radio_status.hpp\n'}
[0.813515] (px4_msgs) StdoutLine: {'line': b'-- Up-to-date: /home/jmj/pro_asp_ws/ws_px4_controls/install/px4_msgs/include/px4_msgs/px4_msgs/msg/estimator_aid_source3d.hpp\n'}
[0.813536] (px4_msgs) StdoutLine: {'line': b'-- Up-to-date: /home/jmj/pro_asp_ws/ws_px4_controls/install/px4_msgs/include/px4_msgs/px4_msgs/msg/vehicle_attitude_setpoint.hpp\n'}
[0.813557] (px4_msgs) StdoutLine: {'line': b'-- Up-to-date: /home/jmj/pro_asp_ws/ws_px4_controls/install/px4_msgs/include/px4_msgs/px4_msgs/msg/actuator_test.hpp\n'}
[0.813583] (px4_msgs) StdoutLine: {'line': b'-- Up-to-date: /home/jmj/pro_asp_ws/ws_px4_controls/install/px4_msgs/include/px4_msgs/px4_msgs/msg/airspeed_validated.hpp\n'}
[0.813605] (px4_msgs) StdoutLine: {'line': b'-- Up-to-date: /home/jmj/pro_asp_ws/ws_px4_controls/install/px4_msgs/include/px4_msgs/px4_msgs/msg/failsafe_flags.hpp\n'}
[0.813627] (px4_msgs) StdoutLine: {'line': b'-- Up-to-date: /home/jmj/pro_asp_ws/ws_px4_controls/install/px4_msgs/include/px4_msgs/px4_msgs/msg/fixed_wing_lateral_setpoint.hpp\n'}
[0.813673] (px4_msgs) StdoutLine: {'line': b'-- Up-to-date: /home/jmj/pro_asp_ws/ws_px4_controls/install/px4_msgs/include/px4_msgs/px4_msgs/msg/vehicle_thrust_setpoint.hpp\n'}
[0.813697] (px4_msgs) StdoutLine: {'line': b'-- Up-to-date: /home/jmj/pro_asp_ws/ws_px4_controls/install/px4_msgs/include/px4_msgs/px4_msgs/msg/position_controller_landing_status.hpp\n'}
[0.813727] (px4_msgs) StdoutLine: {'line': b'-- Up-to-date: /home/jmj/pro_asp_ws/ws_px4_controls/install/px4_msgs/include/px4_msgs/px4_msgs/msg/gpio_in.hpp\n'}
[0.813756] (px4_msgs) StdoutLine: {'line': b'-- Up-to-date: /home/jmj/pro_asp_ws/ws_px4_controls/install/px4_msgs/include/px4_msgs/px4_msgs/msg/pure_pursuit_status.hpp\n'}
[0.813787] (px4_msgs) StdoutLine: {'line': b'-- Up-to-date: /home/jmj/pro_asp_ws/ws_px4_controls/install/px4_msgs/include/px4_msgs/px4_msgs/msg/rover_rate_setpoint.hpp\n'}
[0.813811] (px4_msgs) StdoutLine: {'line': b'-- Up-to-date: /home/jmj/pro_asp_ws/ws_px4_controls/install/px4_msgs/include/px4_msgs/px4_msgs/msg/vehicle_constraints.hpp\n'}
[0.813841] (px4_msgs) StdoutLine: {'line': b'-- Up-to-date: /home/jmj/pro_asp_ws/ws_px4_controls/install/px4_msgs/include/px4_msgs/px4_msgs/msg/follow_target_estimator.hpp\n'}
[0.813863] (px4_msgs) StdoutLine: {'line': b'-- Up-to-date: /home/jmj/pro_asp_ws/ws_px4_controls/install/px4_msgs/include/px4_msgs/px4_msgs/msg/log_message.hpp\n'}
[0.813886] (px4_msgs) StdoutLine: {'line': b'-- Up-to-date: /home/jmj/pro_asp_ws/ws_px4_controls/install/px4_msgs/include/px4_msgs/px4_msgs/msg/distance_sensor_mode_change_request.hpp\n'}
[0.813909] (px4_msgs) StdoutLine: {'line': b'-- Up-to-date: /home/jmj/pro_asp_ws/ws_px4_controls/install/px4_msgs/include/px4_msgs/px4_msgs/msg/debug_value.hpp\n'}
[0.813934] (px4_msgs) StdoutLine: {'line': b'-- Up-to-date: /home/jmj/pro_asp_ws/ws_px4_controls/install/px4_msgs/include/px4_msgs/px4_msgs/msg/dataman_request.hpp\n'}
[0.813957] (px4_msgs) StdoutLine: {'line': b'-- Up-to-date: /home/jmj/pro_asp_ws/ws_px4_controls/install/px4_msgs/include/px4_msgs/px4_msgs/msg/rosidl_generator_cpp__visibility_control.hpp\n'}
[0.813979] (px4_msgs) StdoutLine: {'line': b'-- Up-to-date: /home/jmj/pro_asp_ws/ws_px4_controls/install/px4_msgs/include/px4_msgs/px4_msgs/msg/vehicle_optical_flow.hpp\n'}
[0.814001] (px4_msgs) StdoutLine: {'line': b'-- Up-to-date: /home/jmj/pro_asp_ws/ws_px4_controls/install/px4_msgs/include/px4_msgs/px4_msgs/msg/telemetry_status.hpp\n'}
[0.814025] (px4_msgs) StdoutLine: {'line': b'-- Up-to-date: /home/jmj/pro_asp_ws/ws_px4_controls/install/px4_msgs/include/px4_msgs/px4_msgs/msg/internal_combustion_engine_control.hpp\n'}
[0.814050] (px4_msgs) StdoutLine: {'line': b'-- Up-to-date: /home/jmj/pro_asp_ws/ws_px4_controls/install/px4_msgs/include/px4_msgs/px4_msgs/msg/vehicle_rates_setpoint.hpp\n'}
[0.814082] (px4_msgs) StdoutLine: {'line': b'-- Up-to-date: /home/jmj/pro_asp_ws/ws_px4_controls/install/px4_msgs/include/px4_msgs/px4_msgs/msg/sensor_accel_fifo.hpp\n'}
[0.814104] (px4_msgs) StdoutLine: {'line': b'-- Up-to-date: /home/jmj/pro_asp_ws/ws_px4_controls/install/px4_msgs/include/px4_msgs/px4_msgs/msg/open_drone_id_arm_status.hpp\n'}
[0.814125] (px4_msgs) StdoutLine: {'line': b'-- Up-to-date: /home/jmj/pro_asp_ws/ws_px4_controls/install/px4_msgs/include/px4_msgs/px4_msgs/msg/follow_target_status.hpp\n'}
[0.814147] (px4_msgs) StdoutLine: {'line': b'-- Up-to-date: /home/jmj/pro_asp_ws/ws_px4_controls/install/px4_msgs/include/px4_msgs/px4_msgs/msg/trajectory_setpoint.hpp\n'}
[0.814168] (px4_msgs) StdoutLine: {'line': b'-- Up-to-date: /home/jmj/pro_asp_ws/ws_px4_controls/install/px4_msgs/include/px4_msgs/px4_msgs/msg/magnetometer_bias_estimate.hpp\n'}
[0.814191] (px4_msgs) StdoutLine: {'line': b'-- Up-to-date: /home/jmj/pro_asp_ws/ws_px4_controls/install/px4_msgs/include/px4_msgs/px4_msgs/msg/wind.hpp\n'}
[0.814212] (px4_msgs) StdoutLine: {'line': b'-- Up-to-date: /home/jmj/pro_asp_ws/ws_px4_controls/install/px4_msgs/include/px4_msgs/px4_msgs/msg/fixed_wing_lateral_guidance_status.hpp\n'}
[0.814241] (px4_msgs) StdoutLine: {'line': b'-- Up-to-date: /home/jmj/pro_asp_ws/ws_px4_controls/install/px4_msgs/include/px4_msgs/px4_msgs/msg/navigator_mission_item.hpp\n'}
[0.814264] (px4_msgs) StdoutLine: {'line': b'-- Up-to-date: /home/jmj/pro_asp_ws/ws_px4_controls/install/px4_msgs/include/px4_msgs/px4_msgs/msg/geofence_result.hpp\n'}
[0.814286] (px4_msgs) StdoutLine: {'line': b'-- Up-to-date: /home/jmj/pro_asp_ws/ws_px4_controls/install/px4_msgs/include/px4_msgs/px4_msgs/msg/message_format_request.hpp\n'}
[0.814307] (px4_msgs) StdoutLine: {'line': b'-- Up-to-date: /home/jmj/pro_asp_ws/ws_px4_controls/install/px4_msgs/include/px4_msgs/px4_msgs/msg/vehicle_status.hpp\n'}
[0.814328] (px4_msgs) StdoutLine: {'line': b'-- Up-to-date: /home/jmj/pro_asp_ws/ws_px4_controls/install/px4_msgs/include/px4_msgs/px4_msgs/msg/vehicle_torque_setpoint.hpp\n'}
[0.814353] (px4_msgs) StdoutLine: {'line': b'-- Up-to-date: /home/jmj/pro_asp_ws/ws_px4_controls/install/px4_msgs/include/px4_msgs/px4_msgs/msg/pwm_input.hpp\n'}
[0.814381] (px4_msgs) StdoutLine: {'line': b'-- Up-to-date: /home/jmj/pro_asp_ws/ws_px4_controls/install/px4_msgs/include/px4_msgs/px4_msgs/msg/vehicle_imu.hpp\n'}
[0.814405] (px4_msgs) StdoutLine: {'line': b'-- Up-to-date: /home/jmj/pro_asp_ws/ws_px4_controls/install/px4_msgs/include/px4_msgs/px4_msgs/msg/airspeed_wind.hpp\n'}
[0.814436] (px4_msgs) StdoutLine: {'line': b'-- Up-to-date: /home/jmj/pro_asp_ws/ws_px4_controls/install/px4_msgs/include/px4_msgs/px4_msgs/msg/uavcan_parameter_value.hpp\n'}
[0.814474] (px4_msgs) StdoutLine: {'line': b'-- Up-to-date: /home/jmj/pro_asp_ws/ws_px4_controls/install/px4_msgs/include/px4_msgs/px4_msgs/msg/estimator_event_flags.hpp\n'}
[0.814522] (px4_msgs) StdoutLine: {'line': b'-- Up-to-date: /home/jmj/pro_asp_ws/ws_px4_controls/install/px4_msgs/include/px4_msgs/px4_msgs/msg/tecs_status.hpp\n'}
[0.814549] (px4_msgs) StdoutLine: {'line': b'-- Up-to-date: /home/jmj/pro_asp_ws/ws_px4_controls/install/px4_msgs/include/px4_msgs/px4_msgs/msg/actuator_motors.hpp\n'}
[0.814571] (px4_msgs) StdoutLine: {'line': b'-- Up-to-date: /home/jmj/pro_asp_ws/ws_px4_controls/install/px4_msgs/include/px4_msgs/px4_msgs/msg/yaw_estimator_status.hpp\n'}
[0.814595] (px4_msgs) StdoutLine: {'line': b'-- Up-to-date: /home/jmj/pro_asp_ws/ws_px4_controls/install/px4_msgs/include/px4_msgs/px4_msgs/msg/register_ext_component_request.hpp\n'}
[0.814620] (px4_msgs) StdoutLine: {'line': b'-- Up-to-date: /home/jmj/pro_asp_ws/ws_px4_controls/install/px4_msgs/include/px4_msgs/px4_msgs/msg/autotune_attitude_control_status.hpp\n'}
[0.814644] (px4_msgs) StdoutLine: {'line': b'-- Up-to-date: /home/jmj/pro_asp_ws/ws_px4_controls/install/px4_msgs/include/px4_msgs/px4_msgs/msg/cpuload.hpp\n'}
[0.814667] (px4_msgs) StdoutLine: {'line': b'-- Up-to-date: /home/jmj/pro_asp_ws/ws_px4_controls/install/px4_msgs/include/px4_msgs/px4_msgs/msg/system_power.hpp\n'}
[0.814690] (px4_msgs) StdoutLine: {'line': b'-- Up-to-date: /home/jmj/pro_asp_ws/ws_px4_controls/install/px4_msgs/include/px4_msgs/px4_msgs/msg/led_control.hpp\n'}
[0.814712] (px4_msgs) StdoutLine: {'line': b'-- Up-to-date: /home/jmj/pro_asp_ws/ws_px4_controls/install/px4_msgs/include/px4_msgs/px4_msgs/msg/landing_gear.hpp\n'}
[0.814734] (px4_msgs) StdoutLine: {'line': b'-- Up-to-date: /home/jmj/pro_asp_ws/ws_px4_controls/install/px4_msgs/include/px4_msgs/px4_msgs/msg/rc_parameter_map.hpp\n'}
[0.814756] (px4_msgs) StdoutLine: {'line': b'-- Up-to-date: /home/jmj/pro_asp_ws/ws_px4_controls/install/px4_msgs/include/px4_msgs/px4_msgs/msg/tune_control.hpp\n'}
[0.814791] (px4_msgs) StdoutLine: {'line': b'-- Up-to-date: /home/jmj/pro_asp_ws/ws_px4_controls/install/px4_msgs/include/px4_msgs/px4_msgs/msg/vehicle_air_data.hpp\n'}
[0.814818] (px4_msgs) StdoutLine: {'line': b'-- Up-to-date: /home/jmj/pro_asp_ws/ws_px4_controls/install/px4_msgs/include/px4_msgs/px4_msgs/msg/power_monitor.hpp\n'}
[0.814842] (px4_msgs) StdoutLine: {'line': b'-- Up-to-date: /home/jmj/pro_asp_ws/ws_px4_controls/install/px4_msgs/include/px4_msgs/px4_msgs/msg/sensor_baro.hpp\n'}
[0.814881] (px4_msgs) StdoutLine: {'line': b'-- Up-to-date: /home/jmj/pro_asp_ws/ws_px4_controls/install/px4_msgs/include/px4_msgs/px4_msgs/msg/orbit_status.hpp\n'}
[0.814904] (px4_msgs) StdoutLine: {'line': b'-- Up-to-date: /home/jmj/pro_asp_ws/ws_px4_controls/install/px4_msgs/include/px4_msgs/px4_msgs/msg/mount_orientation.hpp\n'}
[0.814926] (px4_msgs) StdoutLine: {'line': b'-- Up-to-date: /home/jmj/pro_asp_ws/ws_px4_controls/install/px4_msgs/include/px4_msgs/px4_msgs/msg/gimbal_controls.hpp\n'}
[0.814947] (px4_msgs) StdoutLine: {'line': b'-- Up-to-date: /home/jmj/pro_asp_ws/ws_px4_controls/install/px4_msgs/include/px4_msgs/px4_msgs/msg/rpm.hpp\n'}
[0.814968] (px4_msgs) StdoutLine: {'line': b'-- Up-to-date: /home/jmj/pro_asp_ws/ws_px4_controls/install/px4_msgs/include/px4_msgs/px4_msgs\n'}
[0.814990] (px4_msgs) StdoutLine: {'line': b'-- Up-to-date: /home/jmj/pro_asp_ws/ws_px4_controls/install/px4_msgs/include/px4_msgs/px4_msgs/srv\n'}
[0.815017] (px4_msgs) StdoutLine: {'line': b'-- Up-to-date: /home/jmj/pro_asp_ws/ws_px4_controls/install/px4_msgs/include/px4_msgs/px4_msgs/srv/detail\n'}
[0.815041] (px4_msgs) StdoutLine: {'line': b'-- Up-to-date: /home/jmj/pro_asp_ws/ws_px4_controls/install/px4_msgs/include/px4_msgs/px4_msgs/srv/detail/dds_fastrtps\n'}
[0.815072] (px4_msgs) StdoutLine: {'line': b'-- Up-to-date: /home/jmj/pro_asp_ws/ws_px4_controls/install/px4_msgs/include/px4_msgs/px4_msgs/srv/detail/vehicle_command__rosidl_typesupport_fastrtps_cpp.hpp\n'}
[0.815104] (px4_msgs) StdoutLine: {'line': b'-- Up-to-date: /home/jmj/pro_asp_ws/ws_px4_controls/install/px4_msgs/include/px4_msgs/px4_msgs/msg\n'}
[0.815133] (px4_msgs) StdoutLine: {'line': b'-- Up-to-date: /home/jmj/pro_asp_ws/ws_px4_controls/install/px4_msgs/include/px4_msgs/px4_msgs/msg/detail\n'}
[0.815160] (px4_msgs) StdoutLine: {'line': b'-- Up-to-date: /home/jmj/pro_asp_ws/ws_px4_controls/install/px4_msgs/include/px4_msgs/px4_msgs/msg/detail/rc_parameter_map__rosidl_typesupport_fastrtps_cpp.hpp\n'}
[0.815190] (px4_msgs) StdoutLine: {'line': b'-- Up-to-date: /home/jmj/pro_asp_ws/ws_px4_controls/install/px4_msgs/include/px4_msgs/px4_msgs/msg/detail/pure_pursuit_status__rosidl_typesupport_fastrtps_cpp.hpp\n'}
[0.815226] (px4_msgs) StdoutLine: {'line': b'-- Up-to-date: /home/jmj/pro_asp_ws/ws_px4_controls/install/px4_msgs/include/px4_msgs/px4_msgs/msg/detail/vehicle_attitude__rosidl_typesupport_fastrtps_cpp.hpp\n'}
[0.815252] (px4_msgs) StdoutLine: {'line': b'-- Up-to-date: /home/jmj/pro_asp_ws/ws_px4_controls/install/px4_msgs/include/px4_msgs/px4_msgs/msg/detail/esc_status__rosidl_typesupport_fastrtps_cpp.hpp\n'}
[0.815284] (px4_msgs) StdoutLine: {'line': b'-- Up-to-date: /home/jmj/pro_asp_ws/ws_px4_controls/install/px4_msgs/include/px4_msgs/px4_msgs/msg/detail/mavlink_tunnel__rosidl_typesupport_fastrtps_cpp.hpp\n'}
[0.815309] (px4_msgs) StdoutLine: {'line': b'-- Up-to-date: /home/jmj/pro_asp_ws/ws_px4_controls/install/px4_msgs/include/px4_msgs/px4_msgs/msg/detail/rc_channels__rosidl_typesupport_fastrtps_cpp.hpp\n'}
[0.815335] (px4_msgs) StdoutLine: {'line': b'-- Up-to-date: /home/jmj/pro_asp_ws/ws_px4_controls/install/px4_msgs/include/px4_msgs/px4_msgs/msg/detail/sensor_accel_fifo__rosidl_typesupport_fastrtps_cpp.hpp\n'}
[0.815359] (px4_msgs) StdoutLine: {'line': b'-- Up-to-date: /home/jmj/pro_asp_ws/ws_px4_controls/install/px4_msgs/include/px4_msgs/px4_msgs/msg/detail/mount_orientation__rosidl_typesupport_fastrtps_cpp.hpp\n'}
[0.815384] (px4_msgs) StdoutLine: {'line': b'-- Up-to-date: /home/jmj/pro_asp_ws/ws_px4_controls/install/px4_msgs/include/px4_msgs/px4_msgs/msg/detail/wheel_encoders__rosidl_typesupport_fastrtps_cpp.hpp\n'}
[0.815412] (px4_msgs) StdoutLine: {'line': b'-- Up-to-date: /home/jmj/pro_asp_ws/ws_px4_controls/install/px4_msgs/include/px4_msgs/px4_msgs/msg/detail/flight_phase_estimation__rosidl_typesupport_fastrtps_cpp.hpp\n'}
[0.815436] (px4_msgs) StdoutLine: {'line': b'-- Up-to-date: /home/jmj/pro_asp_ws/ws_px4_controls/install/px4_msgs/include/px4_msgs/px4_msgs/msg/detail/esc_report__rosidl_typesupport_fastrtps_cpp.hpp\n'}
[0.815510] (px4_msgs) StdoutLine: {'line': b'-- Up-to-date: /home/jmj/pro_asp_ws/ws_px4_controls/install/px4_msgs/include/px4_msgs/px4_msgs/msg/detail/parameter_set_value_response__rosidl_typesupport_fastrtps_cpp.hpp\n'}
[0.815548] (px4_msgs) StdoutLine: {'line': b'-- Up-to-date: /home/jmj/pro_asp_ws/ws_px4_controls/install/px4_msgs/include/px4_msgs/px4_msgs/msg/detail/vehicle_status__rosidl_typesupport_fastrtps_cpp.hpp\n'}
[0.815584] (px4_msgs) StdoutLine: {'line': b'-- Up-to-date: /home/jmj/pro_asp_ws/ws_px4_controls/install/px4_msgs/include/px4_msgs/px4_msgs/msg/detail/cellular_status__rosidl_typesupport_fastrtps_cpp.hpp\n'}
[0.815609] (px4_msgs) StdoutLine: {'line': b'-- Up-to-date: /home/jmj/pro_asp_ws/ws_px4_controls/install/px4_msgs/include/px4_msgs/px4_msgs/msg/detail/dds_fastrtps\n'}
[0.815632] (px4_msgs) StdoutLine: {'line': b'-- Up-to-date: /home/jmj/pro_asp_ws/ws_px4_controls/install/px4_msgs/include/px4_msgs/px4_msgs/msg/detail/camera_capture__rosidl_typesupport_fastrtps_cpp.hpp\n'}
[0.815668] (px4_msgs) StdoutLine: {'line': b'-- Up-to-date: /home/jmj/pro_asp_ws/ws_px4_controls/install/px4_msgs/include/px4_msgs/px4_msgs/msg/detail/cpuload__rosidl_typesupport_fastrtps_cpp.hpp\n'}
[0.815696] (px4_msgs) StdoutLine: {'line': b'-- Up-to-date: /home/jmj/pro_asp_ws/ws_px4_controls/install/px4_msgs/include/px4_msgs/px4_msgs/msg/detail/message_format_response__rosidl_typesupport_fastrtps_cpp.hpp\n'}
[0.815721] (px4_msgs) StdoutLine: {'line': b'-- Up-to-date: /home/jmj/pro_asp_ws/ws_px4_controls/install/px4_msgs/include/px4_msgs/px4_msgs/msg/detail/sensor_gyro__rosidl_typesupport_fastrtps_cpp.hpp\n'}
[0.815753] (px4_msgs) StdoutLine: {'line': b'-- Up-to-date: /home/jmj/pro_asp_ws/ws_px4_controls/install/px4_msgs/include/px4_msgs/px4_msgs/msg/detail/power_button_state__rosidl_typesupport_fastrtps_cpp.hpp\n'}
[0.815796] (px4_msgs) StdoutLine: {'line': b'-- Up-to-date: /home/jmj/pro_asp_ws/ws_px4_controls/install/px4_msgs/include/px4_msgs/px4_msgs/msg/detail/fuel_tank_status__rosidl_typesupport_fastrtps_cpp.hpp\n'}
[0.815821] (px4_msgs) StdoutLine: {'line': b'-- Up-to-date: /home/jmj/pro_asp_ws/ws_px4_controls/install/px4_msgs/include/px4_msgs/px4_msgs/msg/detail/log_message__rosidl_typesupport_fastrtps_cpp.hpp\n'}
[0.815843] (px4_msgs) StdoutLine: {'line': b'-- Up-to-date: /home/jmj/pro_asp_ws/ws_px4_controls/install/px4_msgs/include/px4_msgs/px4_msgs/msg/detail/vehicle_thrust_setpoint__rosidl_typesupport_fastrtps_cpp.hpp\n'}
[0.815866] (px4_msgs) StdoutLine: {'line': b'-- Up-to-date: /home/jmj/pro_asp_ws/ws_px4_controls/install/px4_msgs/include/px4_msgs/px4_msgs/msg/detail/control_allocator_status__rosidl_typesupport_fastrtps_cpp.hpp\n'}
[0.815889] (px4_msgs) StdoutLine: {'line': b'-- Up-to-date: /home/jmj/pro_asp_ws/ws_px4_controls/install/px4_msgs/include/px4_msgs/px4_msgs/msg/detail/vehicle_optical_flow_vel__rosidl_typesupport_fastrtps_cpp.hpp\n'}
[0.815913] (px4_msgs) StdoutLine: {'line': b'-- Up-to-date: /home/jmj/pro_asp_ws/ws_px4_controls/install/px4_msgs/include/px4_msgs/px4_msgs/msg/detail/vehicle_torque_setpoint__rosidl_typesupport_fastrtps_cpp.hpp\n'}
[0.815939] (px4_msgs) StdoutLine: {'line': b'-- Up-to-date: /home/jmj/pro_asp_ws/ws_px4_controls/install/px4_msgs/include/px4_msgs/px4_msgs/msg/detail/vehicle_imu__rosidl_typesupport_fastrtps_cpp.hpp\n'}
[0.815972] (px4_msgs) StdoutLine: {'line': b'-- Up-to-date: /home/jmj/pro_asp_ws/ws_px4_controls/install/px4_msgs/include/px4_msgs/px4_msgs/msg/detail/vtol_vehicle_status__rosidl_typesupport_fastrtps_cpp.hpp\n'}
[0.816009] (px4_msgs) StdoutLine: {'line': b'-- Up-to-date: /home/jmj/pro_asp_ws/ws_px4_controls/install/px4_msgs/include/px4_msgs/px4_msgs/msg/detail/hover_thrust_estimate__rosidl_typesupport_fastrtps_cpp.hpp\n'}
[0.816042] (px4_msgs) StdoutLine: {'line': b'-- Up-to-date: /home/jmj/pro_asp_ws/ws_px4_controls/install/px4_msgs/include/px4_msgs/px4_msgs/msg/detail/gimbal_controls__rosidl_typesupport_fastrtps_cpp.hpp\n'}
[0.816073] (px4_msgs) StdoutLine: {'line': b'-- Up-to-date: /home/jmj/pro_asp_ws/ws_px4_controls/install/px4_msgs/include/px4_msgs/px4_msgs/msg/detail/launch_detection_status__rosidl_typesupport_fastrtps_cpp.hpp\n'}
[0.816105] (px4_msgs) StdoutLine: {'line': b'-- Up-to-date: /home/jmj/pro_asp_ws/ws_px4_controls/install/px4_msgs/include/px4_msgs/px4_msgs/msg/detail/estimator_bias__rosidl_typesupport_fastrtps_cpp.hpp\n'}
[0.816141] (px4_msgs) StdoutLine: {'line': b'-- Up-to-date: /home/jmj/pro_asp_ws/ws_px4_controls/install/px4_msgs/include/px4_msgs/px4_msgs/msg/detail/actuator_motors__rosidl_typesupport_fastrtps_cpp.hpp\n'}
[0.816168] (px4_msgs) StdoutLine: {'line': b'-- Up-to-date: /home/jmj/pro_asp_ws/ws_px4_controls/install/px4_msgs/include/px4_msgs/px4_msgs/msg/detail/rover_attitude_status__rosidl_typesupport_fastrtps_cpp.hpp\n'}
[0.816193] (px4_msgs) StdoutLine: {'line': b'-- Up-to-date: /home/jmj/pro_asp_ws/ws_px4_controls/install/px4_msgs/include/px4_msgs/px4_msgs/msg/detail/estimator_bias3d__rosidl_typesupport_fastrtps_cpp.hpp\n'}
[0.816223] (px4_msgs) StdoutLine: {'line': b'-- Up-to-date: /home/jmj/pro_asp_ws/ws_px4_controls/install/px4_msgs/include/px4_msgs/px4_msgs/msg/detail/debug_vect__rosidl_typesupport_fastrtps_cpp.hpp\n'}
[0.816252] (px4_msgs) StdoutLine: {'line': b'-- Up-to-date: /home/jmj/pro_asp_ws/ws_px4_controls/install/px4_msgs/include/px4_msgs/px4_msgs/msg/detail/distance_sensor__rosidl_typesupport_fastrtps_cpp.hpp\n'}
[0.816276] (px4_msgs) StdoutLine: {'line': b'-- Up-to-date: /home/jmj/pro_asp_ws/ws_px4_controls/install/px4_msgs/include/px4_msgs/px4_msgs/msg/detail/internal_combustion_engine_control__rosidl_typesupport_fastrtps_cpp.hpp\n'}
[0.816301] (px4_msgs) StdoutLine: {'line': b'-- Up-to-date: /home/jmj/pro_asp_ws/ws_px4_controls/install/px4_msgs/include/px4_msgs/px4_msgs/msg/detail/power_monitor__rosidl_typesupport_fastrtps_cpp.hpp\n'}
[0.816327] (px4_msgs) StdoutLine: {'line': b'-- Up-to-date: /home/jmj/pro_asp_ws/ws_px4_controls/install/px4_msgs/include/px4_msgs/px4_msgs/msg/detail/collision_constraints__rosidl_typesupport_fastrtps_cpp.hpp\n'}
[0.816357] (px4_msgs) StdoutLine: {'line': b'-- Up-to-date: /home/jmj/pro_asp_ws/ws_px4_controls/install/px4_msgs/include/px4_msgs/px4_msgs/msg/detail/gpio_request__rosidl_typesupport_fastrtps_cpp.hpp\n'}
[0.816402] (px4_msgs) StdoutLine: {'line': b'-- Up-to-date: /home/jmj/pro_asp_ws/ws_px4_controls/install/px4_msgs/include/px4_msgs/px4_msgs/msg/detail/mag_worker_data__rosidl_typesupport_fastrtps_cpp.hpp\n'}
[0.816425] (px4_msgs) StdoutLine: {'line': b'-- Up-to-date: /home/jmj/pro_asp_ws/ws_px4_controls/install/px4_msgs/include/px4_msgs/px4_msgs/msg/detail/vehicle_land_detected__rosidl_typesupport_fastrtps_cpp.hpp\n'}
[0.816458] (px4_msgs) StdoutLine: {'line': b'-- Up-to-date: /home/jmj/pro_asp_ws/ws_px4_controls/install/px4_msgs/include/px4_msgs/px4_msgs/msg/detail/yaw_estimator_status__rosidl_typesupport_fastrtps_cpp.hpp\n'}
[0.816479] (px4_msgs) StdoutLine: {'line': b'-- Up-to-date: /home/jmj/pro_asp_ws/ws_px4_controls/install/px4_msgs/include/px4_msgs/px4_msgs/msg/detail/logger_status__rosidl_typesupport_fastrtps_cpp.hpp\n'}
[0.816501] (px4_msgs) StdoutLine: {'line': b'-- Up-to-date: /home/jmj/pro_asp_ws/ws_px4_controls/install/px4_msgs/include/px4_msgs/px4_msgs/msg/detail/tune_control__rosidl_typesupport_fastrtps_cpp.hpp\n'}
[0.816523] (px4_msgs) StdoutLine: {'line': b'-- Up-to-date: /home/jmj/pro_asp_ws/ws_px4_controls/install/px4_msgs/include/px4_msgs/px4_msgs/msg/detail/open_drone_id_arm_status__rosidl_typesupport_fastrtps_cpp.hpp\n'}
[0.816544] (px4_msgs) StdoutLine: {'line': b'-- Up-to-date: /home/jmj/pro_asp_ws/ws_px4_controls/install/px4_msgs/include/px4_msgs/px4_msgs/msg/detail/rate_ctrl_status__rosidl_typesupport_fastrtps_cpp.hpp\n'}
[0.816565] (px4_msgs) StdoutLine: {'line': b'-- Up-to-date: /home/jmj/pro_asp_ws/ws_px4_controls/install/px4_msgs/include/px4_msgs/px4_msgs/msg/detail/rover_rate_status__rosidl_typesupport_fastrtps_cpp.hpp\n'}
[0.816586] (px4_msgs) StdoutLine: {'line': b'-- Up-to-date: /home/jmj/pro_asp_ws/ws_px4_controls/install/px4_msgs/include/px4_msgs/px4_msgs/msg/detail/internal_combustion_engine_status__rosidl_typesupport_fastrtps_cpp.hpp\n'}
[0.816608] (px4_msgs) StdoutLine: {'line': b'-- Up-to-date: /home/jmj/pro_asp_ws/ws_px4_controls/install/px4_msgs/include/px4_msgs/px4_msgs/msg/detail/rover_throttle_setpoint__rosidl_typesupport_fastrtps_cpp.hpp\n'}
[0.816637] (px4_msgs) StdoutLine: {'line': b'-- Up-to-date: /home/jmj/pro_asp_ws/ws_px4_controls/install/px4_msgs/include/px4_msgs/px4_msgs/msg/detail/estimator_sensor_bias__rosidl_typesupport_fastrtps_cpp.hpp\n'}
[0.816662] (px4_msgs) StdoutLine: {'line': b'-- Up-to-date: /home/jmj/pro_asp_ws/ws_px4_controls/install/px4_msgs/include/px4_msgs/px4_msgs/msg/detail/estimator_aid_source3d__rosidl_typesupport_fastrtps_cpp.hpp\n'}
[0.816686] (px4_msgs) StdoutLine: {'line': b'-- Up-to-date: /home/jmj/pro_asp_ws/ws_px4_controls/install/px4_msgs/include/px4_msgs/px4_msgs/msg/detail/health_report__rosidl_typesupport_fastrtps_cpp.hpp\n'}
[0.816710] (px4_msgs) StdoutLine: {'line': b'-- Up-to-date: /home/jmj/pro_asp_ws/ws_px4_controls/install/px4_msgs/include/px4_msgs/px4_msgs/msg/detail/position_controller_landing_status__rosidl_typesupport_fastrtps_cpp.hpp\n'}
[0.816734] (px4_msgs) StdoutLine: {'line': b'-- Up-to-date: /home/jmj/pro_asp_ws/ws_px4_controls/install/px4_msgs/include/px4_msgs/px4_msgs/msg/detail/open_drone_id_self_id__rosidl_typesupport_fastrtps_cpp.hpp\n'}
[0.816772] (px4_msgs) StdoutLine: {'line': b'-- Up-to-date: /home/jmj/pro_asp_ws/ws_px4_controls/install/px4_msgs/include/px4_msgs/px4_msgs/msg/detail/heater_status__rosidl_typesupport_fastrtps_cpp.hpp\n'}
[0.816809] (px4_msgs) StdoutLine: {'line': b'-- Up-to-date: /home/jmj/pro_asp_ws/ws_px4_controls/install/px4_msgs/include/px4_msgs/px4_msgs/msg/detail/iridiumsbd_status__rosidl_typesupport_fastrtps_cpp.hpp\n'}
[0.816841] (px4_msgs) StdoutLine: {'line': b'-- Up-to-date: /home/jmj/pro_asp_ws/ws_px4_controls/install/px4_msgs/include/px4_msgs/px4_msgs/msg/detail/pwm_input__rosidl_typesupport_fastrtps_cpp.hpp\n'}
[0.816879] (px4_msgs) StdoutLine: {'line': b'-- Up-to-date: /home/jmj/pro_asp_ws/ws_px4_controls/install/px4_msgs/include/px4_msgs/px4_msgs/msg/detail/wind__rosidl_typesupport_fastrtps_cpp.hpp\n'}
[0.816904] (px4_msgs) StdoutLine: {'line': b'-- Up-to-date: /home/jmj/pro_asp_ws/ws_px4_controls/install/px4_msgs/include/px4_msgs/px4_msgs/msg/detail/trajectory_setpoint__rosidl_typesupport_fastrtps_cpp.hpp\n'}
[0.816929] (px4_msgs) StdoutLine: {'line': b'-- Up-to-date: /home/jmj/pro_asp_ws/ws_px4_controls/install/px4_msgs/include/px4_msgs/px4_msgs/msg/detail/ekf2_timestamps__rosidl_typesupport_fastrtps_cpp.hpp\n'}
[0.816957] (px4_msgs) StdoutLine: {'line': b'-- Up-to-date: /home/jmj/pro_asp_ws/ws_px4_controls/install/px4_msgs/include/px4_msgs/px4_msgs/msg/detail/differential_pressure__rosidl_typesupport_fastrtps_cpp.hpp\n'}
[0.816982] (px4_msgs) StdoutLine: {'line': b'-- Up-to-date: /home/jmj/pro_asp_ws/ws_px4_controls/install/px4_msgs/include/px4_msgs/px4_msgs/msg/detail/rover_position_setpoint__rosidl_typesupport_fastrtps_cpp.hpp\n'}
[0.817006] (px4_msgs) StdoutLine: {'line': b'-- Up-to-date: /home/jmj/pro_asp_ws/ws_px4_controls/install/px4_msgs/include/px4_msgs/px4_msgs/msg/detail/estimator_states__rosidl_typesupport_fastrtps_cpp.hpp\n'}
[0.817046] (px4_msgs) StdoutLine: {'line': b'-- Up-to-date: /home/jmj/pro_asp_ws/ws_px4_controls/install/px4_msgs/include/px4_msgs/px4_msgs/msg/detail/actuator_servos_trim__rosidl_typesupport_fastrtps_cpp.hpp\n'}
[0.817073] (px4_msgs) StdoutLine: {'line': b'-- Up-to-date: /home/jmj/pro_asp_ws/ws_px4_controls/install/px4_msgs/include/px4_msgs/px4_msgs/msg/detail/vehicle_magnetometer__rosidl_typesupport_fastrtps_cpp.hpp\n'}
[0.817095] (px4_msgs) StdoutLine: {'line': b'-- Up-to-date: /home/jmj/pro_asp_ws/ws_px4_controls/install/px4_msgs/include/px4_msgs/px4_msgs/msg/detail/register_ext_component_reply__rosidl_typesupport_fastrtps_cpp.hpp\n'}
[0.817117] (px4_msgs) StdoutLine: {'line': b'-- Up-to-date: /home/jmj/pro_asp_ws/ws_px4_controls/install/px4_msgs/include/px4_msgs/px4_msgs/msg/detail/mavlink_log__rosidl_typesupport_fastrtps_cpp.hpp\n'}
[0.817138] (px4_msgs) StdoutLine: {'line': b'-- Up-to-date: /home/jmj/pro_asp_ws/ws_px4_controls/install/px4_msgs/include/px4_msgs/px4_msgs/msg/detail/estimator_aid_source1d__rosidl_typesupport_fastrtps_cpp.hpp\n'}
[0.817160] (px4_msgs) StdoutLine: {'line': b'-- Up-to-date: /home/jmj/pro_asp_ws/ws_px4_controls/install/px4_msgs/include/px4_msgs/px4_msgs/msg/detail/arming_check_reply__rosidl_typesupport_fastrtps_cpp.hpp\n'}
[0.817183] (px4_msgs) StdoutLine: {'line': b'-- Up-to-date: /home/jmj/pro_asp_ws/ws_px4_controls/install/px4_msgs/include/px4_msgs/px4_msgs/msg/detail/fixed_wing_lateral_guidance_status__rosidl_typesupport_fastrtps_cpp.hpp\n'}
[0.817205] (px4_msgs) StdoutLine: {'line': b'-- Up-to-date: /home/jmj/pro_asp_ws/ws_px4_controls/install/px4_msgs/include/px4_msgs/px4_msgs/msg/detail/sensor_selection__rosidl_typesupport_fastrtps_cpp.hpp\n'}
[0.817226] (px4_msgs) StdoutLine: {'line': b'-- Up-to-date: /home/jmj/pro_asp_ws/ws_px4_controls/install/px4_msgs/include/px4_msgs/px4_msgs/msg/detail/vehicle_roi__rosidl_typesupport_fastrtps_cpp.hpp\n'}
[0.817247] (px4_msgs) StdoutLine: {'line': b'-- Up-to-date: /home/jmj/pro_asp_ws/ws_px4_controls/install/px4_msgs/include/px4_msgs/px4_msgs/msg/detail/rover_velocity_status__rosidl_typesupport_fastrtps_cpp.hpp\n'}
[0.817268] (px4_msgs) StdoutLine: {'line': b'-- Up-to-date: /home/jmj/pro_asp_ws/ws_px4_controls/install/px4_msgs/include/px4_msgs/px4_msgs/msg/detail/follow_target_estimator__rosidl_typesupport_fastrtps_cpp.hpp\n'}
[0.817290] (px4_msgs) StdoutLine: {'line': b'-- Up-to-date: /home/jmj/pro_asp_ws/ws_px4_controls/install/px4_msgs/include/px4_msgs/px4_msgs/msg/detail/vehicle_optical_flow__rosidl_typesupport_fastrtps_cpp.hpp\n'}
[0.817312] (px4_msgs) StdoutLine: {'line': b'-- Up-to-date: /home/jmj/pro_asp_ws/ws_px4_controls/install/px4_msgs/include/px4_msgs/px4_msgs/msg/detail/position_setpoint__rosidl_typesupport_fastrtps_cpp.hpp\n'}
[0.817336] (px4_msgs) StdoutLine: {'line': b'-- Up-to-date: /home/jmj/pro_asp_ws/ws_px4_controls/install/px4_msgs/include/px4_msgs/px4_msgs/msg/detail/ulog_stream_ack__rosidl_typesupport_fastrtps_cpp.hpp\n'}
[0.817359] (px4_msgs) StdoutLine: {'line': b'-- Up-to-date: /home/jmj/pro_asp_ws/ws_px4_controls/install/px4_msgs/include/px4_msgs/px4_msgs/msg/detail/parameter_set_used_request__rosidl_typesupport_fastrtps_cpp.hpp\n'}
[0.817383] (px4_msgs) StdoutLine: {'line': b'-- Up-to-date: /home/jmj/pro_asp_ws/ws_px4_controls/install/px4_msgs/include/px4_msgs/px4_msgs/msg/detail/goto_setpoint__rosidl_typesupport_fastrtps_cpp.hpp\n'}
[0.817407] (px4_msgs) StdoutLine: {'line': b'-- Up-to-date: /home/jmj/pro_asp_ws/ws_px4_controls/install/px4_msgs/include/px4_msgs/px4_msgs/msg/detail/follow_target__rosidl_typesupport_fastrtps_cpp.hpp\n'}
[0.817432] (px4_msgs) StdoutLine: {'line': b'-- Up-to-date: /home/jmj/pro_asp_ws/ws_px4_controls/install/px4_msgs/include/px4_msgs/px4_msgs/msg/detail/input_rc__rosidl_typesupport_fastrtps_cpp.hpp\n'}
[0.817456] (px4_msgs) StdoutLine: {'line': b'-- Up-to-date: /home/jmj/pro_asp_ws/ws_px4_controls/install/px4_msgs/include/px4_msgs/px4_msgs/msg/detail/gimbal_manager_status__rosidl_typesupport_fastrtps_cpp.hpp\n'}
[0.817482] (px4_msgs) StdoutLine: {'line': b'-- Up-to-date: /home/jmj/pro_asp_ws/ws_px4_controls/install/px4_msgs/include/px4_msgs/px4_msgs/msg/detail/camera_status__rosidl_typesupport_fastrtps_cpp.hpp\n'}
[0.817507] (px4_msgs) StdoutLine: {'line': b'-- Up-to-date: /home/jmj/pro_asp_ws/ws_px4_controls/install/px4_msgs/include/px4_msgs/px4_msgs/msg/detail/airspeed__rosidl_typesupport_fastrtps_cpp.hpp\n'}
[0.817532] (px4_msgs) StdoutLine: {'line': b'-- Up-to-date: /home/jmj/pro_asp_ws/ws_px4_controls/install/px4_msgs/include/px4_msgs/px4_msgs/msg/detail/figure_eight_status__rosidl_typesupport_fastrtps_cpp.hpp\n'}
[0.817555] (px4_msgs) StdoutLine: {'line': b'-- Up-to-date: /home/jmj/pro_asp_ws/ws_px4_controls/install/px4_msgs/include/px4_msgs/px4_msgs/msg/detail/radio_status__rosidl_typesupport_fastrtps_cpp.hpp\n'}
[0.817579] (px4_msgs) StdoutLine: {'line': b'-- Up-to-date: /home/jmj/pro_asp_ws/ws_px4_controls/install/px4_msgs/include/px4_msgs/px4_msgs/msg/detail/sensor_airflow__rosidl_typesupport_fastrtps_cpp.hpp\n'}
[0.817620] (px4_msgs) StdoutLine: {'line': b'-- Up-to-date: /home/jmj/pro_asp_ws/ws_px4_controls/install/px4_msgs/include/px4_msgs/px4_msgs/msg/detail/follow_target_status__rosidl_typesupport_fastrtps_cpp.hpp\n'}
[0.817647] (px4_msgs) StdoutLine: {'line': b'-- Up-to-date: /home/jmj/pro_asp_ws/ws_px4_controls/install/px4_msgs/include/px4_msgs/px4_msgs/msg/detail/gpio_out__rosidl_typesupport_fastrtps_cpp.hpp\n'}
[0.817672] (px4_msgs) StdoutLine: {'line': b'-- Up-to-date: /home/jmj/pro_asp_ws/ws_px4_controls/install/px4_msgs/include/px4_msgs/px4_msgs/msg/detail/vehicle_angular_velocity__rosidl_typesupport_fastrtps_cpp.hpp\n'}
[0.817709] (px4_msgs) StdoutLine: {'line': b'-- Up-to-date: /home/jmj/pro_asp_ws/ws_px4_controls/install/px4_msgs/include/px4_msgs/px4_msgs/msg/detail/ping__rosidl_typesupport_fastrtps_cpp.hpp\n'}
[0.817739] (px4_msgs) StdoutLine: {'line': b'-- Up-to-date: /home/jmj/pro_asp_ws/ws_px4_controls/install/px4_msgs/include/px4_msgs/px4_msgs/msg/detail/gimbal_manager_set_manual_control__rosidl_typesupport_fastrtps_cpp.hpp\n'}
[0.817778] (px4_msgs) StdoutLine: {'line': b'-- Up-to-date: /home/jmj/pro_asp_ws/ws_px4_controls/install/px4_msgs/include/px4_msgs/px4_msgs/msg/detail/orb_test_medium__rosidl_typesupport_fastrtps_cpp.hpp\n'}
[0.817809] (px4_msgs) StdoutLine: {'line': b'-- Up-to-date: /home/jmj/pro_asp_ws/ws_px4_controls/install/px4_msgs/include/px4_msgs/px4_msgs/msg/detail/sensor_gyro_fft__rosidl_typesupport_fastrtps_cpp.hpp\n'}
[0.817836] (px4_msgs) StdoutLine: {'line': b'-- Up-to-date: /home/jmj/pro_asp_ws/ws_px4_controls/install/px4_msgs/include/px4_msgs/px4_msgs/msg/detail/open_drone_id_operator_id__rosidl_typesupport_fastrtps_cpp.hpp\n'}
[0.817857] (px4_msgs) StdoutLine: {'line': b'-- Up-to-date: /home/jmj/pro_asp_ws/ws_px4_controls/install/px4_msgs/include/px4_msgs/px4_msgs/msg/detail/sensors_status_imu__rosidl_typesupport_fastrtps_cpp.hpp\n'}
[0.817889] (px4_msgs) StdoutLine: {'line': b'-- Up-to-date: /home/jmj/pro_asp_ws/ws_px4_controls/install/px4_msgs/include/px4_msgs/px4_msgs/msg/detail/gps_dump__rosidl_typesupport_fastrtps_cpp.hpp\n'}
[0.817911] (px4_msgs) StdoutLine: {'line': b'-- Up-to-date: /home/jmj/pro_asp_ws/ws_px4_controls/install/px4_msgs/include/px4_msgs/px4_msgs/msg/detail/led_control__rosidl_typesupport_fastrtps_cpp.hpp\n'}
[0.817933] (px4_msgs) StdoutLine: {'line': b'-- Up-to-date: /home/jmj/pro_asp_ws/ws_px4_controls/install/px4_msgs/include/px4_msgs/px4_msgs/msg/detail/sensor_accel__rosidl_typesupport_fastrtps_cpp.hpp\n'}
[0.817954] (px4_msgs) StdoutLine: {'line': b'-- Up-to-date: /home/jmj/pro_asp_ws/ws_px4_controls/install/px4_msgs/include/px4_msgs/px4_msgs/msg/detail/normalized_unsigned_setpoint__rosidl_typesupport_fastrtps_cpp.hpp\n'}
[0.817975] (px4_msgs) StdoutLine: {'line': b'-- Up-to-date: /home/jmj/pro_asp_ws/ws_px4_controls/install/px4_msgs/include/px4_msgs/px4_msgs/msg/detail/actuator_servos__rosidl_typesupport_fastrtps_cpp.hpp\n'}
[0.817996] (px4_msgs) StdoutLine: {'line': b'-- Up-to-date: /home/jmj/pro_asp_ws/ws_px4_controls/install/px4_msgs/include/px4_msgs/px4_msgs/msg/detail/arming_check_request__rosidl_typesupport_fastrtps_cpp.hpp\n'}
[0.818019] (px4_msgs) StdoutLine: {'line': b'-- Up-to-date: /home/jmj/pro_asp_ws/ws_px4_controls/install/px4_msgs/include/px4_msgs/px4_msgs/msg/detail/lateral_control_configuration__rosidl_typesupport_fastrtps_cpp.hpp\n'}
[0.818041] (px4_msgs) StdoutLine: {'line': b'-- Up-to-date: /home/jmj/pro_asp_ws/ws_px4_controls/install/px4_msgs/include/px4_msgs/px4_msgs/msg/detail/rtl_time_estimate__rosidl_typesupport_fastrtps_cpp.hpp\n'}
[0.818063] (px4_msgs) StdoutLine: {'line': b'-- Up-to-date: /home/jmj/pro_asp_ws/ws_px4_controls/install/px4_msgs/include/px4_msgs/px4_msgs/msg/detail/generator_status__rosidl_typesupport_fastrtps_cpp.hpp\n'}
[0.818086] (px4_msgs) StdoutLine: {'line': b'-- Up-to-date: /home/jmj/pro_asp_ws/ws_px4_controls/install/px4_msgs/include/px4_msgs/px4_msgs/msg/detail/estimator_gps_status__rosidl_typesupport_fastrtps_cpp.hpp\n'}
[0.818108] (px4_msgs) StdoutLine: {'line': b'-- Up-to-date: /home/jmj/pro_asp_ws/ws_px4_controls/install/px4_msgs/include/px4_msgs/px4_msgs/msg/detail/gps_inject_data__rosidl_typesupport_fastrtps_cpp.hpp\n'}
[0.818130] (px4_msgs) StdoutLine: {'line': b'-- Up-to-date: /home/jmj/pro_asp_ws/ws_px4_controls/install/px4_msgs/include/px4_msgs/px4_msgs/msg/detail/sensor_mag__rosidl_typesupport_fastrtps_cpp.hpp\n'}
[0.818155] (px4_msgs) StdoutLine: {'line': b'-- Up-to-date: /home/jmj/pro_asp_ws/ws_px4_controls/install/px4_msgs/include/px4_msgs/px4_msgs/msg/detail/gimbal_device_information__rosidl_typesupport_fastrtps_cpp.hpp\n'}
[0.818178] (px4_msgs) StdoutLine: {'line': b'-- Up-to-date: /home/jmj/pro_asp_ws/ws_px4_controls/install/px4_msgs/include/px4_msgs/px4_msgs/msg/detail/velocity_limits__rosidl_typesupport_fastrtps_cpp.hpp\n'}
[0.818201] (px4_msgs) StdoutLine: {'line': b'-- Up-to-date: /home/jmj/pro_asp_ws/ws_px4_controls/install/px4_msgs/include/px4_msgs/px4_msgs/msg/detail/vehicle_global_position__rosidl_typesupport_fastrtps_cpp.hpp\n'}
[0.818235] (px4_msgs) StdoutLine: {'line': b'-- Up-to-date: /home/jmj/pro_asp_ws/ws_px4_controls/install/px4_msgs/include/px4_msgs/px4_msgs/msg/detail/vehicle_constraints__rosidl_typesupport_fastrtps_cpp.hpp\n'}
[0.818258] (px4_msgs) StdoutLine: {'line': b'-- Up-to-date: /home/jmj/pro_asp_ws/ws_px4_controls/install/px4_msgs/include/px4_msgs/px4_msgs/msg/detail/mode_completed__rosidl_typesupport_fastrtps_cpp.hpp\n'}
[0.818279] (px4_msgs) StdoutLine: {'line': b'-- Up-to-date: /home/jmj/pro_asp_ws/ws_px4_controls/install/px4_msgs/include/px4_msgs/px4_msgs/msg/detail/sensor_uwb__rosidl_typesupport_fastrtps_cpp.hpp\n'}
[0.818301] (px4_msgs) StdoutLine: {'line': b'-- Up-to-date: /home/jmj/pro_asp_ws/ws_px4_controls/install/px4_msgs/include/px4_msgs/px4_msgs/msg/detail/home_position__rosidl_typesupport_fastrtps_cpp.hpp\n'}
[0.818335] (px4_msgs) StdoutLine: {'line': b'-- Up-to-date: /home/jmj/pro_asp_ws/ws_px4_controls/install/px4_msgs/include/px4_msgs/px4_msgs/msg/detail/position_setpoint_triplet__rosidl_typesupport_fastrtps_cpp.hpp\n'}
[0.818357] (px4_msgs) StdoutLine: {'line': b'-- Up-to-date: /home/jmj/pro_asp_ws/ws_px4_controls/install/px4_msgs/include/px4_msgs/px4_msgs/msg/detail/offboard_control_mode__rosidl_typesupport_fastrtps_cpp.hpp\n'}
[0.818379] (px4_msgs) StdoutLine: {'line': b'-- Up-to-date: /home/jmj/pro_asp_ws/ws_px4_controls/install/px4_msgs/include/px4_msgs/px4_msgs/msg/detail/message_format_request__rosidl_typesupport_fastrtps_cpp.hpp\n'}
[0.818401] (px4_msgs) StdoutLine: {'line': b'-- Up-to-date: /home/jmj/pro_asp_ws/ws_px4_controls/install/px4_msgs/include/px4_msgs/px4_msgs/msg/detail/longitudinal_control_configuration__rosidl_typesupport_fastrtps_cpp.hpp\n'}
[0.818424] (px4_msgs) StdoutLine: {'line': b'-- Up-to-date: /home/jmj/pro_asp_ws/ws_px4_controls/install/px4_msgs/include/px4_msgs/px4_msgs/msg/detail/rpm__rosidl_typesupport_fastrtps_cpp.hpp\n'}
[0.818458] (px4_msgs) StdoutLine: {'line': b'-- Up-to-date: /home/jmj/pro_asp_ws/ws_px4_controls/install/px4_msgs/include/px4_msgs/px4_msgs/msg/detail/magnetometer_bias_estimate__rosidl_typesupport_fastrtps_cpp.hpp\n'}
[0.818487] (px4_msgs) StdoutLine: {'line': b'-- Up-to-date: /home/jmj/pro_asp_ws/ws_px4_controls/install/px4_msgs/include/px4_msgs/px4_msgs/msg/detail/action_request__rosidl_typesupport_fastrtps_cpp.hpp\n'}
[0.818518] (px4_msgs) StdoutLine: {'line': b'-- Up-to-date: /home/jmj/pro_asp_ws/ws_px4_controls/install/px4_msgs/include/px4_msgs/px4_msgs/msg/detail/vehicle_imu_status__rosidl_typesupport_fastrtps_cpp.hpp\n'}
[0.818557] (px4_msgs) StdoutLine: {'line': b'-- Up-to-date: /home/jmj/pro_asp_ws/ws_px4_controls/install/px4_msgs/include/px4_msgs/px4_msgs/msg/detail/takeoff_status__rosidl_typesupport_fastrtps_cpp.hpp\n'}
[0.818587] (px4_msgs) StdoutLine: {'line': b'-- Up-to-date: /home/jmj/pro_asp_ws/ws_px4_controls/install/px4_msgs/include/px4_msgs/px4_msgs/msg/detail/trajectory_setpoint6dof__rosidl_typesupport_fastrtps_cpp.hpp\n'}
[0.818615] (px4_msgs) StdoutLine: {'line': b'-- Up-to-date: /home/jmj/pro_asp_ws/ws_px4_controls/install/px4_msgs/include/px4_msgs/px4_msgs/msg/detail/orb_test_large__rosidl_typesupport_fastrtps_cpp.hpp\n'}
[0.818640] (px4_msgs) StdoutLine: {'line': b'-- Up-to-date: /home/jmj/pro_asp_ws/ws_px4_controls/install/px4_msgs/include/px4_msgs/px4_msgs/msg/detail/rover_rate_setpoint__rosidl_typesupport_fastrtps_cpp.hpp\n'}
[0.818682] (px4_msgs) StdoutLine: {'line': b'-- Up-to-date: /home/jmj/pro_asp_ws/ws_px4_controls/install/px4_msgs/include/px4_msgs/px4_msgs/msg/detail/geofence_result__rosidl_typesupport_fastrtps_cpp.hpp\n'}
[0.818703] (px4_msgs) StdoutLine: {'line': b'-- Up-to-date: /home/jmj/pro_asp_ws/ws_px4_controls/install/px4_msgs/include/px4_msgs/px4_msgs/msg/detail/uavcan_parameter_value__rosidl_typesupport_fastrtps_cpp.hpp\n'}
[0.818725] (px4_msgs) StdoutLine: {'line': b'-- Up-to-date: /home/jmj/pro_asp_ws/ws_px4_controls/install/px4_msgs/include/px4_msgs/px4_msgs/msg/detail/gripper__rosidl_typesupport_fastrtps_cpp.hpp\n'}
[0.818749] (px4_msgs) StdoutLine: {'line': b'-- Up-to-date: /home/jmj/pro_asp_ws/ws_px4_controls/install/px4_msgs/include/px4_msgs/px4_msgs/msg/detail/debug_array__rosidl_typesupport_fastrtps_cpp.hpp\n'}
[0.818785] (px4_msgs) StdoutLine: {'line': b'-- Up-to-date: /home/jmj/pro_asp_ws/ws_px4_controls/install/px4_msgs/include/px4_msgs/px4_msgs/msg/detail/estimator_aid_source2d__rosidl_typesupport_fastrtps_cpp.hpp\n'}
[0.818807] (px4_msgs) StdoutLine: {'line': b'-- Up-to-date: /home/jmj/pro_asp_ws/ws_px4_controls/install/px4_msgs/include/px4_msgs/px4_msgs/msg/detail/button_event__rosidl_typesupport_fastrtps_cpp.hpp\n'}
[0.818829] (px4_msgs) StdoutLine: {'line': b'-- Up-to-date: /home/jmj/pro_asp_ws/ws_px4_controls/install/px4_msgs/include/px4_msgs/px4_msgs/msg/detail/register_ext_component_request__rosidl_typesupport_fastrtps_cpp.hpp\n'}
[0.818850] (px4_msgs) StdoutLine: {'line': b'-- Up-to-date: /home/jmj/pro_asp_ws/ws_px4_controls/install/px4_msgs/include/px4_msgs/px4_msgs/msg/detail/rtl_status__rosidl_typesupport_fastrtps_cpp.hpp\n'}
[0.818873] (px4_msgs) StdoutLine: {'line': b'-- Up-to-date: /home/jmj/pro_asp_ws/ws_px4_controls/install/px4_msgs/include/px4_msgs/px4_msgs/msg/detail/autotune_attitude_control_status__rosidl_typesupport_fastrtps_cpp.hpp\n'}
[0.818895] (px4_msgs) StdoutLine: {'line': b'-- Up-to-date: /home/jmj/pro_asp_ws/ws_px4_controls/install/px4_msgs/include/px4_msgs/px4_msgs/msg/detail/sensor_optical_flow__rosidl_typesupport_fastrtps_cpp.hpp\n'}
[0.818916] (px4_msgs) StdoutLine: {'line': b'-- Up-to-date: /home/jmj/pro_asp_ws/ws_px4_controls/install/px4_msgs/include/px4_msgs/px4_msgs/msg/detail/rover_steering_setpoint__rosidl_typesupport_fastrtps_cpp.hpp\n'}
[0.818937] (px4_msgs) StdoutLine: {'line': b'-- Up-to-date: /home/jmj/pro_asp_ws/ws_px4_controls/install/px4_msgs/include/px4_msgs/px4_msgs/msg/detail/parameter_update__rosidl_typesupport_fastrtps_cpp.hpp\n'}
[0.818958] (px4_msgs) StdoutLine: {'line': b'-- Up-to-date: /home/jmj/pro_asp_ws/ws_px4_controls/install/px4_msgs/include/px4_msgs/px4_msgs/msg/detail/adc_report__rosidl_typesupport_fastrtps_cpp.hpp\n'}
[0.818982] (px4_msgs) StdoutLine: {'line': b'-- Up-to-date: /home/jmj/pro_asp_ws/ws_px4_controls/install/px4_msgs/include/px4_msgs/px4_msgs/msg/detail/actuator_outputs__rosidl_typesupport_fastrtps_cpp.hpp\n'}
[0.819003] (px4_msgs) StdoutLine: {'line': b'-- Up-to-date: /home/jmj/pro_asp_ws/ws_px4_controls/install/px4_msgs/include/px4_msgs/px4_msgs/msg/detail/gimbal_device_set_attitude__rosidl_typesupport_fastrtps_cpp.hpp\n'}
[0.819024] (px4_msgs) StdoutLine: {'line': b'-- Up-to-date: /home/jmj/pro_asp_ws/ws_px4_controls/install/px4_msgs/include/px4_msgs/px4_msgs/msg/detail/airspeed_validated__rosidl_typesupport_fastrtps_cpp.hpp\n'}
[0.819045] (px4_msgs) StdoutLine: {'line': b'-- Up-to-date: /home/jmj/pro_asp_ws/ws_px4_controls/install/px4_msgs/include/px4_msgs/px4_msgs/msg/detail/task_stack_info__rosidl_typesupport_fastrtps_cpp.hpp\n'}
[0.819067] (px4_msgs) StdoutLine: {'line': b'-- Up-to-date: /home/jmj/pro_asp_ws/ws_px4_controls/install/px4_msgs/include/px4_msgs/px4_msgs/msg/detail/onboard_computer_status__rosidl_typesupport_fastrtps_cpp.hpp\n'}
[0.819089] (px4_msgs) StdoutLine: {'line': b'-- Up-to-date: /home/jmj/pro_asp_ws/ws_px4_controls/install/px4_msgs/include/px4_msgs/px4_msgs/msg/detail/vehicle_odometry__rosidl_typesupport_fastrtps_cpp.hpp\n'}
[0.819111] (px4_msgs) StdoutLine: {'line': b'-- Up-to-date: /home/jmj/pro_asp_ws/ws_px4_controls/install/px4_msgs/include/px4_msgs/px4_msgs/msg/detail/qshell_req__rosidl_typesupport_fastrtps_cpp.hpp\n'}
[0.819134] (px4_msgs) StdoutLine: {'line': b'-- Up-to-date: /home/jmj/pro_asp_ws/ws_px4_controls/install/px4_msgs/include/px4_msgs/px4_msgs/msg/detail/satellite_info__rosidl_typesupport_fastrtps_cpp.hpp\n'}
[0.819156] (px4_msgs) StdoutLine: {'line': b'-- Up-to-date: /home/jmj/pro_asp_ws/ws_px4_controls/install/px4_msgs/include/px4_msgs/px4_msgs/msg/detail/open_drone_id_system__rosidl_typesupport_fastrtps_cpp.hpp\n'}
[0.819177] (px4_msgs) StdoutLine: {'line': b'-- Up-to-date: /home/jmj/pro_asp_ws/ws_px4_controls/install/px4_msgs/include/px4_msgs/px4_msgs/msg/detail/orbit_status__rosidl_typesupport_fastrtps_cpp.hpp\n'}
[0.819201] (px4_msgs) StdoutLine: {'line': b'-- Up-to-date: /home/jmj/pro_asp_ws/ws_px4_controls/install/px4_msgs/include/px4_msgs/px4_msgs/msg/detail/camera_trigger__rosidl_typesupport_fastrtps_cpp.hpp\n'}
[0.819228] (px4_msgs) StdoutLine: {'line': b'-- Up-to-date: /home/jmj/pro_asp_ws/ws_px4_controls/install/px4_msgs/include/px4_msgs/px4_msgs/msg/detail/vehicle_local_position_setpoint__rosidl_typesupport_fastrtps_cpp.hpp\n'}
[0.819250] (px4_msgs) StdoutLine: {'line': b'-- Up-to-date: /home/jmj/pro_asp_ws/ws_px4_controls/install/px4_msgs/include/px4_msgs/px4_msgs/msg/detail/manual_control_switches__rosidl_typesupport_fastrtps_cpp.hpp\n'}
[0.819275] (px4_msgs) StdoutLine: {'line': b'-- Up-to-date: /home/jmj/pro_asp_ws/ws_px4_controls/install/px4_msgs/include/px4_msgs/px4_msgs/msg/detail/sensor_combined__rosidl_typesupport_fastrtps_cpp.hpp\n'}
[0.819298] (px4_msgs) StdoutLine: {'line': b'-- Up-to-date: /home/jmj/pro_asp_ws/ws_px4_controls/install/px4_msgs/include/px4_msgs/px4_msgs/msg/detail/dataman_request__rosidl_typesupport_fastrtps_cpp.hpp\n'}
[0.819323] (px4_msgs) StdoutLine: {'line': b'-- Up-to-date: /home/jmj/pro_asp_ws/ws_px4_controls/install/px4_msgs/include/px4_msgs/px4_msgs/msg/detail/estimator_selector_status__rosidl_typesupport_fastrtps_cpp.hpp\n'}
[0.819348] (px4_msgs) StdoutLine: {'line': b'-- Up-to-date: /home/jmj/pro_asp_ws/ws_px4_controls/install/px4_msgs/include/px4_msgs/px4_msgs/msg/detail/landing_gear__rosidl_typesupport_fastrtps_cpp.hpp\n'}
[0.819375] (px4_msgs) StdoutLine: {'line': b'-- Up-to-date: /home/jmj/pro_asp_ws/ws_px4_controls/install/px4_msgs/include/px4_msgs/px4_msgs/msg/detail/gimbal_manager_set_attitude__rosidl_typesupport_fastrtps_cpp.hpp\n'}
[0.819398] (px4_msgs) StdoutLine: {'line': b'-- Up-to-date: /home/jmj/pro_asp_ws/ws_px4_controls/install/px4_msgs/include/px4_msgs/px4_msgs/msg/detail/failure_detector_status__rosidl_typesupport_fastrtps_cpp.hpp\n'}
[0.819433] (px4_msgs) StdoutLine: {'line': b'-- Up-to-date: /home/jmj/pro_asp_ws/ws_px4_controls/install/px4_msgs/include/px4_msgs/px4_msgs/msg/detail/irlock_report__rosidl_typesupport_fastrtps_cpp.hpp\n'}
[0.819459] (px4_msgs) StdoutLine: {'line': b'-- Up-to-date: /home/jmj/pro_asp_ws/ws_px4_controls/install/px4_msgs/include/px4_msgs/px4_msgs/msg/detail/estimator_innovations__rosidl_typesupport_fastrtps_cpp.hpp\n'}
[0.819483] (px4_msgs) StdoutLine: {'line': b'-- Up-to-date: /home/jmj/pro_asp_ws/ws_px4_controls/install/px4_msgs/include/px4_msgs/px4_msgs/msg/detail/config_overrides__rosidl_typesupport_fastrtps_cpp.hpp\n'}
[0.819505] (px4_msgs) StdoutLine: {'line': b'-- Up-to-date: /home/jmj/pro_asp_ws/ws_px4_controls/install/px4_msgs/include/px4_msgs/px4_msgs/msg/detail/telemetry_status__rosidl_typesupport_fastrtps_cpp.hpp\n'}
[0.819531] (px4_msgs) StdoutLine: {'line': b'-- Up-to-date: /home/jmj/pro_asp_ws/ws_px4_controls/install/px4_msgs/include/px4_msgs/px4_msgs/msg/detail/vehicle_angular_acceleration_setpoint__rosidl_typesupport_fastrtps_cpp.hpp\n'}
[0.819558] (px4_msgs) StdoutLine: {'line': b'-- Up-to-date: /home/jmj/pro_asp_ws/ws_px4_controls/install/px4_msgs/include/px4_msgs/px4_msgs/msg/detail/fixed_wing_lateral_setpoint__rosidl_typesupport_fastrtps_cpp.hpp\n'}
[0.819593] (px4_msgs) StdoutLine: {'line': b'-- Up-to-date: /home/jmj/pro_asp_ws/ws_px4_controls/install/px4_msgs/include/px4_msgs/px4_msgs/msg/detail/vehicle_local_position__rosidl_typesupport_fastrtps_cpp.hpp\n'}
[0.819622] (px4_msgs) StdoutLine: {'line': b'-- Up-to-date: /home/jmj/pro_asp_ws/ws_px4_controls/install/px4_msgs/include/px4_msgs/px4_msgs/msg/detail/actuator_test__rosidl_typesupport_fastrtps_cpp.hpp\n'}
[0.819645] (px4_msgs) StdoutLine: {'line': b'-- Up-to-date: /home/jmj/pro_asp_ws/ws_px4_controls/install/px4_msgs/include/px4_msgs/px4_msgs/msg/detail/landing_target_pose__rosidl_typesupport_fastrtps_cpp.hpp\n'}
[0.819669] (px4_msgs) StdoutLine: {'line': b'-- Up-to-date: /home/jmj/pro_asp_ws/ws_px4_controls/install/px4_msgs/include/px4_msgs/px4_msgs/msg/detail/orb_test__rosidl_typesupport_fastrtps_cpp.hpp\n'}
[0.819692] (px4_msgs) StdoutLine: {'line': b'-- Up-to-date: /home/jmj/pro_asp_ws/ws_px4_controls/install/px4_msgs/include/px4_msgs/px4_msgs/msg/detail/event__rosidl_typesupport_fastrtps_cpp.hpp\n'}
[0.819716] (px4_msgs) StdoutLine: {'line': b'-- Up-to-date: /home/jmj/pro_asp_ws/ws_px4_controls/install/px4_msgs/include/px4_msgs/px4_msgs/msg/detail/vehicle_rates_setpoint__rosidl_typesupport_fastrtps_cpp.hpp\n'}
[0.819741] (px4_msgs) StdoutLine: {'line': b'-- Up-to-date: /home/jmj/pro_asp_ws/ws_px4_controls/install/px4_msgs/include/px4_msgs/px4_msgs/msg/detail/mission_result__rosidl_typesupport_fastrtps_cpp.hpp\n'}
[0.819773] (px4_msgs) StdoutLine: {'line': b'-- Up-to-date: /home/jmj/pro_asp_ws/ws_px4_controls/install/px4_msgs/include/px4_msgs/px4_msgs/msg/detail/gpio_in__rosidl_typesupport_fastrtps_cpp.hpp\n'}
[0.819802] (px4_msgs) StdoutLine: {'line': b'-- Up-to-date: /home/jmj/pro_asp_ws/ws_px4_controls/install/px4_msgs/include/px4_msgs/px4_msgs/msg/detail/obstacle_distance__rosidl_typesupport_fastrtps_cpp.hpp\n'}
[0.819831] (px4_msgs) StdoutLine: {'line': b'-- Up-to-date: /home/jmj/pro_asp_ws/ws_px4_controls/install/px4_msgs/include/px4_msgs/px4_msgs/msg/detail/unregister_ext_component__rosidl_typesupport_fastrtps_cpp.hpp\n'}
[0.819861] (px4_msgs) StdoutLine: {'line': b'-- Up-to-date: /home/jmj/pro_asp_ws/ws_px4_controls/install/px4_msgs/include/px4_msgs/px4_msgs/msg/detail/system_power__rosidl_typesupport_fastrtps_cpp.hpp\n'}
[0.819887] (px4_msgs) StdoutLine: {'line': b'-- Up-to-date: /home/jmj/pro_asp_ws/ws_px4_controls/install/px4_msgs/include/px4_msgs/px4_msgs/msg/detail/fixed_wing_lateral_status__rosidl_typesupport_fastrtps_cpp.hpp\n'}
[0.819958] (px4_msgs) StdoutLine: {'line': b'-- Up-to-date: /home/jmj/pro_asp_ws/ws_px4_controls/install/px4_msgs/include/px4_msgs/px4_msgs/msg/detail/sensor_gps__rosidl_typesupport_fastrtps_cpp.hpp\n'}
[0.819983] (px4_msgs) StdoutLine: {'line': b'-- Up-to-date: /home/jmj/pro_asp_ws/ws_px4_controls/install/px4_msgs/include/px4_msgs/px4_msgs/msg/detail/position_controller_status__rosidl_typesupport_fastrtps_cpp.hpp\n'}
[0.820008] (px4_msgs) StdoutLine: {'line': b'-- Up-to-date: /home/jmj/pro_asp_ws/ws_px4_controls/install/px4_msgs/include/px4_msgs/px4_msgs/msg/detail/vehicle_command_ack__rosidl_typesupport_fastrtps_cpp.hpp\n'}
[0.820032] (px4_msgs) StdoutLine: {'line': b'-- Up-to-date: /home/jmj/pro_asp_ws/ws_px4_controls/install/px4_msgs/include/px4_msgs/px4_msgs/msg/detail/gpio_config__rosidl_typesupport_fastrtps_cpp.hpp\n'}
[0.820057] (px4_msgs) StdoutLine: {'line': b'-- Up-to-date: /home/jmj/pro_asp_ws/ws_px4_controls/install/px4_msgs/include/px4_msgs/px4_msgs/msg/detail/estimator_status__rosidl_typesupport_fastrtps_cpp.hpp\n'}
[0.820081] (px4_msgs) StdoutLine: {'line': b'-- Up-to-date: /home/jmj/pro_asp_ws/ws_px4_controls/install/px4_msgs/include/px4_msgs/px4_msgs/msg/detail/geofence_status__rosidl_typesupport_fastrtps_cpp.hpp\n'}
[0.820125] (px4_msgs) StdoutLine: {'line': b'-- Up-to-date: /home/jmj/pro_asp_ws/ws_px4_controls/install/px4_msgs/include/px4_msgs/px4_msgs/msg/detail/can_interface_status__rosidl_typesupport_fastrtps_cpp.hpp\n'}
[0.820147] (px4_msgs) StdoutLine: {'line': b'-- Up-to-date: /home/jmj/pro_asp_ws/ws_px4_controls/install/px4_msgs/include/px4_msgs/px4_msgs/msg/detail/vehicle_attitude_setpoint__rosidl_typesupport_fastrtps_cpp.hpp\n'}
[0.820169] (px4_msgs) StdoutLine: {'line': b'-- Up-to-date: /home/jmj/pro_asp_ws/ws_px4_controls/install/px4_msgs/include/px4_msgs/px4_msgs/msg/detail/vehicle_control_mode__rosidl_typesupport_fastrtps_cpp.hpp\n'}
[0.820192] (px4_msgs) StdoutLine: {'line': b'-- Up-to-date: /home/jmj/pro_asp_ws/ws_px4_controls/install/px4_msgs/include/px4_msgs/px4_msgs/msg/detail/dataman_response__rosidl_typesupport_fastrtps_cpp.hpp\n'}
[0.820214] (px4_msgs) StdoutLine: {'line': b'-- Up-to-date: /home/jmj/pro_asp_ws/ws_px4_controls/install/px4_msgs/include/px4_msgs/px4_msgs/msg/detail/airspeed_wind__rosidl_typesupport_fastrtps_cpp.hpp\n'}
[0.820242] (px4_msgs) StdoutLine: {'line': b'-- Up-to-date: /home/jmj/pro_asp_ws/ws_px4_controls/install/px4_msgs/include/px4_msgs/px4_msgs/msg/detail/debug_key_value__rosidl_typesupport_fastrtps_cpp.hpp\n'}
[0.820274] (px4_msgs) StdoutLine: {'line': b'-- Up-to-date: /home/jmj/pro_asp_ws/ws_px4_controls/install/px4_msgs/include/px4_msgs/px4_msgs/msg/detail/rover_attitude_setpoint__rosidl_typesupport_fastrtps_cpp.hpp\n'}
[0.820309] (px4_msgs) StdoutLine: {'line': b'-- Up-to-date: /home/jmj/pro_asp_ws/ws_px4_controls/install/px4_msgs/include/px4_msgs/px4_msgs/msg/detail/navigator_status__rosidl_typesupport_fastrtps_cpp.hpp\n'}
[0.820363] (px4_msgs) StdoutLine: {'line': b'-- Up-to-date: /home/jmj/pro_asp_ws/ws_px4_controls/install/px4_msgs/include/px4_msgs/px4_msgs/msg/detail/gimbal_device_attitude_status__rosidl_typesupport_fastrtps_cpp.hpp\n'}
[0.820391] (px4_msgs) StdoutLine: {'line': b'-- Up-to-date: /home/jmj/pro_asp_ws/ws_px4_controls/install/px4_msgs/include/px4_msgs/px4_msgs/msg/detail/qshell_retval__rosidl_typesupport_fastrtps_cpp.hpp\n'}
[0.820417] (px4_msgs) StdoutLine: {'line': b'-- Up-to-date: /home/jmj/pro_asp_ws/ws_px4_controls/install/px4_msgs/include/px4_msgs/px4_msgs/msg/detail/uavcan_parameter_request__rosidl_typesupport_fastrtps_cpp.hpp\n'}
[0.820447] (px4_msgs) StdoutLine: {'line': b'-- Up-to-date: /home/jmj/pro_asp_ws/ws_px4_controls/install/px4_msgs/include/px4_msgs/px4_msgs/msg/detail/vehicle_acceleration__rosidl_typesupport_fastrtps_cpp.hpp\n'}
[0.820474] (px4_msgs) StdoutLine: {'line': b'-- Up-to-date: /home/jmj/pro_asp_ws/ws_px4_controls/install/px4_msgs/include/px4_msgs/px4_msgs/msg/detail/landing_target_innovations__rosidl_typesupport_fastrtps_cpp.hpp\n'}
[0.820497] (px4_msgs) StdoutLine: {'line': b'-- Up-to-date: /home/jmj/pro_asp_ws/ws_px4_controls/install/px4_msgs/include/px4_msgs/px4_msgs/msg/detail/distance_sensor_mode_change_request__rosidl_typesupport_fastrtps_cpp.hpp\n'}
[0.820522] (px4_msgs) StdoutLine: {'line': b'-- Up-to-date: /home/jmj/pro_asp_ws/ws_px4_controls/install/px4_msgs/include/px4_msgs/px4_msgs/msg/detail/transponder_report__rosidl_typesupport_fastrtps_cpp.hpp\n'}
[0.820544] (px4_msgs) StdoutLine: {'line': b'-- Up-to-date: /home/jmj/pro_asp_ws/ws_px4_controls/install/px4_msgs/include/px4_msgs/px4_msgs/msg/detail/tecs_status__rosidl_typesupport_fastrtps_cpp.hpp\n'}
[0.820566] (px4_msgs) StdoutLine: {'line': b'-- Up-to-date: /home/jmj/pro_asp_ws/ws_px4_controls/install/px4_msgs/include/px4_msgs/px4_msgs/msg/detail/fixed_wing_longitudinal_setpoint__rosidl_typesupport_fastrtps_cpp.hpp\n'}
[0.820589] (px4_msgs) StdoutLine: {'line': b'-- Up-to-date: /home/jmj/pro_asp_ws/ws_px4_controls/install/px4_msgs/include/px4_msgs/px4_msgs/msg/detail/pps_capture__rosidl_typesupport_fastrtps_cpp.hpp\n'}
[0.820611] (px4_msgs) StdoutLine: {'line': b'-- Up-to-date: /home/jmj/pro_asp_ws/ws_px4_controls/install/px4_msgs/include/px4_msgs/px4_msgs/msg/detail/parameter_set_value_request__rosidl_typesupport_fastrtps_cpp.hpp\n'}
[0.820644] (px4_msgs) StdoutLine: {'line': b'-- Up-to-date: /home/jmj/pro_asp_ws/ws_px4_controls/install/px4_msgs/include/px4_msgs/px4_msgs/msg/detail/failsafe_flags__rosidl_typesupport_fastrtps_cpp.hpp\n'}
[0.820667] (px4_msgs) StdoutLine: {'line': b'-- Up-to-date: /home/jmj/pro_asp_ws/ws_px4_controls/install/px4_msgs/include/px4_msgs/px4_msgs/msg/detail/mission__rosidl_typesupport_fastrtps_cpp.hpp\n'}
[0.820688] (px4_msgs) StdoutLine: {'line': b'-- Up-to-date: /home/jmj/pro_asp_ws/ws_px4_controls/install/px4_msgs/include/px4_msgs/px4_msgs/msg/detail/sensor_baro__rosidl_typesupport_fastrtps_cpp.hpp\n'}
[0.820714] (px4_msgs) StdoutLine: {'line': b'-- Up-to-date: /home/jmj/pro_asp_ws/ws_px4_controls/install/px4_msgs/include/px4_msgs/px4_msgs/msg/detail/actuator_armed__rosidl_typesupport_fastrtps_cpp.hpp\n'}
[0.820739] (px4_msgs) StdoutLine: {'line': b'-- Up-to-date: /home/jmj/pro_asp_ws/ws_px4_controls/install/px4_msgs/include/px4_msgs/px4_msgs/msg/detail/sensor_correction__rosidl_typesupport_fastrtps_cpp.hpp\n'}
[0.820764] (px4_msgs) StdoutLine: {'line': b'-- Up-to-date: /home/jmj/pro_asp_ws/ws_px4_controls/install/px4_msgs/include/px4_msgs/px4_msgs/msg/detail/rover_velocity_setpoint__rosidl_typesupport_fastrtps_cpp.hpp\n'}
[0.820788] (px4_msgs) StdoutLine: {'line': b'-- Up-to-date: /home/jmj/pro_asp_ws/ws_px4_controls/install/px4_msgs/include/px4_msgs/px4_msgs/msg/detail/sensor_gnss_relative__rosidl_typesupport_fastrtps_cpp.hpp\n'}
[0.820810] (px4_msgs) StdoutLine: {'line': b'-- Up-to-date: /home/jmj/pro_asp_ws/ws_px4_controls/install/px4_msgs/include/px4_msgs/px4_msgs/msg/detail/sensors_status__rosidl_typesupport_fastrtps_cpp.hpp\n'}
[0.820831] (px4_msgs) StdoutLine: {'line': b'-- Up-to-date: /home/jmj/pro_asp_ws/ws_px4_controls/install/px4_msgs/include/px4_msgs/px4_msgs/msg/detail/tiltrotor_extra_controls__rosidl_typesupport_fastrtps_cpp.hpp\n'}
[0.820860] (px4_msgs) StdoutLine: {'line': b'-- Up-to-date: /home/jmj/pro_asp_ws/ws_px4_controls/install/px4_msgs/include/px4_msgs/px4_msgs/msg/detail/sensor_hygrometer__rosidl_typesupport_fastrtps_cpp.hpp\n'}
[0.820884] (px4_msgs) StdoutLine: {'line': b'-- Up-to-date: /home/jmj/pro_asp_ws/ws_px4_controls/install/px4_msgs/include/px4_msgs/px4_msgs/msg/detail/vehicle_air_data__rosidl_typesupport_fastrtps_cpp.hpp\n'}
[0.820909] (px4_msgs) StdoutLine: {'line': b'-- Up-to-date: /home/jmj/pro_asp_ws/ws_px4_controls/install/px4_msgs/include/px4_msgs/px4_msgs/msg/detail/landing_gear_wheel__rosidl_typesupport_fastrtps_cpp.hpp\n'}
[0.820931] (px4_msgs) StdoutLine: {'line': b'-- Up-to-date: /home/jmj/pro_asp_ws/ws_px4_controls/install/px4_msgs/include/px4_msgs/px4_msgs/msg/detail/actuator_controls_status__rosidl_typesupport_fastrtps_cpp.hpp\n'}
[0.820956] (px4_msgs) StdoutLine: {'line': b'-- Up-to-date: /home/jmj/pro_asp_ws/ws_px4_controls/install/px4_msgs/include/px4_msgs/px4_msgs/msg/detail/navigator_mission_item__rosidl_typesupport_fastrtps_cpp.hpp\n'}
[0.820991] (px4_msgs) StdoutLine: {'line': b'-- Up-to-date: /home/jmj/pro_asp_ws/ws_px4_controls/install/px4_msgs/include/px4_msgs/px4_msgs/msg/detail/fixed_wing_runway_control__rosidl_typesupport_fastrtps_cpp.hpp\n'}
[0.821014] (px4_msgs) StdoutLine: {'line': b'-- Up-to-date: /home/jmj/pro_asp_ws/ws_px4_controls/install/px4_msgs/include/px4_msgs/px4_msgs/msg/detail/debug_value__rosidl_typesupport_fastrtps_cpp.hpp\n'}
[0.821036] (px4_msgs) StdoutLine: {'line': b'-- Up-to-date: /home/jmj/pro_asp_ws/ws_px4_controls/install/px4_msgs/include/px4_msgs/px4_msgs/msg/detail/estimator_event_flags__rosidl_typesupport_fastrtps_cpp.hpp\n'}
[0.821057] (px4_msgs) StdoutLine: {'line': b'-- Up-to-date: /home/jmj/pro_asp_ws/ws_px4_controls/install/px4_msgs/include/px4_msgs/px4_msgs/msg/detail/parameter_reset_request__rosidl_typesupport_fastrtps_cpp.hpp\n'}
[0.821078] (px4_msgs) StdoutLine: {'line': b'-- Up-to-date: /home/jmj/pro_asp_ws/ws_px4_controls/install/px4_msgs/include/px4_msgs/px4_msgs/msg/detail/px4io_status__rosidl_typesupport_fastrtps_cpp.hpp\n'}
[0.821101] (px4_msgs) StdoutLine: {'line': b'-- Up-to-date: /home/jmj/pro_asp_ws/ws_px4_controls/install/px4_msgs/include/px4_msgs/px4_msgs/msg/detail/manual_control_setpoint__rosidl_typesupport_fastrtps_cpp.hpp\n'}
[0.821122] (px4_msgs) StdoutLine: {'line': b'-- Up-to-date: /home/jmj/pro_asp_ws/ws_px4_controls/install/px4_msgs/include/px4_msgs/px4_msgs/msg/detail/sensor_gyro_fifo__rosidl_typesupport_fastrtps_cpp.hpp\n'}
[0.821143] (px4_msgs) StdoutLine: {'line': b'-- Up-to-date: /home/jmj/pro_asp_ws/ws_px4_controls/install/px4_msgs/include/px4_msgs/px4_msgs/msg/detail/gimbal_manager_information__rosidl_typesupport_fastrtps_cpp.hpp\n'}
[0.821171] (px4_msgs) StdoutLine: {'line': b'-- Up-to-date: /home/jmj/pro_asp_ws/ws_px4_controls/install/px4_msgs/include/px4_msgs/px4_msgs/msg/detail/ulog_stream__rosidl_typesupport_fastrtps_cpp.hpp\n'}
[0.821195] (px4_msgs) StdoutLine: {'line': b'-- Up-to-date: /home/jmj/pro_asp_ws/ws_px4_controls/install/px4_msgs/include/px4_msgs/px4_msgs/msg/detail/vehicle_command__rosidl_typesupport_fastrtps_cpp.hpp\n'}
[0.821220] (px4_msgs) StdoutLine: {'line': b'-- Up-to-date: /home/jmj/pro_asp_ws/ws_px4_controls/install/px4_msgs/include/px4_msgs/px4_msgs/msg/detail/battery_status__rosidl_typesupport_fastrtps_cpp.hpp\n'}
[0.821245] (px4_msgs) StdoutLine: {'line': b'-- Up-to-date: /home/jmj/pro_asp_ws/ws_px4_controls/install/px4_msgs/include/px4_msgs/px4_msgs/msg/detail/sensor_preflight_mag__rosidl_typesupport_fastrtps_cpp.hpp\n'}
[0.821269] (px4_msgs) StdoutLine: {'line': b'-- Up-to-date: /home/jmj/pro_asp_ws/ws_px4_controls/install/px4_msgs/include/px4_msgs/px4_msgs/msg/detail/timesync_status__rosidl_typesupport_fastrtps_cpp.hpp\n'}
[0.821294] (px4_msgs) StdoutLine: {'line': b'-- Up-to-date: /home/jmj/pro_asp_ws/ws_px4_controls/install/px4_msgs/include/px4_msgs/px4_msgs/msg/detail/estimator_status_flags__rosidl_typesupport_fastrtps_cpp.hpp\n'}
[0.821348] (px4_msgs) StdoutLine: {'line': b'-- Up-to-date: /home/jmj/pro_asp_ws/ws_px4_controls/install/px4_msgs/include/px4_msgs/px4_msgs/msg/rosidl_typesupport_fastrtps_cpp__visibility_control.h\n'}
[0.821384] (px4_msgs) StdoutLine: {'line': b'-- Up-to-date: /home/jmj/pro_asp_ws/ws_px4_controls/install/px4_msgs/lib/libpx4_msgs__rosidl_typesupport_fastrtps_cpp.so\n'}
[0.821415] (px4_msgs) StdoutLine: {'line': b'-- Up-to-date: /home/jmj/pro_asp_ws/ws_px4_controls/install/px4_msgs/include/px4_msgs/px4_msgs\n'}
[0.821441] (px4_msgs) StdoutLine: {'line': b'-- Up-to-date: /home/jmj/pro_asp_ws/ws_px4_controls/install/px4_msgs/include/px4_msgs/px4_msgs/srv\n'}
[0.821467] (px4_msgs) StdoutLine: {'line': b'-- Up-to-date: /home/jmj/pro_asp_ws/ws_px4_controls/install/px4_msgs/include/px4_msgs/px4_msgs/srv/detail\n'}
[0.821491] (px4_msgs) StdoutLine: {'line': b'-- Up-to-date: /home/jmj/pro_asp_ws/ws_px4_controls/install/px4_msgs/include/px4_msgs/px4_msgs/srv/detail/vehicle_command__rosidl_typesupport_introspection_c.h\n'}
[0.821514] (px4_msgs) StdoutLine: {'line': b'-- Up-to-date: /home/jmj/pro_asp_ws/ws_px4_controls/install/px4_msgs/include/px4_msgs/px4_msgs/srv/detail/vehicle_command__type_support.c\n'}
[0.821538] (px4_msgs) StdoutLine: {'line': b'-- Up-to-date: /home/jmj/pro_asp_ws/ws_px4_controls/install/px4_msgs/include/px4_msgs/px4_msgs/msg\n'}
[0.821581] (px4_msgs) StdoutLine: {'line': b'-- Up-to-date: /home/jmj/pro_asp_ws/ws_px4_controls/install/px4_msgs/include/px4_msgs/px4_msgs/msg/detail\n'}
[0.821604] (px4_msgs) StdoutLine: {'line': b'-- Up-to-date: /home/jmj/pro_asp_ws/ws_px4_controls/install/px4_msgs/include/px4_msgs/px4_msgs/msg/detail/sensor_gnss_relative__type_support.c\n'}
[0.821626] (px4_msgs) StdoutLine: {'line': b'-- Up-to-date: /home/jmj/pro_asp_ws/ws_px4_controls/install/px4_msgs/include/px4_msgs/px4_msgs/msg/detail/collision_constraints__rosidl_typesupport_introspection_c.h\n'}
[0.821657] (px4_msgs) StdoutLine: {'line': b'-- Up-to-date: /home/jmj/pro_asp_ws/ws_px4_controls/install/px4_msgs/include/px4_msgs/px4_msgs/msg/detail/parameter_update__type_support.c\n'}
[0.821688] (px4_msgs) StdoutLine: {'line': b'-- Up-to-date: /home/jmj/pro_asp_ws/ws_px4_controls/install/px4_msgs/include/px4_msgs/px4_msgs/msg/detail/input_rc__type_support.c\n'}
[0.821712] (px4_msgs) StdoutLine: {'line': b'-- Up-to-date: /home/jmj/pro_asp_ws/ws_px4_controls/install/px4_msgs/include/px4_msgs/px4_msgs/msg/detail/camera_capture__rosidl_typesupport_introspection_c.h\n'}
[0.821739] (px4_msgs) StdoutLine: {'line': b'-- Up-to-date: /home/jmj/pro_asp_ws/ws_px4_controls/install/px4_msgs/include/px4_msgs/px4_msgs/msg/detail/health_report__type_support.c\n'}
[0.821765] (px4_msgs) StdoutLine: {'line': b'-- Up-to-date: /home/jmj/pro_asp_ws/ws_px4_controls/install/px4_msgs/include/px4_msgs/px4_msgs/msg/detail/mount_orientation__rosidl_typesupport_introspection_c.h\n'}
[0.821790] (px4_msgs) StdoutLine: {'line': b'-- Up-to-date: /home/jmj/pro_asp_ws/ws_px4_controls/install/px4_msgs/include/px4_msgs/px4_msgs/msg/detail/estimator_bias__type_support.c\n'}
[0.821812] (px4_msgs) StdoutLine: {'line': b'-- Up-to-date: /home/jmj/pro_asp_ws/ws_px4_controls/install/px4_msgs/include/px4_msgs/px4_msgs/msg/detail/vehicle_optical_flow__rosidl_typesupport_introspection_c.h\n'}
[0.821837] (px4_msgs) StdoutLine: {'line': b'-- Up-to-date: /home/jmj/pro_asp_ws/ws_px4_controls/install/px4_msgs/include/px4_msgs/px4_msgs/msg/detail/vehicle_local_position__rosidl_typesupport_introspection_c.h\n'}
[0.821863] (px4_msgs) StdoutLine: {'line': b'-- Up-to-date: /home/jmj/pro_asp_ws/ws_px4_controls/install/px4_msgs/include/px4_msgs/px4_msgs/msg/detail/estimator_bias3d__type_support.c\n'}
[0.821889] (px4_msgs) StdoutLine: {'line': b'-- Up-to-date: /home/jmj/pro_asp_ws/ws_px4_controls/install/px4_msgs/include/px4_msgs/px4_msgs/msg/detail/estimator_states__rosidl_typesupport_introspection_c.h\n'}
[0.821926] (px4_msgs) StdoutLine: {'line': b'-- Up-to-date: /home/jmj/pro_asp_ws/ws_px4_controls/install/px4_msgs/include/px4_msgs/px4_msgs/msg/detail/position_controller_landing_status__rosidl_typesupport_introspection_c.h\n'}
[0.822076] (px4_msgs) StdoutLine: {'line': b'-- Up-to-date: /home/jmj/pro_asp_ws/ws_px4_controls/install/px4_msgs/include/px4_msgs/px4_msgs/msg/detail/vehicle_imu__rosidl_typesupport_introspection_c.h\n'}
[0.822126] (px4_msgs) StdoutLine: {'line': b'-- Up-to-date: /home/jmj/pro_asp_ws/ws_px4_controls/install/px4_msgs/include/px4_msgs/px4_msgs/msg/detail/landing_target_pose__rosidl_typesupport_introspection_c.h\n'}
[0.822157] (px4_msgs) StdoutLine: {'line': b'-- Up-to-date: /home/jmj/pro_asp_ws/ws_px4_controls/install/px4_msgs/include/px4_msgs/px4_msgs/msg/detail/parameter_update__rosidl_typesupport_introspection_c.h\n'}
[0.822182] (px4_msgs) StdoutLine: {'line': b'-- Up-to-date: /home/jmj/pro_asp_ws/ws_px4_controls/install/px4_msgs/include/px4_msgs/px4_msgs/msg/detail/gpio_out__rosidl_typesupport_introspection_c.h\n'}
[0.822210] (px4_msgs) StdoutLine: {'line': b'-- Up-to-date: /home/jmj/pro_asp_ws/ws_px4_controls/install/px4_msgs/include/px4_msgs/px4_msgs/msg/detail/takeoff_status__type_support.c\n'}
[0.822263] (px4_msgs) StdoutLine: {'line': b'-- Up-to-date: /home/jmj/pro_asp_ws/ws_px4_controls/install/px4_msgs/include/px4_msgs/px4_msgs/msg/detail/yaw_estimator_status__type_support.c\n'}
[0.822298] (px4_msgs) StdoutLine: {'line': b'-- Up-to-date: /home/jmj/pro_asp_ws/ws_px4_controls/install/px4_msgs/include/px4_msgs/px4_msgs/msg/detail/debug_vect__rosidl_typesupport_introspection_c.h\n'}
[0.822335] (px4_msgs) StdoutLine: {'line': b'-- Up-to-date: /home/jmj/pro_asp_ws/ws_px4_controls/install/px4_msgs/include/px4_msgs/px4_msgs/msg/detail/onboard_computer_status__rosidl_typesupport_introspection_c.h\n'}
[0.822368] (px4_msgs) StdoutLine: {'line': b'-- Up-to-date: /home/jmj/pro_asp_ws/ws_px4_controls/install/px4_msgs/include/px4_msgs/px4_msgs/msg/detail/sensor_preflight_mag__type_support.c\n'}
[0.822394] (px4_msgs) StdoutLine: {'line': b'-- Up-to-date: /home/jmj/pro_asp_ws/ws_px4_controls/install/px4_msgs/include/px4_msgs/px4_msgs/msg/detail/gimbal_manager_status__type_support.c\n'}
[0.822429] (px4_msgs) StdoutLine: {'line': b'-- Up-to-date: /home/jmj/pro_asp_ws/ws_px4_controls/install/px4_msgs/include/px4_msgs/px4_msgs/msg/detail/sensor_combined__rosidl_typesupport_introspection_c.h\n'}
[0.822459] (px4_msgs) StdoutLine: {'line': b'-- Up-to-date: /home/jmj/pro_asp_ws/ws_px4_controls/install/px4_msgs/include/px4_msgs/px4_msgs/msg/detail/gimbal_controls__rosidl_typesupport_introspection_c.h\n'}
[0.822483] (px4_msgs) StdoutLine: {'line': b'-- Up-to-date: /home/jmj/pro_asp_ws/ws_px4_controls/install/px4_msgs/include/px4_msgs/px4_msgs/msg/detail/log_message__rosidl_typesupport_introspection_c.h\n'}
[0.822508] (px4_msgs) StdoutLine: {'line': b'-- Up-to-date: /home/jmj/pro_asp_ws/ws_px4_controls/install/px4_msgs/include/px4_msgs/px4_msgs/msg/detail/vehicle_local_position_setpoint__rosidl_typesupport_introspection_c.h\n'}
[0.822550] (px4_msgs) StdoutLine: {'line': b'-- Up-to-date: /home/jmj/pro_asp_ws/ws_px4_controls/install/px4_msgs/include/px4_msgs/px4_msgs/msg/detail/fixed_wing_runway_control__rosidl_typesupport_introspection_c.h\n'}
[0.822575] (px4_msgs) StdoutLine: {'line': b'-- Up-to-date: /home/jmj/pro_asp_ws/ws_px4_controls/install/px4_msgs/include/px4_msgs/px4_msgs/msg/detail/event__type_support.c\n'}
[0.822599] (px4_msgs) StdoutLine: {'line': b'-- Up-to-date: /home/jmj/pro_asp_ws/ws_px4_controls/install/px4_msgs/include/px4_msgs/px4_msgs/msg/detail/estimator_status__rosidl_typesupport_introspection_c.h\n'}
[0.822623] (px4_msgs) StdoutLine: {'line': b'-- Up-to-date: /home/jmj/pro_asp_ws/ws_px4_controls/install/px4_msgs/include/px4_msgs/px4_msgs/msg/detail/mode_completed__rosidl_typesupport_introspection_c.h\n'}
[0.822659] (px4_msgs) StdoutLine: {'line': b'-- Up-to-date: /home/jmj/pro_asp_ws/ws_px4_controls/install/px4_msgs/include/px4_msgs/px4_msgs/msg/detail/actuator_armed__rosidl_typesupport_introspection_c.h\n'}
[0.822682] (px4_msgs) StdoutLine: {'line': b'-- Up-to-date: /home/jmj/pro_asp_ws/ws_px4_controls/install/px4_msgs/include/px4_msgs/px4_msgs/msg/detail/autotune_attitude_control_status__type_support.c\n'}
[0.822705] (px4_msgs) StdoutLine: {'line': b'-- Up-to-date: /home/jmj/pro_asp_ws/ws_px4_controls/install/px4_msgs/include/px4_msgs/px4_msgs/msg/detail/rover_attitude_setpoint__type_support.c\n'}
[0.822726] (px4_msgs) StdoutLine: {'line': b'-- Up-to-date: /home/jmj/pro_asp_ws/ws_px4_controls/install/px4_msgs/include/px4_msgs/px4_msgs/msg/detail/debug_vect__type_support.c\n'}
[0.822754] (px4_msgs) StdoutLine: {'line': b'-- Up-to-date: /home/jmj/pro_asp_ws/ws_px4_controls/install/px4_msgs/include/px4_msgs/px4_msgs/msg/detail/tune_control__type_support.c\n'}
[0.822788] (px4_msgs) StdoutLine: {'line': b'-- Up-to-date: /home/jmj/pro_asp_ws/ws_px4_controls/install/px4_msgs/include/px4_msgs/px4_msgs/msg/detail/uavcan_parameter_value__type_support.c\n'}
[0.822822] (px4_msgs) StdoutLine: {'line': b'-- Up-to-date: /home/jmj/pro_asp_ws/ws_px4_controls/install/px4_msgs/include/px4_msgs/px4_msgs/msg/detail/manual_control_setpoint__rosidl_typesupport_introspection_c.h\n'}
[0.822855] (px4_msgs) StdoutLine: {'line': b'-- Up-to-date: /home/jmj/pro_asp_ws/ws_px4_controls/install/px4_msgs/include/px4_msgs/px4_msgs/msg/detail/mount_orientation__type_support.c\n'}
[0.822890] (px4_msgs) StdoutLine: {'line': b'-- Up-to-date: /home/jmj/pro_asp_ws/ws_px4_controls/install/px4_msgs/include/px4_msgs/px4_msgs/msg/detail/actuator_motors__type_support.c\n'}
[0.822935] (px4_msgs) StdoutLine: {'line': b'-- Up-to-date: /home/jmj/pro_asp_ws/ws_px4_controls/install/px4_msgs/include/px4_msgs/px4_msgs/msg/detail/manual_control_switches__type_support.c\n'}
[0.822965] (px4_msgs) StdoutLine: {'line': b'-- Up-to-date: /home/jmj/pro_asp_ws/ws_px4_controls/install/px4_msgs/include/px4_msgs/px4_msgs/msg/detail/rover_rate_setpoint__rosidl_typesupport_introspection_c.h\n'}
[0.822986] (px4_msgs) StdoutLine: {'line': b'-- Up-to-date: /home/jmj/pro_asp_ws/ws_px4_controls/install/px4_msgs/include/px4_msgs/px4_msgs/msg/detail/message_format_request__rosidl_typesupport_introspection_c.h\n'}
[0.823011] (px4_msgs) StdoutLine: {'line': b'-- Up-to-date: /home/jmj/pro_asp_ws/ws_px4_controls/install/px4_msgs/include/px4_msgs/px4_msgs/msg/detail/gimbal_manager_information__rosidl_typesupport_introspection_c.h\n'}
[0.823049] (px4_msgs) StdoutLine: {'line': b'-- Up-to-date: /home/jmj/pro_asp_ws/ws_px4_controls/install/px4_msgs/include/px4_msgs/px4_msgs/msg/detail/ulog_stream__rosidl_typesupport_introspection_c.h\n'}
[0.823086] (px4_msgs) StdoutLine: {'line': b'-- Up-to-date: /home/jmj/pro_asp_ws/ws_px4_controls/install/px4_msgs/include/px4_msgs/px4_msgs/msg/detail/vehicle_global_position__rosidl_typesupport_introspection_c.h\n'}
[0.823118] (px4_msgs) StdoutLine: {'line': b'-- Up-to-date: /home/jmj/pro_asp_ws/ws_px4_controls/install/px4_msgs/include/px4_msgs/px4_msgs/msg/detail/vehicle_optical_flow_vel__type_support.c\n'}
[0.823155] (px4_msgs) StdoutLine: {'line': b'-- Up-to-date: /home/jmj/pro_asp_ws/ws_px4_controls/install/px4_msgs/include/px4_msgs/px4_msgs/msg/detail/gimbal_manager_set_attitude__type_support.c\n'}
[0.823183] (px4_msgs) StdoutLine: {'line': b'-- Up-to-date: /home/jmj/pro_asp_ws/ws_px4_controls/install/px4_msgs/include/px4_msgs/px4_msgs/msg/detail/estimator_event_flags__rosidl_typesupport_introspection_c.h\n'}
[0.823213] (px4_msgs) StdoutLine: {'line': b'-- Up-to-date: /home/jmj/pro_asp_ws/ws_px4_controls/install/px4_msgs/include/px4_msgs/px4_msgs/msg/detail/estimator_aid_source2d__type_support.c\n'}
[0.823275] (px4_msgs) StdoutLine: {'line': b'-- Up-to-date: /home/jmj/pro_asp_ws/ws_px4_controls/install/px4_msgs/include/px4_msgs/px4_msgs/msg/detail/flight_phase_estimation__type_support.c\n'}
[0.823304] (px4_msgs) StdoutLine: {'line': b'-- Up-to-date: /home/jmj/pro_asp_ws/ws_px4_controls/install/px4_msgs/include/px4_msgs/px4_msgs/msg/detail/system_power__rosidl_typesupport_introspection_c.h\n'}
[0.823328] (px4_msgs) StdoutLine: {'line': b'-- Up-to-date: /home/jmj/pro_asp_ws/ws_px4_controls/install/px4_msgs/include/px4_msgs/px4_msgs/msg/detail/follow_target_estimator__rosidl_typesupport_introspection_c.h\n'}
[0.823351] (px4_msgs) StdoutLine: {'line': b'-- Up-to-date: /home/jmj/pro_asp_ws/ws_px4_controls/install/px4_msgs/include/px4_msgs/px4_msgs/msg/detail/position_setpoint__type_support.c\n'}
[0.823376] (px4_msgs) StdoutLine: {'line': b'-- Up-to-date: /home/jmj/pro_asp_ws/ws_px4_controls/install/px4_msgs/include/px4_msgs/px4_msgs/msg/detail/dataman_response__rosidl_typesupport_introspection_c.h\n'}
[0.823402] (px4_msgs) StdoutLine: {'line': b'-- Up-to-date: /home/jmj/pro_asp_ws/ws_px4_controls/install/px4_msgs/include/px4_msgs/px4_msgs/msg/detail/sensor_gyro__type_support.c\n'}
[0.823424] (px4_msgs) StdoutLine: {'line': b'-- Up-to-date: /home/jmj/pro_asp_ws/ws_px4_controls/install/px4_msgs/include/px4_msgs/px4_msgs/msg/detail/hover_thrust_estimate__type_support.c\n'}
[0.823449] (px4_msgs) StdoutLine: {'line': b'-- Up-to-date: /home/jmj/pro_asp_ws/ws_px4_controls/install/px4_msgs/include/px4_msgs/px4_msgs/msg/detail/lateral_control_configuration__rosidl_typesupport_introspection_c.h\n'}
[0.823495] (px4_msgs) StdoutLine: {'line': b'-- Up-to-date: /home/jmj/pro_asp_ws/ws_px4_controls/install/px4_msgs/include/px4_msgs/px4_msgs/msg/detail/iridiumsbd_status__rosidl_typesupport_introspection_c.h\n'}
[0.823518] (px4_msgs) StdoutLine: {'line': b'-- Up-to-date: /home/jmj/pro_asp_ws/ws_px4_controls/install/px4_msgs/include/px4_msgs/px4_msgs/msg/detail/parameter_set_used_request__rosidl_typesupport_introspection_c.h\n'}
[0.823542] (px4_msgs) StdoutLine: {'line': b'-- Up-to-date: /home/jmj/pro_asp_ws/ws_px4_controls/install/px4_msgs/include/px4_msgs/px4_msgs/msg/detail/parameter_reset_request__type_support.c\n'}
[0.823572] (px4_msgs) StdoutLine: {'line': b'-- Up-to-date: /home/jmj/pro_asp_ws/ws_px4_controls/install/px4_msgs/include/px4_msgs/px4_msgs/msg/detail/open_drone_id_system__rosidl_typesupport_introspection_c.h\n'}
[0.823598] (px4_msgs) StdoutLine: {'line': b'-- Up-to-date: /home/jmj/pro_asp_ws/ws_px4_controls/install/px4_msgs/include/px4_msgs/px4_msgs/msg/detail/home_position__rosidl_typesupport_introspection_c.h\n'}
[0.823621] (px4_msgs) StdoutLine: {'line': b'-- Up-to-date: /home/jmj/pro_asp_ws/ws_px4_controls/install/px4_msgs/include/px4_msgs/px4_msgs/msg/detail/gimbal_manager_set_attitude__rosidl_typesupport_introspection_c.h\n'}
[0.823644] (px4_msgs) StdoutLine: {'line': b'-- Up-to-date: /home/jmj/pro_asp_ws/ws_px4_controls/install/px4_msgs/include/px4_msgs/px4_msgs/msg/detail/fixed_wing_lateral_setpoint__rosidl_typesupport_introspection_c.h\n'}
[0.823682] (px4_msgs) StdoutLine: {'line': b'-- Up-to-date: /home/jmj/pro_asp_ws/ws_px4_controls/install/px4_msgs/include/px4_msgs/px4_msgs/msg/detail/vehicle_status__rosidl_typesupport_introspection_c.h\n'}
[0.823704] (px4_msgs) StdoutLine: {'line': b'-- Up-to-date: /home/jmj/pro_asp_ws/ws_px4_controls/install/px4_msgs/include/px4_msgs/px4_msgs/msg/detail/radio_status__type_support.c\n'}
[0.823738] (px4_msgs) StdoutLine: {'line': b'-- Up-to-date: /home/jmj/pro_asp_ws/ws_px4_controls/install/px4_msgs/include/px4_msgs/px4_msgs/msg/detail/airspeed__type_support.c\n'}
[0.823780] (px4_msgs) StdoutLine: {'line': b'-- Up-to-date: /home/jmj/pro_asp_ws/ws_px4_controls/install/px4_msgs/include/px4_msgs/px4_msgs/msg/detail/heater_status__rosidl_typesupport_introspection_c.h\n'}
[0.823816] (px4_msgs) StdoutLine: {'line': b'-- Up-to-date: /home/jmj/pro_asp_ws/ws_px4_controls/install/px4_msgs/include/px4_msgs/px4_msgs/msg/detail/airspeed_validated__type_support.c\n'}
[0.823839] (px4_msgs) StdoutLine: {'line': b'-- Up-to-date: /home/jmj/pro_asp_ws/ws_px4_controls/install/px4_msgs/include/px4_msgs/px4_msgs/msg/detail/estimator_aid_source3d__type_support.c\n'}
[0.823861] (px4_msgs) StdoutLine: {'line': b'-- Up-to-date: /home/jmj/pro_asp_ws/ws_px4_controls/install/px4_msgs/include/px4_msgs/px4_msgs/msg/detail/vehicle_command__rosidl_typesupport_introspection_c.h\n'}
[0.823885] (px4_msgs) StdoutLine: {'line': b'-- Up-to-date: /home/jmj/pro_asp_ws/ws_px4_controls/install/px4_msgs/include/px4_msgs/px4_msgs/msg/detail/vtol_vehicle_status__type_support.c\n'}
[0.823920] (px4_msgs) StdoutLine: {'line': b'-- Up-to-date: /home/jmj/pro_asp_ws/ws_px4_controls/install/px4_msgs/include/px4_msgs/px4_msgs/msg/detail/vehicle_angular_acceleration_setpoint__type_support.c\n'}
[0.823942] (px4_msgs) StdoutLine: {'line': b'-- Up-to-date: /home/jmj/pro_asp_ws/ws_px4_controls/install/px4_msgs/include/px4_msgs/px4_msgs/msg/detail/goto_setpoint__rosidl_typesupport_introspection_c.h\n'}
[0.823966] (px4_msgs) StdoutLine: {'line': b'-- Up-to-date: /home/jmj/pro_asp_ws/ws_px4_controls/install/px4_msgs/include/px4_msgs/px4_msgs/msg/detail/rover_velocity_status__type_support.c\n'}
[0.823995] (px4_msgs) StdoutLine: {'line': b'-- Up-to-date: /home/jmj/pro_asp_ws/ws_px4_controls/install/px4_msgs/include/px4_msgs/px4_msgs/msg/detail/dataman_request__type_support.c\n'}
[0.824017] (px4_msgs) StdoutLine: {'line': b'-- Up-to-date: /home/jmj/pro_asp_ws/ws_px4_controls/install/px4_msgs/include/px4_msgs/px4_msgs/msg/detail/landing_target_innovations__rosidl_typesupport_introspection_c.h\n'}
[0.824043] (px4_msgs) StdoutLine: {'line': b'-- Up-to-date: /home/jmj/pro_asp_ws/ws_px4_controls/install/px4_msgs/include/px4_msgs/px4_msgs/msg/detail/rtl_time_estimate__type_support.c\n'}
[0.824091] (px4_msgs) StdoutLine: {'line': b'-- Up-to-date: /home/jmj/pro_asp_ws/ws_px4_controls/install/px4_msgs/include/px4_msgs/px4_msgs/msg/detail/tecs_status__rosidl_typesupport_introspection_c.h\n'}
[0.824122] (px4_msgs) StdoutLine: {'line': b'-- Up-to-date: /home/jmj/pro_asp_ws/ws_px4_controls/install/px4_msgs/include/px4_msgs/px4_msgs/msg/detail/camera_status__type_support.c\n'}
[0.824150] (px4_msgs) StdoutLine: {'line': b'-- Up-to-date: /home/jmj/pro_asp_ws/ws_px4_controls/install/px4_msgs/include/px4_msgs/px4_msgs/msg/detail/timesync_status__type_support.c\n'}
[0.824178] (px4_msgs) StdoutLine: {'line': b'-- Up-to-date: /home/jmj/pro_asp_ws/ws_px4_controls/install/px4_msgs/include/px4_msgs/px4_msgs/msg/detail/vehicle_local_position__type_support.c\n'}
[0.824205] (px4_msgs) StdoutLine: {'line': b'-- Up-to-date: /home/jmj/pro_asp_ws/ws_px4_controls/install/px4_msgs/include/px4_msgs/px4_msgs/msg/detail/sensor_uwb__type_support.c\n'}
[0.824227] (px4_msgs) StdoutLine: {'line': b'-- Up-to-date: /home/jmj/pro_asp_ws/ws_px4_controls/install/px4_msgs/include/px4_msgs/px4_msgs/msg/detail/register_ext_component_reply__rosidl_typesupport_introspection_c.h\n'}
[0.824258] (px4_msgs) StdoutLine: {'line': b'-- Up-to-date: /home/jmj/pro_asp_ws/ws_px4_controls/install/px4_msgs/include/px4_msgs/px4_msgs/msg/detail/gimbal_device_information__rosidl_typesupport_introspection_c.h\n'}
[0.824282] (px4_msgs) StdoutLine: {'line': b'-- Up-to-date: /home/jmj/pro_asp_ws/ws_px4_controls/install/px4_msgs/include/px4_msgs/px4_msgs/msg/detail/distance_sensor__rosidl_typesupport_introspection_c.h\n'}
[0.824307] (px4_msgs) StdoutLine: {'line': b'-- Up-to-date: /home/jmj/pro_asp_ws/ws_px4_controls/install/px4_msgs/include/px4_msgs/px4_msgs/msg/detail/vehicle_rates_setpoint__type_support.c\n'}
[0.824367] (px4_msgs) StdoutLine: {'line': b'-- Up-to-date: /home/jmj/pro_asp_ws/ws_px4_controls/install/px4_msgs/include/px4_msgs/px4_msgs/msg/detail/geofence_result__rosidl_typesupport_introspection_c.h\n'}
[0.824399] (px4_msgs) StdoutLine: {'line': b'-- Up-to-date: /home/jmj/pro_asp_ws/ws_px4_controls/install/px4_msgs/include/px4_msgs/px4_msgs/msg/detail/position_controller_status__rosidl_typesupport_introspection_c.h\n'}
[0.824431] (px4_msgs) StdoutLine: {'line': b'-- Up-to-date: /home/jmj/pro_asp_ws/ws_px4_controls/install/px4_msgs/include/px4_msgs/px4_msgs/msg/detail/gpio_request__rosidl_typesupport_introspection_c.h\n'}
[0.824465] (px4_msgs) StdoutLine: {'line': b'-- Up-to-date: /home/jmj/pro_asp_ws/ws_px4_controls/install/px4_msgs/include/px4_msgs/px4_msgs/msg/detail/parameter_set_value_request__rosidl_typesupport_introspection_c.h\n'}
[0.824508] (px4_msgs) StdoutLine: {'line': b'-- Up-to-date: /home/jmj/pro_asp_ws/ws_px4_controls/install/px4_msgs/include/px4_msgs/px4_msgs/msg/detail/camera_status__rosidl_typesupport_introspection_c.h\n'}
[0.824532] (px4_msgs) StdoutLine: {'line': b'-- Up-to-date: /home/jmj/pro_asp_ws/ws_px4_controls/install/px4_msgs/include/px4_msgs/px4_msgs/msg/detail/orb_test_large__rosidl_typesupport_introspection_c.h\n'}
[0.824559] (px4_msgs) StdoutLine: {'line': b'-- Up-to-date: /home/jmj/pro_asp_ws/ws_px4_controls/install/px4_msgs/include/px4_msgs/px4_msgs/msg/detail/open_drone_id_self_id__rosidl_typesupport_introspection_c.h\n'}
[0.824584] (px4_msgs) StdoutLine: {'line': b'-- Up-to-date: /home/jmj/pro_asp_ws/ws_px4_controls/install/px4_msgs/include/px4_msgs/px4_msgs/msg/detail/estimator_bias3d__rosidl_typesupport_introspection_c.h\n'}
[0.824613] (px4_msgs) StdoutLine: {'line': b'-- Up-to-date: /home/jmj/pro_asp_ws/ws_px4_controls/install/px4_msgs/include/px4_msgs/px4_msgs/msg/detail/config_overrides__rosidl_typesupport_introspection_c.h\n'}
[0.824643] (px4_msgs) StdoutLine: {'line': b'-- Up-to-date: /home/jmj/pro_asp_ws/ws_px4_controls/install/px4_msgs/include/px4_msgs/px4_msgs/msg/detail/vehicle_roi__type_support.c\n'}
[0.824671] (px4_msgs) StdoutLine: {'line': b'-- Up-to-date: /home/jmj/pro_asp_ws/ws_px4_controls/install/px4_msgs/include/px4_msgs/px4_msgs/msg/detail/fixed_wing_lateral_status__type_support.c\n'}
[0.824695] (px4_msgs) StdoutLine: {'line': b'-- Up-to-date: /home/jmj/pro_asp_ws/ws_px4_controls/install/px4_msgs/include/px4_msgs/px4_msgs/msg/detail/rover_attitude_status__rosidl_typesupport_introspection_c.h\n'}
[0.824722] (px4_msgs) StdoutLine: {'line': b'-- Up-to-date: /home/jmj/pro_asp_ws/ws_px4_controls/install/px4_msgs/include/px4_msgs/px4_msgs/msg/detail/gimbal_device_attitude_status__type_support.c\n'}
[0.824773] (px4_msgs) StdoutLine: {'line': b'-- Up-to-date: /home/jmj/pro_asp_ws/ws_px4_controls/install/px4_msgs/include/px4_msgs/px4_msgs/msg/detail/tiltrotor_extra_controls__rosidl_typesupport_introspection_c.h\n'}
[0.824798] (px4_msgs) StdoutLine: {'line': b'-- Up-to-date: /home/jmj/pro_asp_ws/ws_px4_controls/install/px4_msgs/include/px4_msgs/px4_msgs/msg/detail/action_request__type_support.c\n'}
[0.824821] (px4_msgs) StdoutLine: {'line': b'-- Up-to-date: /home/jmj/pro_asp_ws/ws_px4_controls/install/px4_msgs/include/px4_msgs/px4_msgs/msg/detail/sensor_accel_fifo__type_support.c\n'}
[0.824842] (px4_msgs) StdoutLine: {'line': b'-- Up-to-date: /home/jmj/pro_asp_ws/ws_px4_controls/install/px4_msgs/include/px4_msgs/px4_msgs/msg/detail/vehicle_optical_flow_vel__rosidl_typesupport_introspection_c.h\n'}
[0.824864] (px4_msgs) StdoutLine: {'line': b'-- Up-to-date: /home/jmj/pro_asp_ws/ws_px4_controls/install/px4_msgs/include/px4_msgs/px4_msgs/msg/detail/vehicle_air_data__rosidl_typesupport_introspection_c.h\n'}
[0.824886] (px4_msgs) StdoutLine: {'line': b'-- Up-to-date: /home/jmj/pro_asp_ws/ws_px4_controls/install/px4_msgs/include/px4_msgs/px4_msgs/msg/detail/longitudinal_control_configuration__rosidl_typesupport_introspection_c.h\n'}
[0.824910] (px4_msgs) StdoutLine: {'line': b'-- Up-to-date: /home/jmj/pro_asp_ws/ws_px4_controls/install/px4_msgs/include/px4_msgs/px4_msgs/msg/detail/rover_velocity_setpoint__type_support.c\n'}
[0.824932] (px4_msgs) StdoutLine: {'line': b'-- Up-to-date: /home/jmj/pro_asp_ws/ws_px4_controls/install/px4_msgs/include/px4_msgs/px4_msgs/msg/detail/vehicle_control_mode__type_support.c\n'}
[0.824954] (px4_msgs) StdoutLine: {'line': b'-- Up-to-date: /home/jmj/pro_asp_ws/ws_px4_controls/install/px4_msgs/include/px4_msgs/px4_msgs/msg/detail/internal_combustion_engine_control__type_support.c\n'}
[0.824986] (px4_msgs) StdoutLine: {'line': b'-- Up-to-date: /home/jmj/pro_asp_ws/ws_px4_controls/install/px4_msgs/include/px4_msgs/px4_msgs/msg/detail/velocity_limits__rosidl_typesupport_introspection_c.h\n'}
[0.825026] (px4_msgs) StdoutLine: {'line': b'-- Up-to-date: /home/jmj/pro_asp_ws/ws_px4_controls/install/px4_msgs/include/px4_msgs/px4_msgs/msg/detail/vehicle_angular_velocity__type_support.c\n'}
[0.825058] (px4_msgs) StdoutLine: {'line': b'-- Up-to-date: /home/jmj/pro_asp_ws/ws_px4_controls/install/px4_msgs/include/px4_msgs/px4_msgs/msg/detail/open_drone_id_arm_status__type_support.c\n'}
[0.825091] (px4_msgs) StdoutLine: {'line': b'-- Up-to-date: /home/jmj/pro_asp_ws/ws_px4_controls/install/px4_msgs/include/px4_msgs/px4_msgs/msg/detail/qshell_req__rosidl_typesupport_introspection_c.h\n'}
[0.825155] (px4_msgs) StdoutLine: {'line': b'-- Up-to-date: /home/jmj/pro_asp_ws/ws_px4_controls/install/px4_msgs/include/px4_msgs/px4_msgs/msg/detail/trajectory_setpoint6dof__rosidl_typesupport_introspection_c.h\n'}
[0.825179] (px4_msgs) StdoutLine: {'line': b'-- Up-to-date: /home/jmj/pro_asp_ws/ws_px4_controls/install/px4_msgs/include/px4_msgs/px4_msgs/msg/detail/mavlink_tunnel__rosidl_typesupport_introspection_c.h\n'}
[0.825202] (px4_msgs) StdoutLine: {'line': b'-- Up-to-date: /home/jmj/pro_asp_ws/ws_px4_controls/install/px4_msgs/include/px4_msgs/px4_msgs/msg/detail/sensor_gps__type_support.c\n'}
[0.825224] (px4_msgs) StdoutLine: {'line': b'-- Up-to-date: /home/jmj/pro_asp_ws/ws_px4_controls/install/px4_msgs/include/px4_msgs/px4_msgs/msg/detail/sensor_uwb__rosidl_typesupport_introspection_c.h\n'}
[0.825255] (px4_msgs) StdoutLine: {'line': b'-- Up-to-date: /home/jmj/pro_asp_ws/ws_px4_controls/install/px4_msgs/include/px4_msgs/px4_msgs/msg/detail/actuator_outputs__rosidl_typesupport_introspection_c.h\n'}
[0.825284] (px4_msgs) StdoutLine: {'line': b'-- Up-to-date: /home/jmj/pro_asp_ws/ws_px4_controls/install/px4_msgs/include/px4_msgs/px4_msgs/msg/detail/ulog_stream_ack__type_support.c\n'}
[0.825306] (px4_msgs) StdoutLine: {'line': b'-- Up-to-date: /home/jmj/pro_asp_ws/ws_px4_controls/install/px4_msgs/include/px4_msgs/px4_msgs/msg/detail/navigator_mission_item__rosidl_typesupport_introspection_c.h\n'}
[0.825327] (px4_msgs) StdoutLine: {'line': b'-- Up-to-date: /home/jmj/pro_asp_ws/ws_px4_controls/install/px4_msgs/include/px4_msgs/px4_msgs/msg/detail/transponder_report__type_support.c\n'}
[0.825349] (px4_msgs) StdoutLine: {'line': b'-- Up-to-date: /home/jmj/pro_asp_ws/ws_px4_controls/install/px4_msgs/include/px4_msgs/px4_msgs/msg/detail/hover_thrust_estimate__rosidl_typesupport_introspection_c.h\n'}
[0.825372] (px4_msgs) StdoutLine: {'line': b'-- Up-to-date: /home/jmj/pro_asp_ws/ws_px4_controls/install/px4_msgs/include/px4_msgs/px4_msgs/msg/detail/trajectory_setpoint__rosidl_typesupport_introspection_c.h\n'}
[0.825395] (px4_msgs) StdoutLine: {'line': b'-- Up-to-date: /home/jmj/pro_asp_ws/ws_px4_controls/install/px4_msgs/include/px4_msgs/px4_msgs/msg/detail/camera_capture__type_support.c\n'}
[0.825419] (px4_msgs) StdoutLine: {'line': b'-- Up-to-date: /home/jmj/pro_asp_ws/ws_px4_controls/install/px4_msgs/include/px4_msgs/px4_msgs/msg/detail/manual_control_setpoint__type_support.c\n'}
[0.825443] (px4_msgs) StdoutLine: {'line': b'-- Up-to-date: /home/jmj/pro_asp_ws/ws_px4_controls/install/px4_msgs/include/px4_msgs/px4_msgs/msg/detail/mission__rosidl_typesupport_introspection_c.h\n'}
[0.825482] (px4_msgs) StdoutLine: {'line': b'-- Up-to-date: /home/jmj/pro_asp_ws/ws_px4_controls/install/px4_msgs/include/px4_msgs/px4_msgs/msg/detail/landing_target_innovations__type_support.c\n'}
[0.825505] (px4_msgs) StdoutLine: {'line': b'-- Up-to-date: /home/jmj/pro_asp_ws/ws_px4_controls/install/px4_msgs/include/px4_msgs/px4_msgs/msg/detail/tiltrotor_extra_controls__type_support.c\n'}
[0.825526] (px4_msgs) StdoutLine: {'line': b'-- Up-to-date: /home/jmj/pro_asp_ws/ws_px4_controls/install/px4_msgs/include/px4_msgs/px4_msgs/msg/detail/vehicle_constraints__rosidl_typesupport_introspection_c.h\n'}
[0.825547] (px4_msgs) StdoutLine: {'line': b'-- Up-to-date: /home/jmj/pro_asp_ws/ws_px4_controls/install/px4_msgs/include/px4_msgs/px4_msgs/msg/detail/sensor_baro__rosidl_typesupport_introspection_c.h\n'}
[0.825586] (px4_msgs) StdoutLine: {'line': b'-- Up-to-date: /home/jmj/pro_asp_ws/ws_px4_controls/install/px4_msgs/include/px4_msgs/px4_msgs/msg/detail/rtl_time_estimate__rosidl_typesupport_introspection_c.h\n'}
[0.825607] (px4_msgs) StdoutLine: {'line': b'-- Up-to-date: /home/jmj/pro_asp_ws/ws_px4_controls/install/px4_msgs/include/px4_msgs/px4_msgs/msg/detail/follow_target_estimator__type_support.c\n'}
[0.825628] (px4_msgs) StdoutLine: {'line': b'-- Up-to-date: /home/jmj/pro_asp_ws/ws_px4_controls/install/px4_msgs/include/px4_msgs/px4_msgs/msg/detail/takeoff_status__rosidl_typesupport_introspection_c.h\n'}
[0.825650] (px4_msgs) StdoutLine: {'line': b'-- Up-to-date: /home/jmj/pro_asp_ws/ws_px4_controls/install/px4_msgs/include/px4_msgs/px4_msgs/msg/detail/sensor_correction__type_support.c\n'}
[0.825671] (px4_msgs) StdoutLine: {'line': b'-- Up-to-date: /home/jmj/pro_asp_ws/ws_px4_controls/install/px4_msgs/include/px4_msgs/px4_msgs/msg/detail/led_control__type_support.c\n'}
[0.825692] (px4_msgs) StdoutLine: {'line': b'-- Up-to-date: /home/jmj/pro_asp_ws/ws_px4_controls/install/px4_msgs/include/px4_msgs/px4_msgs/msg/detail/rover_position_setpoint__rosidl_typesupport_introspection_c.h\n'}
[0.825713] (px4_msgs) StdoutLine: {'line': b'-- Up-to-date: /home/jmj/pro_asp_ws/ws_px4_controls/install/px4_msgs/include/px4_msgs/px4_msgs/msg/detail/ping__type_support.c\n'}
[0.825739] (px4_msgs) StdoutLine: {'line': b'-- Up-to-date: /home/jmj/pro_asp_ws/ws_px4_controls/install/px4_msgs/include/px4_msgs/px4_msgs/msg/detail/sensor_accel__type_support.c\n'}
[0.825765] (px4_msgs) StdoutLine: {'line': b'-- Up-to-date: /home/jmj/pro_asp_ws/ws_px4_controls/install/px4_msgs/include/px4_msgs/px4_msgs/msg/detail/follow_target_status__rosidl_typesupport_introspection_c.h\n'}
[0.825790] (px4_msgs) StdoutLine: {'line': b'-- Up-to-date: /home/jmj/pro_asp_ws/ws_px4_controls/install/px4_msgs/include/px4_msgs/px4_msgs/msg/detail/estimator_selector_status__rosidl_typesupport_introspection_c.h\n'}
[0.825814] (px4_msgs) StdoutLine: {'line': b'-- Up-to-date: /home/jmj/pro_asp_ws/ws_px4_controls/install/px4_msgs/include/px4_msgs/px4_msgs/msg/detail/parameter_set_value_response__rosidl_typesupport_introspection_c.h\n'}
[0.825838] (px4_msgs) StdoutLine: {'line': b'-- Up-to-date: /home/jmj/pro_asp_ws/ws_px4_controls/install/px4_msgs/include/px4_msgs/px4_msgs/msg/detail/vehicle_torque_setpoint__rosidl_typesupport_introspection_c.h\n'}
[0.825863] (px4_msgs) StdoutLine: {'line': b'-- Up-to-date: /home/jmj/pro_asp_ws/ws_px4_controls/install/px4_msgs/include/px4_msgs/px4_msgs/msg/detail/qshell_retval__rosidl_typesupport_introspection_c.h\n'}
[0.825899] (px4_msgs) StdoutLine: {'line': b'-- Up-to-date: /home/jmj/pro_asp_ws/ws_px4_controls/install/px4_msgs/include/px4_msgs/px4_msgs/msg/detail/rover_throttle_setpoint__rosidl_typesupport_introspection_c.h\n'}
[0.825922] (px4_msgs) StdoutLine: {'line': b'-- Up-to-date: /home/jmj/pro_asp_ws/ws_px4_controls/install/px4_msgs/include/px4_msgs/px4_msgs/msg/detail/home_position__type_support.c\n'}
[0.825943] (px4_msgs) StdoutLine: {'line': b'-- Up-to-date: /home/jmj/pro_asp_ws/ws_px4_controls/install/px4_msgs/include/px4_msgs/px4_msgs/msg/detail/gps_dump__rosidl_typesupport_introspection_c.h\n'}
[0.825965] (px4_msgs) StdoutLine: {'line': b'-- Up-to-date: /home/jmj/pro_asp_ws/ws_px4_controls/install/px4_msgs/include/px4_msgs/px4_msgs/msg/detail/vehicle_torque_setpoint__type_support.c\n'}
[0.825989] (px4_msgs) StdoutLine: {'line': b'-- Up-to-date: /home/jmj/pro_asp_ws/ws_px4_controls/install/px4_msgs/include/px4_msgs/px4_msgs/msg/detail/estimator_bias__rosidl_typesupport_introspection_c.h\n'}
[0.826010] (px4_msgs) StdoutLine: {'line': b'-- Up-to-date: /home/jmj/pro_asp_ws/ws_px4_controls/install/px4_msgs/include/px4_msgs/px4_msgs/msg/detail/estimator_innovations__rosidl_typesupport_introspection_c.h\n'}
[0.826032] (px4_msgs) StdoutLine: {'line': b'-- Up-to-date: /home/jmj/pro_asp_ws/ws_px4_controls/install/px4_msgs/include/px4_msgs/px4_msgs/msg/detail/estimator_gps_status__rosidl_typesupport_introspection_c.h\n'}
[0.826054] (px4_msgs) StdoutLine: {'line': b'-- Up-to-date: /home/jmj/pro_asp_ws/ws_px4_controls/install/px4_msgs/include/px4_msgs/px4_msgs/msg/detail/gpio_out__type_support.c\n'}
[0.826075] (px4_msgs) StdoutLine: {'line': b'-- Up-to-date: /home/jmj/pro_asp_ws/ws_px4_controls/install/px4_msgs/include/px4_msgs/px4_msgs/msg/detail/esc_report__type_support.c\n'}
[0.826096] (px4_msgs) StdoutLine: {'line': b'-- Up-to-date: /home/jmj/pro_asp_ws/ws_px4_controls/install/px4_msgs/include/px4_msgs/px4_msgs/msg/detail/estimator_event_flags__type_support.c\n'}
[0.826117] (px4_msgs) StdoutLine: {'line': b'-- Up-to-date: /home/jmj/pro_asp_ws/ws_px4_controls/install/px4_msgs/include/px4_msgs/px4_msgs/msg/detail/vehicle_imu__type_support.c\n'}
[0.826138] (px4_msgs) StdoutLine: {'line': b'-- Up-to-date: /home/jmj/pro_asp_ws/ws_px4_controls/install/px4_msgs/include/px4_msgs/px4_msgs/msg/detail/power_monitor__rosidl_typesupport_introspection_c.h\n'}
[0.826164] (px4_msgs) StdoutLine: {'line': b'-- Up-to-date: /home/jmj/pro_asp_ws/ws_px4_controls/install/px4_msgs/include/px4_msgs/px4_msgs/msg/detail/onboard_computer_status__type_support.c\n'}
[0.826188] (px4_msgs) StdoutLine: {'line': b'-- Up-to-date: /home/jmj/pro_asp_ws/ws_px4_controls/install/px4_msgs/include/px4_msgs/px4_msgs/msg/detail/open_drone_id_operator_id__type_support.c\n'}
[0.826212] (px4_msgs) StdoutLine: {'line': b'-- Up-to-date: /home/jmj/pro_asp_ws/ws_px4_controls/install/px4_msgs/include/px4_msgs/px4_msgs/msg/detail/figure_eight_status__type_support.c\n'}
[0.826235] (px4_msgs) StdoutLine: {'line': b'-- Up-to-date: /home/jmj/pro_asp_ws/ws_px4_controls/install/px4_msgs/include/px4_msgs/px4_msgs/msg/detail/vehicle_odometry__type_support.c\n'}
[0.826258] (px4_msgs) StdoutLine: {'line': b'-- Up-to-date: /home/jmj/pro_asp_ws/ws_px4_controls/install/px4_msgs/include/px4_msgs/px4_msgs/msg/detail/irlock_report__type_support.c\n'}
[0.826281] (px4_msgs) StdoutLine: {'line': b'-- Up-to-date: /home/jmj/pro_asp_ws/ws_px4_controls/install/px4_msgs/include/px4_msgs/px4_msgs/msg/detail/lateral_control_configuration__type_support.c\n'}
[0.826304] (px4_msgs) StdoutLine: {'line': b'-- Up-to-date: /home/jmj/pro_asp_ws/ws_px4_controls/install/px4_msgs/include/px4_msgs/px4_msgs/msg/detail/pwm_input__type_support.c\n'}
[0.826328] (px4_msgs) StdoutLine: {'line': b'-- Up-to-date: /home/jmj/pro_asp_ws/ws_px4_controls/install/px4_msgs/include/px4_msgs/px4_msgs/msg/detail/arming_check_request__rosidl_typesupport_introspection_c.h\n'}
[0.826351] (px4_msgs) StdoutLine: {'line': b'-- Up-to-date: /home/jmj/pro_asp_ws/ws_px4_controls/install/px4_msgs/include/px4_msgs/px4_msgs/msg/detail/power_monitor__type_support.c\n'}
[0.826388] (px4_msgs) StdoutLine: {'line': b'-- Up-to-date: /home/jmj/pro_asp_ws/ws_px4_controls/install/px4_msgs/include/px4_msgs/px4_msgs/msg/detail/sensor_gps__rosidl_typesupport_introspection_c.h\n'}
[0.826411] (px4_msgs) StdoutLine: {'line': b'-- Up-to-date: /home/jmj/pro_asp_ws/ws_px4_controls/install/px4_msgs/include/px4_msgs/px4_msgs/msg/detail/sensors_status__rosidl_typesupport_introspection_c.h\n'}
[0.826433] (px4_msgs) StdoutLine: {'line': b'-- Up-to-date: /home/jmj/pro_asp_ws/ws_px4_controls/install/px4_msgs/include/px4_msgs/px4_msgs/msg/detail/sensors_status__type_support.c\n'}
[0.826454] (px4_msgs) StdoutLine: {'line': b'-- Up-to-date: /home/jmj/pro_asp_ws/ws_px4_controls/install/px4_msgs/include/px4_msgs/px4_msgs/msg/detail/estimator_aid_source1d__rosidl_typesupport_introspection_c.h\n'}
[0.826478] (px4_msgs) StdoutLine: {'line': b'-- Up-to-date: /home/jmj/pro_asp_ws/ws_px4_controls/install/px4_msgs/include/px4_msgs/px4_msgs/msg/detail/pps_capture__rosidl_typesupport_introspection_c.h\n'}
[0.826508] (px4_msgs) StdoutLine: {'line': b'-- Up-to-date: /home/jmj/pro_asp_ws/ws_px4_controls/install/px4_msgs/include/px4_msgs/px4_msgs/msg/detail/actuator_motors__rosidl_typesupport_introspection_c.h\n'}
[0.826532] (px4_msgs) StdoutLine: {'line': b'-- Up-to-date: /home/jmj/pro_asp_ws/ws_px4_controls/install/px4_msgs/include/px4_msgs/px4_msgs/msg/detail/vehicle_local_position_setpoint__type_support.c\n'}
[0.826556] (px4_msgs) StdoutLine: {'line': b'-- Up-to-date: /home/jmj/pro_asp_ws/ws_px4_controls/install/px4_msgs/include/px4_msgs/px4_msgs/msg/detail/task_stack_info__rosidl_typesupport_introspection_c.h\n'}
[0.826580] (px4_msgs) StdoutLine: {'line': b'-- Up-to-date: /home/jmj/pro_asp_ws/ws_px4_controls/install/px4_msgs/include/px4_msgs/px4_msgs/msg/detail/message_format_response__type_support.c\n'}
[0.826603] (px4_msgs) StdoutLine: {'line': b'-- Up-to-date: /home/jmj/pro_asp_ws/ws_px4_controls/install/px4_msgs/include/px4_msgs/px4_msgs/msg/detail/gimbal_manager_status__rosidl_typesupport_introspection_c.h\n'}
[0.826627] (px4_msgs) StdoutLine: {'line': b'-- Up-to-date: /home/jmj/pro_asp_ws/ws_px4_controls/install/px4_msgs/include/px4_msgs/px4_msgs/msg/detail/vehicle_land_detected__rosidl_typesupport_introspection_c.h\n'}
[0.826650] (px4_msgs) StdoutLine: {'line': b'-- Up-to-date: /home/jmj/pro_asp_ws/ws_px4_controls/install/px4_msgs/include/px4_msgs/px4_msgs/msg/detail/vehicle_optical_flow__type_support.c\n'}
[0.826675] (px4_msgs) StdoutLine: {'line': b'-- Up-to-date: /home/jmj/pro_asp_ws/ws_px4_controls/install/px4_msgs/include/px4_msgs/px4_msgs/msg/detail/message_format_response__rosidl_typesupport_introspection_c.h\n'}
[0.826698] (px4_msgs) StdoutLine: {'line': b'-- Up-to-date: /home/jmj/pro_asp_ws/ws_px4_controls/install/px4_msgs/include/px4_msgs/px4_msgs/msg/detail/failure_detector_status__type_support.c\n'}
[0.826721] (px4_msgs) StdoutLine: {'line': b'-- Up-to-date: /home/jmj/pro_asp_ws/ws_px4_controls/install/px4_msgs/include/px4_msgs/px4_msgs/msg/detail/estimator_aid_source3d__rosidl_typesupport_introspection_c.h\n'}
[0.826744] (px4_msgs) StdoutLine: {'line': b'-- Up-to-date: /home/jmj/pro_asp_ws/ws_px4_controls/install/px4_msgs/include/px4_msgs/px4_msgs/msg/detail/timesync_status__rosidl_typesupport_introspection_c.h\n'}
[0.826773] (px4_msgs) StdoutLine: {'line': b'-- Up-to-date: /home/jmj/pro_asp_ws/ws_px4_controls/install/px4_msgs/include/px4_msgs/px4_msgs/msg/detail/failure_detector_status__rosidl_typesupport_introspection_c.h\n'}
[0.826798] (px4_msgs) StdoutLine: {'line': b'-- Up-to-date: /home/jmj/pro_asp_ws/ws_px4_controls/install/px4_msgs/include/px4_msgs/px4_msgs/msg/detail/debug_key_value__type_support.c\n'}
[0.826822] (px4_msgs) StdoutLine: {'line': b'-- Up-to-date: /home/jmj/pro_asp_ws/ws_px4_controls/install/px4_msgs/include/px4_msgs/px4_msgs/msg/detail/vehicle_attitude__rosidl_typesupport_introspection_c.h\n'}
[0.826847] (px4_msgs) StdoutLine: {'line': b'-- Up-to-date: /home/jmj/pro_asp_ws/ws_px4_controls/install/px4_msgs/include/px4_msgs/px4_msgs/msg/detail/can_interface_status__rosidl_typesupport_introspection_c.h\n'}
[0.826873] (px4_msgs) StdoutLine: {'line': b'-- Up-to-date: /home/jmj/pro_asp_ws/ws_px4_controls/install/px4_msgs/include/px4_msgs/px4_msgs/msg/detail/orb_test_medium__type_support.c\n'}
[0.826897] (px4_msgs) StdoutLine: {'line': b'-- Up-to-date: /home/jmj/pro_asp_ws/ws_px4_controls/install/px4_msgs/include/px4_msgs/px4_msgs/msg/detail/velocity_limits__type_support.c\n'}
[0.826921] (px4_msgs) StdoutLine: {'line': b'-- Up-to-date: /home/jmj/pro_asp_ws/ws_px4_controls/install/px4_msgs/include/px4_msgs/px4_msgs/msg/detail/vehicle_control_mode__rosidl_typesupport_introspection_c.h\n'}
[0.826945] (px4_msgs) StdoutLine: {'line': b'-- Up-to-date: /home/jmj/pro_asp_ws/ws_px4_controls/install/px4_msgs/include/px4_msgs/px4_msgs/msg/detail/vehicle_imu_status__type_support.c\n'}
[0.827002] (px4_msgs) StdoutLine: {'line': b'-- Up-to-date: /home/jmj/pro_asp_ws/ws_px4_controls/install/px4_msgs/include/px4_msgs/px4_msgs/msg/detail/rover_position_setpoint__type_support.c\n'}
[0.827026] (px4_msgs) StdoutLine: {'line': b'-- Up-to-date: /home/jmj/pro_asp_ws/ws_px4_controls/install/px4_msgs/include/px4_msgs/px4_msgs/msg/detail/esc_report__rosidl_typesupport_introspection_c.h\n'}
[0.827052] (px4_msgs) StdoutLine: {'line': b'-- Up-to-date: /home/jmj/pro_asp_ws/ws_px4_controls/install/px4_msgs/include/px4_msgs/px4_msgs/msg/detail/estimator_status_flags__type_support.c\n'}
[0.827103] (px4_msgs) StdoutLine: {'line': b'-- Up-to-date: /home/jmj/pro_asp_ws/ws_px4_controls/install/px4_msgs/include/px4_msgs/px4_msgs/msg/detail/sensor_gyro_fifo__rosidl_typesupport_introspection_c.h\n'}
[0.827128] (px4_msgs) StdoutLine: {'line': b'-- Up-to-date: /home/jmj/pro_asp_ws/ws_px4_controls/install/px4_msgs/include/px4_msgs/px4_msgs/msg/detail/vehicle_status__type_support.c\n'}
[0.827151] (px4_msgs) StdoutLine: {'line': b'-- Up-to-date: /home/jmj/pro_asp_ws/ws_px4_controls/install/px4_msgs/include/px4_msgs/px4_msgs/msg/detail/input_rc__rosidl_typesupport_introspection_c.h\n'}
[0.827190] (px4_msgs) StdoutLine: {'line': b'-- Up-to-date: /home/jmj/pro_asp_ws/ws_px4_controls/install/px4_msgs/include/px4_msgs/px4_msgs/msg/detail/estimator_aid_source2d__rosidl_typesupport_introspection_c.h\n'}
[0.827212] (px4_msgs) StdoutLine: {'line': b'-- Up-to-date: /home/jmj/pro_asp_ws/ws_px4_controls/install/px4_msgs/include/px4_msgs/px4_msgs/msg/detail/telemetry_status__type_support.c\n'}
[0.827233] (px4_msgs) StdoutLine: {'line': b'-- Up-to-date: /home/jmj/pro_asp_ws/ws_px4_controls/install/px4_msgs/include/px4_msgs/px4_msgs/msg/detail/power_button_state__type_support.c\n'}
[0.827254] (px4_msgs) StdoutLine: {'line': b'-- Up-to-date: /home/jmj/pro_asp_ws/ws_px4_controls/install/px4_msgs/include/px4_msgs/px4_msgs/msg/detail/button_event__rosidl_typesupport_introspection_c.h\n'}
[0.827276] (px4_msgs) StdoutLine: {'line': b'-- Up-to-date: /home/jmj/pro_asp_ws/ws_px4_controls/install/px4_msgs/include/px4_msgs/px4_msgs/msg/detail/autotune_attitude_control_status__rosidl_typesupport_introspection_c.h\n'}
[0.827297] (px4_msgs) StdoutLine: {'line': b'-- Up-to-date: /home/jmj/pro_asp_ws/ws_px4_controls/install/px4_msgs/include/px4_msgs/px4_msgs/msg/detail/debug_key_value__rosidl_typesupport_introspection_c.h\n'}
[0.827317] (px4_msgs) StdoutLine: {'line': b'-- Up-to-date: /home/jmj/pro_asp_ws/ws_px4_controls/install/px4_msgs/include/px4_msgs/px4_msgs/msg/detail/position_setpoint_triplet__type_support.c\n'}
[0.827338] (px4_msgs) StdoutLine: {'line': b'-- Up-to-date: /home/jmj/pro_asp_ws/ws_px4_controls/install/px4_msgs/include/px4_msgs/px4_msgs/msg/detail/event__rosidl_typesupport_introspection_c.h\n'}
[0.827359] (px4_msgs) StdoutLine: {'line': b'-- Up-to-date: /home/jmj/pro_asp_ws/ws_px4_controls/install/px4_msgs/include/px4_msgs/px4_msgs/msg/detail/sensor_accel__rosidl_typesupport_introspection_c.h\n'}
[0.827381] (px4_msgs) StdoutLine: {'line': b'-- Up-to-date: /home/jmj/pro_asp_ws/ws_px4_controls/install/px4_msgs/include/px4_msgs/px4_msgs/msg/detail/orbit_status__rosidl_typesupport_introspection_c.h\n'}
[0.827402] (px4_msgs) StdoutLine: {'line': b'-- Up-to-date: /home/jmj/pro_asp_ws/ws_px4_controls/install/px4_msgs/include/px4_msgs/px4_msgs/msg/detail/iridiumsbd_status__type_support.c\n'}
[0.827425] (px4_msgs) StdoutLine: {'line': b'-- Up-to-date: /home/jmj/pro_asp_ws/ws_px4_controls/install/px4_msgs/include/px4_msgs/px4_msgs/msg/detail/flight_phase_estimation__rosidl_typesupport_introspection_c.h\n'}
[0.827448] (px4_msgs) StdoutLine: {'line': b'-- Up-to-date: /home/jmj/pro_asp_ws/ws_px4_controls/install/px4_msgs/include/px4_msgs/px4_msgs/msg/detail/launch_detection_status__type_support.c\n'}
[0.827471] (px4_msgs) StdoutLine: {'line': b'-- Up-to-date: /home/jmj/pro_asp_ws/ws_px4_controls/install/px4_msgs/include/px4_msgs/px4_msgs/msg/detail/rc_parameter_map__rosidl_typesupport_introspection_c.h\n'}
[0.827519] (px4_msgs) StdoutLine: {'line': b'-- Up-to-date: /home/jmj/pro_asp_ws/ws_px4_controls/install/px4_msgs/include/px4_msgs/px4_msgs/msg/detail/rover_velocity_status__rosidl_typesupport_introspection_c.h\n'}
[0.827541] (px4_msgs) StdoutLine: {'line': b'-- Up-to-date: /home/jmj/pro_asp_ws/ws_px4_controls/install/px4_msgs/include/px4_msgs/px4_msgs/msg/detail/vehicle_land_detected__type_support.c\n'}
[0.827562] (px4_msgs) StdoutLine: {'line': b'-- Up-to-date: /home/jmj/pro_asp_ws/ws_px4_controls/install/px4_msgs/include/px4_msgs/px4_msgs/msg/detail/wheel_encoders__type_support.c\n'}
[0.827583] (px4_msgs) StdoutLine: {'line': b'-- Up-to-date: /home/jmj/pro_asp_ws/ws_px4_controls/install/px4_msgs/include/px4_msgs/px4_msgs/msg/detail/magnetometer_bias_estimate__type_support.c\n'}
[0.827605] (px4_msgs) StdoutLine: {'line': b'-- Up-to-date: /home/jmj/pro_asp_ws/ws_px4_controls/install/px4_msgs/include/px4_msgs/px4_msgs/msg/detail/vehicle_command__type_support.c\n'}
[0.827627] (px4_msgs) StdoutLine: {'line': b'-- Up-to-date: /home/jmj/pro_asp_ws/ws_px4_controls/install/px4_msgs/include/px4_msgs/px4_msgs/msg/detail/manual_control_switches__rosidl_typesupport_introspection_c.h\n'}
[0.827651] (px4_msgs) StdoutLine: {'line': b'-- Up-to-date: /home/jmj/pro_asp_ws/ws_px4_controls/install/px4_msgs/include/px4_msgs/px4_msgs/msg/detail/pure_pursuit_status__type_support.c\n'}
[0.827675] (px4_msgs) StdoutLine: {'line': b'-- Up-to-date: /home/jmj/pro_asp_ws/ws_px4_controls/install/px4_msgs/include/px4_msgs/px4_msgs/msg/detail/rover_rate_status__rosidl_typesupport_introspection_c.h\n'}
[0.827701] (px4_msgs) StdoutLine: {'line': b'-- Up-to-date: /home/jmj/pro_asp_ws/ws_px4_controls/install/px4_msgs/include/px4_msgs/px4_msgs/msg/detail/sensor_gyro_fft__rosidl_typesupport_introspection_c.h\n'}
[0.827780] (px4_msgs) StdoutLine: {'line': b'-- Up-to-date: /home/jmj/pro_asp_ws/ws_px4_controls/install/px4_msgs/include/px4_msgs/px4_msgs/msg/detail/gps_dump__type_support.c\n'}
[0.827815] (px4_msgs) StdoutLine: {'line': b'-- Up-to-date: /home/jmj/pro_asp_ws/ws_px4_controls/install/px4_msgs/include/px4_msgs/px4_msgs/msg/detail/sensor_accel_fifo__rosidl_typesupport_introspection_c.h\n'}
[0.827838] (px4_msgs) StdoutLine: {'line': b'-- Up-to-date: /home/jmj/pro_asp_ws/ws_px4_controls/install/px4_msgs/include/px4_msgs/px4_msgs/msg/detail/px4io_status__type_support.c\n'}
[0.827860] (px4_msgs) StdoutLine: {'line': b'-- Up-to-date: /home/jmj/pro_asp_ws/ws_px4_controls/install/px4_msgs/include/px4_msgs/px4_msgs/msg/detail/arming_check_reply__type_support.c\n'}
[0.827906] (px4_msgs) StdoutLine: {'line': b'-- Up-to-date: /home/jmj/pro_asp_ws/ws_px4_controls/install/px4_msgs/include/px4_msgs/px4_msgs/msg/detail/mode_completed__type_support.c\n'}
[0.827928] (px4_msgs) StdoutLine: {'line': b'-- Up-to-date: /home/jmj/pro_asp_ws/ws_px4_controls/install/px4_msgs/include/px4_msgs/px4_msgs/msg/detail/cellular_status__type_support.c\n'}
[0.827952] (px4_msgs) StdoutLine: {'line': b'-- Up-to-date: /home/jmj/pro_asp_ws/ws_px4_controls/install/px4_msgs/include/px4_msgs/px4_msgs/msg/detail/actuator_outputs__type_support.c\n'}
[0.827987] (px4_msgs) StdoutLine: {'line': b'-- Up-to-date: /home/jmj/pro_asp_ws/ws_px4_controls/install/px4_msgs/include/px4_msgs/px4_msgs/msg/detail/gimbal_device_set_attitude__type_support.c\n'}
[0.828020] (px4_msgs) StdoutLine: {'line': b'-- Up-to-date: /home/jmj/pro_asp_ws/ws_px4_controls/install/px4_msgs/include/px4_msgs/px4_msgs/msg/detail/sensors_status_imu__type_support.c\n'}
[0.828051] (px4_msgs) StdoutLine: {'line': b'-- Up-to-date: /home/jmj/pro_asp_ws/ws_px4_controls/install/px4_msgs/include/px4_msgs/px4_msgs/msg/detail/generator_status__rosidl_typesupport_introspection_c.h\n'}
[0.828083] (px4_msgs) StdoutLine: {'line': b'-- Up-to-date: /home/jmj/pro_asp_ws/ws_px4_controls/install/px4_msgs/include/px4_msgs/px4_msgs/msg/detail/collision_constraints__type_support.c\n'}
[0.828114] (px4_msgs) StdoutLine: {'line': b'-- Up-to-date: /home/jmj/pro_asp_ws/ws_px4_controls/install/px4_msgs/include/px4_msgs/px4_msgs/msg/detail/qshell_req__type_support.c\n'}
[0.828168] (px4_msgs) StdoutLine: {'line': b'-- Up-to-date: /home/jmj/pro_asp_ws/ws_px4_controls/install/px4_msgs/include/px4_msgs/px4_msgs/msg/detail/system_power__type_support.c\n'}
[0.828190] (px4_msgs) StdoutLine: {'line': b'-- Up-to-date: /home/jmj/pro_asp_ws/ws_px4_controls/install/px4_msgs/include/px4_msgs/px4_msgs/msg/detail/wheel_encoders__rosidl_typesupport_introspection_c.h\n'}
[0.828211] (px4_msgs) StdoutLine: {'line': b'-- Up-to-date: /home/jmj/pro_asp_ws/ws_px4_controls/install/px4_msgs/include/px4_msgs/px4_msgs/msg/detail/estimator_status_flags__rosidl_typesupport_introspection_c.h\n'}
[0.828236] (px4_msgs) StdoutLine: {'line': b'-- Up-to-date: /home/jmj/pro_asp_ws/ws_px4_controls/install/px4_msgs/include/px4_msgs/px4_msgs/msg/detail/gripper__rosidl_typesupport_introspection_c.h\n'}
[0.828260] (px4_msgs) StdoutLine: {'line': b'-- Up-to-date: /home/jmj/pro_asp_ws/ws_px4_controls/install/px4_msgs/include/px4_msgs/px4_msgs/msg/detail/gimbal_device_attitude_status__rosidl_typesupport_introspection_c.h\n'}
[0.828282] (px4_msgs) StdoutLine: {'line': b'-- Up-to-date: /home/jmj/pro_asp_ws/ws_px4_controls/install/px4_msgs/include/px4_msgs/px4_msgs/msg/detail/follow_target__type_support.c\n'}
[0.828303] (px4_msgs) StdoutLine: {'line': b'-- Up-to-date: /home/jmj/pro_asp_ws/ws_px4_controls/install/px4_msgs/include/px4_msgs/px4_msgs/msg/detail/distance_sensor__type_support.c\n'}
[0.828325] (px4_msgs) StdoutLine: {'line': b'-- Up-to-date: /home/jmj/pro_asp_ws/ws_px4_controls/install/px4_msgs/include/px4_msgs/px4_msgs/msg/detail/cpuload__type_support.c\n'}
[0.828346] (px4_msgs) StdoutLine: {'line': b'-- Up-to-date: /home/jmj/pro_asp_ws/ws_px4_controls/install/px4_msgs/include/px4_msgs/px4_msgs/msg/detail/vehicle_rates_setpoint__rosidl_typesupport_introspection_c.h\n'}
[0.828367] (px4_msgs) StdoutLine: {'line': b'-- Up-to-date: /home/jmj/pro_asp_ws/ws_px4_controls/install/px4_msgs/include/px4_msgs/px4_msgs/msg/detail/navigator_mission_item__type_support.c\n'}
[0.828389] (px4_msgs) StdoutLine: {'line': b'-- Up-to-date: /home/jmj/pro_asp_ws/ws_px4_controls/install/px4_msgs/include/px4_msgs/px4_msgs/msg/detail/led_control__rosidl_typesupport_introspection_c.h\n'}
[0.828410] (px4_msgs) StdoutLine: {'line': b'-- Up-to-date: /home/jmj/pro_asp_ws/ws_px4_controls/install/px4_msgs/include/px4_msgs/px4_msgs/msg/detail/vehicle_attitude_setpoint__rosidl_typesupport_introspection_c.h\n'}
[0.828432] (px4_msgs) StdoutLine: {'line': b'-- Up-to-date: /home/jmj/pro_asp_ws/ws_px4_controls/install/px4_msgs/include/px4_msgs/px4_msgs/msg/detail/vehicle_attitude__type_support.c\n'}
[0.828453] (px4_msgs) StdoutLine: {'line': b'-- Up-to-date: /home/jmj/pro_asp_ws/ws_px4_controls/install/px4_msgs/include/px4_msgs/px4_msgs/msg/detail/geofence_result__type_support.c\n'}
[0.828477] (px4_msgs) StdoutLine: {'line': b'-- Up-to-date: /home/jmj/pro_asp_ws/ws_px4_controls/install/px4_msgs/include/px4_msgs/px4_msgs/msg/detail/rover_attitude_setpoint__rosidl_typesupport_introspection_c.h\n'}
[0.828503] (px4_msgs) StdoutLine: {'line': b'-- Up-to-date: /home/jmj/pro_asp_ws/ws_px4_controls/install/px4_msgs/include/px4_msgs/px4_msgs/msg/detail/logger_status__type_support.c\n'}
[0.828552] (px4_msgs) StdoutLine: {'line': b'-- Up-to-date: /home/jmj/pro_asp_ws/ws_px4_controls/install/px4_msgs/include/px4_msgs/px4_msgs/msg/detail/unregister_ext_component__type_support.c\n'}
[0.828578] (px4_msgs) StdoutLine: {'line': b'-- Up-to-date: /home/jmj/pro_asp_ws/ws_px4_controls/install/px4_msgs/include/px4_msgs/px4_msgs/msg/detail/airspeed_validated__rosidl_typesupport_introspection_c.h\n'}
[0.828599] (px4_msgs) StdoutLine: {'line': b'-- Up-to-date: /home/jmj/pro_asp_ws/ws_px4_controls/install/px4_msgs/include/px4_msgs/px4_msgs/msg/detail/sensor_hygrometer__type_support.c\n'}
[0.828622] (px4_msgs) StdoutLine: {'line': b'-- Up-to-date: /home/jmj/pro_asp_ws/ws_px4_controls/install/px4_msgs/include/px4_msgs/px4_msgs/msg/detail/vehicle_command_ack__type_support.c\n'}
[0.828645] (px4_msgs) StdoutLine: {'line': b'-- Up-to-date: /home/jmj/pro_asp_ws/ws_px4_controls/install/px4_msgs/include/px4_msgs/px4_msgs/msg/detail/estimator_sensor_bias__rosidl_typesupport_introspection_c.h\n'}
[0.828670] (px4_msgs) StdoutLine: {'line': b'-- Up-to-date: /home/jmj/pro_asp_ws/ws_px4_controls/install/px4_msgs/include/px4_msgs/px4_msgs/msg/detail/open_drone_id_system__type_support.c\n'}
[0.828693] (px4_msgs) StdoutLine: {'line': b'-- Up-to-date: /home/jmj/pro_asp_ws/ws_px4_controls/install/px4_msgs/include/px4_msgs/px4_msgs/msg/detail/rc_channels__type_support.c\n'}
[0.828715] (px4_msgs) StdoutLine: {'line': b'-- Up-to-date: /home/jmj/pro_asp_ws/ws_px4_controls/install/px4_msgs/include/px4_msgs/px4_msgs/msg/detail/estimator_status__type_support.c\n'}
[0.828739] (px4_msgs) StdoutLine: {'line': b'-- Up-to-date: /home/jmj/pro_asp_ws/ws_px4_controls/install/px4_msgs/include/px4_msgs/px4_msgs/msg/detail/estimator_aid_source1d__type_support.c\n'}
[0.828767] (px4_msgs) StdoutLine: {'line': b'-- Up-to-date: /home/jmj/pro_asp_ws/ws_px4_controls/install/px4_msgs/include/px4_msgs/px4_msgs/msg/detail/offboard_control_mode__rosidl_typesupport_introspection_c.h\n'}
[0.828793] (px4_msgs) StdoutLine: {'line': b'-- Up-to-date: /home/jmj/pro_asp_ws/ws_px4_controls/install/px4_msgs/include/px4_msgs/px4_msgs/msg/detail/camera_trigger__type_support.c\n'}
[0.828816] (px4_msgs) StdoutLine: {'line': b'-- Up-to-date: /home/jmj/pro_asp_ws/ws_px4_controls/install/px4_msgs/include/px4_msgs/px4_msgs/msg/detail/gpio_request__type_support.c\n'}
[0.828839] (px4_msgs) StdoutLine: {'line': b'-- Up-to-date: /home/jmj/pro_asp_ws/ws_px4_controls/install/px4_msgs/include/px4_msgs/px4_msgs/msg/detail/sensor_gyro__rosidl_typesupport_introspection_c.h\n'}
[0.828863] (px4_msgs) StdoutLine: {'line': b'-- Up-to-date: /home/jmj/pro_asp_ws/ws_px4_controls/install/px4_msgs/include/px4_msgs/px4_msgs/msg/detail/wind__rosidl_typesupport_introspection_c.h\n'}
[0.828887] (px4_msgs) StdoutLine: {'line': b'-- Up-to-date: /home/jmj/pro_asp_ws/ws_px4_controls/install/px4_msgs/include/px4_msgs/px4_msgs/msg/detail/failsafe_flags__rosidl_typesupport_introspection_c.h\n'}
[0.828911] (px4_msgs) StdoutLine: {'line': b'-- Up-to-date: /home/jmj/pro_asp_ws/ws_px4_controls/install/px4_msgs/include/px4_msgs/px4_msgs/msg/detail/can_interface_status__type_support.c\n'}
[0.828935] (px4_msgs) StdoutLine: {'line': b'-- Up-to-date: /home/jmj/pro_asp_ws/ws_px4_controls/install/px4_msgs/include/px4_msgs/px4_msgs/msg/detail/estimator_gps_status__type_support.c\n'}
[0.828960] (px4_msgs) StdoutLine: {'line': b'-- Up-to-date: /home/jmj/pro_asp_ws/ws_px4_controls/install/px4_msgs/include/px4_msgs/px4_msgs/msg/detail/fuel_tank_status__type_support.c\n'}
[0.828984] (px4_msgs) StdoutLine: {'line': b'-- Up-to-date: /home/jmj/pro_asp_ws/ws_px4_controls/install/px4_msgs/include/px4_msgs/px4_msgs/msg/detail/actuator_servos_trim__rosidl_typesupport_introspection_c.h\n'}
[0.829008] (px4_msgs) StdoutLine: {'line': b'-- Up-to-date: /home/jmj/pro_asp_ws/ws_px4_controls/install/px4_msgs/include/px4_msgs/px4_msgs/msg/detail/fixed_wing_runway_control__type_support.c\n'}
[0.829052] (px4_msgs) StdoutLine: {'line': b'-- Up-to-date: /home/jmj/pro_asp_ws/ws_px4_controls/install/px4_msgs/include/px4_msgs/px4_msgs/msg/detail/unregister_ext_component__rosidl_typesupport_introspection_c.h\n'}
[0.829075] (px4_msgs) StdoutLine: {'line': b'-- Up-to-date: /home/jmj/pro_asp_ws/ws_px4_controls/install/px4_msgs/include/px4_msgs/px4_msgs/msg/detail/normalized_unsigned_setpoint__rosidl_typesupport_introspection_c.h\n'}
[0.829099] (px4_msgs) StdoutLine: {'line': b'-- Up-to-date: /home/jmj/pro_asp_ws/ws_px4_controls/install/px4_msgs/include/px4_msgs/px4_msgs/msg/detail/navigator_status__rosidl_typesupport_introspection_c.h\n'}
[0.829122] (px4_msgs) StdoutLine: {'line': b'-- Up-to-date: /home/jmj/pro_asp_ws/ws_px4_controls/install/px4_msgs/include/px4_msgs/px4_msgs/msg/detail/gripper__type_support.c\n'}
[0.829147] (px4_msgs) StdoutLine: {'line': b'-- Up-to-date: /home/jmj/pro_asp_ws/ws_px4_controls/install/px4_msgs/include/px4_msgs/px4_msgs/msg/detail/health_report__rosidl_typesupport_introspection_c.h\n'}
[0.829184] (px4_msgs) StdoutLine: {'line': b'-- Up-to-date: /home/jmj/pro_asp_ws/ws_px4_controls/install/px4_msgs/include/px4_msgs/px4_msgs/msg/detail/vehicle_air_data__type_support.c\n'}
[0.829207] (px4_msgs) StdoutLine: {'line': b'-- Up-to-date: /home/jmj/pro_asp_ws/ws_px4_controls/install/px4_msgs/include/px4_msgs/px4_msgs/msg/detail/sensor_correction__rosidl_typesupport_introspection_c.h\n'}
[0.829230] (px4_msgs) StdoutLine: {'line': b'-- Up-to-date: /home/jmj/pro_asp_ws/ws_px4_controls/install/px4_msgs/include/px4_msgs/px4_msgs/msg/detail/landing_gear_wheel__rosidl_typesupport_introspection_c.h\n'}
[0.829282] (px4_msgs) StdoutLine: {'line': b'-- Up-to-date: /home/jmj/pro_asp_ws/ws_px4_controls/install/px4_msgs/include/px4_msgs/px4_msgs/msg/detail/sensor_airflow__type_support.c\n'}
[0.829305] (px4_msgs) StdoutLine: {'line': b'-- Up-to-date: /home/jmj/pro_asp_ws/ws_px4_controls/install/px4_msgs/include/px4_msgs/px4_msgs/msg/detail/actuator_controls_status__rosidl_typesupport_introspection_c.h\n'}
[0.829326] (px4_msgs) StdoutLine: {'line': b'-- Up-to-date: /home/jmj/pro_asp_ws/ws_px4_controls/install/px4_msgs/include/px4_msgs/px4_msgs/msg/detail/debug_array__rosidl_typesupport_introspection_c.h\n'}
[0.829347] (px4_msgs) StdoutLine: {'line': b'-- Up-to-date: /home/jmj/pro_asp_ws/ws_px4_controls/install/px4_msgs/include/px4_msgs/px4_msgs/msg/detail/sensor_hygrometer__rosidl_typesupport_introspection_c.h\n'}
[0.829370] (px4_msgs) StdoutLine: {'line': b'-- Up-to-date: /home/jmj/pro_asp_ws/ws_px4_controls/install/px4_msgs/include/px4_msgs/px4_msgs/msg/detail/goto_setpoint__type_support.c\n'}
[0.829393] (px4_msgs) StdoutLine: {'line': b'-- Up-to-date: /home/jmj/pro_asp_ws/ws_px4_controls/install/px4_msgs/include/px4_msgs/px4_msgs/msg/detail/magnetometer_bias_estimate__rosidl_typesupport_introspection_c.h\n'}
[0.829414] (px4_msgs) StdoutLine: {'line': b'-- Up-to-date: /home/jmj/pro_asp_ws/ws_px4_controls/install/px4_msgs/include/px4_msgs/px4_msgs/msg/detail/rc_parameter_map__type_support.c\n'}
[0.829437] (px4_msgs) StdoutLine: {'line': b'-- Up-to-date: /home/jmj/pro_asp_ws/ws_px4_controls/install/px4_msgs/include/px4_msgs/px4_msgs/msg/detail/mavlink_log__type_support.c\n'}
[0.829459] (px4_msgs) StdoutLine: {'line': b'-- Up-to-date: /home/jmj/pro_asp_ws/ws_px4_controls/install/px4_msgs/include/px4_msgs/px4_msgs/msg/detail/satellite_info__type_support.c\n'}
[0.829481] (px4_msgs) StdoutLine: {'line': b'-- Up-to-date: /home/jmj/pro_asp_ws/ws_px4_controls/install/px4_msgs/include/px4_msgs/px4_msgs/msg/detail/fixed_wing_lateral_status__rosidl_typesupport_introspection_c.h\n'}
[0.829503] (px4_msgs) StdoutLine: {'line': b'-- Up-to-date: /home/jmj/pro_asp_ws/ws_px4_controls/install/px4_msgs/include/px4_msgs/px4_msgs/msg/detail/actuator_servos__rosidl_typesupport_introspection_c.h\n'}
[0.829525] (px4_msgs) StdoutLine: {'line': b'-- Up-to-date: /home/jmj/pro_asp_ws/ws_px4_controls/install/px4_msgs/include/px4_msgs/px4_msgs/msg/detail/orb_test__type_support.c\n'}
[0.829548] (px4_msgs) StdoutLine: {'line': b'-- Up-to-date: /home/jmj/pro_asp_ws/ws_px4_controls/install/px4_msgs/include/px4_msgs/px4_msgs/msg/detail/differential_pressure__rosidl_typesupport_introspection_c.h\n'}
[0.829572] (px4_msgs) StdoutLine: {'line': b'-- Up-to-date: /home/jmj/pro_asp_ws/ws_px4_controls/install/px4_msgs/include/px4_msgs/px4_msgs/msg/detail/internal_combustion_engine_control__rosidl_typesupport_introspection_c.h\n'}
[0.829615] (px4_msgs) StdoutLine: {'line': b'-- Up-to-date: /home/jmj/pro_asp_ws/ws_px4_controls/install/px4_msgs/include/px4_msgs/px4_msgs/msg/detail/internal_combustion_engine_status__rosidl_typesupport_introspection_c.h\n'}
[0.829638] (px4_msgs) StdoutLine: {'line': b'-- Up-to-date: /home/jmj/pro_asp_ws/ws_px4_controls/install/px4_msgs/include/px4_msgs/px4_msgs/msg/detail/orbit_status__type_support.c\n'}
[0.829659] (px4_msgs) StdoutLine: {'line': b'-- Up-to-date: /home/jmj/pro_asp_ws/ws_px4_controls/install/px4_msgs/include/px4_msgs/px4_msgs/msg/detail/rover_steering_setpoint__type_support.c\n'}
[0.829684] (px4_msgs) StdoutLine: {'line': b'-- Up-to-date: /home/jmj/pro_asp_ws/ws_px4_controls/install/px4_msgs/include/px4_msgs/px4_msgs/msg/detail/vehicle_thrust_setpoint__rosidl_typesupport_introspection_c.h\n'}
[0.829706] (px4_msgs) StdoutLine: {'line': b'-- Up-to-date: /home/jmj/pro_asp_ws/ws_px4_controls/install/px4_msgs/include/px4_msgs/px4_msgs/msg/detail/yaw_estimator_status__rosidl_typesupport_introspection_c.h\n'}
[0.829727] (px4_msgs) StdoutLine: {'line': b'-- Up-to-date: /home/jmj/pro_asp_ws/ws_px4_controls/install/px4_msgs/include/px4_msgs/px4_msgs/msg/detail/sensor_selection__rosidl_typesupport_introspection_c.h\n'}
[0.829747] (px4_msgs) StdoutLine: {'line': b'-- Up-to-date: /home/jmj/pro_asp_ws/ws_px4_controls/install/px4_msgs/include/px4_msgs/px4_msgs/msg/detail/mission_result__type_support.c\n'}
[0.829780] (px4_msgs) StdoutLine: {'line': b'-- Up-to-date: /home/jmj/pro_asp_ws/ws_px4_controls/install/px4_msgs/include/px4_msgs/px4_msgs/msg/detail/failsafe_flags__type_support.c\n'}
[0.829802] (px4_msgs) StdoutLine: {'line': b'-- Up-to-date: /home/jmj/pro_asp_ws/ws_px4_controls/install/px4_msgs/include/px4_msgs/px4_msgs/msg/detail/trajectory_setpoint6dof__type_support.c\n'}
[0.829824] (px4_msgs) StdoutLine: {'line': b'-- Up-to-date: /home/jmj/pro_asp_ws/ws_px4_controls/install/px4_msgs/include/px4_msgs/px4_msgs/msg/detail/vehicle_global_position__type_support.c\n'}
[0.829852] (px4_msgs) StdoutLine: {'line': b'-- Up-to-date: /home/jmj/pro_asp_ws/ws_px4_controls/install/px4_msgs/include/px4_msgs/px4_msgs/msg/detail/vehicle_command_ack__rosidl_typesupport_introspection_c.h\n'}
[0.829876] (px4_msgs) StdoutLine: {'line': b'-- Up-to-date: /home/jmj/pro_asp_ws/ws_px4_controls/install/px4_msgs/include/px4_msgs/px4_msgs/msg/detail/telemetry_status__rosidl_typesupport_introspection_c.h\n'}
[0.829901] (px4_msgs) StdoutLine: {'line': b'-- Up-to-date: /home/jmj/pro_asp_ws/ws_px4_controls/install/px4_msgs/include/px4_msgs/px4_msgs/msg/detail/gps_inject_data__type_support.c\n'}
[0.829923] (px4_msgs) StdoutLine: {'line': b'-- Up-to-date: /home/jmj/pro_asp_ws/ws_px4_controls/install/px4_msgs/include/px4_msgs/px4_msgs/msg/detail/launch_detection_status__rosidl_typesupport_introspection_c.h\n'}
[0.829945] (px4_msgs) StdoutLine: {'line': b'-- Up-to-date: /home/jmj/pro_asp_ws/ws_px4_controls/install/px4_msgs/include/px4_msgs/px4_msgs/msg/detail/generator_status__type_support.c\n'}
[0.829969] (px4_msgs) StdoutLine: {'line': b'-- Up-to-date: /home/jmj/pro_asp_ws/ws_px4_controls/install/px4_msgs/include/px4_msgs/px4_msgs/msg/detail/normalized_unsigned_setpoint__type_support.c\n'}
[0.829993] (px4_msgs) StdoutLine: {'line': b'-- Up-to-date: /home/jmj/pro_asp_ws/ws_px4_controls/install/px4_msgs/include/px4_msgs/px4_msgs/msg/detail/longitudinal_control_configuration__type_support.c\n'}
[0.830060] (px4_msgs) StdoutLine: {'line': b'-- Up-to-date: /home/jmj/pro_asp_ws/ws_px4_controls/install/px4_msgs/include/px4_msgs/px4_msgs/msg/detail/ping__rosidl_typesupport_introspection_c.h\n'}
[0.830082] (px4_msgs) StdoutLine: {'line': b'-- Up-to-date: /home/jmj/pro_asp_ws/ws_px4_controls/install/px4_msgs/include/px4_msgs/px4_msgs/msg/detail/heater_status__type_support.c\n'}
[0.830103] (px4_msgs) StdoutLine: {'line': b'-- Up-to-date: /home/jmj/pro_asp_ws/ws_px4_controls/install/px4_msgs/include/px4_msgs/px4_msgs/msg/detail/cellular_status__rosidl_typesupport_introspection_c.h\n'}
[0.830124] (px4_msgs) StdoutLine: {'line': b'-- Up-to-date: /home/jmj/pro_asp_ws/ws_px4_controls/install/px4_msgs/include/px4_msgs/px4_msgs/msg/detail/obstacle_distance__rosidl_typesupport_introspection_c.h\n'}
[0.830145] (px4_msgs) StdoutLine: {'line': b'-- Up-to-date: /home/jmj/pro_asp_ws/ws_px4_controls/install/px4_msgs/include/px4_msgs/px4_msgs/msg/detail/transponder_report__rosidl_typesupport_introspection_c.h\n'}
[0.830167] (px4_msgs) StdoutLine: {'line': b'-- Up-to-date: /home/jmj/pro_asp_ws/ws_px4_controls/install/px4_msgs/include/px4_msgs/px4_msgs/msg/detail/mag_worker_data__type_support.c\n'}
[0.830188] (px4_msgs) StdoutLine: {'line': b'-- Up-to-date: /home/jmj/pro_asp_ws/ws_px4_controls/install/px4_msgs/include/px4_msgs/px4_msgs/msg/detail/task_stack_info__type_support.c\n'}
[0.830232] (px4_msgs) StdoutLine: {'line': b'-- Up-to-date: /home/jmj/pro_asp_ws/ws_px4_controls/install/px4_msgs/include/px4_msgs/px4_msgs/msg/detail/mag_worker_data__rosidl_typesupport_introspection_c.h\n'}
[0.830254] (px4_msgs) StdoutLine: {'line': b'-- Up-to-date: /home/jmj/pro_asp_ws/ws_px4_controls/install/px4_msgs/include/px4_msgs/px4_msgs/msg/detail/open_drone_id_operator_id__rosidl_typesupport_introspection_c.h\n'}
[0.830277] (px4_msgs) StdoutLine: {'line': b'-- Up-to-date: /home/jmj/pro_asp_ws/ws_px4_controls/install/px4_msgs/include/px4_msgs/px4_msgs/msg/detail/fixed_wing_lateral_guidance_status__rosidl_typesupport_introspection_c.h\n'}
[0.830301] (px4_msgs) StdoutLine: {'line': b'-- Up-to-date: /home/jmj/pro_asp_ws/ws_px4_controls/install/px4_msgs/include/px4_msgs/px4_msgs/msg/detail/differential_pressure__type_support.c\n'}
[0.830324] (px4_msgs) StdoutLine: {'line': b'-- Up-to-date: /home/jmj/pro_asp_ws/ws_px4_controls/install/px4_msgs/include/px4_msgs/px4_msgs/msg/detail/distance_sensor_mode_change_request__rosidl_typesupport_introspection_c.h\n'}
[0.830350] (px4_msgs) StdoutLine: {'line': b'-- Up-to-date: /home/jmj/pro_asp_ws/ws_px4_controls/install/px4_msgs/include/px4_msgs/px4_msgs/msg/detail/rover_throttle_setpoint__type_support.c\n'}
[0.830373] (px4_msgs) StdoutLine: {'line': b'-- Up-to-date: /home/jmj/pro_asp_ws/ws_px4_controls/install/px4_msgs/include/px4_msgs/px4_msgs/msg/detail/rover_rate_status__type_support.c\n'}
[0.830394] (px4_msgs) StdoutLine: {'line': b'-- Up-to-date: /home/jmj/pro_asp_ws/ws_px4_controls/install/px4_msgs/include/px4_msgs/px4_msgs/msg/detail/sensor_mag__rosidl_typesupport_introspection_c.h\n'}
[0.830417] (px4_msgs) StdoutLine: {'line': b'-- Up-to-date: /home/jmj/pro_asp_ws/ws_px4_controls/install/px4_msgs/include/px4_msgs/px4_msgs/msg/detail/geofence_status__type_support.c\n'}
[0.830438] (px4_msgs) StdoutLine: {'line': b'-- Up-to-date: /home/jmj/pro_asp_ws/ws_px4_controls/install/px4_msgs/include/px4_msgs/px4_msgs/msg/detail/open_drone_id_arm_status__rosidl_typesupport_introspection_c.h\n'}
[0.830501] (px4_msgs) StdoutLine: {'line': b'-- Up-to-date: /home/jmj/pro_asp_ws/ws_px4_controls/install/px4_msgs/include/px4_msgs/px4_msgs/msg/detail/actuator_test__rosidl_typesupport_introspection_c.h\n'}
[0.830529] (px4_msgs) StdoutLine: {'line': b'-- Up-to-date: /home/jmj/pro_asp_ws/ws_px4_controls/install/px4_msgs/include/px4_msgs/px4_msgs/msg/detail/camera_trigger__rosidl_typesupport_introspection_c.h\n'}
[0.830552] (px4_msgs) StdoutLine: {'line': b'-- Up-to-date: /home/jmj/pro_asp_ws/ws_px4_controls/install/px4_msgs/include/px4_msgs/px4_msgs/msg/detail/dataman_response__type_support.c\n'}
[0.830584] (px4_msgs) StdoutLine: {'line': b'-- Up-to-date: /home/jmj/pro_asp_ws/ws_px4_controls/install/px4_msgs/include/px4_msgs/px4_msgs/msg/detail/sensor_airflow__rosidl_typesupport_introspection_c.h\n'}
[0.830614] (px4_msgs) StdoutLine: {'line': b'-- Up-to-date: /home/jmj/pro_asp_ws/ws_px4_controls/install/px4_msgs/include/px4_msgs/px4_msgs/msg/detail/obstacle_distance__type_support.c\n'}
[0.830652] (px4_msgs) StdoutLine: {'line': b'-- Up-to-date: /home/jmj/pro_asp_ws/ws_px4_controls/install/px4_msgs/include/px4_msgs/px4_msgs/msg/detail/sensor_optical_flow__rosidl_typesupport_introspection_c.h\n'}
[0.830674] (px4_msgs) StdoutLine: {'line': b'-- Up-to-date: /home/jmj/pro_asp_ws/ws_px4_controls/install/px4_msgs/include/px4_msgs/px4_msgs/msg/detail/landing_gear__rosidl_typesupport_introspection_c.h\n'}
[0.830699] (px4_msgs) StdoutLine: {'line': b'-- Up-to-date: /home/jmj/pro_asp_ws/ws_px4_controls/install/px4_msgs/include/px4_msgs/px4_msgs/msg/detail/estimator_sensor_bias__type_support.c\n'}
[0.830724] (px4_msgs) StdoutLine: {'line': b'-- Up-to-date: /home/jmj/pro_asp_ws/ws_px4_controls/install/px4_msgs/include/px4_msgs/px4_msgs/msg/detail/sensor_mag__type_support.c\n'}
[0.830744] (px4_msgs) StdoutLine: {'line': b'-- Up-to-date: /home/jmj/pro_asp_ws/ws_px4_controls/install/px4_msgs/include/px4_msgs/px4_msgs/msg/detail/fixed_wing_longitudinal_setpoint__rosidl_typesupport_introspection_c.h\n'}
[0.830778] (px4_msgs) StdoutLine: {'line': b'-- Up-to-date: /home/jmj/pro_asp_ws/ws_px4_controls/install/px4_msgs/include/px4_msgs/px4_msgs/msg/detail/uavcan_parameter_request__type_support.c\n'}
[0.830803] (px4_msgs) StdoutLine: {'line': b'-- Up-to-date: /home/jmj/pro_asp_ws/ws_px4_controls/install/px4_msgs/include/px4_msgs/px4_msgs/msg/detail/ekf2_timestamps__type_support.c\n'}
[0.830826] (px4_msgs) StdoutLine: {'line': b'-- Up-to-date: /home/jmj/pro_asp_ws/ws_px4_controls/install/px4_msgs/include/px4_msgs/px4_msgs/msg/detail/sensor_gnss_relative__rosidl_typesupport_introspection_c.h\n'}
[0.830855] (px4_msgs) StdoutLine: {'line': b'-- Up-to-date: /home/jmj/pro_asp_ws/ws_px4_controls/install/px4_msgs/include/px4_msgs/px4_msgs/msg/detail/uavcan_parameter_value__rosidl_typesupport_introspection_c.h\n'}
[0.830878] (px4_msgs) StdoutLine: {'line': b'-- Up-to-date: /home/jmj/pro_asp_ws/ws_px4_controls/install/px4_msgs/include/px4_msgs/px4_msgs/msg/detail/gimbal_manager_set_manual_control__type_support.c\n'}
[0.830904] (px4_msgs) StdoutLine: {'line': b'-- Up-to-date: /home/jmj/pro_asp_ws/ws_px4_controls/install/px4_msgs/include/px4_msgs/px4_msgs/msg/detail/register_ext_component_reply__type_support.c\n'}
[0.830932] (px4_msgs) StdoutLine: {'line': b'-- Up-to-date: /home/jmj/pro_asp_ws/ws_px4_controls/install/px4_msgs/include/px4_msgs/px4_msgs/msg/detail/figure_eight_status__rosidl_typesupport_introspection_c.h\n'}
[0.830980] (px4_msgs) StdoutLine: {'line': b'-- Up-to-date: /home/jmj/pro_asp_ws/ws_px4_controls/install/px4_msgs/include/px4_msgs/px4_msgs/msg/detail/rate_ctrl_status__rosidl_typesupport_introspection_c.h\n'}
[0.831022] (px4_msgs) StdoutLine: {'line': b'-- Up-to-date: /home/jmj/pro_asp_ws/ws_px4_controls/install/px4_msgs/include/px4_msgs/px4_msgs/msg/detail/radio_status__rosidl_typesupport_introspection_c.h\n'}
[0.831052] (px4_msgs) StdoutLine: {'line': b'-- Up-to-date: /home/jmj/pro_asp_ws/ws_px4_controls/install/px4_msgs/include/px4_msgs/px4_msgs/msg/detail/pure_pursuit_status__rosidl_typesupport_introspection_c.h\n'}
[0.831080] (px4_msgs) StdoutLine: {'line': b'-- Up-to-date: /home/jmj/pro_asp_ws/ws_px4_controls/install/px4_msgs/include/px4_msgs/px4_msgs/msg/detail/fixed_wing_longitudinal_setpoint__type_support.c\n'}
[0.831107] (px4_msgs) StdoutLine: {'line': b'-- Up-to-date: /home/jmj/pro_asp_ws/ws_px4_controls/install/px4_msgs/include/px4_msgs/px4_msgs/msg/detail/parameter_set_value_response__type_support.c\n'}
[0.831136] (px4_msgs) StdoutLine: {'line': b'-- Up-to-date: /home/jmj/pro_asp_ws/ws_px4_controls/install/px4_msgs/include/px4_msgs/px4_msgs/msg/detail/sensor_selection__type_support.c\n'}
[0.831163] (px4_msgs) StdoutLine: {'line': b'-- Up-to-date: /home/jmj/pro_asp_ws/ws_px4_controls/install/px4_msgs/include/px4_msgs/px4_msgs/msg/detail/arming_check_request__type_support.c\n'}
[0.831233] (px4_msgs) StdoutLine: {'line': b'-- Up-to-date: /home/jmj/pro_asp_ws/ws_px4_controls/install/px4_msgs/include/px4_msgs/px4_msgs/msg/detail/debug_array__type_support.c\n'}
[0.831255] (px4_msgs) StdoutLine: {'line': b'-- Up-to-date: /home/jmj/pro_asp_ws/ws_px4_controls/install/px4_msgs/include/px4_msgs/px4_msgs/msg/detail/open_drone_id_self_id__type_support.c\n'}
[0.831281] (px4_msgs) StdoutLine: {'line': b'-- Up-to-date: /home/jmj/pro_asp_ws/ws_px4_controls/install/px4_msgs/include/px4_msgs/px4_msgs/msg/detail/uavcan_parameter_request__rosidl_typesupport_introspection_c.h\n'}
[0.831303] (px4_msgs) StdoutLine: {'line': b'-- Up-to-date: /home/jmj/pro_asp_ws/ws_px4_controls/install/px4_msgs/include/px4_msgs/px4_msgs/msg/detail/rpm__rosidl_typesupport_introspection_c.h\n'}
[0.831327] (px4_msgs) StdoutLine: {'line': b'-- Up-to-date: /home/jmj/pro_asp_ws/ws_px4_controls/install/px4_msgs/include/px4_msgs/px4_msgs/msg/detail/estimator_innovations__type_support.c\n'}
[0.831354] (px4_msgs) StdoutLine: {'line': b'-- Up-to-date: /home/jmj/pro_asp_ws/ws_px4_controls/install/px4_msgs/include/px4_msgs/px4_msgs/msg/detail/rover_attitude_status__type_support.c\n'}
[0.831396] (px4_msgs) StdoutLine: {'line': b'-- Up-to-date: /home/jmj/pro_asp_ws/ws_px4_controls/install/px4_msgs/include/px4_msgs/px4_msgs/msg/detail/fuel_tank_status__rosidl_typesupport_introspection_c.h\n'}
[0.831419] (px4_msgs) StdoutLine: {'line': b'-- Up-to-date: /home/jmj/pro_asp_ws/ws_px4_controls/install/px4_msgs/include/px4_msgs/px4_msgs/msg/detail/distance_sensor_mode_change_request__type_support.c\n'}
[0.831445] (px4_msgs) StdoutLine: {'line': b'-- Up-to-date: /home/jmj/pro_asp_ws/ws_px4_controls/install/px4_msgs/include/px4_msgs/px4_msgs/msg/detail/rtl_status__type_support.c\n'}
[0.831468] (px4_msgs) StdoutLine: {'line': b'-- Up-to-date: /home/jmj/pro_asp_ws/ws_px4_controls/install/px4_msgs/include/px4_msgs/px4_msgs/msg/detail/vehicle_magnetometer__rosidl_typesupport_introspection_c.h\n'}
[0.831490] (px4_msgs) StdoutLine: {'line': b'-- Up-to-date: /home/jmj/pro_asp_ws/ws_px4_controls/install/px4_msgs/include/px4_msgs/px4_msgs/msg/detail/sensor_gyro_fifo__type_support.c\n'}
[0.831513] (px4_msgs) StdoutLine: {'line': b'-- Up-to-date: /home/jmj/pro_asp_ws/ws_px4_controls/install/px4_msgs/include/px4_msgs/px4_msgs/msg/detail/estimator_states__type_support.c\n'}
[0.831534] (px4_msgs) StdoutLine: {'line': b'-- Up-to-date: /home/jmj/pro_asp_ws/ws_px4_controls/install/px4_msgs/include/px4_msgs/px4_msgs/msg/detail/logger_status__rosidl_typesupport_introspection_c.h\n'}
[0.831557] (px4_msgs) StdoutLine: {'line': b'-- Up-to-date: /home/jmj/pro_asp_ws/ws_px4_controls/install/px4_msgs/include/px4_msgs/px4_msgs/msg/detail/fixed_wing_lateral_guidance_status__type_support.c\n'}
[0.831581] (px4_msgs) StdoutLine: {'line': b'-- Up-to-date: /home/jmj/pro_asp_ws/ws_px4_controls/install/px4_msgs/include/px4_msgs/px4_msgs/msg/detail/orb_test__rosidl_typesupport_introspection_c.h\n'}
[0.831605] (px4_msgs) StdoutLine: {'line': b'-- Up-to-date: /home/jmj/pro_asp_ws/ws_px4_controls/install/px4_msgs/include/px4_msgs/px4_msgs/msg/detail/adc_report__rosidl_typesupport_introspection_c.h\n'}
[0.831632] (px4_msgs) StdoutLine: {'line': b'-- Up-to-date: /home/jmj/pro_asp_ws/ws_px4_controls/install/px4_msgs/include/px4_msgs/px4_msgs/msg/detail/landing_target_pose__type_support.c\n'}
[0.831659] (px4_msgs) StdoutLine: {'line': b'-- Up-to-date: /home/jmj/pro_asp_ws/ws_px4_controls/install/px4_msgs/include/px4_msgs/px4_msgs/msg/detail/rtl_status__rosidl_typesupport_introspection_c.h\n'}
[0.831684] (px4_msgs) StdoutLine: {'line': b'-- Up-to-date: /home/jmj/pro_asp_ws/ws_px4_controls/install/px4_msgs/include/px4_msgs/px4_msgs/msg/detail/dataman_request__rosidl_typesupport_introspection_c.h\n'}
[0.831709] (px4_msgs) StdoutLine: {'line': b'-- Up-to-date: /home/jmj/pro_asp_ws/ws_px4_controls/install/px4_msgs/include/px4_msgs/px4_msgs/msg/detail/actuator_test__type_support.c\n'}
[0.831733] (px4_msgs) StdoutLine: {'line': b'-- Up-to-date: /home/jmj/pro_asp_ws/ws_px4_controls/install/px4_msgs/include/px4_msgs/px4_msgs/msg/detail/debug_value__type_support.c\n'}
[0.831763] (px4_msgs) StdoutLine: {'line': b'-- Up-to-date: /home/jmj/pro_asp_ws/ws_px4_controls/install/px4_msgs/include/px4_msgs/px4_msgs/msg/detail/parameter_reset_request__rosidl_typesupport_introspection_c.h\n'}
[0.831791] (px4_msgs) StdoutLine: {'line': b'-- Up-to-date: /home/jmj/pro_asp_ws/ws_px4_controls/install/px4_msgs/include/px4_msgs/px4_msgs/msg/detail/sensor_preflight_mag__rosidl_typesupport_introspection_c.h\n'}
[0.831834] (px4_msgs) StdoutLine: {'line': b'-- Up-to-date: /home/jmj/pro_asp_ws/ws_px4_controls/install/px4_msgs/include/px4_msgs/px4_msgs/msg/detail/position_controller_landing_status__type_support.c\n'}
[0.831856] (px4_msgs) StdoutLine: {'line': b'-- Up-to-date: /home/jmj/pro_asp_ws/ws_px4_controls/install/px4_msgs/include/px4_msgs/px4_msgs/msg/detail/vehicle_attitude_setpoint__type_support.c\n'}
[0.831877] (px4_msgs) StdoutLine: {'line': b'-- Up-to-date: /home/jmj/pro_asp_ws/ws_px4_controls/install/px4_msgs/include/px4_msgs/px4_msgs/msg/detail/rover_rate_setpoint__type_support.c\n'}
[0.831900] (px4_msgs) StdoutLine: {'line': b'-- Up-to-date: /home/jmj/pro_asp_ws/ws_px4_controls/install/px4_msgs/include/px4_msgs/px4_msgs/msg/detail/satellite_info__rosidl_typesupport_introspection_c.h\n'}
[0.831945] (px4_msgs) StdoutLine: {'line': b'-- Up-to-date: /home/jmj/pro_asp_ws/ws_px4_controls/install/px4_msgs/include/px4_msgs/px4_msgs/msg/detail/geofence_status__rosidl_typesupport_introspection_c.h\n'}
[0.831981] (px4_msgs) StdoutLine: {'line': b'-- Up-to-date: /home/jmj/pro_asp_ws/ws_px4_controls/install/px4_msgs/include/px4_msgs/px4_msgs/msg/detail/irlock_report__rosidl_typesupport_introspection_c.h\n'}
[0.832009] (px4_msgs) StdoutLine: {'line': b'-- Up-to-date: /home/jmj/pro_asp_ws/ws_px4_controls/install/px4_msgs/include/px4_msgs/px4_msgs/msg/detail/action_request__rosidl_typesupport_introspection_c.h\n'}
[0.832040] (px4_msgs) StdoutLine: {'line': b'-- Up-to-date: /home/jmj/pro_asp_ws/ws_px4_controls/install/px4_msgs/include/px4_msgs/px4_msgs/msg/detail/qshell_retval__type_support.c\n'}
[0.832066] (px4_msgs) StdoutLine: {'line': b'-- Up-to-date: /home/jmj/pro_asp_ws/ws_px4_controls/install/px4_msgs/include/px4_msgs/px4_msgs/msg/detail/parameter_set_used_request__type_support.c\n'}
[0.832092] (px4_msgs) StdoutLine: {'line': b'-- Up-to-date: /home/jmj/pro_asp_ws/ws_px4_controls/install/px4_msgs/include/px4_msgs/px4_msgs/msg/detail/tecs_status__type_support.c\n'}
[0.832114] (px4_msgs) StdoutLine: {'line': b'-- Up-to-date: /home/jmj/pro_asp_ws/ws_px4_controls/install/px4_msgs/include/px4_msgs/px4_msgs/msg/detail/gpio_config__rosidl_typesupport_introspection_c.h\n'}
[0.832143] (px4_msgs) StdoutLine: {'line': b'-- Up-to-date: /home/jmj/pro_asp_ws/ws_px4_controls/install/px4_msgs/include/px4_msgs/px4_msgs/msg/detail/vehicle_magnetometer__type_support.c\n'}
[0.832178] (px4_msgs) StdoutLine: {'line': b'-- Up-to-date: /home/jmj/pro_asp_ws/ws_px4_controls/install/px4_msgs/include/px4_msgs/px4_msgs/msg/detail/gpio_config__type_support.c\n'}
[0.832200] (px4_msgs) StdoutLine: {'line': b'-- Up-to-date: /home/jmj/pro_asp_ws/ws_px4_controls/install/px4_msgs/include/px4_msgs/px4_msgs/msg/detail/rover_velocity_setpoint__rosidl_typesupport_introspection_c.h\n'}
[0.832224] (px4_msgs) StdoutLine: {'line': b'-- Up-to-date: /home/jmj/pro_asp_ws/ws_px4_controls/install/px4_msgs/include/px4_msgs/px4_msgs/msg/detail/position_controller_status__type_support.c\n'}
[0.832246] (px4_msgs) StdoutLine: {'line': b'-- Up-to-date: /home/jmj/pro_asp_ws/ws_px4_controls/install/px4_msgs/include/px4_msgs/px4_msgs/msg/detail/sensor_gyro_fft__type_support.c\n'}
[0.832271] (px4_msgs) StdoutLine: {'line': b'-- Up-to-date: /home/jmj/pro_asp_ws/ws_px4_controls/install/px4_msgs/include/px4_msgs/px4_msgs/msg/detail/sensor_combined__type_support.c\n'}
[0.832294] (px4_msgs) StdoutLine: {'line': b'-- Up-to-date: /home/jmj/pro_asp_ws/ws_px4_controls/install/px4_msgs/include/px4_msgs/px4_msgs/msg/detail/actuator_servos_trim__type_support.c\n'}
[0.832317] (px4_msgs) StdoutLine: {'line': b'-- Up-to-date: /home/jmj/pro_asp_ws/ws_px4_controls/install/px4_msgs/include/px4_msgs/px4_msgs/msg/detail/pwm_input__rosidl_typesupport_introspection_c.h\n'}
[0.832342] (px4_msgs) StdoutLine: {'line': b'-- Up-to-date: /home/jmj/pro_asp_ws/ws_px4_controls/install/px4_msgs/include/px4_msgs/px4_msgs/msg/detail/gimbal_device_set_attitude__rosidl_typesupport_introspection_c.h\n'}
[0.832365] (px4_msgs) StdoutLine: {'line': b'-- Up-to-date: /home/jmj/pro_asp_ws/ws_px4_controls/install/px4_msgs/include/px4_msgs/px4_msgs/msg/detail/power_button_state__rosidl_typesupport_introspection_c.h\n'}
[0.832389] (px4_msgs) StdoutLine: {'line': b'-- Up-to-date: /home/jmj/pro_asp_ws/ws_px4_controls/install/px4_msgs/include/px4_msgs/px4_msgs/msg/detail/actuator_armed__type_support.c\n'}
[0.832414] (px4_msgs) StdoutLine: {'line': b'-- Up-to-date: /home/jmj/pro_asp_ws/ws_px4_controls/install/px4_msgs/include/px4_msgs/px4_msgs/msg/detail/cpuload__rosidl_typesupport_introspection_c.h\n'}
[0.832439] (px4_msgs) StdoutLine: {'line': b'-- Up-to-date: /home/jmj/pro_asp_ws/ws_px4_controls/install/px4_msgs/include/px4_msgs/px4_msgs/msg/detail/rc_channels__rosidl_typesupport_introspection_c.h\n'}
[0.832483] (px4_msgs) StdoutLine: {'line': b'-- Up-to-date: /home/jmj/pro_asp_ws/ws_px4_controls/install/px4_msgs/include/px4_msgs/px4_msgs/msg/detail/mavlink_tunnel__type_support.c\n'}
[0.832507] (px4_msgs) StdoutLine: {'line': b'-- Up-to-date: /home/jmj/pro_asp_ws/ws_px4_controls/install/px4_msgs/include/px4_msgs/px4_msgs/msg/detail/gimbal_controls__type_support.c\n'}
[0.832529] (px4_msgs) StdoutLine: {'line': b'-- Up-to-date: /home/jmj/pro_asp_ws/ws_px4_controls/install/px4_msgs/include/px4_msgs/px4_msgs/msg/detail/vehicle_roi__rosidl_typesupport_introspection_c.h\n'}
[0.832550] (px4_msgs) StdoutLine: {'line': b'-- Up-to-date: /home/jmj/pro_asp_ws/ws_px4_controls/install/px4_msgs/include/px4_msgs/px4_msgs/msg/detail/vehicle_acceleration__type_support.c\n'}
[0.832572] (px4_msgs) StdoutLine: {'line': b'-- Up-to-date: /home/jmj/pro_asp_ws/ws_px4_controls/install/px4_msgs/include/px4_msgs/px4_msgs/msg/detail/gps_inject_data__rosidl_typesupport_introspection_c.h\n'}
[0.832594] (px4_msgs) StdoutLine: {'line': b'-- Up-to-date: /home/jmj/pro_asp_ws/ws_px4_controls/install/px4_msgs/include/px4_msgs/px4_msgs/msg/detail/control_allocator_status__rosidl_typesupport_introspection_c.h\n'}
[0.832617] (px4_msgs) StdoutLine: {'line': b'-- Up-to-date: /home/jmj/pro_asp_ws/ws_px4_controls/install/px4_msgs/include/px4_msgs/px4_msgs/msg/detail/orb_test_medium__rosidl_typesupport_introspection_c.h\n'}
[0.832639] (px4_msgs) StdoutLine: {'line': b'-- Up-to-date: /home/jmj/pro_asp_ws/ws_px4_controls/install/px4_msgs/include/px4_msgs/px4_msgs/msg/detail/rate_ctrl_status__type_support.c\n'}
[0.832660] (px4_msgs) StdoutLine: {'line': b'-- Up-to-date: /home/jmj/pro_asp_ws/ws_px4_controls/install/px4_msgs/include/px4_msgs/px4_msgs/msg/detail/actuator_servos__type_support.c\n'}
[0.832682] (px4_msgs) StdoutLine: {'line': b'-- Up-to-date: /home/jmj/pro_asp_ws/ws_px4_controls/install/px4_msgs/include/px4_msgs/px4_msgs/msg/detail/vehicle_constraints__type_support.c\n'}
[0.832704] (px4_msgs) StdoutLine: {'line': b'-- Up-to-date: /home/jmj/pro_asp_ws/ws_px4_controls/install/px4_msgs/include/px4_msgs/px4_msgs/msg/detail/fixed_wing_lateral_setpoint__type_support.c\n'}
[0.832727] (px4_msgs) StdoutLine: {'line': b'-- Up-to-date: /home/jmj/pro_asp_ws/ws_px4_controls/install/px4_msgs/include/px4_msgs/px4_msgs/msg/detail/vehicle_thrust_setpoint__type_support.c\n'}
[0.832750] (px4_msgs) StdoutLine: {'line': b'-- Up-to-date: /home/jmj/pro_asp_ws/ws_px4_controls/install/px4_msgs/include/px4_msgs/px4_msgs/msg/detail/position_setpoint_triplet__rosidl_typesupport_introspection_c.h\n'}
[0.832788] (px4_msgs) StdoutLine: {'line': b'-- Up-to-date: /home/jmj/pro_asp_ws/ws_px4_controls/install/px4_msgs/include/px4_msgs/px4_msgs/msg/detail/battery_status__type_support.c\n'}
[0.832811] (px4_msgs) StdoutLine: {'line': b'-- Up-to-date: /home/jmj/pro_asp_ws/ws_px4_controls/install/px4_msgs/include/px4_msgs/px4_msgs/msg/detail/gpio_in__type_support.c\n'}
[0.832831] (px4_msgs) StdoutLine: {'line': b'-- Up-to-date: /home/jmj/pro_asp_ws/ws_px4_controls/install/px4_msgs/include/px4_msgs/px4_msgs/msg/detail/mavlink_log__rosidl_typesupport_introspection_c.h\n'}
[0.832857] (px4_msgs) StdoutLine: {'line': b'-- Up-to-date: /home/jmj/pro_asp_ws/ws_px4_controls/install/px4_msgs/include/px4_msgs/px4_msgs/msg/detail/vehicle_angular_velocity__rosidl_typesupport_introspection_c.h\n'}
[0.832879] (px4_msgs) StdoutLine: {'line': b'-- Up-to-date: /home/jmj/pro_asp_ws/ws_px4_controls/install/px4_msgs/include/px4_msgs/px4_msgs/msg/detail/orb_test_large__type_support.c\n'}
[0.832900] (px4_msgs) StdoutLine: {'line': b'-- Up-to-date: /home/jmj/pro_asp_ws/ws_px4_controls/install/px4_msgs/include/px4_msgs/px4_msgs/msg/detail/log_message__type_support.c\n'}
[0.832921] (px4_msgs) StdoutLine: {'line': b'-- Up-to-date: /home/jmj/pro_asp_ws/ws_px4_controls/install/px4_msgs/include/px4_msgs/px4_msgs/msg/detail/mission_result__rosidl_typesupport_introspection_c.h\n'}
[0.832941] (px4_msgs) StdoutLine: {'line': b'-- Up-to-date: /home/jmj/pro_asp_ws/ws_px4_controls/install/px4_msgs/include/px4_msgs/px4_msgs/msg/detail/sensor_baro__type_support.c\n'}
[0.832964] (px4_msgs) StdoutLine: {'line': b'-- Up-to-date: /home/jmj/pro_asp_ws/ws_px4_controls/install/px4_msgs/include/px4_msgs/px4_msgs/msg/detail/sensors_status_imu__rosidl_typesupport_introspection_c.h\n'}
[0.832985] (px4_msgs) StdoutLine: {'line': b'-- Up-to-date: /home/jmj/pro_asp_ws/ws_px4_controls/install/px4_msgs/include/px4_msgs/px4_msgs/msg/detail/landing_gear_wheel__type_support.c\n'}
[0.833009] (px4_msgs) StdoutLine: {'line': b'-- Up-to-date: /home/jmj/pro_asp_ws/ws_px4_controls/install/px4_msgs/include/px4_msgs/px4_msgs/msg/detail/register_ext_component_request__type_support.c\n'}
[0.833031] (px4_msgs) StdoutLine: {'line': b'-- Up-to-date: /home/jmj/pro_asp_ws/ws_px4_controls/install/px4_msgs/include/px4_msgs/px4_msgs/msg/detail/px4io_status__rosidl_typesupport_introspection_c.h\n'}
[0.833054] (px4_msgs) StdoutLine: {'line': b'-- Up-to-date: /home/jmj/pro_asp_ws/ws_px4_controls/install/px4_msgs/include/px4_msgs/px4_msgs/msg/detail/esc_status__type_support.c\n'}
[0.833079] (px4_msgs) StdoutLine: {'line': b'-- Up-to-date: /home/jmj/pro_asp_ws/ws_px4_controls/install/px4_msgs/include/px4_msgs/px4_msgs/msg/detail/message_format_request__type_support.c\n'}
[0.833102] (px4_msgs) StdoutLine: {'line': b'-- Up-to-date: /home/jmj/pro_asp_ws/ws_px4_controls/install/px4_msgs/include/px4_msgs/px4_msgs/msg/detail/sensor_optical_flow__type_support.c\n'}
[0.833125] (px4_msgs) StdoutLine: {'line': b'-- Up-to-date: /home/jmj/pro_asp_ws/ws_px4_controls/install/px4_msgs/include/px4_msgs/px4_msgs/msg/detail/button_event__type_support.c\n'}
[0.833149] (px4_msgs) StdoutLine: {'line': b'-- Up-to-date: /home/jmj/pro_asp_ws/ws_px4_controls/install/px4_msgs/include/px4_msgs/px4_msgs/msg/detail/airspeed_wind__rosidl_typesupport_introspection_c.h\n'}
[0.833174] (px4_msgs) StdoutLine: {'line': b'-- Up-to-date: /home/jmj/pro_asp_ws/ws_px4_controls/install/px4_msgs/include/px4_msgs/px4_msgs/msg/detail/debug_value__rosidl_typesupport_introspection_c.h\n'}
[0.833198] (px4_msgs) StdoutLine: {'line': b'-- Up-to-date: /home/jmj/pro_asp_ws/ws_px4_controls/install/px4_msgs/include/px4_msgs/px4_msgs/msg/detail/rover_steering_setpoint__rosidl_typesupport_introspection_c.h\n'}
[0.833235] (px4_msgs) StdoutLine: {'line': b'-- Up-to-date: /home/jmj/pro_asp_ws/ws_px4_controls/install/px4_msgs/include/px4_msgs/px4_msgs/msg/detail/pps_capture__type_support.c\n'}
[0.833260] (px4_msgs) StdoutLine: {'line': b'-- Up-to-date: /home/jmj/pro_asp_ws/ws_px4_controls/install/px4_msgs/include/px4_msgs/px4_msgs/msg/detail/mission__type_support.c\n'}
[0.833284] (px4_msgs) StdoutLine: {'line': b'-- Up-to-date: /home/jmj/pro_asp_ws/ws_px4_controls/install/px4_msgs/include/px4_msgs/px4_msgs/msg/detail/arming_check_reply__rosidl_typesupport_introspection_c.h\n'}
[0.833308] (px4_msgs) StdoutLine: {'line': b'-- Up-to-date: /home/jmj/pro_asp_ws/ws_px4_controls/install/px4_msgs/include/px4_msgs/px4_msgs/msg/detail/internal_combustion_engine_status__type_support.c\n'}
[0.833331] (px4_msgs) StdoutLine: {'line': b'-- Up-to-date: /home/jmj/pro_asp_ws/ws_px4_controls/install/px4_msgs/include/px4_msgs/px4_msgs/msg/detail/vehicle_angular_acceleration_setpoint__rosidl_typesupport_introspection_c.h\n'}
[0.833354] (px4_msgs) StdoutLine: {'line': b'-- Up-to-date: /home/jmj/pro_asp_ws/ws_px4_controls/install/px4_msgs/include/px4_msgs/px4_msgs/msg/detail/offboard_control_mode__type_support.c\n'}
[0.833377] (px4_msgs) StdoutLine: {'line': b'-- Up-to-date: /home/jmj/pro_asp_ws/ws_px4_controls/install/px4_msgs/include/px4_msgs/px4_msgs/msg/detail/parameter_set_value_request__type_support.c\n'}
[0.833400] (px4_msgs) StdoutLine: {'line': b'-- Up-to-date: /home/jmj/pro_asp_ws/ws_px4_controls/install/px4_msgs/include/px4_msgs/px4_msgs/msg/detail/gimbal_device_information__type_support.c\n'}
[0.833423] (px4_msgs) StdoutLine: {'line': b'-- Up-to-date: /home/jmj/pro_asp_ws/ws_px4_controls/install/px4_msgs/include/px4_msgs/px4_msgs/msg/detail/follow_target_status__type_support.c\n'}
[0.833446] (px4_msgs) StdoutLine: {'line': b'-- Up-to-date: /home/jmj/pro_asp_ws/ws_px4_controls/install/px4_msgs/include/px4_msgs/px4_msgs/msg/detail/vehicle_acceleration__rosidl_typesupport_introspection_c.h\n'}
[0.833484] (px4_msgs) StdoutLine: {'line': b'-- Up-to-date: /home/jmj/pro_asp_ws/ws_px4_controls/install/px4_msgs/include/px4_msgs/px4_msgs/msg/detail/gpio_in__rosidl_typesupport_introspection_c.h\n'}
[0.833511] (px4_msgs) StdoutLine: {'line': b'-- Up-to-date: /home/jmj/pro_asp_ws/ws_px4_controls/install/px4_msgs/include/px4_msgs/px4_msgs/msg/detail/rpm__type_support.c\n'}
[0.833534] (px4_msgs) StdoutLine: {'line': b'-- Up-to-date: /home/jmj/pro_asp_ws/ws_px4_controls/install/px4_msgs/include/px4_msgs/px4_msgs/msg/detail/estimator_selector_status__type_support.c\n'}
[0.833557] (px4_msgs) StdoutLine: {'line': b'-- Up-to-date: /home/jmj/pro_asp_ws/ws_px4_controls/install/px4_msgs/include/px4_msgs/px4_msgs/msg/detail/position_setpoint__rosidl_typesupport_introspection_c.h\n'}
[0.833580] (px4_msgs) StdoutLine: {'line': b'-- Up-to-date: /home/jmj/pro_asp_ws/ws_px4_controls/install/px4_msgs/include/px4_msgs/px4_msgs/msg/detail/wind__type_support.c\n'}
[0.833602] (px4_msgs) StdoutLine: {'line': b'-- Up-to-date: /home/jmj/pro_asp_ws/ws_px4_controls/install/px4_msgs/include/px4_msgs/px4_msgs/msg/detail/tune_control__rosidl_typesupport_introspection_c.h\n'}
[0.833623] (px4_msgs) StdoutLine: {'line': b'-- Up-to-date: /home/jmj/pro_asp_ws/ws_px4_controls/install/px4_msgs/include/px4_msgs/px4_msgs/msg/detail/follow_target__rosidl_typesupport_introspection_c.h\n'}
[0.833645] (px4_msgs) StdoutLine: {'line': b'-- Up-to-date: /home/jmj/pro_asp_ws/ws_px4_controls/install/px4_msgs/include/px4_msgs/px4_msgs/msg/detail/ulog_stream_ack__rosidl_typesupport_introspection_c.h\n'}
[0.833670] (px4_msgs) StdoutLine: {'line': b'-- Up-to-date: /home/jmj/pro_asp_ws/ws_px4_controls/install/px4_msgs/include/px4_msgs/px4_msgs/msg/detail/config_overrides__type_support.c\n'}
[0.833693] (px4_msgs) StdoutLine: {'line': b'-- Up-to-date: /home/jmj/pro_asp_ws/ws_px4_controls/install/px4_msgs/include/px4_msgs/px4_msgs/msg/detail/adc_report__type_support.c\n'}
[0.833718] (px4_msgs) StdoutLine: {'line': b'-- Up-to-date: /home/jmj/pro_asp_ws/ws_px4_controls/install/px4_msgs/include/px4_msgs/px4_msgs/msg/detail/vehicle_imu_status__rosidl_typesupport_introspection_c.h\n'}
[0.833741] (px4_msgs) StdoutLine: {'line': b'-- Up-to-date: /home/jmj/pro_asp_ws/ws_px4_controls/install/px4_msgs/include/px4_msgs/px4_msgs/msg/detail/vtol_vehicle_status__rosidl_typesupport_introspection_c.h\n'}
[0.833768] (px4_msgs) StdoutLine: {'line': b'-- Up-to-date: /home/jmj/pro_asp_ws/ws_px4_controls/install/px4_msgs/include/px4_msgs/px4_msgs/msg/detail/gimbal_manager_information__type_support.c\n'}
[0.833793] (px4_msgs) StdoutLine: {'line': b'-- Up-to-date: /home/jmj/pro_asp_ws/ws_px4_controls/install/px4_msgs/include/px4_msgs/px4_msgs/msg/detail/esc_status__rosidl_typesupport_introspection_c.h\n'}
[0.833817] (px4_msgs) StdoutLine: {'line': b'-- Up-to-date: /home/jmj/pro_asp_ws/ws_px4_controls/install/px4_msgs/include/px4_msgs/px4_msgs/msg/detail/navigator_status__type_support.c\n'}
[0.833840] (px4_msgs) StdoutLine: {'line': b'-- Up-to-date: /home/jmj/pro_asp_ws/ws_px4_controls/install/px4_msgs/include/px4_msgs/px4_msgs/msg/detail/vehicle_odometry__rosidl_typesupport_introspection_c.h\n'}
[0.833880] (px4_msgs) StdoutLine: {'line': b'-- Up-to-date: /home/jmj/pro_asp_ws/ws_px4_controls/install/px4_msgs/include/px4_msgs/px4_msgs/msg/detail/control_allocator_status__type_support.c\n'}
[0.833902] (px4_msgs) StdoutLine: {'line': b'-- Up-to-date: /home/jmj/pro_asp_ws/ws_px4_controls/install/px4_msgs/include/px4_msgs/px4_msgs/msg/detail/ulog_stream__type_support.c\n'}
[0.833924] (px4_msgs) StdoutLine: {'line': b'-- Up-to-date: /home/jmj/pro_asp_ws/ws_px4_controls/install/px4_msgs/include/px4_msgs/px4_msgs/msg/detail/gimbal_manager_set_manual_control__rosidl_typesupport_introspection_c.h\n'}
[0.833945] (px4_msgs) StdoutLine: {'line': b'-- Up-to-date: /home/jmj/pro_asp_ws/ws_px4_controls/install/px4_msgs/include/px4_msgs/px4_msgs/msg/detail/airspeed_wind__type_support.c\n'}
[0.833969] (px4_msgs) StdoutLine: {'line': b'-- Up-to-date: /home/jmj/pro_asp_ws/ws_px4_controls/install/px4_msgs/include/px4_msgs/px4_msgs/msg/detail/actuator_controls_status__type_support.c\n'}
[0.833990] (px4_msgs) StdoutLine: {'line': b'-- Up-to-date: /home/jmj/pro_asp_ws/ws_px4_controls/install/px4_msgs/include/px4_msgs/px4_msgs/msg/detail/ekf2_timestamps__rosidl_typesupport_introspection_c.h\n'}
[0.834013] (px4_msgs) StdoutLine: {'line': b'-- Up-to-date: /home/jmj/pro_asp_ws/ws_px4_controls/install/px4_msgs/include/px4_msgs/px4_msgs/msg/detail/register_ext_component_request__rosidl_typesupport_introspection_c.h\n'}
[0.834035] (px4_msgs) StdoutLine: {'line': b'-- Up-to-date: /home/jmj/pro_asp_ws/ws_px4_controls/install/px4_msgs/include/px4_msgs/px4_msgs/msg/detail/trajectory_setpoint__type_support.c\n'}
[0.834060] (px4_msgs) StdoutLine: {'line': b'-- Up-to-date: /home/jmj/pro_asp_ws/ws_px4_controls/install/px4_msgs/include/px4_msgs/px4_msgs/msg/detail/landing_gear__type_support.c\n'}
[0.834085] (px4_msgs) StdoutLine: {'line': b'-- Up-to-date: /home/jmj/pro_asp_ws/ws_px4_controls/install/px4_msgs/include/px4_msgs/px4_msgs/msg/detail/airspeed__rosidl_typesupport_introspection_c.h\n'}
[0.834109] (px4_msgs) StdoutLine: {'line': b'-- Up-to-date: /home/jmj/pro_asp_ws/ws_px4_controls/install/px4_msgs/include/px4_msgs/px4_msgs/msg/detail/battery_status__rosidl_typesupport_introspection_c.h\n'}
[0.834132] (px4_msgs) StdoutLine: {'line': b'-- Up-to-date: /home/jmj/pro_asp_ws/ws_px4_controls/install/px4_msgs/include/px4_msgs/px4_msgs/msg/rosidl_typesupport_introspection_c__visibility_control.h\n'}
[0.834179] (px4_msgs) StdoutLine: {'line': b'-- Up-to-date: /home/jmj/pro_asp_ws/ws_px4_controls/install/px4_msgs/lib/libpx4_msgs__rosidl_typesupport_introspection_c.so\n'}
[0.834202] (px4_msgs) StdoutLine: {'line': b'-- Up-to-date: /home/jmj/pro_asp_ws/ws_px4_controls/install/px4_msgs/lib/libpx4_msgs__rosidl_typesupport_c.so\n'}
[0.834224] (px4_msgs) StdoutLine: {'line': b'-- Up-to-date: /home/jmj/pro_asp_ws/ws_px4_controls/install/px4_msgs/include/px4_msgs/px4_msgs\n'}
[0.834259] (px4_msgs) StdoutLine: {'line': b'-- Up-to-date: /home/jmj/pro_asp_ws/ws_px4_controls/install/px4_msgs/include/px4_msgs/px4_msgs/srv\n'}
[0.834281] (px4_msgs) StdoutLine: {'line': b'-- Up-to-date: /home/jmj/pro_asp_ws/ws_px4_controls/install/px4_msgs/include/px4_msgs/px4_msgs/srv/detail\n'}
[0.834302] (px4_msgs) StdoutLine: {'line': b'-- Up-to-date: /home/jmj/pro_asp_ws/ws_px4_controls/install/px4_msgs/include/px4_msgs/px4_msgs/srv/detail/vehicle_command__rosidl_typesupport_introspection_cpp.hpp\n'}
[0.834323] (px4_msgs) StdoutLine: {'line': b'-- Up-to-date: /home/jmj/pro_asp_ws/ws_px4_controls/install/px4_msgs/include/px4_msgs/px4_msgs/srv/detail/vehicle_command__type_support.cpp\n'}
[0.834345] (px4_msgs) StdoutLine: {'line': b'-- Up-to-date: /home/jmj/pro_asp_ws/ws_px4_controls/install/px4_msgs/include/px4_msgs/px4_msgs/msg\n'}
[0.834366] (px4_msgs) StdoutLine: {'line': b'-- Up-to-date: /home/jmj/pro_asp_ws/ws_px4_controls/install/px4_msgs/include/px4_msgs/px4_msgs/msg/detail\n'}
[0.834388] (px4_msgs) StdoutLine: {'line': b'-- Up-to-date: /home/jmj/pro_asp_ws/ws_px4_controls/install/px4_msgs/include/px4_msgs/px4_msgs/msg/detail/sensor_gnss_relative__type_support.cpp\n'}
[0.834409] (px4_msgs) StdoutLine: {'line': b'-- Up-to-date: /home/jmj/pro_asp_ws/ws_px4_controls/install/px4_msgs/include/px4_msgs/px4_msgs/msg/detail/gpio_out__type_support.cpp\n'}
[0.834432] (px4_msgs) StdoutLine: {'line': b'-- Up-to-date: /home/jmj/pro_asp_ws/ws_px4_controls/install/px4_msgs/include/px4_msgs/px4_msgs/msg/detail/vehicle_odometry__rosidl_typesupport_introspection_cpp.hpp\n'}
[0.834455] (px4_msgs) StdoutLine: {'line': b'-- Up-to-date: /home/jmj/pro_asp_ws/ws_px4_controls/install/px4_msgs/include/px4_msgs/px4_msgs/msg/detail/landing_target_innovations__rosidl_typesupport_introspection_cpp.hpp\n'}
[0.834484] (px4_msgs) StdoutLine: {'line': b'-- Up-to-date: /home/jmj/pro_asp_ws/ws_px4_controls/install/px4_msgs/include/px4_msgs/px4_msgs/msg/detail/actuator_servos_trim__rosidl_typesupport_introspection_cpp.hpp\n'}
[0.834520] (px4_msgs) StdoutLine: {'line': b'-- Up-to-date: /home/jmj/pro_asp_ws/ws_px4_controls/install/px4_msgs/include/px4_msgs/px4_msgs/msg/detail/task_stack_info__rosidl_typesupport_introspection_cpp.hpp\n'}
[0.834545] (px4_msgs) StdoutLine: {'line': b'-- Up-to-date: /home/jmj/pro_asp_ws/ws_px4_controls/install/px4_msgs/include/px4_msgs/px4_msgs/msg/detail/generator_status__type_support.cpp\n'}
[0.834566] (px4_msgs) StdoutLine: {'line': b'-- Up-to-date: /home/jmj/pro_asp_ws/ws_px4_controls/install/px4_msgs/include/px4_msgs/px4_msgs/msg/detail/mount_orientation__rosidl_typesupport_introspection_cpp.hpp\n'}
[0.834587] (px4_msgs) StdoutLine: {'line': b'-- Up-to-date: /home/jmj/pro_asp_ws/ws_px4_controls/install/px4_msgs/include/px4_msgs/px4_msgs/msg/detail/sensor_accel_fifo__rosidl_typesupport_introspection_cpp.hpp\n'}
[0.834608] (px4_msgs) StdoutLine: {'line': b'-- Up-to-date: /home/jmj/pro_asp_ws/ws_px4_controls/install/px4_msgs/include/px4_msgs/px4_msgs/msg/detail/sensor_combined__type_support.cpp\n'}
[0.834630] (px4_msgs) StdoutLine: {'line': b'-- Up-to-date: /home/jmj/pro_asp_ws/ws_px4_controls/install/px4_msgs/include/px4_msgs/px4_msgs/msg/detail/orb_test_medium__type_support.cpp\n'}
[0.834659] (px4_msgs) StdoutLine: {'line': b'-- Up-to-date: /home/jmj/pro_asp_ws/ws_px4_controls/install/px4_msgs/include/px4_msgs/px4_msgs/msg/detail/uavcan_parameter_value__rosidl_typesupport_introspection_cpp.hpp\n'}
[0.834681] (px4_msgs) StdoutLine: {'line': b'-- Up-to-date: /home/jmj/pro_asp_ws/ws_px4_controls/install/px4_msgs/include/px4_msgs/px4_msgs/msg/detail/lateral_control_configuration__type_support.cpp\n'}
[0.834702] (px4_msgs) StdoutLine: {'line': b'-- Up-to-date: /home/jmj/pro_asp_ws/ws_px4_controls/install/px4_msgs/include/px4_msgs/px4_msgs/msg/detail/battery_status__rosidl_typesupport_introspection_cpp.hpp\n'}
[0.834724] (px4_msgs) StdoutLine: {'line': b'-- Up-to-date: /home/jmj/pro_asp_ws/ws_px4_controls/install/px4_msgs/include/px4_msgs/px4_msgs/msg/detail/mavlink_log__rosidl_typesupport_introspection_cpp.hpp\n'}
[0.834744] (px4_msgs) StdoutLine: {'line': b'-- Up-to-date: /home/jmj/pro_asp_ws/ws_px4_controls/install/px4_msgs/include/px4_msgs/px4_msgs/msg/detail/open_drone_id_system__rosidl_typesupport_introspection_cpp.hpp\n'}
[0.834770] (px4_msgs) StdoutLine: {'line': b'-- Up-to-date: /home/jmj/pro_asp_ws/ws_px4_controls/install/px4_msgs/include/px4_msgs/px4_msgs/msg/detail/input_rc__type_support.cpp\n'}
[0.834792] (px4_msgs) StdoutLine: {'line': b'-- Up-to-date: /home/jmj/pro_asp_ws/ws_px4_controls/install/px4_msgs/include/px4_msgs/px4_msgs/msg/detail/gimbal_device_set_attitude__rosidl_typesupport_introspection_cpp.hpp\n'}
[0.834816] (px4_msgs) StdoutLine: {'line': b'-- Up-to-date: /home/jmj/pro_asp_ws/ws_px4_controls/install/px4_msgs/include/px4_msgs/px4_msgs/msg/detail/gimbal_controls__rosidl_typesupport_introspection_cpp.hpp\n'}
[0.834841] (px4_msgs) StdoutLine: {'line': b'-- Up-to-date: /home/jmj/pro_asp_ws/ws_px4_controls/install/px4_msgs/include/px4_msgs/px4_msgs/msg/detail/transponder_report__rosidl_typesupport_introspection_cpp.hpp\n'}
[0.834862] (px4_msgs) StdoutLine: {'line': b'-- Up-to-date: /home/jmj/pro_asp_ws/ws_px4_controls/install/px4_msgs/include/px4_msgs/px4_msgs/msg/detail/actuator_controls_status__rosidl_typesupport_introspection_cpp.hpp\n'}
[0.834882] (px4_msgs) StdoutLine: {'line': b'-- Up-to-date: /home/jmj/pro_asp_ws/ws_px4_controls/install/px4_msgs/include/px4_msgs/px4_msgs/msg/detail/vehicle_command_ack__type_support.cpp\n'}
[0.834904] (px4_msgs) StdoutLine: {'line': b'-- Up-to-date: /home/jmj/pro_asp_ws/ws_px4_controls/install/px4_msgs/include/px4_msgs/px4_msgs/msg/detail/goto_setpoint__rosidl_typesupport_introspection_cpp.hpp\n'}
[0.834924] (px4_msgs) StdoutLine: {'line': b'-- Up-to-date: /home/jmj/pro_asp_ws/ws_px4_controls/install/px4_msgs/include/px4_msgs/px4_msgs/msg/detail/parameter_set_value_request__type_support.cpp\n'}
[0.834947] (px4_msgs) StdoutLine: {'line': b'-- Up-to-date: /home/jmj/pro_asp_ws/ws_px4_controls/install/px4_msgs/include/px4_msgs/px4_msgs/msg/detail/action_request__rosidl_typesupport_introspection_cpp.hpp\n'}
[0.834978] (px4_msgs) StdoutLine: {'line': b'-- Up-to-date: /home/jmj/pro_asp_ws/ws_px4_controls/install/px4_msgs/include/px4_msgs/px4_msgs/msg/detail/timesync_status__type_support.cpp\n'}
[0.835000] (px4_msgs) StdoutLine: {'line': b'-- Up-to-date: /home/jmj/pro_asp_ws/ws_px4_controls/install/px4_msgs/include/px4_msgs/px4_msgs/msg/detail/ulog_stream_ack__rosidl_typesupport_introspection_cpp.hpp\n'}
[0.835020] (px4_msgs) StdoutLine: {'line': b'-- Up-to-date: /home/jmj/pro_asp_ws/ws_px4_controls/install/px4_msgs/include/px4_msgs/px4_msgs/msg/detail/qshell_req__type_support.cpp\n'}
[0.835042] (px4_msgs) StdoutLine: {'line': b'-- Up-to-date: /home/jmj/pro_asp_ws/ws_px4_controls/install/px4_msgs/include/px4_msgs/px4_msgs/msg/detail/rover_rate_setpoint__type_support.cpp\n'}
[0.835063] (px4_msgs) StdoutLine: {'line': b'-- Up-to-date: /home/jmj/pro_asp_ws/ws_px4_controls/install/px4_msgs/include/px4_msgs/px4_msgs/msg/detail/rover_attitude_setpoint__rosidl_typesupport_introspection_cpp.hpp\n'}
[0.835084] (px4_msgs) StdoutLine: {'line': b'-- Up-to-date: /home/jmj/pro_asp_ws/ws_px4_controls/install/px4_msgs/include/px4_msgs/px4_msgs/msg/detail/airspeed_wind__rosidl_typesupport_introspection_cpp.hpp\n'}
[0.835107] (px4_msgs) StdoutLine: {'line': b'-- Up-to-date: /home/jmj/pro_asp_ws/ws_px4_controls/install/px4_msgs/include/px4_msgs/px4_msgs/msg/detail/figure_eight_status__rosidl_typesupport_introspection_cpp.hpp\n'}
[0.835128] (px4_msgs) StdoutLine: {'line': b'-- Up-to-date: /home/jmj/pro_asp_ws/ws_px4_controls/install/px4_msgs/include/px4_msgs/px4_msgs/msg/detail/trajectory_setpoint__rosidl_typesupport_introspection_cpp.hpp\n'}
[0.835151] (px4_msgs) StdoutLine: {'line': b'-- Up-to-date: /home/jmj/pro_asp_ws/ws_px4_controls/install/px4_msgs/include/px4_msgs/px4_msgs/msg/detail/sensor_gyro_fft__type_support.cpp\n'}
[0.835181] (px4_msgs) StdoutLine: {'line': b'-- Up-to-date: /home/jmj/pro_asp_ws/ws_px4_controls/install/px4_msgs/include/px4_msgs/px4_msgs/msg/detail/parameter_update__type_support.cpp\n'}
[0.835203] (px4_msgs) StdoutLine: {'line': b'-- Up-to-date: /home/jmj/pro_asp_ws/ws_px4_controls/install/px4_msgs/include/px4_msgs/px4_msgs/msg/detail/orbit_status__type_support.cpp\n'}
[0.835224] (px4_msgs) StdoutLine: {'line': b'-- Up-to-date: /home/jmj/pro_asp_ws/ws_px4_controls/install/px4_msgs/include/px4_msgs/px4_msgs/msg/detail/vehicle_acceleration__rosidl_typesupport_introspection_cpp.hpp\n'}
[0.835244] (px4_msgs) StdoutLine: {'line': b'-- Up-to-date: /home/jmj/pro_asp_ws/ws_px4_controls/install/px4_msgs/include/px4_msgs/px4_msgs/msg/detail/can_interface_status__type_support.cpp\n'}
[0.835266] (px4_msgs) StdoutLine: {'line': b'-- Up-to-date: /home/jmj/pro_asp_ws/ws_px4_controls/install/px4_msgs/include/px4_msgs/px4_msgs/msg/detail/rc_channels__type_support.cpp\n'}
[0.835299] (px4_msgs) StdoutLine: {'line': b'-- Up-to-date: /home/jmj/pro_asp_ws/ws_px4_controls/install/px4_msgs/include/px4_msgs/px4_msgs/msg/detail/camera_capture__rosidl_typesupport_introspection_cpp.hpp\n'}
[0.835329] (px4_msgs) StdoutLine: {'line': b'-- Up-to-date: /home/jmj/pro_asp_ws/ws_px4_controls/install/px4_msgs/include/px4_msgs/px4_msgs/msg/detail/tune_control__rosidl_typesupport_introspection_cpp.hpp\n'}
[0.835362] (px4_msgs) StdoutLine: {'line': b'-- Up-to-date: /home/jmj/pro_asp_ws/ws_px4_controls/install/px4_msgs/include/px4_msgs/px4_msgs/msg/detail/estimator_selector_status__rosidl_typesupport_introspection_cpp.hpp\n'}
[0.835389] (px4_msgs) StdoutLine: {'line': b'-- Up-to-date: /home/jmj/pro_asp_ws/ws_px4_controls/install/px4_msgs/include/px4_msgs/px4_msgs/msg/detail/health_report__type_support.cpp\n'}
[0.835419] (px4_msgs) StdoutLine: {'line': b'-- Up-to-date: /home/jmj/pro_asp_ws/ws_px4_controls/install/px4_msgs/include/px4_msgs/px4_msgs/msg/detail/telemetry_status__type_support.cpp\n'}
[0.835448] (px4_msgs) StdoutLine: {'line': b'-- Up-to-date: /home/jmj/pro_asp_ws/ws_px4_controls/install/px4_msgs/include/px4_msgs/px4_msgs/msg/detail/rover_rate_setpoint__rosidl_typesupport_introspection_cpp.hpp\n'}
[0.835492] (px4_msgs) StdoutLine: {'line': b'-- Up-to-date: /home/jmj/pro_asp_ws/ws_px4_controls/install/px4_msgs/include/px4_msgs/px4_msgs/msg/detail/vehicle_imu_status__type_support.cpp\n'}
[0.835518] (px4_msgs) StdoutLine: {'line': b'-- Up-to-date: /home/jmj/pro_asp_ws/ws_px4_controls/install/px4_msgs/include/px4_msgs/px4_msgs/msg/detail/gpio_in__rosidl_typesupport_introspection_cpp.hpp\n'}
[0.835541] (px4_msgs) StdoutLine: {'line': b'-- Up-to-date: /home/jmj/pro_asp_ws/ws_px4_controls/install/px4_msgs/include/px4_msgs/px4_msgs/msg/detail/debug_vect__rosidl_typesupport_introspection_cpp.hpp\n'}
[0.835565] (px4_msgs) StdoutLine: {'line': b'-- Up-to-date: /home/jmj/pro_asp_ws/ws_px4_controls/install/px4_msgs/include/px4_msgs/px4_msgs/msg/detail/vehicle_rates_setpoint__type_support.cpp\n'}
[0.835588] (px4_msgs) StdoutLine: {'line': b'-- Up-to-date: /home/jmj/pro_asp_ws/ws_px4_controls/install/px4_msgs/include/px4_msgs/px4_msgs/msg/detail/sensor_accel__rosidl_typesupport_introspection_cpp.hpp\n'}
[0.835613] (px4_msgs) StdoutLine: {'line': b'-- Up-to-date: /home/jmj/pro_asp_ws/ws_px4_controls/install/px4_msgs/include/px4_msgs/px4_msgs/msg/detail/vehicle_acceleration__type_support.cpp\n'}
[0.835636] (px4_msgs) StdoutLine: {'line': b'-- Up-to-date: /home/jmj/pro_asp_ws/ws_px4_controls/install/px4_msgs/include/px4_msgs/px4_msgs/msg/detail/yaw_estimator_status__rosidl_typesupport_introspection_cpp.hpp\n'}
[0.835659] (px4_msgs) StdoutLine: {'line': b'-- Up-to-date: /home/jmj/pro_asp_ws/ws_px4_controls/install/px4_msgs/include/px4_msgs/px4_msgs/msg/detail/navigator_status__rosidl_typesupport_introspection_cpp.hpp\n'}
[0.835682] (px4_msgs) StdoutLine: {'line': b'-- Up-to-date: /home/jmj/pro_asp_ws/ws_px4_controls/install/px4_msgs/include/px4_msgs/px4_msgs/msg/detail/pps_capture__type_support.cpp\n'}
[0.835705] (px4_msgs) StdoutLine: {'line': b'-- Up-to-date: /home/jmj/pro_asp_ws/ws_px4_controls/install/px4_msgs/include/px4_msgs/px4_msgs/msg/detail/led_control__rosidl_typesupport_introspection_cpp.hpp\n'}
[0.835728] (px4_msgs) StdoutLine: {'line': b'-- Up-to-date: /home/jmj/pro_asp_ws/ws_px4_controls/install/px4_msgs/include/px4_msgs/px4_msgs/msg/detail/estimator_status__rosidl_typesupport_introspection_cpp.hpp\n'}
[0.835765] (px4_msgs) StdoutLine: {'line': b'-- Up-to-date: /home/jmj/pro_asp_ws/ws_px4_controls/install/px4_msgs/include/px4_msgs/px4_msgs/msg/detail/estimator_status__type_support.cpp\n'}
[0.835789] (px4_msgs) StdoutLine: {'line': b'-- Up-to-date: /home/jmj/pro_asp_ws/ws_px4_controls/install/px4_msgs/include/px4_msgs/px4_msgs/msg/detail/open_drone_id_system__type_support.cpp\n'}
[0.835811] (px4_msgs) StdoutLine: {'line': b'-- Up-to-date: /home/jmj/pro_asp_ws/ws_px4_controls/install/px4_msgs/include/px4_msgs/px4_msgs/msg/detail/internal_combustion_engine_status__rosidl_typesupport_introspection_cpp.hpp\n'}
[0.835832] (px4_msgs) StdoutLine: {'line': b'-- Up-to-date: /home/jmj/pro_asp_ws/ws_px4_controls/install/px4_msgs/include/px4_msgs/px4_msgs/msg/detail/sensor_baro__type_support.cpp\n'}
[0.835854] (px4_msgs) StdoutLine: {'line': b'-- Up-to-date: /home/jmj/pro_asp_ws/ws_px4_controls/install/px4_msgs/include/px4_msgs/px4_msgs/msg/detail/dataman_request__type_support.cpp\n'}
[0.835875] (px4_msgs) StdoutLine: {'line': b'-- Up-to-date: /home/jmj/pro_asp_ws/ws_px4_controls/install/px4_msgs/include/px4_msgs/px4_msgs/msg/detail/vehicle_optical_flow__rosidl_typesupport_introspection_cpp.hpp\n'}
[0.835897] (px4_msgs) StdoutLine: {'line': b'-- Up-to-date: /home/jmj/pro_asp_ws/ws_px4_controls/install/px4_msgs/include/px4_msgs/px4_msgs/msg/detail/qshell_retval__rosidl_typesupport_introspection_cpp.hpp\n'}
[0.835918] (px4_msgs) StdoutLine: {'line': b'-- Up-to-date: /home/jmj/pro_asp_ws/ws_px4_controls/install/px4_msgs/include/px4_msgs/px4_msgs/msg/detail/vehicle_thrust_setpoint__type_support.cpp\n'}
[0.835938] (px4_msgs) StdoutLine: {'line': b'-- Up-to-date: /home/jmj/pro_asp_ws/ws_px4_controls/install/px4_msgs/include/px4_msgs/px4_msgs/msg/detail/rc_parameter_map__type_support.cpp\n'}
[0.835961] (px4_msgs) StdoutLine: {'line': b'-- Up-to-date: /home/jmj/pro_asp_ws/ws_px4_controls/install/px4_msgs/include/px4_msgs/px4_msgs/msg/detail/fuel_tank_status__type_support.cpp\n'}
[0.835982] (px4_msgs) StdoutLine: {'line': b'-- Up-to-date: /home/jmj/pro_asp_ws/ws_px4_controls/install/px4_msgs/include/px4_msgs/px4_msgs/msg/detail/rover_velocity_setpoint__type_support.cpp\n'}
[0.836003] (px4_msgs) StdoutLine: {'line': b'-- Up-to-date: /home/jmj/pro_asp_ws/ws_px4_controls/install/px4_msgs/include/px4_msgs/px4_msgs/msg/detail/debug_array__type_support.cpp\n'}
[0.836024] (px4_msgs) StdoutLine: {'line': b'-- Up-to-date: /home/jmj/pro_asp_ws/ws_px4_controls/install/px4_msgs/include/px4_msgs/px4_msgs/msg/detail/mavlink_tunnel__rosidl_typesupport_introspection_cpp.hpp\n'}
[0.836044] (px4_msgs) StdoutLine: {'line': b'-- Up-to-date: /home/jmj/pro_asp_ws/ws_px4_controls/install/px4_msgs/include/px4_msgs/px4_msgs/msg/detail/vehicle_constraints__rosidl_typesupport_introspection_cpp.hpp\n'}
[0.836065] (px4_msgs) StdoutLine: {'line': b'-- Up-to-date: /home/jmj/pro_asp_ws/ws_px4_controls/install/px4_msgs/include/px4_msgs/px4_msgs/msg/detail/message_format_request__rosidl_typesupport_introspection_cpp.hpp\n'}
[0.836087] (px4_msgs) StdoutLine: {'line': b'-- Up-to-date: /home/jmj/pro_asp_ws/ws_px4_controls/install/px4_msgs/include/px4_msgs/px4_msgs/msg/detail/estimator_sensor_bias__rosidl_typesupport_introspection_cpp.hpp\n'}
[0.836120] (px4_msgs) StdoutLine: {'line': b'-- Up-to-date: /home/jmj/pro_asp_ws/ws_px4_controls/install/px4_msgs/include/px4_msgs/px4_msgs/msg/detail/parameter_set_used_request__type_support.cpp\n'}
[0.836141] (px4_msgs) StdoutLine: {'line': b'-- Up-to-date: /home/jmj/pro_asp_ws/ws_px4_controls/install/px4_msgs/include/px4_msgs/px4_msgs/msg/detail/transponder_report__type_support.cpp\n'}
[0.836162] (px4_msgs) StdoutLine: {'line': b'-- Up-to-date: /home/jmj/pro_asp_ws/ws_px4_controls/install/px4_msgs/include/px4_msgs/px4_msgs/msg/detail/power_monitor__type_support.cpp\n'}
[0.836183] (px4_msgs) StdoutLine: {'line': b'-- Up-to-date: /home/jmj/pro_asp_ws/ws_px4_controls/install/px4_msgs/include/px4_msgs/px4_msgs/msg/detail/vehicle_magnetometer__rosidl_typesupport_introspection_cpp.hpp\n'}
[0.836204] (px4_msgs) StdoutLine: {'line': b'-- Up-to-date: /home/jmj/pro_asp_ws/ws_px4_controls/install/px4_msgs/include/px4_msgs/px4_msgs/msg/detail/failure_detector_status__rosidl_typesupport_introspection_cpp.hpp\n'}
[0.836225] (px4_msgs) StdoutLine: {'line': b'-- Up-to-date: /home/jmj/pro_asp_ws/ws_px4_controls/install/px4_msgs/include/px4_msgs/px4_msgs/msg/detail/flight_phase_estimation__rosidl_typesupport_introspection_cpp.hpp\n'}
[0.836246] (px4_msgs) StdoutLine: {'line': b'-- Up-to-date: /home/jmj/pro_asp_ws/ws_px4_controls/install/px4_msgs/include/px4_msgs/px4_msgs/msg/detail/gpio_request__type_support.cpp\n'}
[0.836266] (px4_msgs) StdoutLine: {'line': b'-- Up-to-date: /home/jmj/pro_asp_ws/ws_px4_controls/install/px4_msgs/include/px4_msgs/px4_msgs/msg/detail/fuel_tank_status__rosidl_typesupport_introspection_cpp.hpp\n'}
[0.836287] (px4_msgs) StdoutLine: {'line': b'-- Up-to-date: /home/jmj/pro_asp_ws/ws_px4_controls/install/px4_msgs/include/px4_msgs/px4_msgs/msg/detail/open_drone_id_operator_id__type_support.cpp\n'}
[0.836311] (px4_msgs) StdoutLine: {'line': b'-- Up-to-date: /home/jmj/pro_asp_ws/ws_px4_controls/install/px4_msgs/include/px4_msgs/px4_msgs/msg/detail/vehicle_torque_setpoint__type_support.cpp\n'}
[0.836334] (px4_msgs) StdoutLine: {'line': b'-- Up-to-date: /home/jmj/pro_asp_ws/ws_px4_controls/install/px4_msgs/include/px4_msgs/px4_msgs/msg/detail/vehicle_control_mode__rosidl_typesupport_introspection_cpp.hpp\n'}
[0.836355] (px4_msgs) StdoutLine: {'line': b'-- Up-to-date: /home/jmj/pro_asp_ws/ws_px4_controls/install/px4_msgs/include/px4_msgs/px4_msgs/msg/detail/actuator_test__rosidl_typesupport_introspection_cpp.hpp\n'}
[0.836376] (px4_msgs) StdoutLine: {'line': b'-- Up-to-date: /home/jmj/pro_asp_ws/ws_px4_controls/install/px4_msgs/include/px4_msgs/px4_msgs/msg/detail/adc_report__type_support.cpp\n'}
[0.836399] (px4_msgs) StdoutLine: {'line': b'-- Up-to-date: /home/jmj/pro_asp_ws/ws_px4_controls/install/px4_msgs/include/px4_msgs/px4_msgs/msg/detail/mode_completed__type_support.cpp\n'}
[0.836424] (px4_msgs) StdoutLine: {'line': b'-- Up-to-date: /home/jmj/pro_asp_ws/ws_px4_controls/install/px4_msgs/include/px4_msgs/px4_msgs/msg/detail/gpio_in__type_support.cpp\n'}
[0.836448] (px4_msgs) StdoutLine: {'line': b'-- Up-to-date: /home/jmj/pro_asp_ws/ws_px4_controls/install/px4_msgs/include/px4_msgs/px4_msgs/msg/detail/adc_report__rosidl_typesupport_introspection_cpp.hpp\n'}
[0.836471] (px4_msgs) StdoutLine: {'line': b'-- Up-to-date: /home/jmj/pro_asp_ws/ws_px4_controls/install/px4_msgs/include/px4_msgs/px4_msgs/msg/detail/pure_pursuit_status__rosidl_typesupport_introspection_cpp.hpp\n'}
[0.836494] (px4_msgs) StdoutLine: {'line': b'-- Up-to-date: /home/jmj/pro_asp_ws/ws_px4_controls/install/px4_msgs/include/px4_msgs/px4_msgs/msg/detail/mag_worker_data__type_support.cpp\n'}
[0.836518] (px4_msgs) StdoutLine: {'line': b'-- Up-to-date: /home/jmj/pro_asp_ws/ws_px4_controls/install/px4_msgs/include/px4_msgs/px4_msgs/msg/detail/estimator_bias3d__type_support.cpp\n'}
[0.836542] (px4_msgs) StdoutLine: {'line': b'-- Up-to-date: /home/jmj/pro_asp_ws/ws_px4_controls/install/px4_msgs/include/px4_msgs/px4_msgs/msg/detail/position_setpoint_triplet__rosidl_typesupport_introspection_cpp.hpp\n'}
[0.836565] (px4_msgs) StdoutLine: {'line': b'-- Up-to-date: /home/jmj/pro_asp_ws/ws_px4_controls/install/px4_msgs/include/px4_msgs/px4_msgs/msg/detail/vehicle_control_mode__type_support.cpp\n'}
[0.836588] (px4_msgs) StdoutLine: {'line': b'-- Up-to-date: /home/jmj/pro_asp_ws/ws_px4_controls/install/px4_msgs/include/px4_msgs/px4_msgs/msg/detail/vehicle_optical_flow__type_support.cpp\n'}
[0.836612] (px4_msgs) StdoutLine: {'line': b'-- Up-to-date: /home/jmj/pro_asp_ws/ws_px4_controls/install/px4_msgs/include/px4_msgs/px4_msgs/msg/detail/differential_pressure__rosidl_typesupport_introspection_cpp.hpp\n'}
[0.836636] (px4_msgs) StdoutLine: {'line': b'-- Up-to-date: /home/jmj/pro_asp_ws/ws_px4_controls/install/px4_msgs/include/px4_msgs/px4_msgs/msg/detail/position_setpoint__rosidl_typesupport_introspection_cpp.hpp\n'}
[0.836659] (px4_msgs) StdoutLine: {'line': b'-- Up-to-date: /home/jmj/pro_asp_ws/ws_px4_controls/install/px4_msgs/include/px4_msgs/px4_msgs/msg/detail/failure_detector_status__type_support.cpp\n'}
[0.836682] (px4_msgs) StdoutLine: {'line': b'-- Up-to-date: /home/jmj/pro_asp_ws/ws_px4_controls/install/px4_msgs/include/px4_msgs/px4_msgs/msg/detail/offboard_control_mode__rosidl_typesupport_introspection_cpp.hpp\n'}
[0.836722] (px4_msgs) StdoutLine: {'line': b'-- Up-to-date: /home/jmj/pro_asp_ws/ws_px4_controls/install/px4_msgs/include/px4_msgs/px4_msgs/msg/detail/internal_combustion_engine_control__type_support.cpp\n'}
[0.836760] (px4_msgs) StdoutLine: {'line': b'-- Up-to-date: /home/jmj/pro_asp_ws/ws_px4_controls/install/px4_msgs/include/px4_msgs/px4_msgs/msg/detail/navigator_mission_item__type_support.cpp\n'}
[0.836784] (px4_msgs) StdoutLine: {'line': b'-- Up-to-date: /home/jmj/pro_asp_ws/ws_px4_controls/install/px4_msgs/include/px4_msgs/px4_msgs/msg/detail/vehicle_constraints__type_support.cpp\n'}
[0.836807] (px4_msgs) StdoutLine: {'line': b'-- Up-to-date: /home/jmj/pro_asp_ws/ws_px4_controls/install/px4_msgs/include/px4_msgs/px4_msgs/msg/detail/fixed_wing_longitudinal_setpoint__rosidl_typesupport_introspection_cpp.hpp\n'}
[0.836832] (px4_msgs) StdoutLine: {'line': b'-- Up-to-date: /home/jmj/pro_asp_ws/ws_px4_controls/install/px4_msgs/include/px4_msgs/px4_msgs/msg/detail/actuator_motors__type_support.cpp\n'}
[0.836855] (px4_msgs) StdoutLine: {'line': b'-- Up-to-date: /home/jmj/pro_asp_ws/ws_px4_controls/install/px4_msgs/include/px4_msgs/px4_msgs/msg/detail/vehicle_roi__type_support.cpp\n'}
[0.836877] (px4_msgs) StdoutLine: {'line': b'-- Up-to-date: /home/jmj/pro_asp_ws/ws_px4_controls/install/px4_msgs/include/px4_msgs/px4_msgs/msg/detail/magnetometer_bias_estimate__rosidl_typesupport_introspection_cpp.hpp\n'}
[0.836901] (px4_msgs) StdoutLine: {'line': b'-- Up-to-date: /home/jmj/pro_asp_ws/ws_px4_controls/install/px4_msgs/include/px4_msgs/px4_msgs/msg/detail/register_ext_component_request__rosidl_typesupport_introspection_cpp.hpp\n'}
[0.836924] (px4_msgs) StdoutLine: {'line': b'-- Up-to-date: /home/jmj/pro_asp_ws/ws_px4_controls/install/px4_msgs/include/px4_msgs/px4_msgs/msg/detail/vehicle_magnetometer__type_support.cpp\n'}
[0.836947] (px4_msgs) StdoutLine: {'line': b'-- Up-to-date: /home/jmj/pro_asp_ws/ws_px4_controls/install/px4_msgs/include/px4_msgs/px4_msgs/msg/detail/tiltrotor_extra_controls__rosidl_typesupport_introspection_cpp.hpp\n'}
[0.836970] (px4_msgs) StdoutLine: {'line': b'-- Up-to-date: /home/jmj/pro_asp_ws/ws_px4_controls/install/px4_msgs/include/px4_msgs/px4_msgs/msg/detail/airspeed_wind__type_support.cpp\n'}
[0.836994] (px4_msgs) StdoutLine: {'line': b'-- Up-to-date: /home/jmj/pro_asp_ws/ws_px4_controls/install/px4_msgs/include/px4_msgs/px4_msgs/msg/detail/magnetometer_bias_estimate__type_support.cpp\n'}
[0.837018] (px4_msgs) StdoutLine: {'line': b'-- Up-to-date: /home/jmj/pro_asp_ws/ws_px4_controls/install/px4_msgs/include/px4_msgs/px4_msgs/msg/detail/obstacle_distance__rosidl_typesupport_introspection_cpp.hpp\n'}
[0.837053] (px4_msgs) StdoutLine: {'line': b'-- Up-to-date: /home/jmj/pro_asp_ws/ws_px4_controls/install/px4_msgs/include/px4_msgs/px4_msgs/msg/detail/open_drone_id_self_id__type_support.cpp\n'}
[0.837084] (px4_msgs) StdoutLine: {'line': b'-- Up-to-date: /home/jmj/pro_asp_ws/ws_px4_controls/install/px4_msgs/include/px4_msgs/px4_msgs/msg/detail/gripper__rosidl_typesupport_introspection_cpp.hpp\n'}
[0.837115] (px4_msgs) StdoutLine: {'line': b'-- Up-to-date: /home/jmj/pro_asp_ws/ws_px4_controls/install/px4_msgs/include/px4_msgs/px4_msgs/msg/detail/dataman_response__type_support.cpp\n'}
[0.837151] (px4_msgs) StdoutLine: {'line': b'-- Up-to-date: /home/jmj/pro_asp_ws/ws_px4_controls/install/px4_msgs/include/px4_msgs/px4_msgs/msg/detail/sensor_accel_fifo__type_support.cpp\n'}
[0.837182] (px4_msgs) StdoutLine: {'line': b'-- Up-to-date: /home/jmj/pro_asp_ws/ws_px4_controls/install/px4_msgs/include/px4_msgs/px4_msgs/msg/detail/cellular_status__rosidl_typesupport_introspection_cpp.hpp\n'}
[0.837249] (px4_msgs) StdoutLine: {'line': b'-- Up-to-date: /home/jmj/pro_asp_ws/ws_px4_controls/install/px4_msgs/include/px4_msgs/px4_msgs/msg/detail/vehicle_land_detected__rosidl_typesupport_introspection_cpp.hpp\n'}
[0.837277] (px4_msgs) StdoutLine: {'line': b'-- Up-to-date: /home/jmj/pro_asp_ws/ws_px4_controls/install/px4_msgs/include/px4_msgs/px4_msgs/msg/detail/home_position__rosidl_typesupport_introspection_cpp.hpp\n'}
[0.837301] (px4_msgs) StdoutLine: {'line': b'-- Up-to-date: /home/jmj/pro_asp_ws/ws_px4_controls/install/px4_msgs/include/px4_msgs/px4_msgs/msg/detail/pwm_input__type_support.cpp\n'}
[0.837324] (px4_msgs) StdoutLine: {'line': b'-- Up-to-date: /home/jmj/pro_asp_ws/ws_px4_controls/install/px4_msgs/include/px4_msgs/px4_msgs/msg/detail/camera_status__type_support.cpp\n'}
[0.837346] (px4_msgs) StdoutLine: {'line': b'-- Up-to-date: /home/jmj/pro_asp_ws/ws_px4_controls/install/px4_msgs/include/px4_msgs/px4_msgs/msg/detail/debug_value__type_support.cpp\n'}
[0.837370] (px4_msgs) StdoutLine: {'line': b'-- Up-to-date: /home/jmj/pro_asp_ws/ws_px4_controls/install/px4_msgs/include/px4_msgs/px4_msgs/msg/detail/vehicle_local_position__rosidl_typesupport_introspection_cpp.hpp\n'}
[0.837394] (px4_msgs) StdoutLine: {'line': b'-- Up-to-date: /home/jmj/pro_asp_ws/ws_px4_controls/install/px4_msgs/include/px4_msgs/px4_msgs/msg/detail/longitudinal_control_configuration__type_support.cpp\n'}
[0.837419] (px4_msgs) StdoutLine: {'line': b'-- Up-to-date: /home/jmj/pro_asp_ws/ws_px4_controls/install/px4_msgs/include/px4_msgs/px4_msgs/msg/detail/position_controller_landing_status__rosidl_typesupport_introspection_cpp.hpp\n'}
[0.837443] (px4_msgs) StdoutLine: {'line': b'-- Up-to-date: /home/jmj/pro_asp_ws/ws_px4_controls/install/px4_msgs/include/px4_msgs/px4_msgs/msg/detail/landing_gear_wheel__type_support.cpp\n'}
[0.837466] (px4_msgs) StdoutLine: {'line': b'-- Up-to-date: /home/jmj/pro_asp_ws/ws_px4_controls/install/px4_msgs/include/px4_msgs/px4_msgs/msg/detail/task_stack_info__type_support.cpp\n'}
[0.837534] (px4_msgs) StdoutLine: {'line': b'-- Up-to-date: /home/jmj/pro_asp_ws/ws_px4_controls/install/px4_msgs/include/px4_msgs/px4_msgs/msg/detail/camera_trigger__type_support.cpp\n'}
[0.837558] (px4_msgs) StdoutLine: {'line': b'-- Up-to-date: /home/jmj/pro_asp_ws/ws_px4_controls/install/px4_msgs/include/px4_msgs/px4_msgs/msg/detail/estimator_bias3d__rosidl_typesupport_introspection_cpp.hpp\n'}
[0.837581] (px4_msgs) StdoutLine: {'line': b'-- Up-to-date: /home/jmj/pro_asp_ws/ws_px4_controls/install/px4_msgs/include/px4_msgs/px4_msgs/msg/detail/actuator_servos__type_support.cpp\n'}
[0.837604] (px4_msgs) StdoutLine: {'line': b'-- Up-to-date: /home/jmj/pro_asp_ws/ws_px4_controls/install/px4_msgs/include/px4_msgs/px4_msgs/msg/detail/flight_phase_estimation__type_support.cpp\n'}
[0.837635] (px4_msgs) StdoutLine: {'line': b'-- Up-to-date: /home/jmj/pro_asp_ws/ws_px4_controls/install/px4_msgs/include/px4_msgs/px4_msgs/msg/detail/wheel_encoders__rosidl_typesupport_introspection_cpp.hpp\n'}
[0.837675] (px4_msgs) StdoutLine: {'line': b'-- Up-to-date: /home/jmj/pro_asp_ws/ws_px4_controls/install/px4_msgs/include/px4_msgs/px4_msgs/msg/detail/sensors_status__type_support.cpp\n'}
[0.837704] (px4_msgs) StdoutLine: {'line': b'-- Up-to-date: /home/jmj/pro_asp_ws/ws_px4_controls/install/px4_msgs/include/px4_msgs/px4_msgs/msg/detail/vehicle_status__type_support.cpp\n'}
[0.837730] (px4_msgs) StdoutLine: {'line': b'-- Up-to-date: /home/jmj/pro_asp_ws/ws_px4_controls/install/px4_msgs/include/px4_msgs/px4_msgs/msg/detail/cellular_status__type_support.cpp\n'}
[0.837752] (px4_msgs) StdoutLine: {'line': b'-- Up-to-date: /home/jmj/pro_asp_ws/ws_px4_controls/install/px4_msgs/include/px4_msgs/px4_msgs/msg/detail/system_power__rosidl_typesupport_introspection_cpp.hpp\n'}
[0.837779] (px4_msgs) StdoutLine: {'line': b'-- Up-to-date: /home/jmj/pro_asp_ws/ws_px4_controls/install/px4_msgs/include/px4_msgs/px4_msgs/msg/detail/control_allocator_status__rosidl_typesupport_introspection_cpp.hpp\n'}
[0.837803] (px4_msgs) StdoutLine: {'line': b'-- Up-to-date: /home/jmj/pro_asp_ws/ws_px4_controls/install/px4_msgs/include/px4_msgs/px4_msgs/msg/detail/register_ext_component_reply__rosidl_typesupport_introspection_cpp.hpp\n'}
[0.837836] (px4_msgs) StdoutLine: {'line': b'-- Up-to-date: /home/jmj/pro_asp_ws/ws_px4_controls/install/px4_msgs/include/px4_msgs/px4_msgs/msg/detail/sensor_combined__rosidl_typesupport_introspection_cpp.hpp\n'}
[0.837866] (px4_msgs) StdoutLine: {'line': b'-- Up-to-date: /home/jmj/pro_asp_ws/ws_px4_controls/install/px4_msgs/include/px4_msgs/px4_msgs/msg/detail/orb_test__rosidl_typesupport_introspection_cpp.hpp\n'}
[0.837890] (px4_msgs) StdoutLine: {'line': b'-- Up-to-date: /home/jmj/pro_asp_ws/ws_px4_controls/install/px4_msgs/include/px4_msgs/px4_msgs/msg/detail/timesync_status__rosidl_typesupport_introspection_cpp.hpp\n'}
[0.837943] (px4_msgs) StdoutLine: {'line': b'-- Up-to-date: /home/jmj/pro_asp_ws/ws_px4_controls/install/px4_msgs/include/px4_msgs/px4_msgs/msg/detail/distance_sensor_mode_change_request__type_support.cpp\n'}
[0.837965] (px4_msgs) StdoutLine: {'line': b'-- Up-to-date: /home/jmj/pro_asp_ws/ws_px4_controls/install/px4_msgs/include/px4_msgs/px4_msgs/msg/detail/sensor_selection__rosidl_typesupport_introspection_cpp.hpp\n'}
[0.837988] (px4_msgs) StdoutLine: {'line': b'-- Up-to-date: /home/jmj/pro_asp_ws/ws_px4_controls/install/px4_msgs/include/px4_msgs/px4_msgs/msg/detail/debug_value__rosidl_typesupport_introspection_cpp.hpp\n'}
[0.838011] (px4_msgs) StdoutLine: {'line': b'-- Up-to-date: /home/jmj/pro_asp_ws/ws_px4_controls/install/px4_msgs/include/px4_msgs/px4_msgs/msg/detail/velocity_limits__type_support.cpp\n'}
[0.838037] (px4_msgs) StdoutLine: {'line': b'-- Up-to-date: /home/jmj/pro_asp_ws/ws_px4_controls/install/px4_msgs/include/px4_msgs/px4_msgs/msg/detail/rc_parameter_map__rosidl_typesupport_introspection_cpp.hpp\n'}
[0.838070] (px4_msgs) StdoutLine: {'line': b'-- Up-to-date: /home/jmj/pro_asp_ws/ws_px4_controls/install/px4_msgs/include/px4_msgs/px4_msgs/msg/detail/gimbal_device_information__rosidl_typesupport_introspection_cpp.hpp\n'}
[0.838108] (px4_msgs) StdoutLine: {'line': b'-- Up-to-date: /home/jmj/pro_asp_ws/ws_px4_controls/install/px4_msgs/include/px4_msgs/px4_msgs/msg/detail/vehicle_local_position_setpoint__type_support.cpp\n'}
[0.838142] (px4_msgs) StdoutLine: {'line': b'-- Up-to-date: /home/jmj/pro_asp_ws/ws_px4_controls/install/px4_msgs/include/px4_msgs/px4_msgs/msg/detail/logger_status__rosidl_typesupport_introspection_cpp.hpp\n'}
[0.838181] (px4_msgs) StdoutLine: {'line': b'-- Up-to-date: /home/jmj/pro_asp_ws/ws_px4_controls/install/px4_msgs/include/px4_msgs/px4_msgs/msg/detail/heater_status__rosidl_typesupport_introspection_cpp.hpp\n'}
[0.838214] (px4_msgs) StdoutLine: {'line': b'-- Up-to-date: /home/jmj/pro_asp_ws/ws_px4_controls/install/px4_msgs/include/px4_msgs/px4_msgs/msg/detail/sensor_gyro_fft__rosidl_typesupport_introspection_cpp.hpp\n'}
[0.838238] (px4_msgs) StdoutLine: {'line': b'-- Up-to-date: /home/jmj/pro_asp_ws/ws_px4_controls/install/px4_msgs/include/px4_msgs/px4_msgs/msg/detail/sensor_preflight_mag__rosidl_typesupport_introspection_cpp.hpp\n'}
[0.838265] (px4_msgs) StdoutLine: {'line': b'-- Up-to-date: /home/jmj/pro_asp_ws/ws_px4_controls/install/px4_msgs/include/px4_msgs/px4_msgs/msg/detail/gimbal_device_information__type_support.cpp\n'}
[0.838311] (px4_msgs) StdoutLine: {'line': b'-- Up-to-date: /home/jmj/pro_asp_ws/ws_px4_controls/install/px4_msgs/include/px4_msgs/px4_msgs/msg/detail/gripper__type_support.cpp\n'}
[0.838342] (px4_msgs) StdoutLine: {'line': b'-- Up-to-date: /home/jmj/pro_asp_ws/ws_px4_controls/install/px4_msgs/include/px4_msgs/px4_msgs/msg/detail/fixed_wing_lateral_setpoint__rosidl_typesupport_introspection_cpp.hpp\n'}
[0.838365] (px4_msgs) StdoutLine: {'line': b'-- Up-to-date: /home/jmj/pro_asp_ws/ws_px4_controls/install/px4_msgs/include/px4_msgs/px4_msgs/msg/detail/estimator_sensor_bias__type_support.cpp\n'}
[0.838391] (px4_msgs) StdoutLine: {'line': b'-- Up-to-date: /home/jmj/pro_asp_ws/ws_px4_controls/install/px4_msgs/include/px4_msgs/px4_msgs/msg/detail/sensor_optical_flow__type_support.cpp\n'}
[0.838417] (px4_msgs) StdoutLine: {'line': b'-- Up-to-date: /home/jmj/pro_asp_ws/ws_px4_controls/install/px4_msgs/include/px4_msgs/px4_msgs/msg/detail/arming_check_reply__type_support.cpp\n'}
[0.838439] (px4_msgs) StdoutLine: {'line': b'-- Up-to-date: /home/jmj/pro_asp_ws/ws_px4_controls/install/px4_msgs/include/px4_msgs/px4_msgs/msg/detail/airspeed_validated__type_support.cpp\n'}
[0.838461] (px4_msgs) StdoutLine: {'line': b'-- Up-to-date: /home/jmj/pro_asp_ws/ws_px4_controls/install/px4_msgs/include/px4_msgs/px4_msgs/msg/detail/estimator_event_flags__type_support.cpp\n'}
[0.838504] (px4_msgs) StdoutLine: {'line': b'-- Up-to-date: /home/jmj/pro_asp_ws/ws_px4_controls/install/px4_msgs/include/px4_msgs/px4_msgs/msg/detail/figure_eight_status__type_support.cpp\n'}
[0.838534] (px4_msgs) StdoutLine: {'line': b'-- Up-to-date: /home/jmj/pro_asp_ws/ws_px4_controls/install/px4_msgs/include/px4_msgs/px4_msgs/msg/detail/wheel_encoders__type_support.cpp\n'}
[0.838557] (px4_msgs) StdoutLine: {'line': b'-- Up-to-date: /home/jmj/pro_asp_ws/ws_px4_controls/install/px4_msgs/include/px4_msgs/px4_msgs/msg/detail/pure_pursuit_status__type_support.cpp\n'}
[0.838588] (px4_msgs) StdoutLine: {'line': b'-- Up-to-date: /home/jmj/pro_asp_ws/ws_px4_controls/install/px4_msgs/include/px4_msgs/px4_msgs/msg/detail/estimator_aid_source2d__type_support.cpp\n'}
[0.838611] (px4_msgs) StdoutLine: {'line': b'-- Up-to-date: /home/jmj/pro_asp_ws/ws_px4_controls/install/px4_msgs/include/px4_msgs/px4_msgs/msg/detail/mount_orientation__type_support.cpp\n'}
[0.838636] (px4_msgs) StdoutLine: {'line': b'-- Up-to-date: /home/jmj/pro_asp_ws/ws_px4_controls/install/px4_msgs/include/px4_msgs/px4_msgs/msg/detail/tecs_status__rosidl_typesupport_introspection_cpp.hpp\n'}
[0.838658] (px4_msgs) StdoutLine: {'line': b'-- Up-to-date: /home/jmj/pro_asp_ws/ws_px4_controls/install/px4_msgs/include/px4_msgs/px4_msgs/msg/detail/gimbal_manager_set_manual_control__type_support.cpp\n'}
[0.838682] (px4_msgs) StdoutLine: {'line': b'-- Up-to-date: /home/jmj/pro_asp_ws/ws_px4_controls/install/px4_msgs/include/px4_msgs/px4_msgs/msg/detail/vehicle_command__rosidl_typesupport_introspection_cpp.hpp\n'}
[0.838706] (px4_msgs) StdoutLine: {'line': b'-- Up-to-date: /home/jmj/pro_asp_ws/ws_px4_controls/install/px4_msgs/include/px4_msgs/px4_msgs/msg/detail/fixed_wing_runway_control__rosidl_typesupport_introspection_cpp.hpp\n'}
[0.838733] (px4_msgs) StdoutLine: {'line': b'-- Up-to-date: /home/jmj/pro_asp_ws/ws_px4_controls/install/px4_msgs/include/px4_msgs/px4_msgs/msg/detail/sensor_accel__type_support.cpp\n'}
[0.838770] (px4_msgs) StdoutLine: {'line': b'-- Up-to-date: /home/jmj/pro_asp_ws/ws_px4_controls/install/px4_msgs/include/px4_msgs/px4_msgs/msg/detail/radio_status__type_support.cpp\n'}
[0.838804] (px4_msgs) StdoutLine: {'line': b'-- Up-to-date: /home/jmj/pro_asp_ws/ws_px4_controls/install/px4_msgs/include/px4_msgs/px4_msgs/msg/detail/vehicle_angular_velocity__rosidl_typesupport_introspection_cpp.hpp\n'}
[0.838838] (px4_msgs) StdoutLine: {'line': b'-- Up-to-date: /home/jmj/pro_asp_ws/ws_px4_controls/install/px4_msgs/include/px4_msgs/px4_msgs/msg/detail/orb_test_medium__rosidl_typesupport_introspection_cpp.hpp\n'}
[0.838873] (px4_msgs) StdoutLine: {'line': b'-- Up-to-date: /home/jmj/pro_asp_ws/ws_px4_controls/install/px4_msgs/include/px4_msgs/px4_msgs/msg/detail/satellite_info__type_support.cpp\n'}
[0.838900] (px4_msgs) StdoutLine: {'line': b'-- Up-to-date: /home/jmj/pro_asp_ws/ws_px4_controls/install/px4_msgs/include/px4_msgs/px4_msgs/msg/detail/vehicle_attitude__type_support.cpp\n'}
[0.838924] (px4_msgs) StdoutLine: {'line': b'-- Up-to-date: /home/jmj/pro_asp_ws/ws_px4_controls/install/px4_msgs/include/px4_msgs/px4_msgs/msg/detail/geofence_status__type_support.cpp\n'}
[0.838974] (px4_msgs) StdoutLine: {'line': b'-- Up-to-date: /home/jmj/pro_asp_ws/ws_px4_controls/install/px4_msgs/include/px4_msgs/px4_msgs/msg/detail/vehicle_roi__rosidl_typesupport_introspection_cpp.hpp\n'}
[0.839001] (px4_msgs) StdoutLine: {'line': b'-- Up-to-date: /home/jmj/pro_asp_ws/ws_px4_controls/install/px4_msgs/include/px4_msgs/px4_msgs/msg/detail/gpio_request__rosidl_typesupport_introspection_cpp.hpp\n'}
[0.839025] (px4_msgs) StdoutLine: {'line': b'-- Up-to-date: /home/jmj/pro_asp_ws/ws_px4_controls/install/px4_msgs/include/px4_msgs/px4_msgs/msg/detail/rate_ctrl_status__type_support.cpp\n'}
[0.839050] (px4_msgs) StdoutLine: {'line': b'-- Up-to-date: /home/jmj/pro_asp_ws/ws_px4_controls/install/px4_msgs/include/px4_msgs/px4_msgs/msg/detail/fixed_wing_runway_control__type_support.cpp\n'}
[0.839097] (px4_msgs) StdoutLine: {'line': b'-- Up-to-date: /home/jmj/pro_asp_ws/ws_px4_controls/install/px4_msgs/include/px4_msgs/px4_msgs/msg/detail/landing_target_pose__rosidl_typesupport_introspection_cpp.hpp\n'}
[0.839121] (px4_msgs) StdoutLine: {'line': b'-- Up-to-date: /home/jmj/pro_asp_ws/ws_px4_controls/install/px4_msgs/include/px4_msgs/px4_msgs/msg/detail/camera_status__rosidl_typesupport_introspection_cpp.hpp\n'}
[0.839144] (px4_msgs) StdoutLine: {'line': b'-- Up-to-date: /home/jmj/pro_asp_ws/ws_px4_controls/install/px4_msgs/include/px4_msgs/px4_msgs/msg/detail/vehicle_odometry__type_support.cpp\n'}
[0.839170] (px4_msgs) StdoutLine: {'line': b'-- Up-to-date: /home/jmj/pro_asp_ws/ws_px4_controls/install/px4_msgs/include/px4_msgs/px4_msgs/msg/detail/sensor_baro__rosidl_typesupport_introspection_cpp.hpp\n'}
[0.839193] (px4_msgs) StdoutLine: {'line': b'-- Up-to-date: /home/jmj/pro_asp_ws/ws_px4_controls/install/px4_msgs/include/px4_msgs/px4_msgs/msg/detail/rtl_time_estimate__rosidl_typesupport_introspection_cpp.hpp\n'}
[0.839214] (px4_msgs) StdoutLine: {'line': b'-- Up-to-date: /home/jmj/pro_asp_ws/ws_px4_controls/install/px4_msgs/include/px4_msgs/px4_msgs/msg/detail/gimbal_manager_set_attitude__rosidl_typesupport_introspection_cpp.hpp\n'}
[0.839237] (px4_msgs) StdoutLine: {'line': b'-- Up-to-date: /home/jmj/pro_asp_ws/ws_px4_controls/install/px4_msgs/include/px4_msgs/px4_msgs/msg/detail/sensor_gyro_fifo__type_support.cpp\n'}
[0.839277] (px4_msgs) StdoutLine: {'line': b'-- Up-to-date: /home/jmj/pro_asp_ws/ws_px4_controls/install/px4_msgs/include/px4_msgs/px4_msgs/msg/detail/sensor_optical_flow__rosidl_typesupport_introspection_cpp.hpp\n'}
[0.839298] (px4_msgs) StdoutLine: {'line': b'-- Up-to-date: /home/jmj/pro_asp_ws/ws_px4_controls/install/px4_msgs/include/px4_msgs/px4_msgs/msg/detail/longitudinal_control_configuration__rosidl_typesupport_introspection_cpp.hpp\n'}
[0.839322] (px4_msgs) StdoutLine: {'line': b'-- Up-to-date: /home/jmj/pro_asp_ws/ws_px4_controls/install/px4_msgs/include/px4_msgs/px4_msgs/msg/detail/unregister_ext_component__rosidl_typesupport_introspection_cpp.hpp\n'}
[0.839344] (px4_msgs) StdoutLine: {'line': b'-- Up-to-date: /home/jmj/pro_asp_ws/ws_px4_controls/install/px4_msgs/include/px4_msgs/px4_msgs/msg/detail/debug_vect__type_support.cpp\n'}
[0.839367] (px4_msgs) StdoutLine: {'line': b'-- Up-to-date: /home/jmj/pro_asp_ws/ws_px4_controls/install/px4_msgs/include/px4_msgs/px4_msgs/msg/detail/vehicle_land_detected__type_support.cpp\n'}
[0.839400] (px4_msgs) StdoutLine: {'line': b'-- Up-to-date: /home/jmj/pro_asp_ws/ws_px4_controls/install/px4_msgs/include/px4_msgs/px4_msgs/msg/detail/rtl_status__type_support.cpp\n'}
[0.839432] (px4_msgs) StdoutLine: {'line': b'-- Up-to-date: /home/jmj/pro_asp_ws/ws_px4_controls/install/px4_msgs/include/px4_msgs/px4_msgs/msg/detail/actuator_test__type_support.cpp\n'}
[0.839464] (px4_msgs) StdoutLine: {'line': b'-- Up-to-date: /home/jmj/pro_asp_ws/ws_px4_controls/install/px4_msgs/include/px4_msgs/px4_msgs/msg/detail/ulog_stream_ack__type_support.cpp\n'}
[0.839494] (px4_msgs) StdoutLine: {'line': b'-- Up-to-date: /home/jmj/pro_asp_ws/ws_px4_controls/install/px4_msgs/include/px4_msgs/px4_msgs/msg/detail/parameter_reset_request__type_support.cpp\n'}
[0.839526] (px4_msgs) StdoutLine: {'line': b'-- Up-to-date: /home/jmj/pro_asp_ws/ws_px4_controls/install/px4_msgs/include/px4_msgs/px4_msgs/msg/detail/rover_velocity_status__type_support.cpp\n'}
[0.839553] (px4_msgs) StdoutLine: {'line': b'-- Up-to-date: /home/jmj/pro_asp_ws/ws_px4_controls/install/px4_msgs/include/px4_msgs/px4_msgs/msg/detail/estimator_status_flags__rosidl_typesupport_introspection_cpp.hpp\n'}
[0.839586] (px4_msgs) StdoutLine: {'line': b'-- Up-to-date: /home/jmj/pro_asp_ws/ws_px4_controls/install/px4_msgs/include/px4_msgs/px4_msgs/msg/detail/parameter_set_value_response__type_support.cpp\n'}
[0.839626] (px4_msgs) StdoutLine: {'line': b'-- Up-to-date: /home/jmj/pro_asp_ws/ws_px4_controls/install/px4_msgs/include/px4_msgs/px4_msgs/msg/detail/vehicle_attitude_setpoint__rosidl_typesupport_introspection_cpp.hpp\n'}
[0.839649] (px4_msgs) StdoutLine: {'line': b'-- Up-to-date: /home/jmj/pro_asp_ws/ws_px4_controls/install/px4_msgs/include/px4_msgs/px4_msgs/msg/detail/register_ext_component_request__type_support.cpp\n'}
[0.839671] (px4_msgs) StdoutLine: {'line': b'-- Up-to-date: /home/jmj/pro_asp_ws/ws_px4_controls/install/px4_msgs/include/px4_msgs/px4_msgs/msg/detail/position_controller_status__rosidl_typesupport_introspection_cpp.hpp\n'}
[0.839692] (px4_msgs) StdoutLine: {'line': b'-- Up-to-date: /home/jmj/pro_asp_ws/ws_px4_controls/install/px4_msgs/include/px4_msgs/px4_msgs/msg/detail/gimbal_manager_set_manual_control__rosidl_typesupport_introspection_cpp.hpp\n'}
[0.839714] (px4_msgs) StdoutLine: {'line': b'-- Up-to-date: /home/jmj/pro_asp_ws/ws_px4_controls/install/px4_msgs/include/px4_msgs/px4_msgs/msg/detail/orbit_status__rosidl_typesupport_introspection_cpp.hpp\n'}
[0.839736] (px4_msgs) StdoutLine: {'line': b'-- Up-to-date: /home/jmj/pro_asp_ws/ws_px4_controls/install/px4_msgs/include/px4_msgs/px4_msgs/msg/detail/sensor_gyro__rosidl_typesupport_introspection_cpp.hpp\n'}
[0.839757] (px4_msgs) StdoutLine: {'line': b'-- Up-to-date: /home/jmj/pro_asp_ws/ws_px4_controls/install/px4_msgs/include/px4_msgs/px4_msgs/msg/detail/message_format_request__type_support.cpp\n'}
[0.839798] (px4_msgs) StdoutLine: {'line': b'-- Up-to-date: /home/jmj/pro_asp_ws/ws_px4_controls/install/px4_msgs/include/px4_msgs/px4_msgs/msg/detail/position_setpoint__type_support.cpp\n'}
[0.839824] (px4_msgs) StdoutLine: {'line': b'-- Up-to-date: /home/jmj/pro_asp_ws/ws_px4_controls/install/px4_msgs/include/px4_msgs/px4_msgs/msg/detail/estimator_innovations__type_support.cpp\n'}
[0.839846] (px4_msgs) StdoutLine: {'line': b'-- Up-to-date: /home/jmj/pro_asp_ws/ws_px4_controls/install/px4_msgs/include/px4_msgs/px4_msgs/msg/detail/position_controller_landing_status__type_support.cpp\n'}
[0.839867] (px4_msgs) StdoutLine: {'line': b'-- Up-to-date: /home/jmj/pro_asp_ws/ws_px4_controls/install/px4_msgs/include/px4_msgs/px4_msgs/msg/detail/landing_gear__type_support.cpp\n'}
[0.839888] (px4_msgs) StdoutLine: {'line': b'-- Up-to-date: /home/jmj/pro_asp_ws/ws_px4_controls/install/px4_msgs/include/px4_msgs/px4_msgs/msg/detail/sensor_hygrometer__rosidl_typesupport_introspection_cpp.hpp\n'}
[0.839909] (px4_msgs) StdoutLine: {'line': b'-- Up-to-date: /home/jmj/pro_asp_ws/ws_px4_controls/install/px4_msgs/include/px4_msgs/px4_msgs/msg/detail/mode_completed__rosidl_typesupport_introspection_cpp.hpp\n'}
[0.839930] (px4_msgs) StdoutLine: {'line': b'-- Up-to-date: /home/jmj/pro_asp_ws/ws_px4_controls/install/px4_msgs/include/px4_msgs/px4_msgs/msg/detail/button_event__rosidl_typesupport_introspection_cpp.hpp\n'}
[0.839952] (px4_msgs) StdoutLine: {'line': b'-- Up-to-date: /home/jmj/pro_asp_ws/ws_px4_controls/install/px4_msgs/include/px4_msgs/px4_msgs/msg/detail/gpio_config__rosidl_typesupport_introspection_cpp.hpp\n'}
[0.839974] (px4_msgs) StdoutLine: {'line': b'-- Up-to-date: /home/jmj/pro_asp_ws/ws_px4_controls/install/px4_msgs/include/px4_msgs/px4_msgs/msg/detail/ulog_stream__rosidl_typesupport_introspection_cpp.hpp\n'}
[0.839997] (px4_msgs) StdoutLine: {'line': b'-- Up-to-date: /home/jmj/pro_asp_ws/ws_px4_controls/install/px4_msgs/include/px4_msgs/px4_msgs/msg/detail/open_drone_id_arm_status__rosidl_typesupport_introspection_cpp.hpp\n'}
[0.840021] (px4_msgs) StdoutLine: {'line': b'-- Up-to-date: /home/jmj/pro_asp_ws/ws_px4_controls/install/px4_msgs/include/px4_msgs/px4_msgs/msg/detail/event__type_support.cpp\n'}
[0.840044] (px4_msgs) StdoutLine: {'line': b'-- Up-to-date: /home/jmj/pro_asp_ws/ws_px4_controls/install/px4_msgs/include/px4_msgs/px4_msgs/msg/detail/log_message__rosidl_typesupport_introspection_cpp.hpp\n'}
[0.840067] (px4_msgs) StdoutLine: {'line': b'-- Up-to-date: /home/jmj/pro_asp_ws/ws_px4_controls/install/px4_msgs/include/px4_msgs/px4_msgs/msg/detail/control_allocator_status__type_support.cpp\n'}
[0.840090] (px4_msgs) StdoutLine: {'line': b'-- Up-to-date: /home/jmj/pro_asp_ws/ws_px4_controls/install/px4_msgs/include/px4_msgs/px4_msgs/msg/detail/hover_thrust_estimate__type_support.cpp\n'}
[0.840113] (px4_msgs) StdoutLine: {'line': b'-- Up-to-date: /home/jmj/pro_asp_ws/ws_px4_controls/install/px4_msgs/include/px4_msgs/px4_msgs/msg/detail/trajectory_setpoint6dof__rosidl_typesupport_introspection_cpp.hpp\n'}
[0.840137] (px4_msgs) StdoutLine: {'line': b'-- Up-to-date: /home/jmj/pro_asp_ws/ws_px4_controls/install/px4_msgs/include/px4_msgs/px4_msgs/msg/detail/dataman_response__rosidl_typesupport_introspection_cpp.hpp\n'}
[0.840159] (px4_msgs) StdoutLine: {'line': b'-- Up-to-date: /home/jmj/pro_asp_ws/ws_px4_controls/install/px4_msgs/include/px4_msgs/px4_msgs/msg/detail/rover_velocity_setpoint__rosidl_typesupport_introspection_cpp.hpp\n'}
[0.840182] (px4_msgs) StdoutLine: {'line': b'-- Up-to-date: /home/jmj/pro_asp_ws/ws_px4_controls/install/px4_msgs/include/px4_msgs/px4_msgs/msg/detail/landing_gear_wheel__rosidl_typesupport_introspection_cpp.hpp\n'}
[0.840205] (px4_msgs) StdoutLine: {'line': b'-- Up-to-date: /home/jmj/pro_asp_ws/ws_px4_controls/install/px4_msgs/include/px4_msgs/px4_msgs/msg/detail/internal_combustion_engine_status__type_support.cpp\n'}
[0.840228] (px4_msgs) StdoutLine: {'line': b'-- Up-to-date: /home/jmj/pro_asp_ws/ws_px4_controls/install/px4_msgs/include/px4_msgs/px4_msgs/msg/detail/actuator_outputs__rosidl_typesupport_introspection_cpp.hpp\n'}
[0.840251] (px4_msgs) StdoutLine: {'line': b'-- Up-to-date: /home/jmj/pro_asp_ws/ws_px4_controls/install/px4_msgs/include/px4_msgs/px4_msgs/msg/detail/follow_target_estimator__rosidl_typesupport_introspection_cpp.hpp\n'}
[0.840285] (px4_msgs) StdoutLine: {'line': b'-- Up-to-date: /home/jmj/pro_asp_ws/ws_px4_controls/install/px4_msgs/include/px4_msgs/px4_msgs/msg/detail/telemetry_status__rosidl_typesupport_introspection_cpp.hpp\n'}
[0.840306] (px4_msgs) StdoutLine: {'line': b'-- Up-to-date: /home/jmj/pro_asp_ws/ws_px4_controls/install/px4_msgs/include/px4_msgs/px4_msgs/msg/detail/vehicle_global_position__rosidl_typesupport_introspection_cpp.hpp\n'}
[0.840328] (px4_msgs) StdoutLine: {'line': b'-- Up-to-date: /home/jmj/pro_asp_ws/ws_px4_controls/install/px4_msgs/include/px4_msgs/px4_msgs/msg/detail/manual_control_setpoint__rosidl_typesupport_introspection_cpp.hpp\n'}
[0.840349] (px4_msgs) StdoutLine: {'line': b'-- Up-to-date: /home/jmj/pro_asp_ws/ws_px4_controls/install/px4_msgs/include/px4_msgs/px4_msgs/msg/detail/follow_target__type_support.cpp\n'}
[0.840369] (px4_msgs) StdoutLine: {'line': b'-- Up-to-date: /home/jmj/pro_asp_ws/ws_px4_controls/install/px4_msgs/include/px4_msgs/px4_msgs/msg/detail/fixed_wing_lateral_guidance_status__rosidl_typesupport_introspection_cpp.hpp\n'}
[0.840396] (px4_msgs) StdoutLine: {'line': b'-- Up-to-date: /home/jmj/pro_asp_ws/ws_px4_controls/install/px4_msgs/include/px4_msgs/px4_msgs/msg/detail/actuator_armed__type_support.cpp\n'}
[0.840417] (px4_msgs) StdoutLine: {'line': b'-- Up-to-date: /home/jmj/pro_asp_ws/ws_px4_controls/install/px4_msgs/include/px4_msgs/px4_msgs/msg/detail/power_button_state__rosidl_typesupport_introspection_cpp.hpp\n'}
[0.840438] (px4_msgs) StdoutLine: {'line': b'-- Up-to-date: /home/jmj/pro_asp_ws/ws_px4_controls/install/px4_msgs/include/px4_msgs/px4_msgs/msg/detail/mag_worker_data__rosidl_typesupport_introspection_cpp.hpp\n'}
[0.840459] (px4_msgs) StdoutLine: {'line': b'-- Up-to-date: /home/jmj/pro_asp_ws/ws_px4_controls/install/px4_msgs/include/px4_msgs/px4_msgs/msg/detail/vtol_vehicle_status__type_support.cpp\n'}
[0.840480] (px4_msgs) StdoutLine: {'line': b'-- Up-to-date: /home/jmj/pro_asp_ws/ws_px4_controls/install/px4_msgs/include/px4_msgs/px4_msgs/msg/detail/sensor_mag__type_support.cpp\n'}
[0.840503] (px4_msgs) StdoutLine: {'line': b'-- Up-to-date: /home/jmj/pro_asp_ws/ws_px4_controls/install/px4_msgs/include/px4_msgs/px4_msgs/msg/detail/vehicle_attitude_setpoint__type_support.cpp\n'}
[0.840527] (px4_msgs) StdoutLine: {'line': b'-- Up-to-date: /home/jmj/pro_asp_ws/ws_px4_controls/install/px4_msgs/include/px4_msgs/px4_msgs/msg/detail/gimbal_device_attitude_status__rosidl_typesupport_introspection_cpp.hpp\n'}
[0.840550] (px4_msgs) StdoutLine: {'line': b'-- Up-to-date: /home/jmj/pro_asp_ws/ws_px4_controls/install/px4_msgs/include/px4_msgs/px4_msgs/msg/detail/power_monitor__rosidl_typesupport_introspection_cpp.hpp\n'}
[0.840572] (px4_msgs) StdoutLine: {'line': b'-- Up-to-date: /home/jmj/pro_asp_ws/ws_px4_controls/install/px4_msgs/include/px4_msgs/px4_msgs/msg/detail/gimbal_manager_information__type_support.cpp\n'}
[0.840595] (px4_msgs) StdoutLine: {'line': b'-- Up-to-date: /home/jmj/pro_asp_ws/ws_px4_controls/install/px4_msgs/include/px4_msgs/px4_msgs/msg/detail/vehicle_torque_setpoint__rosidl_typesupport_introspection_cpp.hpp\n'}
[0.840618] (px4_msgs) StdoutLine: {'line': b'-- Up-to-date: /home/jmj/pro_asp_ws/ws_px4_controls/install/px4_msgs/include/px4_msgs/px4_msgs/msg/detail/follow_target_estimator__type_support.cpp\n'}
[0.840641] (px4_msgs) StdoutLine: {'line': b'-- Up-to-date: /home/jmj/pro_asp_ws/ws_px4_controls/install/px4_msgs/include/px4_msgs/px4_msgs/msg/detail/gps_inject_data__type_support.cpp\n'}
[0.840664] (px4_msgs) StdoutLine: {'line': b'-- Up-to-date: /home/jmj/pro_asp_ws/ws_px4_controls/install/px4_msgs/include/px4_msgs/px4_msgs/msg/detail/parameter_set_used_request__rosidl_typesupport_introspection_cpp.hpp\n'}
[0.840686] (px4_msgs) StdoutLine: {'line': b'-- Up-to-date: /home/jmj/pro_asp_ws/ws_px4_controls/install/px4_msgs/include/px4_msgs/px4_msgs/msg/detail/mission_result__rosidl_typesupport_introspection_cpp.hpp\n'}
[0.840732] (px4_msgs) StdoutLine: {'line': b'-- Up-to-date: /home/jmj/pro_asp_ws/ws_px4_controls/install/px4_msgs/include/px4_msgs/px4_msgs/msg/detail/debug_key_value__rosidl_typesupport_introspection_cpp.hpp\n'}
[0.840753] (px4_msgs) StdoutLine: {'line': b'-- Up-to-date: /home/jmj/pro_asp_ws/ws_px4_controls/install/px4_msgs/include/px4_msgs/px4_msgs/msg/detail/vehicle_imu__rosidl_typesupport_introspection_cpp.hpp\n'}
[0.840779] (px4_msgs) StdoutLine: {'line': b'-- Up-to-date: /home/jmj/pro_asp_ws/ws_px4_controls/install/px4_msgs/include/px4_msgs/px4_msgs/msg/detail/position_controller_status__type_support.cpp\n'}
[0.840800] (px4_msgs) StdoutLine: {'line': b'-- Up-to-date: /home/jmj/pro_asp_ws/ws_px4_controls/install/px4_msgs/include/px4_msgs/px4_msgs/msg/detail/can_interface_status__rosidl_typesupport_introspection_cpp.hpp\n'}
[0.840822] (px4_msgs) StdoutLine: {'line': b'-- Up-to-date: /home/jmj/pro_asp_ws/ws_px4_controls/install/px4_msgs/include/px4_msgs/px4_msgs/msg/detail/qshell_retval__type_support.cpp\n'}
[0.840844] (px4_msgs) StdoutLine: {'line': b'-- Up-to-date: /home/jmj/pro_asp_ws/ws_px4_controls/install/px4_msgs/include/px4_msgs/px4_msgs/msg/detail/rtl_status__rosidl_typesupport_introspection_cpp.hpp\n'}
[0.840869] (px4_msgs) StdoutLine: {'line': b'-- Up-to-date: /home/jmj/pro_asp_ws/ws_px4_controls/install/px4_msgs/include/px4_msgs/px4_msgs/msg/detail/gimbal_manager_information__rosidl_typesupport_introspection_cpp.hpp\n'}
[0.840893] (px4_msgs) StdoutLine: {'line': b'-- Up-to-date: /home/jmj/pro_asp_ws/ws_px4_controls/install/px4_msgs/include/px4_msgs/px4_msgs/msg/detail/velocity_limits__rosidl_typesupport_introspection_cpp.hpp\n'}
[0.840916] (px4_msgs) StdoutLine: {'line': b'-- Up-to-date: /home/jmj/pro_asp_ws/ws_px4_controls/install/px4_msgs/include/px4_msgs/px4_msgs/msg/detail/vehicle_angular_velocity__type_support.cpp\n'}
[0.840947] (px4_msgs) StdoutLine: {'line': b'-- Up-to-date: /home/jmj/pro_asp_ws/ws_px4_controls/install/px4_msgs/include/px4_msgs/px4_msgs/msg/detail/px4io_status__type_support.cpp\n'}
[0.840970] (px4_msgs) StdoutLine: {'line': b'-- Up-to-date: /home/jmj/pro_asp_ws/ws_px4_controls/install/px4_msgs/include/px4_msgs/px4_msgs/msg/detail/arming_check_request__type_support.cpp\n'}
[0.840991] (px4_msgs) StdoutLine: {'line': b'-- Up-to-date: /home/jmj/pro_asp_ws/ws_px4_controls/install/px4_msgs/include/px4_msgs/px4_msgs/msg/detail/tune_control__type_support.cpp\n'}
[0.841016] (px4_msgs) StdoutLine: {'line': b'-- Up-to-date: /home/jmj/pro_asp_ws/ws_px4_controls/install/px4_msgs/include/px4_msgs/px4_msgs/msg/detail/ulog_stream__type_support.cpp\n'}
[0.841044] (px4_msgs) StdoutLine: {'line': b'-- Up-to-date: /home/jmj/pro_asp_ws/ws_px4_controls/install/px4_msgs/include/px4_msgs/px4_msgs/msg/detail/failsafe_flags__rosidl_typesupport_introspection_cpp.hpp\n'}
[0.841065] (px4_msgs) StdoutLine: {'line': b'-- Up-to-date: /home/jmj/pro_asp_ws/ws_px4_controls/install/px4_msgs/include/px4_msgs/px4_msgs/msg/detail/vehicle_command__type_support.cpp\n'}
[0.841086] (px4_msgs) StdoutLine: {'line': b'-- Up-to-date: /home/jmj/pro_asp_ws/ws_px4_controls/install/px4_msgs/include/px4_msgs/px4_msgs/msg/detail/ekf2_timestamps__type_support.cpp\n'}
[0.841107] (px4_msgs) StdoutLine: {'line': b'-- Up-to-date: /home/jmj/pro_asp_ws/ws_px4_controls/install/px4_msgs/include/px4_msgs/px4_msgs/msg/detail/airspeed__type_support.cpp\n'}
[0.841127] (px4_msgs) StdoutLine: {'line': b'-- Up-to-date: /home/jmj/pro_asp_ws/ws_px4_controls/install/px4_msgs/include/px4_msgs/px4_msgs/msg/detail/airspeed__rosidl_typesupport_introspection_cpp.hpp\n'}
[0.841148] (px4_msgs) StdoutLine: {'line': b'-- Up-to-date: /home/jmj/pro_asp_ws/ws_px4_controls/install/px4_msgs/include/px4_msgs/px4_msgs/msg/detail/gimbal_controls__type_support.cpp\n'}
[0.841169] (px4_msgs) StdoutLine: {'line': b'-- Up-to-date: /home/jmj/pro_asp_ws/ws_px4_controls/install/px4_msgs/include/px4_msgs/px4_msgs/msg/detail/log_message__type_support.cpp\n'}
[0.841190] (px4_msgs) StdoutLine: {'line': b'-- Up-to-date: /home/jmj/pro_asp_ws/ws_px4_controls/install/px4_msgs/include/px4_msgs/px4_msgs/msg/detail/sensor_preflight_mag__type_support.cpp\n'}
[0.841213] (px4_msgs) StdoutLine: {'line': b'-- Up-to-date: /home/jmj/pro_asp_ws/ws_px4_controls/install/px4_msgs/include/px4_msgs/px4_msgs/msg/detail/debug_array__rosidl_typesupport_introspection_cpp.hpp\n'}
[0.841234] (px4_msgs) StdoutLine: {'line': b'-- Up-to-date: /home/jmj/pro_asp_ws/ws_px4_controls/install/px4_msgs/include/px4_msgs/px4_msgs/msg/detail/debug_key_value__type_support.cpp\n'}
[0.841255] (px4_msgs) StdoutLine: {'line': b'-- Up-to-date: /home/jmj/pro_asp_ws/ws_px4_controls/install/px4_msgs/include/px4_msgs/px4_msgs/msg/detail/esc_status__rosidl_typesupport_introspection_cpp.hpp\n'}
[0.841276] (px4_msgs) StdoutLine: {'line': b'-- Up-to-date: /home/jmj/pro_asp_ws/ws_px4_controls/install/px4_msgs/include/px4_msgs/px4_msgs/msg/detail/lateral_control_configuration__rosidl_typesupport_introspection_cpp.hpp\n'}
[0.841297] (px4_msgs) StdoutLine: {'line': b'-- Up-to-date: /home/jmj/pro_asp_ws/ws_px4_controls/install/px4_msgs/include/px4_msgs/px4_msgs/msg/detail/collision_constraints__type_support.cpp\n'}
[0.841318] (px4_msgs) StdoutLine: {'line': b'-- Up-to-date: /home/jmj/pro_asp_ws/ws_px4_controls/install/px4_msgs/include/px4_msgs/px4_msgs/msg/detail/rover_rate_status__type_support.cpp\n'}
[0.841341] (px4_msgs) StdoutLine: {'line': b'-- Up-to-date: /home/jmj/pro_asp_ws/ws_px4_controls/install/px4_msgs/include/px4_msgs/px4_msgs/msg/detail/manual_control_switches__rosidl_typesupport_introspection_cpp.hpp\n'}
[0.841386] (px4_msgs) StdoutLine: {'line': b'-- Up-to-date: /home/jmj/pro_asp_ws/ws_px4_controls/install/px4_msgs/include/px4_msgs/px4_msgs/msg/detail/rate_ctrl_status__rosidl_typesupport_introspection_cpp.hpp\n'}
[0.841408] (px4_msgs) StdoutLine: {'line': b'-- Up-to-date: /home/jmj/pro_asp_ws/ws_px4_controls/install/px4_msgs/include/px4_msgs/px4_msgs/msg/detail/home_position__type_support.cpp\n'}
[0.841429] (px4_msgs) StdoutLine: {'line': b'-- Up-to-date: /home/jmj/pro_asp_ws/ws_px4_controls/install/px4_msgs/include/px4_msgs/px4_msgs/msg/detail/gimbal_device_set_attitude__type_support.cpp\n'}
[0.841450] (px4_msgs) StdoutLine: {'line': b'-- Up-to-date: /home/jmj/pro_asp_ws/ws_px4_controls/install/px4_msgs/include/px4_msgs/px4_msgs/msg/detail/mission_result__type_support.cpp\n'}
[0.841471] (px4_msgs) StdoutLine: {'line': b'-- Up-to-date: /home/jmj/pro_asp_ws/ws_px4_controls/install/px4_msgs/include/px4_msgs/px4_msgs/msg/detail/radio_status__rosidl_typesupport_introspection_cpp.hpp\n'}
[0.841492] (px4_msgs) StdoutLine: {'line': b'-- Up-to-date: /home/jmj/pro_asp_ws/ws_px4_controls/install/px4_msgs/include/px4_msgs/px4_msgs/msg/detail/onboard_computer_status__type_support.cpp\n'}
[0.841515] (px4_msgs) StdoutLine: {'line': b'-- Up-to-date: /home/jmj/pro_asp_ws/ws_px4_controls/install/px4_msgs/include/px4_msgs/px4_msgs/msg/detail/gps_inject_data__rosidl_typesupport_introspection_cpp.hpp\n'}
[0.841538] (px4_msgs) StdoutLine: {'line': b'-- Up-to-date: /home/jmj/pro_asp_ws/ws_px4_controls/install/px4_msgs/include/px4_msgs/px4_msgs/msg/detail/rover_attitude_setpoint__type_support.cpp\n'}
[0.841569] (px4_msgs) StdoutLine: {'line': b'-- Up-to-date: /home/jmj/pro_asp_ws/ws_px4_controls/install/px4_msgs/include/px4_msgs/px4_msgs/msg/detail/position_setpoint_triplet__type_support.cpp\n'}
[0.841591] (px4_msgs) StdoutLine: {'line': b'-- Up-to-date: /home/jmj/pro_asp_ws/ws_px4_controls/install/px4_msgs/include/px4_msgs/px4_msgs/msg/detail/gps_dump__type_support.cpp\n'}
[0.841612] (px4_msgs) StdoutLine: {'line': b'-- Up-to-date: /home/jmj/pro_asp_ws/ws_px4_controls/install/px4_msgs/include/px4_msgs/px4_msgs/msg/detail/vehicle_global_position__type_support.cpp\n'}
[0.841637] (px4_msgs) StdoutLine: {'line': b'-- Up-to-date: /home/jmj/pro_asp_ws/ws_px4_controls/install/px4_msgs/include/px4_msgs/px4_msgs/msg/detail/system_power__type_support.cpp\n'}
[0.841658] (px4_msgs) StdoutLine: {'line': b'-- Up-to-date: /home/jmj/pro_asp_ws/ws_px4_controls/install/px4_msgs/include/px4_msgs/px4_msgs/msg/detail/landing_target_pose__type_support.cpp\n'}
[0.841682] (px4_msgs) StdoutLine: {'line': b'-- Up-to-date: /home/jmj/pro_asp_ws/ws_px4_controls/install/px4_msgs/include/px4_msgs/px4_msgs/msg/detail/manual_control_switches__type_support.cpp\n'}
[0.841712] (px4_msgs) StdoutLine: {'line': b'-- Up-to-date: /home/jmj/pro_asp_ws/ws_px4_controls/install/px4_msgs/include/px4_msgs/px4_msgs/msg/detail/logger_status__type_support.cpp\n'}
[0.841733] (px4_msgs) StdoutLine: {'line': b'-- Up-to-date: /home/jmj/pro_asp_ws/ws_px4_controls/install/px4_msgs/include/px4_msgs/px4_msgs/msg/detail/fixed_wing_longitudinal_setpoint__type_support.cpp\n'}
[0.841754] (px4_msgs) StdoutLine: {'line': b'-- Up-to-date: /home/jmj/pro_asp_ws/ws_px4_controls/install/px4_msgs/include/px4_msgs/px4_msgs/msg/detail/sensors_status__rosidl_typesupport_introspection_cpp.hpp\n'}
[0.841780] (px4_msgs) StdoutLine: {'line': b'-- Up-to-date: /home/jmj/pro_asp_ws/ws_px4_controls/install/px4_msgs/include/px4_msgs/px4_msgs/msg/detail/landing_target_innovations__type_support.cpp\n'}
[0.841803] (px4_msgs) StdoutLine: {'line': b'-- Up-to-date: /home/jmj/pro_asp_ws/ws_px4_controls/install/px4_msgs/include/px4_msgs/px4_msgs/msg/detail/rover_velocity_status__rosidl_typesupport_introspection_cpp.hpp\n'}
[0.841824] (px4_msgs) StdoutLine: {'line': b'-- Up-to-date: /home/jmj/pro_asp_ws/ws_px4_controls/install/px4_msgs/include/px4_msgs/px4_msgs/msg/detail/estimator_aid_source3d__rosidl_typesupport_introspection_cpp.hpp\n'}
[0.841846] (px4_msgs) StdoutLine: {'line': b'-- Up-to-date: /home/jmj/pro_asp_ws/ws_px4_controls/install/px4_msgs/include/px4_msgs/px4_msgs/msg/detail/sensor_correction__type_support.cpp\n'}
[0.841867] (px4_msgs) StdoutLine: {'line': b'-- Up-to-date: /home/jmj/pro_asp_ws/ws_px4_controls/install/px4_msgs/include/px4_msgs/px4_msgs/msg/detail/mavlink_tunnel__type_support.cpp\n'}
[0.841890] (px4_msgs) StdoutLine: {'line': b'-- Up-to-date: /home/jmj/pro_asp_ws/ws_px4_controls/install/px4_msgs/include/px4_msgs/px4_msgs/msg/detail/ping__rosidl_typesupport_introspection_cpp.hpp\n'}
[0.841914] (px4_msgs) StdoutLine: {'line': b'-- Up-to-date: /home/jmj/pro_asp_ws/ws_px4_controls/install/px4_msgs/include/px4_msgs/px4_msgs/msg/detail/arming_check_request__rosidl_typesupport_introspection_cpp.hpp\n'}
[0.841937] (px4_msgs) StdoutLine: {'line': b'-- Up-to-date: /home/jmj/pro_asp_ws/ws_px4_controls/install/px4_msgs/include/px4_msgs/px4_msgs/msg/detail/vehicle_rates_setpoint__rosidl_typesupport_introspection_cpp.hpp\n'}
[0.841960] (px4_msgs) StdoutLine: {'line': b'-- Up-to-date: /home/jmj/pro_asp_ws/ws_px4_controls/install/px4_msgs/include/px4_msgs/px4_msgs/msg/detail/esc_report__rosidl_typesupport_introspection_cpp.hpp\n'}
[0.841983] (px4_msgs) StdoutLine: {'line': b'-- Up-to-date: /home/jmj/pro_asp_ws/ws_px4_controls/install/px4_msgs/include/px4_msgs/px4_msgs/msg/detail/rover_position_setpoint__rosidl_typesupport_introspection_cpp.hpp\n'}
[0.842007] (px4_msgs) StdoutLine: {'line': b'-- Up-to-date: /home/jmj/pro_asp_ws/ws_px4_controls/install/px4_msgs/include/px4_msgs/px4_msgs/msg/detail/estimator_bias__rosidl_typesupport_introspection_cpp.hpp\n'}
[0.842030] (px4_msgs) StdoutLine: {'line': b'-- Up-to-date: /home/jmj/pro_asp_ws/ws_px4_controls/install/px4_msgs/include/px4_msgs/px4_msgs/msg/detail/sensor_airflow__rosidl_typesupport_introspection_cpp.hpp\n'}
[0.842060] (px4_msgs) StdoutLine: {'line': b'-- Up-to-date: /home/jmj/pro_asp_ws/ws_px4_controls/install/px4_msgs/include/px4_msgs/px4_msgs/msg/detail/health_report__rosidl_typesupport_introspection_cpp.hpp\n'}
[0.842082] (px4_msgs) StdoutLine: {'line': b'-- Up-to-date: /home/jmj/pro_asp_ws/ws_px4_controls/install/px4_msgs/include/px4_msgs/px4_msgs/msg/detail/event__rosidl_typesupport_introspection_cpp.hpp\n'}
[0.842103] (px4_msgs) StdoutLine: {'line': b'-- Up-to-date: /home/jmj/pro_asp_ws/ws_px4_controls/install/px4_msgs/include/px4_msgs/px4_msgs/msg/detail/orb_test_large__rosidl_typesupport_introspection_cpp.hpp\n'}
[0.842123] (px4_msgs) StdoutLine: {'line': b'-- Up-to-date: /home/jmj/pro_asp_ws/ws_px4_controls/install/px4_msgs/include/px4_msgs/px4_msgs/msg/detail/estimator_gps_status__rosidl_typesupport_introspection_cpp.hpp\n'}
[0.842148] (px4_msgs) StdoutLine: {'line': b'-- Up-to-date: /home/jmj/pro_asp_ws/ws_px4_controls/install/px4_msgs/include/px4_msgs/px4_msgs/msg/detail/rover_position_setpoint__type_support.cpp\n'}
[0.842171] (px4_msgs) StdoutLine: {'line': b'-- Up-to-date: /home/jmj/pro_asp_ws/ws_px4_controls/install/px4_msgs/include/px4_msgs/px4_msgs/msg/detail/px4io_status__rosidl_typesupport_introspection_cpp.hpp\n'}
[0.842194] (px4_msgs) StdoutLine: {'line': b'-- Up-to-date: /home/jmj/pro_asp_ws/ws_px4_controls/install/px4_msgs/include/px4_msgs/px4_msgs/msg/detail/gimbal_manager_status__rosidl_typesupport_introspection_cpp.hpp\n'}
[0.842216] (px4_msgs) StdoutLine: {'line': b'-- Up-to-date: /home/jmj/pro_asp_ws/ws_px4_controls/install/px4_msgs/include/px4_msgs/px4_msgs/msg/detail/sensor_gyro__type_support.cpp\n'}
[0.842248] (px4_msgs) StdoutLine: {'line': b'-- Up-to-date: /home/jmj/pro_asp_ws/ws_px4_controls/install/px4_msgs/include/px4_msgs/px4_msgs/msg/detail/obstacle_distance__type_support.cpp\n'}
[0.842270] (px4_msgs) StdoutLine: {'line': b'-- Up-to-date: /home/jmj/pro_asp_ws/ws_px4_controls/install/px4_msgs/include/px4_msgs/px4_msgs/msg/detail/irlock_report__rosidl_typesupport_introspection_cpp.hpp\n'}
[0.842291] (px4_msgs) StdoutLine: {'line': b'-- Up-to-date: /home/jmj/pro_asp_ws/ws_px4_controls/install/px4_msgs/include/px4_msgs/px4_msgs/msg/detail/estimator_aid_source2d__rosidl_typesupport_introspection_cpp.hpp\n'}
[0.842313] (px4_msgs) StdoutLine: {'line': b'-- Up-to-date: /home/jmj/pro_asp_ws/ws_px4_controls/install/px4_msgs/include/px4_msgs/px4_msgs/msg/detail/geofence_result__type_support.cpp\n'}
[0.842335] (px4_msgs) StdoutLine: {'line': b'-- Up-to-date: /home/jmj/pro_asp_ws/ws_px4_controls/install/px4_msgs/include/px4_msgs/px4_msgs/msg/detail/vehicle_air_data__type_support.cpp\n'}
[0.842358] (px4_msgs) StdoutLine: {'line': b'-- Up-to-date: /home/jmj/pro_asp_ws/ws_px4_controls/install/px4_msgs/include/px4_msgs/px4_msgs/msg/detail/gimbal_manager_set_attitude__type_support.cpp\n'}
[0.842381] (px4_msgs) StdoutLine: {'line': b'-- Up-to-date: /home/jmj/pro_asp_ws/ws_px4_controls/install/px4_msgs/include/px4_msgs/px4_msgs/msg/detail/actuator_outputs__type_support.cpp\n'}
[0.842405] (px4_msgs) StdoutLine: {'line': b'-- Up-to-date: /home/jmj/pro_asp_ws/ws_px4_controls/install/px4_msgs/include/px4_msgs/px4_msgs/msg/detail/rpm__rosidl_typesupport_introspection_cpp.hpp\n'}
[0.842436] (px4_msgs) StdoutLine: {'line': b'-- Up-to-date: /home/jmj/pro_asp_ws/ws_px4_controls/install/px4_msgs/include/px4_msgs/px4_msgs/msg/detail/sensor_gyro_fifo__rosidl_typesupport_introspection_cpp.hpp\n'}
[0.842458] (px4_msgs) StdoutLine: {'line': b'-- Up-to-date: /home/jmj/pro_asp_ws/ws_px4_controls/install/px4_msgs/include/px4_msgs/px4_msgs/msg/detail/rover_attitude_status__rosidl_typesupport_introspection_cpp.hpp\n'}
[0.842480] (px4_msgs) StdoutLine: {'line': b'-- Up-to-date: /home/jmj/pro_asp_ws/ws_px4_controls/install/px4_msgs/include/px4_msgs/px4_msgs/msg/detail/heater_status__type_support.cpp\n'}
[0.842504] (px4_msgs) StdoutLine: {'line': b'-- Up-to-date: /home/jmj/pro_asp_ws/ws_px4_controls/install/px4_msgs/include/px4_msgs/px4_msgs/msg/detail/follow_target_status__type_support.cpp\n'}
[0.842530] (px4_msgs) StdoutLine: {'line': b'-- Up-to-date: /home/jmj/pro_asp_ws/ws_px4_controls/install/px4_msgs/include/px4_msgs/px4_msgs/msg/detail/autotune_attitude_control_status__type_support.cpp\n'}
[0.842559] (px4_msgs) StdoutLine: {'line': b'-- Up-to-date: /home/jmj/pro_asp_ws/ws_px4_controls/install/px4_msgs/include/px4_msgs/px4_msgs/msg/detail/vehicle_optical_flow_vel__type_support.cpp\n'}
[0.842584] (px4_msgs) StdoutLine: {'line': b'-- Up-to-date: /home/jmj/pro_asp_ws/ws_px4_controls/install/px4_msgs/include/px4_msgs/px4_msgs/msg/detail/open_drone_id_operator_id__rosidl_typesupport_introspection_cpp.hpp\n'}
[0.842608] (px4_msgs) StdoutLine: {'line': b'-- Up-to-date: /home/jmj/pro_asp_ws/ws_px4_controls/install/px4_msgs/include/px4_msgs/px4_msgs/msg/detail/failsafe_flags__type_support.cpp\n'}
[0.842632] (px4_msgs) StdoutLine: {'line': b'-- Up-to-date: /home/jmj/pro_asp_ws/ws_px4_controls/install/px4_msgs/include/px4_msgs/px4_msgs/msg/detail/vehicle_imu_status__rosidl_typesupport_introspection_cpp.hpp\n'}
[0.842665] (px4_msgs) StdoutLine: {'line': b'-- Up-to-date: /home/jmj/pro_asp_ws/ws_px4_controls/install/px4_msgs/include/px4_msgs/px4_msgs/msg/detail/parameter_update__rosidl_typesupport_introspection_cpp.hpp\n'}
[0.842687] (px4_msgs) StdoutLine: {'line': b'-- Up-to-date: /home/jmj/pro_asp_ws/ws_px4_controls/install/px4_msgs/include/px4_msgs/px4_msgs/msg/detail/iridiumsbd_status__type_support.cpp\n'}
[0.842708] (px4_msgs) StdoutLine: {'line': b'-- Up-to-date: /home/jmj/pro_asp_ws/ws_px4_controls/install/px4_msgs/include/px4_msgs/px4_msgs/msg/detail/sensor_airflow__type_support.cpp\n'}
[0.842730] (px4_msgs) StdoutLine: {'line': b'-- Up-to-date: /home/jmj/pro_asp_ws/ws_px4_controls/install/px4_msgs/include/px4_msgs/px4_msgs/msg/detail/pps_capture__rosidl_typesupport_introspection_cpp.hpp\n'}
[0.842769] (px4_msgs) StdoutLine: {'line': b'-- Up-to-date: /home/jmj/pro_asp_ws/ws_px4_controls/install/px4_msgs/include/px4_msgs/px4_msgs/msg/detail/rover_steering_setpoint__type_support.cpp\n'}
[0.842793] (px4_msgs) StdoutLine: {'line': b'-- Up-to-date: /home/jmj/pro_asp_ws/ws_px4_controls/install/px4_msgs/include/px4_msgs/px4_msgs/msg/detail/unregister_ext_component__type_support.cpp\n'}
[0.842816] (px4_msgs) StdoutLine: {'line': b'-- Up-to-date: /home/jmj/pro_asp_ws/ws_px4_controls/install/px4_msgs/include/px4_msgs/px4_msgs/msg/detail/ping__type_support.cpp\n'}
[0.842839] (px4_msgs) StdoutLine: {'line': b'-- Up-to-date: /home/jmj/pro_asp_ws/ws_px4_controls/install/px4_msgs/include/px4_msgs/px4_msgs/msg/detail/yaw_estimator_status__type_support.cpp\n'}
[0.842862] (px4_msgs) StdoutLine: {'line': b'-- Up-to-date: /home/jmj/pro_asp_ws/ws_px4_controls/install/px4_msgs/include/px4_msgs/px4_msgs/msg/detail/sensor_hygrometer__type_support.cpp\n'}
[0.842887] (px4_msgs) StdoutLine: {'line': b'-- Up-to-date: /home/jmj/pro_asp_ws/ws_px4_controls/install/px4_msgs/include/px4_msgs/px4_msgs/msg/detail/message_format_response__rosidl_typesupport_introspection_cpp.hpp\n'}
[0.842913] (px4_msgs) StdoutLine: {'line': b'-- Up-to-date: /home/jmj/pro_asp_ws/ws_px4_controls/install/px4_msgs/include/px4_msgs/px4_msgs/msg/detail/irlock_report__type_support.cpp\n'}
[0.842935] (px4_msgs) StdoutLine: {'line': b'-- Up-to-date: /home/jmj/pro_asp_ws/ws_px4_controls/install/px4_msgs/include/px4_msgs/px4_msgs/msg/detail/landing_gear__rosidl_typesupport_introspection_cpp.hpp\n'}
[0.842956] (px4_msgs) StdoutLine: {'line': b'-- Up-to-date: /home/jmj/pro_asp_ws/ws_px4_controls/install/px4_msgs/include/px4_msgs/px4_msgs/msg/detail/cpuload__type_support.cpp\n'}
[0.842979] (px4_msgs) StdoutLine: {'line': b'-- Up-to-date: /home/jmj/pro_asp_ws/ws_px4_controls/install/px4_msgs/include/px4_msgs/px4_msgs/msg/detail/navigator_mission_item__rosidl_typesupport_introspection_cpp.hpp\n'}
[0.843002] (px4_msgs) StdoutLine: {'line': b'-- Up-to-date: /home/jmj/pro_asp_ws/ws_px4_controls/install/px4_msgs/include/px4_msgs/px4_msgs/msg/detail/actuator_controls_status__type_support.cpp\n'}
[0.843027] (px4_msgs) StdoutLine: {'line': b'-- Up-to-date: /home/jmj/pro_asp_ws/ws_px4_controls/install/px4_msgs/include/px4_msgs/px4_msgs/msg/detail/trajectory_setpoint__type_support.cpp\n'}
[0.843050] (px4_msgs) StdoutLine: {'line': b'-- Up-to-date: /home/jmj/pro_asp_ws/ws_px4_controls/install/px4_msgs/include/px4_msgs/px4_msgs/msg/detail/arming_check_reply__rosidl_typesupport_introspection_cpp.hpp\n'}
[0.843074] (px4_msgs) StdoutLine: {'line': b'-- Up-to-date: /home/jmj/pro_asp_ws/ws_px4_controls/install/px4_msgs/include/px4_msgs/px4_msgs/msg/detail/input_rc__rosidl_typesupport_introspection_cpp.hpp\n'}
[0.843099] (px4_msgs) StdoutLine: {'line': b'-- Up-to-date: /home/jmj/pro_asp_ws/ws_px4_controls/install/px4_msgs/include/px4_msgs/px4_msgs/msg/detail/tecs_status__type_support.cpp\n'}
[0.843123] (px4_msgs) StdoutLine: {'line': b'-- Up-to-date: /home/jmj/pro_asp_ws/ws_px4_controls/install/px4_msgs/include/px4_msgs/px4_msgs/msg/detail/sensor_gnss_relative__rosidl_typesupport_introspection_cpp.hpp\n'}
[0.843160] (px4_msgs) StdoutLine: {'line': b'-- Up-to-date: /home/jmj/pro_asp_ws/ws_px4_controls/install/px4_msgs/include/px4_msgs/px4_msgs/msg/detail/takeoff_status__type_support.cpp\n'}
[0.843183] (px4_msgs) StdoutLine: {'line': b'-- Up-to-date: /home/jmj/pro_asp_ws/ws_px4_controls/install/px4_msgs/include/px4_msgs/px4_msgs/msg/detail/uavcan_parameter_value__type_support.cpp\n'}
[0.843207] (px4_msgs) StdoutLine: {'line': b'-- Up-to-date: /home/jmj/pro_asp_ws/ws_px4_controls/install/px4_msgs/include/px4_msgs/px4_msgs/msg/detail/generator_status__rosidl_typesupport_introspection_cpp.hpp\n'}
[0.843230] (px4_msgs) StdoutLine: {'line': b'-- Up-to-date: /home/jmj/pro_asp_ws/ws_px4_controls/install/px4_msgs/include/px4_msgs/px4_msgs/msg/detail/goto_setpoint__type_support.cpp\n'}
[0.843260] (px4_msgs) StdoutLine: {'line': b'-- Up-to-date: /home/jmj/pro_asp_ws/ws_px4_controls/install/px4_msgs/include/px4_msgs/px4_msgs/msg/detail/vehicle_optical_flow_vel__rosidl_typesupport_introspection_cpp.hpp\n'}
[0.843284] (px4_msgs) StdoutLine: {'line': b'-- Up-to-date: /home/jmj/pro_asp_ws/ws_px4_controls/install/px4_msgs/include/px4_msgs/px4_msgs/msg/detail/vehicle_imu__type_support.cpp\n'}
[0.843309] (px4_msgs) StdoutLine: {'line': b'-- Up-to-date: /home/jmj/pro_asp_ws/ws_px4_controls/install/px4_msgs/include/px4_msgs/px4_msgs/msg/detail/estimator_innovations__rosidl_typesupport_introspection_cpp.hpp\n'}
[0.843342] (px4_msgs) StdoutLine: {'line': b'-- Up-to-date: /home/jmj/pro_asp_ws/ws_px4_controls/install/px4_msgs/include/px4_msgs/px4_msgs/msg/detail/sensors_status_imu__type_support.cpp\n'}
[0.843374] (px4_msgs) StdoutLine: {'line': b'-- Up-to-date: /home/jmj/pro_asp_ws/ws_px4_controls/install/px4_msgs/include/px4_msgs/px4_msgs/msg/detail/pwm_input__rosidl_typesupport_introspection_cpp.hpp\n'}
[0.843407] (px4_msgs) StdoutLine: {'line': b'-- Up-to-date: /home/jmj/pro_asp_ws/ws_px4_controls/install/px4_msgs/include/px4_msgs/px4_msgs/msg/detail/navigator_status__type_support.cpp\n'}
[0.843450] (px4_msgs) StdoutLine: {'line': b'-- Up-to-date: /home/jmj/pro_asp_ws/ws_px4_controls/install/px4_msgs/include/px4_msgs/px4_msgs/msg/detail/trajectory_setpoint6dof__type_support.cpp\n'}
[0.843474] (px4_msgs) StdoutLine: {'line': b'-- Up-to-date: /home/jmj/pro_asp_ws/ws_px4_controls/install/px4_msgs/include/px4_msgs/px4_msgs/msg/detail/follow_target_status__rosidl_typesupport_introspection_cpp.hpp\n'}
[0.843514] (px4_msgs) StdoutLine: {'line': b'-- Up-to-date: /home/jmj/pro_asp_ws/ws_px4_controls/install/px4_msgs/include/px4_msgs/px4_msgs/msg/detail/uavcan_parameter_request__rosidl_typesupport_introspection_cpp.hpp\n'}
[0.843539] (px4_msgs) StdoutLine: {'line': b'-- Up-to-date: /home/jmj/pro_asp_ws/ws_px4_controls/install/px4_msgs/include/px4_msgs/px4_msgs/msg/detail/button_event__type_support.cpp\n'}
[0.843562] (px4_msgs) StdoutLine: {'line': b'-- Up-to-date: /home/jmj/pro_asp_ws/ws_px4_controls/install/px4_msgs/include/px4_msgs/px4_msgs/msg/detail/power_button_state__type_support.cpp\n'}
[0.843584] (px4_msgs) StdoutLine: {'line': b'-- Up-to-date: /home/jmj/pro_asp_ws/ws_px4_controls/install/px4_msgs/include/px4_msgs/px4_msgs/msg/detail/sensor_selection__type_support.cpp\n'}
[0.843607] (px4_msgs) StdoutLine: {'line': b'-- Up-to-date: /home/jmj/pro_asp_ws/ws_px4_controls/install/px4_msgs/include/px4_msgs/px4_msgs/msg/detail/geofence_status__rosidl_typesupport_introspection_cpp.hpp\n'}
[0.843632] (px4_msgs) StdoutLine: {'line': b'-- Up-to-date: /home/jmj/pro_asp_ws/ws_px4_controls/install/px4_msgs/include/px4_msgs/px4_msgs/msg/detail/rover_throttle_setpoint__type_support.cpp\n'}
[0.843655] (px4_msgs) StdoutLine: {'line': b'-- Up-to-date: /home/jmj/pro_asp_ws/ws_px4_controls/install/px4_msgs/include/px4_msgs/px4_msgs/msg/detail/normalized_unsigned_setpoint__rosidl_typesupport_introspection_cpp.hpp\n'}
[0.843677] (px4_msgs) StdoutLine: {'line': b'-- Up-to-date: /home/jmj/pro_asp_ws/ws_px4_controls/install/px4_msgs/include/px4_msgs/px4_msgs/msg/detail/wind__type_support.cpp\n'}
[0.843702] (px4_msgs) StdoutLine: {'line': b'-- Up-to-date: /home/jmj/pro_asp_ws/ws_px4_controls/install/px4_msgs/include/px4_msgs/px4_msgs/msg/detail/sensor_gps__rosidl_typesupport_introspection_cpp.hpp\n'}
[0.843724] (px4_msgs) StdoutLine: {'line': b'-- Up-to-date: /home/jmj/pro_asp_ws/ws_px4_controls/install/px4_msgs/include/px4_msgs/px4_msgs/msg/detail/action_request__type_support.cpp\n'}
[0.843745] (px4_msgs) StdoutLine: {'line': b'-- Up-to-date: /home/jmj/pro_asp_ws/ws_px4_controls/install/px4_msgs/include/px4_msgs/px4_msgs/msg/detail/gpio_out__rosidl_typesupport_introspection_cpp.hpp\n'}
[0.843774] (px4_msgs) StdoutLine: {'line': b'-- Up-to-date: /home/jmj/pro_asp_ws/ws_px4_controls/install/px4_msgs/include/px4_msgs/px4_msgs/msg/detail/cpuload__rosidl_typesupport_introspection_cpp.hpp\n'}
[0.843799] (px4_msgs) StdoutLine: {'line': b'-- Up-to-date: /home/jmj/pro_asp_ws/ws_px4_controls/install/px4_msgs/include/px4_msgs/px4_msgs/msg/detail/open_drone_id_arm_status__type_support.cpp\n'}
[0.843822] (px4_msgs) StdoutLine: {'line': b'-- Up-to-date: /home/jmj/pro_asp_ws/ws_px4_controls/install/px4_msgs/include/px4_msgs/px4_msgs/msg/detail/distance_sensor__rosidl_typesupport_introspection_cpp.hpp\n'}
[0.843845] (px4_msgs) StdoutLine: {'line': b'-- Up-to-date: /home/jmj/pro_asp_ws/ws_px4_controls/install/px4_msgs/include/px4_msgs/px4_msgs/msg/detail/hover_thrust_estimate__rosidl_typesupport_introspection_cpp.hpp\n'}
[0.843868] (px4_msgs) StdoutLine: {'line': b'-- Up-to-date: /home/jmj/pro_asp_ws/ws_px4_controls/install/px4_msgs/include/px4_msgs/px4_msgs/msg/detail/actuator_motors__rosidl_typesupport_introspection_cpp.hpp\n'}
[0.843892] (px4_msgs) StdoutLine: {'line': b'-- Up-to-date: /home/jmj/pro_asp_ws/ws_px4_controls/install/px4_msgs/include/px4_msgs/px4_msgs/msg/detail/dataman_request__rosidl_typesupport_introspection_cpp.hpp\n'}
[0.843915] (px4_msgs) StdoutLine: {'line': b'-- Up-to-date: /home/jmj/pro_asp_ws/ws_px4_controls/install/px4_msgs/include/px4_msgs/px4_msgs/msg/detail/vtol_vehicle_status__rosidl_typesupport_introspection_cpp.hpp\n'}
[0.843939] (px4_msgs) StdoutLine: {'line': b'-- Up-to-date: /home/jmj/pro_asp_ws/ws_px4_controls/install/px4_msgs/include/px4_msgs/px4_msgs/msg/detail/parameter_set_value_response__rosidl_typesupport_introspection_cpp.hpp\n'}
[0.843963] (px4_msgs) StdoutLine: {'line': b'-- Up-to-date: /home/jmj/pro_asp_ws/ws_px4_controls/install/px4_msgs/include/px4_msgs/px4_msgs/msg/detail/gimbal_device_attitude_status__type_support.cpp\n'}
[0.843986] (px4_msgs) StdoutLine: {'line': b'-- Up-to-date: /home/jmj/pro_asp_ws/ws_px4_controls/install/px4_msgs/include/px4_msgs/px4_msgs/msg/detail/rover_steering_setpoint__rosidl_typesupport_introspection_cpp.hpp\n'}
[0.844009] (px4_msgs) StdoutLine: {'line': b'-- Up-to-date: /home/jmj/pro_asp_ws/ws_px4_controls/install/px4_msgs/include/px4_msgs/px4_msgs/msg/detail/vehicle_local_position_setpoint__rosidl_typesupport_introspection_cpp.hpp\n'}
[0.844049] (px4_msgs) StdoutLine: {'line': b'-- Up-to-date: /home/jmj/pro_asp_ws/ws_px4_controls/install/px4_msgs/include/px4_msgs/px4_msgs/msg/detail/rover_attitude_status__type_support.cpp\n'}
[0.844072] (px4_msgs) StdoutLine: {'line': b'-- Up-to-date: /home/jmj/pro_asp_ws/ws_px4_controls/install/px4_msgs/include/px4_msgs/px4_msgs/msg/detail/orb_test__type_support.cpp\n'}
[0.844103] (px4_msgs) StdoutLine: {'line': b'-- Up-to-date: /home/jmj/pro_asp_ws/ws_px4_controls/install/px4_msgs/include/px4_msgs/px4_msgs/msg/detail/estimator_bias__type_support.cpp\n'}
[0.844125] (px4_msgs) StdoutLine: {'line': b'-- Up-to-date: /home/jmj/pro_asp_ws/ws_px4_controls/install/px4_msgs/include/px4_msgs/px4_msgs/msg/detail/iridiumsbd_status__rosidl_typesupport_introspection_cpp.hpp\n'}
[0.844146] (px4_msgs) StdoutLine: {'line': b'-- Up-to-date: /home/jmj/pro_asp_ws/ws_px4_controls/install/px4_msgs/include/px4_msgs/px4_msgs/msg/detail/sensors_status_imu__rosidl_typesupport_introspection_cpp.hpp\n'}
[0.844168] (px4_msgs) StdoutLine: {'line': b'-- Up-to-date: /home/jmj/pro_asp_ws/ws_px4_controls/install/px4_msgs/include/px4_msgs/px4_msgs/msg/detail/gpio_config__type_support.cpp\n'}
[0.844191] (px4_msgs) StdoutLine: {'line': b'-- Up-to-date: /home/jmj/pro_asp_ws/ws_px4_controls/install/px4_msgs/include/px4_msgs/px4_msgs/msg/detail/rtl_time_estimate__type_support.cpp\n'}
[0.844213] (px4_msgs) StdoutLine: {'line': b'-- Up-to-date: /home/jmj/pro_asp_ws/ws_px4_controls/install/px4_msgs/include/px4_msgs/px4_msgs/msg/detail/estimator_selector_status__type_support.cpp\n'}
[0.844234] (px4_msgs) StdoutLine: {'line': b'-- Up-to-date: /home/jmj/pro_asp_ws/ws_px4_controls/install/px4_msgs/include/px4_msgs/px4_msgs/msg/detail/uavcan_parameter_request__type_support.cpp\n'}
[0.844256] (px4_msgs) StdoutLine: {'line': b'-- Up-to-date: /home/jmj/pro_asp_ws/ws_px4_controls/install/px4_msgs/include/px4_msgs/px4_msgs/msg/detail/takeoff_status__rosidl_typesupport_introspection_cpp.hpp\n'}
[0.844289] (px4_msgs) StdoutLine: {'line': b'-- Up-to-date: /home/jmj/pro_asp_ws/ws_px4_controls/install/px4_msgs/include/px4_msgs/px4_msgs/msg/detail/collision_constraints__rosidl_typesupport_introspection_cpp.hpp\n'}
[0.844311] (px4_msgs) StdoutLine: {'line': b'-- Up-to-date: /home/jmj/pro_asp_ws/ws_px4_controls/install/px4_msgs/include/px4_msgs/px4_msgs/msg/detail/sensor_mag__rosidl_typesupport_introspection_cpp.hpp\n'}
[0.844333] (px4_msgs) StdoutLine: {'line': b'-- Up-to-date: /home/jmj/pro_asp_ws/ws_px4_controls/install/px4_msgs/include/px4_msgs/px4_msgs/msg/detail/follow_target__rosidl_typesupport_introspection_cpp.hpp\n'}
[0.844354] (px4_msgs) StdoutLine: {'line': b'-- Up-to-date: /home/jmj/pro_asp_ws/ws_px4_controls/install/px4_msgs/include/px4_msgs/px4_msgs/msg/detail/distance_sensor_mode_change_request__rosidl_typesupport_introspection_cpp.hpp\n'}
[0.844376] (px4_msgs) StdoutLine: {'line': b'-- Up-to-date: /home/jmj/pro_asp_ws/ws_px4_controls/install/px4_msgs/include/px4_msgs/px4_msgs/msg/detail/esc_report__type_support.cpp\n'}
[0.844397] (px4_msgs) StdoutLine: {'line': b'-- Up-to-date: /home/jmj/pro_asp_ws/ws_px4_controls/install/px4_msgs/include/px4_msgs/px4_msgs/msg/detail/differential_pressure__type_support.cpp\n'}
[0.844418] (px4_msgs) StdoutLine: {'line': b'-- Up-to-date: /home/jmj/pro_asp_ws/ws_px4_controls/install/px4_msgs/include/px4_msgs/px4_msgs/msg/detail/camera_capture__type_support.cpp\n'}
[0.844441] (px4_msgs) StdoutLine: {'line': b'-- Up-to-date: /home/jmj/pro_asp_ws/ws_px4_controls/install/px4_msgs/include/px4_msgs/px4_msgs/msg/detail/rpm__type_support.cpp\n'}
[0.844464] (px4_msgs) StdoutLine: {'line': b'-- Up-to-date: /home/jmj/pro_asp_ws/ws_px4_controls/install/px4_msgs/include/px4_msgs/px4_msgs/msg/detail/launch_detection_status__rosidl_typesupport_introspection_cpp.hpp\n'}
[0.844487] (px4_msgs) StdoutLine: {'line': b'-- Up-to-date: /home/jmj/pro_asp_ws/ws_px4_controls/install/px4_msgs/include/px4_msgs/px4_msgs/msg/detail/parameter_set_value_request__rosidl_typesupport_introspection_cpp.hpp\n'}
[0.844510] (px4_msgs) StdoutLine: {'line': b'-- Up-to-date: /home/jmj/pro_asp_ws/ws_px4_controls/install/px4_msgs/include/px4_msgs/px4_msgs/msg/detail/vehicle_local_position__type_support.cpp\n'}
[0.844533] (px4_msgs) StdoutLine: {'line': b'-- Up-to-date: /home/jmj/pro_asp_ws/ws_px4_controls/install/px4_msgs/include/px4_msgs/px4_msgs/msg/detail/fixed_wing_lateral_setpoint__type_support.cpp\n'}
[0.844556] (px4_msgs) StdoutLine: {'line': b'-- Up-to-date: /home/jmj/pro_asp_ws/ws_px4_controls/install/px4_msgs/include/px4_msgs/px4_msgs/msg/detail/gimbal_manager_status__type_support.cpp\n'}
[0.844579] (px4_msgs) StdoutLine: {'line': b'-- Up-to-date: /home/jmj/pro_asp_ws/ws_px4_controls/install/px4_msgs/include/px4_msgs/px4_msgs/msg/detail/actuator_servos__rosidl_typesupport_introspection_cpp.hpp\n'}
[0.844603] (px4_msgs) StdoutLine: {'line': b'-- Up-to-date: /home/jmj/pro_asp_ws/ws_px4_controls/install/px4_msgs/include/px4_msgs/px4_msgs/msg/detail/vehicle_command_ack__rosidl_typesupport_introspection_cpp.hpp\n'}
[0.844626] (px4_msgs) StdoutLine: {'line': b'-- Up-to-date: /home/jmj/pro_asp_ws/ws_px4_controls/install/px4_msgs/include/px4_msgs/px4_msgs/msg/detail/geofence_result__rosidl_typesupport_introspection_cpp.hpp\n'}
[0.844665] (px4_msgs) StdoutLine: {'line': b'-- Up-to-date: /home/jmj/pro_asp_ws/ws_px4_controls/install/px4_msgs/include/px4_msgs/px4_msgs/msg/detail/config_overrides__rosidl_typesupport_introspection_cpp.hpp\n'}
[0.844688] (px4_msgs) StdoutLine: {'line': b'-- Up-to-date: /home/jmj/pro_asp_ws/ws_px4_controls/install/px4_msgs/include/px4_msgs/px4_msgs/msg/detail/sensor_uwb__type_support.cpp\n'}
[0.844709] (px4_msgs) StdoutLine: {'line': b'-- Up-to-date: /home/jmj/pro_asp_ws/ws_px4_controls/install/px4_msgs/include/px4_msgs/px4_msgs/msg/detail/mission__type_support.cpp\n'}
[0.844730] (px4_msgs) StdoutLine: {'line': b'-- Up-to-date: /home/jmj/pro_asp_ws/ws_px4_controls/install/px4_msgs/include/px4_msgs/px4_msgs/msg/detail/rover_rate_status__rosidl_typesupport_introspection_cpp.hpp\n'}
[0.844751] (px4_msgs) StdoutLine: {'line': b'-- Up-to-date: /home/jmj/pro_asp_ws/ws_px4_controls/install/px4_msgs/include/px4_msgs/px4_msgs/msg/detail/fixed_wing_lateral_status__type_support.cpp\n'}
[0.844777] (px4_msgs) StdoutLine: {'line': b'-- Up-to-date: /home/jmj/pro_asp_ws/ws_px4_controls/install/px4_msgs/include/px4_msgs/px4_msgs/msg/detail/orb_test_large__type_support.cpp\n'}
[0.844799] (px4_msgs) StdoutLine: {'line': b'-- Up-to-date: /home/jmj/pro_asp_ws/ws_px4_controls/install/px4_msgs/include/px4_msgs/px4_msgs/msg/detail/estimator_aid_source1d__type_support.cpp\n'}
[0.844821] (px4_msgs) StdoutLine: {'line': b'-- Up-to-date: /home/jmj/pro_asp_ws/ws_px4_controls/install/px4_msgs/include/px4_msgs/px4_msgs/msg/detail/estimator_status_flags__type_support.cpp\n'}
[0.844842] (px4_msgs) StdoutLine: {'line': b'-- Up-to-date: /home/jmj/pro_asp_ws/ws_px4_controls/install/px4_msgs/include/px4_msgs/px4_msgs/msg/detail/autotune_attitude_control_status__rosidl_typesupport_introspection_cpp.hpp\n'}
[0.844863] (px4_msgs) StdoutLine: {'line': b'-- Up-to-date: /home/jmj/pro_asp_ws/ws_px4_controls/install/px4_msgs/include/px4_msgs/px4_msgs/msg/detail/esc_status__type_support.cpp\n'}
[0.844888] (px4_msgs) StdoutLine: {'line': b'-- Up-to-date: /home/jmj/pro_asp_ws/ws_px4_controls/install/px4_msgs/include/px4_msgs/px4_msgs/msg/detail/camera_trigger__rosidl_typesupport_introspection_cpp.hpp\n'}
[0.844909] (px4_msgs) StdoutLine: {'line': b'-- Up-to-date: /home/jmj/pro_asp_ws/ws_px4_controls/install/px4_msgs/include/px4_msgs/px4_msgs/msg/detail/vehicle_angular_acceleration_setpoint__type_support.cpp\n'}
[0.844930] (px4_msgs) StdoutLine: {'line': b'-- Up-to-date: /home/jmj/pro_asp_ws/ws_px4_controls/install/px4_msgs/include/px4_msgs/px4_msgs/msg/detail/vehicle_angular_acceleration_setpoint__rosidl_typesupport_introspection_cpp.hpp\n'}
[0.844953] (px4_msgs) StdoutLine: {'line': b'-- Up-to-date: /home/jmj/pro_asp_ws/ws_px4_controls/install/px4_msgs/include/px4_msgs/px4_msgs/msg/detail/vehicle_attitude__rosidl_typesupport_introspection_cpp.hpp\n'}
[0.844976] (px4_msgs) StdoutLine: {'line': b'-- Up-to-date: /home/jmj/pro_asp_ws/ws_px4_controls/install/px4_msgs/include/px4_msgs/px4_msgs/msg/detail/offboard_control_mode__type_support.cpp\n'}
[0.844999] (px4_msgs) StdoutLine: {'line': b'-- Up-to-date: /home/jmj/pro_asp_ws/ws_px4_controls/install/px4_msgs/include/px4_msgs/px4_msgs/msg/detail/open_drone_id_self_id__rosidl_typesupport_introspection_cpp.hpp\n'}
[0.845021] (px4_msgs) StdoutLine: {'line': b'-- Up-to-date: /home/jmj/pro_asp_ws/ws_px4_controls/install/px4_msgs/include/px4_msgs/px4_msgs/msg/detail/fixed_wing_lateral_status__rosidl_typesupport_introspection_cpp.hpp\n'}
[0.845044] (px4_msgs) StdoutLine: {'line': b'-- Up-to-date: /home/jmj/pro_asp_ws/ws_px4_controls/install/px4_msgs/include/px4_msgs/px4_msgs/msg/detail/onboard_computer_status__rosidl_typesupport_introspection_cpp.hpp\n'}
[0.845067] (px4_msgs) StdoutLine: {'line': b'-- Up-to-date: /home/jmj/pro_asp_ws/ws_px4_controls/install/px4_msgs/include/px4_msgs/px4_msgs/msg/detail/battery_status__type_support.cpp\n'}
[0.845090] (px4_msgs) StdoutLine: {'line': b'-- Up-to-date: /home/jmj/pro_asp_ws/ws_px4_controls/install/px4_msgs/include/px4_msgs/px4_msgs/msg/detail/sensor_correction__rosidl_typesupport_introspection_cpp.hpp\n'}
[0.845122] (px4_msgs) StdoutLine: {'line': b'-- Up-to-date: /home/jmj/pro_asp_ws/ws_px4_controls/install/px4_msgs/include/px4_msgs/px4_msgs/msg/detail/normalized_unsigned_setpoint__type_support.cpp\n'}
[0.845146] (px4_msgs) StdoutLine: {'line': b'-- Up-to-date: /home/jmj/pro_asp_ws/ws_px4_controls/install/px4_msgs/include/px4_msgs/px4_msgs/msg/detail/internal_combustion_engine_control__rosidl_typesupport_introspection_cpp.hpp\n'}
[0.845169] (px4_msgs) StdoutLine: {'line': b'-- Up-to-date: /home/jmj/pro_asp_ws/ws_px4_controls/install/px4_msgs/include/px4_msgs/px4_msgs/msg/detail/qshell_req__rosidl_typesupport_introspection_cpp.hpp\n'}
[0.845200] (px4_msgs) StdoutLine: {'line': b'-- Up-to-date: /home/jmj/pro_asp_ws/ws_px4_controls/install/px4_msgs/include/px4_msgs/px4_msgs/msg/detail/mission__rosidl_typesupport_introspection_cpp.hpp\n'}
[0.845224] (px4_msgs) StdoutLine: {'line': b'-- Up-to-date: /home/jmj/pro_asp_ws/ws_px4_controls/install/px4_msgs/include/px4_msgs/px4_msgs/msg/detail/estimator_aid_source3d__type_support.cpp\n'}
[0.845245] (px4_msgs) StdoutLine: {'line': b'-- Up-to-date: /home/jmj/pro_asp_ws/ws_px4_controls/install/px4_msgs/include/px4_msgs/px4_msgs/msg/detail/estimator_states__rosidl_typesupport_introspection_cpp.hpp\n'}
[0.845266] (px4_msgs) StdoutLine: {'line': b'-- Up-to-date: /home/jmj/pro_asp_ws/ws_px4_controls/install/px4_msgs/include/px4_msgs/px4_msgs/msg/detail/config_overrides__type_support.cpp\n'}
[0.845295] (px4_msgs) StdoutLine: {'line': b'-- Up-to-date: /home/jmj/pro_asp_ws/ws_px4_controls/install/px4_msgs/include/px4_msgs/px4_msgs/msg/detail/sensor_gps__type_support.cpp\n'}
[0.845317] (px4_msgs) StdoutLine: {'line': b'-- Up-to-date: /home/jmj/pro_asp_ws/ws_px4_controls/install/px4_msgs/include/px4_msgs/px4_msgs/msg/detail/ekf2_timestamps__rosidl_typesupport_introspection_cpp.hpp\n'}
[0.845338] (px4_msgs) StdoutLine: {'line': b'-- Up-to-date: /home/jmj/pro_asp_ws/ws_px4_controls/install/px4_msgs/include/px4_msgs/px4_msgs/msg/detail/register_ext_component_reply__type_support.cpp\n'}
[0.845359] (px4_msgs) StdoutLine: {'line': b'-- Up-to-date: /home/jmj/pro_asp_ws/ws_px4_controls/install/px4_msgs/include/px4_msgs/px4_msgs/msg/detail/led_control__type_support.cpp\n'}
[0.845380] (px4_msgs) StdoutLine: {'line': b'-- Up-to-date: /home/jmj/pro_asp_ws/ws_px4_controls/install/px4_msgs/include/px4_msgs/px4_msgs/msg/detail/vehicle_status__rosidl_typesupport_introspection_cpp.hpp\n'}
[0.845401] (px4_msgs) StdoutLine: {'line': b'-- Up-to-date: /home/jmj/pro_asp_ws/ws_px4_controls/install/px4_msgs/include/px4_msgs/px4_msgs/msg/detail/tiltrotor_extra_controls__type_support.cpp\n'}
[0.845421] (px4_msgs) StdoutLine: {'line': b'-- Up-to-date: /home/jmj/pro_asp_ws/ws_px4_controls/install/px4_msgs/include/px4_msgs/px4_msgs/msg/detail/estimator_event_flags__rosidl_typesupport_introspection_cpp.hpp\n'}
[0.845443] (px4_msgs) StdoutLine: {'line': b'-- Up-to-date: /home/jmj/pro_asp_ws/ws_px4_controls/install/px4_msgs/include/px4_msgs/px4_msgs/msg/detail/rc_channels__rosidl_typesupport_introspection_cpp.hpp\n'}
[0.845463] (px4_msgs) StdoutLine: {'line': b'-- Up-to-date: /home/jmj/pro_asp_ws/ws_px4_controls/install/px4_msgs/include/px4_msgs/px4_msgs/msg/detail/parameter_reset_request__rosidl_typesupport_introspection_cpp.hpp\n'}
[0.845489] (px4_msgs) StdoutLine: {'line': b'-- Up-to-date: /home/jmj/pro_asp_ws/ws_px4_controls/install/px4_msgs/include/px4_msgs/px4_msgs/msg/detail/rover_throttle_setpoint__rosidl_typesupport_introspection_cpp.hpp\n'}
[0.845512] (px4_msgs) StdoutLine: {'line': b'-- Up-to-date: /home/jmj/pro_asp_ws/ws_px4_controls/install/px4_msgs/include/px4_msgs/px4_msgs/msg/detail/message_format_response__type_support.cpp\n'}
[0.845536] (px4_msgs) StdoutLine: {'line': b'-- Up-to-date: /home/jmj/pro_asp_ws/ws_px4_controls/install/px4_msgs/include/px4_msgs/px4_msgs/msg/detail/estimator_states__type_support.cpp\n'}
[0.845560] (px4_msgs) StdoutLine: {'line': b'-- Up-to-date: /home/jmj/pro_asp_ws/ws_px4_controls/install/px4_msgs/include/px4_msgs/px4_msgs/msg/detail/vehicle_thrust_setpoint__rosidl_typesupport_introspection_cpp.hpp\n'}
[0.845591] (px4_msgs) StdoutLine: {'line': b'-- Up-to-date: /home/jmj/pro_asp_ws/ws_px4_controls/install/px4_msgs/include/px4_msgs/px4_msgs/msg/detail/wind__rosidl_typesupport_introspection_cpp.hpp\n'}
[0.845612] (px4_msgs) StdoutLine: {'line': b'-- Up-to-date: /home/jmj/pro_asp_ws/ws_px4_controls/install/px4_msgs/include/px4_msgs/px4_msgs/msg/detail/vehicle_air_data__rosidl_typesupport_introspection_cpp.hpp\n'}
[0.845634] (px4_msgs) StdoutLine: {'line': b'-- Up-to-date: /home/jmj/pro_asp_ws/ws_px4_controls/install/px4_msgs/include/px4_msgs/px4_msgs/msg/detail/manual_control_setpoint__type_support.cpp\n'}
[0.845656] (px4_msgs) StdoutLine: {'line': b'-- Up-to-date: /home/jmj/pro_asp_ws/ws_px4_controls/install/px4_msgs/include/px4_msgs/px4_msgs/msg/detail/sensor_uwb__rosidl_typesupport_introspection_cpp.hpp\n'}
[0.845677] (px4_msgs) StdoutLine: {'line': b'-- Up-to-date: /home/jmj/pro_asp_ws/ws_px4_controls/install/px4_msgs/include/px4_msgs/px4_msgs/msg/detail/fixed_wing_lateral_guidance_status__type_support.cpp\n'}
[0.845698] (px4_msgs) StdoutLine: {'line': b'-- Up-to-date: /home/jmj/pro_asp_ws/ws_px4_controls/install/px4_msgs/include/px4_msgs/px4_msgs/msg/detail/actuator_servos_trim__type_support.cpp\n'}
[0.845720] (px4_msgs) StdoutLine: {'line': b'-- Up-to-date: /home/jmj/pro_asp_ws/ws_px4_controls/install/px4_msgs/include/px4_msgs/px4_msgs/msg/detail/actuator_armed__rosidl_typesupport_introspection_cpp.hpp\n'}
[0.845741] (px4_msgs) StdoutLine: {'line': b'-- Up-to-date: /home/jmj/pro_asp_ws/ws_px4_controls/install/px4_msgs/include/px4_msgs/px4_msgs/msg/detail/launch_detection_status__type_support.cpp\n'}
[0.845765] (px4_msgs) StdoutLine: {'line': b'-- Up-to-date: /home/jmj/pro_asp_ws/ws_px4_controls/install/px4_msgs/include/px4_msgs/px4_msgs/msg/detail/estimator_gps_status__type_support.cpp\n'}
[0.845798] (px4_msgs) StdoutLine: {'line': b'-- Up-to-date: /home/jmj/pro_asp_ws/ws_px4_controls/install/px4_msgs/include/px4_msgs/px4_msgs/msg/detail/satellite_info__rosidl_typesupport_introspection_cpp.hpp\n'}
[0.845820] (px4_msgs) StdoutLine: {'line': b'-- Up-to-date: /home/jmj/pro_asp_ws/ws_px4_controls/install/px4_msgs/include/px4_msgs/px4_msgs/msg/detail/gps_dump__rosidl_typesupport_introspection_cpp.hpp\n'}
[0.845841] (px4_msgs) StdoutLine: {'line': b'-- Up-to-date: /home/jmj/pro_asp_ws/ws_px4_controls/install/px4_msgs/include/px4_msgs/px4_msgs/msg/detail/mavlink_log__type_support.cpp\n'}
[0.845862] (px4_msgs) StdoutLine: {'line': b'-- Up-to-date: /home/jmj/pro_asp_ws/ws_px4_controls/install/px4_msgs/include/px4_msgs/px4_msgs/msg/detail/airspeed_validated__rosidl_typesupport_introspection_cpp.hpp\n'}
[0.845883] (px4_msgs) StdoutLine: {'line': b'-- Up-to-date: /home/jmj/pro_asp_ws/ws_px4_controls/install/px4_msgs/include/px4_msgs/px4_msgs/msg/detail/estimator_aid_source1d__rosidl_typesupport_introspection_cpp.hpp\n'}
[0.845905] (px4_msgs) StdoutLine: {'line': b'-- Up-to-date: /home/jmj/pro_asp_ws/ws_px4_controls/install/px4_msgs/include/px4_msgs/px4_msgs/msg/detail/distance_sensor__type_support.cpp\n'}
[0.845926] (px4_msgs) StdoutLine: {'line': b'-- Up-to-date: /home/jmj/pro_asp_ws/ws_px4_controls/install/px4_msgs/lib/libpx4_msgs__rosidl_typesupport_introspection_cpp.so\n'}
[0.845947] (px4_msgs) StdoutLine: {'line': b'-- Up-to-date: /home/jmj/pro_asp_ws/ws_px4_controls/install/px4_msgs/lib/libpx4_msgs__rosidl_typesupport_cpp.so\n'}
[0.845970] (px4_msgs) StdoutLine: {'line': b'-- Up-to-date: /home/jmj/pro_asp_ws/ws_px4_controls/install/px4_msgs/share/px4_msgs/environment/pythonpath.sh\n'}
[0.845995] (px4_msgs) StdoutLine: {'line': b'-- Up-to-date: /home/jmj/pro_asp_ws/ws_px4_controls/install/px4_msgs/share/px4_msgs/environment/pythonpath.dsv\n'}
[0.846018] (px4_msgs) StdoutLine: {'line': b'-- Up-to-date: /home/jmj/pro_asp_ws/ws_px4_controls/install/px4_msgs/local/lib/python3.10/dist-packages/px4_msgs-2.0.1-py3.10.egg-info\n'}
[0.846042] (px4_msgs) StdoutLine: {'line': b'-- Installing: /home/jmj/pro_asp_ws/ws_px4_controls/install/px4_msgs/local/lib/python3.10/dist-packages/px4_msgs-2.0.1-py3.10.egg-info/dependency_links.txt\n'}
[0.846074] (px4_msgs) StdoutLine: {'line': b'-- Installing: /home/jmj/pro_asp_ws/ws_px4_controls/install/px4_msgs/local/lib/python3.10/dist-packages/px4_msgs-2.0.1-py3.10.egg-info/top_level.txt\n'}
[0.846098] (px4_msgs) StdoutLine: {'line': b'-- Installing: /home/jmj/pro_asp_ws/ws_px4_controls/install/px4_msgs/local/lib/python3.10/dist-packages/px4_msgs-2.0.1-py3.10.egg-info/PKG-INFO\n'}
[0.846132] (px4_msgs) StdoutLine: {'line': b'-- Installing: /home/jmj/pro_asp_ws/ws_px4_controls/install/px4_msgs/local/lib/python3.10/dist-packages/px4_msgs-2.0.1-py3.10.egg-info/SOURCES.txt\n'}
[0.846154] (px4_msgs) StdoutLine: {'line': b'-- Up-to-date: /home/jmj/pro_asp_ws/ws_px4_controls/install/px4_msgs/local/lib/python3.10/dist-packages/px4_msgs\n'}
[0.846176] (px4_msgs) StdoutLine: {'line': b'-- Up-to-date: /home/jmj/pro_asp_ws/ws_px4_controls/install/px4_msgs/local/lib/python3.10/dist-packages/px4_msgs/_px4_msgs_s.ep.rosidl_typesupport_c.c\n'}
[0.846199] (px4_msgs) StdoutLine: {'line': b'-- Up-to-date: /home/jmj/pro_asp_ws/ws_px4_controls/install/px4_msgs/local/lib/python3.10/dist-packages/px4_msgs/__init__.py\n'}
[0.846224] (px4_msgs) StdoutLine: {'line': b'-- Up-to-date: /home/jmj/pro_asp_ws/ws_px4_controls/install/px4_msgs/local/lib/python3.10/dist-packages/px4_msgs/srv\n'}
[0.846247] (px4_msgs) StdoutLine: {'line': b'-- Up-to-date: /home/jmj/pro_asp_ws/ws_px4_controls/install/px4_msgs/local/lib/python3.10/dist-packages/px4_msgs/srv/__init__.py\n'}
[0.846268] (px4_msgs) StdoutLine: {'line': b'-- Up-to-date: /home/jmj/pro_asp_ws/ws_px4_controls/install/px4_msgs/local/lib/python3.10/dist-packages/px4_msgs/srv/_vehicle_command.py\n'}
[0.846291] (px4_msgs) StdoutLine: {'line': b'-- Up-to-date: /home/jmj/pro_asp_ws/ws_px4_controls/install/px4_msgs/local/lib/python3.10/dist-packages/px4_msgs/srv/_vehicle_command_s.c\n'}
[0.846314] (px4_msgs) StdoutLine: {'line': b'-- Up-to-date: /home/jmj/pro_asp_ws/ws_px4_controls/install/px4_msgs/local/lib/python3.10/dist-packages/px4_msgs/px4_msgs_s__rosidl_typesupport_fastrtps_c.cpython-310-x86_64-linux-gnu.so\n'}
[0.846351] (px4_msgs) StdoutLine: {'line': b'-- Up-to-date: /home/jmj/pro_asp_ws/ws_px4_controls/install/px4_msgs/local/lib/python3.10/dist-packages/px4_msgs/libpx4_msgs__rosidl_generator_py.so\n'}
[0.846374] (px4_msgs) StdoutLine: {'line': b'-- Up-to-date: /home/jmj/pro_asp_ws/ws_px4_controls/install/px4_msgs/local/lib/python3.10/dist-packages/px4_msgs/_px4_msgs_s.ep.rosidl_typesupport_introspection_c.c\n'}
[0.846396] (px4_msgs) StdoutLine: {'line': b'-- Up-to-date: /home/jmj/pro_asp_ws/ws_px4_controls/install/px4_msgs/local/lib/python3.10/dist-packages/px4_msgs/_px4_msgs_s.ep.rosidl_typesupport_fastrtps_c.c\n'}
[0.846419] (px4_msgs) StdoutLine: {'line': b'-- Up-to-date: /home/jmj/pro_asp_ws/ws_px4_controls/install/px4_msgs/local/lib/python3.10/dist-packages/px4_msgs/px4_msgs_s__rosidl_typesupport_introspection_c.cpython-310-x86_64-linux-gnu.so\n'}
[0.846444] (px4_msgs) StdoutLine: {'line': b'-- Up-to-date: /home/jmj/pro_asp_ws/ws_px4_controls/install/px4_msgs/local/lib/python3.10/dist-packages/px4_msgs/px4_msgs_s__rosidl_typesupport_c.cpython-310-x86_64-linux-gnu.so\n'}
[0.846468] (px4_msgs) StdoutLine: {'line': b'-- Up-to-date: /home/jmj/pro_asp_ws/ws_px4_controls/install/px4_msgs/local/lib/python3.10/dist-packages/px4_msgs/msg\n'}
[0.846491] (px4_msgs) StdoutLine: {'line': b'-- Up-to-date: /home/jmj/pro_asp_ws/ws_px4_controls/install/px4_msgs/local/lib/python3.10/dist-packages/px4_msgs/msg/_position_setpoint_triplet_s.c\n'}
[0.846514] (px4_msgs) StdoutLine: {'line': b'-- Up-to-date: /home/jmj/pro_asp_ws/ws_px4_controls/install/px4_msgs/local/lib/python3.10/dist-packages/px4_msgs/msg/_vehicle_global_position.py\n'}
[0.846539] (px4_msgs) StdoutLine: {'line': b'-- Up-to-date: /home/jmj/pro_asp_ws/ws_px4_controls/install/px4_msgs/local/lib/python3.10/dist-packages/px4_msgs/msg/_open_drone_id_system.py\n'}
[0.846561] (px4_msgs) StdoutLine: {'line': b'-- Up-to-date: /home/jmj/pro_asp_ws/ws_px4_controls/install/px4_msgs/local/lib/python3.10/dist-packages/px4_msgs/msg/_sensor_accel_s.c\n'}
[0.846590] (px4_msgs) StdoutLine: {'line': b'-- Up-to-date: /home/jmj/pro_asp_ws/ws_px4_controls/install/px4_msgs/local/lib/python3.10/dist-packages/px4_msgs/msg/_control_allocator_status.py\n'}
[0.846616] (px4_msgs) StdoutLine: {'line': b'-- Up-to-date: /home/jmj/pro_asp_ws/ws_px4_controls/install/px4_msgs/local/lib/python3.10/dist-packages/px4_msgs/msg/_airspeed.py\n'}
[0.846642] (px4_msgs) StdoutLine: {'line': b'-- Up-to-date: /home/jmj/pro_asp_ws/ws_px4_controls/install/px4_msgs/local/lib/python3.10/dist-packages/px4_msgs/msg/_differential_pressure.py\n'}
[0.846668] (px4_msgs) StdoutLine: {'line': b'-- Up-to-date: /home/jmj/pro_asp_ws/ws_px4_controls/install/px4_msgs/local/lib/python3.10/dist-packages/px4_msgs/msg/_vehicle_attitude_setpoint_s.c\n'}
[0.846693] (px4_msgs) StdoutLine: {'line': b'-- Up-to-date: /home/jmj/pro_asp_ws/ws_px4_controls/install/px4_msgs/local/lib/python3.10/dist-packages/px4_msgs/msg/_rover_position_setpoint_s.c\n'}
[0.846717] (px4_msgs) StdoutLine: {'line': b'-- Up-to-date: /home/jmj/pro_asp_ws/ws_px4_controls/install/px4_msgs/local/lib/python3.10/dist-packages/px4_msgs/msg/_rover_position_setpoint.py\n'}
[0.846742] (px4_msgs) StdoutLine: {'line': b'-- Up-to-date: /home/jmj/pro_asp_ws/ws_px4_controls/install/px4_msgs/local/lib/python3.10/dist-packages/px4_msgs/msg/_camera_status.py\n'}
[0.846772] (px4_msgs) StdoutLine: {'line': b'-- Up-to-date: /home/jmj/pro_asp_ws/ws_px4_controls/install/px4_msgs/local/lib/python3.10/dist-packages/px4_msgs/msg/_vehicle_magnetometer_s.c\n'}
[0.846799] (px4_msgs) StdoutLine: {'line': b'-- Up-to-date: /home/jmj/pro_asp_ws/ws_px4_controls/install/px4_msgs/local/lib/python3.10/dist-packages/px4_msgs/msg/_arming_check_reply_s.c\n'}
[0.846823] (px4_msgs) StdoutLine: {'line': b'-- Up-to-date: /home/jmj/pro_asp_ws/ws_px4_controls/install/px4_msgs/local/lib/python3.10/dist-packages/px4_msgs/msg/_estimator_bias.py\n'}
[0.846874] (px4_msgs) StdoutLine: {'line': b'-- Up-to-date: /home/jmj/pro_asp_ws/ws_px4_controls/install/px4_msgs/local/lib/python3.10/dist-packages/px4_msgs/msg/_vehicle_local_position_s.c\n'}
[0.846899] (px4_msgs) StdoutLine: {'line': b'-- Up-to-date: /home/jmj/pro_asp_ws/ws_px4_controls/install/px4_msgs/local/lib/python3.10/dist-packages/px4_msgs/msg/_follow_target_status.py\n'}
[0.846922] (px4_msgs) StdoutLine: {'line': b'-- Up-to-date: /home/jmj/pro_asp_ws/ws_px4_controls/install/px4_msgs/local/lib/python3.10/dist-packages/px4_msgs/msg/_qshell_req.py\n'}
[0.846943] (px4_msgs) StdoutLine: {'line': b'-- Up-to-date: /home/jmj/pro_asp_ws/ws_px4_controls/install/px4_msgs/local/lib/python3.10/dist-packages/px4_msgs/msg/_autotune_attitude_control_status_s.c\n'}
[0.846965] (px4_msgs) StdoutLine: {'line': b'-- Up-to-date: /home/jmj/pro_asp_ws/ws_px4_controls/install/px4_msgs/local/lib/python3.10/dist-packages/px4_msgs/msg/_fixed_wing_lateral_setpoint_s.c\n'}
[0.846987] (px4_msgs) StdoutLine: {'line': b'-- Up-to-date: /home/jmj/pro_asp_ws/ws_px4_controls/install/px4_msgs/local/lib/python3.10/dist-packages/px4_msgs/msg/_fixed_wing_runway_control.py\n'}
[0.847009] (px4_msgs) StdoutLine: {'line': b'-- Up-to-date: /home/jmj/pro_asp_ws/ws_px4_controls/install/px4_msgs/local/lib/python3.10/dist-packages/px4_msgs/msg/_actuator_motors_s.c\n'}
[0.847033] (px4_msgs) StdoutLine: {'line': b'-- Up-to-date: /home/jmj/pro_asp_ws/ws_px4_controls/install/px4_msgs/local/lib/python3.10/dist-packages/px4_msgs/msg/_vehicle_torque_setpoint.py\n'}
[0.847056] (px4_msgs) StdoutLine: {'line': b'-- Up-to-date: /home/jmj/pro_asp_ws/ws_px4_controls/install/px4_msgs/local/lib/python3.10/dist-packages/px4_msgs/msg/_estimator_sensor_bias.py\n'}
[0.847079] (px4_msgs) StdoutLine: {'line': b'-- Up-to-date: /home/jmj/pro_asp_ws/ws_px4_controls/install/px4_msgs/local/lib/python3.10/dist-packages/px4_msgs/msg/_trajectory_setpoint6dof.py\n'}
[0.847103] (px4_msgs) StdoutLine: {'line': b'-- Up-to-date: /home/jmj/pro_asp_ws/ws_px4_controls/install/px4_msgs/local/lib/python3.10/dist-packages/px4_msgs/msg/_gimbal_device_attitude_status_s.c\n'}
[0.847136] (px4_msgs) StdoutLine: {'line': b'-- Up-to-date: /home/jmj/pro_asp_ws/ws_px4_controls/install/px4_msgs/local/lib/python3.10/dist-packages/px4_msgs/msg/_actuator_outputs.py\n'}
[0.847158] (px4_msgs) StdoutLine: {'line': b'-- Up-to-date: /home/jmj/pro_asp_ws/ws_px4_controls/install/px4_msgs/local/lib/python3.10/dist-packages/px4_msgs/msg/_power_monitor.py\n'}
[0.847180] (px4_msgs) StdoutLine: {'line': b'-- Up-to-date: /home/jmj/pro_asp_ws/ws_px4_controls/install/px4_msgs/local/lib/python3.10/dist-packages/px4_msgs/msg/_sensor_optical_flow_s.c\n'}
[0.847201] (px4_msgs) StdoutLine: {'line': b'-- Up-to-date: /home/jmj/pro_asp_ws/ws_px4_controls/install/px4_msgs/local/lib/python3.10/dist-packages/px4_msgs/msg/_sensors_status_s.c\n'}
[0.847232] (px4_msgs) StdoutLine: {'line': b'-- Up-to-date: /home/jmj/pro_asp_ws/ws_px4_controls/install/px4_msgs/local/lib/python3.10/dist-packages/px4_msgs/msg/_orb_test_medium.py\n'}
[0.847258] (px4_msgs) StdoutLine: {'line': b'-- Up-to-date: /home/jmj/pro_asp_ws/ws_px4_controls/install/px4_msgs/local/lib/python3.10/dist-packages/px4_msgs/msg/_battery_status_s.c\n'}
[0.847280] (px4_msgs) StdoutLine: {'line': b'-- Up-to-date: /home/jmj/pro_asp_ws/ws_px4_controls/install/px4_msgs/local/lib/python3.10/dist-packages/px4_msgs/msg/_home_position_s.c\n'}
[0.847302] (px4_msgs) StdoutLine: {'line': b'-- Up-to-date: /home/jmj/pro_asp_ws/ws_px4_controls/install/px4_msgs/local/lib/python3.10/dist-packages/px4_msgs/msg/_tune_control_s.c\n'}
[0.847330] (px4_msgs) StdoutLine: {'line': b'-- Up-to-date: /home/jmj/pro_asp_ws/ws_px4_controls/install/px4_msgs/local/lib/python3.10/dist-packages/px4_msgs/msg/_gpio_in_s.c\n'}
[0.847353] (px4_msgs) StdoutLine: {'line': b'-- Up-to-date: /home/jmj/pro_asp_ws/ws_px4_controls/install/px4_msgs/local/lib/python3.10/dist-packages/px4_msgs/msg/_vehicle_thrust_setpoint_s.c\n'}
[0.847376] (px4_msgs) StdoutLine: {'line': b'-- Up-to-date: /home/jmj/pro_asp_ws/ws_px4_controls/install/px4_msgs/local/lib/python3.10/dist-packages/px4_msgs/msg/_logger_status.py\n'}
[0.847398] (px4_msgs) StdoutLine: {'line': b'-- Up-to-date: /home/jmj/pro_asp_ws/ws_px4_controls/install/px4_msgs/local/lib/python3.10/dist-packages/px4_msgs/msg/_button_event_s.c\n'}
[0.847422] (px4_msgs) StdoutLine: {'line': b'-- Up-to-date: /home/jmj/pro_asp_ws/ws_px4_controls/install/px4_msgs/local/lib/python3.10/dist-packages/px4_msgs/msg/_manual_control_switches_s.c\n'}
[0.847444] (px4_msgs) StdoutLine: {'line': b'-- Up-to-date: /home/jmj/pro_asp_ws/ws_px4_controls/install/px4_msgs/local/lib/python3.10/dist-packages/px4_msgs/msg/_sensor_preflight_mag.py\n'}
[0.847467] (px4_msgs) StdoutLine: {'line': b'-- Up-to-date: /home/jmj/pro_asp_ws/ws_px4_controls/install/px4_msgs/local/lib/python3.10/dist-packages/px4_msgs/msg/_parameter_reset_request.py\n'}
[0.847491] (px4_msgs) StdoutLine: {'line': b'-- Up-to-date: /home/jmj/pro_asp_ws/ws_px4_controls/install/px4_msgs/local/lib/python3.10/dist-packages/px4_msgs/msg/_px4io_status.py\n'}
[0.847513] (px4_msgs) StdoutLine: {'line': b'-- Up-to-date: /home/jmj/pro_asp_ws/ws_px4_controls/install/px4_msgs/local/lib/python3.10/dist-packages/px4_msgs/msg/_orb_test_large.py\n'}
[0.847561] (px4_msgs) StdoutLine: {'line': b'-- Up-to-date: /home/jmj/pro_asp_ws/ws_px4_controls/install/px4_msgs/local/lib/python3.10/dist-packages/px4_msgs/msg/_figure_eight_status_s.c\n'}
[0.847602] (px4_msgs) StdoutLine: {'line': b'-- Up-to-date: /home/jmj/pro_asp_ws/ws_px4_controls/install/px4_msgs/local/lib/python3.10/dist-packages/px4_msgs/msg/_input_rc_s.c\n'}
[0.847632] (px4_msgs) StdoutLine: {'line': b'-- Up-to-date: /home/jmj/pro_asp_ws/ws_px4_controls/install/px4_msgs/local/lib/python3.10/dist-packages/px4_msgs/msg/_mag_worker_data_s.c\n'}
[0.847660] (px4_msgs) StdoutLine: {'line': b'-- Up-to-date: /home/jmj/pro_asp_ws/ws_px4_controls/install/px4_msgs/local/lib/python3.10/dist-packages/px4_msgs/msg/_geofence_status.py\n'}
[0.847700] (px4_msgs) StdoutLine: {'line': b'-- Up-to-date: /home/jmj/pro_asp_ws/ws_px4_controls/install/px4_msgs/local/lib/python3.10/dist-packages/px4_msgs/msg/_parameter_update.py\n'}
[0.847746] (px4_msgs) StdoutLine: {'line': b'-- Up-to-date: /home/jmj/pro_asp_ws/ws_px4_controls/install/px4_msgs/local/lib/python3.10/dist-packages/px4_msgs/msg/_vehicle_local_position.py\n'}
[0.847780] (px4_msgs) StdoutLine: {'line': b'-- Up-to-date: /home/jmj/pro_asp_ws/ws_px4_controls/install/px4_msgs/local/lib/python3.10/dist-packages/px4_msgs/msg/_camera_trigger_s.c\n'}
[0.847808] (px4_msgs) StdoutLine: {'line': b'-- Up-to-date: /home/jmj/pro_asp_ws/ws_px4_controls/install/px4_msgs/local/lib/python3.10/dist-packages/px4_msgs/msg/_airspeed_validated_s.c\n'}
[0.847834] (px4_msgs) StdoutLine: {'line': b'-- Up-to-date: /home/jmj/pro_asp_ws/ws_px4_controls/install/px4_msgs/local/lib/python3.10/dist-packages/px4_msgs/msg/_cpuload_s.c\n'}
[0.847879] (px4_msgs) StdoutLine: {'line': b'-- Up-to-date: /home/jmj/pro_asp_ws/ws_px4_controls/install/px4_msgs/local/lib/python3.10/dist-packages/px4_msgs/msg/_dataman_response.py\n'}
[0.847903] (px4_msgs) StdoutLine: {'line': b'-- Up-to-date: /home/jmj/pro_asp_ws/ws_px4_controls/install/px4_msgs/local/lib/python3.10/dist-packages/px4_msgs/msg/_vehicle_angular_velocity.py\n'}
[0.847928] (px4_msgs) StdoutLine: {'line': b'-- Up-to-date: /home/jmj/pro_asp_ws/ws_px4_controls/install/px4_msgs/local/lib/python3.10/dist-packages/px4_msgs/msg/_tecs_status.py\n'}
[0.847952] (px4_msgs) StdoutLine: {'line': b'-- Up-to-date: /home/jmj/pro_asp_ws/ws_px4_controls/install/px4_msgs/local/lib/python3.10/dist-packages/px4_msgs/msg/_airspeed_wind_s.c\n'}
[0.847975] (px4_msgs) StdoutLine: {'line': b'-- Up-to-date: /home/jmj/pro_asp_ws/ws_px4_controls/install/px4_msgs/local/lib/python3.10/dist-packages/px4_msgs/msg/_actuator_test.py\n'}
[0.847998] (px4_msgs) StdoutLine: {'line': b'-- Up-to-date: /home/jmj/pro_asp_ws/ws_px4_controls/install/px4_msgs/local/lib/python3.10/dist-packages/px4_msgs/msg/_actuator_servos_trim_s.c\n'}
[0.848022] (px4_msgs) StdoutLine: {'line': b'-- Up-to-date: /home/jmj/pro_asp_ws/ws_px4_controls/install/px4_msgs/local/lib/python3.10/dist-packages/px4_msgs/msg/_gripper_s.c\n'}
[0.848046] (px4_msgs) StdoutLine: {'line': b'-- Up-to-date: /home/jmj/pro_asp_ws/ws_px4_controls/install/px4_msgs/local/lib/python3.10/dist-packages/px4_msgs/msg/_failsafe_flags_s.c\n'}
[0.848069] (px4_msgs) StdoutLine: {'line': b'-- Up-to-date: /home/jmj/pro_asp_ws/ws_px4_controls/install/px4_msgs/local/lib/python3.10/dist-packages/px4_msgs/msg/_timesync_status_s.c\n'}
[0.848093] (px4_msgs) StdoutLine: {'line': b'-- Up-to-date: /home/jmj/pro_asp_ws/ws_px4_controls/install/px4_msgs/local/lib/python3.10/dist-packages/px4_msgs/msg/_qshell_retval.py\n'}
[0.848121] (px4_msgs) StdoutLine: {'line': b'-- Up-to-date: /home/jmj/pro_asp_ws/ws_px4_controls/install/px4_msgs/local/lib/python3.10/dist-packages/px4_msgs/msg/_gimbal_manager_set_manual_control_s.c\n'}
[0.848145] (px4_msgs) StdoutLine: {'line': b'-- Up-to-date: /home/jmj/pro_asp_ws/ws_px4_controls/install/px4_msgs/local/lib/python3.10/dist-packages/px4_msgs/msg/_mission_result.py\n'}
[0.848170] (px4_msgs) StdoutLine: {'line': b'-- Up-to-date: /home/jmj/pro_asp_ws/ws_px4_controls/install/px4_msgs/local/lib/python3.10/dist-packages/px4_msgs/msg/_estimator_states.py\n'}
[0.848195] (px4_msgs) StdoutLine: {'line': b'-- Up-to-date: /home/jmj/pro_asp_ws/ws_px4_controls/install/px4_msgs/local/lib/python3.10/dist-packages/px4_msgs/msg/_trajectory_setpoint6dof_s.c\n'}
[0.848235] (px4_msgs) StdoutLine: {'line': b'-- Up-to-date: /home/jmj/pro_asp_ws/ws_px4_controls/install/px4_msgs/local/lib/python3.10/dist-packages/px4_msgs/msg/_velocity_limits.py\n'}
[0.848258] (px4_msgs) StdoutLine: {'line': b'-- Up-to-date: /home/jmj/pro_asp_ws/ws_px4_controls/install/px4_msgs/local/lib/python3.10/dist-packages/px4_msgs/msg/_rover_velocity_status_s.c\n'}
[0.848281] (px4_msgs) StdoutLine: {'line': b'-- Up-to-date: /home/jmj/pro_asp_ws/ws_px4_controls/install/px4_msgs/local/lib/python3.10/dist-packages/px4_msgs/msg/_wind.py\n'}
[0.848306] (px4_msgs) StdoutLine: {'line': b'-- Up-to-date: /home/jmj/pro_asp_ws/ws_px4_controls/install/px4_msgs/local/lib/python3.10/dist-packages/px4_msgs/msg/_vehicle_control_mode_s.c\n'}
[0.848340] (px4_msgs) StdoutLine: {'line': b'-- Up-to-date: /home/jmj/pro_asp_ws/ws_px4_controls/install/px4_msgs/local/lib/python3.10/dist-packages/px4_msgs/msg/_debug_array_s.c\n'}
[0.848363] (px4_msgs) StdoutLine: {'line': b'-- Up-to-date: /home/jmj/pro_asp_ws/ws_px4_controls/install/px4_msgs/local/lib/python3.10/dist-packages/px4_msgs/msg/_navigator_status.py\n'}
[0.848386] (px4_msgs) StdoutLine: {'line': b'-- Up-to-date: /home/jmj/pro_asp_ws/ws_px4_controls/install/px4_msgs/local/lib/python3.10/dist-packages/px4_msgs/msg/_camera_capture_s.c\n'}
[0.848410] (px4_msgs) StdoutLine: {'line': b'-- Up-to-date: /home/jmj/pro_asp_ws/ws_px4_controls/install/px4_msgs/local/lib/python3.10/dist-packages/px4_msgs/msg/_estimator_aid_source2d.py\n'}
[0.848438] (px4_msgs) StdoutLine: {'line': b'-- Up-to-date: /home/jmj/pro_asp_ws/ws_px4_controls/install/px4_msgs/local/lib/python3.10/dist-packages/px4_msgs/msg/_wind_s.c\n'}
[0.848461] (px4_msgs) StdoutLine: {'line': b'-- Up-to-date: /home/jmj/pro_asp_ws/ws_px4_controls/install/px4_msgs/local/lib/python3.10/dist-packages/px4_msgs/msg/_parameter_set_value_request.py\n'}
[0.848484] (px4_msgs) StdoutLine: {'line': b'-- Up-to-date: /home/jmj/pro_asp_ws/ws_px4_controls/install/px4_msgs/local/lib/python3.10/dist-packages/px4_msgs/msg/_iridiumsbd_status.py\n'}
[0.848506] (px4_msgs) StdoutLine: {'line': b'-- Up-to-date: /home/jmj/pro_asp_ws/ws_px4_controls/install/px4_msgs/local/lib/python3.10/dist-packages/px4_msgs/msg/_rtl_status.py\n'}
[0.848528] (px4_msgs) StdoutLine: {'line': b'-- Up-to-date: /home/jmj/pro_asp_ws/ws_px4_controls/install/px4_msgs/local/lib/python3.10/dist-packages/px4_msgs/msg/_can_interface_status.py\n'}
[0.848550] (px4_msgs) StdoutLine: {'line': b'-- Up-to-date: /home/jmj/pro_asp_ws/ws_px4_controls/install/px4_msgs/local/lib/python3.10/dist-packages/px4_msgs/msg/_internal_combustion_engine_control_s.c\n'}
[0.848572] (px4_msgs) StdoutLine: {'line': b'-- Up-to-date: /home/jmj/pro_asp_ws/ws_px4_controls/install/px4_msgs/local/lib/python3.10/dist-packages/px4_msgs/msg/_gimbal_manager_information.py\n'}
[0.848603] (px4_msgs) StdoutLine: {'line': b'-- Up-to-date: /home/jmj/pro_asp_ws/ws_px4_controls/install/px4_msgs/local/lib/python3.10/dist-packages/px4_msgs/msg/_debug_vect.py\n'}
[0.848628] (px4_msgs) StdoutLine: {'line': b'-- Up-to-date: /home/jmj/pro_asp_ws/ws_px4_controls/install/px4_msgs/local/lib/python3.10/dist-packages/px4_msgs/msg/_failure_detector_status_s.c\n'}
[0.848651] (px4_msgs) StdoutLine: {'line': b'-- Up-to-date: /home/jmj/pro_asp_ws/ws_px4_controls/install/px4_msgs/local/lib/python3.10/dist-packages/px4_msgs/msg/_ping.py\n'}
[0.848673] (px4_msgs) StdoutLine: {'line': b'-- Up-to-date: /home/jmj/pro_asp_ws/ws_px4_controls/install/px4_msgs/local/lib/python3.10/dist-packages/px4_msgs/msg/__init__.py\n'}
[0.848696] (px4_msgs) StdoutLine: {'line': b'-- Up-to-date: /home/jmj/pro_asp_ws/ws_px4_controls/install/px4_msgs/local/lib/python3.10/dist-packages/px4_msgs/msg/_trajectory_setpoint.py\n'}
[0.848718] (px4_msgs) StdoutLine: {'line': b'-- Up-to-date: /home/jmj/pro_asp_ws/ws_px4_controls/install/px4_msgs/local/lib/python3.10/dist-packages/px4_msgs/msg/_sensor_accel_fifo.py\n'}
[0.848739] (px4_msgs) StdoutLine: {'line': b'-- Up-to-date: /home/jmj/pro_asp_ws/ws_px4_controls/install/px4_msgs/local/lib/python3.10/dist-packages/px4_msgs/msg/_geofence_result.py\n'}
[0.848765] (px4_msgs) StdoutLine: {'line': b'-- Up-to-date: /home/jmj/pro_asp_ws/ws_px4_controls/install/px4_msgs/local/lib/python3.10/dist-packages/px4_msgs/msg/_debug_value.py\n'}
[0.848789] (px4_msgs) StdoutLine: {'line': b'-- Up-to-date: /home/jmj/pro_asp_ws/ws_px4_controls/install/px4_msgs/local/lib/python3.10/dist-packages/px4_msgs/msg/_sensor_gyro_fft_s.c\n'}
[0.848821] (px4_msgs) StdoutLine: {'line': b'-- Up-to-date: /home/jmj/pro_asp_ws/ws_px4_controls/install/px4_msgs/local/lib/python3.10/dist-packages/px4_msgs/msg/_message_format_request.py\n'}
[0.848845] (px4_msgs) StdoutLine: {'line': b'-- Up-to-date: /home/jmj/pro_asp_ws/ws_px4_controls/install/px4_msgs/local/lib/python3.10/dist-packages/px4_msgs/msg/_action_request_s.c\n'}
[0.848871] (px4_msgs) StdoutLine: {'line': b'-- Up-to-date: /home/jmj/pro_asp_ws/ws_px4_controls/install/px4_msgs/local/lib/python3.10/dist-packages/px4_msgs/msg/_vehicle_roi.py\n'}
[0.848893] (px4_msgs) StdoutLine: {'line': b'-- Up-to-date: /home/jmj/pro_asp_ws/ws_px4_controls/install/px4_msgs/local/lib/python3.10/dist-packages/px4_msgs/msg/_sensor_gnss_relative.py\n'}
[0.848916] (px4_msgs) StdoutLine: {'line': b'-- Up-to-date: /home/jmj/pro_asp_ws/ws_px4_controls/install/px4_msgs/local/lib/python3.10/dist-packages/px4_msgs/msg/_distance_sensor.py\n'}
[0.848938] (px4_msgs) StdoutLine: {'line': b'-- Up-to-date: /home/jmj/pro_asp_ws/ws_px4_controls/install/px4_msgs/local/lib/python3.10/dist-packages/px4_msgs/msg/_airspeed_wind.py\n'}
[0.848961] (px4_msgs) StdoutLine: {'line': b'-- Up-to-date: /home/jmj/pro_asp_ws/ws_px4_controls/install/px4_msgs/local/lib/python3.10/dist-packages/px4_msgs/msg/_yaw_estimator_status_s.c\n'}
[0.848983] (px4_msgs) StdoutLine: {'line': b'-- Up-to-date: /home/jmj/pro_asp_ws/ws_px4_controls/install/px4_msgs/local/lib/python3.10/dist-packages/px4_msgs/msg/_internal_combustion_engine_status.py\n'}
[0.849007] (px4_msgs) StdoutLine: {'line': b'-- Up-to-date: /home/jmj/pro_asp_ws/ws_px4_controls/install/px4_msgs/local/lib/python3.10/dist-packages/px4_msgs/msg/_gps_inject_data_s.c\n'}
[0.849030] (px4_msgs) StdoutLine: {'line': b'-- Up-to-date: /home/jmj/pro_asp_ws/ws_px4_controls/install/px4_msgs/local/lib/python3.10/dist-packages/px4_msgs/msg/_gripper.py\n'}
[0.849053] (px4_msgs) StdoutLine: {'line': b'-- Up-to-date: /home/jmj/pro_asp_ws/ws_px4_controls/install/px4_msgs/local/lib/python3.10/dist-packages/px4_msgs/msg/_sensor_preflight_mag_s.c\n'}
[0.849077] (px4_msgs) StdoutLine: {'line': b'-- Up-to-date: /home/jmj/pro_asp_ws/ws_px4_controls/install/px4_msgs/local/lib/python3.10/dist-packages/px4_msgs/msg/_register_ext_component_request.py\n'}
[0.849101] (px4_msgs) StdoutLine: {'line': b'-- Up-to-date: /home/jmj/pro_asp_ws/ws_px4_controls/install/px4_msgs/local/lib/python3.10/dist-packages/px4_msgs/msg/_vehicle_command.py\n'}
[0.849135] (px4_msgs) StdoutLine: {'line': b'-- Up-to-date: /home/jmj/pro_asp_ws/ws_px4_controls/install/px4_msgs/local/lib/python3.10/dist-packages/px4_msgs/msg/_rover_attitude_setpoint.py\n'}
[0.849157] (px4_msgs) StdoutLine: {'line': b'-- Up-to-date: /home/jmj/pro_asp_ws/ws_px4_controls/install/px4_msgs/local/lib/python3.10/dist-packages/px4_msgs/msg/_position_setpoint_triplet.py\n'}
[0.849179] (px4_msgs) StdoutLine: {'line': b'-- Up-to-date: /home/jmj/pro_asp_ws/ws_px4_controls/install/px4_msgs/local/lib/python3.10/dist-packages/px4_msgs/msg/_vehicle_local_position_setpoint.py\n'}
[0.849201] (px4_msgs) StdoutLine: {'line': b'-- Up-to-date: /home/jmj/pro_asp_ws/ws_px4_controls/install/px4_msgs/local/lib/python3.10/dist-packages/px4_msgs/msg/_arming_check_reply.py\n'}
[0.849226] (px4_msgs) StdoutLine: {'line': b'-- Up-to-date: /home/jmj/pro_asp_ws/ws_px4_controls/install/px4_msgs/local/lib/python3.10/dist-packages/px4_msgs/msg/_vehicle_acceleration_s.c\n'}
[0.849250] (px4_msgs) StdoutLine: {'line': b'-- Up-to-date: /home/jmj/pro_asp_ws/ws_px4_controls/install/px4_msgs/local/lib/python3.10/dist-packages/px4_msgs/msg/_rpm_s.c\n'}
[0.849282] (px4_msgs) StdoutLine: {'line': b'-- Up-to-date: /home/jmj/pro_asp_ws/ws_px4_controls/install/px4_msgs/local/lib/python3.10/dist-packages/px4_msgs/msg/_mount_orientation.py\n'}
[0.849306] (px4_msgs) StdoutLine: {'line': b'-- Up-to-date: /home/jmj/pro_asp_ws/ws_px4_controls/install/px4_msgs/local/lib/python3.10/dist-packages/px4_msgs/msg/_debug_array.py\n'}
[0.849329] (px4_msgs) StdoutLine: {'line': b'-- Up-to-date: /home/jmj/pro_asp_ws/ws_px4_controls/install/px4_msgs/local/lib/python3.10/dist-packages/px4_msgs/msg/_log_message_s.c\n'}
[0.849351] (px4_msgs) StdoutLine: {'line': b'-- Up-to-date: /home/jmj/pro_asp_ws/ws_px4_controls/install/px4_msgs/local/lib/python3.10/dist-packages/px4_msgs/msg/_sensor_gps_s.c\n'}
[0.849377] (px4_msgs) StdoutLine: {'line': b'-- Up-to-date: /home/jmj/pro_asp_ws/ws_px4_controls/install/px4_msgs/local/lib/python3.10/dist-packages/px4_msgs/msg/_rtl_time_estimate_s.c\n'}
[0.849399] (px4_msgs) StdoutLine: {'line': b'-- Up-to-date: /home/jmj/pro_asp_ws/ws_px4_controls/install/px4_msgs/local/lib/python3.10/dist-packages/px4_msgs/msg/_onboard_computer_status.py\n'}
[0.849422] (px4_msgs) StdoutLine: {'line': b'-- Up-to-date: /home/jmj/pro_asp_ws/ws_px4_controls/install/px4_msgs/local/lib/python3.10/dist-packages/px4_msgs/msg/_register_ext_component_request_s.c\n'}
[0.849443] (px4_msgs) StdoutLine: {'line': b'-- Up-to-date: /home/jmj/pro_asp_ws/ws_px4_controls/install/px4_msgs/local/lib/python3.10/dist-packages/px4_msgs/msg/_estimator_states_s.c\n'}
[0.849465] (px4_msgs) StdoutLine: {'line': b'-- Up-to-date: /home/jmj/pro_asp_ws/ws_px4_controls/install/px4_msgs/local/lib/python3.10/dist-packages/px4_msgs/msg/_sensor_gyro_fifo.py\n'}
[0.849487] (px4_msgs) StdoutLine: {'line': b'-- Up-to-date: /home/jmj/pro_asp_ws/ws_px4_controls/install/px4_msgs/local/lib/python3.10/dist-packages/px4_msgs/msg/_gps_dump_s.c\n'}
[0.849512] (px4_msgs) StdoutLine: {'line': b'-- Up-to-date: /home/jmj/pro_asp_ws/ws_px4_controls/install/px4_msgs/local/lib/python3.10/dist-packages/px4_msgs/msg/_vehicle_torque_setpoint_s.c\n'}
[0.849535] (px4_msgs) StdoutLine: {'line': b'-- Up-to-date: /home/jmj/pro_asp_ws/ws_px4_controls/install/px4_msgs/local/lib/python3.10/dist-packages/px4_msgs/msg/_gimbal_device_set_attitude_s.c\n'}
[0.849558] (px4_msgs) StdoutLine: {'line': b'-- Up-to-date: /home/jmj/pro_asp_ws/ws_px4_controls/install/px4_msgs/local/lib/python3.10/dist-packages/px4_msgs/msg/_fuel_tank_status.py\n'}
[0.849581] (px4_msgs) StdoutLine: {'line': b'-- Up-to-date: /home/jmj/pro_asp_ws/ws_px4_controls/install/px4_msgs/local/lib/python3.10/dist-packages/px4_msgs/msg/_sensor_gyro_fifo_s.c\n'}
[0.849604] (px4_msgs) StdoutLine: {'line': b'-- Up-to-date: /home/jmj/pro_asp_ws/ws_px4_controls/install/px4_msgs/local/lib/python3.10/dist-packages/px4_msgs/msg/_landing_target_pose.py\n'}
[0.849627] (px4_msgs) StdoutLine: {'line': b'-- Up-to-date: /home/jmj/pro_asp_ws/ws_px4_controls/install/px4_msgs/local/lib/python3.10/dist-packages/px4_msgs/msg/_action_request.py\n'}
[0.849651] (px4_msgs) StdoutLine: {'line': b'-- Up-to-date: /home/jmj/pro_asp_ws/ws_px4_controls/install/px4_msgs/local/lib/python3.10/dist-packages/px4_msgs/msg/_power_button_state.py\n'}
[0.849673] (px4_msgs) StdoutLine: {'line': b'-- Up-to-date: /home/jmj/pro_asp_ws/ws_px4_controls/install/px4_msgs/local/lib/python3.10/dist-packages/px4_msgs/msg/_follow_target_s.c\n'}
[0.849698] (px4_msgs) StdoutLine: {'line': b'-- Up-to-date: /home/jmj/pro_asp_ws/ws_px4_controls/install/px4_msgs/local/lib/python3.10/dist-packages/px4_msgs/msg/_vehicle_constraints.py\n'}
[0.849721] (px4_msgs) StdoutLine: {'line': b'-- Up-to-date: /home/jmj/pro_asp_ws/ws_px4_controls/install/px4_msgs/local/lib/python3.10/dist-packages/px4_msgs/msg/_rc_parameter_map_s.c\n'}
[0.849746] (px4_msgs) StdoutLine: {'line': b'-- Up-to-date: /home/jmj/pro_asp_ws/ws_px4_controls/install/px4_msgs/local/lib/python3.10/dist-packages/px4_msgs/msg/_actuator_servos_s.c\n'}
[0.849787] (px4_msgs) StdoutLine: {'line': b'-- Up-to-date: /home/jmj/pro_asp_ws/ws_px4_controls/install/px4_msgs/local/lib/python3.10/dist-packages/px4_msgs/msg/_estimator_innovations_s.c\n'}
[0.849811] (px4_msgs) StdoutLine: {'line': b'-- Up-to-date: /home/jmj/pro_asp_ws/ws_px4_controls/install/px4_msgs/local/lib/python3.10/dist-packages/px4_msgs/msg/_open_drone_id_system_s.c\n'}
[0.849838] (px4_msgs) StdoutLine: {'line': b'-- Up-to-date: /home/jmj/pro_asp_ws/ws_px4_controls/install/px4_msgs/local/lib/python3.10/dist-packages/px4_msgs/msg/_actuator_armed.py\n'}
[0.849861] (px4_msgs) StdoutLine: {'line': b'-- Up-to-date: /home/jmj/pro_asp_ws/ws_px4_controls/install/px4_msgs/local/lib/python3.10/dist-packages/px4_msgs/msg/_position_controller_status.py\n'}
[0.849885] (px4_msgs) StdoutLine: {'line': b'-- Up-to-date: /home/jmj/pro_asp_ws/ws_px4_controls/install/px4_msgs/local/lib/python3.10/dist-packages/px4_msgs/msg/_failsafe_flags.py\n'}
[0.849918] (px4_msgs) StdoutLine: {'line': b'-- Up-to-date: /home/jmj/pro_asp_ws/ws_px4_controls/install/px4_msgs/local/lib/python3.10/dist-packages/px4_msgs/msg/_adc_report_s.c\n'}
[0.849942] (px4_msgs) StdoutLine: {'line': b'-- Up-to-date: /home/jmj/pro_asp_ws/ws_px4_controls/install/px4_msgs/local/lib/python3.10/dist-packages/px4_msgs/msg/_figure_eight_status.py\n'}
[0.849964] (px4_msgs) StdoutLine: {'line': b'-- Up-to-date: /home/jmj/pro_asp_ws/ws_px4_controls/install/px4_msgs/local/lib/python3.10/dist-packages/px4_msgs/msg/_estimator_selector_status.py\n'}
[0.849987] (px4_msgs) StdoutLine: {'line': b'-- Up-to-date: /home/jmj/pro_asp_ws/ws_px4_controls/install/px4_msgs/local/lib/python3.10/dist-packages/px4_msgs/msg/_vehicle_imu.py\n'}
[0.850011] (px4_msgs) StdoutLine: {'line': b'-- Up-to-date: /home/jmj/pro_asp_ws/ws_px4_controls/install/px4_msgs/local/lib/python3.10/dist-packages/px4_msgs/msg/_sensor_gyro_fft.py\n'}
[0.850034] (px4_msgs) StdoutLine: {'line': b'-- Up-to-date: /home/jmj/pro_asp_ws/ws_px4_controls/install/px4_msgs/local/lib/python3.10/dist-packages/px4_msgs/msg/_estimator_gps_status.py\n'}
[0.850056] (px4_msgs) StdoutLine: {'line': b'-- Up-to-date: /home/jmj/pro_asp_ws/ws_px4_controls/install/px4_msgs/local/lib/python3.10/dist-packages/px4_msgs/msg/_dataman_request.py\n'}
[0.850080] (px4_msgs) StdoutLine: {'line': b'-- Up-to-date: /home/jmj/pro_asp_ws/ws_px4_controls/install/px4_msgs/local/lib/python3.10/dist-packages/px4_msgs/msg/_magnetometer_bias_estimate.py\n'}
[0.850104] (px4_msgs) StdoutLine: {'line': b'-- Up-to-date: /home/jmj/pro_asp_ws/ws_px4_controls/install/px4_msgs/local/lib/python3.10/dist-packages/px4_msgs/msg/_vtol_vehicle_status.py\n'}
[0.850127] (px4_msgs) StdoutLine: {'line': b'-- Up-to-date: /home/jmj/pro_asp_ws/ws_px4_controls/install/px4_msgs/local/lib/python3.10/dist-packages/px4_msgs/msg/_autotune_attitude_control_status.py\n'}
[0.850151] (px4_msgs) StdoutLine: {'line': b'-- Up-to-date: /home/jmj/pro_asp_ws/ws_px4_controls/install/px4_msgs/local/lib/python3.10/dist-packages/px4_msgs/msg/_actuator_test_s.c\n'}
[0.850184] (px4_msgs) StdoutLine: {'line': b'-- Up-to-date: /home/jmj/pro_asp_ws/ws_px4_controls/install/px4_msgs/local/lib/python3.10/dist-packages/px4_msgs/msg/_gimbal_manager_set_manual_control.py\n'}
[0.850206] (px4_msgs) StdoutLine: {'line': b'-- Up-to-date: /home/jmj/pro_asp_ws/ws_px4_controls/install/px4_msgs/local/lib/python3.10/dist-packages/px4_msgs/msg/_parameter_set_value_request_s.c\n'}
[0.850228] (px4_msgs) StdoutLine: {'line': b'-- Up-to-date: /home/jmj/pro_asp_ws/ws_px4_controls/install/px4_msgs/local/lib/python3.10/dist-packages/px4_msgs/msg/_gimbal_device_set_attitude.py\n'}
[0.850251] (px4_msgs) StdoutLine: {'line': b'-- Up-to-date: /home/jmj/pro_asp_ws/ws_px4_controls/install/px4_msgs/local/lib/python3.10/dist-packages/px4_msgs/msg/_vehicle_rates_setpoint.py\n'}
[0.850272] (px4_msgs) StdoutLine: {'line': b'-- Up-to-date: /home/jmj/pro_asp_ws/ws_px4_controls/install/px4_msgs/local/lib/python3.10/dist-packages/px4_msgs/msg/_landing_gear_s.c\n'}
[0.850293] (px4_msgs) StdoutLine: {'line': b'-- Up-to-date: /home/jmj/pro_asp_ws/ws_px4_controls/install/px4_msgs/local/lib/python3.10/dist-packages/px4_msgs/msg/_open_drone_id_self_id.py\n'}
[0.850314] (px4_msgs) StdoutLine: {'line': b'-- Up-to-date: /home/jmj/pro_asp_ws/ws_px4_controls/install/px4_msgs/local/lib/python3.10/dist-packages/px4_msgs/msg/_logger_status_s.c\n'}
[0.850336] (px4_msgs) StdoutLine: {'line': b'-- Up-to-date: /home/jmj/pro_asp_ws/ws_px4_controls/install/px4_msgs/local/lib/python3.10/dist-packages/px4_msgs/msg/_actuator_motors.py\n'}
[0.850359] (px4_msgs) StdoutLine: {'line': b'-- Up-to-date: /home/jmj/pro_asp_ws/ws_px4_controls/install/px4_msgs/local/lib/python3.10/dist-packages/px4_msgs/msg/_position_setpoint_s.c\n'}
[0.850383] (px4_msgs) StdoutLine: {'line': b'-- Up-to-date: /home/jmj/pro_asp_ws/ws_px4_controls/install/px4_msgs/local/lib/python3.10/dist-packages/px4_msgs/msg/_collision_constraints.py\n'}
[0.850414] (px4_msgs) StdoutLine: {'line': b'-- Up-to-date: /home/jmj/pro_asp_ws/ws_px4_controls/install/px4_msgs/local/lib/python3.10/dist-packages/px4_msgs/msg/_vehicle_angular_acceleration_setpoint_s.c\n'}
[0.850437] (px4_msgs) StdoutLine: {'line': b'-- Up-to-date: /home/jmj/pro_asp_ws/ws_px4_controls/install/px4_msgs/local/lib/python3.10/dist-packages/px4_msgs/msg/_sensor_accel_fifo_s.c\n'}
[0.850459] (px4_msgs) StdoutLine: {'line': b'-- Up-to-date: /home/jmj/pro_asp_ws/ws_px4_controls/install/px4_msgs/local/lib/python3.10/dist-packages/px4_msgs/msg/_sensor_optical_flow.py\n'}
[0.850481] (px4_msgs) StdoutLine: {'line': b'-- Up-to-date: /home/jmj/pro_asp_ws/ws_px4_controls/install/px4_msgs/local/lib/python3.10/dist-packages/px4_msgs/msg/_event_s.c\n'}
[0.850503] (px4_msgs) StdoutLine: {'line': b'-- Up-to-date: /home/jmj/pro_asp_ws/ws_px4_controls/install/px4_msgs/local/lib/python3.10/dist-packages/px4_msgs/msg/_manual_control_setpoint.py\n'}
[0.850529] (px4_msgs) StdoutLine: {'line': b'-- Up-to-date: /home/jmj/pro_asp_ws/ws_px4_controls/install/px4_msgs/local/lib/python3.10/dist-packages/px4_msgs/msg/_vehicle_magnetometer.py\n'}
[0.850561] (px4_msgs) StdoutLine: {'line': b'-- Up-to-date: /home/jmj/pro_asp_ws/ws_px4_controls/install/px4_msgs/local/lib/python3.10/dist-packages/px4_msgs/msg/_satellite_info.py\n'}
[0.850587] (px4_msgs) StdoutLine: {'line': b'-- Up-to-date: /home/jmj/pro_asp_ws/ws_px4_controls/install/px4_msgs/local/lib/python3.10/dist-packages/px4_msgs/msg/_event.py\n'}
[0.850611] (px4_msgs) StdoutLine: {'line': b'-- Up-to-date: /home/jmj/pro_asp_ws/ws_px4_controls/install/px4_msgs/local/lib/python3.10/dist-packages/px4_msgs/msg/_differential_pressure_s.c\n'}
[0.850636] (px4_msgs) StdoutLine: {'line': b'-- Up-to-date: /home/jmj/pro_asp_ws/ws_px4_controls/install/px4_msgs/local/lib/python3.10/dist-packages/px4_msgs/msg/_gpio_out.py\n'}
[0.850662] (px4_msgs) StdoutLine: {'line': b'-- Up-to-date: /home/jmj/pro_asp_ws/ws_px4_controls/install/px4_msgs/local/lib/python3.10/dist-packages/px4_msgs/msg/_orbit_status_s.c\n'}
[0.850689] (px4_msgs) StdoutLine: {'line': b'-- Up-to-date: /home/jmj/pro_asp_ws/ws_px4_controls/install/px4_msgs/local/lib/python3.10/dist-packages/px4_msgs/msg/_config_overrides.py\n'}
[0.850714] (px4_msgs) StdoutLine: {'line': b'-- Up-to-date: /home/jmj/pro_asp_ws/ws_px4_controls/install/px4_msgs/local/lib/python3.10/dist-packages/px4_msgs/msg/_parameter_update_s.c\n'}
[0.850739] (px4_msgs) StdoutLine: {'line': b'-- Up-to-date: /home/jmj/pro_asp_ws/ws_px4_controls/install/px4_msgs/local/lib/python3.10/dist-packages/px4_msgs/msg/_irlock_report_s.c\n'}
[0.850780] (px4_msgs) StdoutLine: {'line': b'-- Up-to-date: /home/jmj/pro_asp_ws/ws_px4_controls/install/px4_msgs/local/lib/python3.10/dist-packages/px4_msgs/msg/_camera_trigger.py\n'}
[0.850807] (px4_msgs) StdoutLine: {'line': b'-- Up-to-date: /home/jmj/pro_asp_ws/ws_px4_controls/install/px4_msgs/local/lib/python3.10/dist-packages/px4_msgs/msg/_vehicle_land_detected.py\n'}
[0.850832] (px4_msgs) StdoutLine: {'line': b'-- Up-to-date: /home/jmj/pro_asp_ws/ws_px4_controls/install/px4_msgs/local/lib/python3.10/dist-packages/px4_msgs/msg/_fixed_wing_longitudinal_setpoint.py\n'}
[0.850855] (px4_msgs) StdoutLine: {'line': b'-- Up-to-date: /home/jmj/pro_asp_ws/ws_px4_controls/install/px4_msgs/local/lib/python3.10/dist-packages/px4_msgs/msg/_estimator_aid_source3d_s.c\n'}
[0.850879] (px4_msgs) StdoutLine: {'line': b'-- Up-to-date: /home/jmj/pro_asp_ws/ws_px4_controls/install/px4_msgs/local/lib/python3.10/dist-packages/px4_msgs/msg/_internal_combustion_engine_status_s.c\n'}
[0.850904] (px4_msgs) StdoutLine: {'line': b'-- Up-to-date: /home/jmj/pro_asp_ws/ws_px4_controls/install/px4_msgs/local/lib/python3.10/dist-packages/px4_msgs/msg/_launch_detection_status.py\n'}
[0.850927] (px4_msgs) StdoutLine: {'line': b'-- Up-to-date: /home/jmj/pro_asp_ws/ws_px4_controls/install/px4_msgs/local/lib/python3.10/dist-packages/px4_msgs/msg/_qshell_req_s.c\n'}
[0.850963] (px4_msgs) StdoutLine: {'line': b'-- Up-to-date: /home/jmj/pro_asp_ws/ws_px4_controls/install/px4_msgs/local/lib/python3.10/dist-packages/px4_msgs/msg/_landing_gear.py\n'}
[0.850994] (px4_msgs) StdoutLine: {'line': b'-- Up-to-date: /home/jmj/pro_asp_ws/ws_px4_controls/install/px4_msgs/local/lib/python3.10/dist-packages/px4_msgs/msg/_parameter_set_used_request_s.c\n'}
[0.851016] (px4_msgs) StdoutLine: {'line': b'-- Up-to-date: /home/jmj/pro_asp_ws/ws_px4_controls/install/px4_msgs/local/lib/python3.10/dist-packages/px4_msgs/msg/_flight_phase_estimation.py\n'}
[0.851038] (px4_msgs) StdoutLine: {'line': b'-- Up-to-date: /home/jmj/pro_asp_ws/ws_px4_controls/install/px4_msgs/local/lib/python3.10/dist-packages/px4_msgs/msg/_rover_velocity_status.py\n'}
[0.851061] (px4_msgs) StdoutLine: {'line': b'-- Up-to-date: /home/jmj/pro_asp_ws/ws_px4_controls/install/px4_msgs/local/lib/python3.10/dist-packages/px4_msgs/msg/_vehicle_attitude.py\n'}
[0.851084] (px4_msgs) StdoutLine: {'line': b'-- Up-to-date: /home/jmj/pro_asp_ws/ws_px4_controls/install/px4_msgs/local/lib/python3.10/dist-packages/px4_msgs/msg/_takeoff_status_s.c\n'}
[0.851107] (px4_msgs) StdoutLine: {'line': b'-- Up-to-date: /home/jmj/pro_asp_ws/ws_px4_controls/install/px4_msgs/local/lib/python3.10/dist-packages/px4_msgs/msg/_vehicle_acceleration.py\n'}
[0.851129] (px4_msgs) StdoutLine: {'line': b'-- Up-to-date: /home/jmj/pro_asp_ws/ws_px4_controls/install/px4_msgs/local/lib/python3.10/dist-packages/px4_msgs/msg/_vehicle_status_s.c\n'}
[0.851152] (px4_msgs) StdoutLine: {'line': b'-- Up-to-date: /home/jmj/pro_asp_ws/ws_px4_controls/install/px4_msgs/local/lib/python3.10/dist-packages/px4_msgs/msg/_vehicle_optical_flow.py\n'}
[0.851175] (px4_msgs) StdoutLine: {'line': b'-- Up-to-date: /home/jmj/pro_asp_ws/ws_px4_controls/install/px4_msgs/local/lib/python3.10/dist-packages/px4_msgs/msg/_can_interface_status_s.c\n'}
[0.851197] (px4_msgs) StdoutLine: {'line': b'-- Up-to-date: /home/jmj/pro_asp_ws/ws_px4_controls/install/px4_msgs/local/lib/python3.10/dist-packages/px4_msgs/msg/_velocity_limits_s.c\n'}
[0.851220] (px4_msgs) StdoutLine: {'line': b'-- Up-to-date: /home/jmj/pro_asp_ws/ws_px4_controls/install/px4_msgs/local/lib/python3.10/dist-packages/px4_msgs/msg/_parameter_set_used_request.py\n'}
[0.851253] (px4_msgs) StdoutLine: {'line': b'-- Up-to-date: /home/jmj/pro_asp_ws/ws_px4_controls/install/px4_msgs/local/lib/python3.10/dist-packages/px4_msgs/msg/_pps_capture_s.c\n'}
[0.851295] (px4_msgs) StdoutLine: {'line': b'-- Up-to-date: /home/jmj/pro_asp_ws/ws_px4_controls/install/px4_msgs/local/lib/python3.10/dist-packages/px4_msgs/msg/_landing_gear_wheel_s.c\n'}
[0.851320] (px4_msgs) StdoutLine: {'line': b'-- Up-to-date: /home/jmj/pro_asp_ws/ws_px4_controls/install/px4_msgs/local/lib/python3.10/dist-packages/px4_msgs/msg/_yaw_estimator_status.py\n'}
[0.851343] (px4_msgs) StdoutLine: {'line': b'-- Up-to-date: /home/jmj/pro_asp_ws/ws_px4_controls/install/px4_msgs/local/lib/python3.10/dist-packages/px4_msgs/msg/_sensor_baro_s.c\n'}
[0.851368] (px4_msgs) StdoutLine: {'line': b'-- Up-to-date: /home/jmj/pro_asp_ws/ws_px4_controls/install/px4_msgs/local/lib/python3.10/dist-packages/px4_msgs/msg/_gps_inject_data.py\n'}
[0.851408] (px4_msgs) StdoutLine: {'line': b'-- Up-to-date: /home/jmj/pro_asp_ws/ws_px4_controls/install/px4_msgs/local/lib/python3.10/dist-packages/px4_msgs/msg/_estimator_aid_source1d.py\n'}
[0.851444] (px4_msgs) StdoutLine: {'line': b'-- Up-to-date: /home/jmj/pro_asp_ws/ws_px4_controls/install/px4_msgs/local/lib/python3.10/dist-packages/px4_msgs/msg/_vehicle_imu_s.c\n'}
[0.851480] (px4_msgs) StdoutLine: {'line': b'-- Up-to-date: /home/jmj/pro_asp_ws/ws_px4_controls/install/px4_msgs/local/lib/python3.10/dist-packages/px4_msgs/msg/_vehicle_optical_flow_vel_s.c\n'}
[0.851542] (px4_msgs) StdoutLine: {'line': b'-- Up-to-date: /home/jmj/pro_asp_ws/ws_px4_controls/install/px4_msgs/local/lib/python3.10/dist-packages/px4_msgs/msg/_gimbal_manager_set_attitude_s.c\n'}
[0.851573] (px4_msgs) StdoutLine: {'line': b'-- Up-to-date: /home/jmj/pro_asp_ws/ws_px4_controls/install/px4_msgs/local/lib/python3.10/dist-packages/px4_msgs/msg/_sensor_correction_s.c\n'}
[0.851603] (px4_msgs) StdoutLine: {'line': b'-- Up-to-date: /home/jmj/pro_asp_ws/ws_px4_controls/install/px4_msgs/local/lib/python3.10/dist-packages/px4_msgs/msg/_vehicle_angular_acceleration_setpoint.py\n'}
[0.851629] (px4_msgs) StdoutLine: {'line': b'-- Up-to-date: /home/jmj/pro_asp_ws/ws_px4_controls/install/px4_msgs/local/lib/python3.10/dist-packages/px4_msgs/msg/_follow_target_estimator_s.c\n'}
[0.851652] (px4_msgs) StdoutLine: {'line': b'-- Up-to-date: /home/jmj/pro_asp_ws/ws_px4_controls/install/px4_msgs/local/lib/python3.10/dist-packages/px4_msgs/msg/_onboard_computer_status_s.c\n'}
[0.851675] (px4_msgs) StdoutLine: {'line': b'-- Up-to-date: /home/jmj/pro_asp_ws/ws_px4_controls/install/px4_msgs/local/lib/python3.10/dist-packages/px4_msgs/msg/_collision_constraints_s.c\n'}
[0.851700] (px4_msgs) StdoutLine: {'line': b'-- Up-to-date: /home/jmj/pro_asp_ws/ws_px4_controls/install/px4_msgs/local/lib/python3.10/dist-packages/px4_msgs/msg/_sensor_combined_s.c\n'}
[0.851724] (px4_msgs) StdoutLine: {'line': b'-- Up-to-date: /home/jmj/pro_asp_ws/ws_px4_controls/install/px4_msgs/local/lib/python3.10/dist-packages/px4_msgs/msg/_satellite_info_s.c\n'}
[0.851748] (px4_msgs) StdoutLine: {'line': b'-- Up-to-date: /home/jmj/pro_asp_ws/ws_px4_controls/install/px4_msgs/local/lib/python3.10/dist-packages/px4_msgs/msg/_rtl_time_estimate.py\n'}
[0.851788] (px4_msgs) StdoutLine: {'line': b'-- Up-to-date: /home/jmj/pro_asp_ws/ws_px4_controls/install/px4_msgs/local/lib/python3.10/dist-packages/px4_msgs/msg/_pure_pursuit_status_s.c\n'}
[0.851813] (px4_msgs) StdoutLine: {'line': b'-- Up-to-date: /home/jmj/pro_asp_ws/ws_px4_controls/install/px4_msgs/local/lib/python3.10/dist-packages/px4_msgs/msg/_distance_sensor_mode_change_request.py\n'}
[0.851836] (px4_msgs) StdoutLine: {'line': b'-- Up-to-date: /home/jmj/pro_asp_ws/ws_px4_controls/install/px4_msgs/local/lib/python3.10/dist-packages/px4_msgs/msg/_navigator_status_s.c\n'}
[0.851857] (px4_msgs) StdoutLine: {'line': b'-- Up-to-date: /home/jmj/pro_asp_ws/ws_px4_controls/install/px4_msgs/local/lib/python3.10/dist-packages/px4_msgs/msg/_landing_target_innovations.py\n'}
[0.851880] (px4_msgs) StdoutLine: {'line': b'-- Up-to-date: /home/jmj/pro_asp_ws/ws_px4_controls/install/px4_msgs/local/lib/python3.10/dist-packages/px4_msgs/msg/_heater_status.py\n'}
[0.851902] (px4_msgs) StdoutLine: {'line': b'-- Up-to-date: /home/jmj/pro_asp_ws/ws_px4_controls/install/px4_msgs/local/lib/python3.10/dist-packages/px4_msgs/msg/_normalized_unsigned_setpoint.py\n'}
[0.851926] (px4_msgs) StdoutLine: {'line': b'-- Up-to-date: /home/jmj/pro_asp_ws/ws_px4_controls/install/px4_msgs/local/lib/python3.10/dist-packages/px4_msgs/msg/_ulog_stream_ack_s.c\n'}
[0.851951] (px4_msgs) StdoutLine: {'line': b'-- Up-to-date: /home/jmj/pro_asp_ws/ws_px4_controls/install/px4_msgs/local/lib/python3.10/dist-packages/px4_msgs/msg/_fixed_wing_lateral_guidance_status.py\n'}
[0.851975] (px4_msgs) StdoutLine: {'line': b'-- Up-to-date: /home/jmj/pro_asp_ws/ws_px4_controls/install/px4_msgs/local/lib/python3.10/dist-packages/px4_msgs/msg/_sensor_gnss_relative_s.c\n'}
[0.852000] (px4_msgs) StdoutLine: {'line': b'-- Up-to-date: /home/jmj/pro_asp_ws/ws_px4_controls/install/px4_msgs/local/lib/python3.10/dist-packages/px4_msgs/msg/_vehicle_local_position_setpoint_s.c\n'}
[0.852025] (px4_msgs) StdoutLine: {'line': b'-- Up-to-date: /home/jmj/pro_asp_ws/ws_px4_controls/install/px4_msgs/local/lib/python3.10/dist-packages/px4_msgs/msg/_ulog_stream.py\n'}
[0.852049] (px4_msgs) StdoutLine: {'line': b'-- Up-to-date: /home/jmj/pro_asp_ws/ws_px4_controls/install/px4_msgs/local/lib/python3.10/dist-packages/px4_msgs/msg/_rate_ctrl_status.py\n'}
[0.852082] (px4_msgs) StdoutLine: {'line': b'-- Up-to-date: /home/jmj/pro_asp_ws/ws_px4_controls/install/px4_msgs/local/lib/python3.10/dist-packages/px4_msgs/msg/_sensor_hygrometer_s.c\n'}
[0.852108] (px4_msgs) StdoutLine: {'line': b'-- Up-to-date: /home/jmj/pro_asp_ws/ws_px4_controls/install/px4_msgs/local/lib/python3.10/dist-packages/px4_msgs/msg/_task_stack_info.py\n'}
[0.852131] (px4_msgs) StdoutLine: {'line': b'-- Up-to-date: /home/jmj/pro_asp_ws/ws_px4_controls/install/px4_msgs/local/lib/python3.10/dist-packages/px4_msgs/msg/_failure_detector_status.py\n'}
[0.852154] (px4_msgs) StdoutLine: {'line': b'-- Up-to-date: /home/jmj/pro_asp_ws/ws_px4_controls/install/px4_msgs/local/lib/python3.10/dist-packages/px4_msgs/msg/_fixed_wing_lateral_guidance_status_s.c\n'}
[0.852177] (px4_msgs) StdoutLine: {'line': b'-- Up-to-date: /home/jmj/pro_asp_ws/ws_px4_controls/install/px4_msgs/local/lib/python3.10/dist-packages/px4_msgs/msg/_airspeed_s.c\n'}
[0.852200] (px4_msgs) StdoutLine: {'line': b'-- Up-to-date: /home/jmj/pro_asp_ws/ws_px4_controls/install/px4_msgs/local/lib/python3.10/dist-packages/px4_msgs/msg/_open_drone_id_operator_id_s.c\n'}
[0.852223] (px4_msgs) StdoutLine: {'line': b'-- Up-to-date: /home/jmj/pro_asp_ws/ws_px4_controls/install/px4_msgs/local/lib/python3.10/dist-packages/px4_msgs/msg/_cpuload.py\n'}
[0.852246] (px4_msgs) StdoutLine: {'line': b'-- Up-to-date: /home/jmj/pro_asp_ws/ws_px4_controls/install/px4_msgs/local/lib/python3.10/dist-packages/px4_msgs/msg/_mavlink_log_s.c\n'}
[0.852271] (px4_msgs) StdoutLine: {'line': b'-- Up-to-date: /home/jmj/pro_asp_ws/ws_px4_controls/install/px4_msgs/local/lib/python3.10/dist-packages/px4_msgs/msg/_vehicle_odometry_s.c\n'}
[0.852295] (px4_msgs) StdoutLine: {'line': b'-- Up-to-date: /home/jmj/pro_asp_ws/ws_px4_controls/install/px4_msgs/local/lib/python3.10/dist-packages/px4_msgs/msg/_gimbal_device_information.py\n'}
[0.852318] (px4_msgs) StdoutLine: {'line': b'-- Up-to-date: /home/jmj/pro_asp_ws/ws_px4_controls/install/px4_msgs/local/lib/python3.10/dist-packages/px4_msgs/msg/_qshell_retval_s.c\n'}
[0.852341] (px4_msgs) StdoutLine: {'line': b'-- Up-to-date: /home/jmj/pro_asp_ws/ws_px4_controls/install/px4_msgs/local/lib/python3.10/dist-packages/px4_msgs/msg/_takeoff_status.py\n'}
[0.852366] (px4_msgs) StdoutLine: {'line': b'-- Up-to-date: /home/jmj/pro_asp_ws/ws_px4_controls/install/px4_msgs/local/lib/python3.10/dist-packages/px4_msgs/msg/_debug_value_s.c\n'}
[0.852395] (px4_msgs) StdoutLine: {'line': b'-- Up-to-date: /home/jmj/pro_asp_ws/ws_px4_controls/install/px4_msgs/local/lib/python3.10/dist-packages/px4_msgs/msg/_lateral_control_configuration_s.c\n'}
[0.852421] (px4_msgs) StdoutLine: {'line': b'-- Up-to-date: /home/jmj/pro_asp_ws/ws_px4_controls/install/px4_msgs/local/lib/python3.10/dist-packages/px4_msgs/msg/_vehicle_attitude_s.c\n'}
[0.852445] (px4_msgs) StdoutLine: {'line': b'-- Up-to-date: /home/jmj/pro_asp_ws/ws_px4_controls/install/px4_msgs/local/lib/python3.10/dist-packages/px4_msgs/msg/_log_message.py\n'}
[0.852470] (px4_msgs) StdoutLine: {'line': b'-- Up-to-date: /home/jmj/pro_asp_ws/ws_px4_controls/install/px4_msgs/local/lib/python3.10/dist-packages/px4_msgs/msg/_vehicle_air_data_s.c\n'}
[0.852494] (px4_msgs) StdoutLine: {'line': b'-- Up-to-date: /home/jmj/pro_asp_ws/ws_px4_controls/install/px4_msgs/local/lib/python3.10/dist-packages/px4_msgs/msg/_fixed_wing_lateral_status.py\n'}
[0.852521] (px4_msgs) StdoutLine: {'line': b'-- Up-to-date: /home/jmj/pro_asp_ws/ws_px4_controls/install/px4_msgs/local/lib/python3.10/dist-packages/px4_msgs/msg/_rover_rate_setpoint_s.c\n'}
[0.852547] (px4_msgs) StdoutLine: {'line': b'-- Up-to-date: /home/jmj/pro_asp_ws/ws_px4_controls/install/px4_msgs/local/lib/python3.10/dist-packages/px4_msgs/msg/_heater_status_s.c\n'}
[0.852571] (px4_msgs) StdoutLine: {'line': b'-- Up-to-date: /home/jmj/pro_asp_ws/ws_px4_controls/install/px4_msgs/local/lib/python3.10/dist-packages/px4_msgs/msg/_unregister_ext_component_s.c\n'}
[0.852595] (px4_msgs) StdoutLine: {'line': b'-- Up-to-date: /home/jmj/pro_asp_ws/ws_px4_controls/install/px4_msgs/local/lib/python3.10/dist-packages/px4_msgs/msg/_pure_pursuit_status.py\n'}
[0.852621] (px4_msgs) StdoutLine: {'line': b'-- Up-to-date: /home/jmj/pro_asp_ws/ws_px4_controls/install/px4_msgs/local/lib/python3.10/dist-packages/px4_msgs/msg/_ulog_stream_ack.py\n'}
[0.852647] (px4_msgs) StdoutLine: {'line': b'-- Up-to-date: /home/jmj/pro_asp_ws/ws_px4_controls/install/px4_msgs/local/lib/python3.10/dist-packages/px4_msgs/msg/_input_rc.py\n'}
[0.852673] (px4_msgs) StdoutLine: {'line': b'-- Up-to-date: /home/jmj/pro_asp_ws/ws_px4_controls/install/px4_msgs/local/lib/python3.10/dist-packages/px4_msgs/msg/_mavlink_tunnel.py\n'}
[0.852707] (px4_msgs) StdoutLine: {'line': b'-- Up-to-date: /home/jmj/pro_asp_ws/ws_px4_controls/install/px4_msgs/local/lib/python3.10/dist-packages/px4_msgs/msg/_pwm_input.py\n'}
[0.852733] (px4_msgs) StdoutLine: {'line': b'-- Up-to-date: /home/jmj/pro_asp_ws/ws_px4_controls/install/px4_msgs/local/lib/python3.10/dist-packages/px4_msgs/msg/_esc_report.py\n'}
[0.852805] (px4_msgs) StdoutLine: {'line': b'-- Up-to-date: /home/jmj/pro_asp_ws/ws_px4_controls/install/px4_msgs/local/lib/python3.10/dist-packages/px4_msgs/msg/_arming_check_request.py\n'}
[0.852834] (px4_msgs) StdoutLine: {'line': b'-- Up-to-date: /home/jmj/pro_asp_ws/ws_px4_controls/install/px4_msgs/local/lib/python3.10/dist-packages/px4_msgs/msg/_offboard_control_mode.py\n'}
[0.852858] (px4_msgs) StdoutLine: {'line': b'-- Up-to-date: /home/jmj/pro_asp_ws/ws_px4_controls/install/px4_msgs/local/lib/python3.10/dist-packages/px4_msgs/msg/_flight_phase_estimation_s.c\n'}
[0.852901] (px4_msgs) StdoutLine: {'line': b'-- Up-to-date: /home/jmj/pro_asp_ws/ws_px4_controls/install/px4_msgs/local/lib/python3.10/dist-packages/px4_msgs/msg/_gpio_request_s.c\n'}
[0.852922] (px4_msgs) StdoutLine: {'line': b'-- Up-to-date: /home/jmj/pro_asp_ws/ws_px4_controls/install/px4_msgs/local/lib/python3.10/dist-packages/px4_msgs/msg/_power_monitor_s.c\n'}
[0.852944] (px4_msgs) StdoutLine: {'line': b'-- Up-to-date: /home/jmj/pro_asp_ws/ws_px4_controls/install/px4_msgs/local/lib/python3.10/dist-packages/px4_msgs/msg/_orbit_status.py\n'}
[0.852965] (px4_msgs) StdoutLine: {'line': b'-- Up-to-date: /home/jmj/pro_asp_ws/ws_px4_controls/install/px4_msgs/local/lib/python3.10/dist-packages/px4_msgs/msg/_dataman_request_s.c\n'}
[0.852985] (px4_msgs) StdoutLine: {'line': b'-- Up-to-date: /home/jmj/pro_asp_ws/ws_px4_controls/install/px4_msgs/local/lib/python3.10/dist-packages/px4_msgs/msg/_landing_target_innovations_s.c\n'}
[0.853007] (px4_msgs) StdoutLine: {'line': b'-- Up-to-date: /home/jmj/pro_asp_ws/ws_px4_controls/install/px4_msgs/local/lib/python3.10/dist-packages/px4_msgs/msg/_parameter_reset_request_s.c\n'}
[0.853028] (px4_msgs) StdoutLine: {'line': b'-- Up-to-date: /home/jmj/pro_asp_ws/ws_px4_controls/install/px4_msgs/local/lib/python3.10/dist-packages/px4_msgs/msg/_orb_test_medium_s.c\n'}
[0.853049] (px4_msgs) StdoutLine: {'line': b'-- Up-to-date: /home/jmj/pro_asp_ws/ws_px4_controls/install/px4_msgs/local/lib/python3.10/dist-packages/px4_msgs/msg/_landing_gear_wheel.py\n'}
[0.853070] (px4_msgs) StdoutLine: {'line': b'-- Up-to-date: /home/jmj/pro_asp_ws/ws_px4_controls/install/px4_msgs/local/lib/python3.10/dist-packages/px4_msgs/msg/_actuator_servos_trim.py\n'}
[0.853092] (px4_msgs) StdoutLine: {'line': b'-- Up-to-date: /home/jmj/pro_asp_ws/ws_px4_controls/install/px4_msgs/local/lib/python3.10/dist-packages/px4_msgs/msg/_position_setpoint.py\n'}
[0.853115] (px4_msgs) StdoutLine: {'line': b'-- Up-to-date: /home/jmj/pro_asp_ws/ws_px4_controls/install/px4_msgs/local/lib/python3.10/dist-packages/px4_msgs/msg/_rover_throttle_setpoint.py\n'}
[0.853139] (px4_msgs) StdoutLine: {'line': b'-- Up-to-date: /home/jmj/pro_asp_ws/ws_px4_controls/install/px4_msgs/local/lib/python3.10/dist-packages/px4_msgs/msg/_actuator_outputs_s.c\n'}
[0.853163] (px4_msgs) StdoutLine: {'line': b'-- Up-to-date: /home/jmj/pro_asp_ws/ws_px4_controls/install/px4_msgs/local/lib/python3.10/dist-packages/px4_msgs/msg/_fixed_wing_longitudinal_setpoint_s.c\n'}
[0.853187] (px4_msgs) StdoutLine: {'line': b'-- Up-to-date: /home/jmj/pro_asp_ws/ws_px4_controls/install/px4_msgs/local/lib/python3.10/dist-packages/px4_msgs/msg/_radio_status.py\n'}
[0.853210] (px4_msgs) StdoutLine: {'line': b'-- Up-to-date: /home/jmj/pro_asp_ws/ws_px4_controls/install/px4_msgs/local/lib/python3.10/dist-packages/px4_msgs/msg/_fixed_wing_lateral_setpoint.py\n'}
[0.853234] (px4_msgs) StdoutLine: {'line': b'-- Up-to-date: /home/jmj/pro_asp_ws/ws_px4_controls/install/px4_msgs/local/lib/python3.10/dist-packages/px4_msgs/msg/_sensor_baro.py\n'}
[0.853272] (px4_msgs) StdoutLine: {'line': b'-- Up-to-date: /home/jmj/pro_asp_ws/ws_px4_controls/install/px4_msgs/local/lib/python3.10/dist-packages/px4_msgs/msg/_generator_status_s.c\n'}
[0.853293] (px4_msgs) StdoutLine: {'line': b'-- Up-to-date: /home/jmj/pro_asp_ws/ws_px4_controls/install/px4_msgs/local/lib/python3.10/dist-packages/px4_msgs/msg/_vehicle_thrust_setpoint.py\n'}
[0.853314] (px4_msgs) StdoutLine: {'line': b'-- Up-to-date: /home/jmj/pro_asp_ws/ws_px4_controls/install/px4_msgs/local/lib/python3.10/dist-packages/px4_msgs/msg/_mission_result_s.c\n'}
[0.853335] (px4_msgs) StdoutLine: {'line': b'-- Up-to-date: /home/jmj/pro_asp_ws/ws_px4_controls/install/px4_msgs/local/lib/python3.10/dist-packages/px4_msgs/msg/_estimator_status_s.c\n'}
[0.853356] (px4_msgs) StdoutLine: {'line': b'-- Up-to-date: /home/jmj/pro_asp_ws/ws_px4_controls/install/px4_msgs/local/lib/python3.10/dist-packages/px4_msgs/msg/_mavlink_tunnel_s.c\n'}
[0.853383] (px4_msgs) StdoutLine: {'line': b'-- Up-to-date: /home/jmj/pro_asp_ws/ws_px4_controls/install/px4_msgs/local/lib/python3.10/dist-packages/px4_msgs/msg/_vehicle_command_s.c\n'}
[0.853411] (px4_msgs) StdoutLine: {'line': b'-- Up-to-date: /home/jmj/pro_asp_ws/ws_px4_controls/install/px4_msgs/local/lib/python3.10/dist-packages/px4_msgs/msg/_estimator_selector_status_s.c\n'}
[0.853442] (px4_msgs) StdoutLine: {'line': b'-- Up-to-date: /home/jmj/pro_asp_ws/ws_px4_controls/install/px4_msgs/local/lib/python3.10/dist-packages/px4_msgs/msg/_rpm.py\n'}
[0.853499] (px4_msgs) StdoutLine: {'line': b'-- Up-to-date: /home/jmj/pro_asp_ws/ws_px4_controls/install/px4_msgs/local/lib/python3.10/dist-packages/px4_msgs/msg/_px4io_status_s.c\n'}
[0.853531] (px4_msgs) StdoutLine: {'line': b'-- Up-to-date: /home/jmj/pro_asp_ws/ws_px4_controls/install/px4_msgs/local/lib/python3.10/dist-packages/px4_msgs/msg/_vehicle_global_position_s.c\n'}
[0.853565] (px4_msgs) StdoutLine: {'line': b'-- Up-to-date: /home/jmj/pro_asp_ws/ws_px4_controls/install/px4_msgs/local/lib/python3.10/dist-packages/px4_msgs/msg/_estimator_innovations.py\n'}
[0.853592] (px4_msgs) StdoutLine: {'line': b'-- Up-to-date: /home/jmj/pro_asp_ws/ws_px4_controls/install/px4_msgs/local/lib/python3.10/dist-packages/px4_msgs/msg/_gimbal_manager_set_attitude.py\n'}
[0.853617] (px4_msgs) StdoutLine: {'line': b'-- Up-to-date: /home/jmj/pro_asp_ws/ws_px4_controls/install/px4_msgs/local/lib/python3.10/dist-packages/px4_msgs/msg/_mode_completed.py\n'}
[0.853645] (px4_msgs) StdoutLine: {'line': b'-- Up-to-date: /home/jmj/pro_asp_ws/ws_px4_controls/install/px4_msgs/local/lib/python3.10/dist-packages/px4_msgs/msg/_estimator_gps_status_s.c\n'}
[0.853666] (px4_msgs) StdoutLine: {'line': b'-- Up-to-date: /home/jmj/pro_asp_ws/ws_px4_controls/install/px4_msgs/local/lib/python3.10/dist-packages/px4_msgs/msg/_sensor_correction.py\n'}
[0.853687] (px4_msgs) StdoutLine: {'line': b'-- Up-to-date: /home/jmj/pro_asp_ws/ws_px4_controls/install/px4_msgs/local/lib/python3.10/dist-packages/px4_msgs/msg/_vehicle_control_mode.py\n'}
[0.853709] (px4_msgs) StdoutLine: {'line': b'-- Up-to-date: /home/jmj/pro_asp_ws/ws_px4_controls/install/px4_msgs/local/lib/python3.10/dist-packages/px4_msgs/msg/_gimbal_device_attitude_status.py\n'}
[0.853730] (px4_msgs) StdoutLine: {'line': b'-- Up-to-date: /home/jmj/pro_asp_ws/ws_px4_controls/install/px4_msgs/local/lib/python3.10/dist-packages/px4_msgs/msg/_debug_vect_s.c\n'}
[0.853751] (px4_msgs) StdoutLine: {'line': b'-- Up-to-date: /home/jmj/pro_asp_ws/ws_px4_controls/install/px4_msgs/local/lib/python3.10/dist-packages/px4_msgs/msg/_uavcan_parameter_request_s.c\n'}
[0.853778] (px4_msgs) StdoutLine: {'line': b'-- Up-to-date: /home/jmj/pro_asp_ws/ws_px4_controls/install/px4_msgs/local/lib/python3.10/dist-packages/px4_msgs/msg/_estimator_event_flags.py\n'}
[0.853830] (px4_msgs) StdoutLine: {'line': b'-- Up-to-date: /home/jmj/pro_asp_ws/ws_px4_controls/install/px4_msgs/local/lib/python3.10/dist-packages/px4_msgs/msg/_vehicle_rates_setpoint_s.c\n'}
[0.853919] (px4_msgs) StdoutLine: {'line': b'-- Up-to-date: /home/jmj/pro_asp_ws/ws_px4_controls/install/px4_msgs/local/lib/python3.10/dist-packages/px4_msgs/msg/_vehicle_optical_flow_vel.py\n'}
[0.853969] (px4_msgs) StdoutLine: {'line': b'-- Up-to-date: /home/jmj/pro_asp_ws/ws_px4_controls/install/px4_msgs/local/lib/python3.10/dist-packages/px4_msgs/msg/_cellular_status.py\n'}
[0.853995] (px4_msgs) StdoutLine: {'line': b'-- Up-to-date: /home/jmj/pro_asp_ws/ws_px4_controls/install/px4_msgs/local/lib/python3.10/dist-packages/px4_msgs/msg/_vehicle_air_data.py\n'}
[0.854024] (px4_msgs) StdoutLine: {'line': b'-- Up-to-date: /home/jmj/pro_asp_ws/ws_px4_controls/install/px4_msgs/local/lib/python3.10/dist-packages/px4_msgs/msg/_vehicle_status.py\n'}
[0.854049] (px4_msgs) StdoutLine: {'line': b'-- Up-to-date: /home/jmj/pro_asp_ws/ws_px4_controls/install/px4_msgs/local/lib/python3.10/dist-packages/px4_msgs/msg/_sensors_status.py\n'}
[0.854071] (px4_msgs) StdoutLine: {'line': b'-- Up-to-date: /home/jmj/pro_asp_ws/ws_px4_controls/install/px4_msgs/local/lib/python3.10/dist-packages/px4_msgs/msg/_orb_test.py\n'}
[0.854098] (px4_msgs) StdoutLine: {'line': b'-- Up-to-date: /home/jmj/pro_asp_ws/ws_px4_controls/install/px4_msgs/local/lib/python3.10/dist-packages/px4_msgs/msg/_timesync_status.py\n'}
[0.854121] (px4_msgs) StdoutLine: {'line': b'-- Up-to-date: /home/jmj/pro_asp_ws/ws_px4_controls/install/px4_msgs/local/lib/python3.10/dist-packages/px4_msgs/msg/_button_event.py\n'}
[0.854157] (px4_msgs) StdoutLine: {'line': b'-- Up-to-date: /home/jmj/pro_asp_ws/ws_px4_controls/install/px4_msgs/local/lib/python3.10/dist-packages/px4_msgs/msg/_rover_velocity_setpoint_s.c\n'}
[0.854187] (px4_msgs) StdoutLine: {'line': b'-- Up-to-date: /home/jmj/pro_asp_ws/ws_px4_controls/install/px4_msgs/local/lib/python3.10/dist-packages/px4_msgs/msg/_tecs_status_s.c\n'}
[0.854211] (px4_msgs) StdoutLine: {'line': b'-- Up-to-date: /home/jmj/pro_asp_ws/ws_px4_controls/install/px4_msgs/local/lib/python3.10/dist-packages/px4_msgs/msg/_launch_detection_status_s.c\n'}
[0.854236] (px4_msgs) StdoutLine: {'line': b'-- Up-to-date: /home/jmj/pro_asp_ws/ws_px4_controls/install/px4_msgs/local/lib/python3.10/dist-packages/px4_msgs/msg/_vehicle_roi_s.c\n'}
[0.854265] (px4_msgs) StdoutLine: {'line': b'-- Up-to-date: /home/jmj/pro_asp_ws/ws_px4_controls/install/px4_msgs/local/lib/python3.10/dist-packages/px4_msgs/msg/_cellular_status_s.c\n'}
[0.854335] (px4_msgs) StdoutLine: {'line': b'-- Up-to-date: /home/jmj/pro_asp_ws/ws_px4_controls/install/px4_msgs/local/lib/python3.10/dist-packages/px4_msgs/msg/_vehicle_command_ack_s.c\n'}
[0.854375] (px4_msgs) StdoutLine: {'line': b'-- Up-to-date: /home/jmj/pro_asp_ws/ws_px4_controls/install/px4_msgs/local/lib/python3.10/dist-packages/px4_msgs/msg/_esc_status.py\n'}
[0.854434] (px4_msgs) StdoutLine: {'line': b'-- Up-to-date: /home/jmj/pro_asp_ws/ws_px4_controls/install/px4_msgs/local/lib/python3.10/dist-packages/px4_msgs/msg/_obstacle_distance_s.c\n'}
[0.854505] (px4_msgs) StdoutLine: {'line': b'-- Up-to-date: /home/jmj/pro_asp_ws/ws_px4_controls/install/px4_msgs/local/lib/python3.10/dist-packages/px4_msgs/msg/_health_report_s.c\n'}
[0.854570] (px4_msgs) StdoutLine: {'line': b'-- Up-to-date: /home/jmj/pro_asp_ws/ws_px4_controls/install/px4_msgs/local/lib/python3.10/dist-packages/px4_msgs/msg/_transponder_report_s.c\n'}
[0.854617] (px4_msgs) StdoutLine: {'line': b'-- Up-to-date: /home/jmj/pro_asp_ws/ws_px4_controls/install/px4_msgs/local/lib/python3.10/dist-packages/px4_msgs/msg/_magnetometer_bias_estimate_s.c\n'}
[0.854654] (px4_msgs) StdoutLine: {'line': b'-- Up-to-date: /home/jmj/pro_asp_ws/ws_px4_controls/install/px4_msgs/local/lib/python3.10/dist-packages/px4_msgs/msg/_estimator_bias_s.c\n'}
[0.854689] (px4_msgs) StdoutLine: {'line': b'-- Up-to-date: /home/jmj/pro_asp_ws/ws_px4_controls/install/px4_msgs/local/lib/python3.10/dist-packages/px4_msgs/msg/_pwm_input_s.c\n'}
[0.854725] (px4_msgs) StdoutLine: {'line': b'-- Up-to-date: /home/jmj/pro_asp_ws/ws_px4_controls/install/px4_msgs/local/lib/python3.10/dist-packages/px4_msgs/msg/_fixed_wing_runway_control_s.c\n'}
[0.854824] (px4_msgs) StdoutLine: {'line': b'-- Up-to-date: /home/jmj/pro_asp_ws/ws_px4_controls/install/px4_msgs/local/lib/python3.10/dist-packages/px4_msgs/msg/_sensor_gyro_s.c\n'}
[0.854858] (px4_msgs) StdoutLine: {'line': b'-- Up-to-date: /home/jmj/pro_asp_ws/ws_px4_controls/install/px4_msgs/local/lib/python3.10/dist-packages/px4_msgs/msg/_wheel_encoders.py\n'}
[0.854881] (px4_msgs) StdoutLine: {'line': b'-- Up-to-date: /home/jmj/pro_asp_ws/ws_px4_controls/install/px4_msgs/local/lib/python3.10/dist-packages/px4_msgs/msg/_fuel_tank_status_s.c\n'}
[0.854908] (px4_msgs) StdoutLine: {'line': b'-- Up-to-date: /home/jmj/pro_asp_ws/ws_px4_controls/install/px4_msgs/local/lib/python3.10/dist-packages/px4_msgs/msg/_power_button_state_s.c\n'}
[0.854937] (px4_msgs) StdoutLine: {'line': b'-- Up-to-date: /home/jmj/pro_asp_ws/ws_px4_controls/install/px4_msgs/local/lib/python3.10/dist-packages/px4_msgs/msg/_sensor_airflow_s.c\n'}
[0.854968] (px4_msgs) StdoutLine: {'line': b'-- Up-to-date: /home/jmj/pro_asp_ws/ws_px4_controls/install/px4_msgs/local/lib/python3.10/dist-packages/px4_msgs/msg/_gimbal_manager_information_s.c\n'}
[0.855000] (px4_msgs) StdoutLine: {'line': b'-- Up-to-date: /home/jmj/pro_asp_ws/ws_px4_controls/install/px4_msgs/local/lib/python3.10/dist-packages/px4_msgs/msg/_register_ext_component_reply_s.c\n'}
[0.855033] (px4_msgs) StdoutLine: {'line': b'-- Up-to-date: /home/jmj/pro_asp_ws/ws_px4_controls/install/px4_msgs/local/lib/python3.10/dist-packages/px4_msgs/msg/_follow_target_status_s.c\n'}
[0.855069] (px4_msgs) StdoutLine: {'line': b'-- Up-to-date: /home/jmj/pro_asp_ws/ws_px4_controls/install/px4_msgs/local/lib/python3.10/dist-packages/px4_msgs/msg/_rate_ctrl_status_s.c\n'}
[0.855105] (px4_msgs) StdoutLine: {'line': b'-- Up-to-date: /home/jmj/pro_asp_ws/ws_px4_controls/install/px4_msgs/local/lib/python3.10/dist-packages/px4_msgs/msg/_trajectory_setpoint_s.c\n'}
[0.855152] (px4_msgs) StdoutLine: {'line': b'-- Up-to-date: /home/jmj/pro_asp_ws/ws_px4_controls/install/px4_msgs/local/lib/python3.10/dist-packages/px4_msgs/msg/_rover_steering_setpoint.py\n'}
[0.855184] (px4_msgs) StdoutLine: {'line': b'-- Up-to-date: /home/jmj/pro_asp_ws/ws_px4_controls/install/px4_msgs/local/lib/python3.10/dist-packages/px4_msgs/msg/_normalized_unsigned_setpoint_s.c\n'}
[0.855210] (px4_msgs) StdoutLine: {'line': b'-- Up-to-date: /home/jmj/pro_asp_ws/ws_px4_controls/install/px4_msgs/local/lib/python3.10/dist-packages/px4_msgs/msg/_orb_test_s.c\n'}
[0.855233] (px4_msgs) StdoutLine: {'line': b'-- Up-to-date: /home/jmj/pro_asp_ws/ws_px4_controls/install/px4_msgs/local/lib/python3.10/dist-packages/px4_msgs/msg/_navigator_mission_item.py\n'}
[0.855254] (px4_msgs) StdoutLine: {'line': b'-- Up-to-date: /home/jmj/pro_asp_ws/ws_px4_controls/install/px4_msgs/local/lib/python3.10/dist-packages/px4_msgs/msg/_vehicle_imu_status_s.c\n'}
[0.855276] (px4_msgs) StdoutLine: {'line': b'-- Up-to-date: /home/jmj/pro_asp_ws/ws_px4_controls/install/px4_msgs/local/lib/python3.10/dist-packages/px4_msgs/msg/_actuator_controls_status_s.c\n'}
[0.855297] (px4_msgs) StdoutLine: {'line': b'-- Up-to-date: /home/jmj/pro_asp_ws/ws_px4_controls/install/px4_msgs/local/lib/python3.10/dist-packages/px4_msgs/msg/_pps_capture.py\n'}
[0.855323] (px4_msgs) StdoutLine: {'line': b'-- Up-to-date: /home/jmj/pro_asp_ws/ws_px4_controls/install/px4_msgs/local/lib/python3.10/dist-packages/px4_msgs/msg/_rc_channels.py\n'}
[0.855346] (px4_msgs) StdoutLine: {'line': b'-- Up-to-date: /home/jmj/pro_asp_ws/ws_px4_controls/install/px4_msgs/local/lib/python3.10/dist-packages/px4_msgs/msg/_task_stack_info_s.c\n'}
[0.855378] (px4_msgs) StdoutLine: {'line': b'-- Up-to-date: /home/jmj/pro_asp_ws/ws_px4_controls/install/px4_msgs/local/lib/python3.10/dist-packages/px4_msgs/msg/_estimator_aid_source2d_s.c\n'}
[0.855401] (px4_msgs) StdoutLine: {'line': b'-- Up-to-date: /home/jmj/pro_asp_ws/ws_px4_controls/install/px4_msgs/local/lib/python3.10/dist-packages/px4_msgs/msg/_uavcan_parameter_request.py\n'}
[0.855425] (px4_msgs) StdoutLine: {'line': b'-- Up-to-date: /home/jmj/pro_asp_ws/ws_px4_controls/install/px4_msgs/local/lib/python3.10/dist-packages/px4_msgs/msg/_rc_parameter_map.py\n'}
[0.855449] (px4_msgs) StdoutLine: {'line': b'-- Up-to-date: /home/jmj/pro_asp_ws/ws_px4_controls/install/px4_msgs/local/lib/python3.10/dist-packages/px4_msgs/msg/_system_power.py\n'}
[0.855473] (px4_msgs) StdoutLine: {'line': b'-- Up-to-date: /home/jmj/pro_asp_ws/ws_px4_controls/install/px4_msgs/local/lib/python3.10/dist-packages/px4_msgs/msg/_estimator_event_flags_s.c\n'}
[0.855498] (px4_msgs) StdoutLine: {'line': b'-- Up-to-date: /home/jmj/pro_asp_ws/ws_px4_controls/install/px4_msgs/local/lib/python3.10/dist-packages/px4_msgs/msg/_position_controller_status_s.c\n'}
[0.855523] (px4_msgs) StdoutLine: {'line': b'-- Up-to-date: /home/jmj/pro_asp_ws/ws_px4_controls/install/px4_msgs/local/lib/python3.10/dist-packages/px4_msgs/msg/_longitudinal_control_configuration.py\n'}
[0.855551] (px4_msgs) StdoutLine: {'line': b'-- Up-to-date: /home/jmj/pro_asp_ws/ws_px4_controls/install/px4_msgs/local/lib/python3.10/dist-packages/px4_msgs/msg/_lateral_control_configuration.py\n'}
[0.855581] (px4_msgs) StdoutLine: {'line': b'-- Up-to-date: /home/jmj/pro_asp_ws/ws_px4_controls/install/px4_msgs/local/lib/python3.10/dist-packages/px4_msgs/msg/_position_controller_landing_status_s.c\n'}
[0.855648] (px4_msgs) StdoutLine: {'line': b'-- Up-to-date: /home/jmj/pro_asp_ws/ws_px4_controls/install/px4_msgs/local/lib/python3.10/dist-packages/px4_msgs/msg/_vehicle_imu_status.py\n'}
[0.855678] (px4_msgs) StdoutLine: {'line': b'-- Up-to-date: /home/jmj/pro_asp_ws/ws_px4_controls/install/px4_msgs/local/lib/python3.10/dist-packages/px4_msgs/msg/_manual_control_switches.py\n'}
[0.855710] (px4_msgs) StdoutLine: {'line': b'-- Up-to-date: /home/jmj/pro_asp_ws/ws_px4_controls/install/px4_msgs/local/lib/python3.10/dist-packages/px4_msgs/msg/_vehicle_angular_velocity_s.c\n'}
[0.855739] (px4_msgs) StdoutLine: {'line': b'-- Up-to-date: /home/jmj/pro_asp_ws/ws_px4_controls/install/px4_msgs/local/lib/python3.10/dist-packages/px4_msgs/msg/_estimator_aid_source3d.py\n'}
[0.855794] (px4_msgs) StdoutLine: {'line': b'-- Up-to-date: /home/jmj/pro_asp_ws/ws_px4_controls/install/px4_msgs/local/lib/python3.10/dist-packages/px4_msgs/msg/_mission_s.c\n'}
[0.855821] (px4_msgs) StdoutLine: {'line': b'-- Up-to-date: /home/jmj/pro_asp_ws/ws_px4_controls/install/px4_msgs/local/lib/python3.10/dist-packages/px4_msgs/msg/_debug_key_value.py\n'}
[0.855845] (px4_msgs) StdoutLine: {'line': b'-- Up-to-date: /home/jmj/pro_asp_ws/ws_px4_controls/install/px4_msgs/local/lib/python3.10/dist-packages/px4_msgs/msg/_radio_status_s.c\n'}
[0.855869] (px4_msgs) StdoutLine: {'line': b'-- Up-to-date: /home/jmj/pro_asp_ws/ws_px4_controls/install/px4_msgs/local/lib/python3.10/dist-packages/px4_msgs/msg/_generator_status.py\n'}
[0.855892] (px4_msgs) StdoutLine: {'line': b'-- Up-to-date: /home/jmj/pro_asp_ws/ws_px4_controls/install/px4_msgs/local/lib/python3.10/dist-packages/px4_msgs/msg/_vehicle_command_ack.py\n'}
[0.855917] (px4_msgs) StdoutLine: {'line': b'-- Up-to-date: /home/jmj/pro_asp_ws/ws_px4_controls/install/px4_msgs/local/lib/python3.10/dist-packages/px4_msgs/msg/_landing_target_pose_s.c\n'}
[0.855940] (px4_msgs) StdoutLine: {'line': b'-- Up-to-date: /home/jmj/pro_asp_ws/ws_px4_controls/install/px4_msgs/local/lib/python3.10/dist-packages/px4_msgs/msg/_mission.py\n'}
[0.855962] (px4_msgs) StdoutLine: {'line': b'-- Up-to-date: /home/jmj/pro_asp_ws/ws_px4_controls/install/px4_msgs/local/lib/python3.10/dist-packages/px4_msgs/msg/_estimator_status.py\n'}
[0.855985] (px4_msgs) StdoutLine: {'line': b'-- Up-to-date: /home/jmj/pro_asp_ws/ws_px4_controls/install/px4_msgs/local/lib/python3.10/dist-packages/px4_msgs/msg/_gimbal_controls.py\n'}
[0.856007] (px4_msgs) StdoutLine: {'line': b'-- Up-to-date: /home/jmj/pro_asp_ws/ws_px4_controls/install/px4_msgs/local/lib/python3.10/dist-packages/px4_msgs/msg/_longitudinal_control_configuration_s.c\n'}
[0.856029] (px4_msgs) StdoutLine: {'line': b'-- Up-to-date: /home/jmj/pro_asp_ws/ws_px4_controls/install/px4_msgs/local/lib/python3.10/dist-packages/px4_msgs/msg/_health_report.py\n'}
[0.856050] (px4_msgs) StdoutLine: {'line': b'-- Up-to-date: /home/jmj/pro_asp_ws/ws_px4_controls/install/px4_msgs/local/lib/python3.10/dist-packages/px4_msgs/msg/_uavcan_parameter_value_s.c\n'}
[0.856075] (px4_msgs) StdoutLine: {'line': b'-- Up-to-date: /home/jmj/pro_asp_ws/ws_px4_controls/install/px4_msgs/local/lib/python3.10/dist-packages/px4_msgs/msg/_debug_key_value_s.c\n'}
[0.856099] (px4_msgs) StdoutLine: {'line': b'-- Up-to-date: /home/jmj/pro_asp_ws/ws_px4_controls/install/px4_msgs/local/lib/python3.10/dist-packages/px4_msgs/msg/_mag_worker_data.py\n'}
[0.856123] (px4_msgs) StdoutLine: {'line': b'-- Up-to-date: /home/jmj/pro_asp_ws/ws_px4_controls/install/px4_msgs/local/lib/python3.10/dist-packages/px4_msgs/msg/_message_format_request_s.c\n'}
[0.856147] (px4_msgs) StdoutLine: {'line': b'-- Up-to-date: /home/jmj/pro_asp_ws/ws_px4_controls/install/px4_msgs/local/lib/python3.10/dist-packages/px4_msgs/msg/_gpio_in.py\n'}
[0.856185] (px4_msgs) StdoutLine: {'line': b'-- Up-to-date: /home/jmj/pro_asp_ws/ws_px4_controls/install/px4_msgs/local/lib/python3.10/dist-packages/px4_msgs/msg/_tune_control.py\n'}
[0.856210] (px4_msgs) StdoutLine: {'line': b'-- Up-to-date: /home/jmj/pro_asp_ws/ws_px4_controls/install/px4_msgs/local/lib/python3.10/dist-packages/px4_msgs/msg/_rc_channels_s.c\n'}
[0.856237] (px4_msgs) StdoutLine: {'line': b'-- Up-to-date: /home/jmj/pro_asp_ws/ws_px4_controls/install/px4_msgs/local/lib/python3.10/dist-packages/px4_msgs/msg/_estimator_bias3d.py\n'}
[0.856268] (px4_msgs) StdoutLine: {'line': b'-- Up-to-date: /home/jmj/pro_asp_ws/ws_px4_controls/install/px4_msgs/local/lib/python3.10/dist-packages/px4_msgs/msg/_open_drone_id_operator_id.py\n'}
[0.856297] (px4_msgs) StdoutLine: {'line': b'-- Up-to-date: /home/jmj/pro_asp_ws/ws_px4_controls/install/px4_msgs/local/lib/python3.10/dist-packages/px4_msgs/msg/_rover_attitude_setpoint_s.c\n'}
[0.856326] (px4_msgs) StdoutLine: {'line': b'-- Up-to-date: /home/jmj/pro_asp_ws/ws_px4_controls/install/px4_msgs/local/lib/python3.10/dist-packages/px4_msgs/msg/_sensor_mag_s.c\n'}
[0.856387] (px4_msgs) StdoutLine: {'line': b'-- Up-to-date: /home/jmj/pro_asp_ws/ws_px4_controls/install/px4_msgs/local/lib/python3.10/dist-packages/px4_msgs/msg/_control_allocator_status_s.c\n'}
[0.856420] (px4_msgs) StdoutLine: {'line': b'-- Up-to-date: /home/jmj/pro_asp_ws/ws_px4_controls/install/px4_msgs/local/lib/python3.10/dist-packages/px4_msgs/msg/_sensor_mag.py\n'}
[0.856449] (px4_msgs) StdoutLine: {'line': b'-- Up-to-date: /home/jmj/pro_asp_ws/ws_px4_controls/install/px4_msgs/local/lib/python3.10/dist-packages/px4_msgs/msg/_uavcan_parameter_value.py\n'}
[0.856481] (px4_msgs) StdoutLine: {'line': b'-- Up-to-date: /home/jmj/pro_asp_ws/ws_px4_controls/install/px4_msgs/local/lib/python3.10/dist-packages/px4_msgs/msg/_adc_report.py\n'}
[0.856522] (px4_msgs) StdoutLine: {'line': b'-- Up-to-date: /home/jmj/pro_asp_ws/ws_px4_controls/install/px4_msgs/local/lib/python3.10/dist-packages/px4_msgs/msg/_arming_check_request_s.c\n'}
[0.856545] (px4_msgs) StdoutLine: {'line': b'-- Up-to-date: /home/jmj/pro_asp_ws/ws_px4_controls/install/px4_msgs/local/lib/python3.10/dist-packages/px4_msgs/msg/_rover_rate_status.py\n'}
[0.856568] (px4_msgs) StdoutLine: {'line': b'-- Up-to-date: /home/jmj/pro_asp_ws/ws_px4_controls/install/px4_msgs/local/lib/python3.10/dist-packages/px4_msgs/msg/_irlock_report.py\n'}
[0.856589] (px4_msgs) StdoutLine: {'line': b'-- Up-to-date: /home/jmj/pro_asp_ws/ws_px4_controls/install/px4_msgs/local/lib/python3.10/dist-packages/px4_msgs/msg/_fixed_wing_lateral_status_s.c\n'}
[0.856613] (px4_msgs) StdoutLine: {'line': b'-- Up-to-date: /home/jmj/pro_asp_ws/ws_px4_controls/install/px4_msgs/local/lib/python3.10/dist-packages/px4_msgs/msg/_open_drone_id_arm_status_s.c\n'}
[0.856636] (px4_msgs) StdoutLine: {'line': b'-- Up-to-date: /home/jmj/pro_asp_ws/ws_px4_controls/install/px4_msgs/local/lib/python3.10/dist-packages/px4_msgs/msg/_rover_attitude_status.py\n'}
[0.856658] (px4_msgs) StdoutLine: {'line': b'-- Up-to-date: /home/jmj/pro_asp_ws/ws_px4_controls/install/px4_msgs/local/lib/python3.10/dist-packages/px4_msgs/msg/_sensor_hygrometer.py\n'}
[0.856688] (px4_msgs) StdoutLine: {'line': b'-- Up-to-date: /home/jmj/pro_asp_ws/ws_px4_controls/install/px4_msgs/local/lib/python3.10/dist-packages/px4_msgs/msg/_ping_s.c\n'}
[0.856731] (px4_msgs) StdoutLine: {'line': b'-- Up-to-date: /home/jmj/pro_asp_ws/ws_px4_controls/install/px4_msgs/local/lib/python3.10/dist-packages/px4_msgs/msg/_ekf2_timestamps_s.c\n'}
[0.856759] (px4_msgs) StdoutLine: {'line': b'-- Up-to-date: /home/jmj/pro_asp_ws/ws_px4_controls/install/px4_msgs/local/lib/python3.10/dist-packages/px4_msgs/msg/_distance_sensor_mode_change_request_s.c\n'}
[0.856787] (px4_msgs) StdoutLine: {'line': b'-- Up-to-date: /home/jmj/pro_asp_ws/ws_px4_controls/install/px4_msgs/local/lib/python3.10/dist-packages/px4_msgs/msg/_estimator_sensor_bias_s.c\n'}
[0.856811] (px4_msgs) StdoutLine: {'line': b'-- Up-to-date: /home/jmj/pro_asp_ws/ws_px4_controls/install/px4_msgs/local/lib/python3.10/dist-packages/px4_msgs/msg/_airspeed_validated.py\n'}
[0.856833] (px4_msgs) StdoutLine: {'line': b'-- Up-to-date: /home/jmj/pro_asp_ws/ws_px4_controls/install/px4_msgs/local/lib/python3.10/dist-packages/px4_msgs/msg/_offboard_control_mode_s.c\n'}
[0.856855] (px4_msgs) StdoutLine: {'line': b'-- Up-to-date: /home/jmj/pro_asp_ws/ws_px4_controls/install/px4_msgs/local/lib/python3.10/dist-packages/px4_msgs/msg/_tiltrotor_extra_controls.py\n'}
[0.856876] (px4_msgs) StdoutLine: {'line': b'-- Up-to-date: /home/jmj/pro_asp_ws/ws_px4_controls/install/px4_msgs/local/lib/python3.10/dist-packages/px4_msgs/msg/_home_position.py\n'}
[0.856906] (px4_msgs) StdoutLine: {'line': b'-- Up-to-date: /home/jmj/pro_asp_ws/ws_px4_controls/install/px4_msgs/local/lib/python3.10/dist-packages/px4_msgs/msg/_register_ext_component_reply.py\n'}
[0.856931] (px4_msgs) StdoutLine: {'line': b'-- Up-to-date: /home/jmj/pro_asp_ws/ws_px4_controls/install/px4_msgs/local/lib/python3.10/dist-packages/px4_msgs/msg/_follow_target_estimator.py\n'}
[0.856955] (px4_msgs) StdoutLine: {'line': b'-- Up-to-date: /home/jmj/pro_asp_ws/ws_px4_controls/install/px4_msgs/local/lib/python3.10/dist-packages/px4_msgs/msg/_sensor_uwb.py\n'}
[0.856977] (px4_msgs) StdoutLine: {'line': b'-- Up-to-date: /home/jmj/pro_asp_ws/ws_px4_controls/install/px4_msgs/local/lib/python3.10/dist-packages/px4_msgs/msg/_actuator_controls_status.py\n'}
[0.856999] (px4_msgs) StdoutLine: {'line': b'-- Up-to-date: /home/jmj/pro_asp_ws/ws_px4_controls/install/px4_msgs/local/lib/python3.10/dist-packages/px4_msgs/msg/_sensor_airflow.py\n'}
[0.857029] (px4_msgs) StdoutLine: {'line': b'-- Up-to-date: /home/jmj/pro_asp_ws/ws_px4_controls/install/px4_msgs/local/lib/python3.10/dist-packages/px4_msgs/msg/_sensors_status_imu_s.c\n'}
[0.857056] (px4_msgs) StdoutLine: {'line': b'-- Up-to-date: /home/jmj/pro_asp_ws/ws_px4_controls/install/px4_msgs/local/lib/python3.10/dist-packages/px4_msgs/msg/_follow_target.py\n'}
[0.857081] (px4_msgs) StdoutLine: {'line': b'-- Up-to-date: /home/jmj/pro_asp_ws/ws_px4_controls/install/px4_msgs/local/lib/python3.10/dist-packages/px4_msgs/msg/_open_drone_id_self_id_s.c\n'}
[0.857105] (px4_msgs) StdoutLine: {'line': b'-- Up-to-date: /home/jmj/pro_asp_ws/ws_px4_controls/install/px4_msgs/local/lib/python3.10/dist-packages/px4_msgs/msg/_obstacle_distance.py\n'}
[0.857129] (px4_msgs) StdoutLine: {'line': b'-- Up-to-date: /home/jmj/pro_asp_ws/ws_px4_controls/install/px4_msgs/local/lib/python3.10/dist-packages/px4_msgs/msg/_estimator_bias3d_s.c\n'}
[0.857170] (px4_msgs) StdoutLine: {'line': b'-- Up-to-date: /home/jmj/pro_asp_ws/ws_px4_controls/install/px4_msgs/local/lib/python3.10/dist-packages/px4_msgs/msg/_distance_sensor_s.c\n'}
[0.857199] (px4_msgs) StdoutLine: {'line': b'-- Up-to-date: /home/jmj/pro_asp_ws/ws_px4_controls/install/px4_msgs/local/lib/python3.10/dist-packages/px4_msgs/msg/_sensor_uwb_s.c\n'}
[0.857233] (px4_msgs) StdoutLine: {'line': b'-- Up-to-date: /home/jmj/pro_asp_ws/ws_px4_controls/install/px4_msgs/local/lib/python3.10/dist-packages/px4_msgs/msg/_vehicle_attitude_setpoint.py\n'}
[0.857266] (px4_msgs) StdoutLine: {'line': b'-- Up-to-date: /home/jmj/pro_asp_ws/ws_px4_controls/install/px4_msgs/local/lib/python3.10/dist-packages/px4_msgs/msg/_message_format_response.py\n'}
[0.857314] (px4_msgs) StdoutLine: {'line': b'-- Up-to-date: /home/jmj/pro_asp_ws/ws_px4_controls/install/px4_msgs/local/lib/python3.10/dist-packages/px4_msgs/msg/_sensors_status_imu.py\n'}
[0.857337] (px4_msgs) StdoutLine: {'line': b'-- Up-to-date: /home/jmj/pro_asp_ws/ws_px4_controls/install/px4_msgs/local/lib/python3.10/dist-packages/px4_msgs/msg/_rover_rate_setpoint.py\n'}
[0.857359] (px4_msgs) StdoutLine: {'line': b'-- Up-to-date: /home/jmj/pro_asp_ws/ws_px4_controls/install/px4_msgs/local/lib/python3.10/dist-packages/px4_msgs/msg/_rover_throttle_setpoint_s.c\n'}
[0.857444] (px4_msgs) StdoutLine: {'line': b'-- Up-to-date: /home/jmj/pro_asp_ws/ws_px4_controls/install/px4_msgs/local/lib/python3.10/dist-packages/px4_msgs/msg/_unregister_ext_component.py\n'}
[0.857484] (px4_msgs) StdoutLine: {'line': b'-- Up-to-date: /home/jmj/pro_asp_ws/ws_px4_controls/install/px4_msgs/local/lib/python3.10/dist-packages/px4_msgs/msg/_manual_control_setpoint_s.c\n'}
[0.857518] (px4_msgs) StdoutLine: {'line': b'-- Up-to-date: /home/jmj/pro_asp_ws/ws_px4_controls/install/px4_msgs/local/lib/python3.10/dist-packages/px4_msgs/msg/_rover_steering_setpoint_s.c\n'}
[0.857548] (px4_msgs) StdoutLine: {'line': b'-- Up-to-date: /home/jmj/pro_asp_ws/ws_px4_controls/install/px4_msgs/local/lib/python3.10/dist-packages/px4_msgs/msg/_goto_setpoint.py\n'}
[0.857574] (px4_msgs) StdoutLine: {'line': b'-- Up-to-date: /home/jmj/pro_asp_ws/ws_px4_controls/install/px4_msgs/local/lib/python3.10/dist-packages/px4_msgs/msg/_sensor_selection_s.c\n'}
[0.857599] (px4_msgs) StdoutLine: {'line': b'-- Up-to-date: /home/jmj/pro_asp_ws/ws_px4_controls/install/px4_msgs/local/lib/python3.10/dist-packages/px4_msgs/msg/_geofence_result_s.c\n'}
[0.857623] (px4_msgs) StdoutLine: {'line': b'-- Up-to-date: /home/jmj/pro_asp_ws/ws_px4_controls/install/px4_msgs/local/lib/python3.10/dist-packages/px4_msgs/msg/_iridiumsbd_status_s.c\n'}
[0.857647] (px4_msgs) StdoutLine: {'line': b'-- Up-to-date: /home/jmj/pro_asp_ws/ws_px4_controls/install/px4_msgs/local/lib/python3.10/dist-packages/px4_msgs/msg/_dataman_response_s.c\n'}
[0.857671] (px4_msgs) StdoutLine: {'line': b'-- Up-to-date: /home/jmj/pro_asp_ws/ws_px4_controls/install/px4_msgs/local/lib/python3.10/dist-packages/px4_msgs/msg/_gimbal_device_information_s.c\n'}
[0.857696] (px4_msgs) StdoutLine: {'line': b'-- Up-to-date: /home/jmj/pro_asp_ws/ws_px4_controls/install/px4_msgs/local/lib/python3.10/dist-packages/px4_msgs/msg/_battery_status.py\n'}
[0.857721] (px4_msgs) StdoutLine: {'line': b'-- Up-to-date: /home/jmj/pro_asp_ws/ws_px4_controls/install/px4_msgs/local/lib/python3.10/dist-packages/px4_msgs/msg/_rtl_status_s.c\n'}
[0.857745] (px4_msgs) StdoutLine: {'line': b'-- Up-to-date: /home/jmj/pro_asp_ws/ws_px4_controls/install/px4_msgs/local/lib/python3.10/dist-packages/px4_msgs/msg/_camera_status_s.c\n'}
[0.857794] (px4_msgs) StdoutLine: {'line': b'-- Up-to-date: /home/jmj/pro_asp_ws/ws_px4_controls/install/px4_msgs/local/lib/python3.10/dist-packages/px4_msgs/msg/_navigator_mission_item_s.c\n'}
[0.857826] (px4_msgs) StdoutLine: {'line': b'-- Up-to-date: /home/jmj/pro_asp_ws/ws_px4_controls/install/px4_msgs/local/lib/python3.10/dist-packages/px4_msgs/msg/_telemetry_status_s.c\n'}
[0.857849] (px4_msgs) StdoutLine: {'line': b'-- Up-to-date: /home/jmj/pro_asp_ws/ws_px4_controls/install/px4_msgs/local/lib/python3.10/dist-packages/px4_msgs/msg/_wheel_encoders_s.c\n'}
[0.857872] (px4_msgs) StdoutLine: {'line': b'-- Up-to-date: /home/jmj/pro_asp_ws/ws_px4_controls/install/px4_msgs/local/lib/python3.10/dist-packages/px4_msgs/msg/_estimator_status_flags_s.c\n'}
[0.857897] (px4_msgs) StdoutLine: {'line': b'-- Up-to-date: /home/jmj/pro_asp_ws/ws_px4_controls/install/px4_msgs/local/lib/python3.10/dist-packages/px4_msgs/msg/_internal_combustion_engine_control.py\n'}
[0.857922] (px4_msgs) StdoutLine: {'line': b'-- Up-to-date: /home/jmj/pro_asp_ws/ws_px4_controls/install/px4_msgs/local/lib/python3.10/dist-packages/px4_msgs/msg/_orb_test_large_s.c\n'}
[0.857952] (px4_msgs) StdoutLine: {'line': b'-- Up-to-date: /home/jmj/pro_asp_ws/ws_px4_controls/install/px4_msgs/local/lib/python3.10/dist-packages/px4_msgs/msg/_estimator_aid_source1d_s.c\n'}
[0.857984] (px4_msgs) StdoutLine: {'line': b'-- Up-to-date: /home/jmj/pro_asp_ws/ws_px4_controls/install/px4_msgs/local/lib/python3.10/dist-packages/px4_msgs/msg/_vehicle_land_detected_s.c\n'}
[0.858018] (px4_msgs) StdoutLine: {'line': b'-- Up-to-date: /home/jmj/pro_asp_ws/ws_px4_controls/install/px4_msgs/local/lib/python3.10/dist-packages/px4_msgs/msg/_sensor_gyro.py\n'}
[0.858049] (px4_msgs) StdoutLine: {'line': b'-- Up-to-date: /home/jmj/pro_asp_ws/ws_px4_controls/install/px4_msgs/local/lib/python3.10/dist-packages/px4_msgs/msg/_rover_velocity_setpoint.py\n'}
[0.858074] (px4_msgs) StdoutLine: {'line': b'-- Up-to-date: /home/jmj/pro_asp_ws/ws_px4_controls/install/px4_msgs/local/lib/python3.10/dist-packages/px4_msgs/msg/_led_control_s.c\n'}
[0.858097] (px4_msgs) StdoutLine: {'line': b'-- Up-to-date: /home/jmj/pro_asp_ws/ws_px4_controls/install/px4_msgs/local/lib/python3.10/dist-packages/px4_msgs/msg/_vehicle_odometry.py\n'}
[0.858122] (px4_msgs) StdoutLine: {'line': b'-- Up-to-date: /home/jmj/pro_asp_ws/ws_px4_controls/install/px4_msgs/local/lib/python3.10/dist-packages/px4_msgs/msg/_config_overrides_s.c\n'}
[0.858147] (px4_msgs) StdoutLine: {'line': b'-- Up-to-date: /home/jmj/pro_asp_ws/ws_px4_controls/install/px4_msgs/local/lib/python3.10/dist-packages/px4_msgs/msg/_tiltrotor_extra_controls_s.c\n'}
[0.858186] (px4_msgs) StdoutLine: {'line': b'-- Up-to-date: /home/jmj/pro_asp_ws/ws_px4_controls/install/px4_msgs/local/lib/python3.10/dist-packages/px4_msgs/msg/_mode_completed_s.c\n'}
[0.858210] (px4_msgs) StdoutLine: {'line': b'-- Up-to-date: /home/jmj/pro_asp_ws/ws_px4_controls/install/px4_msgs/local/lib/python3.10/dist-packages/px4_msgs/msg/_rover_rate_status_s.c\n'}
[0.858233] (px4_msgs) StdoutLine: {'line': b'-- Up-to-date: /home/jmj/pro_asp_ws/ws_px4_controls/install/px4_msgs/local/lib/python3.10/dist-packages/px4_msgs/msg/_system_power_s.c\n'}
[0.858256] (px4_msgs) StdoutLine: {'line': b'-- Up-to-date: /home/jmj/pro_asp_ws/ws_px4_controls/install/px4_msgs/local/lib/python3.10/dist-packages/px4_msgs/msg/_vtol_vehicle_status_s.c\n'}
[0.858277] (px4_msgs) StdoutLine: {'line': b'-- Up-to-date: /home/jmj/pro_asp_ws/ws_px4_controls/install/px4_msgs/local/lib/python3.10/dist-packages/px4_msgs/msg/_esc_report_s.c\n'}
[0.858299] (px4_msgs) StdoutLine: {'line': b'-- Up-to-date: /home/jmj/pro_asp_ws/ws_px4_controls/install/px4_msgs/local/lib/python3.10/dist-packages/px4_msgs/msg/_sensor_combined.py\n'}
[0.858322] (px4_msgs) StdoutLine: {'line': b'-- Up-to-date: /home/jmj/pro_asp_ws/ws_px4_controls/install/px4_msgs/local/lib/python3.10/dist-packages/px4_msgs/msg/_geofence_status_s.c\n'}
[0.858346] (px4_msgs) StdoutLine: {'line': b'-- Up-to-date: /home/jmj/pro_asp_ws/ws_px4_controls/install/px4_msgs/local/lib/python3.10/dist-packages/px4_msgs/msg/_hover_thrust_estimate.py\n'}
[0.858369] (px4_msgs) StdoutLine: {'line': b'-- Up-to-date: /home/jmj/pro_asp_ws/ws_px4_controls/install/px4_msgs/local/lib/python3.10/dist-packages/px4_msgs/msg/_camera_capture.py\n'}
[0.858393] (px4_msgs) StdoutLine: {'line': b'-- Up-to-date: /home/jmj/pro_asp_ws/ws_px4_controls/install/px4_msgs/local/lib/python3.10/dist-packages/px4_msgs/msg/_gimbal_manager_status_s.c\n'}
[0.858416] (px4_msgs) StdoutLine: {'line': b'-- Up-to-date: /home/jmj/pro_asp_ws/ws_px4_controls/install/px4_msgs/local/lib/python3.10/dist-packages/px4_msgs/msg/_transponder_report.py\n'}
[0.858439] (px4_msgs) StdoutLine: {'line': b'-- Up-to-date: /home/jmj/pro_asp_ws/ws_px4_controls/install/px4_msgs/local/lib/python3.10/dist-packages/px4_msgs/msg/_gps_dump.py\n'}
[0.858462] (px4_msgs) StdoutLine: {'line': b'-- Up-to-date: /home/jmj/pro_asp_ws/ws_px4_controls/install/px4_msgs/local/lib/python3.10/dist-packages/px4_msgs/msg/_ekf2_timestamps.py\n'}
[0.858485] (px4_msgs) StdoutLine: {'line': b'-- Up-to-date: /home/jmj/pro_asp_ws/ws_px4_controls/install/px4_msgs/local/lib/python3.10/dist-packages/px4_msgs/msg/_gimbal_manager_status.py\n'}
[0.858520] (px4_msgs) StdoutLine: {'line': b'-- Up-to-date: /home/jmj/pro_asp_ws/ws_px4_controls/install/px4_msgs/local/lib/python3.10/dist-packages/px4_msgs/msg/_gpio_config.py\n'}
[0.858543] (px4_msgs) StdoutLine: {'line': b'-- Up-to-date: /home/jmj/pro_asp_ws/ws_px4_controls/install/px4_msgs/local/lib/python3.10/dist-packages/px4_msgs/msg/_vehicle_constraints_s.c\n'}
[0.858565] (px4_msgs) StdoutLine: {'line': b'-- Up-to-date: /home/jmj/pro_asp_ws/ws_px4_controls/install/px4_msgs/local/lib/python3.10/dist-packages/px4_msgs/msg/_ulog_stream_s.c\n'}
[0.858586] (px4_msgs) StdoutLine: {'line': b'-- Up-to-date: /home/jmj/pro_asp_ws/ws_px4_controls/install/px4_msgs/local/lib/python3.10/dist-packages/px4_msgs/msg/_hover_thrust_estimate_s.c\n'}
[0.858608] (px4_msgs) StdoutLine: {'line': b'-- Up-to-date: /home/jmj/pro_asp_ws/ws_px4_controls/install/px4_msgs/local/lib/python3.10/dist-packages/px4_msgs/msg/_message_format_response_s.c\n'}
[0.858629] (px4_msgs) StdoutLine: {'line': b'-- Up-to-date: /home/jmj/pro_asp_ws/ws_px4_controls/install/px4_msgs/local/lib/python3.10/dist-packages/px4_msgs/msg/_led_control.py\n'}
[0.858650] (px4_msgs) StdoutLine: {'line': b'-- Up-to-date: /home/jmj/pro_asp_ws/ws_px4_controls/install/px4_msgs/local/lib/python3.10/dist-packages/px4_msgs/msg/_sensor_accel.py\n'}
[0.858671] (px4_msgs) StdoutLine: {'line': b'-- Up-to-date: /home/jmj/pro_asp_ws/ws_px4_controls/install/px4_msgs/local/lib/python3.10/dist-packages/px4_msgs/msg/_estimator_status_flags.py\n'}
[0.858693] (px4_msgs) StdoutLine: {'line': b'-- Up-to-date: /home/jmj/pro_asp_ws/ws_px4_controls/install/px4_msgs/local/lib/python3.10/dist-packages/px4_msgs/msg/_esc_status_s.c\n'}
[0.858716] (px4_msgs) StdoutLine: {'line': b'-- Up-to-date: /home/jmj/pro_asp_ws/ws_px4_controls/install/px4_msgs/local/lib/python3.10/dist-packages/px4_msgs/msg/_position_controller_landing_status.py\n'}
[0.858740] (px4_msgs) StdoutLine: {'line': b'-- Up-to-date: /home/jmj/pro_asp_ws/ws_px4_controls/install/px4_msgs/local/lib/python3.10/dist-packages/px4_msgs/msg/_gpio_request.py\n'}
[0.858780] (px4_msgs) StdoutLine: {'line': b'-- Up-to-date: /home/jmj/pro_asp_ws/ws_px4_controls/install/px4_msgs/local/lib/python3.10/dist-packages/px4_msgs/msg/_gimbal_controls_s.c\n'}
[0.858806] (px4_msgs) StdoutLine: {'line': b'-- Up-to-date: /home/jmj/pro_asp_ws/ws_px4_controls/install/px4_msgs/local/lib/python3.10/dist-packages/px4_msgs/msg/_open_drone_id_arm_status.py\n'}
[0.858828] (px4_msgs) StdoutLine: {'line': b'-- Up-to-date: /home/jmj/pro_asp_ws/ws_px4_controls/install/px4_msgs/local/lib/python3.10/dist-packages/px4_msgs/msg/_gpio_config_s.c\n'}
[0.858849] (px4_msgs) StdoutLine: {'line': b'-- Up-to-date: /home/jmj/pro_asp_ws/ws_px4_controls/install/px4_msgs/local/lib/python3.10/dist-packages/px4_msgs/msg/_goto_setpoint_s.c\n'}
[0.858876] (px4_msgs) StdoutLine: {'line': b'-- Up-to-date: /home/jmj/pro_asp_ws/ws_px4_controls/install/px4_msgs/local/lib/python3.10/dist-packages/px4_msgs/msg/_rover_attitude_status_s.c\n'}
[0.858897] (px4_msgs) StdoutLine: {'line': b'-- Up-to-date: /home/jmj/pro_asp_ws/ws_px4_controls/install/px4_msgs/local/lib/python3.10/dist-packages/px4_msgs/msg/_sensor_selection.py\n'}
[0.858919] (px4_msgs) StdoutLine: {'line': b'-- Up-to-date: /home/jmj/pro_asp_ws/ws_px4_controls/install/px4_msgs/local/lib/python3.10/dist-packages/px4_msgs/msg/_sensor_gps.py\n'}
[0.858941] (px4_msgs) StdoutLine: {'line': b'-- Up-to-date: /home/jmj/pro_asp_ws/ws_px4_controls/install/px4_msgs/local/lib/python3.10/dist-packages/px4_msgs/msg/_gpio_out_s.c\n'}
[0.858964] (px4_msgs) StdoutLine: {'line': b'-- Up-to-date: /home/jmj/pro_asp_ws/ws_px4_controls/install/px4_msgs/local/lib/python3.10/dist-packages/px4_msgs/msg/_telemetry_status.py\n'}
[0.858987] (px4_msgs) StdoutLine: {'line': b'-- Up-to-date: /home/jmj/pro_asp_ws/ws_px4_controls/install/px4_msgs/local/lib/python3.10/dist-packages/px4_msgs/msg/_actuator_servos.py\n'}
[0.859010] (px4_msgs) StdoutLine: {'line': b'-- Up-to-date: /home/jmj/pro_asp_ws/ws_px4_controls/install/px4_msgs/local/lib/python3.10/dist-packages/px4_msgs/msg/_parameter_set_value_response_s.c\n'}
[0.859046] (px4_msgs) StdoutLine: {'line': b'-- Up-to-date: /home/jmj/pro_asp_ws/ws_px4_controls/install/px4_msgs/local/lib/python3.10/dist-packages/px4_msgs/msg/_actuator_armed_s.c\n'}
[0.859068] (px4_msgs) StdoutLine: {'line': b'-- Up-to-date: /home/jmj/pro_asp_ws/ws_px4_controls/install/px4_msgs/local/lib/python3.10/dist-packages/px4_msgs/msg/_mavlink_log.py\n'}
[0.859091] (px4_msgs) StdoutLine: {'line': b'-- Up-to-date: /home/jmj/pro_asp_ws/ws_px4_controls/install/px4_msgs/local/lib/python3.10/dist-packages/px4_msgs/msg/_vehicle_optical_flow_s.c\n'}
[0.859113] (px4_msgs) StdoutLine: {'line': b'-- Up-to-date: /home/jmj/pro_asp_ws/ws_px4_controls/install/px4_msgs/local/lib/python3.10/dist-packages/px4_msgs/msg/_mount_orientation_s.c\n'}
[0.859136] (px4_msgs) StdoutLine: {'line': b'-- Up-to-date: /home/jmj/pro_asp_ws/ws_px4_controls/install/px4_msgs/local/lib/python3.10/dist-packages/px4_msgs/msg/_parameter_set_value_response.py\n'}
[0.859160] (px4_msgs) StdoutLine: {'line': b"Listing '/home/jmj/pro_asp_ws/ws_px4_controls/install/px4_msgs/local/lib/python3.10/dist-packages/px4_msgs'...\n"}
[0.859193] (px4_msgs) StdoutLine: {'line': b"Listing '/home/jmj/pro_asp_ws/ws_px4_controls/install/px4_msgs/local/lib/python3.10/dist-packages/px4_msgs/msg'...\n"}
[0.859215] (px4_msgs) StdoutLine: {'line': b"Listing '/home/jmj/pro_asp_ws/ws_px4_controls/install/px4_msgs/local/lib/python3.10/dist-packages/px4_msgs/srv'...\n"}
[0.859239] (px4_msgs) StdoutLine: {'line': b'-- Up-to-date: /home/jmj/pro_asp_ws/ws_px4_controls/install/px4_msgs/local/lib/python3.10/dist-packages/px4_msgs/px4_msgs_s__rosidl_typesupport_fastrtps_c.cpython-310-x86_64-linux-gnu.so\n'}
[0.859262] (px4_msgs) StdoutLine: {'line': b'-- Up-to-date: /home/jmj/pro_asp_ws/ws_px4_controls/install/px4_msgs/local/lib/python3.10/dist-packages/px4_msgs/px4_msgs_s__rosidl_typesupport_introspection_c.cpython-310-x86_64-linux-gnu.so\n'}
[0.859287] (px4_msgs) StdoutLine: {'line': b'-- Up-to-date: /home/jmj/pro_asp_ws/ws_px4_controls/install/px4_msgs/local/lib/python3.10/dist-packages/px4_msgs/px4_msgs_s__rosidl_typesupport_c.cpython-310-x86_64-linux-gnu.so\n'}
[0.859313] (px4_msgs) StdoutLine: {'line': b'-- Up-to-date: /home/jmj/pro_asp_ws/ws_px4_controls/install/px4_msgs/lib/libpx4_msgs__rosidl_generator_py.so\n'}
[0.859337] (px4_msgs) StdoutLine: {'line': b'-- Up-to-date: /home/jmj/pro_asp_ws/ws_px4_controls/install/px4_msgs/share/px4_msgs/msg/ActionRequest.idl\n'}
[0.859362] (px4_msgs) StdoutLine: {'line': b'-- Up-to-date: /home/jmj/pro_asp_ws/ws_px4_controls/install/px4_msgs/share/px4_msgs/msg/ActuatorArmed.idl\n'}
[0.859388] (px4_msgs) StdoutLine: {'line': b'-- Up-to-date: /home/jmj/pro_asp_ws/ws_px4_controls/install/px4_msgs/share/px4_msgs/msg/ActuatorControlsStatus.idl\n'}
[0.859421] (px4_msgs) StdoutLine: {'line': b'-- Up-to-date: /home/jmj/pro_asp_ws/ws_px4_controls/install/px4_msgs/share/px4_msgs/msg/ActuatorMotors.idl\n'}
[0.859451] (px4_msgs) StdoutLine: {'line': b'-- Up-to-date: /home/jmj/pro_asp_ws/ws_px4_controls/install/px4_msgs/share/px4_msgs/msg/ActuatorOutputs.idl\n'}
[0.859479] (px4_msgs) StdoutLine: {'line': b'-- Up-to-date: /home/jmj/pro_asp_ws/ws_px4_controls/install/px4_msgs/share/px4_msgs/msg/ActuatorServos.idl\n'}
[0.859507] (px4_msgs) StdoutLine: {'line': b'-- Up-to-date: /home/jmj/pro_asp_ws/ws_px4_controls/install/px4_msgs/share/px4_msgs/msg/ActuatorServosTrim.idl\n'}
[0.859534] (px4_msgs) StdoutLine: {'line': b'-- Up-to-date: /home/jmj/pro_asp_ws/ws_px4_controls/install/px4_msgs/share/px4_msgs/msg/ActuatorTest.idl\n'}
[0.859565] (px4_msgs) StdoutLine: {'line': b'-- Up-to-date: /home/jmj/pro_asp_ws/ws_px4_controls/install/px4_msgs/share/px4_msgs/msg/AdcReport.idl\n'}
[0.859677] (px4_msgs) StdoutLine: {'line': b'-- Up-to-date: /home/jmj/pro_asp_ws/ws_px4_controls/install/px4_msgs/share/px4_msgs/msg/Airspeed.idl\n'}
[0.859756] (px4_msgs) StdoutLine: {'line': b'-- Up-to-date: /home/jmj/pro_asp_ws/ws_px4_controls/install/px4_msgs/share/px4_msgs/msg/AirspeedValidated.idl\n'}
[0.859811] (px4_msgs) StdoutLine: {'line': b'-- Up-to-date: /home/jmj/pro_asp_ws/ws_px4_controls/install/px4_msgs/share/px4_msgs/msg/AirspeedWind.idl\n'}
[0.859837] (px4_msgs) StdoutLine: {'line': b'-- Up-to-date: /home/jmj/pro_asp_ws/ws_px4_controls/install/px4_msgs/share/px4_msgs/msg/ArmingCheckReply.idl\n'}
[0.859860] (px4_msgs) StdoutLine: {'line': b'-- Up-to-date: /home/jmj/pro_asp_ws/ws_px4_controls/install/px4_msgs/share/px4_msgs/msg/ArmingCheckRequest.idl\n'}
[0.859889] (px4_msgs) StdoutLine: {'line': b'-- Up-to-date: /home/jmj/pro_asp_ws/ws_px4_controls/install/px4_msgs/share/px4_msgs/msg/AutotuneAttitudeControlStatus.idl\n'}
[0.859914] (px4_msgs) StdoutLine: {'line': b'-- Up-to-date: /home/jmj/pro_asp_ws/ws_px4_controls/install/px4_msgs/share/px4_msgs/msg/BatteryStatus.idl\n'}
[0.859937] (px4_msgs) StdoutLine: {'line': b'-- Up-to-date: /home/jmj/pro_asp_ws/ws_px4_controls/install/px4_msgs/share/px4_msgs/msg/ButtonEvent.idl\n'}
[0.859960] (px4_msgs) StdoutLine: {'line': b'-- Up-to-date: /home/jmj/pro_asp_ws/ws_px4_controls/install/px4_msgs/share/px4_msgs/msg/CameraCapture.idl\n'}
[0.859999] (px4_msgs) StdoutLine: {'line': b'-- Up-to-date: /home/jmj/pro_asp_ws/ws_px4_controls/install/px4_msgs/share/px4_msgs/msg/CameraStatus.idl\n'}
[0.860022] (px4_msgs) StdoutLine: {'line': b'-- Up-to-date: /home/jmj/pro_asp_ws/ws_px4_controls/install/px4_msgs/share/px4_msgs/msg/CameraTrigger.idl\n'}
[0.860046] (px4_msgs) StdoutLine: {'line': b'-- Up-to-date: /home/jmj/pro_asp_ws/ws_px4_controls/install/px4_msgs/share/px4_msgs/msg/CanInterfaceStatus.idl\n'}
[0.860068] (px4_msgs) StdoutLine: {'line': b'-- Up-to-date: /home/jmj/pro_asp_ws/ws_px4_controls/install/px4_msgs/share/px4_msgs/msg/CellularStatus.idl\n'}
[0.860091] (px4_msgs) StdoutLine: {'line': b'-- Up-to-date: /home/jmj/pro_asp_ws/ws_px4_controls/install/px4_msgs/share/px4_msgs/msg/CollisionConstraints.idl\n'}
[0.860113] (px4_msgs) StdoutLine: {'line': b'-- Up-to-date: /home/jmj/pro_asp_ws/ws_px4_controls/install/px4_msgs/share/px4_msgs/msg/ConfigOverrides.idl\n'}
[0.860134] (px4_msgs) StdoutLine: {'line': b'-- Up-to-date: /home/jmj/pro_asp_ws/ws_px4_controls/install/px4_msgs/share/px4_msgs/msg/ControlAllocatorStatus.idl\n'}
[0.860156] (px4_msgs) StdoutLine: {'line': b'-- Up-to-date: /home/jmj/pro_asp_ws/ws_px4_controls/install/px4_msgs/share/px4_msgs/msg/Cpuload.idl\n'}
[0.860180] (px4_msgs) StdoutLine: {'line': b'-- Up-to-date: /home/jmj/pro_asp_ws/ws_px4_controls/install/px4_msgs/share/px4_msgs/msg/DatamanRequest.idl\n'}
[0.860205] (px4_msgs) StdoutLine: {'line': b'-- Up-to-date: /home/jmj/pro_asp_ws/ws_px4_controls/install/px4_msgs/share/px4_msgs/msg/DatamanResponse.idl\n'}
[0.860290] (px4_msgs) StdoutLine: {'line': b'-- Up-to-date: /home/jmj/pro_asp_ws/ws_px4_controls/install/px4_msgs/share/px4_msgs/msg/DebugArray.idl\n'}
[0.860335] (px4_msgs) StdoutLine: {'line': b'-- Up-to-date: /home/jmj/pro_asp_ws/ws_px4_controls/install/px4_msgs/share/px4_msgs/msg/DebugKeyValue.idl\n'}
[0.860362] (px4_msgs) StdoutLine: {'line': b'-- Up-to-date: /home/jmj/pro_asp_ws/ws_px4_controls/install/px4_msgs/share/px4_msgs/msg/DebugValue.idl\n'}
[0.860386] (px4_msgs) StdoutLine: {'line': b'-- Up-to-date: /home/jmj/pro_asp_ws/ws_px4_controls/install/px4_msgs/share/px4_msgs/msg/DebugVect.idl\n'}
[0.860410] (px4_msgs) StdoutLine: {'line': b'-- Up-to-date: /home/jmj/pro_asp_ws/ws_px4_controls/install/px4_msgs/share/px4_msgs/msg/DifferentialPressure.idl\n'}
[0.860435] (px4_msgs) StdoutLine: {'line': b'-- Up-to-date: /home/jmj/pro_asp_ws/ws_px4_controls/install/px4_msgs/share/px4_msgs/msg/DistanceSensor.idl\n'}
[0.860460] (px4_msgs) StdoutLine: {'line': b'-- Up-to-date: /home/jmj/pro_asp_ws/ws_px4_controls/install/px4_msgs/share/px4_msgs/msg/DistanceSensorModeChangeRequest.idl\n'}
[0.860485] (px4_msgs) StdoutLine: {'line': b'-- Up-to-date: /home/jmj/pro_asp_ws/ws_px4_controls/install/px4_msgs/share/px4_msgs/msg/Ekf2Timestamps.idl\n'}
[0.860509] (px4_msgs) StdoutLine: {'line': b'-- Up-to-date: /home/jmj/pro_asp_ws/ws_px4_controls/install/px4_msgs/share/px4_msgs/msg/EscReport.idl\n'}
[0.860541] (px4_msgs) StdoutLine: {'line': b'-- Up-to-date: /home/jmj/pro_asp_ws/ws_px4_controls/install/px4_msgs/share/px4_msgs/msg/EscStatus.idl\n'}
[0.860564] (px4_msgs) StdoutLine: {'line': b'-- Up-to-date: /home/jmj/pro_asp_ws/ws_px4_controls/install/px4_msgs/share/px4_msgs/msg/EstimatorAidSource1d.idl\n'}
[0.860586] (px4_msgs) StdoutLine: {'line': b'-- Up-to-date: /home/jmj/pro_asp_ws/ws_px4_controls/install/px4_msgs/share/px4_msgs/msg/EstimatorAidSource2d.idl\n'}
[0.860609] (px4_msgs) StdoutLine: {'line': b'-- Up-to-date: /home/jmj/pro_asp_ws/ws_px4_controls/install/px4_msgs/share/px4_msgs/msg/EstimatorAidSource3d.idl\n'}
[0.860632] (px4_msgs) StdoutLine: {'line': b'-- Up-to-date: /home/jmj/pro_asp_ws/ws_px4_controls/install/px4_msgs/share/px4_msgs/msg/EstimatorBias.idl\n'}
[0.860654] (px4_msgs) StdoutLine: {'line': b'-- Up-to-date: /home/jmj/pro_asp_ws/ws_px4_controls/install/px4_msgs/share/px4_msgs/msg/EstimatorBias3d.idl\n'}
[0.860677] (px4_msgs) StdoutLine: {'line': b'-- Up-to-date: /home/jmj/pro_asp_ws/ws_px4_controls/install/px4_msgs/share/px4_msgs/msg/EstimatorEventFlags.idl\n'}
[0.860701] (px4_msgs) StdoutLine: {'line': b'-- Up-to-date: /home/jmj/pro_asp_ws/ws_px4_controls/install/px4_msgs/share/px4_msgs/msg/EstimatorGpsStatus.idl\n'}
[0.860726] (px4_msgs) StdoutLine: {'line': b'-- Up-to-date: /home/jmj/pro_asp_ws/ws_px4_controls/install/px4_msgs/share/px4_msgs/msg/EstimatorInnovations.idl\n'}
[0.860751] (px4_msgs) StdoutLine: {'line': b'-- Up-to-date: /home/jmj/pro_asp_ws/ws_px4_controls/install/px4_msgs/share/px4_msgs/msg/EstimatorSelectorStatus.idl\n'}
[0.860838] (px4_msgs) StdoutLine: {'line': b'-- Up-to-date: /home/jmj/pro_asp_ws/ws_px4_controls/install/px4_msgs/share/px4_msgs/msg/EstimatorSensorBias.idl\n'}
[0.860881] (px4_msgs) StdoutLine: {'line': b'-- Up-to-date: /home/jmj/pro_asp_ws/ws_px4_controls/install/px4_msgs/share/px4_msgs/msg/EstimatorStates.idl\n'}
[0.860909] (px4_msgs) StdoutLine: {'line': b'-- Up-to-date: /home/jmj/pro_asp_ws/ws_px4_controls/install/px4_msgs/share/px4_msgs/msg/EstimatorStatus.idl\n'}
[0.860934] (px4_msgs) StdoutLine: {'line': b'-- Up-to-date: /home/jmj/pro_asp_ws/ws_px4_controls/install/px4_msgs/share/px4_msgs/msg/EstimatorStatusFlags.idl\n'}
[0.860969] (px4_msgs) StdoutLine: {'line': b'-- Up-to-date: /home/jmj/pro_asp_ws/ws_px4_controls/install/px4_msgs/share/px4_msgs/msg/Event.idl\n'}
[0.860992] (px4_msgs) StdoutLine: {'line': b'-- Up-to-date: /home/jmj/pro_asp_ws/ws_px4_controls/install/px4_msgs/share/px4_msgs/msg/FailsafeFlags.idl\n'}
[0.861019] (px4_msgs) StdoutLine: {'line': b'-- Up-to-date: /home/jmj/pro_asp_ws/ws_px4_controls/install/px4_msgs/share/px4_msgs/msg/FailureDetectorStatus.idl\n'}
[0.861043] (px4_msgs) StdoutLine: {'line': b'-- Up-to-date: /home/jmj/pro_asp_ws/ws_px4_controls/install/px4_msgs/share/px4_msgs/msg/FigureEightStatus.idl\n'}
[0.861079] (px4_msgs) StdoutLine: {'line': b'-- Up-to-date: /home/jmj/pro_asp_ws/ws_px4_controls/install/px4_msgs/share/px4_msgs/msg/FixedWingLateralGuidanceStatus.idl\n'}
[0.861102] (px4_msgs) StdoutLine: {'line': b'-- Up-to-date: /home/jmj/pro_asp_ws/ws_px4_controls/install/px4_msgs/share/px4_msgs/msg/FixedWingLateralSetpoint.idl\n'}
[0.861124] (px4_msgs) StdoutLine: {'line': b'-- Up-to-date: /home/jmj/pro_asp_ws/ws_px4_controls/install/px4_msgs/share/px4_msgs/msg/FixedWingLateralStatus.idl\n'}
[0.861147] (px4_msgs) StdoutLine: {'line': b'-- Up-to-date: /home/jmj/pro_asp_ws/ws_px4_controls/install/px4_msgs/share/px4_msgs/msg/FixedWingLongitudinalSetpoint.idl\n'}
[0.861169] (px4_msgs) StdoutLine: {'line': b'-- Up-to-date: /home/jmj/pro_asp_ws/ws_px4_controls/install/px4_msgs/share/px4_msgs/msg/FixedWingRunwayControl.idl\n'}
[0.861191] (px4_msgs) StdoutLine: {'line': b'-- Up-to-date: /home/jmj/pro_asp_ws/ws_px4_controls/install/px4_msgs/share/px4_msgs/msg/FlightPhaseEstimation.idl\n'}
[0.861216] (px4_msgs) StdoutLine: {'line': b'-- Up-to-date: /home/jmj/pro_asp_ws/ws_px4_controls/install/px4_msgs/share/px4_msgs/msg/FollowTarget.idl\n'}
[0.861238] (px4_msgs) StdoutLine: {'line': b'-- Up-to-date: /home/jmj/pro_asp_ws/ws_px4_controls/install/px4_msgs/share/px4_msgs/msg/FollowTargetEstimator.idl\n'}
[0.861266] (px4_msgs) StdoutLine: {'line': b'-- Up-to-date: /home/jmj/pro_asp_ws/ws_px4_controls/install/px4_msgs/share/px4_msgs/msg/FollowTargetStatus.idl\n'}
[0.861291] (px4_msgs) StdoutLine: {'line': b'-- Up-to-date: /home/jmj/pro_asp_ws/ws_px4_controls/install/px4_msgs/share/px4_msgs/msg/FuelTankStatus.idl\n'}
[0.861314] (px4_msgs) StdoutLine: {'line': b'-- Up-to-date: /home/jmj/pro_asp_ws/ws_px4_controls/install/px4_msgs/share/px4_msgs/msg/GeneratorStatus.idl\n'}
[0.861338] (px4_msgs) StdoutLine: {'line': b'-- Up-to-date: /home/jmj/pro_asp_ws/ws_px4_controls/install/px4_msgs/share/px4_msgs/msg/GeofenceResult.idl\n'}
[0.861361] (px4_msgs) StdoutLine: {'line': b'-- Up-to-date: /home/jmj/pro_asp_ws/ws_px4_controls/install/px4_msgs/share/px4_msgs/msg/GeofenceStatus.idl\n'}
[0.861385] (px4_msgs) StdoutLine: {'line': b'-- Up-to-date: /home/jmj/pro_asp_ws/ws_px4_controls/install/px4_msgs/share/px4_msgs/msg/GimbalControls.idl\n'}
[0.861409] (px4_msgs) StdoutLine: {'line': b'-- Up-to-date: /home/jmj/pro_asp_ws/ws_px4_controls/install/px4_msgs/share/px4_msgs/msg/GimbalDeviceAttitudeStatus.idl\n'}
[0.861433] (px4_msgs) StdoutLine: {'line': b'-- Up-to-date: /home/jmj/pro_asp_ws/ws_px4_controls/install/px4_msgs/share/px4_msgs/msg/GimbalDeviceInformation.idl\n'}
[0.861458] (px4_msgs) StdoutLine: {'line': b'-- Up-to-date: /home/jmj/pro_asp_ws/ws_px4_controls/install/px4_msgs/share/px4_msgs/msg/GimbalDeviceSetAttitude.idl\n'}
[0.861481] (px4_msgs) StdoutLine: {'line': b'-- Up-to-date: /home/jmj/pro_asp_ws/ws_px4_controls/install/px4_msgs/share/px4_msgs/msg/GimbalManagerInformation.idl\n'}
[0.861505] (px4_msgs) StdoutLine: {'line': b'-- Up-to-date: /home/jmj/pro_asp_ws/ws_px4_controls/install/px4_msgs/share/px4_msgs/msg/GimbalManagerSetAttitude.idl\n'}
[0.861529] (px4_msgs) StdoutLine: {'line': b'-- Up-to-date: /home/jmj/pro_asp_ws/ws_px4_controls/install/px4_msgs/share/px4_msgs/msg/GimbalManagerSetManualControl.idl\n'}
[0.861553] (px4_msgs) StdoutLine: {'line': b'-- Up-to-date: /home/jmj/pro_asp_ws/ws_px4_controls/install/px4_msgs/share/px4_msgs/msg/GimbalManagerStatus.idl\n'}
[0.861576] (px4_msgs) StdoutLine: {'line': b'-- Up-to-date: /home/jmj/pro_asp_ws/ws_px4_controls/install/px4_msgs/share/px4_msgs/msg/GotoSetpoint.idl\n'}
[0.861600] (px4_msgs) StdoutLine: {'line': b'-- Up-to-date: /home/jmj/pro_asp_ws/ws_px4_controls/install/px4_msgs/share/px4_msgs/msg/GpioConfig.idl\n'}
[0.861623] (px4_msgs) StdoutLine: {'line': b'-- Up-to-date: /home/jmj/pro_asp_ws/ws_px4_controls/install/px4_msgs/share/px4_msgs/msg/GpioIn.idl\n'}
[0.861730] (px4_msgs) StdoutLine: {'line': b'-- Up-to-date: /home/jmj/pro_asp_ws/ws_px4_controls/install/px4_msgs/share/px4_msgs/msg/GpioOut.idl\n'}
[0.861754] (px4_msgs) StdoutLine: {'line': b'-- Up-to-date: /home/jmj/pro_asp_ws/ws_px4_controls/install/px4_msgs/share/px4_msgs/msg/GpioRequest.idl\n'}
[0.861785] (px4_msgs) StdoutLine: {'line': b'-- Up-to-date: /home/jmj/pro_asp_ws/ws_px4_controls/install/px4_msgs/share/px4_msgs/msg/GpsDump.idl\n'}
[0.861808] (px4_msgs) StdoutLine: {'line': b'-- Up-to-date: /home/jmj/pro_asp_ws/ws_px4_controls/install/px4_msgs/share/px4_msgs/msg/GpsInjectData.idl\n'}
[0.861832] (px4_msgs) StdoutLine: {'line': b'-- Up-to-date: /home/jmj/pro_asp_ws/ws_px4_controls/install/px4_msgs/share/px4_msgs/msg/Gripper.idl\n'}
[0.861855] (px4_msgs) StdoutLine: {'line': b'-- Up-to-date: /home/jmj/pro_asp_ws/ws_px4_controls/install/px4_msgs/share/px4_msgs/msg/HealthReport.idl\n'}
[0.861877] (px4_msgs) StdoutLine: {'line': b'-- Up-to-date: /home/jmj/pro_asp_ws/ws_px4_controls/install/px4_msgs/share/px4_msgs/msg/HeaterStatus.idl\n'}
[0.861898] (px4_msgs) StdoutLine: {'line': b'-- Up-to-date: /home/jmj/pro_asp_ws/ws_px4_controls/install/px4_msgs/share/px4_msgs/msg/HomePosition.idl\n'}
[0.861920] (px4_msgs) StdoutLine: {'line': b'-- Up-to-date: /home/jmj/pro_asp_ws/ws_px4_controls/install/px4_msgs/share/px4_msgs/msg/HoverThrustEstimate.idl\n'}
[0.861955] (px4_msgs) StdoutLine: {'line': b'-- Up-to-date: /home/jmj/pro_asp_ws/ws_px4_controls/install/px4_msgs/share/px4_msgs/msg/InputRc.idl\n'}
[0.861981] (px4_msgs) StdoutLine: {'line': b'-- Up-to-date: /home/jmj/pro_asp_ws/ws_px4_controls/install/px4_msgs/share/px4_msgs/msg/InternalCombustionEngineControl.idl\n'}
[0.862004] (px4_msgs) StdoutLine: {'line': b'-- Up-to-date: /home/jmj/pro_asp_ws/ws_px4_controls/install/px4_msgs/share/px4_msgs/msg/InternalCombustionEngineStatus.idl\n'}
[0.862027] (px4_msgs) StdoutLine: {'line': b'-- Up-to-date: /home/jmj/pro_asp_ws/ws_px4_controls/install/px4_msgs/share/px4_msgs/msg/IridiumsbdStatus.idl\n'}
[0.862053] (px4_msgs) StdoutLine: {'line': b'-- Up-to-date: /home/jmj/pro_asp_ws/ws_px4_controls/install/px4_msgs/share/px4_msgs/msg/IrlockReport.idl\n'}
[0.862121] (px4_msgs) StdoutLine: {'line': b'-- Up-to-date: /home/jmj/pro_asp_ws/ws_px4_controls/install/px4_msgs/share/px4_msgs/msg/LandingGear.idl\n'}
[0.862153] (px4_msgs) StdoutLine: {'line': b'-- Up-to-date: /home/jmj/pro_asp_ws/ws_px4_controls/install/px4_msgs/share/px4_msgs/msg/LandingGearWheel.idl\n'}
[0.862180] (px4_msgs) StdoutLine: {'line': b'-- Up-to-date: /home/jmj/pro_asp_ws/ws_px4_controls/install/px4_msgs/share/px4_msgs/msg/LandingTargetInnovations.idl\n'}
[0.862206] (px4_msgs) StdoutLine: {'line': b'-- Up-to-date: /home/jmj/pro_asp_ws/ws_px4_controls/install/px4_msgs/share/px4_msgs/msg/LandingTargetPose.idl\n'}
[0.862229] (px4_msgs) StdoutLine: {'line': b'-- Up-to-date: /home/jmj/pro_asp_ws/ws_px4_controls/install/px4_msgs/share/px4_msgs/msg/LateralControlConfiguration.idl\n'}
[0.862254] (px4_msgs) StdoutLine: {'line': b'-- Up-to-date: /home/jmj/pro_asp_ws/ws_px4_controls/install/px4_msgs/share/px4_msgs/msg/LaunchDetectionStatus.idl\n'}
[0.862304] (px4_msgs) StdoutLine: {'line': b'-- Up-to-date: /home/jmj/pro_asp_ws/ws_px4_controls/install/px4_msgs/share/px4_msgs/msg/LedControl.idl\n'}
[0.862328] (px4_msgs) StdoutLine: {'line': b'-- Up-to-date: /home/jmj/pro_asp_ws/ws_px4_controls/install/px4_msgs/share/px4_msgs/msg/LogMessage.idl\n'}
[0.862349] (px4_msgs) StdoutLine: {'line': b'-- Up-to-date: /home/jmj/pro_asp_ws/ws_px4_controls/install/px4_msgs/share/px4_msgs/msg/LoggerStatus.idl\n'}
[0.862372] (px4_msgs) StdoutLine: {'line': b'-- Up-to-date: /home/jmj/pro_asp_ws/ws_px4_controls/install/px4_msgs/share/px4_msgs/msg/LongitudinalControlConfiguration.idl\n'}
[0.862394] (px4_msgs) StdoutLine: {'line': b'-- Up-to-date: /home/jmj/pro_asp_ws/ws_px4_controls/install/px4_msgs/share/px4_msgs/msg/MagWorkerData.idl\n'}
[0.862417] (px4_msgs) StdoutLine: {'line': b'-- Up-to-date: /home/jmj/pro_asp_ws/ws_px4_controls/install/px4_msgs/share/px4_msgs/msg/MagnetometerBiasEstimate.idl\n'}
[0.862441] (px4_msgs) StdoutLine: {'line': b'-- Up-to-date: /home/jmj/pro_asp_ws/ws_px4_controls/install/px4_msgs/share/px4_msgs/msg/ManualControlSetpoint.idl\n'}
[0.862475] (px4_msgs) StdoutLine: {'line': b'-- Up-to-date: /home/jmj/pro_asp_ws/ws_px4_controls/install/px4_msgs/share/px4_msgs/msg/ManualControlSwitches.idl\n'}
[0.862499] (px4_msgs) StdoutLine: {'line': b'-- Up-to-date: /home/jmj/pro_asp_ws/ws_px4_controls/install/px4_msgs/share/px4_msgs/msg/MavlinkLog.idl\n'}
[0.862521] (px4_msgs) StdoutLine: {'line': b'-- Up-to-date: /home/jmj/pro_asp_ws/ws_px4_controls/install/px4_msgs/share/px4_msgs/msg/MavlinkTunnel.idl\n'}
[0.862543] (px4_msgs) StdoutLine: {'line': b'-- Up-to-date: /home/jmj/pro_asp_ws/ws_px4_controls/install/px4_msgs/share/px4_msgs/msg/MessageFormatRequest.idl\n'}
[0.862566] (px4_msgs) StdoutLine: {'line': b'-- Up-to-date: /home/jmj/pro_asp_ws/ws_px4_controls/install/px4_msgs/share/px4_msgs/msg/MessageFormatResponse.idl\n'}
[0.862588] (px4_msgs) StdoutLine: {'line': b'-- Up-to-date: /home/jmj/pro_asp_ws/ws_px4_controls/install/px4_msgs/share/px4_msgs/msg/Mission.idl\n'}
[0.862611] (px4_msgs) StdoutLine: {'line': b'-- Up-to-date: /home/jmj/pro_asp_ws/ws_px4_controls/install/px4_msgs/share/px4_msgs/msg/MissionResult.idl\n'}
[0.862633] (px4_msgs) StdoutLine: {'line': b'-- Up-to-date: /home/jmj/pro_asp_ws/ws_px4_controls/install/px4_msgs/share/px4_msgs/msg/ModeCompleted.idl\n'}
[0.862655] (px4_msgs) StdoutLine: {'line': b'-- Up-to-date: /home/jmj/pro_asp_ws/ws_px4_controls/install/px4_msgs/share/px4_msgs/msg/MountOrientation.idl\n'}
[0.862681] (px4_msgs) StdoutLine: {'line': b'-- Up-to-date: /home/jmj/pro_asp_ws/ws_px4_controls/install/px4_msgs/share/px4_msgs/msg/NavigatorMissionItem.idl\n'}
[0.862733] (px4_msgs) StdoutLine: {'line': b'-- Up-to-date: /home/jmj/pro_asp_ws/ws_px4_controls/install/px4_msgs/share/px4_msgs/msg/NavigatorStatus.idl\n'}
[0.862802] (px4_msgs) StdoutLine: {'line': b'-- Up-to-date: /home/jmj/pro_asp_ws/ws_px4_controls/install/px4_msgs/share/px4_msgs/msg/NormalizedUnsignedSetpoint.idl\n'}
[0.862831] (px4_msgs) StdoutLine: {'line': b'-- Up-to-date: /home/jmj/pro_asp_ws/ws_px4_controls/install/px4_msgs/share/px4_msgs/msg/ObstacleDistance.idl\n'}
[0.862889] (px4_msgs) StdoutLine: {'line': b'-- Up-to-date: /home/jmj/pro_asp_ws/ws_px4_controls/install/px4_msgs/share/px4_msgs/msg/OffboardControlMode.idl\n'}
[0.862913] (px4_msgs) StdoutLine: {'line': b'-- Up-to-date: /home/jmj/pro_asp_ws/ws_px4_controls/install/px4_msgs/share/px4_msgs/msg/OnboardComputerStatus.idl\n'}
[0.862937] (px4_msgs) StdoutLine: {'line': b'-- Up-to-date: /home/jmj/pro_asp_ws/ws_px4_controls/install/px4_msgs/share/px4_msgs/msg/OpenDroneIdArmStatus.idl\n'}
[0.862960] (px4_msgs) StdoutLine: {'line': b'-- Up-to-date: /home/jmj/pro_asp_ws/ws_px4_controls/install/px4_msgs/share/px4_msgs/msg/OpenDroneIdOperatorId.idl\n'}
[0.862982] (px4_msgs) StdoutLine: {'line': b'-- Up-to-date: /home/jmj/pro_asp_ws/ws_px4_controls/install/px4_msgs/share/px4_msgs/msg/OpenDroneIdSelfId.idl\n'}
[0.863006] (px4_msgs) StdoutLine: {'line': b'-- Up-to-date: /home/jmj/pro_asp_ws/ws_px4_controls/install/px4_msgs/share/px4_msgs/msg/OpenDroneIdSystem.idl\n'}
[0.863178] (px4_msgs) StdoutLine: {'line': b'-- Up-to-date: /home/jmj/pro_asp_ws/ws_px4_controls/install/px4_msgs/share/px4_msgs/msg/OrbTest.idl\n'}
[0.863204] (px4_msgs) StdoutLine: {'line': b'-- Up-to-date: /home/jmj/pro_asp_ws/ws_px4_controls/install/px4_msgs/share/px4_msgs/msg/OrbTestLarge.idl\n'}
[0.863228] (px4_msgs) StdoutLine: {'line': b'-- Up-to-date: /home/jmj/pro_asp_ws/ws_px4_controls/install/px4_msgs/share/px4_msgs/msg/OrbTestMedium.idl\n'}
[0.863251] (px4_msgs) StdoutLine: {'line': b'-- Up-to-date: /home/jmj/pro_asp_ws/ws_px4_controls/install/px4_msgs/share/px4_msgs/msg/OrbitStatus.idl\n'}
[0.863276] (px4_msgs) StdoutLine: {'line': b'-- Up-to-date: /home/jmj/pro_asp_ws/ws_px4_controls/install/px4_msgs/share/px4_msgs/msg/ParameterResetRequest.idl\n'}
[0.863342] (px4_msgs) StdoutLine: {'line': b'-- Up-to-date: /home/jmj/pro_asp_ws/ws_px4_controls/install/px4_msgs/share/px4_msgs/msg/ParameterSetUsedRequest.idl\n'}
[0.863395] (px4_msgs) StdoutLine: {'line': b'-- Up-to-date: /home/jmj/pro_asp_ws/ws_px4_controls/install/px4_msgs/share/px4_msgs/msg/ParameterSetValueRequest.idl\n'}
[0.863425] (px4_msgs) StdoutLine: {'line': b'-- Up-to-date: /home/jmj/pro_asp_ws/ws_px4_controls/install/px4_msgs/share/px4_msgs/msg/ParameterSetValueResponse.idl\n'}
[0.863451] (px4_msgs) StdoutLine: {'line': b'-- Up-to-date: /home/jmj/pro_asp_ws/ws_px4_controls/install/px4_msgs/share/px4_msgs/msg/ParameterUpdate.idl\n'}
[0.863476] (px4_msgs) StdoutLine: {'line': b'-- Up-to-date: /home/jmj/pro_asp_ws/ws_px4_controls/install/px4_msgs/share/px4_msgs/msg/Ping.idl\n'}
[0.863503] (px4_msgs) StdoutLine: {'line': b'-- Up-to-date: /home/jmj/pro_asp_ws/ws_px4_controls/install/px4_msgs/share/px4_msgs/msg/PositionControllerLandingStatus.idl\n'}
[0.863527] (px4_msgs) StdoutLine: {'line': b'-- Up-to-date: /home/jmj/pro_asp_ws/ws_px4_controls/install/px4_msgs/share/px4_msgs/msg/PositionControllerStatus.idl\n'}
[0.863551] (px4_msgs) StdoutLine: {'line': b'-- Up-to-date: /home/jmj/pro_asp_ws/ws_px4_controls/install/px4_msgs/share/px4_msgs/msg/PositionSetpoint.idl\n'}
[0.863575] (px4_msgs) StdoutLine: {'line': b'-- Up-to-date: /home/jmj/pro_asp_ws/ws_px4_controls/install/px4_msgs/share/px4_msgs/msg/PositionSetpointTriplet.idl\n'}
[0.863599] (px4_msgs) StdoutLine: {'line': b'-- Up-to-date: /home/jmj/pro_asp_ws/ws_px4_controls/install/px4_msgs/share/px4_msgs/msg/PowerButtonState.idl\n'}
[0.863704] (px4_msgs) StdoutLine: {'line': b'-- Up-to-date: /home/jmj/pro_asp_ws/ws_px4_controls/install/px4_msgs/share/px4_msgs/msg/PowerMonitor.idl\n'}
[0.863738] (px4_msgs) StdoutLine: {'line': b'-- Up-to-date: /home/jmj/pro_asp_ws/ws_px4_controls/install/px4_msgs/share/px4_msgs/msg/PpsCapture.idl\n'}
[0.863807] (px4_msgs) StdoutLine: {'line': b'-- Up-to-date: /home/jmj/pro_asp_ws/ws_px4_controls/install/px4_msgs/share/px4_msgs/msg/PurePursuitStatus.idl\n'}
[0.863880] (px4_msgs) StdoutLine: {'line': b'-- Up-to-date: /home/jmj/pro_asp_ws/ws_px4_controls/install/px4_msgs/share/px4_msgs/msg/PwmInput.idl\n'}
[0.863921] (px4_msgs) StdoutLine: {'line': b'-- Up-to-date: /home/jmj/pro_asp_ws/ws_px4_controls/install/px4_msgs/share/px4_msgs/msg/Px4ioStatus.idl\n'}
[0.863951] (px4_msgs) StdoutLine: {'line': b'-- Up-to-date: /home/jmj/pro_asp_ws/ws_px4_controls/install/px4_msgs/share/px4_msgs/msg/QshellReq.idl\n'}
[0.863977] (px4_msgs) StdoutLine: {'line': b'-- Up-to-date: /home/jmj/pro_asp_ws/ws_px4_controls/install/px4_msgs/share/px4_msgs/msg/QshellRetval.idl\n'}
[0.864001] (px4_msgs) StdoutLine: {'line': b'-- Up-to-date: /home/jmj/pro_asp_ws/ws_px4_controls/install/px4_msgs/share/px4_msgs/msg/RadioStatus.idl\n'}
[0.864048] (px4_msgs) StdoutLine: {'line': b'-- Up-to-date: /home/jmj/pro_asp_ws/ws_px4_controls/install/px4_msgs/share/px4_msgs/msg/RateCtrlStatus.idl\n'}
[0.864076] (px4_msgs) StdoutLine: {'line': b'-- Up-to-date: /home/jmj/pro_asp_ws/ws_px4_controls/install/px4_msgs/share/px4_msgs/msg/RcChannels.idl\n'}
[0.864100] (px4_msgs) StdoutLine: {'line': b'-- Up-to-date: /home/jmj/pro_asp_ws/ws_px4_controls/install/px4_msgs/share/px4_msgs/msg/RcParameterMap.idl\n'}
[0.864125] (px4_msgs) StdoutLine: {'line': b'-- Up-to-date: /home/jmj/pro_asp_ws/ws_px4_controls/install/px4_msgs/share/px4_msgs/msg/RegisterExtComponentReply.idl\n'}
[0.864147] (px4_msgs) StdoutLine: {'line': b'-- Up-to-date: /home/jmj/pro_asp_ws/ws_px4_controls/install/px4_msgs/share/px4_msgs/msg/RegisterExtComponentRequest.idl\n'}
[0.864172] (px4_msgs) StdoutLine: {'line': b'-- Up-to-date: /home/jmj/pro_asp_ws/ws_px4_controls/install/px4_msgs/share/px4_msgs/msg/RoverAttitudeSetpoint.idl\n'}
[0.864202] (px4_msgs) StdoutLine: {'line': b'-- Up-to-date: /home/jmj/pro_asp_ws/ws_px4_controls/install/px4_msgs/share/px4_msgs/msg/RoverAttitudeStatus.idl\n'}
[0.864229] (px4_msgs) StdoutLine: {'line': b'-- Up-to-date: /home/jmj/pro_asp_ws/ws_px4_controls/install/px4_msgs/share/px4_msgs/msg/RoverPositionSetpoint.idl\n'}
[0.864253] (px4_msgs) StdoutLine: {'line': b'-- Up-to-date: /home/jmj/pro_asp_ws/ws_px4_controls/install/px4_msgs/share/px4_msgs/msg/RoverRateSetpoint.idl\n'}
[0.864278] (px4_msgs) StdoutLine: {'line': b'-- Up-to-date: /home/jmj/pro_asp_ws/ws_px4_controls/install/px4_msgs/share/px4_msgs/msg/RoverRateStatus.idl\n'}
[0.864302] (px4_msgs) StdoutLine: {'line': b'-- Up-to-date: /home/jmj/pro_asp_ws/ws_px4_controls/install/px4_msgs/share/px4_msgs/msg/RoverSteeringSetpoint.idl\n'}
[0.864324] (px4_msgs) StdoutLine: {'line': b'-- Up-to-date: /home/jmj/pro_asp_ws/ws_px4_controls/install/px4_msgs/share/px4_msgs/msg/RoverThrottleSetpoint.idl\n'}
[0.864347] (px4_msgs) StdoutLine: {'line': b'-- Up-to-date: /home/jmj/pro_asp_ws/ws_px4_controls/install/px4_msgs/share/px4_msgs/msg/RoverVelocitySetpoint.idl\n'}
[0.864370] (px4_msgs) StdoutLine: {'line': b'-- Up-to-date: /home/jmj/pro_asp_ws/ws_px4_controls/install/px4_msgs/share/px4_msgs/msg/RoverVelocityStatus.idl\n'}
[0.864392] (px4_msgs) StdoutLine: {'line': b'-- Up-to-date: /home/jmj/pro_asp_ws/ws_px4_controls/install/px4_msgs/share/px4_msgs/msg/Rpm.idl\n'}
[0.864427] (px4_msgs) StdoutLine: {'line': b'-- Up-to-date: /home/jmj/pro_asp_ws/ws_px4_controls/install/px4_msgs/share/px4_msgs/msg/RtlStatus.idl\n'}
[0.864451] (px4_msgs) StdoutLine: {'line': b'-- Up-to-date: /home/jmj/pro_asp_ws/ws_px4_controls/install/px4_msgs/share/px4_msgs/msg/RtlTimeEstimate.idl\n'}
[0.864479] (px4_msgs) StdoutLine: {'line': b'-- Up-to-date: /home/jmj/pro_asp_ws/ws_px4_controls/install/px4_msgs/share/px4_msgs/msg/SatelliteInfo.idl\n'}
[0.864506] (px4_msgs) StdoutLine: {'line': b'-- Up-to-date: /home/jmj/pro_asp_ws/ws_px4_controls/install/px4_msgs/share/px4_msgs/msg/SensorAccel.idl\n'}
[0.864553] (px4_msgs) StdoutLine: {'line': b'-- Up-to-date: /home/jmj/pro_asp_ws/ws_px4_controls/install/px4_msgs/share/px4_msgs/msg/SensorAccelFifo.idl\n'}
[0.864577] (px4_msgs) StdoutLine: {'line': b'-- Up-to-date: /home/jmj/pro_asp_ws/ws_px4_controls/install/px4_msgs/share/px4_msgs/msg/SensorAirflow.idl\n'}
[0.864603] (px4_msgs) StdoutLine: {'line': b'-- Up-to-date: /home/jmj/pro_asp_ws/ws_px4_controls/install/px4_msgs/share/px4_msgs/msg/SensorBaro.idl\n'}
[0.864629] (px4_msgs) StdoutLine: {'line': b'-- Up-to-date: /home/jmj/pro_asp_ws/ws_px4_controls/install/px4_msgs/share/px4_msgs/msg/SensorCombined.idl\n'}
[0.864658] (px4_msgs) StdoutLine: {'line': b'-- Up-to-date: /home/jmj/pro_asp_ws/ws_px4_controls/install/px4_msgs/share/px4_msgs/msg/SensorCorrection.idl\n'}
[0.864688] (px4_msgs) StdoutLine: {'line': b'-- Up-to-date: /home/jmj/pro_asp_ws/ws_px4_controls/install/px4_msgs/share/px4_msgs/msg/SensorGnssRelative.idl\n'}
[0.864733] (px4_msgs) StdoutLine: {'line': b'-- Up-to-date: /home/jmj/pro_asp_ws/ws_px4_controls/install/px4_msgs/share/px4_msgs/msg/SensorGps.idl\n'}
[0.864867] (px4_msgs) StdoutLine: {'line': b'-- Up-to-date: /home/jmj/pro_asp_ws/ws_px4_controls/install/px4_msgs/share/px4_msgs/msg/SensorGyro.idl\n'}
[0.864909] (px4_msgs) StdoutLine: {'line': b'-- Up-to-date: /home/jmj/pro_asp_ws/ws_px4_controls/install/px4_msgs/share/px4_msgs/msg/SensorGyroFft.idl\n'}
[0.864945] (px4_msgs) StdoutLine: {'line': b'-- Up-to-date: /home/jmj/pro_asp_ws/ws_px4_controls/install/px4_msgs/share/px4_msgs/msg/SensorGyroFifo.idl\n'}
[0.864973] (px4_msgs) StdoutLine: {'line': b'-- Up-to-date: /home/jmj/pro_asp_ws/ws_px4_controls/install/px4_msgs/share/px4_msgs/msg/SensorHygrometer.idl\n'}
[0.865004] (px4_msgs) StdoutLine: {'line': b'-- Up-to-date: /home/jmj/pro_asp_ws/ws_px4_controls/install/px4_msgs/share/px4_msgs/msg/SensorMag.idl\n'}
[0.865037] (px4_msgs) StdoutLine: {'line': b'-- Up-to-date: /home/jmj/pro_asp_ws/ws_px4_controls/install/px4_msgs/share/px4_msgs/msg/SensorOpticalFlow.idl\n'}
[0.865069] (px4_msgs) StdoutLine: {'line': b'-- Up-to-date: /home/jmj/pro_asp_ws/ws_px4_controls/install/px4_msgs/share/px4_msgs/msg/SensorPreflightMag.idl\n'}
[0.865105] (px4_msgs) StdoutLine: {'line': b'-- Up-to-date: /home/jmj/pro_asp_ws/ws_px4_controls/install/px4_msgs/share/px4_msgs/msg/SensorSelection.idl\n'}
[0.865137] (px4_msgs) StdoutLine: {'line': b'-- Up-to-date: /home/jmj/pro_asp_ws/ws_px4_controls/install/px4_msgs/share/px4_msgs/msg/SensorUwb.idl\n'}
[0.865168] (px4_msgs) StdoutLine: {'line': b'-- Up-to-date: /home/jmj/pro_asp_ws/ws_px4_controls/install/px4_msgs/share/px4_msgs/msg/SensorsStatus.idl\n'}
[0.865202] (px4_msgs) StdoutLine: {'line': b'-- Up-to-date: /home/jmj/pro_asp_ws/ws_px4_controls/install/px4_msgs/share/px4_msgs/msg/SensorsStatusImu.idl\n'}
[0.865274] (px4_msgs) StdoutLine: {'line': b'-- Up-to-date: /home/jmj/pro_asp_ws/ws_px4_controls/install/px4_msgs/share/px4_msgs/msg/SystemPower.idl\n'}
[0.865310] (px4_msgs) StdoutLine: {'line': b'-- Up-to-date: /home/jmj/pro_asp_ws/ws_px4_controls/install/px4_msgs/share/px4_msgs/msg/TakeoffStatus.idl\n'}
[0.865339] (px4_msgs) StdoutLine: {'line': b'-- Up-to-date: /home/jmj/pro_asp_ws/ws_px4_controls/install/px4_msgs/share/px4_msgs/msg/TaskStackInfo.idl\n'}
[0.865379] (px4_msgs) StdoutLine: {'line': b'-- Up-to-date: /home/jmj/pro_asp_ws/ws_px4_controls/install/px4_msgs/share/px4_msgs/msg/TecsStatus.idl\n'}
[0.865413] (px4_msgs) StdoutLine: {'line': b'-- Up-to-date: /home/jmj/pro_asp_ws/ws_px4_controls/install/px4_msgs/share/px4_msgs/msg/TelemetryStatus.idl\n'}
[0.865449] (px4_msgs) StdoutLine: {'line': b'-- Up-to-date: /home/jmj/pro_asp_ws/ws_px4_controls/install/px4_msgs/share/px4_msgs/msg/TiltrotorExtraControls.idl\n'}
[0.865480] (px4_msgs) StdoutLine: {'line': b'-- Up-to-date: /home/jmj/pro_asp_ws/ws_px4_controls/install/px4_msgs/share/px4_msgs/msg/TimesyncStatus.idl\n'}
[0.865514] (px4_msgs) StdoutLine: {'line': b'-- Up-to-date: /home/jmj/pro_asp_ws/ws_px4_controls/install/px4_msgs/share/px4_msgs/msg/TrajectorySetpoint.idl\n'}
[0.865566] (px4_msgs) StdoutLine: {'line': b'-- Up-to-date: /home/jmj/pro_asp_ws/ws_px4_controls/install/px4_msgs/share/px4_msgs/msg/TrajectorySetpoint6dof.idl\n'}
[0.865641] (px4_msgs) StdoutLine: {'line': b'-- Up-to-date: /home/jmj/pro_asp_ws/ws_px4_controls/install/px4_msgs/share/px4_msgs/msg/TransponderReport.idl\n'}
[0.865678] (px4_msgs) StdoutLine: {'line': b'-- Up-to-date: /home/jmj/pro_asp_ws/ws_px4_controls/install/px4_msgs/share/px4_msgs/msg/TuneControl.idl\n'}
[0.865708] (px4_msgs) StdoutLine: {'line': b'-- Up-to-date: /home/jmj/pro_asp_ws/ws_px4_controls/install/px4_msgs/share/px4_msgs/msg/UavcanParameterRequest.idl\n'}
[0.865732] (px4_msgs) StdoutLine: {'line': b'-- Up-to-date: /home/jmj/pro_asp_ws/ws_px4_controls/install/px4_msgs/share/px4_msgs/msg/UavcanParameterValue.idl\n'}
[0.865754] (px4_msgs) StdoutLine: {'line': b'-- Up-to-date: /home/jmj/pro_asp_ws/ws_px4_controls/install/px4_msgs/share/px4_msgs/msg/UlogStream.idl\n'}
[0.865792] (px4_msgs) StdoutLine: {'line': b'-- Up-to-date: /home/jmj/pro_asp_ws/ws_px4_controls/install/px4_msgs/share/px4_msgs/msg/UlogStreamAck.idl\n'}
[0.865952] (px4_msgs) StdoutLine: {'line': b'-- Up-to-date: /home/jmj/pro_asp_ws/ws_px4_controls/install/px4_msgs/share/px4_msgs/msg/UnregisterExtComponent.idl\n'}
[0.865986] (px4_msgs) StdoutLine: {'line': b'-- Up-to-date: /home/jmj/pro_asp_ws/ws_px4_controls/install/px4_msgs/share/px4_msgs/msg/VehicleAcceleration.idl\n'}
[0.866011] (px4_msgs) StdoutLine: {'line': b'-- Up-to-date: /home/jmj/pro_asp_ws/ws_px4_controls/install/px4_msgs/share/px4_msgs/msg/VehicleAirData.idl\n'}
[0.866036] (px4_msgs) StdoutLine: {'line': b'-- Up-to-date: /home/jmj/pro_asp_ws/ws_px4_controls/install/px4_msgs/share/px4_msgs/msg/VehicleAngularAccelerationSetpoint.idl\n'}
[0.866061] (px4_msgs) StdoutLine: {'line': b'-- Up-to-date: /home/jmj/pro_asp_ws/ws_px4_controls/install/px4_msgs/share/px4_msgs/msg/VehicleAngularVelocity.idl\n'}
[0.866091] (px4_msgs) StdoutLine: {'line': b'-- Up-to-date: /home/jmj/pro_asp_ws/ws_px4_controls/install/px4_msgs/share/px4_msgs/msg/VehicleAttitude.idl\n'}
[0.866139] (px4_msgs) StdoutLine: {'line': b'-- Up-to-date: /home/jmj/pro_asp_ws/ws_px4_controls/install/px4_msgs/share/px4_msgs/msg/VehicleAttitudeSetpoint.idl\n'}
[0.866166] (px4_msgs) StdoutLine: {'line': b'-- Up-to-date: /home/jmj/pro_asp_ws/ws_px4_controls/install/px4_msgs/share/px4_msgs/msg/VehicleCommand.idl\n'}
[0.866196] (px4_msgs) StdoutLine: {'line': b'-- Up-to-date: /home/jmj/pro_asp_ws/ws_px4_controls/install/px4_msgs/share/px4_msgs/msg/VehicleCommandAck.idl\n'}
[0.866332] (px4_msgs) StdoutLine: {'line': b'-- Up-to-date: /home/jmj/pro_asp_ws/ws_px4_controls/install/px4_msgs/share/px4_msgs/msg/VehicleConstraints.idl\n'}
[0.866744] (px4_msgs) StdoutLine: {'line': b'-- Up-to-date: /home/jmj/pro_asp_ws/ws_px4_controls/install/px4_msgs/share/px4_msgs/msg/VehicleControlMode.idl\n'}
[0.867109] (px4_msgs) StdoutLine: {'line': b'-- Up-to-date: /home/jmj/pro_asp_ws/ws_px4_controls/install/px4_msgs/share/px4_msgs/msg/VehicleGlobalPosition.idl\n'}
[0.867334] (px4_msgs) StdoutLine: {'line': b'-- Up-to-date: /home/jmj/pro_asp_ws/ws_px4_controls/install/px4_msgs/share/px4_msgs/msg/VehicleImu.idl\n'}
[0.867595] (px4_msgs) StdoutLine: {'line': b'-- Up-to-date: /home/jmj/pro_asp_ws/ws_px4_controls/install/px4_msgs/share/px4_msgs/msg/VehicleImuStatus.idl\n'}
[0.867953] (px4_msgs) StdoutLine: {'line': b'-- Up-to-date: /home/jmj/pro_asp_ws/ws_px4_controls/install/px4_msgs/share/px4_msgs/msg/VehicleLandDetected.idl\n'}
[0.868214] (px4_msgs) StdoutLine: {'line': b'-- Up-to-date: /home/jmj/pro_asp_ws/ws_px4_controls/install/px4_msgs/share/px4_msgs/msg/VehicleLocalPosition.idl\n'}
[0.868801] (px4_msgs) StdoutLine: {'line': b'-- Up-to-date: /home/jmj/pro_asp_ws/ws_px4_controls/install/px4_msgs/share/px4_msgs/msg/VehicleLocalPositionSetpoint.idl\n'}
[0.869440] (px4_msgs) StdoutLine: {'line': b'-- Up-to-date: /home/jmj/pro_asp_ws/ws_px4_controls/install/px4_msgs/share/px4_msgs/msg/VehicleMagnetometer.idl\n'}
[0.869800] (px4_msgs) StdoutLine: {'line': b'-- Up-to-date: /home/jmj/pro_asp_ws/ws_px4_controls/install/px4_msgs/share/px4_msgs/msg/VehicleOdometry.idl\n'}
[0.869969] (px4_msgs) StdoutLine: {'line': b'-- Up-to-date: /home/jmj/pro_asp_ws/ws_px4_controls/install/px4_msgs/share/px4_msgs/msg/VehicleOpticalFlow.idl\n'}
[0.870213] (px4_msgs) StdoutLine: {'line': b'-- Up-to-date: /home/jmj/pro_asp_ws/ws_px4_controls/install/px4_msgs/share/px4_msgs/msg/VehicleOpticalFlowVel.idl\n'}
[0.870431] (px4_msgs) StdoutLine: {'line': b'-- Up-to-date: /home/jmj/pro_asp_ws/ws_px4_controls/install/px4_msgs/share/px4_msgs/msg/VehicleRatesSetpoint.idl\n'}
[0.871017] (px4_msgs) StdoutLine: {'line': b'-- Up-to-date: /home/jmj/pro_asp_ws/ws_px4_controls/install/px4_msgs/share/px4_msgs/msg/VehicleRoi.idl\n'}
[0.871375] (px4_msgs) StdoutLine: {'line': b'-- Up-to-date: /home/jmj/pro_asp_ws/ws_px4_controls/install/px4_msgs/share/px4_msgs/msg/VehicleStatus.idl\n'}
[0.871475] (px4_msgs) StdoutLine: {'line': b'-- Up-to-date: /home/jmj/pro_asp_ws/ws_px4_controls/install/px4_msgs/share/px4_msgs/msg/VehicleThrustSetpoint.idl\n'}
[0.871933] (px4_msgs) StdoutLine: {'line': b'-- Up-to-date: /home/jmj/pro_asp_ws/ws_px4_controls/install/px4_msgs/share/px4_msgs/msg/VehicleTorqueSetpoint.idl\n'}
[0.872501] (px4_msgs) StdoutLine: {'line': b'-- Up-to-date: /home/jmj/pro_asp_ws/ws_px4_controls/install/px4_msgs/share/px4_msgs/msg/VelocityLimits.idl\n'}
[0.872755] (px4_msgs) StdoutLine: {'line': b'-- Up-to-date: /home/jmj/pro_asp_ws/ws_px4_controls/install/px4_msgs/share/px4_msgs/msg/VtolVehicleStatus.idl\n'}
[0.873156] (px4_msgs) StdoutLine: {'line': b'-- Up-to-date: /home/jmj/pro_asp_ws/ws_px4_controls/install/px4_msgs/share/px4_msgs/msg/WheelEncoders.idl\n'}
[0.873433] (px4_msgs) StdoutLine: {'line': b'-- Up-to-date: /home/jmj/pro_asp_ws/ws_px4_controls/install/px4_msgs/share/px4_msgs/msg/Wind.idl\n'}
[0.873990] (px4_msgs) StdoutLine: {'line': b'-- Up-to-date: /home/jmj/pro_asp_ws/ws_px4_controls/install/px4_msgs/share/px4_msgs/msg/YawEstimatorStatus.idl\n'}
[0.874107] (px4_msgs) StdoutLine: {'line': b'-- Up-to-date: /home/jmj/pro_asp_ws/ws_px4_controls/install/px4_msgs/share/px4_msgs/srv/VehicleCommand.idl\n'}
[0.874320] (px4_msgs) StdoutLine: {'line': b'-- Up-to-date: /home/jmj/pro_asp_ws/ws_px4_controls/install/px4_msgs/share/px4_msgs/msg/ActionRequest.msg\n'}
[0.874539] (px4_msgs) StdoutLine: {'line': b'-- Up-to-date: /home/jmj/pro_asp_ws/ws_px4_controls/install/px4_msgs/share/px4_msgs/msg/ActuatorArmed.msg\n'}
[0.874911] (px4_msgs) StdoutLine: {'line': b'-- Up-to-date: /home/jmj/pro_asp_ws/ws_px4_controls/install/px4_msgs/share/px4_msgs/msg/ActuatorControlsStatus.msg\n'}
[0.875125] (px4_msgs) StdoutLine: {'line': b'-- Up-to-date: /home/jmj/pro_asp_ws/ws_px4_controls/install/px4_msgs/share/px4_msgs/msg/ActuatorMotors.msg\n'}
[0.875313] (px4_msgs) StdoutLine: {'line': b'-- Up-to-date: /home/jmj/pro_asp_ws/ws_px4_controls/install/px4_msgs/share/px4_msgs/msg/ActuatorOutputs.msg\n'}
[0.875529] (px4_msgs) StdoutLine: {'line': b'-- Up-to-date: /home/jmj/pro_asp_ws/ws_px4_controls/install/px4_msgs/share/px4_msgs/msg/ActuatorServos.msg\n'}
[0.875929] (px4_msgs) StdoutLine: {'line': b'-- Up-to-date: /home/jmj/pro_asp_ws/ws_px4_controls/install/px4_msgs/share/px4_msgs/msg/ActuatorServosTrim.msg\n'}
[0.876180] (px4_msgs) StdoutLine: {'line': b'-- Up-to-date: /home/jmj/pro_asp_ws/ws_px4_controls/install/px4_msgs/share/px4_msgs/msg/ActuatorTest.msg\n'}
[0.876523] (px4_msgs) StdoutLine: {'line': b'-- Up-to-date: /home/jmj/pro_asp_ws/ws_px4_controls/install/px4_msgs/share/px4_msgs/msg/AdcReport.msg\n'}
[0.876813] (px4_msgs) StdoutLine: {'line': b'-- Up-to-date: /home/jmj/pro_asp_ws/ws_px4_controls/install/px4_msgs/share/px4_msgs/msg/Airspeed.msg\n'}
[0.877167] (px4_msgs) StdoutLine: {'line': b'-- Up-to-date: /home/jmj/pro_asp_ws/ws_px4_controls/install/px4_msgs/share/px4_msgs/msg/AirspeedValidated.msg\n'}
[0.877552] (px4_msgs) StdoutLine: {'line': b'-- Up-to-date: /home/jmj/pro_asp_ws/ws_px4_controls/install/px4_msgs/share/px4_msgs/msg/AirspeedWind.msg\n'}
[0.877613] (px4_msgs) StdoutLine: {'line': b'-- Up-to-date: /home/jmj/pro_asp_ws/ws_px4_controls/install/px4_msgs/share/px4_msgs/msg/ArmingCheckReply.msg\n'}
[0.877987] (px4_msgs) StdoutLine: {'line': b'-- Up-to-date: /home/jmj/pro_asp_ws/ws_px4_controls/install/px4_msgs/share/px4_msgs/msg/ArmingCheckRequest.msg\n'}
[0.878324] (px4_msgs) StdoutLine: {'line': b'-- Up-to-date: /home/jmj/pro_asp_ws/ws_px4_controls/install/px4_msgs/share/px4_msgs/msg/AutotuneAttitudeControlStatus.msg\n'}
[0.878511] (px4_msgs) StdoutLine: {'line': b'-- Up-to-date: /home/jmj/pro_asp_ws/ws_px4_controls/install/px4_msgs/share/px4_msgs/msg/BatteryStatus.msg\n'}
[0.878796] (px4_msgs) StdoutLine: {'line': b'-- Up-to-date: /home/jmj/pro_asp_ws/ws_px4_controls/install/px4_msgs/share/px4_msgs/msg/ButtonEvent.msg\n'}
[0.879043] (px4_msgs) StdoutLine: {'line': b'-- Up-to-date: /home/jmj/pro_asp_ws/ws_px4_controls/install/px4_msgs/share/px4_msgs/msg/CameraCapture.msg\n'}
[0.879405] (px4_msgs) StdoutLine: {'line': b'-- Up-to-date: /home/jmj/pro_asp_ws/ws_px4_controls/install/px4_msgs/share/px4_msgs/msg/CameraStatus.msg\n'}
[0.879587] (px4_msgs) StdoutLine: {'line': b'-- Up-to-date: /home/jmj/pro_asp_ws/ws_px4_controls/install/px4_msgs/share/px4_msgs/msg/CameraTrigger.msg\n'}
[0.879795] (px4_msgs) StdoutLine: {'line': b'-- Up-to-date: /home/jmj/pro_asp_ws/ws_px4_controls/install/px4_msgs/share/px4_msgs/msg/CanInterfaceStatus.msg\n'}
[0.880115] (px4_msgs) StdoutLine: {'line': b'-- Up-to-date: /home/jmj/pro_asp_ws/ws_px4_controls/install/px4_msgs/share/px4_msgs/msg/CellularStatus.msg\n'}
[0.880415] (px4_msgs) StdoutLine: {'line': b'-- Up-to-date: /home/jmj/pro_asp_ws/ws_px4_controls/install/px4_msgs/share/px4_msgs/msg/CollisionConstraints.msg\n'}
[0.880602] (px4_msgs) StdoutLine: {'line': b'-- Up-to-date: /home/jmj/pro_asp_ws/ws_px4_controls/install/px4_msgs/share/px4_msgs/msg/ConfigOverrides.msg\n'}
[0.880817] (px4_msgs) StdoutLine: {'line': b'-- Up-to-date: /home/jmj/pro_asp_ws/ws_px4_controls/install/px4_msgs/share/px4_msgs/msg/ControlAllocatorStatus.msg\n'}
[0.881026] (px4_msgs) StdoutLine: {'line': b'-- Up-to-date: /home/jmj/pro_asp_ws/ws_px4_controls/install/px4_msgs/share/px4_msgs/msg/Cpuload.msg\n'}
[0.881317] (px4_msgs) StdoutLine: {'line': b'-- Up-to-date: /home/jmj/pro_asp_ws/ws_px4_controls/install/px4_msgs/share/px4_msgs/msg/DatamanRequest.msg\n'}
[0.881493] (px4_msgs) StdoutLine: {'line': b'-- Up-to-date: /home/jmj/pro_asp_ws/ws_px4_controls/install/px4_msgs/share/px4_msgs/msg/DatamanResponse.msg\n'}
[0.881691] (px4_msgs) StdoutLine: {'line': b'-- Up-to-date: /home/jmj/pro_asp_ws/ws_px4_controls/install/px4_msgs/share/px4_msgs/msg/DebugArray.msg\n'}
[0.881880] (px4_msgs) StdoutLine: {'line': b'-- Up-to-date: /home/jmj/pro_asp_ws/ws_px4_controls/install/px4_msgs/share/px4_msgs/msg/DebugKeyValue.msg\n'}
[0.882234] (px4_msgs) StdoutLine: {'line': b'-- Up-to-date: /home/jmj/pro_asp_ws/ws_px4_controls/install/px4_msgs/share/px4_msgs/msg/DebugValue.msg\n'}
[0.882373] (px4_msgs) StdoutLine: {'line': b'-- Up-to-date: /home/jmj/pro_asp_ws/ws_px4_controls/install/px4_msgs/share/px4_msgs/msg/DebugVect.msg\n'}
[0.882550] (px4_msgs) StdoutLine: {'line': b'-- Up-to-date: /home/jmj/pro_asp_ws/ws_px4_controls/install/px4_msgs/share/px4_msgs/msg/DifferentialPressure.msg\n'}
[0.882785] (px4_msgs) StdoutLine: {'line': b'-- Up-to-date: /home/jmj/pro_asp_ws/ws_px4_controls/install/px4_msgs/share/px4_msgs/msg/DistanceSensor.msg\n'}
[0.883057] (px4_msgs) StdoutLine: {'line': b'-- Up-to-date: /home/jmj/pro_asp_ws/ws_px4_controls/install/px4_msgs/share/px4_msgs/msg/DistanceSensorModeChangeRequest.msg\n'}
[0.883348] (px4_msgs) StdoutLine: {'line': b'-- Up-to-date: /home/jmj/pro_asp_ws/ws_px4_controls/install/px4_msgs/share/px4_msgs/msg/Ekf2Timestamps.msg\n'}
[0.883435] (px4_msgs) StdoutLine: {'line': b'-- Up-to-date: /home/jmj/pro_asp_ws/ws_px4_controls/install/px4_msgs/share/px4_msgs/msg/EscReport.msg\n'}
[0.883744] (px4_msgs) StdoutLine: {'line': b'-- Up-to-date: /home/jmj/pro_asp_ws/ws_px4_controls/install/px4_msgs/share/px4_msgs/msg/EscStatus.msg\n'}
[0.884027] (px4_msgs) StdoutLine: {'line': b'-- Up-to-date: /home/jmj/pro_asp_ws/ws_px4_controls/install/px4_msgs/share/px4_msgs/msg/EstimatorAidSource1d.msg\n'}
[0.884205] (px4_msgs) StdoutLine: {'line': b'-- Up-to-date: /home/jmj/pro_asp_ws/ws_px4_controls/install/px4_msgs/share/px4_msgs/msg/EstimatorAidSource2d.msg\n'}
[0.884400] (px4_msgs) StdoutLine: {'line': b'-- Up-to-date: /home/jmj/pro_asp_ws/ws_px4_controls/install/px4_msgs/share/px4_msgs/msg/EstimatorAidSource3d.msg\n'}
[0.884586] (px4_msgs) StdoutLine: {'line': b'-- Up-to-date: /home/jmj/pro_asp_ws/ws_px4_controls/install/px4_msgs/share/px4_msgs/msg/EstimatorBias.msg\n'}
[0.884878] (px4_msgs) StdoutLine: {'line': b'-- Up-to-date: /home/jmj/pro_asp_ws/ws_px4_controls/install/px4_msgs/share/px4_msgs/msg/EstimatorBias3d.msg\n'}
[0.885105] (px4_msgs) StdoutLine: {'line': b'-- Up-to-date: /home/jmj/pro_asp_ws/ws_px4_controls/install/px4_msgs/share/px4_msgs/msg/EstimatorEventFlags.msg\n'}
[0.885252] (px4_msgs) StdoutLine: {'line': b'-- Up-to-date: /home/jmj/pro_asp_ws/ws_px4_controls/install/px4_msgs/share/px4_msgs/msg/EstimatorGpsStatus.msg\n'}
[0.885479] (px4_msgs) StdoutLine: {'line': b'-- Up-to-date: /home/jmj/pro_asp_ws/ws_px4_controls/install/px4_msgs/share/px4_msgs/msg/EstimatorInnovations.msg\n'}
[0.886135] (px4_msgs) StdoutLine: {'line': b'-- Up-to-date: /home/jmj/pro_asp_ws/ws_px4_controls/install/px4_msgs/share/px4_msgs/msg/EstimatorSelectorStatus.msg\n'}
[0.886288] (px4_msgs) StdoutLine: {'line': b'-- Up-to-date: /home/jmj/pro_asp_ws/ws_px4_controls/install/px4_msgs/share/px4_msgs/msg/EstimatorSensorBias.msg\n'}
[0.886469] (px4_msgs) StdoutLine: {'line': b'-- Up-to-date: /home/jmj/pro_asp_ws/ws_px4_controls/install/px4_msgs/share/px4_msgs/msg/EstimatorStates.msg\n'}
[0.886723] (px4_msgs) StdoutLine: {'line': b'-- Up-to-date: /home/jmj/pro_asp_ws/ws_px4_controls/install/px4_msgs/share/px4_msgs/msg/EstimatorStatus.msg\n'}
[0.887033] (px4_msgs) StdoutLine: {'line': b'-- Up-to-date: /home/jmj/pro_asp_ws/ws_px4_controls/install/px4_msgs/share/px4_msgs/msg/EstimatorStatusFlags.msg\n'}
[0.887227] (px4_msgs) StdoutLine: {'line': b'-- Up-to-date: /home/jmj/pro_asp_ws/ws_px4_controls/install/px4_msgs/share/px4_msgs/msg/Event.msg\n'}
[0.887474] (px4_msgs) StdoutLine: {'line': b'-- Up-to-date: /home/jmj/pro_asp_ws/ws_px4_controls/install/px4_msgs/share/px4_msgs/msg/FailsafeFlags.msg\n'}
[0.887736] (px4_msgs) StdoutLine: {'line': b'-- Up-to-date: /home/jmj/pro_asp_ws/ws_px4_controls/install/px4_msgs/share/px4_msgs/msg/FailureDetectorStatus.msg\n'}
[0.888144] (px4_msgs) StdoutLine: {'line': b'-- Up-to-date: /home/jmj/pro_asp_ws/ws_px4_controls/install/px4_msgs/share/px4_msgs/msg/FigureEightStatus.msg\n'}
[0.888516] (px4_msgs) StdoutLine: {'line': b'-- Up-to-date: /home/jmj/pro_asp_ws/ws_px4_controls/install/px4_msgs/share/px4_msgs/msg/FixedWingLateralGuidanceStatus.msg\n'}
[0.888605] (px4_msgs) StdoutLine: {'line': b'-- Up-to-date: /home/jmj/pro_asp_ws/ws_px4_controls/install/px4_msgs/share/px4_msgs/msg/FixedWingLateralSetpoint.msg\n'}
[0.888952] (px4_msgs) StdoutLine: {'line': b'-- Up-to-date: /home/jmj/pro_asp_ws/ws_px4_controls/install/px4_msgs/share/px4_msgs/msg/FixedWingLateralStatus.msg\n'}
[0.889368] (px4_msgs) StdoutLine: {'line': b'-- Up-to-date: /home/jmj/pro_asp_ws/ws_px4_controls/install/px4_msgs/share/px4_msgs/msg/FixedWingLongitudinalSetpoint.msg\n'}
[0.889694] (px4_msgs) StdoutLine: {'line': b'-- Up-to-date: /home/jmj/pro_asp_ws/ws_px4_controls/install/px4_msgs/share/px4_msgs/msg/FixedWingRunwayControl.msg\n'}
[0.889995] (px4_msgs) StdoutLine: {'line': b'-- Up-to-date: /home/jmj/pro_asp_ws/ws_px4_controls/install/px4_msgs/share/px4_msgs/msg/FlightPhaseEstimation.msg\n'}
[0.890260] (px4_msgs) StdoutLine: {'line': b'-- Up-to-date: /home/jmj/pro_asp_ws/ws_px4_controls/install/px4_msgs/share/px4_msgs/msg/FollowTarget.msg\n'}
[0.890550] (px4_msgs) StdoutLine: {'line': b'-- Up-to-date: /home/jmj/pro_asp_ws/ws_px4_controls/install/px4_msgs/share/px4_msgs/msg/FollowTargetEstimator.msg\n'}
[0.890745] (px4_msgs) StdoutLine: {'line': b'-- Up-to-date: /home/jmj/pro_asp_ws/ws_px4_controls/install/px4_msgs/share/px4_msgs/msg/FollowTargetStatus.msg\n'}
[0.890950] (px4_msgs) StdoutLine: {'line': b'-- Up-to-date: /home/jmj/pro_asp_ws/ws_px4_controls/install/px4_msgs/share/px4_msgs/msg/FuelTankStatus.msg\n'}
[0.891174] (px4_msgs) StdoutLine: {'line': b'-- Up-to-date: /home/jmj/pro_asp_ws/ws_px4_controls/install/px4_msgs/share/px4_msgs/msg/GeneratorStatus.msg\n'}
[0.891522] (px4_msgs) StdoutLine: {'line': b'-- Up-to-date: /home/jmj/pro_asp_ws/ws_px4_controls/install/px4_msgs/share/px4_msgs/msg/GeofenceResult.msg\n'}
[0.891681] (px4_msgs) StdoutLine: {'line': b'-- Up-to-date: /home/jmj/pro_asp_ws/ws_px4_controls/install/px4_msgs/share/px4_msgs/msg/GeofenceStatus.msg\n'}
[0.891936] (px4_msgs) StdoutLine: {'line': b'-- Up-to-date: /home/jmj/pro_asp_ws/ws_px4_controls/install/px4_msgs/share/px4_msgs/msg/GimbalControls.msg\n'}
[0.892151] (px4_msgs) StdoutLine: {'line': b'-- Up-to-date: /home/jmj/pro_asp_ws/ws_px4_controls/install/px4_msgs/share/px4_msgs/msg/GimbalDeviceAttitudeStatus.msg\n'}
[0.892522] (px4_msgs) StdoutLine: {'line': b'-- Up-to-date: /home/jmj/pro_asp_ws/ws_px4_controls/install/px4_msgs/share/px4_msgs/msg/GimbalDeviceInformation.msg\n'}
[0.892689] (px4_msgs) StdoutLine: {'line': b'-- Up-to-date: /home/jmj/pro_asp_ws/ws_px4_controls/install/px4_msgs/share/px4_msgs/msg/GimbalDeviceSetAttitude.msg\n'}
[0.892987] (px4_msgs) StdoutLine: {'line': b'-- Up-to-date: /home/jmj/pro_asp_ws/ws_px4_controls/install/px4_msgs/share/px4_msgs/msg/GimbalManagerInformation.msg\n'}
[0.893256] (px4_msgs) StdoutLine: {'line': b'-- Up-to-date: /home/jmj/pro_asp_ws/ws_px4_controls/install/px4_msgs/share/px4_msgs/msg/GimbalManagerSetAttitude.msg\n'}
[0.893662] (px4_msgs) StdoutLine: {'line': b'-- Up-to-date: /home/jmj/pro_asp_ws/ws_px4_controls/install/px4_msgs/share/px4_msgs/msg/GimbalManagerSetManualControl.msg\n'}
[0.893875] (px4_msgs) StdoutLine: {'line': b'-- Up-to-date: /home/jmj/pro_asp_ws/ws_px4_controls/install/px4_msgs/share/px4_msgs/msg/GimbalManagerStatus.msg\n'}
[0.894090] (px4_msgs) StdoutLine: {'line': b'-- Up-to-date: /home/jmj/pro_asp_ws/ws_px4_controls/install/px4_msgs/share/px4_msgs/msg/GotoSetpoint.msg\n'}
[0.894316] (px4_msgs) StdoutLine: {'line': b'-- Up-to-date: /home/jmj/pro_asp_ws/ws_px4_controls/install/px4_msgs/share/px4_msgs/msg/GpioConfig.msg\n'}
[0.894698] (px4_msgs) StdoutLine: {'line': b'-- Up-to-date: /home/jmj/pro_asp_ws/ws_px4_controls/install/px4_msgs/share/px4_msgs/msg/GpioIn.msg\n'}
[0.894987] (px4_msgs) StdoutLine: {'line': b'-- Up-to-date: /home/jmj/pro_asp_ws/ws_px4_controls/install/px4_msgs/share/px4_msgs/msg/GpioOut.msg\n'}
[0.895108] (px4_msgs) StdoutLine: {'line': b'-- Up-to-date: /home/jmj/pro_asp_ws/ws_px4_controls/install/px4_msgs/share/px4_msgs/msg/GpioRequest.msg\n'}
[0.895869] (px4_msgs) StdoutLine: {'line': b'-- Up-to-date: /home/jmj/pro_asp_ws/ws_px4_controls/install/px4_msgs/share/px4_msgs/msg/GpsDump.msg\n'}
[0.896374] (px4_msgs) StdoutLine: {'line': b'-- Up-to-date: /home/jmj/pro_asp_ws/ws_px4_controls/install/px4_msgs/share/px4_msgs/msg/GpsInjectData.msg\n'}
[0.896678] (px4_msgs) StdoutLine: {'line': b'-- Up-to-date: /home/jmj/pro_asp_ws/ws_px4_controls/install/px4_msgs/share/px4_msgs/msg/Gripper.msg\n'}
[0.897007] (px4_msgs) StdoutLine: {'line': b'-- Up-to-date: /home/jmj/pro_asp_ws/ws_px4_controls/install/px4_msgs/share/px4_msgs/msg/HealthReport.msg\n'}
[0.897282] (px4_msgs) StdoutLine: {'line': b'-- Up-to-date: /home/jmj/pro_asp_ws/ws_px4_controls/install/px4_msgs/share/px4_msgs/msg/HeaterStatus.msg\n'}
[0.897637] (px4_msgs) StdoutLine: {'line': b'-- Up-to-date: /home/jmj/pro_asp_ws/ws_px4_controls/install/px4_msgs/share/px4_msgs/msg/HomePosition.msg\n'}
[0.897811] (px4_msgs) StdoutLine: {'line': b'-- Up-to-date: /home/jmj/pro_asp_ws/ws_px4_controls/install/px4_msgs/share/px4_msgs/msg/HoverThrustEstimate.msg\n'}
[0.898006] (px4_msgs) StdoutLine: {'line': b'-- Up-to-date: /home/jmj/pro_asp_ws/ws_px4_controls/install/px4_msgs/share/px4_msgs/msg/InputRc.msg\n'}
[0.898232] (px4_msgs) StdoutLine: {'line': b'-- Up-to-date: /home/jmj/pro_asp_ws/ws_px4_controls/install/px4_msgs/share/px4_msgs/msg/InternalCombustionEngineControl.msg\n'}
[0.898547] (px4_msgs) StdoutLine: {'line': b'-- Up-to-date: /home/jmj/pro_asp_ws/ws_px4_controls/install/px4_msgs/share/px4_msgs/msg/InternalCombustionEngineStatus.msg\n'}
[0.898730] (px4_msgs) StdoutLine: {'line': b'-- Up-to-date: /home/jmj/pro_asp_ws/ws_px4_controls/install/px4_msgs/share/px4_msgs/msg/IridiumsbdStatus.msg\n'}
[0.898918] (px4_msgs) StdoutLine: {'line': b'-- Up-to-date: /home/jmj/pro_asp_ws/ws_px4_controls/install/px4_msgs/share/px4_msgs/msg/IrlockReport.msg\n'}
[0.899135] (px4_msgs) StdoutLine: {'line': b'-- Up-to-date: /home/jmj/pro_asp_ws/ws_px4_controls/install/px4_msgs/share/px4_msgs/msg/LandingGear.msg\n'}
[0.899428] (px4_msgs) StdoutLine: {'line': b'-- Up-to-date: /home/jmj/pro_asp_ws/ws_px4_controls/install/px4_msgs/share/px4_msgs/msg/LandingGearWheel.msg\n'}
[0.899608] (px4_msgs) StdoutLine: {'line': b'-- Up-to-date: /home/jmj/pro_asp_ws/ws_px4_controls/install/px4_msgs/share/px4_msgs/msg/LandingTargetInnovations.msg\n'}
[0.899816] (px4_msgs) StdoutLine: {'line': b'-- Up-to-date: /home/jmj/pro_asp_ws/ws_px4_controls/install/px4_msgs/share/px4_msgs/msg/LandingTargetPose.msg\n'}
[0.900033] (px4_msgs) StdoutLine: {'line': b'-- Up-to-date: /home/jmj/pro_asp_ws/ws_px4_controls/install/px4_msgs/share/px4_msgs/msg/LateralControlConfiguration.msg\n'}
[0.900372] (px4_msgs) StdoutLine: {'line': b'-- Up-to-date: /home/jmj/pro_asp_ws/ws_px4_controls/install/px4_msgs/share/px4_msgs/msg/LaunchDetectionStatus.msg\n'}
[0.900667] (px4_msgs) StdoutLine: {'line': b'-- Up-to-date: /home/jmj/pro_asp_ws/ws_px4_controls/install/px4_msgs/share/px4_msgs/msg/LedControl.msg\n'}
[0.900732] (px4_msgs) StdoutLine: {'line': b'-- Up-to-date: /home/jmj/pro_asp_ws/ws_px4_controls/install/px4_msgs/share/px4_msgs/msg/LogMessage.msg\n'}
[0.900761] (-) TimerEvent: {}
[0.901042] (px4_msgs) StdoutLine: {'line': b'-- Up-to-date: /home/jmj/pro_asp_ws/ws_px4_controls/install/px4_msgs/share/px4_msgs/msg/LoggerStatus.msg\n'}
[0.901780] (px4_msgs) StdoutLine: {'line': b'-- Up-to-date: /home/jmj/pro_asp_ws/ws_px4_controls/install/px4_msgs/share/px4_msgs/msg/LongitudinalControlConfiguration.msg\n'}
[0.901813] (px4_msgs) StdoutLine: {'line': b'-- Up-to-date: /home/jmj/pro_asp_ws/ws_px4_controls/install/px4_msgs/share/px4_msgs/msg/MagWorkerData.msg\n'}
[0.901837] (px4_msgs) StdoutLine: {'line': b'-- Up-to-date: /home/jmj/pro_asp_ws/ws_px4_controls/install/px4_msgs/share/px4_msgs/msg/MagnetometerBiasEstimate.msg\n'}
[0.901963] (px4_msgs) StdoutLine: {'line': b'-- Up-to-date: /home/jmj/pro_asp_ws/ws_px4_controls/install/px4_msgs/share/px4_msgs/msg/ManualControlSetpoint.msg\n'}
[0.902258] (px4_msgs) StdoutLine: {'line': b'-- Up-to-date: /home/jmj/pro_asp_ws/ws_px4_controls/install/px4_msgs/share/px4_msgs/msg/ManualControlSwitches.msg\n'}
[0.902443] (px4_msgs) StdoutLine: {'line': b'-- Up-to-date: /home/jmj/pro_asp_ws/ws_px4_controls/install/px4_msgs/share/px4_msgs/msg/MavlinkLog.msg\n'}
[0.902631] (px4_msgs) StdoutLine: {'line': b'-- Up-to-date: /home/jmj/pro_asp_ws/ws_px4_controls/install/px4_msgs/share/px4_msgs/msg/MavlinkTunnel.msg\n'}
[0.902840] (px4_msgs) StdoutLine: {'line': b'-- Up-to-date: /home/jmj/pro_asp_ws/ws_px4_controls/install/px4_msgs/share/px4_msgs/msg/MessageFormatRequest.msg\n'}
[0.903151] (px4_msgs) StdoutLine: {'line': b'-- Up-to-date: /home/jmj/pro_asp_ws/ws_px4_controls/install/px4_msgs/share/px4_msgs/msg/MessageFormatResponse.msg\n'}
[0.903335] (px4_msgs) StdoutLine: {'line': b'-- Up-to-date: /home/jmj/pro_asp_ws/ws_px4_controls/install/px4_msgs/share/px4_msgs/msg/Mission.msg\n'}
[0.903582] (px4_msgs) StdoutLine: {'line': b'-- Up-to-date: /home/jmj/pro_asp_ws/ws_px4_controls/install/px4_msgs/share/px4_msgs/msg/MissionResult.msg\n'}
[0.903872] (px4_msgs) StdoutLine: {'line': b'-- Up-to-date: /home/jmj/pro_asp_ws/ws_px4_controls/install/px4_msgs/share/px4_msgs/msg/ModeCompleted.msg\n'}
[0.904520] (px4_msgs) StdoutLine: {'line': b'-- Up-to-date: /home/jmj/pro_asp_ws/ws_px4_controls/install/px4_msgs/share/px4_msgs/msg/MountOrientation.msg\n'}
[0.904891] (px4_msgs) StdoutLine: {'line': b'-- Up-to-date: /home/jmj/pro_asp_ws/ws_px4_controls/install/px4_msgs/share/px4_msgs/msg/NavigatorMissionItem.msg\n'}
[0.905202] (px4_msgs) StdoutLine: {'line': b'-- Up-to-date: /home/jmj/pro_asp_ws/ws_px4_controls/install/px4_msgs/share/px4_msgs/msg/NavigatorStatus.msg\n'}
[0.905491] (px4_msgs) StdoutLine: {'line': b'-- Up-to-date: /home/jmj/pro_asp_ws/ws_px4_controls/install/px4_msgs/share/px4_msgs/msg/NormalizedUnsignedSetpoint.msg\n'}
[0.905864] (px4_msgs) StdoutLine: {'line': b'-- Up-to-date: /home/jmj/pro_asp_ws/ws_px4_controls/install/px4_msgs/share/px4_msgs/msg/ObstacleDistance.msg\n'}
[0.906105] (px4_msgs) StdoutLine: {'line': b'-- Up-to-date: /home/jmj/pro_asp_ws/ws_px4_controls/install/px4_msgs/share/px4_msgs/msg/OffboardControlMode.msg\n'}
[0.906323] (px4_msgs) StdoutLine: {'line': b'-- Up-to-date: /home/jmj/pro_asp_ws/ws_px4_controls/install/px4_msgs/share/px4_msgs/msg/OnboardComputerStatus.msg\n'}
[0.906542] (px4_msgs) StdoutLine: {'line': b'-- Up-to-date: /home/jmj/pro_asp_ws/ws_px4_controls/install/px4_msgs/share/px4_msgs/msg/OpenDroneIdArmStatus.msg\n'}
[0.906890] (px4_msgs) StdoutLine: {'line': b'-- Up-to-date: /home/jmj/pro_asp_ws/ws_px4_controls/install/px4_msgs/share/px4_msgs/msg/OpenDroneIdOperatorId.msg\n'}
[0.907256] (px4_msgs) StdoutLine: {'line': b'-- Up-to-date: /home/jmj/pro_asp_ws/ws_px4_controls/install/px4_msgs/share/px4_msgs/msg/OpenDroneIdSelfId.msg\n'}
[0.907346] (px4_msgs) StdoutLine: {'line': b'-- Up-to-date: /home/jmj/pro_asp_ws/ws_px4_controls/install/px4_msgs/share/px4_msgs/msg/OpenDroneIdSystem.msg\n'}
[0.907721] (px4_msgs) StdoutLine: {'line': b'-- Up-to-date: /home/jmj/pro_asp_ws/ws_px4_controls/install/px4_msgs/share/px4_msgs/msg/OrbTest.msg\n'}
[0.908062] (px4_msgs) StdoutLine: {'line': b'-- Up-to-date: /home/jmj/pro_asp_ws/ws_px4_controls/install/px4_msgs/share/px4_msgs/msg/OrbTestLarge.msg\n'}
[0.908272] (px4_msgs) StdoutLine: {'line': b'-- Up-to-date: /home/jmj/pro_asp_ws/ws_px4_controls/install/px4_msgs/share/px4_msgs/msg/OrbTestMedium.msg\n'}
[0.908498] (px4_msgs) StdoutLine: {'line': b'-- Up-to-date: /home/jmj/pro_asp_ws/ws_px4_controls/install/px4_msgs/share/px4_msgs/msg/OrbitStatus.msg\n'}
[0.908794] (px4_msgs) StdoutLine: {'line': b'-- Up-to-date: /home/jmj/pro_asp_ws/ws_px4_controls/install/px4_msgs/share/px4_msgs/msg/ParameterResetRequest.msg\n'}
[0.909176] (px4_msgs) StdoutLine: {'line': b'-- Up-to-date: /home/jmj/pro_asp_ws/ws_px4_controls/install/px4_msgs/share/px4_msgs/msg/ParameterSetUsedRequest.msg\n'}
[0.909367] (px4_msgs) StdoutLine: {'line': b'-- Up-to-date: /home/jmj/pro_asp_ws/ws_px4_controls/install/px4_msgs/share/px4_msgs/msg/ParameterSetValueRequest.msg\n'}
[0.909577] (px4_msgs) StdoutLine: {'line': b'-- Up-to-date: /home/jmj/pro_asp_ws/ws_px4_controls/install/px4_msgs/share/px4_msgs/msg/ParameterSetValueResponse.msg\n'}
[0.909830] (px4_msgs) StdoutLine: {'line': b'-- Up-to-date: /home/jmj/pro_asp_ws/ws_px4_controls/install/px4_msgs/share/px4_msgs/msg/ParameterUpdate.msg\n'}
[0.910180] (px4_msgs) StdoutLine: {'line': b'-- Up-to-date: /home/jmj/pro_asp_ws/ws_px4_controls/install/px4_msgs/share/px4_msgs/msg/Ping.msg\n'}
[0.910390] (px4_msgs) StdoutLine: {'line': b'-- Up-to-date: /home/jmj/pro_asp_ws/ws_px4_controls/install/px4_msgs/share/px4_msgs/msg/PositionControllerLandingStatus.msg\n'}
[0.910573] (px4_msgs) StdoutLine: {'line': b'-- Up-to-date: /home/jmj/pro_asp_ws/ws_px4_controls/install/px4_msgs/share/px4_msgs/msg/PositionControllerStatus.msg\n'}
[0.910827] (px4_msgs) StdoutLine: {'line': b'-- Up-to-date: /home/jmj/pro_asp_ws/ws_px4_controls/install/px4_msgs/share/px4_msgs/msg/PositionSetpoint.msg\n'}
[0.911179] (px4_msgs) StdoutLine: {'line': b'-- Up-to-date: /home/jmj/pro_asp_ws/ws_px4_controls/install/px4_msgs/share/px4_msgs/msg/PositionSetpointTriplet.msg\n'}
[0.911358] (px4_msgs) StdoutLine: {'line': b'-- Up-to-date: /home/jmj/pro_asp_ws/ws_px4_controls/install/px4_msgs/share/px4_msgs/msg/PowerButtonState.msg\n'}
[0.911590] (px4_msgs) StdoutLine: {'line': b'-- Up-to-date: /home/jmj/pro_asp_ws/ws_px4_controls/install/px4_msgs/share/px4_msgs/msg/PowerMonitor.msg\n'}
[0.911826] (px4_msgs) StdoutLine: {'line': b'-- Up-to-date: /home/jmj/pro_asp_ws/ws_px4_controls/install/px4_msgs/share/px4_msgs/msg/PpsCapture.msg\n'}
[0.912181] (px4_msgs) StdoutLine: {'line': b'-- Up-to-date: /home/jmj/pro_asp_ws/ws_px4_controls/install/px4_msgs/share/px4_msgs/msg/PurePursuitStatus.msg\n'}
[0.912572] (px4_msgs) StdoutLine: {'line': b'-- Up-to-date: /home/jmj/pro_asp_ws/ws_px4_controls/install/px4_msgs/share/px4_msgs/msg/PwmInput.msg\n'}
[0.912637] (px4_msgs) StdoutLine: {'line': b'-- Up-to-date: /home/jmj/pro_asp_ws/ws_px4_controls/install/px4_msgs/share/px4_msgs/msg/Px4ioStatus.msg\n'}
[0.912995] (px4_msgs) StdoutLine: {'line': b'-- Up-to-date: /home/jmj/pro_asp_ws/ws_px4_controls/install/px4_msgs/share/px4_msgs/msg/QshellReq.msg\n'}
[0.913317] (px4_msgs) StdoutLine: {'line': b'-- Up-to-date: /home/jmj/pro_asp_ws/ws_px4_controls/install/px4_msgs/share/px4_msgs/msg/QshellRetval.msg\n'}
[0.913534] (px4_msgs) StdoutLine: {'line': b'-- Up-to-date: /home/jmj/pro_asp_ws/ws_px4_controls/install/px4_msgs/share/px4_msgs/msg/RadioStatus.msg\n'}
[0.913707] (px4_msgs) StdoutLine: {'line': b'-- Up-to-date: /home/jmj/pro_asp_ws/ws_px4_controls/install/px4_msgs/share/px4_msgs/msg/RateCtrlStatus.msg\n'}
[0.913928] (px4_msgs) StdoutLine: {'line': b'-- Up-to-date: /home/jmj/pro_asp_ws/ws_px4_controls/install/px4_msgs/share/px4_msgs/msg/RcChannels.msg\n'}
[0.914273] (px4_msgs) StdoutLine: {'line': b'-- Up-to-date: /home/jmj/pro_asp_ws/ws_px4_controls/install/px4_msgs/share/px4_msgs/msg/RcParameterMap.msg\n'}
[0.914431] (px4_msgs) StdoutLine: {'line': b'-- Up-to-date: /home/jmj/pro_asp_ws/ws_px4_controls/install/px4_msgs/share/px4_msgs/msg/RegisterExtComponentReply.msg\n'}
[0.914636] (px4_msgs) StdoutLine: {'line': b'-- Up-to-date: /home/jmj/pro_asp_ws/ws_px4_controls/install/px4_msgs/share/px4_msgs/msg/RegisterExtComponentRequest.msg\n'}
[0.914838] (px4_msgs) StdoutLine: {'line': b'-- Up-to-date: /home/jmj/pro_asp_ws/ws_px4_controls/install/px4_msgs/share/px4_msgs/msg/RoverAttitudeSetpoint.msg\n'}
[0.915170] (px4_msgs) StdoutLine: {'line': b'-- Up-to-date: /home/jmj/pro_asp_ws/ws_px4_controls/install/px4_msgs/share/px4_msgs/msg/RoverAttitudeStatus.msg\n'}
[0.915339] (px4_msgs) StdoutLine: {'line': b'-- Up-to-date: /home/jmj/pro_asp_ws/ws_px4_controls/install/px4_msgs/share/px4_msgs/msg/RoverPositionSetpoint.msg\n'}
[0.915535] (px4_msgs) StdoutLine: {'line': b'-- Up-to-date: /home/jmj/pro_asp_ws/ws_px4_controls/install/px4_msgs/share/px4_msgs/msg/RoverRateSetpoint.msg\n'}
[0.915754] (px4_msgs) StdoutLine: {'line': b'-- Up-to-date: /home/jmj/pro_asp_ws/ws_px4_controls/install/px4_msgs/share/px4_msgs/msg/RoverRateStatus.msg\n'}
[0.916086] (px4_msgs) StdoutLine: {'line': b'-- Up-to-date: /home/jmj/pro_asp_ws/ws_px4_controls/install/px4_msgs/share/px4_msgs/msg/RoverSteeringSetpoint.msg\n'}
[0.916354] (px4_msgs) StdoutLine: {'line': b'-- Up-to-date: /home/jmj/pro_asp_ws/ws_px4_controls/install/px4_msgs/share/px4_msgs/msg/RoverThrottleSetpoint.msg\n'}
[0.916573] (px4_msgs) StdoutLine: {'line': b'-- Up-to-date: /home/jmj/pro_asp_ws/ws_px4_controls/install/px4_msgs/share/px4_msgs/msg/RoverVelocitySetpoint.msg\n'}
[0.916832] (px4_msgs) StdoutLine: {'line': b'-- Up-to-date: /home/jmj/pro_asp_ws/ws_px4_controls/install/px4_msgs/share/px4_msgs/msg/RoverVelocityStatus.msg\n'}
[0.917205] (px4_msgs) StdoutLine: {'line': b'-- Up-to-date: /home/jmj/pro_asp_ws/ws_px4_controls/install/px4_msgs/share/px4_msgs/msg/Rpm.msg\n'}
[0.917672] (px4_msgs) StdoutLine: {'line': b'-- Up-to-date: /home/jmj/pro_asp_ws/ws_px4_controls/install/px4_msgs/share/px4_msgs/msg/RtlStatus.msg\n'}
[0.917773] (px4_msgs) StdoutLine: {'line': b'-- Up-to-date: /home/jmj/pro_asp_ws/ws_px4_controls/install/px4_msgs/share/px4_msgs/msg/RtlTimeEstimate.msg\n'}
[0.918152] (px4_msgs) StdoutLine: {'line': b'-- Up-to-date: /home/jmj/pro_asp_ws/ws_px4_controls/install/px4_msgs/share/px4_msgs/msg/SatelliteInfo.msg\n'}
[0.918605] (px4_msgs) StdoutLine: {'line': b'-- Up-to-date: /home/jmj/pro_asp_ws/ws_px4_controls/install/px4_msgs/share/px4_msgs/msg/SensorAccel.msg\n'}
[0.918877] (px4_msgs) StdoutLine: {'line': b'-- Up-to-date: /home/jmj/pro_asp_ws/ws_px4_controls/install/px4_msgs/share/px4_msgs/msg/SensorAccelFifo.msg\n'}
[0.919075] (px4_msgs) StdoutLine: {'line': b'-- Up-to-date: /home/jmj/pro_asp_ws/ws_px4_controls/install/px4_msgs/share/px4_msgs/msg/SensorAirflow.msg\n'}
[0.919438] (px4_msgs) StdoutLine: {'line': b'-- Up-to-date: /home/jmj/pro_asp_ws/ws_px4_controls/install/px4_msgs/share/px4_msgs/msg/SensorBaro.msg\n'}
[0.919908] (px4_msgs) StdoutLine: {'line': b'-- Up-to-date: /home/jmj/pro_asp_ws/ws_px4_controls/install/px4_msgs/share/px4_msgs/msg/SensorCombined.msg\n'}
[0.920172] (px4_msgs) StdoutLine: {'line': b'-- Up-to-date: /home/jmj/pro_asp_ws/ws_px4_controls/install/px4_msgs/share/px4_msgs/msg/SensorCorrection.msg\n'}
[0.920459] (px4_msgs) StdoutLine: {'line': b'-- Up-to-date: /home/jmj/pro_asp_ws/ws_px4_controls/install/px4_msgs/share/px4_msgs/msg/SensorGnssRelative.msg\n'}
[0.920826] (px4_msgs) StdoutLine: {'line': b'-- Up-to-date: /home/jmj/pro_asp_ws/ws_px4_controls/install/px4_msgs/share/px4_msgs/msg/SensorGps.msg\n'}
[0.921229] (px4_msgs) StdoutLine: {'line': b'-- Up-to-date: /home/jmj/pro_asp_ws/ws_px4_controls/install/px4_msgs/share/px4_msgs/msg/SensorGyro.msg\n'}
[0.921481] (px4_msgs) StdoutLine: {'line': b'-- Up-to-date: /home/jmj/pro_asp_ws/ws_px4_controls/install/px4_msgs/share/px4_msgs/msg/SensorGyroFft.msg\n'}
[0.921761] (px4_msgs) StdoutLine: {'line': b'-- Up-to-date: /home/jmj/pro_asp_ws/ws_px4_controls/install/px4_msgs/share/px4_msgs/msg/SensorGyroFifo.msg\n'}
[0.922022] (px4_msgs) StdoutLine: {'line': b'-- Up-to-date: /home/jmj/pro_asp_ws/ws_px4_controls/install/px4_msgs/share/px4_msgs/msg/SensorHygrometer.msg\n'}
[0.922431] (px4_msgs) StdoutLine: {'line': b'-- Up-to-date: /home/jmj/pro_asp_ws/ws_px4_controls/install/px4_msgs/share/px4_msgs/msg/SensorMag.msg\n'}
[0.922632] (px4_msgs) StdoutLine: {'line': b'-- Up-to-date: /home/jmj/pro_asp_ws/ws_px4_controls/install/px4_msgs/share/px4_msgs/msg/SensorOpticalFlow.msg\n'}
[0.922913] (px4_msgs) StdoutLine: {'line': b'-- Up-to-date: /home/jmj/pro_asp_ws/ws_px4_controls/install/px4_msgs/share/px4_msgs/msg/SensorPreflightMag.msg\n'}
[0.923238] (px4_msgs) StdoutLine: {'line': b'-- Up-to-date: /home/jmj/pro_asp_ws/ws_px4_controls/install/px4_msgs/share/px4_msgs/msg/SensorSelection.msg\n'}
[0.923907] (px4_msgs) StdoutLine: {'line': b'-- Up-to-date: /home/jmj/pro_asp_ws/ws_px4_controls/install/px4_msgs/share/px4_msgs/msg/SensorUwb.msg\n'}
[0.924078] (px4_msgs) StdoutLine: {'line': b'-- Up-to-date: /home/jmj/pro_asp_ws/ws_px4_controls/install/px4_msgs/share/px4_msgs/msg/SensorsStatus.msg\n'}
[0.924333] (px4_msgs) StdoutLine: {'line': b'-- Up-to-date: /home/jmj/pro_asp_ws/ws_px4_controls/install/px4_msgs/share/px4_msgs/msg/SensorsStatusImu.msg\n'}
[0.924637] (px4_msgs) StdoutLine: {'line': b'-- Up-to-date: /home/jmj/pro_asp_ws/ws_px4_controls/install/px4_msgs/share/px4_msgs/msg/SystemPower.msg\n'}
[0.925064] (px4_msgs) StdoutLine: {'line': b'-- Up-to-date: /home/jmj/pro_asp_ws/ws_px4_controls/install/px4_msgs/share/px4_msgs/msg/TakeoffStatus.msg\n'}
[0.925422] (px4_msgs) StdoutLine: {'line': b'-- Up-to-date: /home/jmj/pro_asp_ws/ws_px4_controls/install/px4_msgs/share/px4_msgs/msg/TaskStackInfo.msg\n'}
[0.925539] (px4_msgs) StdoutLine: {'line': b'-- Up-to-date: /home/jmj/pro_asp_ws/ws_px4_controls/install/px4_msgs/share/px4_msgs/msg/TecsStatus.msg\n'}
[0.925973] (px4_msgs) StdoutLine: {'line': b'-- Up-to-date: /home/jmj/pro_asp_ws/ws_px4_controls/install/px4_msgs/share/px4_msgs/msg/TelemetryStatus.msg\n'}
[0.926347] (px4_msgs) StdoutLine: {'line': b'-- Up-to-date: /home/jmj/pro_asp_ws/ws_px4_controls/install/px4_msgs/share/px4_msgs/msg/TiltrotorExtraControls.msg\n'}
[0.926587] (px4_msgs) StdoutLine: {'line': b'-- Up-to-date: /home/jmj/pro_asp_ws/ws_px4_controls/install/px4_msgs/share/px4_msgs/msg/TimesyncStatus.msg\n'}
[0.926818] (px4_msgs) StdoutLine: {'line': b'-- Up-to-date: /home/jmj/pro_asp_ws/ws_px4_controls/install/px4_msgs/share/px4_msgs/msg/TrajectorySetpoint.msg\n'}
[0.927273] (px4_msgs) StdoutLine: {'line': b'-- Up-to-date: /home/jmj/pro_asp_ws/ws_px4_controls/install/px4_msgs/share/px4_msgs/msg/TrajectorySetpoint6dof.msg\n'}
[0.928406] (px4_msgs) StdoutLine: {'line': b'-- Up-to-date: /home/jmj/pro_asp_ws/ws_px4_controls/install/px4_msgs/share/px4_msgs/msg/TransponderReport.msg\n'}
[0.928995] (px4_msgs) StdoutLine: {'line': b'-- Up-to-date: /home/jmj/pro_asp_ws/ws_px4_controls/install/px4_msgs/share/px4_msgs/msg/TuneControl.msg\n'}
[0.929406] (px4_msgs) StdoutLine: {'line': b'-- Up-to-date: /home/jmj/pro_asp_ws/ws_px4_controls/install/px4_msgs/share/px4_msgs/msg/UavcanParameterRequest.msg\n'}
[0.929628] (px4_msgs) StdoutLine: {'line': b'-- Up-to-date: /home/jmj/pro_asp_ws/ws_px4_controls/install/px4_msgs/share/px4_msgs/msg/UavcanParameterValue.msg\n'}
[0.930054] (px4_msgs) StdoutLine: {'line': b'-- Up-to-date: /home/jmj/pro_asp_ws/ws_px4_controls/install/px4_msgs/share/px4_msgs/msg/UlogStream.msg\n'}
[0.930337] (px4_msgs) StdoutLine: {'line': b'-- Up-to-date: /home/jmj/pro_asp_ws/ws_px4_controls/install/px4_msgs/share/px4_msgs/msg/UlogStreamAck.msg\n'}
[0.930698] (px4_msgs) StdoutLine: {'line': b'-- Up-to-date: /home/jmj/pro_asp_ws/ws_px4_controls/install/px4_msgs/share/px4_msgs/msg/UnregisterExtComponent.msg\n'}
[0.931352] (px4_msgs) StdoutLine: {'line': b'-- Up-to-date: /home/jmj/pro_asp_ws/ws_px4_controls/install/px4_msgs/share/px4_msgs/msg/VehicleAcceleration.msg\n'}
[0.932006] (px4_msgs) StdoutLine: {'line': b'-- Up-to-date: /home/jmj/pro_asp_ws/ws_px4_controls/install/px4_msgs/share/px4_msgs/msg/VehicleAirData.msg\n'}
[0.932276] (px4_msgs) StdoutLine: {'line': b'-- Up-to-date: /home/jmj/pro_asp_ws/ws_px4_controls/install/px4_msgs/share/px4_msgs/msg/VehicleAngularAccelerationSetpoint.msg\n'}
[0.932488] (px4_msgs) StdoutLine: {'line': b'-- Up-to-date: /home/jmj/pro_asp_ws/ws_px4_controls/install/px4_msgs/share/px4_msgs/msg/VehicleAngularVelocity.msg\n'}
[0.932932] (px4_msgs) StdoutLine: {'line': b'-- Up-to-date: /home/jmj/pro_asp_ws/ws_px4_controls/install/px4_msgs/share/px4_msgs/msg/VehicleAttitude.msg\n'}
[0.933397] (px4_msgs) StdoutLine: {'line': b'-- Up-to-date: /home/jmj/pro_asp_ws/ws_px4_controls/install/px4_msgs/share/px4_msgs/msg/VehicleAttitudeSetpoint.msg\n'}
[0.933847] (px4_msgs) StdoutLine: {'line': b'-- Up-to-date: /home/jmj/pro_asp_ws/ws_px4_controls/install/px4_msgs/share/px4_msgs/msg/VehicleCommand.msg\n'}
[0.934028] (px4_msgs) StdoutLine: {'line': b'-- Up-to-date: /home/jmj/pro_asp_ws/ws_px4_controls/install/px4_msgs/share/px4_msgs/msg/VehicleCommandAck.msg\n'}
[0.934510] (px4_msgs) StdoutLine: {'line': b'-- Up-to-date: /home/jmj/pro_asp_ws/ws_px4_controls/install/px4_msgs/share/px4_msgs/msg/VehicleConstraints.msg\n'}
[0.934982] (px4_msgs) StdoutLine: {'line': b'-- Up-to-date: /home/jmj/pro_asp_ws/ws_px4_controls/install/px4_msgs/share/px4_msgs/msg/VehicleControlMode.msg\n'}
[0.935275] (px4_msgs) StdoutLine: {'line': b'-- Up-to-date: /home/jmj/pro_asp_ws/ws_px4_controls/install/px4_msgs/share/px4_msgs/msg/VehicleGlobalPosition.msg\n'}
[0.935568] (px4_msgs) StdoutLine: {'line': b'-- Up-to-date: /home/jmj/pro_asp_ws/ws_px4_controls/install/px4_msgs/share/px4_msgs/msg/VehicleImu.msg\n'}
[0.935942] (px4_msgs) StdoutLine: {'line': b'-- Up-to-date: /home/jmj/pro_asp_ws/ws_px4_controls/install/px4_msgs/share/px4_msgs/msg/VehicleImuStatus.msg\n'}
[0.936428] (px4_msgs) StdoutLine: {'line': b'-- Up-to-date: /home/jmj/pro_asp_ws/ws_px4_controls/install/px4_msgs/share/px4_msgs/msg/VehicleLandDetected.msg\n'}
[0.936697] (px4_msgs) StdoutLine: {'line': b'-- Up-to-date: /home/jmj/pro_asp_ws/ws_px4_controls/install/px4_msgs/share/px4_msgs/msg/VehicleLocalPosition.msg\n'}
[0.936983] (px4_msgs) StdoutLine: {'line': b'-- Up-to-date: /home/jmj/pro_asp_ws/ws_px4_controls/install/px4_msgs/share/px4_msgs/msg/VehicleLocalPositionSetpoint.msg\n'}
[0.937363] (px4_msgs) StdoutLine: {'line': b'-- Up-to-date: /home/jmj/pro_asp_ws/ws_px4_controls/install/px4_msgs/share/px4_msgs/msg/VehicleMagnetometer.msg\n'}
[0.937938] (px4_msgs) StdoutLine: {'line': b'-- Up-to-date: /home/jmj/pro_asp_ws/ws_px4_controls/install/px4_msgs/share/px4_msgs/msg/VehicleOdometry.msg\n'}
[0.938319] (px4_msgs) StdoutLine: {'line': b'-- Up-to-date: /home/jmj/pro_asp_ws/ws_px4_controls/install/px4_msgs/share/px4_msgs/msg/VehicleOpticalFlow.msg\n'}
[0.938616] (px4_msgs) StdoutLine: {'line': b'-- Up-to-date: /home/jmj/pro_asp_ws/ws_px4_controls/install/px4_msgs/share/px4_msgs/msg/VehicleOpticalFlowVel.msg\n'}
[0.938866] (px4_msgs) StdoutLine: {'line': b'-- Up-to-date: /home/jmj/pro_asp_ws/ws_px4_controls/install/px4_msgs/share/px4_msgs/msg/VehicleRatesSetpoint.msg\n'}
[0.939289] (px4_msgs) StdoutLine: {'line': b'-- Up-to-date: /home/jmj/pro_asp_ws/ws_px4_controls/install/px4_msgs/share/px4_msgs/msg/VehicleRoi.msg\n'}
[0.939540] (px4_msgs) StdoutLine: {'line': b'-- Up-to-date: /home/jmj/pro_asp_ws/ws_px4_controls/install/px4_msgs/share/px4_msgs/msg/VehicleStatus.msg\n'}
[0.939810] (px4_msgs) StdoutLine: {'line': b'-- Up-to-date: /home/jmj/pro_asp_ws/ws_px4_controls/install/px4_msgs/share/px4_msgs/msg/VehicleThrustSetpoint.msg\n'}
[0.940139] (px4_msgs) StdoutLine: {'line': b'-- Up-to-date: /home/jmj/pro_asp_ws/ws_px4_controls/install/px4_msgs/share/px4_msgs/msg/VehicleTorqueSetpoint.msg\n'}
[0.940571] (px4_msgs) StdoutLine: {'line': b'-- Up-to-date: /home/jmj/pro_asp_ws/ws_px4_controls/install/px4_msgs/share/px4_msgs/msg/VelocityLimits.msg\n'}
[0.940842] (px4_msgs) StdoutLine: {'line': b'-- Up-to-date: /home/jmj/pro_asp_ws/ws_px4_controls/install/px4_msgs/share/px4_msgs/msg/VtolVehicleStatus.msg\n'}
[0.941128] (px4_msgs) StdoutLine: {'line': b'-- Up-to-date: /home/jmj/pro_asp_ws/ws_px4_controls/install/px4_msgs/share/px4_msgs/msg/WheelEncoders.msg\n'}
[0.941455] (px4_msgs) StdoutLine: {'line': b'-- Up-to-date: /home/jmj/pro_asp_ws/ws_px4_controls/install/px4_msgs/share/px4_msgs/msg/Wind.msg\n'}
[0.941934] (px4_msgs) StdoutLine: {'line': b'-- Up-to-date: /home/jmj/pro_asp_ws/ws_px4_controls/install/px4_msgs/share/px4_msgs/msg/YawEstimatorStatus.msg\n'}
[0.942459] (px4_msgs) StdoutLine: {'line': b'-- Up-to-date: /home/jmj/pro_asp_ws/ws_px4_controls/install/px4_msgs/share/px4_msgs/srv/VehicleCommand.srv\n'}
[0.942556] (px4_msgs) StdoutLine: {'line': b'-- Up-to-date: /home/jmj/pro_asp_ws/ws_px4_controls/install/px4_msgs/share/px4_msgs/srv/VehicleCommand_Request.msg\n'}
[0.943098] (px4_msgs) StdoutLine: {'line': b'-- Up-to-date: /home/jmj/pro_asp_ws/ws_px4_controls/install/px4_msgs/share/px4_msgs/srv/VehicleCommand_Response.msg\n'}
[0.943842] (px4_msgs) StdoutLine: {'line': b'-- Up-to-date: /home/jmj/pro_asp_ws/ws_px4_controls/install/px4_msgs/share/ament_index/resource_index/package_run_dependencies/px4_msgs\n'}
[0.944075] (px4_msgs) StdoutLine: {'line': b'-- Up-to-date: /home/jmj/pro_asp_ws/ws_px4_controls/install/px4_msgs/share/ament_index/resource_index/parent_prefix_path/px4_msgs\n'}
[0.944339] (px4_msgs) StdoutLine: {'line': b'-- Up-to-date: /home/jmj/pro_asp_ws/ws_px4_controls/install/px4_msgs/share/px4_msgs/environment/ament_prefix_path.sh\n'}
[0.944671] (px4_msgs) StdoutLine: {'line': b'-- Up-to-date: /home/jmj/pro_asp_ws/ws_px4_controls/install/px4_msgs/share/px4_msgs/environment/ament_prefix_path.dsv\n'}
[0.945084] (px4_msgs) StdoutLine: {'line': b'-- Up-to-date: /home/jmj/pro_asp_ws/ws_px4_controls/install/px4_msgs/share/px4_msgs/environment/path.sh\n'}
[0.945332] (px4_msgs) StdoutLine: {'line': b'-- Up-to-date: /home/jmj/pro_asp_ws/ws_px4_controls/install/px4_msgs/share/px4_msgs/environment/path.dsv\n'}
[0.945570] (px4_msgs) StdoutLine: {'line': b'-- Up-to-date: /home/jmj/pro_asp_ws/ws_px4_controls/install/px4_msgs/share/px4_msgs/local_setup.bash\n'}
[0.945895] (px4_msgs) StdoutLine: {'line': b'-- Up-to-date: /home/jmj/pro_asp_ws/ws_px4_controls/install/px4_msgs/share/px4_msgs/local_setup.sh\n'}
[0.946332] (px4_msgs) StdoutLine: {'line': b'-- Up-to-date: /home/jmj/pro_asp_ws/ws_px4_controls/install/px4_msgs/share/px4_msgs/local_setup.zsh\n'}
[0.946563] (px4_msgs) StdoutLine: {'line': b'-- Up-to-date: /home/jmj/pro_asp_ws/ws_px4_controls/install/px4_msgs/share/px4_msgs/local_setup.dsv\n'}
[0.946812] (px4_msgs) StdoutLine: {'line': b'-- Installing: /home/jmj/pro_asp_ws/ws_px4_controls/install/px4_msgs/share/px4_msgs/package.dsv\n'}
[0.947317] (px4_msgs) StdoutLine: {'line': b'-- Up-to-date: /home/jmj/pro_asp_ws/ws_px4_controls/install/px4_msgs/share/ament_index/resource_index/packages/px4_msgs\n'}
[0.947796] (px4_msgs) StdoutLine: {'line': b'-- Up-to-date: /home/jmj/pro_asp_ws/ws_px4_controls/install/px4_msgs/share/px4_msgs/cmake/export_px4_msgs__rosidl_generator_cExport.cmake\n'}
[0.948009] (px4_msgs) StdoutLine: {'line': b'-- Up-to-date: /home/jmj/pro_asp_ws/ws_px4_controls/install/px4_msgs/share/px4_msgs/cmake/export_px4_msgs__rosidl_generator_cExport-noconfig.cmake\n'}
[0.948296] (px4_msgs) StdoutLine: {'line': b'-- Up-to-date: /home/jmj/pro_asp_ws/ws_px4_controls/install/px4_msgs/share/px4_msgs/cmake/export_px4_msgs__rosidl_typesupport_fastrtps_cExport.cmake\n'}
[0.948538] (px4_msgs) StdoutLine: {'line': b'-- Up-to-date: /home/jmj/pro_asp_ws/ws_px4_controls/install/px4_msgs/share/px4_msgs/cmake/export_px4_msgs__rosidl_typesupport_fastrtps_cExport-noconfig.cmake\n'}
[0.948943] (px4_msgs) StdoutLine: {'line': b'-- Up-to-date: /home/jmj/pro_asp_ws/ws_px4_controls/install/px4_msgs/share/px4_msgs/cmake/export_px4_msgs__rosidl_generator_cppExport.cmake\n'}
[0.949435] (px4_msgs) StdoutLine: {'line': b'-- Up-to-date: /home/jmj/pro_asp_ws/ws_px4_controls/install/px4_msgs/share/px4_msgs/cmake/export_px4_msgs__rosidl_typesupport_fastrtps_cppExport.cmake\n'}
[0.949525] (px4_msgs) StdoutLine: {'line': b'-- Up-to-date: /home/jmj/pro_asp_ws/ws_px4_controls/install/px4_msgs/share/px4_msgs/cmake/export_px4_msgs__rosidl_typesupport_fastrtps_cppExport-noconfig.cmake\n'}
[0.949984] (px4_msgs) StdoutLine: {'line': b'-- Up-to-date: /home/jmj/pro_asp_ws/ws_px4_controls/install/px4_msgs/share/px4_msgs/cmake/px4_msgs__rosidl_typesupport_introspection_cExport.cmake\n'}
[0.950347] (px4_msgs) StdoutLine: {'line': b'-- Up-to-date: /home/jmj/pro_asp_ws/ws_px4_controls/install/px4_msgs/share/px4_msgs/cmake/px4_msgs__rosidl_typesupport_introspection_cExport-noconfig.cmake\n'}
[0.950595] (px4_msgs) StdoutLine: {'line': b'-- Up-to-date: /home/jmj/pro_asp_ws/ws_px4_controls/install/px4_msgs/share/px4_msgs/cmake/px4_msgs__rosidl_typesupport_cExport.cmake\n'}
[0.950806] (px4_msgs) StdoutLine: {'line': b'-- Up-to-date: /home/jmj/pro_asp_ws/ws_px4_controls/install/px4_msgs/share/px4_msgs/cmake/px4_msgs__rosidl_typesupport_cExport-noconfig.cmake\n'}
[0.951084] (px4_msgs) StdoutLine: {'line': b'-- Up-to-date: /home/jmj/pro_asp_ws/ws_px4_controls/install/px4_msgs/share/px4_msgs/cmake/px4_msgs__rosidl_typesupport_introspection_cppExport.cmake\n'}
[0.951427] (px4_msgs) StdoutLine: {'line': b'-- Up-to-date: /home/jmj/pro_asp_ws/ws_px4_controls/install/px4_msgs/share/px4_msgs/cmake/px4_msgs__rosidl_typesupport_introspection_cppExport-noconfig.cmake\n'}
[0.951654] (px4_msgs) StdoutLine: {'line': b'-- Up-to-date: /home/jmj/pro_asp_ws/ws_px4_controls/install/px4_msgs/share/px4_msgs/cmake/px4_msgs__rosidl_typesupport_cppExport.cmake\n'}
[0.951893] (px4_msgs) StdoutLine: {'line': b'-- Up-to-date: /home/jmj/pro_asp_ws/ws_px4_controls/install/px4_msgs/share/px4_msgs/cmake/px4_msgs__rosidl_typesupport_cppExport-noconfig.cmake\n'}
[0.952162] (px4_msgs) StdoutLine: {'line': b'-- Up-to-date: /home/jmj/pro_asp_ws/ws_px4_controls/install/px4_msgs/share/px4_msgs/cmake/export_px4_msgs__rosidl_generator_pyExport.cmake\n'}
[0.952490] (px4_msgs) StdoutLine: {'line': b'-- Up-to-date: /home/jmj/pro_asp_ws/ws_px4_controls/install/px4_msgs/share/px4_msgs/cmake/export_px4_msgs__rosidl_generator_pyExport-noconfig.cmake\n'}
[0.952696] (px4_msgs) StdoutLine: {'line': b'-- Up-to-date: /home/jmj/pro_asp_ws/ws_px4_controls/install/px4_msgs/share/px4_msgs/cmake/rosidl_cmake-extras.cmake\n'}
[0.952903] (px4_msgs) StdoutLine: {'line': b'-- Up-to-date: /home/jmj/pro_asp_ws/ws_px4_controls/install/px4_msgs/share/px4_msgs/cmake/ament_cmake_export_dependencies-extras.cmake\n'}
[0.953175] (px4_msgs) StdoutLine: {'line': b'-- Up-to-date: /home/jmj/pro_asp_ws/ws_px4_controls/install/px4_msgs/share/px4_msgs/cmake/ament_cmake_export_include_directories-extras.cmake\n'}
[0.953649] (px4_msgs) StdoutLine: {'line': b'-- Up-to-date: /home/jmj/pro_asp_ws/ws_px4_controls/install/px4_msgs/share/px4_msgs/cmake/ament_cmake_export_libraries-extras.cmake\n'}
[0.954112] (px4_msgs) StdoutLine: {'line': b'-- Up-to-date: /home/jmj/pro_asp_ws/ws_px4_controls/install/px4_msgs/share/px4_msgs/cmake/ament_cmake_export_targets-extras.cmake\n'}
[0.954210] (px4_msgs) StdoutLine: {'line': b'-- Up-to-date: /home/jmj/pro_asp_ws/ws_px4_controls/install/px4_msgs/share/px4_msgs/cmake/rosidl_cmake_export_typesupport_targets-extras.cmake\n'}
[0.954569] (px4_msgs) StdoutLine: {'line': b'-- Up-to-date: /home/jmj/pro_asp_ws/ws_px4_controls/install/px4_msgs/share/px4_msgs/cmake/rosidl_cmake_export_typesupport_libraries-extras.cmake\n'}
[0.954970] (px4_msgs) StdoutLine: {'line': b'-- Up-to-date: /home/jmj/pro_asp_ws/ws_px4_controls/install/px4_msgs/share/px4_msgs/cmake/px4_msgsConfig.cmake\n'}
[0.955064] (px4_msgs) StdoutLine: {'line': b'-- Up-to-date: /home/jmj/pro_asp_ws/ws_px4_controls/install/px4_msgs/share/px4_msgs/cmake/px4_msgsConfig-version.cmake\n'}
[0.955230] (px4_msgs) StdoutLine: {'line': b'-- Up-to-date: /home/jmj/pro_asp_ws/ws_px4_controls/install/px4_msgs/share/px4_msgs/package.xml\n'}
[0.959847] (px4_msgs) CommandEnded: {'returncode': 0}
[0.986680] (px4_msgs) JobEnded: {'identifier': 'px4_msgs', 'rc': 0}
[0.988381] (px4_ros_com) JobStarted: {'identifier': 'px4_ros_com'}
[0.993391] (uav_controller_pkg) JobStarted: {'identifier': 'uav_controller_pkg'}
[0.997830] (utilities_pkg) JobStarted: {'identifier': 'utilities_pkg'}
[1.000934] (-) TimerEvent: {}
[1.002951] (px4_ros_com) JobProgress: {'identifier': 'px4_ros_com', 'progress': 'cmake'}
[1.003590] (px4_ros_com) JobProgress: {'identifier': 'px4_ros_com', 'progress': 'build'}
[1.003966] (px4_ros_com) Command: {'cmd': ['/usr/bin/cmake', '--build', '/home/jmj/pro_asp_ws/ws_px4_controls/build/px4_ros_com', '--', '-j20', '-l20'], 'cwd': '/home/jmj/pro_asp_ws/ws_px4_controls/build/px4_ros_com', 'env': OrderedDict([('LESSOPEN', '| /usr/bin/lesspipe %s'), ('USER', 'jmj'), ('LC_TIME', 'ko_KR.UTF-8'), ('CCACHE_DIR', '/var/tmp/ccache'), ('XDG_SESSION_TYPE', 'x11'), ('SHLVL', '1'), ('LD_LIBRARY_PATH', '/home/jmj/pro_asp_ws/ws_px4_controls/install/px4_msgs/lib:/home/jmj/pro_asp_ws/ws_aruco/install/aruco_interfaces/lib:/home/jmj/pro_asp_ws/ws_aruco/install/multi_tracker/lib:/home/jmj/pro_asp_ws/ws_aruco/install/image_geometry/lib:/home/jmj/pro_asp_ws/ws_aruco/install/cv_bridge/lib:/home/jmj/pro_asp_ws/ws_px4_controls/install/px4_ros_com/lib:/opt/ros/humble/opt/rviz_ogre_vendor/lib:/opt/ros/humble/lib/x86_64-linux-gnu:/opt/ros/humble/lib:/usr/local/cuda/lib64'), ('HOME', '/home/jmj'), ('OLDPWD', '/home/jmj/pro_asp_ws'), ('DESKTOP_SESSION', 'ubuntu'), ('NVM_BIN', '/home/jmj/.nvm/versions/node/v22.14.0/bin'), ('NVM_INC', '/home/jmj/.nvm/versions/node/v22.14.0/include/node'), ('ROS_PYTHON_VERSION', '3'), ('GNOME_SHELL_SESSION_MODE', 'ubuntu'), ('GTK_MODULES', 'gail:atk-bridge'), ('LC_MONETARY', 'ko_KR.UTF-8'), ('MANAGERPID', '1020'), ('SYSTEMD_EXEC_PID', '2153'), ('DBUS_SESSION_BUS_ADDRESS', 'unix:path=/run/user/1000/bus'), ('COLORTERM', 'truecolor'), ('TERMINATOR_DBUS_NAME', 'net.tenshu.Terminator21a9d5db22c73a993ff0b42f64b396873'), ('GIO_LAUNCHED_DESKTOP_FILE_PID', '4545'), ('NVM_DIR', '/home/jmj/.nvm'), ('IM_CONFIG_PHASE', '1'), ('COLCON_PREFIX_PATH', '/home/jmj/pro_asp_ws/ws_aruco/install:/home/jmj/pro_asp_ws/ws_px4_controls/install'), ('ROS_DISTRO', 'humble'), ('GTK_IM_MODULE', 'ibus'), ('LOGNAME', 'jmj'), ('JOURNAL_STREAM', '8:7695'), ('_', '/usr/bin/colcon'), ('ROS_VERSION', '2'), ('XDG_SESSION_CLASS', 'user'), ('USERNAME', 'jmj'), ('TERM', 'xterm-256color'), ('GNOME_DESKTOP_SESSION_ID', 'this-is-deprecated'), ('ROS_LOCALHOST_ONLY', '0'), ('WINDOWPATH', '2'), ('PATH', '/home/jmj/anaconda3/bin:/usr/bin:/opt/ros/humble/bin:/home/jmj/.nvm/versions/node/v22.14.0/bin:/usr/local/cuda/bin:/home/jmj/.cargo/bin:/usr/local/sbin:/usr/local/bin:/usr/sbin:/usr/bin:/sbin:/bin:/usr/games:/usr/local/games:/snap/bin:/snap/bin:/home/jmj/.local/bin'), ('SESSION_MANAGER', 'local/jmj:@/tmp/.ICE-unix/1927,unix/jmj:/tmp/.ICE-unix/1927'), ('INVOCATION_ID', '76055a6707e341d29d392405f8760929'), ('XDG_MENU_PREFIX', 'gnome-'), ('LC_ADDRESS', 'ko_KR.UTF-8'), ('XDG_RUNTIME_DIR', '/run/user/1000'), ('DISPLAY', ':0'), ('TERMINATOR_DBUS_PATH', '/net/tenshu/Terminator2'), ('LANG', 'en_US.UTF-8'), ('XDG_CURRENT_DESKTOP', 'ubuntu:GNOME'), ('IBUS_DISABLE_SNOOPER', '1'), ('LC_TELEPHONE', 'ko_KR.UTF-8'), ('XMODIFIERS', '@im=ibus'), ('XDG_SESSION_DESKTOP', 'ubuntu'), ('XAUTHORITY', '/run/user/1000/gdm/Xauthority'), ('LS_COLORS', 'rs=0:di=01;34:ln=01;36:mh=00:pi=40;33:so=01;35:do=01;35:bd=40;33;01:cd=40;33;01:or=40;31;01:mi=00:su=37;41:sg=30;43:ca=30;41:tw=30;42:ow=34;42:st=37;44:ex=01;32:*.tar=01;31:*.tgz=01;31:*.arc=01;31:*.arj=01;31:*.taz=01;31:*.lha=01;31:*.lz4=01;31:*.lzh=01;31:*.lzma=01;31:*.tlz=01;31:*.txz=01;31:*.tzo=01;31:*.t7z=01;31:*.zip=01;31:*.z=01;31:*.dz=01;31:*.gz=01;31:*.lrz=01;31:*.lz=01;31:*.lzo=01;31:*.xz=01;31:*.zst=01;31:*.tzst=01;31:*.bz2=01;31:*.bz=01;31:*.tbz=01;31:*.tbz2=01;31:*.tz=01;31:*.deb=01;31:*.rpm=01;31:*.jar=01;31:*.war=01;31:*.ear=01;31:*.sar=01;31:*.rar=01;31:*.alz=01;31:*.ace=01;31:*.zoo=01;31:*.cpio=01;31:*.7z=01;31:*.rz=01;31:*.cab=01;31:*.wim=01;31:*.swm=01;31:*.dwm=01;31:*.esd=01;31:*.jpg=01;35:*.jpeg=01;35:*.mjpg=01;35:*.mjpeg=01;35:*.gif=01;35:*.bmp=01;35:*.pbm=01;35:*.pgm=01;35:*.ppm=01;35:*.tga=01;35:*.xbm=01;35:*.xpm=01;35:*.tif=01;35:*.tiff=01;35:*.png=01;35:*.svg=01;35:*.svgz=01;35:*.mng=01;35:*.pcx=01;35:*.mov=01;35:*.mpg=01;35:*.mpeg=01;35:*.m2v=01;35:*.mkv=01;35:*.webm=01;35:*.webp=01;35:*.ogm=01;35:*.mp4=01;35:*.m4v=01;35:*.mp4v=01;35:*.vob=01;35:*.qt=01;35:*.nuv=01;35:*.wmv=01;35:*.asf=01;35:*.rm=01;35:*.rmvb=01;35:*.flc=01;35:*.avi=01;35:*.fli=01;35:*.flv=01;35:*.gl=01;35:*.dl=01;35:*.xcf=01;35:*.xwd=01;35:*.yuv=01;35:*.cgm=01;35:*.emf=01;35:*.ogv=01;35:*.ogx=01;35:*.aac=00;36:*.au=00;36:*.flac=00;36:*.m4a=00;36:*.mid=00;36:*.midi=00;36:*.mka=00;36:*.mp3=00;36:*.mpc=00;36:*.ogg=00;36:*.ra=00;36:*.wav=00;36:*.oga=00;36:*.opus=00;36:*.spx=00;36:*.xspf=00;36:'), ('SSH_AGENT_LAUNCHER', 'gnome-keyring'), ('SSH_AUTH_SOCK', '/run/user/1000/keyring/ssh'), ('AMENT_PREFIX_PATH', '/home/jmj/pro_asp_ws/ws_aruco/install/aruco_interfaces:/home/jmj/pro_asp_ws/ws_aruco/install/vision_opencv:/home/jmj/pro_asp_ws/ws_aruco/install/opencv_tests:/home/jmj/pro_asp_ws/ws_aruco/install/multi_tracker:/home/jmj/pro_asp_ws/ws_aruco/install/image_geometry:/home/jmj/pro_asp_ws/ws_aruco/install/cv_bridge:/home/jmj/pro_asp_ws/ws_px4_controls/install/utilities_pkg:/home/jmj/pro_asp_ws/ws_px4_controls/install/uav_controller_pkg:/home/jmj/pro_asp_ws/ws_px4_controls/install/px4_ros_com:/home/jmj/pro_asp_ws/ws_px4_controls/install/px4_msgs:/opt/ros/humble'), ('SHELL', '/bin/bash'), ('LC_NAME', 'ko_KR.UTF-8'), ('TERMINATOR_UUID', 'urn:uuid:ac10e9f5-7634-4617-a685-a5192a4cf882'), ('QT_ACCESSIBILITY', '1'), ('CXX', '/usr/lib/ccache/g++'), ('GDMSESSION', 'ubuntu'), ('LESSCLOSE', '/usr/bin/lesspipe %s %s'), ('LC_MEASUREMENT', 'ko_KR.UTF-8'), ('GPG_AGENT_INFO', '/run/user/1000/gnupg/S.gpg-agent:0:1'), ('LC_IDENTIFICATION', 'ko_KR.UTF-8'), ('QT_IM_MODULE', 'ibus'), ('PWD', '/home/jmj/pro_asp_ws/ws_px4_controls/build/px4_ros_com'), ('LC_ALL', 'en_US.UTF-8'), ('XDG_CONFIG_DIRS', '/etc/xdg/xdg-ubuntu:/etc/xdg'), ('NVM_CD_FLAGS', ''), ('XDG_DATA_DIRS', '/usr/share/ubuntu:/usr/share/gnome:/usr/local/share/:/usr/share/:/var/lib/snapd/desktop'), ('PYTHONPATH', '/home/jmj/pro_asp_ws/ws_aruco/install/aruco_interfaces/local/lib/python3.10/dist-packages:/home/jmj/pro_asp_ws/ws_aruco/install/multi_tracker/local/lib/python3.10/dist-packages:/home/jmj/pro_asp_ws/ws_aruco/install/opencv_tests/lib/python3.10/site-packages:/home/jmj/pro_asp_ws/ws_aruco/install/image_geometry/local/lib/python3.10/dist-packages:/home/jmj/pro_asp_ws/ws_aruco/install/cv_bridge/local/lib/python3.10/dist-packages:/home/jmj/pro_asp_ws/ws_px4_controls/install/px4_ros_com/local/lib/python3.10/dist-packages:/home/jmj/pro_asp_ws/ws_px4_controls/install/px4_msgs/local/lib/python3.10/dist-packages:/opt/ros/humble/lib/python3.10/site-packages:/opt/ros/humble/local/lib/python3.10/dist-packages'), ('LC_NUMERIC', 'ko_KR.UTF-8'), ('LC_PAPER', 'ko_KR.UTF-8'), ('CC', '/usr/lib/ccache/gcc'), ('COLCON', '1'), ('VTE_VERSION', '6800'), ('CMAKE_PREFIX_PATH', '/home/jmj/pro_asp_ws/ws_px4_controls/install/px4_msgs:/home/jmj/pro_asp_ws/ws_aruco/install/aruco_interfaces:/home/jmj/pro_asp_ws/ws_aruco/install/vision_opencv:/home/jmj/pro_asp_ws/ws_aruco/install/multi_tracker:/home/jmj/pro_asp_ws/ws_aruco/install/image_geometry:/home/jmj/pro_asp_ws/ws_aruco/install/cv_bridge:/home/jmj/pro_asp_ws/ws_px4_controls/install/utilities_pkg:/home/jmj/pro_asp_ws/ws_px4_controls/install/uav_controller_pkg:/home/jmj/pro_asp_ws/ws_px4_controls/install/px4_ros_com:/home/jmj/pro_asp_ws/ws_aruco/install/opencv_tests:/opt/ros/humble')]), 'shell': False}
[1.006199] (uav_controller_pkg) JobProgress: {'identifier': 'uav_controller_pkg', 'progress': 'cmake'}
[1.006842] (uav_controller_pkg) JobProgress: {'identifier': 'uav_controller_pkg', 'progress': 'build'}
[1.007033] (uav_controller_pkg) Command: {'cmd': ['/usr/bin/cmake', '--build', '/home/jmj/pro_asp_ws/ws_px4_controls/build/uav_controller_pkg', '--', '-j20', '-l20'], 'cwd': '/home/jmj/pro_asp_ws/ws_px4_controls/build/uav_controller_pkg', 'env': OrderedDict([('LESSOPEN', '| /usr/bin/lesspipe %s'), ('USER', 'jmj'), ('LC_TIME', 'ko_KR.UTF-8'), ('CCACHE_DIR', '/var/tmp/ccache'), ('XDG_SESSION_TYPE', 'x11'), ('SHLVL', '1'), ('LD_LIBRARY_PATH', '/home/jmj/pro_asp_ws/ws_px4_controls/install/px4_msgs/lib:/home/jmj/pro_asp_ws/ws_aruco/install/aruco_interfaces/lib:/home/jmj/pro_asp_ws/ws_aruco/install/multi_tracker/lib:/home/jmj/pro_asp_ws/ws_aruco/install/image_geometry/lib:/home/jmj/pro_asp_ws/ws_aruco/install/cv_bridge/lib:/home/jmj/pro_asp_ws/ws_px4_controls/install/px4_ros_com/lib:/opt/ros/humble/opt/rviz_ogre_vendor/lib:/opt/ros/humble/lib/x86_64-linux-gnu:/opt/ros/humble/lib:/usr/local/cuda/lib64'), ('HOME', '/home/jmj'), ('OLDPWD', '/home/jmj/pro_asp_ws'), ('DESKTOP_SESSION', 'ubuntu'), ('NVM_BIN', '/home/jmj/.nvm/versions/node/v22.14.0/bin'), ('NVM_INC', '/home/jmj/.nvm/versions/node/v22.14.0/include/node'), ('ROS_PYTHON_VERSION', '3'), ('GNOME_SHELL_SESSION_MODE', 'ubuntu'), ('GTK_MODULES', 'gail:atk-bridge'), ('LC_MONETARY', 'ko_KR.UTF-8'), ('MANAGERPID', '1020'), ('SYSTEMD_EXEC_PID', '2153'), ('DBUS_SESSION_BUS_ADDRESS', 'unix:path=/run/user/1000/bus'), ('COLORTERM', 'truecolor'), ('TERMINATOR_DBUS_NAME', 'net.tenshu.Terminator21a9d5db22c73a993ff0b42f64b396873'), ('GIO_LAUNCHED_DESKTOP_FILE_PID', '4545'), ('NVM_DIR', '/home/jmj/.nvm'), ('IM_CONFIG_PHASE', '1'), ('COLCON_PREFIX_PATH', '/home/jmj/pro_asp_ws/ws_aruco/install:/home/jmj/pro_asp_ws/ws_px4_controls/install'), ('ROS_DISTRO', 'humble'), ('GTK_IM_MODULE', 'ibus'), ('LOGNAME', 'jmj'), ('JOURNAL_STREAM', '8:7695'), ('_', '/usr/bin/colcon'), ('ROS_VERSION', '2'), ('XDG_SESSION_CLASS', 'user'), ('USERNAME', 'jmj'), ('TERM', 'xterm-256color'), ('GNOME_DESKTOP_SESSION_ID', 'this-is-deprecated'), ('ROS_LOCALHOST_ONLY', '0'), ('WINDOWPATH', '2'), ('PATH', '/home/jmj/anaconda3/bin:/usr/bin:/opt/ros/humble/bin:/home/jmj/.nvm/versions/node/v22.14.0/bin:/usr/local/cuda/bin:/home/jmj/.cargo/bin:/usr/local/sbin:/usr/local/bin:/usr/sbin:/usr/bin:/sbin:/bin:/usr/games:/usr/local/games:/snap/bin:/snap/bin:/home/jmj/.local/bin'), ('SESSION_MANAGER', 'local/jmj:@/tmp/.ICE-unix/1927,unix/jmj:/tmp/.ICE-unix/1927'), ('INVOCATION_ID', '76055a6707e341d29d392405f8760929'), ('XDG_MENU_PREFIX', 'gnome-'), ('LC_ADDRESS', 'ko_KR.UTF-8'), ('XDG_RUNTIME_DIR', '/run/user/1000'), ('DISPLAY', ':0'), ('TERMINATOR_DBUS_PATH', '/net/tenshu/Terminator2'), ('LANG', 'en_US.UTF-8'), ('XDG_CURRENT_DESKTOP', 'ubuntu:GNOME'), ('IBUS_DISABLE_SNOOPER', '1'), ('LC_TELEPHONE', 'ko_KR.UTF-8'), ('XMODIFIERS', '@im=ibus'), ('XDG_SESSION_DESKTOP', 'ubuntu'), ('XAUTHORITY', '/run/user/1000/gdm/Xauthority'), ('LS_COLORS', 'rs=0:di=01;34:ln=01;36:mh=00:pi=40;33:so=01;35:do=01;35:bd=40;33;01:cd=40;33;01:or=40;31;01:mi=00:su=37;41:sg=30;43:ca=30;41:tw=30;42:ow=34;42:st=37;44:ex=01;32:*.tar=01;31:*.tgz=01;31:*.arc=01;31:*.arj=01;31:*.taz=01;31:*.lha=01;31:*.lz4=01;31:*.lzh=01;31:*.lzma=01;31:*.tlz=01;31:*.txz=01;31:*.tzo=01;31:*.t7z=01;31:*.zip=01;31:*.z=01;31:*.dz=01;31:*.gz=01;31:*.lrz=01;31:*.lz=01;31:*.lzo=01;31:*.xz=01;31:*.zst=01;31:*.tzst=01;31:*.bz2=01;31:*.bz=01;31:*.tbz=01;31:*.tbz2=01;31:*.tz=01;31:*.deb=01;31:*.rpm=01;31:*.jar=01;31:*.war=01;31:*.ear=01;31:*.sar=01;31:*.rar=01;31:*.alz=01;31:*.ace=01;31:*.zoo=01;31:*.cpio=01;31:*.7z=01;31:*.rz=01;31:*.cab=01;31:*.wim=01;31:*.swm=01;31:*.dwm=01;31:*.esd=01;31:*.jpg=01;35:*.jpeg=01;35:*.mjpg=01;35:*.mjpeg=01;35:*.gif=01;35:*.bmp=01;35:*.pbm=01;35:*.pgm=01;35:*.ppm=01;35:*.tga=01;35:*.xbm=01;35:*.xpm=01;35:*.tif=01;35:*.tiff=01;35:*.png=01;35:*.svg=01;35:*.svgz=01;35:*.mng=01;35:*.pcx=01;35:*.mov=01;35:*.mpg=01;35:*.mpeg=01;35:*.m2v=01;35:*.mkv=01;35:*.webm=01;35:*.webp=01;35:*.ogm=01;35:*.mp4=01;35:*.m4v=01;35:*.mp4v=01;35:*.vob=01;35:*.qt=01;35:*.nuv=01;35:*.wmv=01;35:*.asf=01;35:*.rm=01;35:*.rmvb=01;35:*.flc=01;35:*.avi=01;35:*.fli=01;35:*.flv=01;35:*.gl=01;35:*.dl=01;35:*.xcf=01;35:*.xwd=01;35:*.yuv=01;35:*.cgm=01;35:*.emf=01;35:*.ogv=01;35:*.ogx=01;35:*.aac=00;36:*.au=00;36:*.flac=00;36:*.m4a=00;36:*.mid=00;36:*.midi=00;36:*.mka=00;36:*.mp3=00;36:*.mpc=00;36:*.ogg=00;36:*.ra=00;36:*.wav=00;36:*.oga=00;36:*.opus=00;36:*.spx=00;36:*.xspf=00;36:'), ('SSH_AGENT_LAUNCHER', 'gnome-keyring'), ('SSH_AUTH_SOCK', '/run/user/1000/keyring/ssh'), ('AMENT_PREFIX_PATH', '/home/jmj/pro_asp_ws/ws_aruco/install/aruco_interfaces:/home/jmj/pro_asp_ws/ws_aruco/install/vision_opencv:/home/jmj/pro_asp_ws/ws_aruco/install/opencv_tests:/home/jmj/pro_asp_ws/ws_aruco/install/multi_tracker:/home/jmj/pro_asp_ws/ws_aruco/install/image_geometry:/home/jmj/pro_asp_ws/ws_aruco/install/cv_bridge:/home/jmj/pro_asp_ws/ws_px4_controls/install/utilities_pkg:/home/jmj/pro_asp_ws/ws_px4_controls/install/uav_controller_pkg:/home/jmj/pro_asp_ws/ws_px4_controls/install/px4_ros_com:/home/jmj/pro_asp_ws/ws_px4_controls/install/px4_msgs:/opt/ros/humble'), ('SHELL', '/bin/bash'), ('LC_NAME', 'ko_KR.UTF-8'), ('TERMINATOR_UUID', 'urn:uuid:ac10e9f5-7634-4617-a685-a5192a4cf882'), ('QT_ACCESSIBILITY', '1'), ('CXX', '/usr/lib/ccache/g++'), ('GDMSESSION', 'ubuntu'), ('LESSCLOSE', '/usr/bin/lesspipe %s %s'), ('LC_MEASUREMENT', 'ko_KR.UTF-8'), ('GPG_AGENT_INFO', '/run/user/1000/gnupg/S.gpg-agent:0:1'), ('LC_IDENTIFICATION', 'ko_KR.UTF-8'), ('QT_IM_MODULE', 'ibus'), ('PWD', '/home/jmj/pro_asp_ws/ws_px4_controls/build/uav_controller_pkg'), ('LC_ALL', 'en_US.UTF-8'), ('XDG_CONFIG_DIRS', '/etc/xdg/xdg-ubuntu:/etc/xdg'), ('NVM_CD_FLAGS', ''), ('XDG_DATA_DIRS', '/usr/share/ubuntu:/usr/share/gnome:/usr/local/share/:/usr/share/:/var/lib/snapd/desktop'), ('PYTHONPATH', '/home/jmj/pro_asp_ws/ws_aruco/install/aruco_interfaces/local/lib/python3.10/dist-packages:/home/jmj/pro_asp_ws/ws_aruco/install/multi_tracker/local/lib/python3.10/dist-packages:/home/jmj/pro_asp_ws/ws_aruco/install/opencv_tests/lib/python3.10/site-packages:/home/jmj/pro_asp_ws/ws_aruco/install/image_geometry/local/lib/python3.10/dist-packages:/home/jmj/pro_asp_ws/ws_aruco/install/cv_bridge/local/lib/python3.10/dist-packages:/home/jmj/pro_asp_ws/ws_px4_controls/install/px4_ros_com/local/lib/python3.10/dist-packages:/home/jmj/pro_asp_ws/ws_px4_controls/install/px4_msgs/local/lib/python3.10/dist-packages:/opt/ros/humble/lib/python3.10/site-packages:/opt/ros/humble/local/lib/python3.10/dist-packages'), ('LC_NUMERIC', 'ko_KR.UTF-8'), ('LC_PAPER', 'ko_KR.UTF-8'), ('CC', '/usr/lib/ccache/gcc'), ('COLCON', '1'), ('VTE_VERSION', '6800'), ('CMAKE_PREFIX_PATH', '/home/jmj/pro_asp_ws/ws_px4_controls/install/px4_msgs:/home/jmj/pro_asp_ws/ws_aruco/install/aruco_interfaces:/home/jmj/pro_asp_ws/ws_aruco/install/vision_opencv:/home/jmj/pro_asp_ws/ws_aruco/install/multi_tracker:/home/jmj/pro_asp_ws/ws_aruco/install/image_geometry:/home/jmj/pro_asp_ws/ws_aruco/install/cv_bridge:/home/jmj/pro_asp_ws/ws_px4_controls/install/utilities_pkg:/home/jmj/pro_asp_ws/ws_px4_controls/install/uav_controller_pkg:/home/jmj/pro_asp_ws/ws_px4_controls/install/px4_ros_com:/home/jmj/pro_asp_ws/ws_aruco/install/opencv_tests:/opt/ros/humble')]), 'shell': False}
[1.009176] (utilities_pkg) JobProgress: {'identifier': 'utilities_pkg', 'progress': 'cmake'}
[1.009468] (utilities_pkg) JobProgress: {'identifier': 'utilities_pkg', 'progress': 'build'}
[1.009775] (utilities_pkg) Command: {'cmd': ['/usr/bin/cmake', '--build', '/home/jmj/pro_asp_ws/ws_px4_controls/build/utilities_pkg', '--', '-j20', '-l20'], 'cwd': '/home/jmj/pro_asp_ws/ws_px4_controls/build/utilities_pkg', 'env': OrderedDict([('LESSOPEN', '| /usr/bin/lesspipe %s'), ('USER', 'jmj'), ('LC_TIME', 'ko_KR.UTF-8'), ('CCACHE_DIR', '/var/tmp/ccache'), ('XDG_SESSION_TYPE', 'x11'), ('SHLVL', '1'), ('LD_LIBRARY_PATH', '/home/jmj/pro_asp_ws/ws_px4_controls/install/px4_msgs/lib:/home/jmj/pro_asp_ws/ws_aruco/install/aruco_interfaces/lib:/home/jmj/pro_asp_ws/ws_aruco/install/multi_tracker/lib:/home/jmj/pro_asp_ws/ws_aruco/install/image_geometry/lib:/home/jmj/pro_asp_ws/ws_aruco/install/cv_bridge/lib:/home/jmj/pro_asp_ws/ws_px4_controls/install/px4_ros_com/lib:/opt/ros/humble/opt/rviz_ogre_vendor/lib:/opt/ros/humble/lib/x86_64-linux-gnu:/opt/ros/humble/lib:/usr/local/cuda/lib64'), ('HOME', '/home/jmj'), ('OLDPWD', '/home/jmj/pro_asp_ws'), ('DESKTOP_SESSION', 'ubuntu'), ('NVM_BIN', '/home/jmj/.nvm/versions/node/v22.14.0/bin'), ('NVM_INC', '/home/jmj/.nvm/versions/node/v22.14.0/include/node'), ('ROS_PYTHON_VERSION', '3'), ('GNOME_SHELL_SESSION_MODE', 'ubuntu'), ('GTK_MODULES', 'gail:atk-bridge'), ('LC_MONETARY', 'ko_KR.UTF-8'), ('MANAGERPID', '1020'), ('SYSTEMD_EXEC_PID', '2153'), ('DBUS_SESSION_BUS_ADDRESS', 'unix:path=/run/user/1000/bus'), ('COLORTERM', 'truecolor'), ('TERMINATOR_DBUS_NAME', 'net.tenshu.Terminator21a9d5db22c73a993ff0b42f64b396873'), ('GIO_LAUNCHED_DESKTOP_FILE_PID', '4545'), ('NVM_DIR', '/home/jmj/.nvm'), ('IM_CONFIG_PHASE', '1'), ('COLCON_PREFIX_PATH', '/home/jmj/pro_asp_ws/ws_aruco/install:/home/jmj/pro_asp_ws/ws_px4_controls/install'), ('ROS_DISTRO', 'humble'), ('GTK_IM_MODULE', 'ibus'), ('LOGNAME', 'jmj'), ('JOURNAL_STREAM', '8:7695'), ('_', '/usr/bin/colcon'), ('ROS_VERSION', '2'), ('XDG_SESSION_CLASS', 'user'), ('USERNAME', 'jmj'), ('TERM', 'xterm-256color'), ('GNOME_DESKTOP_SESSION_ID', 'this-is-deprecated'), ('ROS_LOCALHOST_ONLY', '0'), ('WINDOWPATH', '2'), ('PATH', '/home/jmj/anaconda3/bin:/usr/bin:/opt/ros/humble/bin:/home/jmj/.nvm/versions/node/v22.14.0/bin:/usr/local/cuda/bin:/home/jmj/.cargo/bin:/usr/local/sbin:/usr/local/bin:/usr/sbin:/usr/bin:/sbin:/bin:/usr/games:/usr/local/games:/snap/bin:/snap/bin:/home/jmj/.local/bin'), ('SESSION_MANAGER', 'local/jmj:@/tmp/.ICE-unix/1927,unix/jmj:/tmp/.ICE-unix/1927'), ('INVOCATION_ID', '76055a6707e341d29d392405f8760929'), ('XDG_MENU_PREFIX', 'gnome-'), ('LC_ADDRESS', 'ko_KR.UTF-8'), ('XDG_RUNTIME_DIR', '/run/user/1000'), ('DISPLAY', ':0'), ('TERMINATOR_DBUS_PATH', '/net/tenshu/Terminator2'), ('LANG', 'en_US.UTF-8'), ('XDG_CURRENT_DESKTOP', 'ubuntu:GNOME'), ('IBUS_DISABLE_SNOOPER', '1'), ('LC_TELEPHONE', 'ko_KR.UTF-8'), ('XMODIFIERS', '@im=ibus'), ('XDG_SESSION_DESKTOP', 'ubuntu'), ('XAUTHORITY', '/run/user/1000/gdm/Xauthority'), ('LS_COLORS', 'rs=0:di=01;34:ln=01;36:mh=00:pi=40;33:so=01;35:do=01;35:bd=40;33;01:cd=40;33;01:or=40;31;01:mi=00:su=37;41:sg=30;43:ca=30;41:tw=30;42:ow=34;42:st=37;44:ex=01;32:*.tar=01;31:*.tgz=01;31:*.arc=01;31:*.arj=01;31:*.taz=01;31:*.lha=01;31:*.lz4=01;31:*.lzh=01;31:*.lzma=01;31:*.tlz=01;31:*.txz=01;31:*.tzo=01;31:*.t7z=01;31:*.zip=01;31:*.z=01;31:*.dz=01;31:*.gz=01;31:*.lrz=01;31:*.lz=01;31:*.lzo=01;31:*.xz=01;31:*.zst=01;31:*.tzst=01;31:*.bz2=01;31:*.bz=01;31:*.tbz=01;31:*.tbz2=01;31:*.tz=01;31:*.deb=01;31:*.rpm=01;31:*.jar=01;31:*.war=01;31:*.ear=01;31:*.sar=01;31:*.rar=01;31:*.alz=01;31:*.ace=01;31:*.zoo=01;31:*.cpio=01;31:*.7z=01;31:*.rz=01;31:*.cab=01;31:*.wim=01;31:*.swm=01;31:*.dwm=01;31:*.esd=01;31:*.jpg=01;35:*.jpeg=01;35:*.mjpg=01;35:*.mjpeg=01;35:*.gif=01;35:*.bmp=01;35:*.pbm=01;35:*.pgm=01;35:*.ppm=01;35:*.tga=01;35:*.xbm=01;35:*.xpm=01;35:*.tif=01;35:*.tiff=01;35:*.png=01;35:*.svg=01;35:*.svgz=01;35:*.mng=01;35:*.pcx=01;35:*.mov=01;35:*.mpg=01;35:*.mpeg=01;35:*.m2v=01;35:*.mkv=01;35:*.webm=01;35:*.webp=01;35:*.ogm=01;35:*.mp4=01;35:*.m4v=01;35:*.mp4v=01;35:*.vob=01;35:*.qt=01;35:*.nuv=01;35:*.wmv=01;35:*.asf=01;35:*.rm=01;35:*.rmvb=01;35:*.flc=01;35:*.avi=01;35:*.fli=01;35:*.flv=01;35:*.gl=01;35:*.dl=01;35:*.xcf=01;35:*.xwd=01;35:*.yuv=01;35:*.cgm=01;35:*.emf=01;35:*.ogv=01;35:*.ogx=01;35:*.aac=00;36:*.au=00;36:*.flac=00;36:*.m4a=00;36:*.mid=00;36:*.midi=00;36:*.mka=00;36:*.mp3=00;36:*.mpc=00;36:*.ogg=00;36:*.ra=00;36:*.wav=00;36:*.oga=00;36:*.opus=00;36:*.spx=00;36:*.xspf=00;36:'), ('SSH_AGENT_LAUNCHER', 'gnome-keyring'), ('SSH_AUTH_SOCK', '/run/user/1000/keyring/ssh'), ('AMENT_PREFIX_PATH', '/home/jmj/pro_asp_ws/ws_aruco/install/aruco_interfaces:/home/jmj/pro_asp_ws/ws_aruco/install/vision_opencv:/home/jmj/pro_asp_ws/ws_aruco/install/opencv_tests:/home/jmj/pro_asp_ws/ws_aruco/install/multi_tracker:/home/jmj/pro_asp_ws/ws_aruco/install/image_geometry:/home/jmj/pro_asp_ws/ws_aruco/install/cv_bridge:/home/jmj/pro_asp_ws/ws_px4_controls/install/utilities_pkg:/home/jmj/pro_asp_ws/ws_px4_controls/install/uav_controller_pkg:/home/jmj/pro_asp_ws/ws_px4_controls/install/px4_ros_com:/home/jmj/pro_asp_ws/ws_px4_controls/install/px4_msgs:/opt/ros/humble'), ('SHELL', '/bin/bash'), ('LC_NAME', 'ko_KR.UTF-8'), ('TERMINATOR_UUID', 'urn:uuid:ac10e9f5-7634-4617-a685-a5192a4cf882'), ('QT_ACCESSIBILITY', '1'), ('CXX', '/usr/lib/ccache/g++'), ('GDMSESSION', 'ubuntu'), ('LESSCLOSE', '/usr/bin/lesspipe %s %s'), ('LC_MEASUREMENT', 'ko_KR.UTF-8'), ('GPG_AGENT_INFO', '/run/user/1000/gnupg/S.gpg-agent:0:1'), ('LC_IDENTIFICATION', 'ko_KR.UTF-8'), ('QT_IM_MODULE', 'ibus'), ('PWD', '/home/jmj/pro_asp_ws/ws_px4_controls/build/utilities_pkg'), ('LC_ALL', 'en_US.UTF-8'), ('XDG_CONFIG_DIRS', '/etc/xdg/xdg-ubuntu:/etc/xdg'), ('NVM_CD_FLAGS', ''), ('XDG_DATA_DIRS', '/usr/share/ubuntu:/usr/share/gnome:/usr/local/share/:/usr/share/:/var/lib/snapd/desktop'), ('PYTHONPATH', '/home/jmj/pro_asp_ws/ws_aruco/install/aruco_interfaces/local/lib/python3.10/dist-packages:/home/jmj/pro_asp_ws/ws_aruco/install/multi_tracker/local/lib/python3.10/dist-packages:/home/jmj/pro_asp_ws/ws_aruco/install/opencv_tests/lib/python3.10/site-packages:/home/jmj/pro_asp_ws/ws_aruco/install/image_geometry/local/lib/python3.10/dist-packages:/home/jmj/pro_asp_ws/ws_aruco/install/cv_bridge/local/lib/python3.10/dist-packages:/home/jmj/pro_asp_ws/ws_px4_controls/install/px4_ros_com/local/lib/python3.10/dist-packages:/home/jmj/pro_asp_ws/ws_px4_controls/install/px4_msgs/local/lib/python3.10/dist-packages:/opt/ros/humble/lib/python3.10/site-packages:/opt/ros/humble/local/lib/python3.10/dist-packages'), ('LC_NUMERIC', 'ko_KR.UTF-8'), ('LC_PAPER', 'ko_KR.UTF-8'), ('CC', '/usr/lib/ccache/gcc'), ('COLCON', '1'), ('VTE_VERSION', '6800'), ('CMAKE_PREFIX_PATH', '/home/jmj/pro_asp_ws/ws_px4_controls/install/px4_msgs:/home/jmj/pro_asp_ws/ws_aruco/install/aruco_interfaces:/home/jmj/pro_asp_ws/ws_aruco/install/vision_opencv:/home/jmj/pro_asp_ws/ws_aruco/install/multi_tracker:/home/jmj/pro_asp_ws/ws_aruco/install/image_geometry:/home/jmj/pro_asp_ws/ws_aruco/install/cv_bridge:/home/jmj/pro_asp_ws/ws_px4_controls/install/utilities_pkg:/home/jmj/pro_asp_ws/ws_px4_controls/install/uav_controller_pkg:/home/jmj/pro_asp_ws/ws_px4_controls/install/px4_ros_com:/home/jmj/pro_asp_ws/ws_aruco/install/opencv_tests:/opt/ros/humble')]), 'shell': False}
[1.052980] (uav_controller_pkg) StdoutLine: {'line': b'\x1b[35m\x1b[1mConsolidate compiler generated dependencies of target uav_controller\x1b[0m\n'}
[1.055264] (px4_ros_com) StdoutLine: {'line': b'[ 12%] Built target frame_transforms\n'}
[1.057595] (px4_ros_com) StdoutLine: {'line': b'[ 25%] Built target sensor_combined_listener\n'}
[1.058037] (px4_ros_com) StdoutLine: {'line': b'[ 37%] Built target debug_vect_advertiser\n'}
[1.058233] (px4_ros_com) StdoutLine: {'line': b'[ 50%] Built target vehicle_gps_position_listener\n'}
[1.058615] (px4_ros_com) StdoutLine: {'line': b'[ 62%] Built target cli_pose_command\n'}
[1.060508] (px4_ros_com) StdoutLine: {'line': b'[ 75%] Built target offboard_control_srv\n'}
[1.061619] (px4_ros_com) StdoutLine: {'line': b'[100%] Built target offboard_control_key\n'}
[1.061869] (px4_ros_com) StdoutLine: {'line': b'[100%] Built target offboard_control\n'}
[1.063410] (uav_controller_pkg) StdoutLine: {'line': b'[ 33%] Built target offboard_control_node\n'}
[1.066055] (utilities_pkg) StdoutLine: {'line': b'[100%] Built target keyboard_control_node\n'}
[1.066181] (uav_controller_pkg) StdoutLine: {'line': b'[ 83%] Built target pose_to_tf_broadcaster\n'}
[1.066219] (uav_controller_pkg) StdoutLine: {'line': b'[ 83%] \x1b[32mBuilding CXX object CMakeFiles/uav_controller.dir/src/uav_controller.cpp.o\x1b[0m\n'}
[1.066454] (px4_ros_com) StdoutLine: {'line': b'[100%] Built target ament_cmake_python_copy_px4_ros_com\n'}
[1.074997] (utilities_pkg) CommandEnded: {'returncode': 0}
[1.075612] (utilities_pkg) JobProgress: {'identifier': 'utilities_pkg', 'progress': 'install'}
[1.075983] (utilities_pkg) Command: {'cmd': ['/usr/bin/cmake', '--install', '/home/jmj/pro_asp_ws/ws_px4_controls/build/utilities_pkg'], 'cwd': '/home/jmj/pro_asp_ws/ws_px4_controls/build/utilities_pkg', 'env': OrderedDict([('LESSOPEN', '| /usr/bin/lesspipe %s'), ('USER', 'jmj'), ('LC_TIME', 'ko_KR.UTF-8'), ('CCACHE_DIR', '/var/tmp/ccache'), ('XDG_SESSION_TYPE', 'x11'), ('SHLVL', '1'), ('LD_LIBRARY_PATH', '/home/jmj/pro_asp_ws/ws_px4_controls/install/px4_msgs/lib:/home/jmj/pro_asp_ws/ws_aruco/install/aruco_interfaces/lib:/home/jmj/pro_asp_ws/ws_aruco/install/multi_tracker/lib:/home/jmj/pro_asp_ws/ws_aruco/install/image_geometry/lib:/home/jmj/pro_asp_ws/ws_aruco/install/cv_bridge/lib:/home/jmj/pro_asp_ws/ws_px4_controls/install/px4_ros_com/lib:/opt/ros/humble/opt/rviz_ogre_vendor/lib:/opt/ros/humble/lib/x86_64-linux-gnu:/opt/ros/humble/lib:/usr/local/cuda/lib64'), ('HOME', '/home/jmj'), ('OLDPWD', '/home/jmj/pro_asp_ws'), ('DESKTOP_SESSION', 'ubuntu'), ('NVM_BIN', '/home/jmj/.nvm/versions/node/v22.14.0/bin'), ('NVM_INC', '/home/jmj/.nvm/versions/node/v22.14.0/include/node'), ('ROS_PYTHON_VERSION', '3'), ('GNOME_SHELL_SESSION_MODE', 'ubuntu'), ('GTK_MODULES', 'gail:atk-bridge'), ('LC_MONETARY', 'ko_KR.UTF-8'), ('MANAGERPID', '1020'), ('SYSTEMD_EXEC_PID', '2153'), ('DBUS_SESSION_BUS_ADDRESS', 'unix:path=/run/user/1000/bus'), ('COLORTERM', 'truecolor'), ('TERMINATOR_DBUS_NAME', 'net.tenshu.Terminator21a9d5db22c73a993ff0b42f64b396873'), ('GIO_LAUNCHED_DESKTOP_FILE_PID', '4545'), ('NVM_DIR', '/home/jmj/.nvm'), ('IM_CONFIG_PHASE', '1'), ('COLCON_PREFIX_PATH', '/home/jmj/pro_asp_ws/ws_aruco/install:/home/jmj/pro_asp_ws/ws_px4_controls/install'), ('ROS_DISTRO', 'humble'), ('GTK_IM_MODULE', 'ibus'), ('LOGNAME', 'jmj'), ('JOURNAL_STREAM', '8:7695'), ('_', '/usr/bin/colcon'), ('ROS_VERSION', '2'), ('XDG_SESSION_CLASS', 'user'), ('USERNAME', 'jmj'), ('TERM', 'xterm-256color'), ('GNOME_DESKTOP_SESSION_ID', 'this-is-deprecated'), ('ROS_LOCALHOST_ONLY', '0'), ('WINDOWPATH', '2'), ('PATH', '/home/jmj/anaconda3/bin:/usr/bin:/opt/ros/humble/bin:/home/jmj/.nvm/versions/node/v22.14.0/bin:/usr/local/cuda/bin:/home/jmj/.cargo/bin:/usr/local/sbin:/usr/local/bin:/usr/sbin:/usr/bin:/sbin:/bin:/usr/games:/usr/local/games:/snap/bin:/snap/bin:/home/jmj/.local/bin'), ('SESSION_MANAGER', 'local/jmj:@/tmp/.ICE-unix/1927,unix/jmj:/tmp/.ICE-unix/1927'), ('INVOCATION_ID', '76055a6707e341d29d392405f8760929'), ('XDG_MENU_PREFIX', 'gnome-'), ('LC_ADDRESS', 'ko_KR.UTF-8'), ('XDG_RUNTIME_DIR', '/run/user/1000'), ('DISPLAY', ':0'), ('TERMINATOR_DBUS_PATH', '/net/tenshu/Terminator2'), ('LANG', 'en_US.UTF-8'), ('XDG_CURRENT_DESKTOP', 'ubuntu:GNOME'), ('IBUS_DISABLE_SNOOPER', '1'), ('LC_TELEPHONE', 'ko_KR.UTF-8'), ('XMODIFIERS', '@im=ibus'), ('XDG_SESSION_DESKTOP', 'ubuntu'), ('XAUTHORITY', '/run/user/1000/gdm/Xauthority'), ('LS_COLORS', 'rs=0:di=01;34:ln=01;36:mh=00:pi=40;33:so=01;35:do=01;35:bd=40;33;01:cd=40;33;01:or=40;31;01:mi=00:su=37;41:sg=30;43:ca=30;41:tw=30;42:ow=34;42:st=37;44:ex=01;32:*.tar=01;31:*.tgz=01;31:*.arc=01;31:*.arj=01;31:*.taz=01;31:*.lha=01;31:*.lz4=01;31:*.lzh=01;31:*.lzma=01;31:*.tlz=01;31:*.txz=01;31:*.tzo=01;31:*.t7z=01;31:*.zip=01;31:*.z=01;31:*.dz=01;31:*.gz=01;31:*.lrz=01;31:*.lz=01;31:*.lzo=01;31:*.xz=01;31:*.zst=01;31:*.tzst=01;31:*.bz2=01;31:*.bz=01;31:*.tbz=01;31:*.tbz2=01;31:*.tz=01;31:*.deb=01;31:*.rpm=01;31:*.jar=01;31:*.war=01;31:*.ear=01;31:*.sar=01;31:*.rar=01;31:*.alz=01;31:*.ace=01;31:*.zoo=01;31:*.cpio=01;31:*.7z=01;31:*.rz=01;31:*.cab=01;31:*.wim=01;31:*.swm=01;31:*.dwm=01;31:*.esd=01;31:*.jpg=01;35:*.jpeg=01;35:*.mjpg=01;35:*.mjpeg=01;35:*.gif=01;35:*.bmp=01;35:*.pbm=01;35:*.pgm=01;35:*.ppm=01;35:*.tga=01;35:*.xbm=01;35:*.xpm=01;35:*.tif=01;35:*.tiff=01;35:*.png=01;35:*.svg=01;35:*.svgz=01;35:*.mng=01;35:*.pcx=01;35:*.mov=01;35:*.mpg=01;35:*.mpeg=01;35:*.m2v=01;35:*.mkv=01;35:*.webm=01;35:*.webp=01;35:*.ogm=01;35:*.mp4=01;35:*.m4v=01;35:*.mp4v=01;35:*.vob=01;35:*.qt=01;35:*.nuv=01;35:*.wmv=01;35:*.asf=01;35:*.rm=01;35:*.rmvb=01;35:*.flc=01;35:*.avi=01;35:*.fli=01;35:*.flv=01;35:*.gl=01;35:*.dl=01;35:*.xcf=01;35:*.xwd=01;35:*.yuv=01;35:*.cgm=01;35:*.emf=01;35:*.ogv=01;35:*.ogx=01;35:*.aac=00;36:*.au=00;36:*.flac=00;36:*.m4a=00;36:*.mid=00;36:*.midi=00;36:*.mka=00;36:*.mp3=00;36:*.mpc=00;36:*.ogg=00;36:*.ra=00;36:*.wav=00;36:*.oga=00;36:*.opus=00;36:*.spx=00;36:*.xspf=00;36:'), ('SSH_AGENT_LAUNCHER', 'gnome-keyring'), ('SSH_AUTH_SOCK', '/run/user/1000/keyring/ssh'), ('AMENT_PREFIX_PATH', '/home/jmj/pro_asp_ws/ws_aruco/install/aruco_interfaces:/home/jmj/pro_asp_ws/ws_aruco/install/vision_opencv:/home/jmj/pro_asp_ws/ws_aruco/install/opencv_tests:/home/jmj/pro_asp_ws/ws_aruco/install/multi_tracker:/home/jmj/pro_asp_ws/ws_aruco/install/image_geometry:/home/jmj/pro_asp_ws/ws_aruco/install/cv_bridge:/home/jmj/pro_asp_ws/ws_px4_controls/install/utilities_pkg:/home/jmj/pro_asp_ws/ws_px4_controls/install/uav_controller_pkg:/home/jmj/pro_asp_ws/ws_px4_controls/install/px4_ros_com:/home/jmj/pro_asp_ws/ws_px4_controls/install/px4_msgs:/opt/ros/humble'), ('SHELL', '/bin/bash'), ('LC_NAME', 'ko_KR.UTF-8'), ('TERMINATOR_UUID', 'urn:uuid:ac10e9f5-7634-4617-a685-a5192a4cf882'), ('QT_ACCESSIBILITY', '1'), ('CXX', '/usr/lib/ccache/g++'), ('GDMSESSION', 'ubuntu'), ('LESSCLOSE', '/usr/bin/lesspipe %s %s'), ('LC_MEASUREMENT', 'ko_KR.UTF-8'), ('GPG_AGENT_INFO', '/run/user/1000/gnupg/S.gpg-agent:0:1'), ('LC_IDENTIFICATION', 'ko_KR.UTF-8'), ('QT_IM_MODULE', 'ibus'), ('PWD', '/home/jmj/pro_asp_ws/ws_px4_controls/build/utilities_pkg'), ('LC_ALL', 'en_US.UTF-8'), ('XDG_CONFIG_DIRS', '/etc/xdg/xdg-ubuntu:/etc/xdg'), ('NVM_CD_FLAGS', ''), ('XDG_DATA_DIRS', '/usr/share/ubuntu:/usr/share/gnome:/usr/local/share/:/usr/share/:/var/lib/snapd/desktop'), ('PYTHONPATH', '/home/jmj/pro_asp_ws/ws_aruco/install/aruco_interfaces/local/lib/python3.10/dist-packages:/home/jmj/pro_asp_ws/ws_aruco/install/multi_tracker/local/lib/python3.10/dist-packages:/home/jmj/pro_asp_ws/ws_aruco/install/opencv_tests/lib/python3.10/site-packages:/home/jmj/pro_asp_ws/ws_aruco/install/image_geometry/local/lib/python3.10/dist-packages:/home/jmj/pro_asp_ws/ws_aruco/install/cv_bridge/local/lib/python3.10/dist-packages:/home/jmj/pro_asp_ws/ws_px4_controls/install/px4_ros_com/local/lib/python3.10/dist-packages:/home/jmj/pro_asp_ws/ws_px4_controls/install/px4_msgs/local/lib/python3.10/dist-packages:/opt/ros/humble/lib/python3.10/site-packages:/opt/ros/humble/local/lib/python3.10/dist-packages'), ('LC_NUMERIC', 'ko_KR.UTF-8'), ('LC_PAPER', 'ko_KR.UTF-8'), ('CC', '/usr/lib/ccache/gcc'), ('COLCON', '1'), ('VTE_VERSION', '6800'), ('CMAKE_PREFIX_PATH', '/home/jmj/pro_asp_ws/ws_px4_controls/install/px4_msgs:/home/jmj/pro_asp_ws/ws_aruco/install/aruco_interfaces:/home/jmj/pro_asp_ws/ws_aruco/install/vision_opencv:/home/jmj/pro_asp_ws/ws_aruco/install/multi_tracker:/home/jmj/pro_asp_ws/ws_aruco/install/image_geometry:/home/jmj/pro_asp_ws/ws_aruco/install/cv_bridge:/home/jmj/pro_asp_ws/ws_px4_controls/install/utilities_pkg:/home/jmj/pro_asp_ws/ws_px4_controls/install/uav_controller_pkg:/home/jmj/pro_asp_ws/ws_px4_controls/install/px4_ros_com:/home/jmj/pro_asp_ws/ws_aruco/install/opencv_tests:/opt/ros/humble')]), 'shell': False}
[1.081640] (utilities_pkg) StdoutLine: {'line': b'-- Install configuration: ""\n'}
[1.081809] (utilities_pkg) StdoutLine: {'line': b'-- Up-to-date: /home/jmj/pro_asp_ws/ws_px4_controls/install/utilities_pkg/lib/utilities_pkg/keyboard_control_node\n'}
[1.081912] (utilities_pkg) StdoutLine: {'line': b'-- Up-to-date: /home/jmj/pro_asp_ws/ws_px4_controls/install/utilities_pkg/share/ament_index/resource_index/package_run_dependencies/utilities_pkg\n'}
[1.081989] (utilities_pkg) StdoutLine: {'line': b'-- Up-to-date: /home/jmj/pro_asp_ws/ws_px4_controls/install/utilities_pkg/share/ament_index/resource_index/parent_prefix_path/utilities_pkg\n'}
[1.082047] (utilities_pkg) StdoutLine: {'line': b'-- Up-to-date: /home/jmj/pro_asp_ws/ws_px4_controls/install/utilities_pkg/share/utilities_pkg/environment/ament_prefix_path.sh\n'}
[1.082078] (utilities_pkg) StdoutLine: {'line': b'-- Up-to-date: /home/jmj/pro_asp_ws/ws_px4_controls/install/utilities_pkg/share/utilities_pkg/environment/ament_prefix_path.dsv\n'}
[1.082102] (utilities_pkg) StdoutLine: {'line': b'-- Up-to-date: /home/jmj/pro_asp_ws/ws_px4_controls/install/utilities_pkg/share/utilities_pkg/environment/path.sh\n'}
[1.082126] (utilities_pkg) StdoutLine: {'line': b'-- Up-to-date: /home/jmj/pro_asp_ws/ws_px4_controls/install/utilities_pkg/share/utilities_pkg/environment/path.dsv\n'}
[1.082149] (utilities_pkg) StdoutLine: {'line': b'-- Up-to-date: /home/jmj/pro_asp_ws/ws_px4_controls/install/utilities_pkg/share/utilities_pkg/local_setup.bash\n'}
[1.082173] (utilities_pkg) StdoutLine: {'line': b'-- Up-to-date: /home/jmj/pro_asp_ws/ws_px4_controls/install/utilities_pkg/share/utilities_pkg/local_setup.sh\n'}
[1.082197] (utilities_pkg) StdoutLine: {'line': b'-- Up-to-date: /home/jmj/pro_asp_ws/ws_px4_controls/install/utilities_pkg/share/utilities_pkg/local_setup.zsh\n'}
[1.082221] (utilities_pkg) StdoutLine: {'line': b'-- Up-to-date: /home/jmj/pro_asp_ws/ws_px4_controls/install/utilities_pkg/share/utilities_pkg/local_setup.dsv\n'}
[1.082245] (utilities_pkg) StdoutLine: {'line': b'-- Installing: /home/jmj/pro_asp_ws/ws_px4_controls/install/utilities_pkg/share/utilities_pkg/package.dsv\n'}
[1.082293] (utilities_pkg) StdoutLine: {'line': b'-- Up-to-date: /home/jmj/pro_asp_ws/ws_px4_controls/install/utilities_pkg/share/ament_index/resource_index/packages/utilities_pkg\n'}
[1.082323] (utilities_pkg) StdoutLine: {'line': b'-- Up-to-date: /home/jmj/pro_asp_ws/ws_px4_controls/install/utilities_pkg/share/utilities_pkg/cmake/utilities_pkgConfig.cmake\n'}
[1.082350] (utilities_pkg) StdoutLine: {'line': b'-- Up-to-date: /home/jmj/pro_asp_ws/ws_px4_controls/install/utilities_pkg/share/utilities_pkg/cmake/utilities_pkgConfig-version.cmake\n'}
[1.082373] (utilities_pkg) StdoutLine: {'line': b'-- Up-to-date: /home/jmj/pro_asp_ws/ws_px4_controls/install/utilities_pkg/share/utilities_pkg/package.xml\n'}
[1.083821] (utilities_pkg) CommandEnded: {'returncode': 0}
[1.094128] (utilities_pkg) JobEnded: {'identifier': 'utilities_pkg', 'rc': 0}
[1.101040] (-) TimerEvent: {}
[1.201352] (-) TimerEvent: {}
[1.255639] (px4_ros_com) StdoutLine: {'line': b'running egg_info\n'}
[1.256405] (px4_ros_com) StdoutLine: {'line': b'writing px4_ros_com.egg-info/PKG-INFO\n'}
[1.256574] (px4_ros_com) StdoutLine: {'line': b'writing dependency_links to px4_ros_com.egg-info/dependency_links.txt\n'}
[1.256638] (px4_ros_com) StdoutLine: {'line': b'writing top-level names to px4_ros_com.egg-info/top_level.txt\n'}
[1.258903] (px4_ros_com) StdoutLine: {'line': b"reading manifest file 'px4_ros_com.egg-info/SOURCES.txt'\n"}
[1.259284] (px4_ros_com) StdoutLine: {'line': b"writing manifest file 'px4_ros_com.egg-info/SOURCES.txt'\n"}
[1.282142] (px4_ros_com) StdoutLine: {'line': b'[100%] Built target ament_cmake_python_build_px4_ros_com_egg\n'}
[1.291018] (px4_ros_com) CommandEnded: {'returncode': 0}
[1.291509] (px4_ros_com) JobProgress: {'identifier': 'px4_ros_com', 'progress': 'install'}
[1.291666] (px4_ros_com) Command: {'cmd': ['/usr/bin/cmake', '--install', '/home/jmj/pro_asp_ws/ws_px4_controls/build/px4_ros_com'], 'cwd': '/home/jmj/pro_asp_ws/ws_px4_controls/build/px4_ros_com', 'env': OrderedDict([('LESSOPEN', '| /usr/bin/lesspipe %s'), ('USER', 'jmj'), ('LC_TIME', 'ko_KR.UTF-8'), ('CCACHE_DIR', '/var/tmp/ccache'), ('XDG_SESSION_TYPE', 'x11'), ('SHLVL', '1'), ('LD_LIBRARY_PATH', '/home/jmj/pro_asp_ws/ws_px4_controls/install/px4_msgs/lib:/home/jmj/pro_asp_ws/ws_aruco/install/aruco_interfaces/lib:/home/jmj/pro_asp_ws/ws_aruco/install/multi_tracker/lib:/home/jmj/pro_asp_ws/ws_aruco/install/image_geometry/lib:/home/jmj/pro_asp_ws/ws_aruco/install/cv_bridge/lib:/home/jmj/pro_asp_ws/ws_px4_controls/install/px4_ros_com/lib:/opt/ros/humble/opt/rviz_ogre_vendor/lib:/opt/ros/humble/lib/x86_64-linux-gnu:/opt/ros/humble/lib:/usr/local/cuda/lib64'), ('HOME', '/home/jmj'), ('OLDPWD', '/home/jmj/pro_asp_ws'), ('DESKTOP_SESSION', 'ubuntu'), ('NVM_BIN', '/home/jmj/.nvm/versions/node/v22.14.0/bin'), ('NVM_INC', '/home/jmj/.nvm/versions/node/v22.14.0/include/node'), ('ROS_PYTHON_VERSION', '3'), ('GNOME_SHELL_SESSION_MODE', 'ubuntu'), ('GTK_MODULES', 'gail:atk-bridge'), ('LC_MONETARY', 'ko_KR.UTF-8'), ('MANAGERPID', '1020'), ('SYSTEMD_EXEC_PID', '2153'), ('DBUS_SESSION_BUS_ADDRESS', 'unix:path=/run/user/1000/bus'), ('COLORTERM', 'truecolor'), ('TERMINATOR_DBUS_NAME', 'net.tenshu.Terminator21a9d5db22c73a993ff0b42f64b396873'), ('GIO_LAUNCHED_DESKTOP_FILE_PID', '4545'), ('NVM_DIR', '/home/jmj/.nvm'), ('IM_CONFIG_PHASE', '1'), ('COLCON_PREFIX_PATH', '/home/jmj/pro_asp_ws/ws_aruco/install:/home/jmj/pro_asp_ws/ws_px4_controls/install'), ('ROS_DISTRO', 'humble'), ('GTK_IM_MODULE', 'ibus'), ('LOGNAME', 'jmj'), ('JOURNAL_STREAM', '8:7695'), ('_', '/usr/bin/colcon'), ('ROS_VERSION', '2'), ('XDG_SESSION_CLASS', 'user'), ('USERNAME', 'jmj'), ('TERM', 'xterm-256color'), ('GNOME_DESKTOP_SESSION_ID', 'this-is-deprecated'), ('ROS_LOCALHOST_ONLY', '0'), ('WINDOWPATH', '2'), ('PATH', '/home/jmj/anaconda3/bin:/usr/bin:/opt/ros/humble/bin:/home/jmj/.nvm/versions/node/v22.14.0/bin:/usr/local/cuda/bin:/home/jmj/.cargo/bin:/usr/local/sbin:/usr/local/bin:/usr/sbin:/usr/bin:/sbin:/bin:/usr/games:/usr/local/games:/snap/bin:/snap/bin:/home/jmj/.local/bin'), ('SESSION_MANAGER', 'local/jmj:@/tmp/.ICE-unix/1927,unix/jmj:/tmp/.ICE-unix/1927'), ('INVOCATION_ID', '76055a6707e341d29d392405f8760929'), ('XDG_MENU_PREFIX', 'gnome-'), ('LC_ADDRESS', 'ko_KR.UTF-8'), ('XDG_RUNTIME_DIR', '/run/user/1000'), ('DISPLAY', ':0'), ('TERMINATOR_DBUS_PATH', '/net/tenshu/Terminator2'), ('LANG', 'en_US.UTF-8'), ('XDG_CURRENT_DESKTOP', 'ubuntu:GNOME'), ('IBUS_DISABLE_SNOOPER', '1'), ('LC_TELEPHONE', 'ko_KR.UTF-8'), ('XMODIFIERS', '@im=ibus'), ('XDG_SESSION_DESKTOP', 'ubuntu'), ('XAUTHORITY', '/run/user/1000/gdm/Xauthority'), ('LS_COLORS', 'rs=0:di=01;34:ln=01;36:mh=00:pi=40;33:so=01;35:do=01;35:bd=40;33;01:cd=40;33;01:or=40;31;01:mi=00:su=37;41:sg=30;43:ca=30;41:tw=30;42:ow=34;42:st=37;44:ex=01;32:*.tar=01;31:*.tgz=01;31:*.arc=01;31:*.arj=01;31:*.taz=01;31:*.lha=01;31:*.lz4=01;31:*.lzh=01;31:*.lzma=01;31:*.tlz=01;31:*.txz=01;31:*.tzo=01;31:*.t7z=01;31:*.zip=01;31:*.z=01;31:*.dz=01;31:*.gz=01;31:*.lrz=01;31:*.lz=01;31:*.lzo=01;31:*.xz=01;31:*.zst=01;31:*.tzst=01;31:*.bz2=01;31:*.bz=01;31:*.tbz=01;31:*.tbz2=01;31:*.tz=01;31:*.deb=01;31:*.rpm=01;31:*.jar=01;31:*.war=01;31:*.ear=01;31:*.sar=01;31:*.rar=01;31:*.alz=01;31:*.ace=01;31:*.zoo=01;31:*.cpio=01;31:*.7z=01;31:*.rz=01;31:*.cab=01;31:*.wim=01;31:*.swm=01;31:*.dwm=01;31:*.esd=01;31:*.jpg=01;35:*.jpeg=01;35:*.mjpg=01;35:*.mjpeg=01;35:*.gif=01;35:*.bmp=01;35:*.pbm=01;35:*.pgm=01;35:*.ppm=01;35:*.tga=01;35:*.xbm=01;35:*.xpm=01;35:*.tif=01;35:*.tiff=01;35:*.png=01;35:*.svg=01;35:*.svgz=01;35:*.mng=01;35:*.pcx=01;35:*.mov=01;35:*.mpg=01;35:*.mpeg=01;35:*.m2v=01;35:*.mkv=01;35:*.webm=01;35:*.webp=01;35:*.ogm=01;35:*.mp4=01;35:*.m4v=01;35:*.mp4v=01;35:*.vob=01;35:*.qt=01;35:*.nuv=01;35:*.wmv=01;35:*.asf=01;35:*.rm=01;35:*.rmvb=01;35:*.flc=01;35:*.avi=01;35:*.fli=01;35:*.flv=01;35:*.gl=01;35:*.dl=01;35:*.xcf=01;35:*.xwd=01;35:*.yuv=01;35:*.cgm=01;35:*.emf=01;35:*.ogv=01;35:*.ogx=01;35:*.aac=00;36:*.au=00;36:*.flac=00;36:*.m4a=00;36:*.mid=00;36:*.midi=00;36:*.mka=00;36:*.mp3=00;36:*.mpc=00;36:*.ogg=00;36:*.ra=00;36:*.wav=00;36:*.oga=00;36:*.opus=00;36:*.spx=00;36:*.xspf=00;36:'), ('SSH_AGENT_LAUNCHER', 'gnome-keyring'), ('SSH_AUTH_SOCK', '/run/user/1000/keyring/ssh'), ('AMENT_PREFIX_PATH', '/home/jmj/pro_asp_ws/ws_aruco/install/aruco_interfaces:/home/jmj/pro_asp_ws/ws_aruco/install/vision_opencv:/home/jmj/pro_asp_ws/ws_aruco/install/opencv_tests:/home/jmj/pro_asp_ws/ws_aruco/install/multi_tracker:/home/jmj/pro_asp_ws/ws_aruco/install/image_geometry:/home/jmj/pro_asp_ws/ws_aruco/install/cv_bridge:/home/jmj/pro_asp_ws/ws_px4_controls/install/utilities_pkg:/home/jmj/pro_asp_ws/ws_px4_controls/install/uav_controller_pkg:/home/jmj/pro_asp_ws/ws_px4_controls/install/px4_ros_com:/home/jmj/pro_asp_ws/ws_px4_controls/install/px4_msgs:/opt/ros/humble'), ('SHELL', '/bin/bash'), ('LC_NAME', 'ko_KR.UTF-8'), ('TERMINATOR_UUID', 'urn:uuid:ac10e9f5-7634-4617-a685-a5192a4cf882'), ('QT_ACCESSIBILITY', '1'), ('CXX', '/usr/lib/ccache/g++'), ('GDMSESSION', 'ubuntu'), ('LESSCLOSE', '/usr/bin/lesspipe %s %s'), ('LC_MEASUREMENT', 'ko_KR.UTF-8'), ('GPG_AGENT_INFO', '/run/user/1000/gnupg/S.gpg-agent:0:1'), ('LC_IDENTIFICATION', 'ko_KR.UTF-8'), ('QT_IM_MODULE', 'ibus'), ('PWD', '/home/jmj/pro_asp_ws/ws_px4_controls/build/px4_ros_com'), ('LC_ALL', 'en_US.UTF-8'), ('XDG_CONFIG_DIRS', '/etc/xdg/xdg-ubuntu:/etc/xdg'), ('NVM_CD_FLAGS', ''), ('XDG_DATA_DIRS', '/usr/share/ubuntu:/usr/share/gnome:/usr/local/share/:/usr/share/:/var/lib/snapd/desktop'), ('PYTHONPATH', '/home/jmj/pro_asp_ws/ws_aruco/install/aruco_interfaces/local/lib/python3.10/dist-packages:/home/jmj/pro_asp_ws/ws_aruco/install/multi_tracker/local/lib/python3.10/dist-packages:/home/jmj/pro_asp_ws/ws_aruco/install/opencv_tests/lib/python3.10/site-packages:/home/jmj/pro_asp_ws/ws_aruco/install/image_geometry/local/lib/python3.10/dist-packages:/home/jmj/pro_asp_ws/ws_aruco/install/cv_bridge/local/lib/python3.10/dist-packages:/home/jmj/pro_asp_ws/ws_px4_controls/install/px4_ros_com/local/lib/python3.10/dist-packages:/home/jmj/pro_asp_ws/ws_px4_controls/install/px4_msgs/local/lib/python3.10/dist-packages:/opt/ros/humble/lib/python3.10/site-packages:/opt/ros/humble/local/lib/python3.10/dist-packages'), ('LC_NUMERIC', 'ko_KR.UTF-8'), ('LC_PAPER', 'ko_KR.UTF-8'), ('CC', '/usr/lib/ccache/gcc'), ('COLCON', '1'), ('VTE_VERSION', '6800'), ('CMAKE_PREFIX_PATH', '/home/jmj/pro_asp_ws/ws_px4_controls/install/px4_msgs:/home/jmj/pro_asp_ws/ws_aruco/install/aruco_interfaces:/home/jmj/pro_asp_ws/ws_aruco/install/vision_opencv:/home/jmj/pro_asp_ws/ws_aruco/install/multi_tracker:/home/jmj/pro_asp_ws/ws_aruco/install/image_geometry:/home/jmj/pro_asp_ws/ws_aruco/install/cv_bridge:/home/jmj/pro_asp_ws/ws_px4_controls/install/utilities_pkg:/home/jmj/pro_asp_ws/ws_px4_controls/install/uav_controller_pkg:/home/jmj/pro_asp_ws/ws_px4_controls/install/px4_ros_com:/home/jmj/pro_asp_ws/ws_aruco/install/opencv_tests:/opt/ros/humble')]), 'shell': False}
[1.299190] (px4_ros_com) StdoutLine: {'line': b'-- Install configuration: ""\n'}
[1.299364] (px4_ros_com) StdoutLine: {'line': b'-- Up-to-date: /home/jmj/pro_asp_ws/ws_px4_controls/install/px4_ros_com/lib/px4_ros_com/sensor_combined_listener\n'}
[1.299428] (px4_ros_com) StdoutLine: {'line': b'-- Up-to-date: /home/jmj/pro_asp_ws/ws_px4_controls/install/px4_ros_com/lib/px4_ros_com/vehicle_gps_position_listener\n'}
[1.299474] (px4_ros_com) StdoutLine: {'line': b'-- Up-to-date: /home/jmj/pro_asp_ws/ws_px4_controls/install/px4_ros_com/lib/px4_ros_com/debug_vect_advertiser\n'}
[1.299536] (px4_ros_com) StdoutLine: {'line': b'-- Up-to-date: /home/jmj/pro_asp_ws/ws_px4_controls/install/px4_ros_com/lib/px4_ros_com/offboard_control\n'}
[1.299639] (px4_ros_com) StdoutLine: {'line': b'-- Up-to-date: /home/jmj/pro_asp_ws/ws_px4_controls/install/px4_ros_com/lib/px4_ros_com/offboard_control_srv\n'}
[1.299742] (px4_ros_com) StdoutLine: {'line': b'-- Up-to-date: /home/jmj/pro_asp_ws/ws_px4_controls/install/px4_ros_com/lib/px4_ros_com/offboard_control_key\n'}
[1.299853] (px4_ros_com) StdoutLine: {'line': b'-- Up-to-date: /home/jmj/pro_asp_ws/ws_px4_controls/install/px4_ros_com/lib/px4_ros_com/cli_pose_command\n'}
[1.299939] (px4_ros_com) StdoutLine: {'line': b'-- Up-to-date: /home/jmj/pro_asp_ws/ws_px4_controls/install/px4_ros_com/share/px4_ros_com/environment/library_path.sh\n'}
[1.299974] (px4_ros_com) StdoutLine: {'line': b'-- Up-to-date: /home/jmj/pro_asp_ws/ws_px4_controls/install/px4_ros_com/share/px4_ros_com/environment/library_path.dsv\n'}
[1.300000] (px4_ros_com) StdoutLine: {'line': b'-- Up-to-date: /home/jmj/pro_asp_ws/ws_px4_controls/install/px4_ros_com/include/px4_ros_com\n'}
[1.300044] (px4_ros_com) StdoutLine: {'line': b'-- Up-to-date: /home/jmj/pro_asp_ws/ws_px4_controls/install/px4_ros_com/include/px4_ros_com/frame_transforms.h\n'}
[1.300069] (px4_ros_com) StdoutLine: {'line': b'-- Up-to-date: /home/jmj/pro_asp_ws/ws_px4_controls/install/px4_ros_com/lib/libframe_transforms.so\n'}
[1.300105] (px4_ros_com) StdoutLine: {'line': b'-- Up-to-date: /home/jmj/pro_asp_ws/ws_px4_controls/install/px4_ros_com/share/px4_ros_com//launch\n'}
[1.300210] (px4_ros_com) StdoutLine: {'line': b'-- Up-to-date: /home/jmj/pro_asp_ws/ws_px4_controls/install/px4_ros_com/share/px4_ros_com//launch/sensor_combined_listener.launch.py\n'}
[1.300250] (px4_ros_com) StdoutLine: {'line': b'-- Up-to-date: /home/jmj/pro_asp_ws/ws_px4_controls/install/px4_ros_com/share/px4_ros_com//launch/offboard_control_launch.yaml\n'}
[1.300275] (px4_ros_com) StdoutLine: {'line': b'-- Up-to-date: /home/jmj/pro_asp_ws/ws_px4_controls/install/px4_ros_com/share/px4_ros_com//test\n'}
[1.300301] (px4_ros_com) StdoutLine: {'line': b'-- Up-to-date: /home/jmj/pro_asp_ws/ws_px4_controls/install/px4_ros_com/share/px4_ros_com//test/test_input.py\n'}
[1.300327] (px4_ros_com) StdoutLine: {'line': b'-- Up-to-date: /home/jmj/pro_asp_ws/ws_px4_controls/install/px4_ros_com/share/px4_ros_com//test/__init__.py\n'}
[1.300351] (px4_ros_com) StdoutLine: {'line': b'-- Up-to-date: /home/jmj/pro_asp_ws/ws_px4_controls/install/px4_ros_com/share/px4_ros_com//test/test_output.py\n'}
[1.300376] (px4_ros_com) StdoutLine: {'line': b'-- Up-to-date: /home/jmj/pro_asp_ws/ws_px4_controls/install/px4_ros_com/share/px4_ros_com//test/pipeline_io_test.py\n'}
[1.300399] (px4_ros_com) StdoutLine: {'line': b'-- Up-to-date: /home/jmj/pro_asp_ws/ws_px4_controls/install/px4_ros_com/share/px4_ros_com/environment/pythonpath.sh\n'}
[1.300423] (px4_ros_com) StdoutLine: {'line': b'-- Up-to-date: /home/jmj/pro_asp_ws/ws_px4_controls/install/px4_ros_com/share/px4_ros_com/environment/pythonpath.dsv\n'}
[1.300459] (px4_ros_com) StdoutLine: {'line': b'-- Up-to-date: /home/jmj/pro_asp_ws/ws_px4_controls/install/px4_ros_com/local/lib/python3.10/dist-packages/px4_ros_com-0.1.0-py3.10.egg-info\n'}
[1.300520] (px4_ros_com) StdoutLine: {'line': b'-- Installing: /home/jmj/pro_asp_ws/ws_px4_controls/install/px4_ros_com/local/lib/python3.10/dist-packages/px4_ros_com-0.1.0-py3.10.egg-info/dependency_links.txt\n'}
[1.300549] (px4_ros_com) StdoutLine: {'line': b'-- Installing: /home/jmj/pro_asp_ws/ws_px4_controls/install/px4_ros_com/local/lib/python3.10/dist-packages/px4_ros_com-0.1.0-py3.10.egg-info/top_level.txt\n'}
[1.300576] (px4_ros_com) StdoutLine: {'line': b'-- Installing: /home/jmj/pro_asp_ws/ws_px4_controls/install/px4_ros_com/local/lib/python3.10/dist-packages/px4_ros_com-0.1.0-py3.10.egg-info/PKG-INFO\n'}
[1.300602] (px4_ros_com) StdoutLine: {'line': b'-- Installing: /home/jmj/pro_asp_ws/ws_px4_controls/install/px4_ros_com/local/lib/python3.10/dist-packages/px4_ros_com-0.1.0-py3.10.egg-info/SOURCES.txt\n'}
[1.300645] (px4_ros_com) StdoutLine: {'line': b'-- Up-to-date: /home/jmj/pro_asp_ws/ws_px4_controls/install/px4_ros_com/local/lib/python3.10/dist-packages/px4_ros_com\n'}
[1.300679] (px4_ros_com) StdoutLine: {'line': b'-- Up-to-date: /home/jmj/pro_asp_ws/ws_px4_controls/install/px4_ros_com/local/lib/python3.10/dist-packages/px4_ros_com/__init__.py\n'}
[1.300704] (px4_ros_com) StdoutLine: {'line': b'-- Up-to-date: /home/jmj/pro_asp_ws/ws_px4_controls/install/px4_ros_com/local/lib/python3.10/dist-packages/px4_ros_com/module_to_import.py\n'}
[1.301405] (-) TimerEvent: {}
[1.324875] (px4_ros_com) StdoutLine: {'line': b"Listing '/home/jmj/pro_asp_ws/ws_px4_controls/install/px4_ros_com/local/lib/python3.10/dist-packages/px4_ros_com'...\n"}
[1.327862] (px4_ros_com) StdoutLine: {'line': b'-- Up-to-date: /home/jmj/pro_asp_ws/ws_px4_controls/install/px4_ros_com/lib/px4_ros_com/offboard_control.py\n'}
[1.328003] (px4_ros_com) StdoutLine: {'line': b'-- Up-to-date: /home/jmj/pro_asp_ws/ws_px4_controls/install/px4_ros_com/share/ament_index/resource_index/package_run_dependencies/px4_ros_com\n'}
[1.328037] (px4_ros_com) StdoutLine: {'line': b'-- Up-to-date: /home/jmj/pro_asp_ws/ws_px4_controls/install/px4_ros_com/share/ament_index/resource_index/parent_prefix_path/px4_ros_com\n'}
[1.328067] (px4_ros_com) StdoutLine: {'line': b'-- Up-to-date: /home/jmj/pro_asp_ws/ws_px4_controls/install/px4_ros_com/share/px4_ros_com/environment/ament_prefix_path.sh\n'}
[1.328106] (px4_ros_com) StdoutLine: {'line': b'-- Up-to-date: /home/jmj/pro_asp_ws/ws_px4_controls/install/px4_ros_com/share/px4_ros_com/environment/ament_prefix_path.dsv\n'}
[1.328131] (px4_ros_com) StdoutLine: {'line': b'-- Up-to-date: /home/jmj/pro_asp_ws/ws_px4_controls/install/px4_ros_com/share/px4_ros_com/environment/path.sh\n'}
[1.328157] (px4_ros_com) StdoutLine: {'line': b'-- Up-to-date: /home/jmj/pro_asp_ws/ws_px4_controls/install/px4_ros_com/share/px4_ros_com/environment/path.dsv\n'}
[1.328182] (px4_ros_com) StdoutLine: {'line': b'-- Up-to-date: /home/jmj/pro_asp_ws/ws_px4_controls/install/px4_ros_com/share/px4_ros_com/local_setup.bash\n'}
[1.328207] (px4_ros_com) StdoutLine: {'line': b'-- Up-to-date: /home/jmj/pro_asp_ws/ws_px4_controls/install/px4_ros_com/share/px4_ros_com/local_setup.sh\n'}
[1.328231] (px4_ros_com) StdoutLine: {'line': b'-- Up-to-date: /home/jmj/pro_asp_ws/ws_px4_controls/install/px4_ros_com/share/px4_ros_com/local_setup.zsh\n'}
[1.328255] (px4_ros_com) StdoutLine: {'line': b'-- Up-to-date: /home/jmj/pro_asp_ws/ws_px4_controls/install/px4_ros_com/share/px4_ros_com/local_setup.dsv\n'}
[1.328279] (px4_ros_com) StdoutLine: {'line': b'-- Installing: /home/jmj/pro_asp_ws/ws_px4_controls/install/px4_ros_com/share/px4_ros_com/package.dsv\n'}
[1.328318] (px4_ros_com) StdoutLine: {'line': b'-- Up-to-date: /home/jmj/pro_asp_ws/ws_px4_controls/install/px4_ros_com/share/ament_index/resource_index/packages/px4_ros_com\n'}
[1.328367] (px4_ros_com) StdoutLine: {'line': b'-- Up-to-date: /home/jmj/pro_asp_ws/ws_px4_controls/install/px4_ros_com/share/px4_ros_com/cmake/export_frame_transformsExport.cmake\n'}
[1.328393] (px4_ros_com) StdoutLine: {'line': b'-- Up-to-date: /home/jmj/pro_asp_ws/ws_px4_controls/install/px4_ros_com/share/px4_ros_com/cmake/export_frame_transformsExport-noconfig.cmake\n'}
[1.328417] (px4_ros_com) StdoutLine: {'line': b'-- Up-to-date: /home/jmj/pro_asp_ws/ws_px4_controls/install/px4_ros_com/share/px4_ros_com/cmake/ament_cmake_export_dependencies-extras.cmake\n'}
[1.328441] (px4_ros_com) StdoutLine: {'line': b'-- Up-to-date: /home/jmj/pro_asp_ws/ws_px4_controls/install/px4_ros_com/share/px4_ros_com/cmake/ament_cmake_export_targets-extras.cmake\n'}
[1.328466] (px4_ros_com) StdoutLine: {'line': b'-- Up-to-date: /home/jmj/pro_asp_ws/ws_px4_controls/install/px4_ros_com/share/px4_ros_com/cmake/ament_cmake_export_include_directories-extras.cmake\n'}
[1.328490] (px4_ros_com) StdoutLine: {'line': b'-- Up-to-date: /home/jmj/pro_asp_ws/ws_px4_controls/install/px4_ros_com/share/px4_ros_com/cmake/ament_cmake_export_libraries-extras.cmake\n'}
[1.328513] (px4_ros_com) StdoutLine: {'line': b'-- Up-to-date: /home/jmj/pro_asp_ws/ws_px4_controls/install/px4_ros_com/share/px4_ros_com/cmake/px4_ros_comConfig.cmake\n'}
[1.328534] (px4_ros_com) StdoutLine: {'line': b'-- Up-to-date: /home/jmj/pro_asp_ws/ws_px4_controls/install/px4_ros_com/share/px4_ros_com/cmake/px4_ros_comConfig-version.cmake\n'}
[1.328557] (px4_ros_com) StdoutLine: {'line': b'-- Up-to-date: /home/jmj/pro_asp_ws/ws_px4_controls/install/px4_ros_com/share/px4_ros_com/package.xml\n'}
[1.329856] (px4_ros_com) CommandEnded: {'returncode': 0}
[1.344275] (px4_ros_com) JobEnded: {'identifier': 'px4_ros_com', 'rc': 0}
[1.401527] (-) TimerEvent: {}
[1.501899] (-) TimerEvent: {}
[1.602469] (-) TimerEvent: {}
[1.702887] (-) TimerEvent: {}
[1.803427] (-) TimerEvent: {}
[1.903990] (-) TimerEvent: {}
[2.004444] (-) TimerEvent: {}
[2.104908] (-) TimerEvent: {}
[2.205278] (-) TimerEvent: {}
[2.305753] (-) TimerEvent: {}
[2.406223] (-) TimerEvent: {}
[2.506649] (-) TimerEvent: {}
[2.607095] (-) TimerEvent: {}
[2.707411] (-) TimerEvent: {}
[2.807745] (-) TimerEvent: {}
[2.908138] (-) TimerEvent: {}
[3.008492] (-) TimerEvent: {}
[3.108850] (-) TimerEvent: {}
[3.209162] (-) TimerEvent: {}
[3.309445] (-) TimerEvent: {}
[3.409733] (-) TimerEvent: {}
[3.510033] (-) TimerEvent: {}
[3.610393] (-) TimerEvent: {}
[3.710668] (-) TimerEvent: {}
[3.811018] (-) TimerEvent: {}
[3.911303] (-) TimerEvent: {}
[4.011598] (-) TimerEvent: {}
[4.111994] (-) TimerEvent: {}
[4.212260] (-) TimerEvent: {}
[4.312517] (-) TimerEvent: {}
[4.412803] (-) TimerEvent: {}
[4.513173] (-) TimerEvent: {}
[4.613695] (-) TimerEvent: {}
[4.714154] (-) TimerEvent: {}
[4.814581] (-) TimerEvent: {}
[4.915036] (-) TimerEvent: {}
[5.015585] (-) TimerEvent: {}
[5.116075] (-) TimerEvent: {}
[5.216460] (-) TimerEvent: {}
[5.316870] (-) TimerEvent: {}
[5.417203] (-) TimerEvent: {}
[5.517564] (-) TimerEvent: {}
[5.618108] (-) TimerEvent: {}
[5.718653] (-) TimerEvent: {}
[5.818939] (-) TimerEvent: {}
[5.919292] (-) TimerEvent: {}
[6.019699] (-) TimerEvent: {}
[6.120279] (-) TimerEvent: {}
[6.220772] (-) TimerEvent: {}
[6.321173] (-) TimerEvent: {}
[6.421626] (-) TimerEvent: {}
[6.522142] (-) TimerEvent: {}
[6.622566] (-) TimerEvent: {}
[6.723048] (-) TimerEvent: {}
[6.823383] (-) TimerEvent: {}
[6.923821] (-) TimerEvent: {}
[7.024289] (-) TimerEvent: {}
[7.124794] (-) TimerEvent: {}
[7.225210] (-) TimerEvent: {}
[7.325591] (-) TimerEvent: {}
[7.425954] (-) TimerEvent: {}
[7.526251] (-) TimerEvent: {}
[7.626638] (-) TimerEvent: {}
[7.727040] (-) TimerEvent: {}
[7.827357] (-) TimerEvent: {}
[7.927696] (-) TimerEvent: {}
[8.028051] (-) TimerEvent: {}
[8.128541] (-) TimerEvent: {}
[8.229125] (-) TimerEvent: {}
[8.329395] (-) TimerEvent: {}
[8.429723] (-) TimerEvent: {}
[8.530023] (-) TimerEvent: {}
[8.630347] (-) TimerEvent: {}
[8.730687] (-) TimerEvent: {}
[8.830972] (-) TimerEvent: {}
[8.931305] (-) TimerEvent: {}
[9.031554] (-) TimerEvent: {}
[9.131852] (-) TimerEvent: {}
[9.232255] (-) TimerEvent: {}
[9.332575] (-) TimerEvent: {}
[9.432808] (-) TimerEvent: {}
[9.533039] (-) TimerEvent: {}
[9.633343] (-) TimerEvent: {}
[9.733714] (-) TimerEvent: {}
[9.833998] (-) TimerEvent: {}
[9.934251] (-) TimerEvent: {}
[10.034507] (-) TimerEvent: {}
[10.134852] (-) TimerEvent: {}
[10.235213] (-) TimerEvent: {}
[10.314192] (uav_controller_pkg) StdoutLine: {'line': b'[100%] \x1b[32m\x1b[1mLinking CXX executable uav_controller\x1b[0m\n'}
[10.335317] (-) TimerEvent: {}
[10.435678] (-) TimerEvent: {}
[10.535933] (-) TimerEvent: {}
[10.636265] (-) TimerEvent: {}
[10.736668] (-) TimerEvent: {}
[10.825699] (uav_controller_pkg) StdoutLine: {'line': b'[100%] Built target uav_controller\n'}
[10.834890] (uav_controller_pkg) CommandEnded: {'returncode': 0}
[10.835590] (uav_controller_pkg) JobProgress: {'identifier': 'uav_controller_pkg', 'progress': 'install'}
[10.835832] (uav_controller_pkg) Command: {'cmd': ['/usr/bin/cmake', '--install', '/home/jmj/pro_asp_ws/ws_px4_controls/build/uav_controller_pkg'], 'cwd': '/home/jmj/pro_asp_ws/ws_px4_controls/build/uav_controller_pkg', 'env': OrderedDict([('LESSOPEN', '| /usr/bin/lesspipe %s'), ('USER', 'jmj'), ('LC_TIME', 'ko_KR.UTF-8'), ('CCACHE_DIR', '/var/tmp/ccache'), ('XDG_SESSION_TYPE', 'x11'), ('SHLVL', '1'), ('LD_LIBRARY_PATH', '/home/jmj/pro_asp_ws/ws_px4_controls/install/px4_msgs/lib:/home/jmj/pro_asp_ws/ws_aruco/install/aruco_interfaces/lib:/home/jmj/pro_asp_ws/ws_aruco/install/multi_tracker/lib:/home/jmj/pro_asp_ws/ws_aruco/install/image_geometry/lib:/home/jmj/pro_asp_ws/ws_aruco/install/cv_bridge/lib:/home/jmj/pro_asp_ws/ws_px4_controls/install/px4_ros_com/lib:/opt/ros/humble/opt/rviz_ogre_vendor/lib:/opt/ros/humble/lib/x86_64-linux-gnu:/opt/ros/humble/lib:/usr/local/cuda/lib64'), ('HOME', '/home/jmj'), ('OLDPWD', '/home/jmj/pro_asp_ws'), ('DESKTOP_SESSION', 'ubuntu'), ('NVM_BIN', '/home/jmj/.nvm/versions/node/v22.14.0/bin'), ('NVM_INC', '/home/jmj/.nvm/versions/node/v22.14.0/include/node'), ('ROS_PYTHON_VERSION', '3'), ('GNOME_SHELL_SESSION_MODE', 'ubuntu'), ('GTK_MODULES', 'gail:atk-bridge'), ('LC_MONETARY', 'ko_KR.UTF-8'), ('MANAGERPID', '1020'), ('SYSTEMD_EXEC_PID', '2153'), ('DBUS_SESSION_BUS_ADDRESS', 'unix:path=/run/user/1000/bus'), ('COLORTERM', 'truecolor'), ('TERMINATOR_DBUS_NAME', 'net.tenshu.Terminator21a9d5db22c73a993ff0b42f64b396873'), ('GIO_LAUNCHED_DESKTOP_FILE_PID', '4545'), ('NVM_DIR', '/home/jmj/.nvm'), ('IM_CONFIG_PHASE', '1'), ('COLCON_PREFIX_PATH', '/home/jmj/pro_asp_ws/ws_aruco/install:/home/jmj/pro_asp_ws/ws_px4_controls/install'), ('ROS_DISTRO', 'humble'), ('GTK_IM_MODULE', 'ibus'), ('LOGNAME', 'jmj'), ('JOURNAL_STREAM', '8:7695'), ('_', '/usr/bin/colcon'), ('ROS_VERSION', '2'), ('XDG_SESSION_CLASS', 'user'), ('USERNAME', 'jmj'), ('TERM', 'xterm-256color'), ('GNOME_DESKTOP_SESSION_ID', 'this-is-deprecated'), ('ROS_LOCALHOST_ONLY', '0'), ('WINDOWPATH', '2'), ('PATH', '/home/jmj/anaconda3/bin:/usr/bin:/opt/ros/humble/bin:/home/jmj/.nvm/versions/node/v22.14.0/bin:/usr/local/cuda/bin:/home/jmj/.cargo/bin:/usr/local/sbin:/usr/local/bin:/usr/sbin:/usr/bin:/sbin:/bin:/usr/games:/usr/local/games:/snap/bin:/snap/bin:/home/jmj/.local/bin'), ('SESSION_MANAGER', 'local/jmj:@/tmp/.ICE-unix/1927,unix/jmj:/tmp/.ICE-unix/1927'), ('INVOCATION_ID', '76055a6707e341d29d392405f8760929'), ('XDG_MENU_PREFIX', 'gnome-'), ('LC_ADDRESS', 'ko_KR.UTF-8'), ('XDG_RUNTIME_DIR', '/run/user/1000'), ('DISPLAY', ':0'), ('TERMINATOR_DBUS_PATH', '/net/tenshu/Terminator2'), ('LANG', 'en_US.UTF-8'), ('XDG_CURRENT_DESKTOP', 'ubuntu:GNOME'), ('IBUS_DISABLE_SNOOPER', '1'), ('LC_TELEPHONE', 'ko_KR.UTF-8'), ('XMODIFIERS', '@im=ibus'), ('XDG_SESSION_DESKTOP', 'ubuntu'), ('XAUTHORITY', '/run/user/1000/gdm/Xauthority'), ('LS_COLORS', 'rs=0:di=01;34:ln=01;36:mh=00:pi=40;33:so=01;35:do=01;35:bd=40;33;01:cd=40;33;01:or=40;31;01:mi=00:su=37;41:sg=30;43:ca=30;41:tw=30;42:ow=34;42:st=37;44:ex=01;32:*.tar=01;31:*.tgz=01;31:*.arc=01;31:*.arj=01;31:*.taz=01;31:*.lha=01;31:*.lz4=01;31:*.lzh=01;31:*.lzma=01;31:*.tlz=01;31:*.txz=01;31:*.tzo=01;31:*.t7z=01;31:*.zip=01;31:*.z=01;31:*.dz=01;31:*.gz=01;31:*.lrz=01;31:*.lz=01;31:*.lzo=01;31:*.xz=01;31:*.zst=01;31:*.tzst=01;31:*.bz2=01;31:*.bz=01;31:*.tbz=01;31:*.tbz2=01;31:*.tz=01;31:*.deb=01;31:*.rpm=01;31:*.jar=01;31:*.war=01;31:*.ear=01;31:*.sar=01;31:*.rar=01;31:*.alz=01;31:*.ace=01;31:*.zoo=01;31:*.cpio=01;31:*.7z=01;31:*.rz=01;31:*.cab=01;31:*.wim=01;31:*.swm=01;31:*.dwm=01;31:*.esd=01;31:*.jpg=01;35:*.jpeg=01;35:*.mjpg=01;35:*.mjpeg=01;35:*.gif=01;35:*.bmp=01;35:*.pbm=01;35:*.pgm=01;35:*.ppm=01;35:*.tga=01;35:*.xbm=01;35:*.xpm=01;35:*.tif=01;35:*.tiff=01;35:*.png=01;35:*.svg=01;35:*.svgz=01;35:*.mng=01;35:*.pcx=01;35:*.mov=01;35:*.mpg=01;35:*.mpeg=01;35:*.m2v=01;35:*.mkv=01;35:*.webm=01;35:*.webp=01;35:*.ogm=01;35:*.mp4=01;35:*.m4v=01;35:*.mp4v=01;35:*.vob=01;35:*.qt=01;35:*.nuv=01;35:*.wmv=01;35:*.asf=01;35:*.rm=01;35:*.rmvb=01;35:*.flc=01;35:*.avi=01;35:*.fli=01;35:*.flv=01;35:*.gl=01;35:*.dl=01;35:*.xcf=01;35:*.xwd=01;35:*.yuv=01;35:*.cgm=01;35:*.emf=01;35:*.ogv=01;35:*.ogx=01;35:*.aac=00;36:*.au=00;36:*.flac=00;36:*.m4a=00;36:*.mid=00;36:*.midi=00;36:*.mka=00;36:*.mp3=00;36:*.mpc=00;36:*.ogg=00;36:*.ra=00;36:*.wav=00;36:*.oga=00;36:*.opus=00;36:*.spx=00;36:*.xspf=00;36:'), ('SSH_AGENT_LAUNCHER', 'gnome-keyring'), ('SSH_AUTH_SOCK', '/run/user/1000/keyring/ssh'), ('AMENT_PREFIX_PATH', '/home/jmj/pro_asp_ws/ws_aruco/install/aruco_interfaces:/home/jmj/pro_asp_ws/ws_aruco/install/vision_opencv:/home/jmj/pro_asp_ws/ws_aruco/install/opencv_tests:/home/jmj/pro_asp_ws/ws_aruco/install/multi_tracker:/home/jmj/pro_asp_ws/ws_aruco/install/image_geometry:/home/jmj/pro_asp_ws/ws_aruco/install/cv_bridge:/home/jmj/pro_asp_ws/ws_px4_controls/install/utilities_pkg:/home/jmj/pro_asp_ws/ws_px4_controls/install/uav_controller_pkg:/home/jmj/pro_asp_ws/ws_px4_controls/install/px4_ros_com:/home/jmj/pro_asp_ws/ws_px4_controls/install/px4_msgs:/opt/ros/humble'), ('SHELL', '/bin/bash'), ('LC_NAME', 'ko_KR.UTF-8'), ('TERMINATOR_UUID', 'urn:uuid:ac10e9f5-7634-4617-a685-a5192a4cf882'), ('QT_ACCESSIBILITY', '1'), ('CXX', '/usr/lib/ccache/g++'), ('GDMSESSION', 'ubuntu'), ('LESSCLOSE', '/usr/bin/lesspipe %s %s'), ('LC_MEASUREMENT', 'ko_KR.UTF-8'), ('GPG_AGENT_INFO', '/run/user/1000/gnupg/S.gpg-agent:0:1'), ('LC_IDENTIFICATION', 'ko_KR.UTF-8'), ('QT_IM_MODULE', 'ibus'), ('PWD', '/home/jmj/pro_asp_ws/ws_px4_controls/build/uav_controller_pkg'), ('LC_ALL', 'en_US.UTF-8'), ('XDG_CONFIG_DIRS', '/etc/xdg/xdg-ubuntu:/etc/xdg'), ('NVM_CD_FLAGS', ''), ('XDG_DATA_DIRS', '/usr/share/ubuntu:/usr/share/gnome:/usr/local/share/:/usr/share/:/var/lib/snapd/desktop'), ('PYTHONPATH', '/home/jmj/pro_asp_ws/ws_aruco/install/aruco_interfaces/local/lib/python3.10/dist-packages:/home/jmj/pro_asp_ws/ws_aruco/install/multi_tracker/local/lib/python3.10/dist-packages:/home/jmj/pro_asp_ws/ws_aruco/install/opencv_tests/lib/python3.10/site-packages:/home/jmj/pro_asp_ws/ws_aruco/install/image_geometry/local/lib/python3.10/dist-packages:/home/jmj/pro_asp_ws/ws_aruco/install/cv_bridge/local/lib/python3.10/dist-packages:/home/jmj/pro_asp_ws/ws_px4_controls/install/px4_ros_com/local/lib/python3.10/dist-packages:/home/jmj/pro_asp_ws/ws_px4_controls/install/px4_msgs/local/lib/python3.10/dist-packages:/opt/ros/humble/lib/python3.10/site-packages:/opt/ros/humble/local/lib/python3.10/dist-packages'), ('LC_NUMERIC', 'ko_KR.UTF-8'), ('LC_PAPER', 'ko_KR.UTF-8'), ('CC', '/usr/lib/ccache/gcc'), ('COLCON', '1'), ('VTE_VERSION', '6800'), ('CMAKE_PREFIX_PATH', '/home/jmj/pro_asp_ws/ws_px4_controls/install/px4_msgs:/home/jmj/pro_asp_ws/ws_aruco/install/aruco_interfaces:/home/jmj/pro_asp_ws/ws_aruco/install/vision_opencv:/home/jmj/pro_asp_ws/ws_aruco/install/multi_tracker:/home/jmj/pro_asp_ws/ws_aruco/install/image_geometry:/home/jmj/pro_asp_ws/ws_aruco/install/cv_bridge:/home/jmj/pro_asp_ws/ws_px4_controls/install/utilities_pkg:/home/jmj/pro_asp_ws/ws_px4_controls/install/uav_controller_pkg:/home/jmj/pro_asp_ws/ws_px4_controls/install/px4_ros_com:/home/jmj/pro_asp_ws/ws_aruco/install/opencv_tests:/opt/ros/humble')]), 'shell': False}
[10.837006] (-) TimerEvent: {}
[10.844094] (uav_controller_pkg) StdoutLine: {'line': b'-- Install configuration: ""\n'}
[10.844363] (uav_controller_pkg) StdoutLine: {'line': b'-- Installing: /home/jmj/pro_asp_ws/ws_px4_controls/install/uav_controller_pkg/lib/uav_controller_pkg/offboard_control_node\n'}
[10.846994] (uav_controller_pkg) StdoutLine: {'line': b'-- Set runtime path of "/home/jmj/pro_asp_ws/ws_px4_controls/install/uav_controller_pkg/lib/uav_controller_pkg/offboard_control_node" to ""\n'}
[10.847141] (uav_controller_pkg) StdoutLine: {'line': b'-- Installing: /home/jmj/pro_asp_ws/ws_px4_controls/install/uav_controller_pkg/lib/uav_controller_pkg/uav_controller\n'}
[10.849938] (uav_controller_pkg) StdoutLine: {'line': b'-- Set runtime path of "/home/jmj/pro_asp_ws/ws_px4_controls/install/uav_controller_pkg/lib/uav_controller_pkg/uav_controller" to ""\n'}
[10.850124] (uav_controller_pkg) StdoutLine: {'line': b'-- Installing: /home/jmj/pro_asp_ws/ws_px4_controls/install/uav_controller_pkg/lib/uav_controller_pkg/pose_to_tf_broadcaster\n'}
[10.851848] (uav_controller_pkg) StdoutLine: {'line': b'-- Set runtime path of "/home/jmj/pro_asp_ws/ws_px4_controls/install/uav_controller_pkg/lib/uav_controller_pkg/pose_to_tf_broadcaster" to ""\n'}
[10.851963] (uav_controller_pkg) StdoutLine: {'line': b'-- Installing: /home/jmj/pro_asp_ws/ws_px4_controls/install/uav_controller_pkg/share/ament_index/resource_index/package_run_dependencies/uav_controller_pkg\n'}
[10.852075] (uav_controller_pkg) StdoutLine: {'line': b'-- Installing: /home/jmj/pro_asp_ws/ws_px4_controls/install/uav_controller_pkg/share/ament_index/resource_index/parent_prefix_path/uav_controller_pkg\n'}
[10.852280] (uav_controller_pkg) StdoutLine: {'line': b'-- Installing: /home/jmj/pro_asp_ws/ws_px4_controls/install/uav_controller_pkg/share/uav_controller_pkg/environment/ament_prefix_path.sh\n'}
[10.852383] (uav_controller_pkg) StdoutLine: {'line': b'-- Installing: /home/jmj/pro_asp_ws/ws_px4_controls/install/uav_controller_pkg/share/uav_controller_pkg/environment/ament_prefix_path.dsv\n'}
[10.852495] (uav_controller_pkg) StdoutLine: {'line': b'-- Installing: /home/jmj/pro_asp_ws/ws_px4_controls/install/uav_controller_pkg/share/uav_controller_pkg/environment/path.sh\n'}
[10.852567] (uav_controller_pkg) StdoutLine: {'line': b'-- Installing: /home/jmj/pro_asp_ws/ws_px4_controls/install/uav_controller_pkg/share/uav_controller_pkg/environment/path.dsv\n'}
[10.852645] (uav_controller_pkg) StdoutLine: {'line': b'-- Installing: /home/jmj/pro_asp_ws/ws_px4_controls/install/uav_controller_pkg/share/uav_controller_pkg/local_setup.bash\n'}
[10.852721] (uav_controller_pkg) StdoutLine: {'line': b'-- Installing: /home/jmj/pro_asp_ws/ws_px4_controls/install/uav_controller_pkg/share/uav_controller_pkg/local_setup.sh\n'}
[10.852796] (uav_controller_pkg) StdoutLine: {'line': b'-- Installing: /home/jmj/pro_asp_ws/ws_px4_controls/install/uav_controller_pkg/share/uav_controller_pkg/local_setup.zsh\n'}
[10.852865] (uav_controller_pkg) StdoutLine: {'line': b'-- Installing: /home/jmj/pro_asp_ws/ws_px4_controls/install/uav_controller_pkg/share/uav_controller_pkg/local_setup.dsv\n'}
[10.852948] (uav_controller_pkg) StdoutLine: {'line': b'-- Installing: /home/jmj/pro_asp_ws/ws_px4_controls/install/uav_controller_pkg/share/uav_controller_pkg/package.dsv\n'}
[10.853016] (uav_controller_pkg) StdoutLine: {'line': b'-- Installing: /home/jmj/pro_asp_ws/ws_px4_controls/install/uav_controller_pkg/share/ament_index/resource_index/packages/uav_controller_pkg\n'}
[10.853080] (uav_controller_pkg) StdoutLine: {'line': b'-- Installing: /home/jmj/pro_asp_ws/ws_px4_controls/install/uav_controller_pkg/share/uav_controller_pkg/cmake/uav_controller_pkgConfig.cmake\n'}
[10.853146] (uav_controller_pkg) StdoutLine: {'line': b'-- Installing: /home/jmj/pro_asp_ws/ws_px4_controls/install/uav_controller_pkg/share/uav_controller_pkg/cmake/uav_controller_pkgConfig-version.cmake\n'}
[10.853209] (uav_controller_pkg) StdoutLine: {'line': b'-- Installing: /home/jmj/pro_asp_ws/ws_px4_controls/install/uav_controller_pkg/share/uav_controller_pkg/package.xml\n'}
[10.854339] (uav_controller_pkg) CommandEnded: {'returncode': 0}
[10.861992] (uav_controller_pkg) JobEnded: {'identifier': 'uav_controller_pkg', 'rc': 0}
[10.862474] (-) EventReactorShutdown: {}
