[0.000000] (-) TimerEvent: {}
[0.000611] (px4_msgs) JobQueued: {'identifier': 'px4_msgs', 'dependencies': OrderedDict()}
[0.000822] (px4_ros_com) JobQueued: {'identifier': 'px4_ros_com', 'dependencies': OrderedDict([('px4_msgs', '/home/jmj/pro_asp_ws/ws_px4_controls/install/px4_msgs')])}
[0.001045] (uav_controller_pkg) JobQueued: {'identifier': 'uav_controller_pkg', 'dependencies': OrderedDict([('px4_msgs', '/home/jmj/pro_asp_ws/ws_px4_controls/install/px4_msgs')])}
[0.001120] (utilities_pkg) JobQueued: {'identifier': 'utilities_pkg', 'dependencies': OrderedDict([('px4_msgs', '/home/jmj/pro_asp_ws/ws_px4_controls/install/px4_msgs')])}
[0.001138] (px4_msgs) JobStarted: {'identifier': 'px4_msgs'}
[0.010030] (px4_msgs) JobProgress: {'identifier': 'px4_msgs', 'progress': 'cmake'}
[0.010981] (px4_msgs) JobProgress: {'identifier': 'px4_msgs', 'progress': 'build'}
[0.011635] (px4_msgs) Command: {'cmd': ['/usr/bin/cmake', '--build', '/home/jmj/pro_asp_ws/ws_px4_controls/build/px4_msgs', '--', '-j20', '-l20'], 'cwd': '/home/jmj/pro_asp_ws/ws_px4_controls/build/px4_msgs', 'env': OrderedDict([('LESSOPEN', '| /usr/bin/lesspipe %s'), ('USER', 'jmj'), ('LC_TIME', 'ko_KR.UTF-8'), ('CCACHE_DIR', '/var/tmp/ccache'), ('XDG_SESSION_TYPE', 'x11'), ('SHLVL', '1'), ('LD_LIBRARY_PATH', '/home/jmj/pro_asp_ws/ws_aruco/install/aruco_interfaces/lib:/home/jmj/pro_asp_ws/ws_aruco/install/multi_tracker/lib:/home/jmj/pro_asp_ws/ws_aruco/install/image_geometry/lib:/home/jmj/pro_asp_ws/ws_aruco/install/cv_bridge/lib:/home/jmj/pro_asp_ws/ws_px4_controls/install/px4_ros_com/lib:/home/jmj/pro_asp_ws/ws_px4_controls/install/px4_msgs/lib:/opt/ros/humble/opt/rviz_ogre_vendor/lib:/opt/ros/humble/lib/x86_64-linux-gnu:/opt/ros/humble/lib:/usr/local/cuda/lib64'), ('HOME', '/home/jmj'), ('OLDPWD', '/home/jmj/pro_asp_ws'), ('DESKTOP_SESSION', 'ubuntu'), ('NVM_BIN', '/home/jmj/.nvm/versions/node/v22.14.0/bin'), ('NVM_INC', '/home/jmj/.nvm/versions/node/v22.14.0/include/node'), ('ROS_PYTHON_VERSION', '3'), ('GNOME_SHELL_SESSION_MODE', 'ubuntu'), ('GTK_MODULES', 'gail:atk-bridge'), ('LC_MONETARY', 'ko_KR.UTF-8'), ('MANAGERPID', '1020'), ('SYSTEMD_EXEC_PID', '2153'), ('DBUS_SESSION_BUS_ADDRESS', 'unix:path=/run/user/1000/bus'), ('COLORTERM', 'truecolor'), ('TERMINATOR_DBUS_NAME', 'net.tenshu.Terminator21a9d5db22c73a993ff0b42f64b396873'), ('GIO_LAUNCHED_DESKTOP_FILE_PID', '4545'), ('NVM_DIR', '/home/jmj/.nvm'), ('IM_CONFIG_PHASE', '1'), ('COLCON_PREFIX_PATH', '/home/jmj/pro_asp_ws/ws_aruco/install:/home/jmj/pro_asp_ws/ws_px4_controls/install'), ('ROS_DISTRO', 'humble'), ('GTK_IM_MODULE', 'ibus'), ('LOGNAME', 'jmj'), ('JOURNAL_STREAM', '8:7695'), ('_', '/usr/bin/colcon'), ('ROS_VERSION', '2'), ('XDG_SESSION_CLASS', 'user'), ('USERNAME', 'jmj'), ('TERM', 'xterm-256color'), ('GNOME_DESKTOP_SESSION_ID', 'this-is-deprecated'), ('ROS_LOCALHOST_ONLY', '0'), ('WINDOWPATH', '2'), ('PATH', '/home/jmj/anaconda3/bin:/usr/bin:/opt/ros/humble/bin:/home/jmj/.nvm/versions/node/v22.14.0/bin:/usr/local/cuda/bin:/home/jmj/.cargo/bin:/usr/local/sbin:/usr/local/bin:/usr/sbin:/usr/bin:/sbin:/bin:/usr/games:/usr/local/games:/snap/bin:/snap/bin:/home/jmj/.local/bin'), ('SESSION_MANAGER', 'local/jmj:@/tmp/.ICE-unix/1927,unix/jmj:/tmp/.ICE-unix/1927'), ('INVOCATION_ID', '76055a6707e341d29d392405f8760929'), ('XDG_MENU_PREFIX', 'gnome-'), ('LC_ADDRESS', 'ko_KR.UTF-8'), ('XDG_RUNTIME_DIR', '/run/user/1000'), ('DISPLAY', ':0'), ('TERMINATOR_DBUS_PATH', '/net/tenshu/Terminator2'), ('LANG', 'en_US.UTF-8'), ('XDG_CURRENT_DESKTOP', 'ubuntu:GNOME'), ('IBUS_DISABLE_SNOOPER', '1'), ('LC_TELEPHONE', 'ko_KR.UTF-8'), ('XMODIFIERS', '@im=ibus'), ('XDG_SESSION_DESKTOP', 'ubuntu'), ('XAUTHORITY', '/run/user/1000/gdm/Xauthority'), ('LS_COLORS', 'rs=0:di=01;34:ln=01;36:mh=00:pi=40;33:so=01;35:do=01;35:bd=40;33;01:cd=40;33;01:or=40;31;01:mi=00:su=37;41:sg=30;43:ca=30;41:tw=30;42:ow=34;42:st=37;44:ex=01;32:*.tar=01;31:*.tgz=01;31:*.arc=01;31:*.arj=01;31:*.taz=01;31:*.lha=01;31:*.lz4=01;31:*.lzh=01;31:*.lzma=01;31:*.tlz=01;31:*.txz=01;31:*.tzo=01;31:*.t7z=01;31:*.zip=01;31:*.z=01;31:*.dz=01;31:*.gz=01;31:*.lrz=01;31:*.lz=01;31:*.lzo=01;31:*.xz=01;31:*.zst=01;31:*.tzst=01;31:*.bz2=01;31:*.bz=01;31:*.tbz=01;31:*.tbz2=01;31:*.tz=01;31:*.deb=01;31:*.rpm=01;31:*.jar=01;31:*.war=01;31:*.ear=01;31:*.sar=01;31:*.rar=01;31:*.alz=01;31:*.ace=01;31:*.zoo=01;31:*.cpio=01;31:*.7z=01;31:*.rz=01;31:*.cab=01;31:*.wim=01;31:*.swm=01;31:*.dwm=01;31:*.esd=01;31:*.jpg=01;35:*.jpeg=01;35:*.mjpg=01;35:*.mjpeg=01;35:*.gif=01;35:*.bmp=01;35:*.pbm=01;35:*.pgm=01;35:*.ppm=01;35:*.tga=01;35:*.xbm=01;35:*.xpm=01;35:*.tif=01;35:*.tiff=01;35:*.png=01;35:*.svg=01;35:*.svgz=01;35:*.mng=01;35:*.pcx=01;35:*.mov=01;35:*.mpg=01;35:*.mpeg=01;35:*.m2v=01;35:*.mkv=01;35:*.webm=01;35:*.webp=01;35:*.ogm=01;35:*.mp4=01;35:*.m4v=01;35:*.mp4v=01;35:*.vob=01;35:*.qt=01;35:*.nuv=01;35:*.wmv=01;35:*.asf=01;35:*.rm=01;35:*.rmvb=01;35:*.flc=01;35:*.avi=01;35:*.fli=01;35:*.flv=01;35:*.gl=01;35:*.dl=01;35:*.xcf=01;35:*.xwd=01;35:*.yuv=01;35:*.cgm=01;35:*.emf=01;35:*.ogv=01;35:*.ogx=01;35:*.aac=00;36:*.au=00;36:*.flac=00;36:*.m4a=00;36:*.mid=00;36:*.midi=00;36:*.mka=00;36:*.mp3=00;36:*.mpc=00;36:*.ogg=00;36:*.ra=00;36:*.wav=00;36:*.oga=00;36:*.opus=00;36:*.spx=00;36:*.xspf=00;36:'), ('SSH_AGENT_LAUNCHER', 'gnome-keyring'), ('SSH_AUTH_SOCK', '/run/user/1000/keyring/ssh'), ('AMENT_PREFIX_PATH', '/home/jmj/pro_asp_ws/ws_aruco/install/aruco_interfaces:/home/jmj/pro_asp_ws/ws_aruco/install/vision_opencv:/home/jmj/pro_asp_ws/ws_aruco/install/opencv_tests:/home/jmj/pro_asp_ws/ws_aruco/install/multi_tracker:/home/jmj/pro_asp_ws/ws_aruco/install/image_geometry:/home/jmj/pro_asp_ws/ws_aruco/install/cv_bridge:/home/jmj/pro_asp_ws/ws_px4_controls/install/utilities_pkg:/home/jmj/pro_asp_ws/ws_px4_controls/install/uav_controller_pkg:/home/jmj/pro_asp_ws/ws_px4_controls/install/px4_ros_com:/home/jmj/pro_asp_ws/ws_px4_controls/install/px4_msgs:/opt/ros/humble'), ('SHELL', '/bin/bash'), ('LC_NAME', 'ko_KR.UTF-8'), ('TERMINATOR_UUID', 'urn:uuid:ac10e9f5-7634-4617-a685-a5192a4cf882'), ('QT_ACCESSIBILITY', '1'), ('CXX', '/usr/lib/ccache/g++'), ('GDMSESSION', 'ubuntu'), ('LESSCLOSE', '/usr/bin/lesspipe %s %s'), ('LC_MEASUREMENT', 'ko_KR.UTF-8'), ('GPG_AGENT_INFO', '/run/user/1000/gnupg/S.gpg-agent:0:1'), ('LC_IDENTIFICATION', 'ko_KR.UTF-8'), ('QT_IM_MODULE', 'ibus'), ('PWD', '/home/jmj/pro_asp_ws/ws_px4_controls/build/px4_msgs'), ('LC_ALL', 'en_US.UTF-8'), ('XDG_CONFIG_DIRS', '/etc/xdg/xdg-ubuntu:/etc/xdg'), ('NVM_CD_FLAGS', ''), ('XDG_DATA_DIRS', '/usr/share/ubuntu:/usr/share/gnome:/usr/local/share/:/usr/share/:/var/lib/snapd/desktop'), ('PYTHONPATH', '/home/jmj/pro_asp_ws/ws_aruco/install/aruco_interfaces/local/lib/python3.10/dist-packages:/home/jmj/pro_asp_ws/ws_aruco/install/multi_tracker/local/lib/python3.10/dist-packages:/home/jmj/pro_asp_ws/ws_aruco/install/opencv_tests/lib/python3.10/site-packages:/home/jmj/pro_asp_ws/ws_aruco/install/image_geometry/local/lib/python3.10/dist-packages:/home/jmj/pro_asp_ws/ws_aruco/install/cv_bridge/local/lib/python3.10/dist-packages:/home/jmj/pro_asp_ws/ws_px4_controls/install/px4_ros_com/local/lib/python3.10/dist-packages:/home/jmj/pro_asp_ws/ws_px4_controls/install/px4_msgs/local/lib/python3.10/dist-packages:/opt/ros/humble/lib/python3.10/site-packages:/opt/ros/humble/local/lib/python3.10/dist-packages'), ('LC_NUMERIC', 'ko_KR.UTF-8'), ('LC_PAPER', 'ko_KR.UTF-8'), ('CC', '/usr/lib/ccache/gcc'), ('COLCON', '1'), ('VTE_VERSION', '6800'), ('CMAKE_PREFIX_PATH', '/home/jmj/pro_asp_ws/ws_aruco/install/aruco_interfaces:/home/jmj/pro_asp_ws/ws_aruco/install/vision_opencv:/home/jmj/pro_asp_ws/ws_aruco/install/multi_tracker:/home/jmj/pro_asp_ws/ws_aruco/install/image_geometry:/home/jmj/pro_asp_ws/ws_aruco/install/cv_bridge:/home/jmj/pro_asp_ws/ws_px4_controls/install/utilities_pkg:/home/jmj/pro_asp_ws/ws_px4_controls/install/uav_controller_pkg:/home/jmj/pro_asp_ws/ws_px4_controls/install/px4_ros_com:/home/jmj/pro_asp_ws/ws_px4_controls/install/px4_msgs:/home/jmj/pro_asp_ws/ws_aruco/install/opencv_tests:/opt/ros/humble')]), 'shell': False}
[0.099483] (-) TimerEvent: {}
[0.199724] (-) TimerEvent: {}
[0.300022] (-) TimerEvent: {}
[0.400594] (-) TimerEvent: {}
[0.442316] (px4_msgs) StdoutLine: {'line': b'[  0%] Built target px4_msgs__cpp\n'}
[0.452899] (px4_msgs) StdoutLine: {'line': b'[  0%] Built target ament_cmake_python_copy_px4_msgs\n'}
[0.476383] (px4_msgs) StdoutLine: {'line': b'[ 12%] Built target px4_msgs__rosidl_generator_c\n'}
[0.500712] (-) TimerEvent: {}
[0.522412] (px4_msgs) StdoutLine: {'line': b'[ 25%] Built target px4_msgs__rosidl_typesupport_c\n'}
[0.537067] (px4_msgs) StdoutLine: {'line': b'[ 37%] Built target px4_msgs__rosidl_typesupport_cpp\n'}
[0.542729] (px4_msgs) StdoutLine: {'line': b'[ 49%] Built target px4_msgs__rosidl_typesupport_fastrtps_cpp\n'}
[0.543452] (px4_msgs) StdoutLine: {'line': b'[ 62%] Built target px4_msgs__rosidl_typesupport_introspection_c\n'}
[0.547599] (px4_msgs) StdoutLine: {'line': b'[ 75%] Built target px4_msgs__rosidl_typesupport_introspection_cpp\n'}
[0.578121] (px4_msgs) StdoutLine: {'line': b'[ 88%] Built target px4_msgs__rosidl_typesupport_fastrtps_c\n'}
[0.595312] (px4_msgs) StdoutLine: {'line': b'[ 88%] Built target px4_msgs\n'}
[0.600804] (-) TimerEvent: {}
[0.623285] (px4_msgs) StdoutLine: {'line': b'[ 88%] Built target px4_msgs__py\n'}
[0.678439] (px4_msgs) StdoutLine: {'line': b'running egg_info\n'}
[0.679058] (px4_msgs) StdoutLine: {'line': b'writing px4_msgs.egg-info/PKG-INFO\n'}
[0.679236] (px4_msgs) StdoutLine: {'line': b'writing dependency_links to px4_msgs.egg-info/dependency_links.txt\n'}
[0.679324] (px4_msgs) StdoutLine: {'line': b'writing top-level names to px4_msgs.egg-info/top_level.txt\n'}
[0.683570] (px4_msgs) StdoutLine: {'line': b"reading manifest file 'px4_msgs.egg-info/SOURCES.txt'\n"}
[0.685518] (px4_msgs) StdoutLine: {'line': b"writing manifest file 'px4_msgs.egg-info/SOURCES.txt'\n"}
[0.697821] (px4_msgs) StdoutLine: {'line': b'[100%] Built target px4_msgs__rosidl_generator_py\n'}
[0.700894] (-) TimerEvent: {}
[0.706182] (px4_msgs) StdoutLine: {'line': b'[100%] Built target ament_cmake_python_build_px4_msgs_egg\n'}
[0.717110] (px4_msgs) StdoutLine: {'line': b'[100%] Built target px4_msgs__rosidl_typesupport_fastrtps_c__pyext\n'}
[0.717384] (px4_msgs) StdoutLine: {'line': b'[100%] Built target px4_msgs__rosidl_typesupport_c__pyext\n'}
[0.717610] (px4_msgs) StdoutLine: {'line': b'[100%] Built target px4_msgs__rosidl_typesupport_introspection_c__pyext\n'}
[0.729370] (px4_msgs) CommandEnded: {'returncode': 0}
[0.730144] (px4_msgs) JobProgress: {'identifier': 'px4_msgs', 'progress': 'install'}
[0.737487] (px4_msgs) Command: {'cmd': ['/usr/bin/cmake', '--install', '/home/jmj/pro_asp_ws/ws_px4_controls/build/px4_msgs'], 'cwd': '/home/jmj/pro_asp_ws/ws_px4_controls/build/px4_msgs', 'env': OrderedDict([('LESSOPEN', '| /usr/bin/lesspipe %s'), ('USER', 'jmj'), ('LC_TIME', 'ko_KR.UTF-8'), ('CCACHE_DIR', '/var/tmp/ccache'), ('XDG_SESSION_TYPE', 'x11'), ('SHLVL', '1'), ('LD_LIBRARY_PATH', '/home/jmj/pro_asp_ws/ws_aruco/install/aruco_interfaces/lib:/home/jmj/pro_asp_ws/ws_aruco/install/multi_tracker/lib:/home/jmj/pro_asp_ws/ws_aruco/install/image_geometry/lib:/home/jmj/pro_asp_ws/ws_aruco/install/cv_bridge/lib:/home/jmj/pro_asp_ws/ws_px4_controls/install/px4_ros_com/lib:/home/jmj/pro_asp_ws/ws_px4_controls/install/px4_msgs/lib:/opt/ros/humble/opt/rviz_ogre_vendor/lib:/opt/ros/humble/lib/x86_64-linux-gnu:/opt/ros/humble/lib:/usr/local/cuda/lib64'), ('HOME', '/home/jmj'), ('OLDPWD', '/home/jmj/pro_asp_ws'), ('DESKTOP_SESSION', 'ubuntu'), ('NVM_BIN', '/home/jmj/.nvm/versions/node/v22.14.0/bin'), ('NVM_INC', '/home/jmj/.nvm/versions/node/v22.14.0/include/node'), ('ROS_PYTHON_VERSION', '3'), ('GNOME_SHELL_SESSION_MODE', 'ubuntu'), ('GTK_MODULES', 'gail:atk-bridge'), ('LC_MONETARY', 'ko_KR.UTF-8'), ('MANAGERPID', '1020'), ('SYSTEMD_EXEC_PID', '2153'), ('DBUS_SESSION_BUS_ADDRESS', 'unix:path=/run/user/1000/bus'), ('COLORTERM', 'truecolor'), ('TERMINATOR_DBUS_NAME', 'net.tenshu.Terminator21a9d5db22c73a993ff0b42f64b396873'), ('GIO_LAUNCHED_DESKTOP_FILE_PID', '4545'), ('NVM_DIR', '/home/jmj/.nvm'), ('IM_CONFIG_PHASE', '1'), ('COLCON_PREFIX_PATH', '/home/jmj/pro_asp_ws/ws_aruco/install:/home/jmj/pro_asp_ws/ws_px4_controls/install'), ('ROS_DISTRO', 'humble'), ('GTK_IM_MODULE', 'ibus'), ('LOGNAME', 'jmj'), ('JOURNAL_STREAM', '8:7695'), ('_', '/usr/bin/colcon'), ('ROS_VERSION', '2'), ('XDG_SESSION_CLASS', 'user'), ('USERNAME', 'jmj'), ('TERM', 'xterm-256color'), ('GNOME_DESKTOP_SESSION_ID', 'this-is-deprecated'), ('ROS_LOCALHOST_ONLY', '0'), ('WINDOWPATH', '2'), ('PATH', '/home/jmj/anaconda3/bin:/usr/bin:/opt/ros/humble/bin:/home/jmj/.nvm/versions/node/v22.14.0/bin:/usr/local/cuda/bin:/home/jmj/.cargo/bin:/usr/local/sbin:/usr/local/bin:/usr/sbin:/usr/bin:/sbin:/bin:/usr/games:/usr/local/games:/snap/bin:/snap/bin:/home/jmj/.local/bin'), ('SESSION_MANAGER', 'local/jmj:@/tmp/.ICE-unix/1927,unix/jmj:/tmp/.ICE-unix/1927'), ('INVOCATION_ID', '76055a6707e341d29d392405f8760929'), ('XDG_MENU_PREFIX', 'gnome-'), ('LC_ADDRESS', 'ko_KR.UTF-8'), ('XDG_RUNTIME_DIR', '/run/user/1000'), ('DISPLAY', ':0'), ('TERMINATOR_DBUS_PATH', '/net/tenshu/Terminator2'), ('LANG', 'en_US.UTF-8'), ('XDG_CURRENT_DESKTOP', 'ubuntu:GNOME'), ('IBUS_DISABLE_SNOOPER', '1'), ('LC_TELEPHONE', 'ko_KR.UTF-8'), ('XMODIFIERS', '@im=ibus'), ('XDG_SESSION_DESKTOP', 'ubuntu'), ('XAUTHORITY', '/run/user/1000/gdm/Xauthority'), ('LS_COLORS', 'rs=0:di=01;34:ln=01;36:mh=00:pi=40;33:so=01;35:do=01;35:bd=40;33;01:cd=40;33;01:or=40;31;01:mi=00:su=37;41:sg=30;43:ca=30;41:tw=30;42:ow=34;42:st=37;44:ex=01;32:*.tar=01;31:*.tgz=01;31:*.arc=01;31:*.arj=01;31:*.taz=01;31:*.lha=01;31:*.lz4=01;31:*.lzh=01;31:*.lzma=01;31:*.tlz=01;31:*.txz=01;31:*.tzo=01;31:*.t7z=01;31:*.zip=01;31:*.z=01;31:*.dz=01;31:*.gz=01;31:*.lrz=01;31:*.lz=01;31:*.lzo=01;31:*.xz=01;31:*.zst=01;31:*.tzst=01;31:*.bz2=01;31:*.bz=01;31:*.tbz=01;31:*.tbz2=01;31:*.tz=01;31:*.deb=01;31:*.rpm=01;31:*.jar=01;31:*.war=01;31:*.ear=01;31:*.sar=01;31:*.rar=01;31:*.alz=01;31:*.ace=01;31:*.zoo=01;31:*.cpio=01;31:*.7z=01;31:*.rz=01;31:*.cab=01;31:*.wim=01;31:*.swm=01;31:*.dwm=01;31:*.esd=01;31:*.jpg=01;35:*.jpeg=01;35:*.mjpg=01;35:*.mjpeg=01;35:*.gif=01;35:*.bmp=01;35:*.pbm=01;35:*.pgm=01;35:*.ppm=01;35:*.tga=01;35:*.xbm=01;35:*.xpm=01;35:*.tif=01;35:*.tiff=01;35:*.png=01;35:*.svg=01;35:*.svgz=01;35:*.mng=01;35:*.pcx=01;35:*.mov=01;35:*.mpg=01;35:*.mpeg=01;35:*.m2v=01;35:*.mkv=01;35:*.webm=01;35:*.webp=01;35:*.ogm=01;35:*.mp4=01;35:*.m4v=01;35:*.mp4v=01;35:*.vob=01;35:*.qt=01;35:*.nuv=01;35:*.wmv=01;35:*.asf=01;35:*.rm=01;35:*.rmvb=01;35:*.flc=01;35:*.avi=01;35:*.fli=01;35:*.flv=01;35:*.gl=01;35:*.dl=01;35:*.xcf=01;35:*.xwd=01;35:*.yuv=01;35:*.cgm=01;35:*.emf=01;35:*.ogv=01;35:*.ogx=01;35:*.aac=00;36:*.au=00;36:*.flac=00;36:*.m4a=00;36:*.mid=00;36:*.midi=00;36:*.mka=00;36:*.mp3=00;36:*.mpc=00;36:*.ogg=00;36:*.ra=00;36:*.wav=00;36:*.oga=00;36:*.opus=00;36:*.spx=00;36:*.xspf=00;36:'), ('SSH_AGENT_LAUNCHER', 'gnome-keyring'), ('SSH_AUTH_SOCK', '/run/user/1000/keyring/ssh'), ('AMENT_PREFIX_PATH', '/home/jmj/pro_asp_ws/ws_aruco/install/aruco_interfaces:/home/jmj/pro_asp_ws/ws_aruco/install/vision_opencv:/home/jmj/pro_asp_ws/ws_aruco/install/opencv_tests:/home/jmj/pro_asp_ws/ws_aruco/install/multi_tracker:/home/jmj/pro_asp_ws/ws_aruco/install/image_geometry:/home/jmj/pro_asp_ws/ws_aruco/install/cv_bridge:/home/jmj/pro_asp_ws/ws_px4_controls/install/utilities_pkg:/home/jmj/pro_asp_ws/ws_px4_controls/install/uav_controller_pkg:/home/jmj/pro_asp_ws/ws_px4_controls/install/px4_ros_com:/home/jmj/pro_asp_ws/ws_px4_controls/install/px4_msgs:/opt/ros/humble'), ('SHELL', '/bin/bash'), ('LC_NAME', 'ko_KR.UTF-8'), ('TERMINATOR_UUID', 'urn:uuid:ac10e9f5-7634-4617-a685-a5192a4cf882'), ('QT_ACCESSIBILITY', '1'), ('CXX', '/usr/lib/ccache/g++'), ('GDMSESSION', 'ubuntu'), ('LESSCLOSE', '/usr/bin/lesspipe %s %s'), ('LC_MEASUREMENT', 'ko_KR.UTF-8'), ('GPG_AGENT_INFO', '/run/user/1000/gnupg/S.gpg-agent:0:1'), ('LC_IDENTIFICATION', 'ko_KR.UTF-8'), ('QT_IM_MODULE', 'ibus'), ('PWD', '/home/jmj/pro_asp_ws/ws_px4_controls/build/px4_msgs'), ('LC_ALL', 'en_US.UTF-8'), ('XDG_CONFIG_DIRS', '/etc/xdg/xdg-ubuntu:/etc/xdg'), ('NVM_CD_FLAGS', ''), ('XDG_DATA_DIRS', '/usr/share/ubuntu:/usr/share/gnome:/usr/local/share/:/usr/share/:/var/lib/snapd/desktop'), ('PYTHONPATH', '/home/jmj/pro_asp_ws/ws_aruco/install/aruco_interfaces/local/lib/python3.10/dist-packages:/home/jmj/pro_asp_ws/ws_aruco/install/multi_tracker/local/lib/python3.10/dist-packages:/home/jmj/pro_asp_ws/ws_aruco/install/opencv_tests/lib/python3.10/site-packages:/home/jmj/pro_asp_ws/ws_aruco/install/image_geometry/local/lib/python3.10/dist-packages:/home/jmj/pro_asp_ws/ws_aruco/install/cv_bridge/local/lib/python3.10/dist-packages:/home/jmj/pro_asp_ws/ws_px4_controls/install/px4_ros_com/local/lib/python3.10/dist-packages:/home/jmj/pro_asp_ws/ws_px4_controls/install/px4_msgs/local/lib/python3.10/dist-packages:/opt/ros/humble/lib/python3.10/site-packages:/opt/ros/humble/local/lib/python3.10/dist-packages'), ('LC_NUMERIC', 'ko_KR.UTF-8'), ('LC_PAPER', 'ko_KR.UTF-8'), ('CC', '/usr/lib/ccache/gcc'), ('COLCON', '1'), ('VTE_VERSION', '6800'), ('CMAKE_PREFIX_PATH', '/home/jmj/pro_asp_ws/ws_aruco/install/aruco_interfaces:/home/jmj/pro_asp_ws/ws_aruco/install/vision_opencv:/home/jmj/pro_asp_ws/ws_aruco/install/multi_tracker:/home/jmj/pro_asp_ws/ws_aruco/install/image_geometry:/home/jmj/pro_asp_ws/ws_aruco/install/cv_bridge:/home/jmj/pro_asp_ws/ws_px4_controls/install/utilities_pkg:/home/jmj/pro_asp_ws/ws_px4_controls/install/uav_controller_pkg:/home/jmj/pro_asp_ws/ws_px4_controls/install/px4_ros_com:/home/jmj/pro_asp_ws/ws_px4_controls/install/px4_msgs:/home/jmj/pro_asp_ws/ws_aruco/install/opencv_tests:/opt/ros/humble')]), 'shell': False}
[0.746522] (px4_msgs) StdoutLine: {'line': b'-- Install configuration: ""\n'}
[0.746701] (px4_msgs) StdoutLine: {'line': b'-- Up-to-date: /home/jmj/pro_asp_ws/ws_px4_controls/install/px4_msgs/share/ament_index/resource_index/rosidl_interfaces/px4_msgs\n'}
[0.746803] (px4_msgs) StdoutLine: {'line': b'-- Up-to-date: /home/jmj/pro_asp_ws/ws_px4_controls/install/px4_msgs/include/px4_msgs/px4_msgs\n'}
[0.746885] (px4_msgs) StdoutLine: {'line': b'-- Up-to-date: /home/jmj/pro_asp_ws/ws_px4_controls/install/px4_msgs/include/px4_msgs/px4_msgs/srv\n'}
[0.746952] (px4_msgs) StdoutLine: {'line': b'-- Up-to-date: /home/jmj/pro_asp_ws/ws_px4_controls/install/px4_msgs/include/px4_msgs/px4_msgs/srv/vehicle_command.h\n'}
[0.747014] (px4_msgs) StdoutLine: {'line': b'-- Up-to-date: /home/jmj/pro_asp_ws/ws_px4_controls/install/px4_msgs/include/px4_msgs/px4_msgs/srv/detail\n'}
[0.747070] (px4_msgs) StdoutLine: {'line': b'-- Up-to-date: /home/jmj/pro_asp_ws/ws_px4_controls/install/px4_msgs/include/px4_msgs/px4_msgs/srv/detail/vehicle_command__struct.h\n'}
[0.747128] (px4_msgs) StdoutLine: {'line': b'-- Up-to-date: /home/jmj/pro_asp_ws/ws_px4_controls/install/px4_msgs/include/px4_msgs/px4_msgs/srv/detail/vehicle_command__type_support.h\n'}
[0.747189] (px4_msgs) StdoutLine: {'line': b'-- Up-to-date: /home/jmj/pro_asp_ws/ws_px4_controls/install/px4_msgs/include/px4_msgs/px4_msgs/srv/detail/vehicle_command__functions.h\n'}
[0.747245] (px4_msgs) StdoutLine: {'line': b'-- Up-to-date: /home/jmj/pro_asp_ws/ws_px4_controls/install/px4_msgs/include/px4_msgs/px4_msgs/srv/detail/vehicle_command__functions.c\n'}
[0.747304] (px4_msgs) StdoutLine: {'line': b'-- Up-to-date: /home/jmj/pro_asp_ws/ws_px4_controls/install/px4_msgs/include/px4_msgs/px4_msgs/msg\n'}
[0.747364] (px4_msgs) StdoutLine: {'line': b'-- Up-to-date: /home/jmj/pro_asp_ws/ws_px4_controls/install/px4_msgs/include/px4_msgs/px4_msgs/msg/sensor_combined.h\n'}
[0.747420] (px4_msgs) StdoutLine: {'line': b'-- Up-to-date: /home/jmj/pro_asp_ws/ws_px4_controls/install/px4_msgs/include/px4_msgs/px4_msgs/msg/actuator_armed.h\n'}
[0.747475] (px4_msgs) StdoutLine: {'line': b'-- Up-to-date: /home/jmj/pro_asp_ws/ws_px4_controls/install/px4_msgs/include/px4_msgs/px4_msgs/msg/follow_target_status.h\n'}
[0.747529] (px4_msgs) StdoutLine: {'line': b'-- Up-to-date: /home/jmj/pro_asp_ws/ws_px4_controls/install/px4_msgs/include/px4_msgs/px4_msgs/msg/cellular_status.h\n'}
[0.747585] (px4_msgs) StdoutLine: {'line': b'-- Up-to-date: /home/jmj/pro_asp_ws/ws_px4_controls/install/px4_msgs/include/px4_msgs/px4_msgs/msg/gimbal_device_set_attitude.h\n'}
[0.747638] (px4_msgs) StdoutLine: {'line': b'-- Up-to-date: /home/jmj/pro_asp_ws/ws_px4_controls/install/px4_msgs/include/px4_msgs/px4_msgs/msg/ulog_stream_ack.h\n'}
[0.747687] (px4_msgs) StdoutLine: {'line': b'-- Up-to-date: /home/jmj/pro_asp_ws/ws_px4_controls/install/px4_msgs/include/px4_msgs/px4_msgs/msg/battery_status.h\n'}
[0.747723] (px4_msgs) StdoutLine: {'line': b'-- Up-to-date: /home/jmj/pro_asp_ws/ws_px4_controls/install/px4_msgs/include/px4_msgs/px4_msgs/msg/pps_capture.h\n'}
[0.747762] (px4_msgs) StdoutLine: {'line': b'-- Up-to-date: /home/jmj/pro_asp_ws/ws_px4_controls/install/px4_msgs/include/px4_msgs/px4_msgs/msg/fixed_wing_longitudinal_setpoint.h\n'}
[0.747800] (px4_msgs) StdoutLine: {'line': b'-- Up-to-date: /home/jmj/pro_asp_ws/ws_px4_controls/install/px4_msgs/include/px4_msgs/px4_msgs/msg/ulog_stream.h\n'}
[0.747824] (px4_msgs) StdoutLine: {'line': b'-- Up-to-date: /home/jmj/pro_asp_ws/ws_px4_controls/install/px4_msgs/include/px4_msgs/px4_msgs/msg/sensor_gyro_fft.h\n'}
[0.747846] (px4_msgs) StdoutLine: {'line': b'-- Up-to-date: /home/jmj/pro_asp_ws/ws_px4_controls/install/px4_msgs/include/px4_msgs/px4_msgs/msg/fixed_wing_runway_control.h\n'}
[0.747868] (px4_msgs) StdoutLine: {'line': b'-- Up-to-date: /home/jmj/pro_asp_ws/ws_px4_controls/install/px4_msgs/include/px4_msgs/px4_msgs/msg/led_control.h\n'}
[0.747890] (px4_msgs) StdoutLine: {'line': b'-- Up-to-date: /home/jmj/pro_asp_ws/ws_px4_controls/install/px4_msgs/include/px4_msgs/px4_msgs/msg/trajectory_setpoint.h\n'}
[0.747912] (px4_msgs) StdoutLine: {'line': b'-- Up-to-date: /home/jmj/pro_asp_ws/ws_px4_controls/install/px4_msgs/include/px4_msgs/px4_msgs/msg/geofence_status.h\n'}
[0.747940] (px4_msgs) StdoutLine: {'line': b'-- Up-to-date: /home/jmj/pro_asp_ws/ws_px4_controls/install/px4_msgs/include/px4_msgs/px4_msgs/msg/vehicle_local_position.h\n'}
[0.747962] (px4_msgs) StdoutLine: {'line': b'-- Up-to-date: /home/jmj/pro_asp_ws/ws_px4_controls/install/px4_msgs/include/px4_msgs/px4_msgs/msg/sensor_gyro.h\n'}
[0.747984] (px4_msgs) StdoutLine: {'line': b'-- Up-to-date: /home/jmj/pro_asp_ws/ws_px4_controls/install/px4_msgs/include/px4_msgs/px4_msgs/msg/estimator_aid_source3d.h\n'}
[0.748010] (px4_msgs) StdoutLine: {'line': b'-- Up-to-date: /home/jmj/pro_asp_ws/ws_px4_controls/install/px4_msgs/include/px4_msgs/px4_msgs/msg/vehicle_imu_status.h\n'}
[0.748054] (px4_msgs) StdoutLine: {'line': b'-- Up-to-date: /home/jmj/pro_asp_ws/ws_px4_controls/install/px4_msgs/include/px4_msgs/px4_msgs/msg/onboard_computer_status.h\n'}
[0.748079] (px4_msgs) StdoutLine: {'line': b'-- Up-to-date: /home/jmj/pro_asp_ws/ws_px4_controls/install/px4_msgs/include/px4_msgs/px4_msgs/msg/estimator_gps_status.h\n'}
[0.748103] (px4_msgs) StdoutLine: {'line': b'-- Up-to-date: /home/jmj/pro_asp_ws/ws_px4_controls/install/px4_msgs/include/px4_msgs/px4_msgs/msg/home_position.h\n'}
[0.748127] (px4_msgs) StdoutLine: {'line': b'-- Up-to-date: /home/jmj/pro_asp_ws/ws_px4_controls/install/px4_msgs/include/px4_msgs/px4_msgs/msg/launch_detection_status.h\n'}
[0.748151] (px4_msgs) StdoutLine: {'line': b'-- Up-to-date: /home/jmj/pro_asp_ws/ws_px4_controls/install/px4_msgs/include/px4_msgs/px4_msgs/msg/camera_trigger.h\n'}
[0.748175] (px4_msgs) StdoutLine: {'line': b'-- Up-to-date: /home/jmj/pro_asp_ws/ws_px4_controls/install/px4_msgs/include/px4_msgs/px4_msgs/msg/iridiumsbd_status.h\n'}
[0.748199] (px4_msgs) StdoutLine: {'line': b'-- Up-to-date: /home/jmj/pro_asp_ws/ws_px4_controls/install/px4_msgs/include/px4_msgs/px4_msgs/msg/rover_velocity_setpoint.h\n'}
[0.748222] (px4_msgs) StdoutLine: {'line': b'-- Up-to-date: /home/jmj/pro_asp_ws/ws_px4_controls/install/px4_msgs/include/px4_msgs/px4_msgs/msg/task_stack_info.h\n'}
[0.748247] (px4_msgs) StdoutLine: {'line': b'-- Up-to-date: /home/jmj/pro_asp_ws/ws_px4_controls/install/px4_msgs/include/px4_msgs/px4_msgs/msg/vehicle_constraints.h\n'}
[0.748271] (px4_msgs) StdoutLine: {'line': b'-- Up-to-date: /home/jmj/pro_asp_ws/ws_px4_controls/install/px4_msgs/include/px4_msgs/px4_msgs/msg/rover_rate_setpoint.h\n'}
[0.748295] (px4_msgs) StdoutLine: {'line': b'-- Up-to-date: /home/jmj/pro_asp_ws/ws_px4_controls/install/px4_msgs/include/px4_msgs/px4_msgs/msg/actuator_servos_trim.h\n'}
[0.748334] (px4_msgs) StdoutLine: {'line': b'-- Up-to-date: /home/jmj/pro_asp_ws/ws_px4_controls/install/px4_msgs/include/px4_msgs/px4_msgs/msg/vehicle_command.h\n'}
[0.748359] (px4_msgs) StdoutLine: {'line': b'-- Up-to-date: /home/jmj/pro_asp_ws/ws_px4_controls/install/px4_msgs/include/px4_msgs/px4_msgs/msg/ping.h\n'}
[0.748383] (px4_msgs) StdoutLine: {'line': b'-- Up-to-date: /home/jmj/pro_asp_ws/ws_px4_controls/install/px4_msgs/include/px4_msgs/px4_msgs/msg/sensor_uwb.h\n'}
[0.748409] (px4_msgs) StdoutLine: {'line': b'-- Up-to-date: /home/jmj/pro_asp_ws/ws_px4_controls/install/px4_msgs/include/px4_msgs/px4_msgs/msg/estimator_aid_source2d.h\n'}
[0.748485] (px4_msgs) StdoutLine: {'line': b'-- Up-to-date: /home/jmj/pro_asp_ws/ws_px4_controls/install/px4_msgs/include/px4_msgs/px4_msgs/msg/estimator_selector_status.h\n'}
[0.748511] (px4_msgs) StdoutLine: {'line': b'-- Up-to-date: /home/jmj/pro_asp_ws/ws_px4_controls/install/px4_msgs/include/px4_msgs/px4_msgs/msg/event.h\n'}
[0.748537] (px4_msgs) StdoutLine: {'line': b'-- Up-to-date: /home/jmj/pro_asp_ws/ws_px4_controls/install/px4_msgs/include/px4_msgs/px4_msgs/msg/mission_result.h\n'}
[0.748595] (px4_msgs) StdoutLine: {'line': b'-- Up-to-date: /home/jmj/pro_asp_ws/ws_px4_controls/install/px4_msgs/include/px4_msgs/px4_msgs/msg/rosidl_generator_c__visibility_control.h\n'}
[0.748620] (px4_msgs) StdoutLine: {'line': b'-- Up-to-date: /home/jmj/pro_asp_ws/ws_px4_controls/install/px4_msgs/include/px4_msgs/px4_msgs/msg/fixed_wing_lateral_setpoint.h\n'}
[0.748644] (px4_msgs) StdoutLine: {'line': b'-- Up-to-date: /home/jmj/pro_asp_ws/ws_px4_controls/install/px4_msgs/include/px4_msgs/px4_msgs/msg/trajectory_setpoint6dof.h\n'}
[0.748669] (px4_msgs) StdoutLine: {'line': b'-- Up-to-date: /home/jmj/pro_asp_ws/ws_px4_controls/install/px4_msgs/include/px4_msgs/px4_msgs/msg/esc_report.h\n'}
[0.748693] (px4_msgs) StdoutLine: {'line': b'-- Up-to-date: /home/jmj/pro_asp_ws/ws_px4_controls/install/px4_msgs/include/px4_msgs/px4_msgs/msg/message_format_request.h\n'}
[0.748718] (px4_msgs) StdoutLine: {'line': b'-- Up-to-date: /home/jmj/pro_asp_ws/ws_px4_controls/install/px4_msgs/include/px4_msgs/px4_msgs/msg/sensor_selection.h\n'}
[0.748743] (px4_msgs) StdoutLine: {'line': b'-- Up-to-date: /home/jmj/pro_asp_ws/ws_px4_controls/install/px4_msgs/include/px4_msgs/px4_msgs/msg/estimator_states.h\n'}
[0.748878] (px4_msgs) StdoutLine: {'line': b'-- Up-to-date: /home/jmj/pro_asp_ws/ws_px4_controls/install/px4_msgs/include/px4_msgs/px4_msgs/msg/timesync_status.h\n'}
[0.748951] (px4_msgs) StdoutLine: {'line': b'-- Up-to-date: /home/jmj/pro_asp_ws/ws_px4_controls/install/px4_msgs/include/px4_msgs/px4_msgs/msg/arming_check_reply.h\n'}
[0.748978] (px4_msgs) StdoutLine: {'line': b'-- Up-to-date: /home/jmj/pro_asp_ws/ws_px4_controls/install/px4_msgs/include/px4_msgs/px4_msgs/msg/gimbal_manager_set_manual_control.h\n'}
[0.749003] (px4_msgs) StdoutLine: {'line': b'-- Up-to-date: /home/jmj/pro_asp_ws/ws_px4_controls/install/px4_msgs/include/px4_msgs/px4_msgs/msg/figure_eight_status.h\n'}
[0.749027] (px4_msgs) StdoutLine: {'line': b'-- Up-to-date: /home/jmj/pro_asp_ws/ws_px4_controls/install/px4_msgs/include/px4_msgs/px4_msgs/msg/uavcan_parameter_value.h\n'}
[0.749104] (px4_msgs) StdoutLine: {'line': b'-- Up-to-date: /home/jmj/pro_asp_ws/ws_px4_controls/install/px4_msgs/include/px4_msgs/px4_msgs/msg/airspeed_validated.h\n'}
[0.749131] (px4_msgs) StdoutLine: {'line': b'-- Up-to-date: /home/jmj/pro_asp_ws/ws_px4_controls/install/px4_msgs/include/px4_msgs/px4_msgs/msg/debug_key_value.h\n'}
[0.749155] (px4_msgs) StdoutLine: {'line': b'-- Up-to-date: /home/jmj/pro_asp_ws/ws_px4_controls/install/px4_msgs/include/px4_msgs/px4_msgs/msg/gpio_config.h\n'}
[0.749181] (px4_msgs) StdoutLine: {'line': b'-- Up-to-date: /home/jmj/pro_asp_ws/ws_px4_controls/install/px4_msgs/include/px4_msgs/px4_msgs/msg/estimator_bias3d.h\n'}
[0.749212] (px4_msgs) StdoutLine: {'line': b'-- Up-to-date: /home/jmj/pro_asp_ws/ws_px4_controls/install/px4_msgs/include/px4_msgs/px4_msgs/msg/can_interface_status.h\n'}
[0.749254] (px4_msgs) StdoutLine: {'line': b'-- Up-to-date: /home/jmj/pro_asp_ws/ws_px4_controls/install/px4_msgs/include/px4_msgs/px4_msgs/msg/rover_attitude_status.h\n'}
[0.749283] (px4_msgs) StdoutLine: {'line': b'-- Up-to-date: /home/jmj/pro_asp_ws/ws_px4_controls/install/px4_msgs/include/px4_msgs/px4_msgs/msg/landing_target_pose.h\n'}
[0.749307] (px4_msgs) StdoutLine: {'line': b'-- Up-to-date: /home/jmj/pro_asp_ws/ws_px4_controls/install/px4_msgs/include/px4_msgs/px4_msgs/msg/input_rc.h\n'}
[0.749332] (px4_msgs) StdoutLine: {'line': b'-- Up-to-date: /home/jmj/pro_asp_ws/ws_px4_controls/install/px4_msgs/include/px4_msgs/px4_msgs/msg/orb_test_medium.h\n'}
[0.749361] (px4_msgs) StdoutLine: {'line': b'-- Up-to-date: /home/jmj/pro_asp_ws/ws_px4_controls/install/px4_msgs/include/px4_msgs/px4_msgs/msg/button_event.h\n'}
[0.749387] (px4_msgs) StdoutLine: {'line': b'-- Up-to-date: /home/jmj/pro_asp_ws/ws_px4_controls/install/px4_msgs/include/px4_msgs/px4_msgs/msg/adc_report.h\n'}
[0.749411] (px4_msgs) StdoutLine: {'line': b'-- Up-to-date: /home/jmj/pro_asp_ws/ws_px4_controls/install/px4_msgs/include/px4_msgs/px4_msgs/msg/parameter_reset_request.h\n'}
[0.749436] (px4_msgs) StdoutLine: {'line': b'-- Up-to-date: /home/jmj/pro_asp_ws/ws_px4_controls/install/px4_msgs/include/px4_msgs/px4_msgs/msg/log_message.h\n'}
[0.749462] (px4_msgs) StdoutLine: {'line': b'-- Up-to-date: /home/jmj/pro_asp_ws/ws_px4_controls/install/px4_msgs/include/px4_msgs/px4_msgs/msg/power_monitor.h\n'}
[0.749488] (px4_msgs) StdoutLine: {'line': b'-- Up-to-date: /home/jmj/pro_asp_ws/ws_px4_controls/install/px4_msgs/include/px4_msgs/px4_msgs/msg/fuel_tank_status.h\n'}
[0.749514] (px4_msgs) StdoutLine: {'line': b'-- Up-to-date: /home/jmj/pro_asp_ws/ws_px4_controls/install/px4_msgs/include/px4_msgs/px4_msgs/msg/actuator_test.h\n'}
[0.749538] (px4_msgs) StdoutLine: {'line': b'-- Up-to-date: /home/jmj/pro_asp_ws/ws_px4_controls/install/px4_msgs/include/px4_msgs/px4_msgs/msg/internal_combustion_engine_status.h\n'}
[0.749730] (px4_msgs) StdoutLine: {'line': b'-- Up-to-date: /home/jmj/pro_asp_ws/ws_px4_controls/install/px4_msgs/include/px4_msgs/px4_msgs/msg/detail\n'}
[0.749899] (px4_msgs) StdoutLine: {'line': b'-- Up-to-date: /home/jmj/pro_asp_ws/ws_px4_controls/install/px4_msgs/include/px4_msgs/px4_msgs/msg/detail/radio_status__functions.h\n'}
[0.749967] (px4_msgs) StdoutLine: {'line': b'-- Up-to-date: /home/jmj/pro_asp_ws/ws_px4_controls/install/px4_msgs/include/px4_msgs/px4_msgs/msg/detail/wind__struct.h\n'}
[0.750024] (px4_msgs) StdoutLine: {'line': b'-- Up-to-date: /home/jmj/pro_asp_ws/ws_px4_controls/install/px4_msgs/include/px4_msgs/px4_msgs/msg/detail/actuator_test__functions.c\n'}
[0.750054] (px4_msgs) StdoutLine: {'line': b'-- Up-to-date: /home/jmj/pro_asp_ws/ws_px4_controls/install/px4_msgs/include/px4_msgs/px4_msgs/msg/detail/cpuload__functions.c\n'}
[0.750082] (px4_msgs) StdoutLine: {'line': b'-- Up-to-date: /home/jmj/pro_asp_ws/ws_px4_controls/install/px4_msgs/include/px4_msgs/px4_msgs/msg/detail/mavlink_tunnel__type_support.h\n'}
[0.750108] (px4_msgs) StdoutLine: {'line': b'-- Up-to-date: /home/jmj/pro_asp_ws/ws_px4_controls/install/px4_msgs/include/px4_msgs/px4_msgs/msg/detail/rover_attitude_status__type_support.h\n'}
[0.750134] (px4_msgs) StdoutLine: {'line': b'-- Up-to-date: /home/jmj/pro_asp_ws/ws_px4_controls/install/px4_msgs/include/px4_msgs/px4_msgs/msg/detail/log_message__functions.h\n'}
[0.750160] (px4_msgs) StdoutLine: {'line': b'-- Up-to-date: /home/jmj/pro_asp_ws/ws_px4_controls/install/px4_msgs/include/px4_msgs/px4_msgs/msg/detail/airspeed_wind__type_support.h\n'}
[0.750187] (px4_msgs) StdoutLine: {'line': b'-- Up-to-date: /home/jmj/pro_asp_ws/ws_px4_controls/install/px4_msgs/include/px4_msgs/px4_msgs/msg/detail/sensor_selection__type_support.h\n'}
[0.750212] (px4_msgs) StdoutLine: {'line': b'-- Up-to-date: /home/jmj/pro_asp_ws/ws_px4_controls/install/px4_msgs/include/px4_msgs/px4_msgs/msg/detail/gimbal_device_information__struct.h\n'}
[0.750238] (px4_msgs) StdoutLine: {'line': b'-- Up-to-date: /home/jmj/pro_asp_ws/ws_px4_controls/install/px4_msgs/include/px4_msgs/px4_msgs/msg/detail/distance_sensor_mode_change_request__type_support.h\n'}
[0.750274] (px4_msgs) StdoutLine: {'line': b'-- Up-to-date: /home/jmj/pro_asp_ws/ws_px4_controls/install/px4_msgs/include/px4_msgs/px4_msgs/msg/detail/rover_velocity_status__functions.c\n'}
[0.750299] (px4_msgs) StdoutLine: {'line': b'-- Up-to-date: /home/jmj/pro_asp_ws/ws_px4_controls/install/px4_msgs/include/px4_msgs/px4_msgs/msg/detail/actuator_test__type_support.h\n'}
[0.750323] (px4_msgs) StdoutLine: {'line': b'-- Up-to-date: /home/jmj/pro_asp_ws/ws_px4_controls/install/px4_msgs/include/px4_msgs/px4_msgs/msg/detail/vehicle_angular_acceleration_setpoint__functions.c\n'}
[0.750419] (px4_msgs) StdoutLine: {'line': b'-- Up-to-date: /home/jmj/pro_asp_ws/ws_px4_controls/install/px4_msgs/include/px4_msgs/px4_msgs/msg/detail/landing_target_innovations__functions.h\n'}
[0.750446] (px4_msgs) StdoutLine: {'line': b'-- Up-to-date: /home/jmj/pro_asp_ws/ws_px4_controls/install/px4_msgs/include/px4_msgs/px4_msgs/msg/detail/arming_check_request__type_support.h\n'}
[0.750471] (px4_msgs) StdoutLine: {'line': b'-- Up-to-date: /home/jmj/pro_asp_ws/ws_px4_controls/install/px4_msgs/include/px4_msgs/px4_msgs/msg/detail/camera_capture__struct.h\n'}
[0.750496] (px4_msgs) StdoutLine: {'line': b'-- Up-to-date: /home/jmj/pro_asp_ws/ws_px4_controls/install/px4_msgs/include/px4_msgs/px4_msgs/msg/detail/vehicle_status__functions.c\n'}
[0.750520] (px4_msgs) StdoutLine: {'line': b'-- Up-to-date: /home/jmj/pro_asp_ws/ws_px4_controls/install/px4_msgs/include/px4_msgs/px4_msgs/msg/detail/rtl_status__functions.c\n'}
[0.750544] (px4_msgs) StdoutLine: {'line': b'-- Up-to-date: /home/jmj/pro_asp_ws/ws_px4_controls/install/px4_msgs/include/px4_msgs/px4_msgs/msg/detail/rover_rate_status__functions.c\n'}
[0.750568] (px4_msgs) StdoutLine: {'line': b'-- Up-to-date: /home/jmj/pro_asp_ws/ws_px4_controls/install/px4_msgs/include/px4_msgs/px4_msgs/msg/detail/logger_status__functions.c\n'}
[0.750592] (px4_msgs) StdoutLine: {'line': b'-- Up-to-date: /home/jmj/pro_asp_ws/ws_px4_controls/install/px4_msgs/include/px4_msgs/px4_msgs/msg/detail/parameter_reset_request__functions.h\n'}
[0.750615] (px4_msgs) StdoutLine: {'line': b'-- Up-to-date: /home/jmj/pro_asp_ws/ws_px4_controls/install/px4_msgs/include/px4_msgs/px4_msgs/msg/detail/can_interface_status__functions.c\n'}
[0.750639] (px4_msgs) StdoutLine: {'line': b'-- Up-to-date: /home/jmj/pro_asp_ws/ws_px4_controls/install/px4_msgs/include/px4_msgs/px4_msgs/msg/detail/led_control__type_support.h\n'}
[0.750666] (px4_msgs) StdoutLine: {'line': b'-- Up-to-date: /home/jmj/pro_asp_ws/ws_px4_controls/install/px4_msgs/include/px4_msgs/px4_msgs/msg/detail/follow_target__struct.h\n'}
[0.750691] (px4_msgs) StdoutLine: {'line': b'-- Up-to-date: /home/jmj/pro_asp_ws/ws_px4_controls/install/px4_msgs/include/px4_msgs/px4_msgs/msg/detail/power_monitor__functions.h\n'}
[0.750715] (px4_msgs) StdoutLine: {'line': b'-- Up-to-date: /home/jmj/pro_asp_ws/ws_px4_controls/install/px4_msgs/include/px4_msgs/px4_msgs/msg/detail/debug_value__struct.h\n'}
[0.750740] (px4_msgs) StdoutLine: {'line': b'-- Up-to-date: /home/jmj/pro_asp_ws/ws_px4_controls/install/px4_msgs/include/px4_msgs/px4_msgs/msg/detail/rover_velocity_setpoint__struct.h\n'}
[0.750784] (px4_msgs) StdoutLine: {'line': b'-- Up-to-date: /home/jmj/pro_asp_ws/ws_px4_controls/install/px4_msgs/include/px4_msgs/px4_msgs/msg/detail/landing_target_innovations__functions.c\n'}
[0.750811] (px4_msgs) StdoutLine: {'line': b'-- Up-to-date: /home/jmj/pro_asp_ws/ws_px4_controls/install/px4_msgs/include/px4_msgs/px4_msgs/msg/detail/vehicle_thrust_setpoint__struct.h\n'}
[0.750889] (px4_msgs) StdoutLine: {'line': b'-- Up-to-date: /home/jmj/pro_asp_ws/ws_px4_controls/install/px4_msgs/include/px4_msgs/px4_msgs/msg/detail/gripper__type_support.h\n'}
[0.750916] (px4_msgs) StdoutLine: {'line': b'-- Up-to-date: /home/jmj/pro_asp_ws/ws_px4_controls/install/px4_msgs/include/px4_msgs/px4_msgs/msg/detail/normalized_unsigned_setpoint__functions.c\n'}
[0.750942] (px4_msgs) StdoutLine: {'line': b'-- Up-to-date: /home/jmj/pro_asp_ws/ws_px4_controls/install/px4_msgs/include/px4_msgs/px4_msgs/msg/detail/rover_rate_status__struct.h\n'}
[0.750990] (px4_msgs) StdoutLine: {'line': b'-- Up-to-date: /home/jmj/pro_asp_ws/ws_px4_controls/install/px4_msgs/include/px4_msgs/px4_msgs/msg/detail/mode_completed__functions.c\n'}
[0.751017] (px4_msgs) StdoutLine: {'line': b'-- Up-to-date: /home/jmj/pro_asp_ws/ws_px4_controls/install/px4_msgs/include/px4_msgs/px4_msgs/msg/detail/sensor_preflight_mag__functions.h\n'}
[0.751043] (px4_msgs) StdoutLine: {'line': b'-- Up-to-date: /home/jmj/pro_asp_ws/ws_px4_controls/install/px4_msgs/include/px4_msgs/px4_msgs/msg/detail/landing_gear__functions.h\n'}
[0.751068] (px4_msgs) StdoutLine: {'line': b'-- Up-to-date: /home/jmj/pro_asp_ws/ws_px4_controls/install/px4_msgs/include/px4_msgs/px4_msgs/msg/detail/ping__functions.h\n'}
[0.751094] (px4_msgs) StdoutLine: {'line': b'-- Up-to-date: /home/jmj/pro_asp_ws/ws_px4_controls/install/px4_msgs/include/px4_msgs/px4_msgs/msg/detail/message_format_request__struct.h\n'}
[0.751118] (px4_msgs) StdoutLine: {'line': b'-- Up-to-date: /home/jmj/pro_asp_ws/ws_px4_controls/install/px4_msgs/include/px4_msgs/px4_msgs/msg/detail/internal_combustion_engine_control__functions.h\n'}
[0.751142] (px4_msgs) StdoutLine: {'line': b'-- Up-to-date: /home/jmj/pro_asp_ws/ws_px4_controls/install/px4_msgs/include/px4_msgs/px4_msgs/msg/detail/mission__functions.c\n'}
[0.751169] (px4_msgs) StdoutLine: {'line': b'-- Up-to-date: /home/jmj/pro_asp_ws/ws_px4_controls/install/px4_msgs/include/px4_msgs/px4_msgs/msg/detail/sensor_gyro_fifo__struct.h\n'}
[0.751195] (px4_msgs) StdoutLine: {'line': b'-- Up-to-date: /home/jmj/pro_asp_ws/ws_px4_controls/install/px4_msgs/include/px4_msgs/px4_msgs/msg/detail/estimator_status__functions.h\n'}
[0.751226] (px4_msgs) StdoutLine: {'line': b'-- Up-to-date: /home/jmj/pro_asp_ws/ws_px4_controls/install/px4_msgs/include/px4_msgs/px4_msgs/msg/detail/unregister_ext_component__struct.h\n'}
[0.751250] (px4_msgs) StdoutLine: {'line': b'-- Up-to-date: /home/jmj/pro_asp_ws/ws_px4_controls/install/px4_msgs/include/px4_msgs/px4_msgs/msg/detail/register_ext_component_reply__type_support.h\n'}
[0.751361] (px4_msgs) StdoutLine: {'line': b'-- Up-to-date: /home/jmj/pro_asp_ws/ws_px4_controls/install/px4_msgs/include/px4_msgs/px4_msgs/msg/detail/trajectory_setpoint6dof__functions.c\n'}
[0.751389] (px4_msgs) StdoutLine: {'line': b'-- Up-to-date: /home/jmj/pro_asp_ws/ws_px4_controls/install/px4_msgs/include/px4_msgs/px4_msgs/msg/detail/navigator_mission_item__struct.h\n'}
[0.751414] (px4_msgs) StdoutLine: {'line': b'-- Up-to-date: /home/jmj/pro_asp_ws/ws_px4_controls/install/px4_msgs/include/px4_msgs/px4_msgs/msg/detail/adc_report__struct.h\n'}
[0.751439] (px4_msgs) StdoutLine: {'line': b'-- Up-to-date: /home/jmj/pro_asp_ws/ws_px4_controls/install/px4_msgs/include/px4_msgs/px4_msgs/msg/detail/yaw_estimator_status__functions.h\n'}
[0.751463] (px4_msgs) StdoutLine: {'line': b'-- Up-to-date: /home/jmj/pro_asp_ws/ws_px4_controls/install/px4_msgs/include/px4_msgs/px4_msgs/msg/detail/parameter_set_used_request__functions.h\n'}
[0.751487] (px4_msgs) StdoutLine: {'line': b'-- Up-to-date: /home/jmj/pro_asp_ws/ws_px4_controls/install/px4_msgs/include/px4_msgs/px4_msgs/msg/detail/px4io_status__functions.c\n'}
[0.751511] (px4_msgs) StdoutLine: {'line': b'-- Up-to-date: /home/jmj/pro_asp_ws/ws_px4_controls/install/px4_msgs/include/px4_msgs/px4_msgs/msg/detail/esc_status__type_support.h\n'}
[0.751536] (px4_msgs) StdoutLine: {'line': b'-- Up-to-date: /home/jmj/pro_asp_ws/ws_px4_controls/install/px4_msgs/include/px4_msgs/px4_msgs/msg/detail/position_controller_status__struct.h\n'}
[0.751560] (px4_msgs) StdoutLine: {'line': b'-- Up-to-date: /home/jmj/pro_asp_ws/ws_px4_controls/install/px4_msgs/include/px4_msgs/px4_msgs/msg/detail/tiltrotor_extra_controls__struct.h\n'}
[0.751585] (px4_msgs) StdoutLine: {'line': b'-- Up-to-date: /home/jmj/pro_asp_ws/ws_px4_controls/install/px4_msgs/include/px4_msgs/px4_msgs/msg/detail/sensor_airflow__functions.h\n'}
[0.751609] (px4_msgs) StdoutLine: {'line': b'-- Up-to-date: /home/jmj/pro_asp_ws/ws_px4_controls/install/px4_msgs/include/px4_msgs/px4_msgs/msg/detail/airspeed_validated__struct.h\n'}
[0.751647] (px4_msgs) StdoutLine: {'line': b'-- Up-to-date: /home/jmj/pro_asp_ws/ws_px4_controls/install/px4_msgs/include/px4_msgs/px4_msgs/msg/detail/gpio_out__struct.h\n'}
[0.751672] (px4_msgs) StdoutLine: {'line': b'-- Up-to-date: /home/jmj/pro_asp_ws/ws_px4_controls/install/px4_msgs/include/px4_msgs/px4_msgs/msg/detail/fixed_wing_lateral_guidance_status__type_support.h\n'}
[0.751697] (px4_msgs) StdoutLine: {'line': b'-- Up-to-date: /home/jmj/pro_asp_ws/ws_px4_controls/install/px4_msgs/include/px4_msgs/px4_msgs/msg/detail/gpio_config__functions.c\n'}
[0.751782] (px4_msgs) StdoutLine: {'line': b'-- Up-to-date: /home/jmj/pro_asp_ws/ws_px4_controls/install/px4_msgs/include/px4_msgs/px4_msgs/msg/detail/estimator_event_flags__functions.h\n'}
[0.751812] (px4_msgs) StdoutLine: {'line': b'-- Up-to-date: /home/jmj/pro_asp_ws/ws_px4_controls/install/px4_msgs/include/px4_msgs/px4_msgs/msg/detail/rover_rate_setpoint__struct.h\n'}
[0.751839] (px4_msgs) StdoutLine: {'line': b'-- Up-to-date: /home/jmj/pro_asp_ws/ws_px4_controls/install/px4_msgs/include/px4_msgs/px4_msgs/msg/detail/manual_control_setpoint__functions.c\n'}
[0.751864] (px4_msgs) StdoutLine: {'line': b'-- Up-to-date: /home/jmj/pro_asp_ws/ws_px4_controls/install/px4_msgs/include/px4_msgs/px4_msgs/msg/detail/wheel_encoders__struct.h\n'}
[0.751894] (px4_msgs) StdoutLine: {'line': b'-- Up-to-date: /home/jmj/pro_asp_ws/ws_px4_controls/install/px4_msgs/include/px4_msgs/px4_msgs/msg/detail/rc_parameter_map__type_support.h\n'}
[0.751920] (px4_msgs) StdoutLine: {'line': b'-- Up-to-date: /home/jmj/pro_asp_ws/ws_px4_controls/install/px4_msgs/include/px4_msgs/px4_msgs/msg/detail/estimator_sensor_bias__type_support.h\n'}
[0.751946] (px4_msgs) StdoutLine: {'line': b'-- Up-to-date: /home/jmj/pro_asp_ws/ws_px4_controls/install/px4_msgs/include/px4_msgs/px4_msgs/msg/detail/sensor_combined__struct.h\n'}
[0.751974] (px4_msgs) StdoutLine: {'line': b'-- Up-to-date: /home/jmj/pro_asp_ws/ws_px4_controls/install/px4_msgs/include/px4_msgs/px4_msgs/msg/detail/vehicle_status__functions.h\n'}
[0.751998] (px4_msgs) StdoutLine: {'line': b'-- Up-to-date: /home/jmj/pro_asp_ws/ws_px4_controls/install/px4_msgs/include/px4_msgs/px4_msgs/msg/detail/fixed_wing_runway_control__type_support.h\n'}
[0.752022] (px4_msgs) StdoutLine: {'line': b'-- Up-to-date: /home/jmj/pro_asp_ws/ws_px4_controls/install/px4_msgs/include/px4_msgs/px4_msgs/msg/detail/uavcan_parameter_value__struct.h\n'}
[0.752047] (px4_msgs) StdoutLine: {'line': b'-- Up-to-date: /home/jmj/pro_asp_ws/ws_px4_controls/install/px4_msgs/include/px4_msgs/px4_msgs/msg/detail/sensor_gyro__functions.c\n'}
[0.752071] (px4_msgs) StdoutLine: {'line': b'-- Up-to-date: /home/jmj/pro_asp_ws/ws_px4_controls/install/px4_msgs/include/px4_msgs/px4_msgs/msg/detail/vehicle_local_position__type_support.h\n'}
[0.752095] (px4_msgs) StdoutLine: {'line': b'-- Up-to-date: /home/jmj/pro_asp_ws/ws_px4_controls/install/px4_msgs/include/px4_msgs/px4_msgs/msg/detail/vehicle_local_position__functions.c\n'}
[0.752121] (px4_msgs) StdoutLine: {'line': b'-- Up-to-date: /home/jmj/pro_asp_ws/ws_px4_controls/install/px4_msgs/include/px4_msgs/px4_msgs/msg/detail/longitudinal_control_configuration__struct.h\n'}
[0.752145] (px4_msgs) StdoutLine: {'line': b'-- Up-to-date: /home/jmj/pro_asp_ws/ws_px4_controls/install/px4_msgs/include/px4_msgs/px4_msgs/msg/detail/health_report__functions.c\n'}
[0.752170] (px4_msgs) StdoutLine: {'line': b'-- Up-to-date: /home/jmj/pro_asp_ws/ws_px4_controls/install/px4_msgs/include/px4_msgs/px4_msgs/msg/detail/open_drone_id_operator_id__functions.c\n'}
[0.752242] (px4_msgs) StdoutLine: {'line': b'-- Up-to-date: /home/jmj/pro_asp_ws/ws_px4_controls/install/px4_msgs/include/px4_msgs/px4_msgs/msg/detail/vehicle_magnetometer__functions.h\n'}
[0.752269] (px4_msgs) StdoutLine: {'line': b'-- Up-to-date: /home/jmj/pro_asp_ws/ws_px4_controls/install/px4_msgs/include/px4_msgs/px4_msgs/msg/detail/debug_array__functions.c\n'}
[0.752294] (px4_msgs) StdoutLine: {'line': b'-- Up-to-date: /home/jmj/pro_asp_ws/ws_px4_controls/install/px4_msgs/include/px4_msgs/px4_msgs/msg/detail/sensor_uwb__type_support.h\n'}
[0.752420] (px4_msgs) StdoutLine: {'line': b'-- Up-to-date: /home/jmj/pro_asp_ws/ws_px4_controls/install/px4_msgs/include/px4_msgs/px4_msgs/msg/detail/sensor_baro__functions.c\n'}
[0.752448] (px4_msgs) StdoutLine: {'line': b'-- Up-to-date: /home/jmj/pro_asp_ws/ws_px4_controls/install/px4_msgs/include/px4_msgs/px4_msgs/msg/detail/ulog_stream_ack__functions.h\n'}
[0.752654] (px4_msgs) StdoutLine: {'line': b'-- Up-to-date: /home/jmj/pro_asp_ws/ws_px4_controls/install/px4_msgs/include/px4_msgs/px4_msgs/msg/detail/takeoff_status__struct.h\n'}
[0.752887] (px4_msgs) StdoutLine: {'line': b'-- Up-to-date: /home/jmj/pro_asp_ws/ws_px4_controls/install/px4_msgs/include/px4_msgs/px4_msgs/msg/detail/gimbal_manager_set_attitude__struct.h\n'}
[0.753044] (px4_msgs) StdoutLine: {'line': b'-- Up-to-date: /home/jmj/pro_asp_ws/ws_px4_controls/install/px4_msgs/include/px4_msgs/px4_msgs/msg/detail/geofence_status__functions.h\n'}
[0.753168] (px4_msgs) StdoutLine: {'line': b'-- Up-to-date: /home/jmj/pro_asp_ws/ws_px4_controls/install/px4_msgs/include/px4_msgs/px4_msgs/msg/detail/orb_test_large__functions.c\n'}
[0.753251] (px4_msgs) StdoutLine: {'line': b'-- Up-to-date: /home/jmj/pro_asp_ws/ws_px4_controls/install/px4_msgs/include/px4_msgs/px4_msgs/msg/detail/rc_parameter_map__functions.h\n'}
[0.753424] (px4_msgs) StdoutLine: {'line': b'-- Up-to-date: /home/jmj/pro_asp_ws/ws_px4_controls/install/px4_msgs/include/px4_msgs/px4_msgs/msg/detail/estimator_aid_source1d__type_support.h\n'}
[0.753625] (px4_msgs) StdoutLine: {'line': b'-- Up-to-date: /home/jmj/pro_asp_ws/ws_px4_controls/install/px4_msgs/include/px4_msgs/px4_msgs/msg/detail/parameter_set_value_response__struct.h\n'}
[0.753706] (px4_msgs) StdoutLine: {'line': b'-- Up-to-date: /home/jmj/pro_asp_ws/ws_px4_controls/install/px4_msgs/include/px4_msgs/px4_msgs/msg/detail/vehicle_attitude_setpoint__functions.h\n'}
[0.753743] (px4_msgs) StdoutLine: {'line': b'-- Up-to-date: /home/jmj/pro_asp_ws/ws_px4_controls/install/px4_msgs/include/px4_msgs/px4_msgs/msg/detail/task_stack_info__struct.h\n'}
[0.753799] (px4_msgs) StdoutLine: {'line': b'-- Up-to-date: /home/jmj/pro_asp_ws/ws_px4_controls/install/px4_msgs/include/px4_msgs/px4_msgs/msg/detail/control_allocator_status__type_support.h\n'}
[0.753832] (px4_msgs) StdoutLine: {'line': b'-- Up-to-date: /home/jmj/pro_asp_ws/ws_px4_controls/install/px4_msgs/include/px4_msgs/px4_msgs/msg/detail/vehicle_constraints__functions.h\n'}
[0.753861] (px4_msgs) StdoutLine: {'line': b'-- Up-to-date: /home/jmj/pro_asp_ws/ws_px4_controls/install/px4_msgs/include/px4_msgs/px4_msgs/msg/detail/radio_status__type_support.h\n'}
[0.753891] (px4_msgs) StdoutLine: {'line': b'-- Up-to-date: /home/jmj/pro_asp_ws/ws_px4_controls/install/px4_msgs/include/px4_msgs/px4_msgs/msg/detail/parameter_set_value_request__functions.h\n'}
[0.753919] (px4_msgs) StdoutLine: {'line': b'-- Up-to-date: /home/jmj/pro_asp_ws/ws_px4_controls/install/px4_msgs/include/px4_msgs/px4_msgs/msg/detail/rpm__type_support.h\n'}
[0.753947] (px4_msgs) StdoutLine: {'line': b'-- Up-to-date: /home/jmj/pro_asp_ws/ws_px4_controls/install/px4_msgs/include/px4_msgs/px4_msgs/msg/detail/home_position__functions.c\n'}
[0.753974] (px4_msgs) StdoutLine: {'line': b'-- Up-to-date: /home/jmj/pro_asp_ws/ws_px4_controls/install/px4_msgs/include/px4_msgs/px4_msgs/msg/detail/manual_control_switches__functions.c\n'}
[0.754001] (px4_msgs) StdoutLine: {'line': b'-- Up-to-date: /home/jmj/pro_asp_ws/ws_px4_controls/install/px4_msgs/include/px4_msgs/px4_msgs/msg/detail/sensor_gyro__type_support.h\n'}
[0.754027] (px4_msgs) StdoutLine: {'line': b'-- Up-to-date: /home/jmj/pro_asp_ws/ws_px4_controls/install/px4_msgs/include/px4_msgs/px4_msgs/msg/detail/debug_key_value__functions.c\n'}
[0.754054] (px4_msgs) StdoutLine: {'line': b'-- Up-to-date: /home/jmj/pro_asp_ws/ws_px4_controls/install/px4_msgs/include/px4_msgs/px4_msgs/msg/detail/actuator_armed__functions.c\n'}
[0.754080] (px4_msgs) StdoutLine: {'line': b'-- Up-to-date: /home/jmj/pro_asp_ws/ws_px4_controls/install/px4_msgs/include/px4_msgs/px4_msgs/msg/detail/distance_sensor__functions.h\n'}
[0.754119] (px4_msgs) StdoutLine: {'line': b'-- Up-to-date: /home/jmj/pro_asp_ws/ws_px4_controls/install/px4_msgs/include/px4_msgs/px4_msgs/msg/detail/airspeed_validated__type_support.h\n'}
[0.754146] (px4_msgs) StdoutLine: {'line': b'-- Up-to-date: /home/jmj/pro_asp_ws/ws_px4_controls/install/px4_msgs/include/px4_msgs/px4_msgs/msg/detail/orb_test__type_support.h\n'}
[0.754175] (px4_msgs) StdoutLine: {'line': b'-- Up-to-date: /home/jmj/pro_asp_ws/ws_px4_controls/install/px4_msgs/include/px4_msgs/px4_msgs/msg/detail/sensor_accel__functions.h\n'}
[0.754202] (px4_msgs) StdoutLine: {'line': b'-- Up-to-date: /home/jmj/pro_asp_ws/ws_px4_controls/install/px4_msgs/include/px4_msgs/px4_msgs/msg/detail/mission_result__type_support.h\n'}
[0.754229] (px4_msgs) StdoutLine: {'line': b'-- Up-to-date: /home/jmj/pro_asp_ws/ws_px4_controls/install/px4_msgs/include/px4_msgs/px4_msgs/msg/detail/estimator_aid_source1d__functions.c\n'}
[0.754307] (px4_msgs) StdoutLine: {'line': b'-- Up-to-date: /home/jmj/pro_asp_ws/ws_px4_controls/install/px4_msgs/include/px4_msgs/px4_msgs/msg/detail/battery_status__struct.h\n'}
[0.754337] (px4_msgs) StdoutLine: {'line': b'-- Up-to-date: /home/jmj/pro_asp_ws/ws_px4_controls/install/px4_msgs/include/px4_msgs/px4_msgs/msg/detail/sensor_optical_flow__type_support.h\n'}
[0.754366] (px4_msgs) StdoutLine: {'line': b'-- Up-to-date: /home/jmj/pro_asp_ws/ws_px4_controls/install/px4_msgs/include/px4_msgs/px4_msgs/msg/detail/sensor_optical_flow__struct.h\n'}
[0.754393] (px4_msgs) StdoutLine: {'line': b'-- Up-to-date: /home/jmj/pro_asp_ws/ws_px4_controls/install/px4_msgs/include/px4_msgs/px4_msgs/msg/detail/estimator_bias__type_support.h\n'}
[0.754420] (px4_msgs) StdoutLine: {'line': b'-- Up-to-date: /home/jmj/pro_asp_ws/ws_px4_controls/install/px4_msgs/include/px4_msgs/px4_msgs/msg/detail/vehicle_imu__struct.h\n'}
[0.754447] (px4_msgs) StdoutLine: {'line': b'-- Up-to-date: /home/jmj/pro_asp_ws/ws_px4_controls/install/px4_msgs/include/px4_msgs/px4_msgs/msg/detail/sensor_airflow__struct.h\n'}
[0.754475] (px4_msgs) StdoutLine: {'line': b'-- Up-to-date: /home/jmj/pro_asp_ws/ws_px4_controls/install/px4_msgs/include/px4_msgs/px4_msgs/msg/detail/landing_target_pose__functions.c\n'}
[0.754501] (px4_msgs) StdoutLine: {'line': b'-- Up-to-date: /home/jmj/pro_asp_ws/ws_px4_controls/install/px4_msgs/include/px4_msgs/px4_msgs/msg/detail/tecs_status__functions.h\n'}
[0.754528] (px4_msgs) StdoutLine: {'line': b'-- Up-to-date: /home/jmj/pro_asp_ws/ws_px4_controls/install/px4_msgs/include/px4_msgs/px4_msgs/msg/detail/follow_target_estimator__functions.c\n'}
[0.754554] (px4_msgs) StdoutLine: {'line': b'-- Up-to-date: /home/jmj/pro_asp_ws/ws_px4_controls/install/px4_msgs/include/px4_msgs/px4_msgs/msg/detail/sensor_selection__struct.h\n'}
[0.754590] (px4_msgs) StdoutLine: {'line': b'-- Up-to-date: /home/jmj/pro_asp_ws/ws_px4_controls/install/px4_msgs/include/px4_msgs/px4_msgs/msg/detail/debug_key_value__functions.h\n'}
[0.754618] (px4_msgs) StdoutLine: {'line': b'-- Up-to-date: /home/jmj/pro_asp_ws/ws_px4_controls/install/px4_msgs/include/px4_msgs/px4_msgs/msg/detail/rover_position_setpoint__struct.h\n'}
[0.754644] (px4_msgs) StdoutLine: {'line': b'-- Up-to-date: /home/jmj/pro_asp_ws/ws_px4_controls/install/px4_msgs/include/px4_msgs/px4_msgs/msg/detail/mission__struct.h\n'}
[0.754671] (px4_msgs) StdoutLine: {'line': b'-- Up-to-date: /home/jmj/pro_asp_ws/ws_px4_controls/install/px4_msgs/include/px4_msgs/px4_msgs/msg/detail/manual_control_switches__functions.h\n'}
[0.754699] (px4_msgs) StdoutLine: {'line': b'-- Up-to-date: /home/jmj/pro_asp_ws/ws_px4_controls/install/px4_msgs/include/px4_msgs/px4_msgs/msg/detail/trajectory_setpoint__functions.h\n'}
[0.754727] (px4_msgs) StdoutLine: {'line': b'-- Up-to-date: /home/jmj/pro_asp_ws/ws_px4_controls/install/px4_msgs/include/px4_msgs/px4_msgs/msg/detail/actuator_armed__struct.h\n'}
[0.754784] (px4_msgs) StdoutLine: {'line': b'-- Up-to-date: /home/jmj/pro_asp_ws/ws_px4_controls/install/px4_msgs/include/px4_msgs/px4_msgs/msg/detail/rover_position_setpoint__type_support.h\n'}
[0.754839] (px4_msgs) StdoutLine: {'line': b'-- Up-to-date: /home/jmj/pro_asp_ws/ws_px4_controls/install/px4_msgs/include/px4_msgs/px4_msgs/msg/detail/position_setpoint_triplet__struct.h\n'}
[0.754868] (px4_msgs) StdoutLine: {'line': b'-- Up-to-date: /home/jmj/pro_asp_ws/ws_px4_controls/install/px4_msgs/include/px4_msgs/px4_msgs/msg/detail/uavcan_parameter_request__type_support.h\n'}
[0.754898] (px4_msgs) StdoutLine: {'line': b'-- Up-to-date: /home/jmj/pro_asp_ws/ws_px4_controls/install/px4_msgs/include/px4_msgs/px4_msgs/msg/detail/health_report__struct.h\n'}
[0.754927] (px4_msgs) StdoutLine: {'line': b'-- Up-to-date: /home/jmj/pro_asp_ws/ws_px4_controls/install/px4_msgs/include/px4_msgs/px4_msgs/msg/detail/sensor_mag__functions.c\n'}
[0.754954] (px4_msgs) StdoutLine: {'line': b'-- Up-to-date: /home/jmj/pro_asp_ws/ws_px4_controls/install/px4_msgs/include/px4_msgs/px4_msgs/msg/detail/esc_status__functions.h\n'}
[0.754982] (px4_msgs) StdoutLine: {'line': b'-- Up-to-date: /home/jmj/pro_asp_ws/ws_px4_controls/install/px4_msgs/include/px4_msgs/px4_msgs/msg/detail/figure_eight_status__functions.h\n'}
[0.755009] (px4_msgs) StdoutLine: {'line': b'-- Up-to-date: /home/jmj/pro_asp_ws/ws_px4_controls/install/px4_msgs/include/px4_msgs/px4_msgs/msg/detail/vehicle_control_mode__functions.h\n'}
[0.755035] (px4_msgs) StdoutLine: {'line': b'-- Up-to-date: /home/jmj/pro_asp_ws/ws_px4_controls/install/px4_msgs/include/px4_msgs/px4_msgs/msg/detail/vehicle_imu_status__type_support.h\n'}
[0.755062] (px4_msgs) StdoutLine: {'line': b'-- Up-to-date: /home/jmj/pro_asp_ws/ws_px4_controls/install/px4_msgs/include/px4_msgs/px4_msgs/msg/detail/mount_orientation__functions.c\n'}
[0.755089] (px4_msgs) StdoutLine: {'line': b'-- Up-to-date: /home/jmj/pro_asp_ws/ws_px4_controls/install/px4_msgs/include/px4_msgs/px4_msgs/msg/detail/rc_parameter_map__struct.h\n'}
[0.755116] (px4_msgs) StdoutLine: {'line': b'-- Up-to-date: /home/jmj/pro_asp_ws/ws_px4_controls/install/px4_msgs/include/px4_msgs/px4_msgs/msg/detail/hover_thrust_estimate__functions.c\n'}
[0.755144] (px4_msgs) StdoutLine: {'line': b'-- Up-to-date: /home/jmj/pro_asp_ws/ws_px4_controls/install/px4_msgs/include/px4_msgs/px4_msgs/msg/detail/mavlink_log__type_support.h\n'}
[0.755183] (px4_msgs) StdoutLine: {'line': b'-- Up-to-date: /home/jmj/pro_asp_ws/ws_px4_controls/install/px4_msgs/include/px4_msgs/px4_msgs/msg/detail/open_drone_id_arm_status__functions.h\n'}
[0.755255] (px4_msgs) StdoutLine: {'line': b'-- Up-to-date: /home/jmj/pro_asp_ws/ws_px4_controls/install/px4_msgs/include/px4_msgs/px4_msgs/msg/detail/sensors_status_imu__functions.c\n'}
[0.755284] (px4_msgs) StdoutLine: {'line': b'-- Up-to-date: /home/jmj/pro_asp_ws/ws_px4_controls/install/px4_msgs/include/px4_msgs/px4_msgs/msg/detail/flight_phase_estimation__functions.c\n'}
[0.755312] (px4_msgs) StdoutLine: {'line': b'-- Up-to-date: /home/jmj/pro_asp_ws/ws_px4_controls/install/px4_msgs/include/px4_msgs/px4_msgs/msg/detail/orbit_status__functions.h\n'}
[0.755338] (px4_msgs) StdoutLine: {'line': b'-- Up-to-date: /home/jmj/pro_asp_ws/ws_px4_controls/install/px4_msgs/include/px4_msgs/px4_msgs/msg/detail/input_rc__struct.h\n'}
[0.755365] (px4_msgs) StdoutLine: {'line': b'-- Up-to-date: /home/jmj/pro_asp_ws/ws_px4_controls/install/px4_msgs/include/px4_msgs/px4_msgs/msg/detail/mag_worker_data__type_support.h\n'}
[0.755391] (px4_msgs) StdoutLine: {'line': b'-- Up-to-date: /home/jmj/pro_asp_ws/ws_px4_controls/install/px4_msgs/include/px4_msgs/px4_msgs/msg/detail/uavcan_parameter_value__functions.c\n'}
[0.755417] (px4_msgs) StdoutLine: {'line': b'-- Up-to-date: /home/jmj/pro_asp_ws/ws_px4_controls/install/px4_msgs/include/px4_msgs/px4_msgs/msg/detail/distance_sensor__functions.c\n'}
[0.755444] (px4_msgs) StdoutLine: {'line': b'-- Up-to-date: /home/jmj/pro_asp_ws/ws_px4_controls/install/px4_msgs/include/px4_msgs/px4_msgs/msg/detail/vtol_vehicle_status__type_support.h\n'}
[0.755480] (px4_msgs) StdoutLine: {'line': b'-- Up-to-date: /home/jmj/pro_asp_ws/ws_px4_controls/install/px4_msgs/include/px4_msgs/px4_msgs/msg/detail/velocity_limits__functions.h\n'}
[0.755538] (px4_msgs) StdoutLine: {'line': b'-- Up-to-date: /home/jmj/pro_asp_ws/ws_px4_controls/install/px4_msgs/include/px4_msgs/px4_msgs/msg/detail/dataman_response__struct.h\n'}
[0.755567] (px4_msgs) StdoutLine: {'line': b'-- Up-to-date: /home/jmj/pro_asp_ws/ws_px4_controls/install/px4_msgs/include/px4_msgs/px4_msgs/msg/detail/mavlink_tunnel__struct.h\n'}
[0.755595] (px4_msgs) StdoutLine: {'line': b'-- Up-to-date: /home/jmj/pro_asp_ws/ws_px4_controls/install/px4_msgs/include/px4_msgs/px4_msgs/msg/detail/rc_channels__functions.h\n'}
[0.755623] (px4_msgs) StdoutLine: {'line': b'-- Up-to-date: /home/jmj/pro_asp_ws/ws_px4_controls/install/px4_msgs/include/px4_msgs/px4_msgs/msg/detail/transponder_report__type_support.h\n'}
[0.755650] (px4_msgs) StdoutLine: {'line': b'-- Up-to-date: /home/jmj/pro_asp_ws/ws_px4_controls/install/px4_msgs/include/px4_msgs/px4_msgs/msg/detail/rover_throttle_setpoint__functions.c\n'}
[0.755678] (px4_msgs) StdoutLine: {'line': b'-- Up-to-date: /home/jmj/pro_asp_ws/ws_px4_controls/install/px4_msgs/include/px4_msgs/px4_msgs/msg/detail/sensor_correction__functions.c\n'}
[0.755715] (px4_msgs) StdoutLine: {'line': b'-- Up-to-date: /home/jmj/pro_asp_ws/ws_px4_controls/install/px4_msgs/include/px4_msgs/px4_msgs/msg/detail/gimbal_manager_information__struct.h\n'}
[0.755763] (px4_msgs) StdoutLine: {'line': b'-- Up-to-date: /home/jmj/pro_asp_ws/ws_px4_controls/install/px4_msgs/include/px4_msgs/px4_msgs/msg/detail/sensor_baro__type_support.h\n'}
[0.755812] (px4_msgs) StdoutLine: {'line': b'-- Up-to-date: /home/jmj/pro_asp_ws/ws_px4_controls/install/px4_msgs/include/px4_msgs/px4_msgs/msg/detail/can_interface_status__type_support.h\n'}
[0.755855] (px4_msgs) StdoutLine: {'line': b'-- Up-to-date: /home/jmj/pro_asp_ws/ws_px4_controls/install/px4_msgs/include/px4_msgs/px4_msgs/msg/detail/sensor_accel_fifo__functions.c\n'}
[0.755903] (px4_msgs) StdoutLine: {'line': b'-- Up-to-date: /home/jmj/pro_asp_ws/ws_px4_controls/install/px4_msgs/include/px4_msgs/px4_msgs/msg/detail/fixed_wing_lateral_status__type_support.h\n'}
[0.755949] (px4_msgs) StdoutLine: {'line': b'-- Up-to-date: /home/jmj/pro_asp_ws/ws_px4_controls/install/px4_msgs/include/px4_msgs/px4_msgs/msg/detail/geofence_result__functions.h\n'}
[0.755992] (px4_msgs) StdoutLine: {'line': b'-- Up-to-date: /home/jmj/pro_asp_ws/ws_px4_controls/install/px4_msgs/include/px4_msgs/px4_msgs/msg/detail/power_monitor__type_support.h\n'}
[0.756041] (px4_msgs) StdoutLine: {'line': b'-- Up-to-date: /home/jmj/pro_asp_ws/ws_px4_controls/install/px4_msgs/include/px4_msgs/px4_msgs/msg/detail/sensor_preflight_mag__type_support.h\n'}
[0.756146] (px4_msgs) StdoutLine: {'line': b'-- Up-to-date: /home/jmj/pro_asp_ws/ws_px4_controls/install/px4_msgs/include/px4_msgs/px4_msgs/msg/detail/system_power__struct.h\n'}
[0.756200] (px4_msgs) StdoutLine: {'line': b'-- Up-to-date: /home/jmj/pro_asp_ws/ws_px4_controls/install/px4_msgs/include/px4_msgs/px4_msgs/msg/detail/longitudinal_control_configuration__functions.h\n'}
[0.756244] (px4_msgs) StdoutLine: {'line': b'-- Up-to-date: /home/jmj/pro_asp_ws/ws_px4_controls/install/px4_msgs/include/px4_msgs/px4_msgs/msg/detail/orbit_status__functions.c\n'}
[0.756287] (px4_msgs) StdoutLine: {'line': b'-- Up-to-date: /home/jmj/pro_asp_ws/ws_px4_controls/install/px4_msgs/include/px4_msgs/px4_msgs/msg/detail/fixed_wing_lateral_setpoint__functions.c\n'}
[0.756330] (px4_msgs) StdoutLine: {'line': b'-- Up-to-date: /home/jmj/pro_asp_ws/ws_px4_controls/install/px4_msgs/include/px4_msgs/px4_msgs/msg/detail/estimator_selector_status__functions.c\n'}
[0.756372] (px4_msgs) StdoutLine: {'line': b'-- Up-to-date: /home/jmj/pro_asp_ws/ws_px4_controls/install/px4_msgs/include/px4_msgs/px4_msgs/msg/detail/log_message__struct.h\n'}
[0.756605] (px4_msgs) StdoutLine: {'line': b'-- Up-to-date: /home/jmj/pro_asp_ws/ws_px4_controls/install/px4_msgs/include/px4_msgs/px4_msgs/msg/detail/sensor_gnss_relative__struct.h\n'}
[0.756694] (px4_msgs) StdoutLine: {'line': b'-- Up-to-date: /home/jmj/pro_asp_ws/ws_px4_controls/install/px4_msgs/include/px4_msgs/px4_msgs/msg/detail/timesync_status__type_support.h\n'}
[0.756811] (px4_msgs) StdoutLine: {'line': b'-- Up-to-date: /home/jmj/pro_asp_ws/ws_px4_controls/install/px4_msgs/include/px4_msgs/px4_msgs/msg/detail/geofence_result__functions.c\n'}
[0.756862] (px4_msgs) StdoutLine: {'line': b'-- Up-to-date: /home/jmj/pro_asp_ws/ws_px4_controls/install/px4_msgs/include/px4_msgs/px4_msgs/msg/detail/geofence_status__type_support.h\n'}
[0.756908] (px4_msgs) StdoutLine: {'line': b'-- Up-to-date: /home/jmj/pro_asp_ws/ws_px4_controls/install/px4_msgs/include/px4_msgs/px4_msgs/msg/detail/estimator_event_flags__functions.c\n'}
[0.756953] (px4_msgs) StdoutLine: {'line': b'-- Up-to-date: /home/jmj/pro_asp_ws/ws_px4_controls/install/px4_msgs/include/px4_msgs/px4_msgs/msg/detail/arming_check_reply__functions.h\n'}
[0.756997] (px4_msgs) StdoutLine: {'line': b'-- Up-to-date: /home/jmj/pro_asp_ws/ws_px4_controls/install/px4_msgs/include/px4_msgs/px4_msgs/msg/detail/rover_attitude_status__functions.c\n'}
[0.757055] (px4_msgs) StdoutLine: {'line': b'-- Up-to-date: /home/jmj/pro_asp_ws/ws_px4_controls/install/px4_msgs/include/px4_msgs/px4_msgs/msg/detail/manual_control_switches__type_support.h\n'}
[0.757100] (px4_msgs) StdoutLine: {'line': b'-- Up-to-date: /home/jmj/pro_asp_ws/ws_px4_controls/install/px4_msgs/include/px4_msgs/px4_msgs/msg/detail/gimbal_controls__struct.h\n'}
[0.757145] (px4_msgs) StdoutLine: {'line': b'-- Up-to-date: /home/jmj/pro_asp_ws/ws_px4_controls/install/px4_msgs/include/px4_msgs/px4_msgs/msg/detail/orb_test_large__struct.h\n'}
[0.757188] (px4_msgs) StdoutLine: {'line': b'-- Up-to-date: /home/jmj/pro_asp_ws/ws_px4_controls/install/px4_msgs/include/px4_msgs/px4_msgs/msg/detail/vehicle_air_data__functions.h\n'}
[0.757231] (px4_msgs) StdoutLine: {'line': b'-- Up-to-date: /home/jmj/pro_asp_ws/ws_px4_controls/install/px4_msgs/include/px4_msgs/px4_msgs/msg/detail/input_rc__type_support.h\n'}
[0.757274] (px4_msgs) StdoutLine: {'line': b'-- Up-to-date: /home/jmj/pro_asp_ws/ws_px4_controls/install/px4_msgs/include/px4_msgs/px4_msgs/msg/detail/arming_check_request__functions.c\n'}
[0.757316] (px4_msgs) StdoutLine: {'line': b'-- Up-to-date: /home/jmj/pro_asp_ws/ws_px4_controls/install/px4_msgs/include/px4_msgs/px4_msgs/msg/detail/fixed_wing_runway_control__functions.c\n'}
[0.757358] (px4_msgs) StdoutLine: {'line': b'-- Up-to-date: /home/jmj/pro_asp_ws/ws_px4_controls/install/px4_msgs/include/px4_msgs/px4_msgs/msg/detail/open_drone_id_operator_id__struct.h\n'}
[0.757699] (px4_msgs) StdoutLine: {'line': b'-- Up-to-date: /home/jmj/pro_asp_ws/ws_px4_controls/install/px4_msgs/include/px4_msgs/px4_msgs/msg/detail/actuator_controls_status__struct.h\n'}
[0.757889] (px4_msgs) StdoutLine: {'line': b'-- Up-to-date: /home/jmj/pro_asp_ws/ws_px4_controls/install/px4_msgs/include/px4_msgs/px4_msgs/msg/detail/sensor_airflow__type_support.h\n'}
[0.757969] (px4_msgs) StdoutLine: {'line': b'-- Up-to-date: /home/jmj/pro_asp_ws/ws_px4_controls/install/px4_msgs/include/px4_msgs/px4_msgs/msg/detail/logger_status__type_support.h\n'}
[0.758038] (px4_msgs) StdoutLine: {'line': b'-- Up-to-date: /home/jmj/pro_asp_ws/ws_px4_controls/install/px4_msgs/include/px4_msgs/px4_msgs/msg/detail/vehicle_optical_flow_vel__functions.c\n'}
[0.758096] (px4_msgs) StdoutLine: {'line': b'-- Up-to-date: /home/jmj/pro_asp_ws/ws_px4_controls/install/px4_msgs/include/px4_msgs/px4_msgs/msg/detail/magnetometer_bias_estimate__struct.h\n'}
[0.758166] (px4_msgs) StdoutLine: {'line': b'-- Up-to-date: /home/jmj/pro_asp_ws/ws_px4_controls/install/px4_msgs/include/px4_msgs/px4_msgs/msg/detail/airspeed__functions.c\n'}
[0.758224] (px4_msgs) StdoutLine: {'line': b'-- Up-to-date: /home/jmj/pro_asp_ws/ws_px4_controls/install/px4_msgs/include/px4_msgs/px4_msgs/msg/detail/vehicle_land_detected__type_support.h\n'}
[0.758283] (px4_msgs) StdoutLine: {'line': b'-- Up-to-date: /home/jmj/pro_asp_ws/ws_px4_controls/install/px4_msgs/include/px4_msgs/px4_msgs/msg/detail/open_drone_id_system__type_support.h\n'}
[0.758368] (px4_msgs) StdoutLine: {'line': b'-- Up-to-date: /home/jmj/pro_asp_ws/ws_px4_controls/install/px4_msgs/include/px4_msgs/px4_msgs/msg/detail/vehicle_command__struct.h\n'}
[0.758424] (px4_msgs) StdoutLine: {'line': b'-- Up-to-date: /home/jmj/pro_asp_ws/ws_px4_controls/install/px4_msgs/include/px4_msgs/px4_msgs/msg/detail/parameter_reset_request__type_support.h\n'}
[0.758477] (px4_msgs) StdoutLine: {'line': b'-- Up-to-date: /home/jmj/pro_asp_ws/ws_px4_controls/install/px4_msgs/include/px4_msgs/px4_msgs/msg/detail/fixed_wing_lateral_guidance_status__functions.c\n'}
[0.758535] (px4_msgs) StdoutLine: {'line': b'-- Up-to-date: /home/jmj/pro_asp_ws/ws_px4_controls/install/px4_msgs/include/px4_msgs/px4_msgs/msg/detail/estimator_status_flags__functions.c\n'}
[0.758589] (px4_msgs) StdoutLine: {'line': b'-- Up-to-date: /home/jmj/pro_asp_ws/ws_px4_controls/install/px4_msgs/include/px4_msgs/px4_msgs/msg/detail/hover_thrust_estimate__struct.h\n'}
[0.758640] (px4_msgs) StdoutLine: {'line': b'-- Up-to-date: /home/jmj/pro_asp_ws/ws_px4_controls/install/px4_msgs/include/px4_msgs/px4_msgs/msg/detail/orb_test_medium__struct.h\n'}
[0.758694] (px4_msgs) StdoutLine: {'line': b'-- Up-to-date: /home/jmj/pro_asp_ws/ws_px4_controls/install/px4_msgs/include/px4_msgs/px4_msgs/msg/detail/actuator_outputs__struct.h\n'}
[0.758852] (px4_msgs) StdoutLine: {'line': b'-- Up-to-date: /home/jmj/pro_asp_ws/ws_px4_controls/install/px4_msgs/include/px4_msgs/px4_msgs/msg/detail/action_request__struct.h\n'}
[0.758936] (px4_msgs) StdoutLine: {'line': b'-- Up-to-date: /home/jmj/pro_asp_ws/ws_px4_controls/install/px4_msgs/include/px4_msgs/px4_msgs/msg/detail/vehicle_optical_flow_vel__type_support.h\n'}
[0.759179] (px4_msgs) StdoutLine: {'line': b'-- Up-to-date: /home/jmj/pro_asp_ws/ws_px4_controls/install/px4_msgs/include/px4_msgs/px4_msgs/msg/detail/led_control__functions.c\n'}
[0.759509] (px4_msgs) StdoutLine: {'line': b'-- Up-to-date: /home/jmj/pro_asp_ws/ws_px4_controls/install/px4_msgs/include/px4_msgs/px4_msgs/msg/detail/gpio_out__functions.c\n'}
[0.759869] (px4_msgs) StdoutLine: {'line': b'-- Up-to-date: /home/jmj/pro_asp_ws/ws_px4_controls/install/px4_msgs/include/px4_msgs/px4_msgs/msg/detail/power_monitor__functions.c\n'}
[0.759940] (px4_msgs) StdoutLine: {'line': b'-- Up-to-date: /home/jmj/pro_asp_ws/ws_px4_controls/install/px4_msgs/include/px4_msgs/px4_msgs/msg/detail/mission__type_support.h\n'}
[0.759990] (px4_msgs) StdoutLine: {'line': b'-- Up-to-date: /home/jmj/pro_asp_ws/ws_px4_controls/install/px4_msgs/include/px4_msgs/px4_msgs/msg/detail/position_controller_landing_status__struct.h\n'}
[0.760047] (px4_msgs) StdoutLine: {'line': b'-- Up-to-date: /home/jmj/pro_asp_ws/ws_px4_controls/install/px4_msgs/include/px4_msgs/px4_msgs/msg/detail/rtl_status__struct.h\n'}
[0.760143] (px4_msgs) StdoutLine: {'line': b'-- Up-to-date: /home/jmj/pro_asp_ws/ws_px4_controls/install/px4_msgs/include/px4_msgs/px4_msgs/msg/detail/vehicle_roi__functions.c\n'}
[0.760189] (px4_msgs) StdoutLine: {'line': b'-- Up-to-date: /home/jmj/pro_asp_ws/ws_px4_controls/install/px4_msgs/include/px4_msgs/px4_msgs/msg/detail/rover_velocity_setpoint__functions.c\n'}
[0.760330] (px4_msgs) StdoutLine: {'line': b'-- Up-to-date: /home/jmj/pro_asp_ws/ws_px4_controls/install/px4_msgs/include/px4_msgs/px4_msgs/msg/detail/autotune_attitude_control_status__functions.c\n'}
[0.760515] (px4_msgs) StdoutLine: {'line': b'-- Up-to-date: /home/jmj/pro_asp_ws/ws_px4_controls/install/px4_msgs/include/px4_msgs/px4_msgs/msg/detail/vehicle_status__type_support.h\n'}
[0.760590] (px4_msgs) StdoutLine: {'line': b'-- Up-to-date: /home/jmj/pro_asp_ws/ws_px4_controls/install/px4_msgs/include/px4_msgs/px4_msgs/msg/detail/pwm_input__functions.c\n'}
[0.760665] (px4_msgs) StdoutLine: {'line': b'-- Up-to-date: /home/jmj/pro_asp_ws/ws_px4_controls/install/px4_msgs/include/px4_msgs/px4_msgs/msg/detail/rover_attitude_setpoint__type_support.h\n'}
[0.760735] (px4_msgs) StdoutLine: {'line': b'-- Up-to-date: /home/jmj/pro_asp_ws/ws_px4_controls/install/px4_msgs/include/px4_msgs/px4_msgs/msg/detail/battery_status__functions.c\n'}
[0.761145] (px4_msgs) StdoutLine: {'line': b'-- Up-to-date: /home/jmj/pro_asp_ws/ws_px4_controls/install/px4_msgs/include/px4_msgs/px4_msgs/msg/detail/onboard_computer_status__type_support.h\n'}
[0.761422] (px4_msgs) StdoutLine: {'line': b'-- Up-to-date: /home/jmj/pro_asp_ws/ws_px4_controls/install/px4_msgs/include/px4_msgs/px4_msgs/msg/detail/gimbal_device_attitude_status__functions.c\n'}
[0.761478] (px4_msgs) StdoutLine: {'line': b'-- Up-to-date: /home/jmj/pro_asp_ws/ws_px4_controls/install/px4_msgs/include/px4_msgs/px4_msgs/msg/detail/camera_capture__functions.c\n'}
[0.761526] (px4_msgs) StdoutLine: {'line': b'-- Up-to-date: /home/jmj/pro_asp_ws/ws_px4_controls/install/px4_msgs/include/px4_msgs/px4_msgs/msg/detail/estimator_states__type_support.h\n'}
[0.761569] (px4_msgs) StdoutLine: {'line': b'-- Up-to-date: /home/jmj/pro_asp_ws/ws_px4_controls/install/px4_msgs/include/px4_msgs/px4_msgs/msg/detail/estimator_bias3d__struct.h\n'}
[0.761613] (px4_msgs) StdoutLine: {'line': b'-- Up-to-date: /home/jmj/pro_asp_ws/ws_px4_controls/install/px4_msgs/include/px4_msgs/px4_msgs/msg/detail/sensor_airflow__functions.c\n'}
[0.761660] (px4_msgs) StdoutLine: {'line': b'-- Up-to-date: /home/jmj/pro_asp_ws/ws_px4_controls/install/px4_msgs/include/px4_msgs/px4_msgs/msg/detail/sensor_optical_flow__functions.c\n'}
[0.761709] (px4_msgs) StdoutLine: {'line': b'-- Up-to-date: /home/jmj/pro_asp_ws/ws_px4_controls/install/px4_msgs/include/px4_msgs/px4_msgs/msg/detail/log_message__functions.c\n'}
[0.761788] (px4_msgs) StdoutLine: {'line': b'-- Up-to-date: /home/jmj/pro_asp_ws/ws_px4_controls/install/px4_msgs/include/px4_msgs/px4_msgs/msg/detail/launch_detection_status__struct.h\n'}
[0.761906] (px4_msgs) StdoutLine: {'line': b'-- Up-to-date: /home/jmj/pro_asp_ws/ws_px4_controls/install/px4_msgs/include/px4_msgs/px4_msgs/msg/detail/rc_channels__struct.h\n'}
[0.761967] (px4_msgs) StdoutLine: {'line': b'-- Up-to-date: /home/jmj/pro_asp_ws/ws_px4_controls/install/px4_msgs/include/px4_msgs/px4_msgs/msg/detail/health_report__functions.h\n'}
[0.762021] (px4_msgs) StdoutLine: {'line': b'-- Up-to-date: /home/jmj/pro_asp_ws/ws_px4_controls/install/px4_msgs/include/px4_msgs/px4_msgs/msg/detail/geofence_result__type_support.h\n'}
[0.762062] (px4_msgs) StdoutLine: {'line': b'-- Up-to-date: /home/jmj/pro_asp_ws/ws_px4_controls/install/px4_msgs/include/px4_msgs/px4_msgs/msg/detail/ekf2_timestamps__functions.h\n'}
[0.762100] (px4_msgs) StdoutLine: {'line': b'-- Up-to-date: /home/jmj/pro_asp_ws/ws_px4_controls/install/px4_msgs/include/px4_msgs/px4_msgs/msg/detail/message_format_response__type_support.h\n'}
[0.762140] (px4_msgs) StdoutLine: {'line': b'-- Up-to-date: /home/jmj/pro_asp_ws/ws_px4_controls/install/px4_msgs/include/px4_msgs/px4_msgs/msg/detail/vehicle_control_mode__functions.c\n'}
[0.762456] (px4_msgs) StdoutLine: {'line': b'-- Up-to-date: /home/jmj/pro_asp_ws/ws_px4_controls/install/px4_msgs/include/px4_msgs/px4_msgs/msg/detail/failure_detector_status__type_support.h\n'}
[0.762532] (px4_msgs) StdoutLine: {'line': b'-- Up-to-date: /home/jmj/pro_asp_ws/ws_px4_controls/install/px4_msgs/include/px4_msgs/px4_msgs/msg/detail/sensor_gnss_relative__functions.c\n'}
[0.762592] (px4_msgs) StdoutLine: {'line': b'-- Up-to-date: /home/jmj/pro_asp_ws/ws_px4_controls/install/px4_msgs/include/px4_msgs/px4_msgs/msg/detail/rover_rate_setpoint__type_support.h\n'}
[0.762658] (px4_msgs) StdoutLine: {'line': b'-- Up-to-date: /home/jmj/pro_asp_ws/ws_px4_controls/install/px4_msgs/include/px4_msgs/px4_msgs/msg/detail/estimator_aid_source3d__functions.h\n'}
[0.762716] (px4_msgs) StdoutLine: {'line': b'-- Up-to-date: /home/jmj/pro_asp_ws/ws_px4_controls/install/px4_msgs/include/px4_msgs/px4_msgs/msg/detail/logger_status__functions.h\n'}
[0.762765] (px4_msgs) StdoutLine: {'line': b'-- Up-to-date: /home/jmj/pro_asp_ws/ws_px4_controls/install/px4_msgs/include/px4_msgs/px4_msgs/msg/detail/airspeed_wind__functions.c\n'}
[0.763072] (px4_msgs) StdoutLine: {'line': b'-- Up-to-date: /home/jmj/pro_asp_ws/ws_px4_controls/install/px4_msgs/include/px4_msgs/px4_msgs/msg/detail/fuel_tank_status__functions.c\n'}
[0.763172] (px4_msgs) StdoutLine: {'line': b'-- Up-to-date: /home/jmj/pro_asp_ws/ws_px4_controls/install/px4_msgs/include/px4_msgs/px4_msgs/msg/detail/ulog_stream__functions.c\n'}
[0.763260] (px4_msgs) StdoutLine: {'line': b'-- Up-to-date: /home/jmj/pro_asp_ws/ws_px4_controls/install/px4_msgs/include/px4_msgs/px4_msgs/msg/detail/launch_detection_status__functions.h\n'}
[0.763310] (px4_msgs) StdoutLine: {'line': b'-- Up-to-date: /home/jmj/pro_asp_ws/ws_px4_controls/install/px4_msgs/include/px4_msgs/px4_msgs/msg/detail/button_event__struct.h\n'}
[0.763417] (px4_msgs) StdoutLine: {'line': b'-- Up-to-date: /home/jmj/pro_asp_ws/ws_px4_controls/install/px4_msgs/include/px4_msgs/px4_msgs/msg/detail/sensor_preflight_mag__struct.h\n'}
[0.763460] (px4_msgs) StdoutLine: {'line': b'-- Up-to-date: /home/jmj/pro_asp_ws/ws_px4_controls/install/px4_msgs/include/px4_msgs/px4_msgs/msg/detail/navigator_status__functions.c\n'}
[0.763500] (px4_msgs) StdoutLine: {'line': b'-- Up-to-date: /home/jmj/pro_asp_ws/ws_px4_controls/install/px4_msgs/include/px4_msgs/px4_msgs/msg/detail/battery_status__functions.h\n'}
[0.763540] (px4_msgs) StdoutLine: {'line': b'-- Up-to-date: /home/jmj/pro_asp_ws/ws_px4_controls/install/px4_msgs/include/px4_msgs/px4_msgs/msg/detail/distance_sensor_mode_change_request__functions.c\n'}
[0.763580] (px4_msgs) StdoutLine: {'line': b'-- Up-to-date: /home/jmj/pro_asp_ws/ws_px4_controls/install/px4_msgs/include/px4_msgs/px4_msgs/msg/detail/estimator_gps_status__struct.h\n'}
[0.763621] (px4_msgs) StdoutLine: {'line': b'-- Up-to-date: /home/jmj/pro_asp_ws/ws_px4_controls/install/px4_msgs/include/px4_msgs/px4_msgs/msg/detail/trajectory_setpoint6dof__type_support.h\n'}
[0.763660] (px4_msgs) StdoutLine: {'line': b'-- Up-to-date: /home/jmj/pro_asp_ws/ws_px4_controls/install/px4_msgs/include/px4_msgs/px4_msgs/msg/detail/fixed_wing_lateral_guidance_status__struct.h\n'}
[0.763744] (px4_msgs) StdoutLine: {'line': b'-- Up-to-date: /home/jmj/pro_asp_ws/ws_px4_controls/install/px4_msgs/include/px4_msgs/px4_msgs/msg/detail/sensor_accel__type_support.h\n'}
[0.763906] (px4_msgs) StdoutLine: {'line': b'-- Up-to-date: /home/jmj/pro_asp_ws/ws_px4_controls/install/px4_msgs/include/px4_msgs/px4_msgs/msg/detail/differential_pressure__type_support.h\n'}
[0.763996] (px4_msgs) StdoutLine: {'line': b'-- Up-to-date: /home/jmj/pro_asp_ws/ws_px4_controls/install/px4_msgs/include/px4_msgs/px4_msgs/msg/detail/estimator_aid_source3d__struct.h\n'}
[0.764035] (px4_msgs) StdoutLine: {'line': b'-- Up-to-date: /home/jmj/pro_asp_ws/ws_px4_controls/install/px4_msgs/include/px4_msgs/px4_msgs/msg/detail/debug_key_value__struct.h\n'}
[0.764071] (px4_msgs) StdoutLine: {'line': b'-- Up-to-date: /home/jmj/pro_asp_ws/ws_px4_controls/install/px4_msgs/include/px4_msgs/px4_msgs/msg/detail/event__type_support.h\n'}
[0.764112] (px4_msgs) StdoutLine: {'line': b'-- Up-to-date: /home/jmj/pro_asp_ws/ws_px4_controls/install/px4_msgs/include/px4_msgs/px4_msgs/msg/detail/debug_array__functions.h\n'}
[0.764146] (px4_msgs) StdoutLine: {'line': b'-- Up-to-date: /home/jmj/pro_asp_ws/ws_px4_controls/install/px4_msgs/include/px4_msgs/px4_msgs/msg/detail/cpuload__struct.h\n'}
[0.764181] (px4_msgs) StdoutLine: {'line': b'-- Up-to-date: /home/jmj/pro_asp_ws/ws_px4_controls/install/px4_msgs/include/px4_msgs/px4_msgs/msg/detail/camera_status__struct.h\n'}
[0.764214] (px4_msgs) StdoutLine: {'line': b'-- Up-to-date: /home/jmj/pro_asp_ws/ws_px4_controls/install/px4_msgs/include/px4_msgs/px4_msgs/msg/detail/vehicle_torque_setpoint__type_support.h\n'}
[0.764246] (px4_msgs) StdoutLine: {'line': b'-- Up-to-date: /home/jmj/pro_asp_ws/ws_px4_controls/install/px4_msgs/include/px4_msgs/px4_msgs/msg/detail/fixed_wing_lateral_guidance_status__functions.h\n'}
[0.764280] (px4_msgs) StdoutLine: {'line': b'-- Up-to-date: /home/jmj/pro_asp_ws/ws_px4_controls/install/px4_msgs/include/px4_msgs/px4_msgs/msg/detail/rover_steering_setpoint__struct.h\n'}
[0.764315] (px4_msgs) StdoutLine: {'line': b'-- Up-to-date: /home/jmj/pro_asp_ws/ws_px4_controls/install/px4_msgs/include/px4_msgs/px4_msgs/msg/detail/home_position__struct.h\n'}
[0.764394] (px4_msgs) StdoutLine: {'line': b'-- Up-to-date: /home/jmj/pro_asp_ws/ws_px4_controls/install/px4_msgs/include/px4_msgs/px4_msgs/msg/detail/actuator_outputs__functions.c\n'}
[0.764431] (px4_msgs) StdoutLine: {'line': b'-- Up-to-date: /home/jmj/pro_asp_ws/ws_px4_controls/install/px4_msgs/include/px4_msgs/px4_msgs/msg/detail/goto_setpoint__struct.h\n'}
[0.764464] (px4_msgs) StdoutLine: {'line': b'-- Up-to-date: /home/jmj/pro_asp_ws/ws_px4_controls/install/px4_msgs/include/px4_msgs/px4_msgs/msg/detail/navigator_status__functions.h\n'}
[0.764497] (px4_msgs) StdoutLine: {'line': b'-- Up-to-date: /home/jmj/pro_asp_ws/ws_px4_controls/install/px4_msgs/include/px4_msgs/px4_msgs/msg/detail/position_setpoint__struct.h\n'}
[0.764532] (px4_msgs) StdoutLine: {'line': b'-- Up-to-date: /home/jmj/pro_asp_ws/ws_px4_controls/install/px4_msgs/include/px4_msgs/px4_msgs/msg/detail/message_format_response__struct.h\n'}
[0.764566] (px4_msgs) StdoutLine: {'line': b'-- Up-to-date: /home/jmj/pro_asp_ws/ws_px4_controls/install/px4_msgs/include/px4_msgs/px4_msgs/msg/detail/gimbal_manager_status__functions.c\n'}
[0.764600] (px4_msgs) StdoutLine: {'line': b'-- Up-to-date: /home/jmj/pro_asp_ws/ws_px4_controls/install/px4_msgs/include/px4_msgs/px4_msgs/msg/detail/irlock_report__struct.h\n'}
[0.764637] (px4_msgs) StdoutLine: {'line': b'-- Up-to-date: /home/jmj/pro_asp_ws/ws_px4_controls/install/px4_msgs/include/px4_msgs/px4_msgs/msg/detail/pwm_input__struct.h\n'}
[0.764683] (px4_msgs) StdoutLine: {'line': b'-- Up-to-date: /home/jmj/pro_asp_ws/ws_px4_controls/install/px4_msgs/include/px4_msgs/px4_msgs/msg/detail/control_allocator_status__struct.h\n'}
[0.764725] (px4_msgs) StdoutLine: {'line': b'-- Up-to-date: /home/jmj/pro_asp_ws/ws_px4_controls/install/px4_msgs/include/px4_msgs/px4_msgs/msg/detail/sensor_mag__type_support.h\n'}
[0.764789] (px4_msgs) StdoutLine: {'line': b'-- Up-to-date: /home/jmj/pro_asp_ws/ws_px4_controls/install/px4_msgs/include/px4_msgs/px4_msgs/msg/detail/heater_status__struct.h\n'}
[0.764830] (px4_msgs) StdoutLine: {'line': b'-- Up-to-date: /home/jmj/pro_asp_ws/ws_px4_controls/install/px4_msgs/include/px4_msgs/px4_msgs/msg/detail/sensor_combined__functions.h\n'}
[0.764872] (px4_msgs) StdoutLine: {'line': b'-- Up-to-date: /home/jmj/pro_asp_ws/ws_px4_controls/install/px4_msgs/include/px4_msgs/px4_msgs/msg/detail/rpm__functions.h\n'}
[0.764916] (px4_msgs) StdoutLine: {'line': b'-- Up-to-date: /home/jmj/pro_asp_ws/ws_px4_controls/install/px4_msgs/include/px4_msgs/px4_msgs/msg/detail/gimbal_controls__type_support.h\n'}
[0.764956] (px4_msgs) StdoutLine: {'line': b'-- Up-to-date: /home/jmj/pro_asp_ws/ws_px4_controls/install/px4_msgs/include/px4_msgs/px4_msgs/msg/detail/lateral_control_configuration__functions.h\n'}
[0.764994] (px4_msgs) StdoutLine: {'line': b'-- Up-to-date: /home/jmj/pro_asp_ws/ws_px4_controls/install/px4_msgs/include/px4_msgs/px4_msgs/msg/detail/pps_capture__struct.h\n'}
[0.765031] (px4_msgs) StdoutLine: {'line': b'-- Up-to-date: /home/jmj/pro_asp_ws/ws_px4_controls/install/px4_msgs/include/px4_msgs/px4_msgs/msg/detail/generator_status__struct.h\n'}
[0.765069] (px4_msgs) StdoutLine: {'line': b'-- Up-to-date: /home/jmj/pro_asp_ws/ws_px4_controls/install/px4_msgs/include/px4_msgs/px4_msgs/msg/detail/tecs_status__struct.h\n'}
[0.765107] (px4_msgs) StdoutLine: {'line': b'-- Up-to-date: /home/jmj/pro_asp_ws/ws_px4_controls/install/px4_msgs/include/px4_msgs/px4_msgs/msg/detail/vehicle_rates_setpoint__functions.h\n'}
[0.765143] (px4_msgs) StdoutLine: {'line': b'-- Up-to-date: /home/jmj/pro_asp_ws/ws_px4_controls/install/px4_msgs/include/px4_msgs/px4_msgs/msg/detail/vehicle_thrust_setpoint__functions.h\n'}
[0.765180] (px4_msgs) StdoutLine: {'line': b'-- Up-to-date: /home/jmj/pro_asp_ws/ws_px4_controls/install/px4_msgs/include/px4_msgs/px4_msgs/msg/detail/debug_value__type_support.h\n'}
[0.765219] (px4_msgs) StdoutLine: {'line': b'-- Up-to-date: /home/jmj/pro_asp_ws/ws_px4_controls/install/px4_msgs/include/px4_msgs/px4_msgs/msg/detail/airspeed__functions.h\n'}
[0.765257] (px4_msgs) StdoutLine: {'line': b'-- Up-to-date: /home/jmj/pro_asp_ws/ws_px4_controls/install/px4_msgs/include/px4_msgs/px4_msgs/msg/detail/sensor_selection__functions.c\n'}
[0.765314] (px4_msgs) StdoutLine: {'line': b'-- Up-to-date: /home/jmj/pro_asp_ws/ws_px4_controls/install/px4_msgs/include/px4_msgs/px4_msgs/msg/detail/pps_capture__functions.c\n'}
[0.765352] (px4_msgs) StdoutLine: {'line': b'-- Up-to-date: /home/jmj/pro_asp_ws/ws_px4_controls/install/px4_msgs/include/px4_msgs/px4_msgs/msg/detail/vehicle_rates_setpoint__type_support.h\n'}
[0.765393] (px4_msgs) StdoutLine: {'line': b'-- Up-to-date: /home/jmj/pro_asp_ws/ws_px4_controls/install/px4_msgs/include/px4_msgs/px4_msgs/msg/detail/orb_test_large__functions.h\n'}
[0.765432] (px4_msgs) StdoutLine: {'line': b'-- Up-to-date: /home/jmj/pro_asp_ws/ws_px4_controls/install/px4_msgs/include/px4_msgs/px4_msgs/msg/detail/message_format_response__functions.c\n'}
[0.765470] (px4_msgs) StdoutLine: {'line': b'-- Up-to-date: /home/jmj/pro_asp_ws/ws_px4_controls/install/px4_msgs/include/px4_msgs/px4_msgs/msg/detail/gps_inject_data__struct.h\n'}
[0.765508] (px4_msgs) StdoutLine: {'line': b'-- Up-to-date: /home/jmj/pro_asp_ws/ws_px4_controls/install/px4_msgs/include/px4_msgs/px4_msgs/msg/detail/goto_setpoint__type_support.h\n'}
[0.765545] (px4_msgs) StdoutLine: {'line': b'-- Up-to-date: /home/jmj/pro_asp_ws/ws_px4_controls/install/px4_msgs/include/px4_msgs/px4_msgs/msg/detail/ulog_stream__functions.h\n'}
[0.765638] (px4_msgs) StdoutLine: {'line': b'-- Up-to-date: /home/jmj/pro_asp_ws/ws_px4_controls/install/px4_msgs/include/px4_msgs/px4_msgs/msg/detail/gimbal_manager_set_manual_control__functions.c\n'}
[0.765798] (px4_msgs) StdoutLine: {'line': b'-- Up-to-date: /home/jmj/pro_asp_ws/ws_px4_controls/install/px4_msgs/include/px4_msgs/px4_msgs/msg/detail/collision_constraints__functions.c\n'}
[0.765854] (px4_msgs) StdoutLine: {'line': b'-- Up-to-date: /home/jmj/pro_asp_ws/ws_px4_controls/install/px4_msgs/include/px4_msgs/px4_msgs/msg/detail/uavcan_parameter_value__functions.h\n'}
[0.765894] (px4_msgs) StdoutLine: {'line': b'-- Up-to-date: /home/jmj/pro_asp_ws/ws_px4_controls/install/px4_msgs/include/px4_msgs/px4_msgs/msg/detail/vehicle_local_position__struct.h\n'}
[0.765937] (px4_msgs) StdoutLine: {'line': b'-- Up-to-date: /home/jmj/pro_asp_ws/ws_px4_controls/install/px4_msgs/include/px4_msgs/px4_msgs/msg/detail/fixed_wing_longitudinal_setpoint__type_support.h\n'}
[0.765982] (px4_msgs) StdoutLine: {'line': b'-- Up-to-date: /home/jmj/pro_asp_ws/ws_px4_controls/install/px4_msgs/include/px4_msgs/px4_msgs/msg/detail/mount_orientation__type_support.h\n'}
[0.766028] (px4_msgs) StdoutLine: {'line': b'-- Up-to-date: /home/jmj/pro_asp_ws/ws_px4_controls/install/px4_msgs/include/px4_msgs/px4_msgs/msg/detail/estimator_aid_source2d__functions.c\n'}
[0.766173] (px4_msgs) StdoutLine: {'line': b'-- Up-to-date: /home/jmj/pro_asp_ws/ws_px4_controls/install/px4_msgs/include/px4_msgs/px4_msgs/msg/detail/mission_result__functions.c\n'}
[0.766255] (px4_msgs) StdoutLine: {'line': b'-- Up-to-date: /home/jmj/pro_asp_ws/ws_px4_controls/install/px4_msgs/include/px4_msgs/px4_msgs/msg/detail/estimator_innovations__type_support.h\n'}
[0.766321] (px4_msgs) StdoutLine: {'line': b'-- Up-to-date: /home/jmj/pro_asp_ws/ws_px4_controls/install/px4_msgs/include/px4_msgs/px4_msgs/msg/detail/mavlink_tunnel__functions.c\n'}
[0.766388] (px4_msgs) StdoutLine: {'line': b'-- Up-to-date: /home/jmj/pro_asp_ws/ws_px4_controls/install/px4_msgs/include/px4_msgs/px4_msgs/msg/detail/radio_status__functions.c\n'}
[0.766487] (px4_msgs) StdoutLine: {'line': b'-- Up-to-date: /home/jmj/pro_asp_ws/ws_px4_controls/install/px4_msgs/include/px4_msgs/px4_msgs/msg/detail/parameter_set_value_response__functions.c\n'}
[0.766528] (px4_msgs) StdoutLine: {'line': b'-- Up-to-date: /home/jmj/pro_asp_ws/ws_px4_controls/install/px4_msgs/include/px4_msgs/px4_msgs/msg/detail/manual_control_setpoint__type_support.h\n'}
[0.766566] (px4_msgs) StdoutLine: {'line': b'-- Up-to-date: /home/jmj/pro_asp_ws/ws_px4_controls/install/px4_msgs/include/px4_msgs/px4_msgs/msg/detail/vehicle_magnetometer__type_support.h\n'}
[0.766717] (px4_msgs) StdoutLine: {'line': b'-- Up-to-date: /home/jmj/pro_asp_ws/ws_px4_controls/install/px4_msgs/include/px4_msgs/px4_msgs/msg/detail/gimbal_manager_set_manual_control__type_support.h\n'}
[0.766839] (px4_msgs) StdoutLine: {'line': b'-- Up-to-date: /home/jmj/pro_asp_ws/ws_px4_controls/install/px4_msgs/include/px4_msgs/px4_msgs/msg/detail/mavlink_log__functions.h\n'}
[0.766878] (px4_msgs) StdoutLine: {'line': b'-- Up-to-date: /home/jmj/pro_asp_ws/ws_px4_controls/install/px4_msgs/include/px4_msgs/px4_msgs/msg/detail/sensor_accel__struct.h\n'}
[0.766933] (px4_msgs) StdoutLine: {'line': b'-- Up-to-date: /home/jmj/pro_asp_ws/ws_px4_controls/install/px4_msgs/include/px4_msgs/px4_msgs/msg/detail/vehicle_local_position_setpoint__functions.h\n'}
[0.766973] (px4_msgs) StdoutLine: {'line': b'-- Up-to-date: /home/jmj/pro_asp_ws/ws_px4_controls/install/px4_msgs/include/px4_msgs/px4_msgs/msg/detail/rover_attitude_status__functions.h\n'}
[0.767023] (px4_msgs) StdoutLine: {'line': b'-- Up-to-date: /home/jmj/pro_asp_ws/ws_px4_controls/install/px4_msgs/include/px4_msgs/px4_msgs/msg/detail/vehicle_roi__type_support.h\n'}
[0.767096] (px4_msgs) StdoutLine: {'line': b'-- Up-to-date: /home/jmj/pro_asp_ws/ws_px4_controls/install/px4_msgs/include/px4_msgs/px4_msgs/msg/detail/iridiumsbd_status__functions.h\n'}
[0.767144] (px4_msgs) StdoutLine: {'line': b'-- Up-to-date: /home/jmj/pro_asp_ws/ws_px4_controls/install/px4_msgs/include/px4_msgs/px4_msgs/msg/detail/estimator_gps_status__functions.c\n'}
[0.767179] (px4_msgs) StdoutLine: {'line': b'-- Up-to-date: /home/jmj/pro_asp_ws/ws_px4_controls/install/px4_msgs/include/px4_msgs/px4_msgs/msg/detail/vehicle_attitude__functions.h\n'}
[0.767213] (px4_msgs) StdoutLine: {'line': b'-- Up-to-date: /home/jmj/pro_asp_ws/ws_px4_controls/install/px4_msgs/include/px4_msgs/px4_msgs/msg/detail/open_drone_id_system__struct.h\n'}
[0.767245] (px4_msgs) StdoutLine: {'line': b'-- Up-to-date: /home/jmj/pro_asp_ws/ws_px4_controls/install/px4_msgs/include/px4_msgs/px4_msgs/msg/detail/camera_trigger__struct.h\n'}
[0.767331] (px4_msgs) StdoutLine: {'line': b'-- Up-to-date: /home/jmj/pro_asp_ws/ws_px4_controls/install/px4_msgs/include/px4_msgs/px4_msgs/msg/detail/power_button_state__type_support.h\n'}
[0.767376] (px4_msgs) StdoutLine: {'line': b'-- Up-to-date: /home/jmj/pro_asp_ws/ws_px4_controls/install/px4_msgs/include/px4_msgs/px4_msgs/msg/detail/vehicle_thrust_setpoint__functions.c\n'}
[0.767512] (px4_msgs) StdoutLine: {'line': b'-- Up-to-date: /home/jmj/pro_asp_ws/ws_px4_controls/install/px4_msgs/include/px4_msgs/px4_msgs/msg/detail/actuator_servos_trim__type_support.h\n'}
[0.767548] (px4_msgs) StdoutLine: {'line': b'-- Up-to-date: /home/jmj/pro_asp_ws/ws_px4_controls/install/px4_msgs/include/px4_msgs/px4_msgs/msg/detail/estimator_selector_status__struct.h\n'}
[0.767583] (px4_msgs) StdoutLine: {'line': b'-- Up-to-date: /home/jmj/pro_asp_ws/ws_px4_controls/install/px4_msgs/include/px4_msgs/px4_msgs/msg/detail/gimbal_device_attitude_status__struct.h\n'}
[0.767738] (px4_msgs) StdoutLine: {'line': b'-- Up-to-date: /home/jmj/pro_asp_ws/ws_px4_controls/install/px4_msgs/include/px4_msgs/px4_msgs/msg/detail/pure_pursuit_status__functions.h\n'}
[0.767782] (px4_msgs) StdoutLine: {'line': b'-- Up-to-date: /home/jmj/pro_asp_ws/ws_px4_controls/install/px4_msgs/include/px4_msgs/px4_msgs/msg/detail/transponder_report__functions.c\n'}
[0.767817] (px4_msgs) StdoutLine: {'line': b'-- Up-to-date: /home/jmj/pro_asp_ws/ws_px4_controls/install/px4_msgs/include/px4_msgs/px4_msgs/msg/detail/rover_position_setpoint__functions.c\n'}
[0.767863] (px4_msgs) StdoutLine: {'line': b'-- Up-to-date: /home/jmj/pro_asp_ws/ws_px4_controls/install/px4_msgs/include/px4_msgs/px4_msgs/msg/detail/button_event__functions.h\n'}
[0.767900] (px4_msgs) StdoutLine: {'line': b'-- Up-to-date: /home/jmj/pro_asp_ws/ws_px4_controls/install/px4_msgs/include/px4_msgs/px4_msgs/msg/detail/action_request__functions.h\n'}
[0.767944] (px4_msgs) StdoutLine: {'line': b'-- Up-to-date: /home/jmj/pro_asp_ws/ws_px4_controls/install/px4_msgs/include/px4_msgs/px4_msgs/msg/detail/vehicle_imu__functions.c\n'}
[0.768047] (px4_msgs) StdoutLine: {'line': b'-- Up-to-date: /home/jmj/pro_asp_ws/ws_px4_controls/install/px4_msgs/include/px4_msgs/px4_msgs/msg/detail/camera_status__type_support.h\n'}
[0.768084] (px4_msgs) StdoutLine: {'line': b'-- Up-to-date: /home/jmj/pro_asp_ws/ws_px4_controls/install/px4_msgs/include/px4_msgs/px4_msgs/msg/detail/estimator_event_flags__struct.h\n'}
[0.768123] (px4_msgs) StdoutLine: {'line': b'-- Up-to-date: /home/jmj/pro_asp_ws/ws_px4_controls/install/px4_msgs/include/px4_msgs/px4_msgs/msg/detail/fixed_wing_lateral_status__functions.c\n'}
[0.768158] (px4_msgs) StdoutLine: {'line': b'-- Up-to-date: /home/jmj/pro_asp_ws/ws_px4_controls/install/px4_msgs/include/px4_msgs/px4_msgs/msg/detail/fuel_tank_status__functions.h\n'}
[0.768194] (px4_msgs) StdoutLine: {'line': b'-- Up-to-date: /home/jmj/pro_asp_ws/ws_px4_controls/install/px4_msgs/include/px4_msgs/px4_msgs/msg/detail/goto_setpoint__functions.h\n'}
[0.768231] (px4_msgs) StdoutLine: {'line': b'-- Up-to-date: /home/jmj/pro_asp_ws/ws_px4_controls/install/px4_msgs/include/px4_msgs/px4_msgs/msg/detail/navigator_mission_item__functions.h\n'}
[0.768269] (px4_msgs) StdoutLine: {'line': b'-- Up-to-date: /home/jmj/pro_asp_ws/ws_px4_controls/install/px4_msgs/include/px4_msgs/px4_msgs/msg/detail/gps_dump__type_support.h\n'}
[0.768301] (px4_msgs) StdoutLine: {'line': b'-- Up-to-date: /home/jmj/pro_asp_ws/ws_px4_controls/install/px4_msgs/include/px4_msgs/px4_msgs/msg/detail/gpio_config__functions.h\n'}
[0.768334] (px4_msgs) StdoutLine: {'line': b'-- Up-to-date: /home/jmj/pro_asp_ws/ws_px4_controls/install/px4_msgs/include/px4_msgs/px4_msgs/msg/detail/estimator_sensor_bias__functions.h\n'}
[0.768369] (px4_msgs) StdoutLine: {'line': b'-- Up-to-date: /home/jmj/pro_asp_ws/ws_px4_controls/install/px4_msgs/include/px4_msgs/px4_msgs/msg/detail/message_format_request__type_support.h\n'}
[0.768401] (px4_msgs) StdoutLine: {'line': b'-- Up-to-date: /home/jmj/pro_asp_ws/ws_px4_controls/install/px4_msgs/include/px4_msgs/px4_msgs/msg/detail/rtl_time_estimate__type_support.h\n'}
[0.768434] (px4_msgs) StdoutLine: {'line': b'-- Up-to-date: /home/jmj/pro_asp_ws/ws_px4_controls/install/px4_msgs/include/px4_msgs/px4_msgs/msg/detail/estimator_gps_status__type_support.h\n'}
[0.768466] (px4_msgs) StdoutLine: {'line': b'-- Up-to-date: /home/jmj/pro_asp_ws/ws_px4_controls/install/px4_msgs/include/px4_msgs/px4_msgs/msg/detail/esc_report__struct.h\n'}
[0.768501] (px4_msgs) StdoutLine: {'line': b'-- Up-to-date: /home/jmj/pro_asp_ws/ws_px4_controls/install/px4_msgs/include/px4_msgs/px4_msgs/msg/detail/register_ext_component_request__type_support.h\n'}
[0.768594] (px4_msgs) StdoutLine: {'line': b'-- Up-to-date: /home/jmj/pro_asp_ws/ws_px4_controls/install/px4_msgs/include/px4_msgs/px4_msgs/msg/detail/position_controller_landing_status__type_support.h\n'}
[0.768630] (px4_msgs) StdoutLine: {'line': b'-- Up-to-date: /home/jmj/pro_asp_ws/ws_px4_controls/install/px4_msgs/include/px4_msgs/px4_msgs/msg/detail/adc_report__type_support.h\n'}
[0.768664] (px4_msgs) StdoutLine: {'line': b'-- Up-to-date: /home/jmj/pro_asp_ws/ws_px4_controls/install/px4_msgs/include/px4_msgs/px4_msgs/msg/detail/sensor_correction__struct.h\n'}
[0.768699] (px4_msgs) StdoutLine: {'line': b'-- Up-to-date: /home/jmj/pro_asp_ws/ws_px4_controls/install/px4_msgs/include/px4_msgs/px4_msgs/msg/detail/qshell_retval__struct.h\n'}
[0.768733] (px4_msgs) StdoutLine: {'line': b'-- Up-to-date: /home/jmj/pro_asp_ws/ws_px4_controls/install/px4_msgs/include/px4_msgs/px4_msgs/msg/detail/estimator_aid_source1d__functions.h\n'}
[0.768907] (px4_msgs) StdoutLine: {'line': b'-- Up-to-date: /home/jmj/pro_asp_ws/ws_px4_controls/install/px4_msgs/include/px4_msgs/px4_msgs/msg/detail/landing_gear_wheel__struct.h\n'}
[0.768959] (px4_msgs) StdoutLine: {'line': b'-- Up-to-date: /home/jmj/pro_asp_ws/ws_px4_controls/install/px4_msgs/include/px4_msgs/px4_msgs/msg/detail/camera_trigger__type_support.h\n'}
[0.768997] (px4_msgs) StdoutLine: {'line': b'-- Up-to-date: /home/jmj/pro_asp_ws/ws_px4_controls/install/px4_msgs/include/px4_msgs/px4_msgs/msg/detail/onboard_computer_status__functions.c\n'}
[0.769044] (px4_msgs) StdoutLine: {'line': b'-- Up-to-date: /home/jmj/pro_asp_ws/ws_px4_controls/install/px4_msgs/include/px4_msgs/px4_msgs/msg/detail/mode_completed__functions.h\n'}
[0.769084] (px4_msgs) StdoutLine: {'line': b'-- Up-to-date: /home/jmj/pro_asp_ws/ws_px4_controls/install/px4_msgs/include/px4_msgs/px4_msgs/msg/detail/follow_target_status__functions.c\n'}
[0.769123] (px4_msgs) StdoutLine: {'line': b'-- Up-to-date: /home/jmj/pro_asp_ws/ws_px4_controls/install/px4_msgs/include/px4_msgs/px4_msgs/msg/detail/gpio_request__functions.c\n'}
[0.769153] (px4_msgs) StdoutLine: {'line': b'-- Up-to-date: /home/jmj/pro_asp_ws/ws_px4_controls/install/px4_msgs/include/px4_msgs/px4_msgs/msg/detail/fixed_wing_longitudinal_setpoint__struct.h\n'}
[0.769185] (px4_msgs) StdoutLine: {'line': b'-- Up-to-date: /home/jmj/pro_asp_ws/ws_px4_controls/install/px4_msgs/include/px4_msgs/px4_msgs/msg/detail/vehicle_optical_flow_vel__functions.h\n'}
[0.769219] (px4_msgs) StdoutLine: {'line': b'-- Up-to-date: /home/jmj/pro_asp_ws/ws_px4_controls/install/px4_msgs/include/px4_msgs/px4_msgs/msg/detail/sensor_selection__functions.h\n'}
[0.769254] (px4_msgs) StdoutLine: {'line': b'-- Up-to-date: /home/jmj/pro_asp_ws/ws_px4_controls/install/px4_msgs/include/px4_msgs/px4_msgs/msg/detail/vehicle_local_position_setpoint__struct.h\n'}
[0.769307] (px4_msgs) StdoutLine: {'line': b'-- Up-to-date: /home/jmj/pro_asp_ws/ws_px4_controls/install/px4_msgs/include/px4_msgs/px4_msgs/msg/detail/pps_capture__type_support.h\n'}
[0.769341] (px4_msgs) StdoutLine: {'line': b'-- Up-to-date: /home/jmj/pro_asp_ws/ws_px4_controls/install/px4_msgs/include/px4_msgs/px4_msgs/msg/detail/rate_ctrl_status__functions.h\n'}
[0.769407] (px4_msgs) StdoutLine: {'line': b'-- Up-to-date: /home/jmj/pro_asp_ws/ws_px4_controls/install/px4_msgs/include/px4_msgs/px4_msgs/msg/detail/estimator_bias3d__functions.h\n'}
[0.769456] (px4_msgs) StdoutLine: {'line': b'-- Up-to-date: /home/jmj/pro_asp_ws/ws_px4_controls/install/px4_msgs/include/px4_msgs/px4_msgs/msg/detail/sensor_hygrometer__functions.h\n'}
[0.769492] (px4_msgs) StdoutLine: {'line': b'-- Up-to-date: /home/jmj/pro_asp_ws/ws_px4_controls/install/px4_msgs/include/px4_msgs/px4_msgs/msg/detail/camera_status__functions.h\n'}
[0.769525] (px4_msgs) StdoutLine: {'line': b'-- Up-to-date: /home/jmj/pro_asp_ws/ws_px4_controls/install/px4_msgs/include/px4_msgs/px4_msgs/msg/detail/gimbal_controls__functions.h\n'}
[0.769560] (px4_msgs) StdoutLine: {'line': b'-- Up-to-date: /home/jmj/pro_asp_ws/ws_px4_controls/install/px4_msgs/include/px4_msgs/px4_msgs/msg/detail/led_control__struct.h\n'}
[0.769594] (px4_msgs) StdoutLine: {'line': b'-- Up-to-date: /home/jmj/pro_asp_ws/ws_px4_controls/install/px4_msgs/include/px4_msgs/px4_msgs/msg/detail/mag_worker_data__functions.c\n'}
[0.769629] (px4_msgs) StdoutLine: {'line': b'-- Up-to-date: /home/jmj/pro_asp_ws/ws_px4_controls/install/px4_msgs/include/px4_msgs/px4_msgs/msg/detail/irlock_report__functions.h\n'}
[0.769666] (px4_msgs) StdoutLine: {'line': b'-- Up-to-date: /home/jmj/pro_asp_ws/ws_px4_controls/install/px4_msgs/include/px4_msgs/px4_msgs/msg/detail/fixed_wing_lateral_setpoint__functions.h\n'}
[0.769700] (px4_msgs) StdoutLine: {'line': b'-- Up-to-date: /home/jmj/pro_asp_ws/ws_px4_controls/install/px4_msgs/include/px4_msgs/px4_msgs/msg/detail/arming_check_request__functions.h\n'}
[0.769734] (px4_msgs) StdoutLine: {'line': b'-- Up-to-date: /home/jmj/pro_asp_ws/ws_px4_controls/install/px4_msgs/include/px4_msgs/px4_msgs/msg/detail/failsafe_flags__functions.h\n'}
[0.769811] (px4_msgs) StdoutLine: {'line': b'-- Up-to-date: /home/jmj/pro_asp_ws/ws_px4_controls/install/px4_msgs/include/px4_msgs/px4_msgs/msg/detail/vehicle_roi__struct.h\n'}
[0.769847] (px4_msgs) StdoutLine: {'line': b'-- Up-to-date: /home/jmj/pro_asp_ws/ws_px4_controls/install/px4_msgs/include/px4_msgs/px4_msgs/msg/detail/ulog_stream__type_support.h\n'}
[0.769880] (px4_msgs) StdoutLine: {'line': b'-- Up-to-date: /home/jmj/pro_asp_ws/ws_px4_controls/install/px4_msgs/include/px4_msgs/px4_msgs/msg/detail/system_power__functions.h\n'}
[0.770107] (px4_msgs) StdoutLine: {'line': b'-- Up-to-date: /home/jmj/pro_asp_ws/ws_px4_controls/install/px4_msgs/include/px4_msgs/px4_msgs/msg/detail/register_ext_component_reply__functions.c\n'}
[0.770159] (px4_msgs) StdoutLine: {'line': b'-- Up-to-date: /home/jmj/pro_asp_ws/ws_px4_controls/install/px4_msgs/include/px4_msgs/px4_msgs/msg/detail/logger_status__struct.h\n'}
[0.770202] (px4_msgs) StdoutLine: {'line': b'-- Up-to-date: /home/jmj/pro_asp_ws/ws_px4_controls/install/px4_msgs/include/px4_msgs/px4_msgs/msg/detail/vehicle_command_ack__functions.h\n'}
[0.770289] (px4_msgs) StdoutLine: {'line': b'-- Up-to-date: /home/jmj/pro_asp_ws/ws_px4_controls/install/px4_msgs/include/px4_msgs/px4_msgs/msg/detail/gimbal_device_set_attitude__struct.h\n'}
[0.770556] (px4_msgs) StdoutLine: {'line': b'-- Up-to-date: /home/jmj/pro_asp_ws/ws_px4_controls/install/px4_msgs/include/px4_msgs/px4_msgs/msg/detail/vehicle_magnetometer__functions.c\n'}
[0.770646] (px4_msgs) StdoutLine: {'line': b'-- Up-to-date: /home/jmj/pro_asp_ws/ws_px4_controls/install/px4_msgs/include/px4_msgs/px4_msgs/msg/detail/follow_target_estimator__struct.h\n'}
[0.770702] (px4_msgs) StdoutLine: {'line': b'-- Up-to-date: /home/jmj/pro_asp_ws/ws_px4_controls/install/px4_msgs/include/px4_msgs/px4_msgs/msg/detail/sensor_gps__struct.h\n'}
[0.770737] (px4_msgs) StdoutLine: {'line': b'-- Up-to-date: /home/jmj/pro_asp_ws/ws_px4_controls/install/px4_msgs/include/px4_msgs/px4_msgs/msg/detail/magnetometer_bias_estimate__functions.h\n'}
[0.770793] (px4_msgs) StdoutLine: {'line': b'-- Up-to-date: /home/jmj/pro_asp_ws/ws_px4_controls/install/px4_msgs/include/px4_msgs/px4_msgs/msg/detail/vehicle_command__type_support.h\n'}
[0.770899] (px4_msgs) StdoutLine: {'line': b'-- Up-to-date: /home/jmj/pro_asp_ws/ws_px4_controls/install/px4_msgs/include/px4_msgs/px4_msgs/msg/detail/debug_value__functions.h\n'}
[0.770936] (px4_msgs) StdoutLine: {'line': b'-- Up-to-date: /home/jmj/pro_asp_ws/ws_px4_controls/install/px4_msgs/include/px4_msgs/px4_msgs/msg/detail/orbit_status__struct.h\n'}
[0.770969] (px4_msgs) StdoutLine: {'line': b'-- Up-to-date: /home/jmj/pro_asp_ws/ws_px4_controls/install/px4_msgs/include/px4_msgs/px4_msgs/msg/detail/event__functions.c\n'}
[0.771013] (px4_msgs) StdoutLine: {'line': b'-- Up-to-date: /home/jmj/pro_asp_ws/ws_px4_controls/install/px4_msgs/include/px4_msgs/px4_msgs/msg/detail/sensor_gyro_fifo__functions.c\n'}
[0.771138] (px4_msgs) StdoutLine: {'line': b'-- Up-to-date: /home/jmj/pro_asp_ws/ws_px4_controls/install/px4_msgs/include/px4_msgs/px4_msgs/msg/detail/sensor_preflight_mag__functions.c\n'}
[0.771337] (px4_msgs) StdoutLine: {'line': b'-- Up-to-date: /home/jmj/pro_asp_ws/ws_px4_controls/install/px4_msgs/include/px4_msgs/px4_msgs/msg/detail/follow_target__functions.h\n'}
[0.771391] (px4_msgs) StdoutLine: {'line': b'-- Up-to-date: /home/jmj/pro_asp_ws/ws_px4_controls/install/px4_msgs/include/px4_msgs/px4_msgs/msg/detail/dataman_request__functions.c\n'}
[0.771426] (px4_msgs) StdoutLine: {'line': b'-- Up-to-date: /home/jmj/pro_asp_ws/ws_px4_controls/install/px4_msgs/include/px4_msgs/px4_msgs/msg/detail/open_drone_id_operator_id__functions.h\n'}
[0.771458] (px4_msgs) StdoutLine: {'line': b'-- Up-to-date: /home/jmj/pro_asp_ws/ws_px4_controls/install/px4_msgs/include/px4_msgs/px4_msgs/msg/detail/vehicle_global_position__functions.c\n'}
[0.771489] (px4_msgs) StdoutLine: {'line': b'-- Up-to-date: /home/jmj/pro_asp_ws/ws_px4_controls/install/px4_msgs/include/px4_msgs/px4_msgs/msg/detail/vehicle_imu_status__struct.h\n'}
[0.771673] (px4_msgs) StdoutLine: {'line': b'-- Up-to-date: /home/jmj/pro_asp_ws/ws_px4_controls/install/px4_msgs/include/px4_msgs/px4_msgs/msg/detail/event__struct.h\n'}
[0.771719] (px4_msgs) StdoutLine: {'line': b'-- Up-to-date: /home/jmj/pro_asp_ws/ws_px4_controls/install/px4_msgs/include/px4_msgs/px4_msgs/msg/detail/actuator_motors__type_support.h\n'}
[0.771792] (px4_msgs) StdoutLine: {'line': b'-- Up-to-date: /home/jmj/pro_asp_ws/ws_px4_controls/install/px4_msgs/include/px4_msgs/px4_msgs/msg/detail/gimbal_manager_status__struct.h\n'}
[0.771867] (px4_msgs) StdoutLine: {'line': b'-- Up-to-date: /home/jmj/pro_asp_ws/ws_px4_controls/install/px4_msgs/include/px4_msgs/px4_msgs/msg/detail/estimator_status__functions.c\n'}
[0.771903] (px4_msgs) StdoutLine: {'line': b'-- Up-to-date: /home/jmj/pro_asp_ws/ws_px4_controls/install/px4_msgs/include/px4_msgs/px4_msgs/msg/detail/pure_pursuit_status__type_support.h\n'}
[0.771951] (px4_msgs) StdoutLine: {'line': b'-- Up-to-date: /home/jmj/pro_asp_ws/ws_px4_controls/install/px4_msgs/include/px4_msgs/px4_msgs/msg/detail/actuator_test__functions.h\n'}
[0.771987] (px4_msgs) StdoutLine: {'line': b'-- Up-to-date: /home/jmj/pro_asp_ws/ws_px4_controls/install/px4_msgs/include/px4_msgs/px4_msgs/msg/detail/sensors_status__type_support.h\n'}
[0.772020] (px4_msgs) StdoutLine: {'line': b'-- Up-to-date: /home/jmj/pro_asp_ws/ws_px4_controls/install/px4_msgs/include/px4_msgs/px4_msgs/msg/detail/heater_status__functions.h\n'}
[0.772053] (px4_msgs) StdoutLine: {'line': b'-- Up-to-date: /home/jmj/pro_asp_ws/ws_px4_controls/install/px4_msgs/include/px4_msgs/px4_msgs/msg/detail/rover_attitude_setpoint__struct.h\n'}
[0.772085] (px4_msgs) StdoutLine: {'line': b'-- Up-to-date: /home/jmj/pro_asp_ws/ws_px4_controls/install/px4_msgs/include/px4_msgs/px4_msgs/msg/detail/trajectory_setpoint6dof__struct.h\n'}
[0.772115] (px4_msgs) StdoutLine: {'line': b'-- Up-to-date: /home/jmj/pro_asp_ws/ws_px4_controls/install/px4_msgs/include/px4_msgs/px4_msgs/msg/detail/gpio_out__functions.h\n'}
[0.772145] (px4_msgs) StdoutLine: {'line': b'-- Up-to-date: /home/jmj/pro_asp_ws/ws_px4_controls/install/px4_msgs/include/px4_msgs/px4_msgs/msg/detail/vehicle_angular_velocity__struct.h\n'}
[0.772201] (px4_msgs) StdoutLine: {'line': b'-- Up-to-date: /home/jmj/pro_asp_ws/ws_px4_controls/install/px4_msgs/include/px4_msgs/px4_msgs/msg/detail/vehicle_imu_status__functions.h\n'}
[0.772232] (px4_msgs) StdoutLine: {'line': b'-- Up-to-date: /home/jmj/pro_asp_ws/ws_px4_controls/install/px4_msgs/include/px4_msgs/px4_msgs/msg/detail/rpm__struct.h\n'}
[0.772263] (px4_msgs) StdoutLine: {'line': b'-- Up-to-date: /home/jmj/pro_asp_ws/ws_px4_controls/install/px4_msgs/include/px4_msgs/px4_msgs/msg/detail/magnetometer_bias_estimate__functions.c\n'}
[0.772295] (px4_msgs) StdoutLine: {'line': b'-- Up-to-date: /home/jmj/pro_asp_ws/ws_px4_controls/install/px4_msgs/include/px4_msgs/px4_msgs/msg/detail/tune_control__struct.h\n'}
[0.772326] (px4_msgs) StdoutLine: {'line': b'-- Up-to-date: /home/jmj/pro_asp_ws/ws_px4_controls/install/px4_msgs/include/px4_msgs/px4_msgs/msg/detail/normalized_unsigned_setpoint__struct.h\n'}
[0.772357] (px4_msgs) StdoutLine: {'line': b'-- Up-to-date: /home/jmj/pro_asp_ws/ws_px4_controls/install/px4_msgs/include/px4_msgs/px4_msgs/msg/detail/cellular_status__type_support.h\n'}
[0.772388] (px4_msgs) StdoutLine: {'line': b'-- Up-to-date: /home/jmj/pro_asp_ws/ws_px4_controls/install/px4_msgs/include/px4_msgs/px4_msgs/msg/detail/uavcan_parameter_request__functions.c\n'}
[0.772419] (px4_msgs) StdoutLine: {'line': b'-- Up-to-date: /home/jmj/pro_asp_ws/ws_px4_controls/install/px4_msgs/include/px4_msgs/px4_msgs/msg/detail/gimbal_device_information__type_support.h\n'}
[0.773055] (px4_msgs) StdoutLine: {'line': b'-- Up-to-date: /home/jmj/pro_asp_ws/ws_px4_controls/install/px4_msgs/include/px4_msgs/px4_msgs/msg/detail/actuator_controls_status__functions.c\n'}
[0.773091] (px4_msgs) StdoutLine: {'line': b'-- Up-to-date: /home/jmj/pro_asp_ws/ws_px4_controls/install/px4_msgs/include/px4_msgs/px4_msgs/msg/detail/vehicle_odometry__functions.c\n'}
[0.773174] (px4_msgs) StdoutLine: {'line': b'-- Up-to-date: /home/jmj/pro_asp_ws/ws_px4_controls/install/px4_msgs/include/px4_msgs/px4_msgs/msg/detail/esc_status__functions.c\n'}
[0.773207] (px4_msgs) StdoutLine: {'line': b'-- Up-to-date: /home/jmj/pro_asp_ws/ws_px4_controls/install/px4_msgs/include/px4_msgs/px4_msgs/msg/detail/wheel_encoders__functions.c\n'}
[0.773239] (px4_msgs) StdoutLine: {'line': b'-- Up-to-date: /home/jmj/pro_asp_ws/ws_px4_controls/install/px4_msgs/include/px4_msgs/px4_msgs/msg/detail/collision_constraints__functions.h\n'}
[0.773299] (px4_msgs) StdoutLine: {'line': b'-- Up-to-date: /home/jmj/pro_asp_ws/ws_px4_controls/install/px4_msgs/include/px4_msgs/px4_msgs/msg/detail/sensor_accel_fifo__struct.h\n'}
[0.773331] (px4_msgs) StdoutLine: {'line': b'-- Up-to-date: /home/jmj/pro_asp_ws/ws_px4_controls/install/px4_msgs/include/px4_msgs/px4_msgs/msg/detail/obstacle_distance__functions.h\n'}
[0.773361] (px4_msgs) StdoutLine: {'line': b'-- Up-to-date: /home/jmj/pro_asp_ws/ws_px4_controls/install/px4_msgs/include/px4_msgs/px4_msgs/msg/detail/iridiumsbd_status__type_support.h\n'}
[0.773392] (px4_msgs) StdoutLine: {'line': b'-- Up-to-date: /home/jmj/pro_asp_ws/ws_px4_controls/install/px4_msgs/include/px4_msgs/px4_msgs/msg/detail/camera_trigger__functions.c\n'}
[0.773423] (px4_msgs) StdoutLine: {'line': b'-- Up-to-date: /home/jmj/pro_asp_ws/ws_px4_controls/install/px4_msgs/include/px4_msgs/px4_msgs/msg/detail/open_drone_id_system__functions.h\n'}
[0.773453] (px4_msgs) StdoutLine: {'line': b'-- Up-to-date: /home/jmj/pro_asp_ws/ws_px4_controls/install/px4_msgs/include/px4_msgs/px4_msgs/msg/detail/gpio_in__struct.h\n'}
[0.773484] (px4_msgs) StdoutLine: {'line': b'-- Up-to-date: /home/jmj/pro_asp_ws/ws_px4_controls/install/px4_msgs/include/px4_msgs/px4_msgs/msg/detail/vehicle_local_position__functions.h\n'}
[0.773515] (px4_msgs) StdoutLine: {'line': b'-- Up-to-date: /home/jmj/pro_asp_ws/ws_px4_controls/install/px4_msgs/include/px4_msgs/px4_msgs/msg/detail/qshell_retval__type_support.h\n'}
[0.773547] (px4_msgs) StdoutLine: {'line': b'-- Up-to-date: /home/jmj/pro_asp_ws/ws_px4_controls/install/px4_msgs/include/px4_msgs/px4_msgs/msg/detail/vehicle_constraints__functions.c\n'}
[0.773578] (px4_msgs) StdoutLine: {'line': b'-- Up-to-date: /home/jmj/pro_asp_ws/ws_px4_controls/install/px4_msgs/include/px4_msgs/px4_msgs/msg/detail/sensor_gyro__struct.h\n'}
[0.773608] (px4_msgs) StdoutLine: {'line': b'-- Up-to-date: /home/jmj/pro_asp_ws/ws_px4_controls/install/px4_msgs/include/px4_msgs/px4_msgs/msg/detail/vehicle_angular_acceleration_setpoint__functions.h\n'}
[0.773639] (px4_msgs) StdoutLine: {'line': b'-- Up-to-date: /home/jmj/pro_asp_ws/ws_px4_controls/install/px4_msgs/include/px4_msgs/px4_msgs/msg/detail/vehicle_thrust_setpoint__type_support.h\n'}
[0.773670] (px4_msgs) StdoutLine: {'line': b'-- Up-to-date: /home/jmj/pro_asp_ws/ws_px4_controls/install/px4_msgs/include/px4_msgs/px4_msgs/msg/detail/wind__type_support.h\n'}
[0.773703] (px4_msgs) StdoutLine: {'line': b'-- Up-to-date: /home/jmj/pro_asp_ws/ws_px4_controls/install/px4_msgs/include/px4_msgs/px4_msgs/msg/detail/internal_combustion_engine_status__type_support.h\n'}
[0.773735] (px4_msgs) StdoutLine: {'line': b'-- Up-to-date: /home/jmj/pro_asp_ws/ws_px4_controls/install/px4_msgs/include/px4_msgs/px4_msgs/msg/detail/estimator_status_flags__functions.h\n'}
[0.773795] (px4_msgs) StdoutLine: {'line': b'-- Up-to-date: /home/jmj/pro_asp_ws/ws_px4_controls/install/px4_msgs/include/px4_msgs/px4_msgs/msg/detail/airspeed_wind__struct.h\n'}
[0.773829] (px4_msgs) StdoutLine: {'line': b'-- Up-to-date: /home/jmj/pro_asp_ws/ws_px4_controls/install/px4_msgs/include/px4_msgs/px4_msgs/msg/detail/parameter_update__struct.h\n'}
[0.773860] (px4_msgs) StdoutLine: {'line': b'-- Up-to-date: /home/jmj/pro_asp_ws/ws_px4_controls/install/px4_msgs/include/px4_msgs/px4_msgs/msg/detail/wind__functions.c\n'}
[0.773891] (px4_msgs) StdoutLine: {'line': b'-- Up-to-date: /home/jmj/pro_asp_ws/ws_px4_controls/install/px4_msgs/include/px4_msgs/px4_msgs/msg/detail/vtol_vehicle_status__functions.h\n'}
[0.773922] (px4_msgs) StdoutLine: {'line': b'-- Up-to-date: /home/jmj/pro_asp_ws/ws_px4_controls/install/px4_msgs/include/px4_msgs/px4_msgs/msg/detail/vehicle_angular_acceleration_setpoint__struct.h\n'}
[0.773951] (px4_msgs) StdoutLine: {'line': b'-- Up-to-date: /home/jmj/pro_asp_ws/ws_px4_controls/install/px4_msgs/include/px4_msgs/px4_msgs/msg/detail/navigator_mission_item__type_support.h\n'}
[0.773976] (px4_msgs) StdoutLine: {'line': b'-- Up-to-date: /home/jmj/pro_asp_ws/ws_px4_controls/install/px4_msgs/include/px4_msgs/px4_msgs/msg/detail/manual_control_setpoint__struct.h\n'}
[0.774037] (px4_msgs) StdoutLine: {'line': b'-- Up-to-date: /home/jmj/pro_asp_ws/ws_px4_controls/install/px4_msgs/include/px4_msgs/px4_msgs/msg/detail/autotune_attitude_control_status__type_support.h\n'}
[0.774063] (px4_msgs) StdoutLine: {'line': b'-- Up-to-date: /home/jmj/pro_asp_ws/ws_px4_controls/install/px4_msgs/include/px4_msgs/px4_msgs/msg/detail/rover_velocity_setpoint__type_support.h\n'}
[0.774088] (px4_msgs) StdoutLine: {'line': b'-- Up-to-date: /home/jmj/pro_asp_ws/ws_px4_controls/install/px4_msgs/include/px4_msgs/px4_msgs/msg/detail/vehicle_optical_flow_vel__struct.h\n'}
[0.774214] (px4_msgs) StdoutLine: {'line': b'-- Up-to-date: /home/jmj/pro_asp_ws/ws_px4_controls/install/px4_msgs/include/px4_msgs/px4_msgs/msg/detail/gps_dump__struct.h\n'}
[0.774242] (px4_msgs) StdoutLine: {'line': b'-- Up-to-date: /home/jmj/pro_asp_ws/ws_px4_controls/install/px4_msgs/include/px4_msgs/px4_msgs/msg/detail/wind__functions.h\n'}
[0.774269] (px4_msgs) StdoutLine: {'line': b'-- Up-to-date: /home/jmj/pro_asp_ws/ws_px4_controls/install/px4_msgs/include/px4_msgs/px4_msgs/msg/detail/register_ext_component_reply__struct.h\n'}
[0.774308] (px4_msgs) StdoutLine: {'line': b'-- Up-to-date: /home/jmj/pro_asp_ws/ws_px4_controls/install/px4_msgs/include/px4_msgs/px4_msgs/msg/detail/rtl_status__type_support.h\n'}
[0.774337] (px4_msgs) StdoutLine: {'line': b'-- Up-to-date: /home/jmj/pro_asp_ws/ws_px4_controls/install/px4_msgs/include/px4_msgs/px4_msgs/msg/detail/obstacle_distance__type_support.h\n'}
[0.774364] (px4_msgs) StdoutLine: {'line': b'-- Up-to-date: /home/jmj/pro_asp_ws/ws_px4_controls/install/px4_msgs/include/px4_msgs/px4_msgs/msg/detail/vehicle_imu_status__functions.c\n'}
[0.774393] (px4_msgs) StdoutLine: {'line': b'-- Up-to-date: /home/jmj/pro_asp_ws/ws_px4_controls/install/px4_msgs/include/px4_msgs/px4_msgs/msg/detail/orbit_status__type_support.h\n'}
[0.774424] (px4_msgs) StdoutLine: {'line': b'-- Up-to-date: /home/jmj/pro_asp_ws/ws_px4_controls/install/px4_msgs/include/px4_msgs/px4_msgs/msg/detail/power_button_state__struct.h\n'}
[0.774471] (px4_msgs) StdoutLine: {'line': b'-- Up-to-date: /home/jmj/pro_asp_ws/ws_px4_controls/install/px4_msgs/include/px4_msgs/px4_msgs/msg/detail/vehicle_rates_setpoint__functions.c\n'}
[0.774513] (px4_msgs) StdoutLine: {'line': b'-- Up-to-date: /home/jmj/pro_asp_ws/ws_px4_controls/install/px4_msgs/include/px4_msgs/px4_msgs/msg/detail/rtl_status__functions.h\n'}
[0.774562] (px4_msgs) StdoutLine: {'line': b'-- Up-to-date: /home/jmj/pro_asp_ws/ws_px4_controls/install/px4_msgs/include/px4_msgs/px4_msgs/msg/detail/failure_detector_status__struct.h\n'}
[0.774600] (px4_msgs) StdoutLine: {'line': b'-- Up-to-date: /home/jmj/pro_asp_ws/ws_px4_controls/install/px4_msgs/include/px4_msgs/px4_msgs/msg/detail/vehicle_land_detected__functions.h\n'}
[0.774644] (px4_msgs) StdoutLine: {'line': b'-- Up-to-date: /home/jmj/pro_asp_ws/ws_px4_controls/install/px4_msgs/include/px4_msgs/px4_msgs/msg/detail/vehicle_acceleration__functions.c\n'}
[0.774689] (px4_msgs) StdoutLine: {'line': b'-- Up-to-date: /home/jmj/pro_asp_ws/ws_px4_controls/install/px4_msgs/include/px4_msgs/px4_msgs/msg/detail/landing_target_pose__functions.h\n'}
[0.774729] (px4_msgs) StdoutLine: {'line': b'-- Up-to-date: /home/jmj/pro_asp_ws/ws_px4_controls/install/px4_msgs/include/px4_msgs/px4_msgs/msg/detail/obstacle_distance__struct.h\n'}
[0.774894] (px4_msgs) StdoutLine: {'line': b'-- Up-to-date: /home/jmj/pro_asp_ws/ws_px4_controls/install/px4_msgs/include/px4_msgs/px4_msgs/msg/detail/sensor_baro__functions.h\n'}
[0.774972] (px4_msgs) StdoutLine: {'line': b'-- Up-to-date: /home/jmj/pro_asp_ws/ws_px4_controls/install/px4_msgs/include/px4_msgs/px4_msgs/msg/detail/telemetry_status__functions.h\n'}
[0.775014] (px4_msgs) StdoutLine: {'line': b'-- Up-to-date: /home/jmj/pro_asp_ws/ws_px4_controls/install/px4_msgs/include/px4_msgs/px4_msgs/msg/detail/system_power__functions.c\n'}
[0.775060] (px4_msgs) StdoutLine: {'line': b'-- Up-to-date: /home/jmj/pro_asp_ws/ws_px4_controls/install/px4_msgs/include/px4_msgs/px4_msgs/msg/detail/mavlink_log__functions.c\n'}
[0.775153] (px4_msgs) StdoutLine: {'line': b'-- Up-to-date: /home/jmj/pro_asp_ws/ws_px4_controls/install/px4_msgs/include/px4_msgs/px4_msgs/msg/detail/mavlink_tunnel__functions.h\n'}
[0.775195] (px4_msgs) StdoutLine: {'line': b'-- Up-to-date: /home/jmj/pro_asp_ws/ws_px4_controls/install/px4_msgs/include/px4_msgs/px4_msgs/msg/detail/sensors_status_imu__functions.h\n'}
[0.775238] (px4_msgs) StdoutLine: {'line': b'-- Up-to-date: /home/jmj/pro_asp_ws/ws_px4_controls/install/px4_msgs/include/px4_msgs/px4_msgs/msg/detail/mount_orientation__struct.h\n'}
[0.775282] (px4_msgs) StdoutLine: {'line': b'-- Up-to-date: /home/jmj/pro_asp_ws/ws_px4_controls/install/px4_msgs/include/px4_msgs/px4_msgs/msg/detail/cellular_status__functions.c\n'}
[0.775332] (px4_msgs) StdoutLine: {'line': b'-- Up-to-date: /home/jmj/pro_asp_ws/ws_px4_controls/install/px4_msgs/include/px4_msgs/px4_msgs/msg/detail/failure_detector_status__functions.c\n'}
[0.775385] (px4_msgs) StdoutLine: {'line': b'-- Up-to-date: /home/jmj/pro_asp_ws/ws_px4_controls/install/px4_msgs/include/px4_msgs/px4_msgs/msg/detail/ekf2_timestamps__functions.c\n'}
[0.775434] (px4_msgs) StdoutLine: {'line': b'-- Up-to-date: /home/jmj/pro_asp_ws/ws_px4_controls/install/px4_msgs/include/px4_msgs/px4_msgs/msg/detail/rover_throttle_setpoint__functions.h\n'}
[0.775486] (px4_msgs) StdoutLine: {'line': b'-- Up-to-date: /home/jmj/pro_asp_ws/ws_px4_controls/install/px4_msgs/include/px4_msgs/px4_msgs/msg/detail/ping__functions.c\n'}
[0.775534] (px4_msgs) StdoutLine: {'line': b'-- Up-to-date: /home/jmj/pro_asp_ws/ws_px4_controls/install/px4_msgs/include/px4_msgs/px4_msgs/msg/detail/gps_inject_data__functions.c\n'}
[0.775589] (px4_msgs) StdoutLine: {'line': b'-- Up-to-date: /home/jmj/pro_asp_ws/ws_px4_controls/install/px4_msgs/include/px4_msgs/px4_msgs/msg/detail/rover_rate_status__type_support.h\n'}
[0.775624] (px4_msgs) StdoutLine: {'line': b'-- Up-to-date: /home/jmj/pro_asp_ws/ws_px4_controls/install/px4_msgs/include/px4_msgs/px4_msgs/msg/detail/gpio_config__struct.h\n'}
[0.775771] (px4_msgs) StdoutLine: {'line': b'-- Up-to-date: /home/jmj/pro_asp_ws/ws_px4_controls/install/px4_msgs/include/px4_msgs/px4_msgs/msg/detail/vehicle_attitude_setpoint__type_support.h\n'}
[0.775884] (px4_msgs) StdoutLine: {'line': b'-- Up-to-date: /home/jmj/pro_asp_ws/ws_px4_controls/install/px4_msgs/include/px4_msgs/px4_msgs/msg/detail/vehicle_acceleration__type_support.h\n'}
[0.775951] (px4_msgs) StdoutLine: {'line': b'-- Up-to-date: /home/jmj/pro_asp_ws/ws_px4_controls/install/px4_msgs/include/px4_msgs/px4_msgs/msg/detail/onboard_computer_status__struct.h\n'}
[0.775982] (px4_msgs) StdoutLine: {'line': b'-- Up-to-date: /home/jmj/pro_asp_ws/ws_px4_controls/install/px4_msgs/include/px4_msgs/px4_msgs/msg/detail/cpuload__functions.h\n'}
[0.776030] (px4_msgs) StdoutLine: {'line': b'-- Up-to-date: /home/jmj/pro_asp_ws/ws_px4_controls/install/px4_msgs/include/px4_msgs/px4_msgs/msg/detail/gimbal_manager_status__functions.h\n'}
[0.776070] (px4_msgs) StdoutLine: {'line': b'-- Up-to-date: /home/jmj/pro_asp_ws/ws_px4_controls/install/px4_msgs/include/px4_msgs/px4_msgs/msg/detail/tiltrotor_extra_controls__functions.c\n'}
[0.776144] (px4_msgs) StdoutLine: {'line': b'-- Up-to-date: /home/jmj/pro_asp_ws/ws_px4_controls/install/px4_msgs/include/px4_msgs/px4_msgs/msg/detail/actuator_servos__functions.h\n'}
[0.776178] (px4_msgs) StdoutLine: {'line': b'-- Up-to-date: /home/jmj/pro_asp_ws/ws_px4_controls/install/px4_msgs/include/px4_msgs/px4_msgs/msg/detail/estimator_sensor_bias__struct.h\n'}
[0.776258] (px4_msgs) StdoutLine: {'line': b'-- Up-to-date: /home/jmj/pro_asp_ws/ws_px4_controls/install/px4_msgs/include/px4_msgs/px4_msgs/msg/detail/follow_target__type_support.h\n'}
[0.776297] (px4_msgs) StdoutLine: {'line': b'-- Up-to-date: /home/jmj/pro_asp_ws/ws_px4_controls/install/px4_msgs/include/px4_msgs/px4_msgs/msg/detail/rover_attitude_setpoint__functions.c\n'}
[0.776330] (px4_msgs) StdoutLine: {'line': b'-- Up-to-date: /home/jmj/pro_asp_ws/ws_px4_controls/install/px4_msgs/include/px4_msgs/px4_msgs/msg/detail/heater_status__functions.c\n'}
[0.776767] (px4_msgs) StdoutLine: {'line': b'-- Up-to-date: /home/jmj/pro_asp_ws/ws_px4_controls/install/px4_msgs/include/px4_msgs/px4_msgs/msg/detail/open_drone_id_self_id__functions.h\n'}
[0.776952] (px4_msgs) StdoutLine: {'line': b'-- Up-to-date: /home/jmj/pro_asp_ws/ws_px4_controls/install/px4_msgs/include/px4_msgs/px4_msgs/msg/detail/estimator_gps_status__functions.h\n'}
[0.777019] (px4_msgs) StdoutLine: {'line': b'-- Up-to-date: /home/jmj/pro_asp_ws/ws_px4_controls/install/px4_msgs/include/px4_msgs/px4_msgs/msg/detail/sensor_gyro_fifo__type_support.h\n'}
[0.777056] (px4_msgs) StdoutLine: {'line': b'-- Up-to-date: /home/jmj/pro_asp_ws/ws_px4_controls/install/px4_msgs/include/px4_msgs/px4_msgs/msg/detail/qshell_req__functions.c\n'}
[0.777098] (px4_msgs) StdoutLine: {'line': b'-- Up-to-date: /home/jmj/pro_asp_ws/ws_px4_controls/install/px4_msgs/include/px4_msgs/px4_msgs/msg/detail/autotune_attitude_control_status__functions.h\n'}
[0.777158] (px4_msgs) StdoutLine: {'line': b'-- Up-to-date: /home/jmj/pro_asp_ws/ws_px4_controls/install/px4_msgs/include/px4_msgs/px4_msgs/msg/detail/action_request__type_support.h\n'}
[0.777190] (px4_msgs) StdoutLine: {'line': b'-- Up-to-date: /home/jmj/pro_asp_ws/ws_px4_controls/install/px4_msgs/include/px4_msgs/px4_msgs/msg/detail/actuator_motors__functions.c\n'}
[0.777219] (px4_msgs) StdoutLine: {'line': b'-- Up-to-date: /home/jmj/pro_asp_ws/ws_px4_controls/install/px4_msgs/include/px4_msgs/px4_msgs/msg/detail/launch_detection_status__type_support.h\n'}
[0.777247] (px4_msgs) StdoutLine: {'line': b'-- Up-to-date: /home/jmj/pro_asp_ws/ws_px4_controls/install/px4_msgs/include/px4_msgs/px4_msgs/msg/detail/qshell_retval__functions.h\n'}
[0.777276] (px4_msgs) StdoutLine: {'line': b'-- Up-to-date: /home/jmj/pro_asp_ws/ws_px4_controls/install/px4_msgs/include/px4_msgs/px4_msgs/msg/detail/lateral_control_configuration__type_support.h\n'}
[0.777303] (px4_msgs) StdoutLine: {'line': b'-- Up-to-date: /home/jmj/pro_asp_ws/ws_px4_controls/install/px4_msgs/include/px4_msgs/px4_msgs/msg/detail/gimbal_controls__functions.c\n'}
[0.777338] (px4_msgs) StdoutLine: {'line': b'-- Up-to-date: /home/jmj/pro_asp_ws/ws_px4_controls/install/px4_msgs/include/px4_msgs/px4_msgs/msg/detail/geofence_result__struct.h\n'}
[0.777381] (px4_msgs) StdoutLine: {'line': b'-- Up-to-date: /home/jmj/pro_asp_ws/ws_px4_controls/install/px4_msgs/include/px4_msgs/px4_msgs/msg/detail/velocity_limits__type_support.h\n'}
[0.777424] (px4_msgs) StdoutLine: {'line': b'-- Up-to-date: /home/jmj/pro_asp_ws/ws_px4_controls/install/px4_msgs/include/px4_msgs/px4_msgs/msg/detail/sensors_status__functions.c\n'}
[0.777472] (px4_msgs) StdoutLine: {'line': b'-- Up-to-date: /home/jmj/pro_asp_ws/ws_px4_controls/install/px4_msgs/include/px4_msgs/px4_msgs/msg/detail/register_ext_component_reply__functions.h\n'}
[0.777514] (px4_msgs) StdoutLine: {'line': b'-- Up-to-date: /home/jmj/pro_asp_ws/ws_px4_controls/install/px4_msgs/include/px4_msgs/px4_msgs/msg/detail/vehicle_imu__functions.h\n'}
[0.777551] (px4_msgs) StdoutLine: {'line': b'-- Up-to-date: /home/jmj/pro_asp_ws/ws_px4_controls/install/px4_msgs/include/px4_msgs/px4_msgs/msg/detail/sensors_status__struct.h\n'}
[0.777582] (px4_msgs) StdoutLine: {'line': b'-- Up-to-date: /home/jmj/pro_asp_ws/ws_px4_controls/install/px4_msgs/include/px4_msgs/px4_msgs/msg/detail/vehicle_command__functions.h\n'}
[0.777620] (px4_msgs) StdoutLine: {'line': b'-- Up-to-date: /home/jmj/pro_asp_ws/ws_px4_controls/install/px4_msgs/include/px4_msgs/px4_msgs/msg/detail/gimbal_manager_set_manual_control__struct.h\n'}
[0.777676] (px4_msgs) StdoutLine: {'line': b'-- Up-to-date: /home/jmj/pro_asp_ws/ws_px4_controls/install/px4_msgs/include/px4_msgs/px4_msgs/msg/detail/mag_worker_data__functions.h\n'}
[0.777718] (px4_msgs) StdoutLine: {'line': b'-- Up-to-date: /home/jmj/pro_asp_ws/ws_px4_controls/install/px4_msgs/include/px4_msgs/px4_msgs/msg/detail/estimator_innovations__functions.c\n'}
[0.777842] (px4_msgs) StdoutLine: {'line': b'-- Up-to-date: /home/jmj/pro_asp_ws/ws_px4_controls/install/px4_msgs/include/px4_msgs/px4_msgs/msg/detail/config_overrides__functions.h\n'}
[0.778221] (px4_msgs) StdoutLine: {'line': b'-- Up-to-date: /home/jmj/pro_asp_ws/ws_px4_controls/install/px4_msgs/include/px4_msgs/px4_msgs/msg/detail/transponder_report__struct.h\n'}
[0.778280] (px4_msgs) StdoutLine: {'line': b'-- Up-to-date: /home/jmj/pro_asp_ws/ws_px4_controls/install/px4_msgs/include/px4_msgs/px4_msgs/msg/detail/onboard_computer_status__functions.h\n'}
[0.778313] (px4_msgs) StdoutLine: {'line': b'-- Up-to-date: /home/jmj/pro_asp_ws/ws_px4_controls/install/px4_msgs/include/px4_msgs/px4_msgs/msg/detail/trajectory_setpoint__functions.c\n'}
[0.778344] (px4_msgs) StdoutLine: {'line': b'-- Up-to-date: /home/jmj/pro_asp_ws/ws_px4_controls/install/px4_msgs/include/px4_msgs/px4_msgs/msg/detail/differential_pressure__functions.c\n'}
[0.778380] (px4_msgs) StdoutLine: {'line': b'-- Up-to-date: /home/jmj/pro_asp_ws/ws_px4_controls/install/px4_msgs/include/px4_msgs/px4_msgs/msg/detail/longitudinal_control_configuration__functions.c\n'}
[0.778600] (px4_msgs) StdoutLine: {'line': b'-- Up-to-date: /home/jmj/pro_asp_ws/ws_px4_controls/install/px4_msgs/include/px4_msgs/px4_msgs/msg/detail/sensor_uwb__struct.h\n'}
[0.778695] (px4_msgs) StdoutLine: {'line': b'-- Up-to-date: /home/jmj/pro_asp_ws/ws_px4_controls/install/px4_msgs/include/px4_msgs/px4_msgs/msg/detail/vehicle_constraints__type_support.h\n'}
[0.778753] (px4_msgs) StdoutLine: {'line': b'-- Up-to-date: /home/jmj/pro_asp_ws/ws_px4_controls/install/px4_msgs/include/px4_msgs/px4_msgs/msg/detail/action_request__functions.c\n'}
[0.778808] (px4_msgs) StdoutLine: {'line': b'-- Up-to-date: /home/jmj/pro_asp_ws/ws_px4_controls/install/px4_msgs/include/px4_msgs/px4_msgs/msg/detail/pure_pursuit_status__struct.h\n'}
[0.778853] (px4_msgs) StdoutLine: {'line': b'-- Up-to-date: /home/jmj/pro_asp_ws/ws_px4_controls/install/px4_msgs/include/px4_msgs/px4_msgs/msg/detail/transponder_report__functions.h\n'}
[0.778907] (px4_msgs) StdoutLine: {'line': b'-- Up-to-date: /home/jmj/pro_asp_ws/ws_px4_controls/install/px4_msgs/include/px4_msgs/px4_msgs/msg/detail/task_stack_info__type_support.h\n'}
[0.778938] (px4_msgs) StdoutLine: {'line': b'-- Up-to-date: /home/jmj/pro_asp_ws/ws_px4_controls/install/px4_msgs/include/px4_msgs/px4_msgs/msg/detail/fixed_wing_longitudinal_setpoint__functions.c\n'}
[0.778967] (px4_msgs) StdoutLine: {'line': b'-- Up-to-date: /home/jmj/pro_asp_ws/ws_px4_controls/install/px4_msgs/include/px4_msgs/px4_msgs/msg/detail/input_rc__functions.c\n'}
[0.778997] (px4_msgs) StdoutLine: {'line': b'-- Up-to-date: /home/jmj/pro_asp_ws/ws_px4_controls/install/px4_msgs/include/px4_msgs/px4_msgs/msg/detail/esc_report__functions.c\n'}
[0.779026] (px4_msgs) StdoutLine: {'line': b'-- Up-to-date: /home/jmj/pro_asp_ws/ws_px4_controls/install/px4_msgs/include/px4_msgs/px4_msgs/msg/detail/config_overrides__functions.c\n'}
[0.779064] (px4_msgs) StdoutLine: {'line': b'-- Up-to-date: /home/jmj/pro_asp_ws/ws_px4_controls/install/px4_msgs/include/px4_msgs/px4_msgs/msg/detail/estimator_states__struct.h\n'}
[0.779110] (px4_msgs) StdoutLine: {'line': b'-- Up-to-date: /home/jmj/pro_asp_ws/ws_px4_controls/install/px4_msgs/include/px4_msgs/px4_msgs/msg/detail/ulog_stream__struct.h\n'}
[0.779147] (px4_msgs) StdoutLine: {'line': b'-- Up-to-date: /home/jmj/pro_asp_ws/ws_px4_controls/install/px4_msgs/include/px4_msgs/px4_msgs/msg/detail/rc_parameter_map__functions.c\n'}
[0.779233] (px4_msgs) StdoutLine: {'line': b'-- Up-to-date: /home/jmj/pro_asp_ws/ws_px4_controls/install/px4_msgs/include/px4_msgs/px4_msgs/msg/detail/gimbal_device_set_attitude__type_support.h\n'}
[0.779327] (px4_msgs) StdoutLine: {'line': b'-- Up-to-date: /home/jmj/pro_asp_ws/ws_px4_controls/install/px4_msgs/include/px4_msgs/px4_msgs/msg/detail/lateral_control_configuration__functions.c\n'}
[0.779367] (px4_msgs) StdoutLine: {'line': b'-- Up-to-date: /home/jmj/pro_asp_ws/ws_px4_controls/install/px4_msgs/include/px4_msgs/px4_msgs/msg/detail/timesync_status__functions.c\n'}
[0.779403] (px4_msgs) StdoutLine: {'line': b'-- Up-to-date: /home/jmj/pro_asp_ws/ws_px4_controls/install/px4_msgs/include/px4_msgs/px4_msgs/msg/detail/gpio_in__functions.c\n'}
[0.779471] (px4_msgs) StdoutLine: {'line': b'-- Up-to-date: /home/jmj/pro_asp_ws/ws_px4_controls/install/px4_msgs/include/px4_msgs/px4_msgs/msg/detail/figure_eight_status__struct.h\n'}
[0.779510] (px4_msgs) StdoutLine: {'line': b'-- Up-to-date: /home/jmj/pro_asp_ws/ws_px4_controls/install/px4_msgs/include/px4_msgs/px4_msgs/msg/detail/debug_vect__struct.h\n'}
[0.779548] (px4_msgs) StdoutLine: {'line': b'-- Up-to-date: /home/jmj/pro_asp_ws/ws_px4_controls/install/px4_msgs/include/px4_msgs/px4_msgs/msg/detail/gps_dump__functions.c\n'}
[0.779584] (px4_msgs) StdoutLine: {'line': b'-- Up-to-date: /home/jmj/pro_asp_ws/ws_px4_controls/install/px4_msgs/include/px4_msgs/px4_msgs/msg/detail/rover_attitude_setpoint__functions.h\n'}
[0.779685] (px4_msgs) StdoutLine: {'line': b'-- Up-to-date: /home/jmj/pro_asp_ws/ws_px4_controls/install/px4_msgs/include/px4_msgs/px4_msgs/msg/detail/landing_gear__type_support.h\n'}
[0.779715] (px4_msgs) StdoutLine: {'line': b'-- Up-to-date: /home/jmj/pro_asp_ws/ws_px4_controls/install/px4_msgs/include/px4_msgs/px4_msgs/msg/detail/vehicle_command_ack__type_support.h\n'}
[0.779744] (px4_msgs) StdoutLine: {'line': b'-- Up-to-date: /home/jmj/pro_asp_ws/ws_px4_controls/install/px4_msgs/include/px4_msgs/px4_msgs/msg/detail/follow_target_status__struct.h\n'}
[0.779792] (px4_msgs) StdoutLine: {'line': b'-- Up-to-date: /home/jmj/pro_asp_ws/ws_px4_controls/install/px4_msgs/include/px4_msgs/px4_msgs/msg/detail/estimator_status_flags__type_support.h\n'}
[0.779891] (px4_msgs) StdoutLine: {'line': b'-- Up-to-date: /home/jmj/pro_asp_ws/ws_px4_controls/install/px4_msgs/include/px4_msgs/px4_msgs/msg/detail/estimator_status__struct.h\n'}
[0.779926] (px4_msgs) StdoutLine: {'line': b'-- Up-to-date: /home/jmj/pro_asp_ws/ws_px4_controls/install/px4_msgs/include/px4_msgs/px4_msgs/msg/detail/rtl_time_estimate__functions.c\n'}
[0.779960] (px4_msgs) StdoutLine: {'line': b'-- Up-to-date: /home/jmj/pro_asp_ws/ws_px4_controls/install/px4_msgs/include/px4_msgs/px4_msgs/msg/detail/irlock_report__type_support.h\n'}
[0.780004] (px4_msgs) StdoutLine: {'line': b'-- Up-to-date: /home/jmj/pro_asp_ws/ws_px4_controls/install/px4_msgs/include/px4_msgs/px4_msgs/msg/detail/wheel_encoders__type_support.h\n'}
[0.780084] (px4_msgs) StdoutLine: {'line': b'-- Up-to-date: /home/jmj/pro_asp_ws/ws_px4_controls/install/px4_msgs/include/px4_msgs/px4_msgs/msg/detail/vehicle_air_data__struct.h\n'}
[0.780122] (px4_msgs) StdoutLine: {'line': b'-- Up-to-date: /home/jmj/pro_asp_ws/ws_px4_controls/install/px4_msgs/include/px4_msgs/px4_msgs/msg/detail/mavlink_log__struct.h\n'}
[0.780160] (px4_msgs) StdoutLine: {'line': b'-- Up-to-date: /home/jmj/pro_asp_ws/ws_px4_controls/install/px4_msgs/include/px4_msgs/px4_msgs/msg/detail/unregister_ext_component__type_support.h\n'}
[0.780193] (px4_msgs) StdoutLine: {'line': b'-- Up-to-date: /home/jmj/pro_asp_ws/ws_px4_controls/install/px4_msgs/include/px4_msgs/px4_msgs/msg/detail/rover_throttle_setpoint__type_support.h\n'}
[0.780231] (px4_msgs) StdoutLine: {'line': b'-- Up-to-date: /home/jmj/pro_asp_ws/ws_px4_controls/install/px4_msgs/include/px4_msgs/px4_msgs/msg/detail/position_setpoint__functions.h\n'}
[0.780299] (px4_msgs) StdoutLine: {'line': b'-- Up-to-date: /home/jmj/pro_asp_ws/ws_px4_controls/install/px4_msgs/include/px4_msgs/px4_msgs/msg/detail/figure_eight_status__type_support.h\n'}
[0.780337] (px4_msgs) StdoutLine: {'line': b'-- Up-to-date: /home/jmj/pro_asp_ws/ws_px4_controls/install/px4_msgs/include/px4_msgs/px4_msgs/msg/detail/arming_check_reply__struct.h\n'}
[0.780373] (px4_msgs) StdoutLine: {'line': b'-- Up-to-date: /home/jmj/pro_asp_ws/ws_px4_controls/install/px4_msgs/include/px4_msgs/px4_msgs/msg/detail/pps_capture__functions.h\n'}
[0.780408] (px4_msgs) StdoutLine: {'line': b'-- Up-to-date: /home/jmj/pro_asp_ws/ws_px4_controls/install/px4_msgs/include/px4_msgs/px4_msgs/msg/detail/position_setpoint__type_support.h\n'}
[0.780442] (px4_msgs) StdoutLine: {'line': b'-- Up-to-date: /home/jmj/pro_asp_ws/ws_px4_controls/install/px4_msgs/include/px4_msgs/px4_msgs/msg/detail/vehicle_angular_acceleration_setpoint__type_support.h\n'}
[0.780514] (px4_msgs) StdoutLine: {'line': b'-- Up-to-date: /home/jmj/pro_asp_ws/ws_px4_controls/install/px4_msgs/include/px4_msgs/px4_msgs/msg/detail/fixed_wing_lateral_setpoint__type_support.h\n'}
[0.780551] (px4_msgs) StdoutLine: {'line': b'-- Up-to-date: /home/jmj/pro_asp_ws/ws_px4_controls/install/px4_msgs/include/px4_msgs/px4_msgs/msg/detail/internal_combustion_engine_control__functions.c\n'}
[0.780588] (px4_msgs) StdoutLine: {'line': b'-- Up-to-date: /home/jmj/pro_asp_ws/ws_px4_controls/install/px4_msgs/include/px4_msgs/px4_msgs/msg/detail/internal_combustion_engine_status__functions.c\n'}
[0.780624] (px4_msgs) StdoutLine: {'line': b'-- Up-to-date: /home/jmj/pro_asp_ws/ws_px4_controls/install/px4_msgs/include/px4_msgs/px4_msgs/msg/detail/gimbal_device_set_attitude__functions.h\n'}
[0.780693] (px4_msgs) StdoutLine: {'line': b'-- Up-to-date: /home/jmj/pro_asp_ws/ws_px4_controls/install/px4_msgs/include/px4_msgs/px4_msgs/msg/detail/register_ext_component_request__functions.c\n'}
[0.780730] (px4_msgs) StdoutLine: {'line': b'-- Up-to-date: /home/jmj/pro_asp_ws/ws_px4_controls/install/px4_msgs/include/px4_msgs/px4_msgs/msg/detail/distance_sensor__type_support.h\n'}
[0.780823] (px4_msgs) StdoutLine: {'line': b'-- Up-to-date: /home/jmj/pro_asp_ws/ws_px4_controls/install/px4_msgs/include/px4_msgs/px4_msgs/msg/detail/yaw_estimator_status__struct.h\n'}
[0.780872] (px4_msgs) StdoutLine: {'line': b'-- Up-to-date: /home/jmj/pro_asp_ws/ws_px4_controls/install/px4_msgs/include/px4_msgs/px4_msgs/msg/detail/tiltrotor_extra_controls__functions.h\n'}
[0.780904] (px4_msgs) StdoutLine: {'line': b'-- Up-to-date: /home/jmj/pro_asp_ws/ws_px4_controls/install/px4_msgs/include/px4_msgs/px4_msgs/msg/detail/fixed_wing_runway_control__struct.h\n'}
[0.780934] (px4_msgs) StdoutLine: {'line': b'-- Up-to-date: /home/jmj/pro_asp_ws/ws_px4_controls/install/px4_msgs/include/px4_msgs/px4_msgs/msg/detail/estimator_innovations__functions.h\n'}
[0.780964] (px4_msgs) StdoutLine: {'line': b'-- Up-to-date: /home/jmj/pro_asp_ws/ws_px4_controls/install/px4_msgs/include/px4_msgs/px4_msgs/msg/detail/sensor_gps__functions.c\n'}
[0.780992] (px4_msgs) StdoutLine: {'line': b'-- Up-to-date: /home/jmj/pro_asp_ws/ws_px4_controls/install/px4_msgs/include/px4_msgs/px4_msgs/msg/detail/rover_throttle_setpoint__struct.h\n'}
[0.781062] (px4_msgs) StdoutLine: {'line': b'-- Up-to-date: /home/jmj/pro_asp_ws/ws_px4_controls/install/px4_msgs/include/px4_msgs/px4_msgs/msg/detail/manual_control_switches__struct.h\n'}
[0.781091] (px4_msgs) StdoutLine: {'line': b'-- Up-to-date: /home/jmj/pro_asp_ws/ws_px4_controls/install/px4_msgs/include/px4_msgs/px4_msgs/msg/detail/sensors_status__functions.h\n'}
[0.781118] (px4_msgs) StdoutLine: {'line': b'-- Up-to-date: /home/jmj/pro_asp_ws/ws_px4_controls/install/px4_msgs/include/px4_msgs/px4_msgs/msg/detail/vehicle_global_position__struct.h\n'}
[0.781146] (px4_msgs) StdoutLine: {'line': b'-- Up-to-date: /home/jmj/pro_asp_ws/ws_px4_controls/install/px4_msgs/include/px4_msgs/px4_msgs/msg/detail/gimbal_manager_set_manual_control__functions.h\n'}
[0.781173] (px4_msgs) StdoutLine: {'line': b'-- Up-to-date: /home/jmj/pro_asp_ws/ws_px4_controls/install/px4_msgs/include/px4_msgs/px4_msgs/msg/detail/gimbal_device_set_attitude__functions.c\n'}
[0.781200] (px4_msgs) StdoutLine: {'line': b'-- Up-to-date: /home/jmj/pro_asp_ws/ws_px4_controls/install/px4_msgs/include/px4_msgs/px4_msgs/msg/detail/task_stack_info__functions.c\n'}
[0.781228] (px4_msgs) StdoutLine: {'line': b'-- Up-to-date: /home/jmj/pro_asp_ws/ws_px4_controls/install/px4_msgs/include/px4_msgs/px4_msgs/msg/detail/vehicle_angular_velocity__functions.h\n'}
[0.781255] (px4_msgs) StdoutLine: {'line': b'-- Up-to-date: /home/jmj/pro_asp_ws/ws_px4_controls/install/px4_msgs/include/px4_msgs/px4_msgs/msg/detail/gripper__functions.c\n'}
[0.781282] (px4_msgs) StdoutLine: {'line': b'-- Up-to-date: /home/jmj/pro_asp_ws/ws_px4_controls/install/px4_msgs/include/px4_msgs/px4_msgs/msg/detail/manual_control_setpoint__functions.h\n'}
[0.781318] (px4_msgs) StdoutLine: {'line': b'-- Up-to-date: /home/jmj/pro_asp_ws/ws_px4_controls/install/px4_msgs/include/px4_msgs/px4_msgs/msg/detail/vehicle_attitude_setpoint__functions.c\n'}
[0.781380] (px4_msgs) StdoutLine: {'line': b'-- Up-to-date: /home/jmj/pro_asp_ws/ws_px4_controls/install/px4_msgs/include/px4_msgs/px4_msgs/msg/detail/vehicle_optical_flow__functions.c\n'}
[0.781409] (px4_msgs) StdoutLine: {'line': b'-- Up-to-date: /home/jmj/pro_asp_ws/ws_px4_controls/install/px4_msgs/include/px4_msgs/px4_msgs/msg/detail/wheel_encoders__functions.h\n'}
[0.781437] (px4_msgs) StdoutLine: {'line': b'-- Up-to-date: /home/jmj/pro_asp_ws/ws_px4_controls/install/px4_msgs/include/px4_msgs/px4_msgs/msg/detail/flight_phase_estimation__struct.h\n'}
[0.781464] (px4_msgs) StdoutLine: {'line': b'-- Up-to-date: /home/jmj/pro_asp_ws/ws_px4_controls/install/px4_msgs/include/px4_msgs/px4_msgs/msg/detail/gpio_request__struct.h\n'}
[0.781491] (px4_msgs) StdoutLine: {'line': b'-- Up-to-date: /home/jmj/pro_asp_ws/ws_px4_controls/install/px4_msgs/include/px4_msgs/px4_msgs/msg/detail/qshell_retval__functions.c\n'}
[0.781518] (px4_msgs) StdoutLine: {'line': b'-- Up-to-date: /home/jmj/pro_asp_ws/ws_px4_controls/install/px4_msgs/include/px4_msgs/px4_msgs/msg/detail/distance_sensor__struct.h\n'}
[0.781545] (px4_msgs) StdoutLine: {'line': b'-- Up-to-date: /home/jmj/pro_asp_ws/ws_px4_controls/install/px4_msgs/include/px4_msgs/px4_msgs/msg/detail/camera_trigger__functions.h\n'}
[0.781571] (px4_msgs) StdoutLine: {'line': b'-- Up-to-date: /home/jmj/pro_asp_ws/ws_px4_controls/install/px4_msgs/include/px4_msgs/px4_msgs/msg/detail/rate_ctrl_status__functions.c\n'}
[0.781598] (px4_msgs) StdoutLine: {'line': b'-- Up-to-date: /home/jmj/pro_asp_ws/ws_px4_controls/install/px4_msgs/include/px4_msgs/px4_msgs/msg/detail/fuel_tank_status__type_support.h\n'}
[0.781623] (px4_msgs) StdoutLine: {'line': b'-- Up-to-date: /home/jmj/pro_asp_ws/ws_px4_controls/install/px4_msgs/include/px4_msgs/px4_msgs/msg/detail/gimbal_manager_set_attitude__functions.c\n'}
[0.781666] (px4_msgs) StdoutLine: {'line': b'-- Up-to-date: /home/jmj/pro_asp_ws/ws_px4_controls/install/px4_msgs/include/px4_msgs/px4_msgs/msg/detail/ulog_stream_ack__functions.c\n'}
[0.781695] (px4_msgs) StdoutLine: {'line': b'-- Up-to-date: /home/jmj/pro_asp_ws/ws_px4_controls/install/px4_msgs/include/px4_msgs/px4_msgs/msg/detail/navigator_mission_item__functions.c\n'}
[0.781721] (px4_msgs) StdoutLine: {'line': b'-- Up-to-date: /home/jmj/pro_asp_ws/ws_px4_controls/install/px4_msgs/include/px4_msgs/px4_msgs/msg/detail/estimator_selector_status__type_support.h\n'}
[0.781750] (px4_msgs) StdoutLine: {'line': b'-- Up-to-date: /home/jmj/pro_asp_ws/ws_px4_controls/install/px4_msgs/include/px4_msgs/px4_msgs/msg/detail/position_controller_status__functions.h\n'}
[0.781783] (px4_msgs) StdoutLine: {'line': b'-- Up-to-date: /home/jmj/pro_asp_ws/ws_px4_controls/install/px4_msgs/include/px4_msgs/px4_msgs/msg/detail/vehicle_optical_flow__functions.h\n'}
[0.781811] (px4_msgs) StdoutLine: {'line': b'-- Up-to-date: /home/jmj/pro_asp_ws/ws_px4_controls/install/px4_msgs/include/px4_msgs/px4_msgs/msg/detail/longitudinal_control_configuration__type_support.h\n'}
[0.781839] (px4_msgs) StdoutLine: {'line': b'-- Up-to-date: /home/jmj/pro_asp_ws/ws_px4_controls/install/px4_msgs/include/px4_msgs/px4_msgs/msg/detail/tune_control__functions.c\n'}
[0.781866] (px4_msgs) StdoutLine: {'line': b'-- Up-to-date: /home/jmj/pro_asp_ws/ws_px4_controls/install/px4_msgs/include/px4_msgs/px4_msgs/msg/detail/iridiumsbd_status__functions.c\n'}
[0.781892] (px4_msgs) StdoutLine: {'line': b'-- Up-to-date: /home/jmj/pro_asp_ws/ws_px4_controls/install/px4_msgs/include/px4_msgs/px4_msgs/msg/detail/actuator_armed__type_support.h\n'}
[0.782045] (px4_msgs) StdoutLine: {'line': b'-- Up-to-date: /home/jmj/pro_asp_ws/ws_px4_controls/install/px4_msgs/include/px4_msgs/px4_msgs/msg/detail/vehicle_global_position__functions.h\n'}
[0.782074] (px4_msgs) StdoutLine: {'line': b'-- Up-to-date: /home/jmj/pro_asp_ws/ws_px4_controls/install/px4_msgs/include/px4_msgs/px4_msgs/msg/detail/estimator_bias__functions.h\n'}
[0.782128] (px4_msgs) StdoutLine: {'line': b'-- Up-to-date: /home/jmj/pro_asp_ws/ws_px4_controls/install/px4_msgs/include/px4_msgs/px4_msgs/msg/detail/vehicle_magnetometer__struct.h\n'}
[0.782157] (px4_msgs) StdoutLine: {'line': b'-- Up-to-date: /home/jmj/pro_asp_ws/ws_px4_controls/install/px4_msgs/include/px4_msgs/px4_msgs/msg/detail/mag_worker_data__struct.h\n'}
[0.782185] (px4_msgs) StdoutLine: {'line': b'-- Up-to-date: /home/jmj/pro_asp_ws/ws_px4_controls/install/px4_msgs/include/px4_msgs/px4_msgs/msg/detail/fixed_wing_lateral_status__struct.h\n'}
[0.782249] (px4_msgs) StdoutLine: {'line': b'-- Up-to-date: /home/jmj/pro_asp_ws/ws_px4_controls/install/px4_msgs/include/px4_msgs/px4_msgs/msg/detail/takeoff_status__functions.h\n'}
[0.782278] (px4_msgs) StdoutLine: {'line': b'-- Up-to-date: /home/jmj/pro_asp_ws/ws_px4_controls/install/px4_msgs/include/px4_msgs/px4_msgs/msg/detail/gimbal_manager_status__type_support.h\n'}
[0.782328] (px4_msgs) StdoutLine: {'line': b'-- Up-to-date: /home/jmj/pro_asp_ws/ws_px4_controls/install/px4_msgs/include/px4_msgs/px4_msgs/msg/detail/parameter_update__functions.c\n'}
[0.782374] (px4_msgs) StdoutLine: {'line': b'-- Up-to-date: /home/jmj/pro_asp_ws/ws_px4_controls/install/px4_msgs/include/px4_msgs/px4_msgs/msg/detail/qshell_req__struct.h\n'}
[0.782402] (px4_msgs) StdoutLine: {'line': b'-- Up-to-date: /home/jmj/pro_asp_ws/ws_px4_controls/install/px4_msgs/include/px4_msgs/px4_msgs/msg/detail/landing_gear_wheel__functions.h\n'}
[0.782438] (px4_msgs) StdoutLine: {'line': b'-- Up-to-date: /home/jmj/pro_asp_ws/ws_px4_controls/install/px4_msgs/include/px4_msgs/px4_msgs/msg/detail/debug_vect__functions.c\n'}
[0.782465] (px4_msgs) StdoutLine: {'line': b'-- Up-to-date: /home/jmj/pro_asp_ws/ws_px4_controls/install/px4_msgs/include/px4_msgs/px4_msgs/msg/detail/position_setpoint__functions.c\n'}
[0.782493] (px4_msgs) StdoutLine: {'line': b'-- Up-to-date: /home/jmj/pro_asp_ws/ws_px4_controls/install/px4_msgs/include/px4_msgs/px4_msgs/msg/detail/actuator_motors__functions.h\n'}
[0.782521] (px4_msgs) StdoutLine: {'line': b'-- Up-to-date: /home/jmj/pro_asp_ws/ws_px4_controls/install/px4_msgs/include/px4_msgs/px4_msgs/msg/detail/arming_check_request__struct.h\n'}
[0.782549] (px4_msgs) StdoutLine: {'line': b'-- Up-to-date: /home/jmj/pro_asp_ws/ws_px4_controls/install/px4_msgs/include/px4_msgs/px4_msgs/msg/detail/tecs_status__functions.c\n'}
[0.782613] (px4_msgs) StdoutLine: {'line': b'-- Up-to-date: /home/jmj/pro_asp_ws/ws_px4_controls/install/px4_msgs/include/px4_msgs/px4_msgs/msg/detail/gps_inject_data__type_support.h\n'}
[0.782644] (px4_msgs) StdoutLine: {'line': b'-- Up-to-date: /home/jmj/pro_asp_ws/ws_px4_controls/install/px4_msgs/include/px4_msgs/px4_msgs/msg/detail/geofence_status__struct.h\n'}
[0.782673] (px4_msgs) StdoutLine: {'line': b'-- Up-to-date: /home/jmj/pro_asp_ws/ws_px4_controls/install/px4_msgs/include/px4_msgs/px4_msgs/msg/detail/gps_inject_data__functions.h\n'}
[0.782707] (px4_msgs) StdoutLine: {'line': b'-- Up-to-date: /home/jmj/pro_asp_ws/ws_px4_controls/install/px4_msgs/include/px4_msgs/px4_msgs/msg/detail/irlock_report__functions.c\n'}
[0.782738] (px4_msgs) StdoutLine: {'line': b'-- Up-to-date: /home/jmj/pro_asp_ws/ws_px4_controls/install/px4_msgs/include/px4_msgs/px4_msgs/msg/detail/trajectory_setpoint6dof__functions.h\n'}
[0.782776] (px4_msgs) StdoutLine: {'line': b'-- Up-to-date: /home/jmj/pro_asp_ws/ws_px4_controls/install/px4_msgs/include/px4_msgs/px4_msgs/msg/detail/rpm__functions.c\n'}
[0.782806] (px4_msgs) StdoutLine: {'line': b'-- Up-to-date: /home/jmj/pro_asp_ws/ws_px4_controls/install/px4_msgs/include/px4_msgs/px4_msgs/msg/detail/heater_status__type_support.h\n'}
[0.782835] (px4_msgs) StdoutLine: {'line': b'-- Up-to-date: /home/jmj/pro_asp_ws/ws_px4_controls/install/px4_msgs/include/px4_msgs/px4_msgs/msg/detail/estimator_selector_status__functions.h\n'}
[0.782864] (px4_msgs) StdoutLine: {'line': b'-- Up-to-date: /home/jmj/pro_asp_ws/ws_px4_controls/install/px4_msgs/include/px4_msgs/px4_msgs/msg/detail/gripper__functions.h\n'}
[0.782927] (px4_msgs) StdoutLine: {'line': b'-- Up-to-date: /home/jmj/pro_asp_ws/ws_px4_controls/install/px4_msgs/include/px4_msgs/px4_msgs/msg/detail/estimator_aid_source2d__struct.h\n'}
[0.782956] (px4_msgs) StdoutLine: {'line': b'-- Up-to-date: /home/jmj/pro_asp_ws/ws_px4_controls/install/px4_msgs/include/px4_msgs/px4_msgs/msg/detail/vehicle_torque_setpoint__struct.h\n'}
[0.782983] (px4_msgs) StdoutLine: {'line': b'-- Up-to-date: /home/jmj/pro_asp_ws/ws_px4_controls/install/px4_msgs/include/px4_msgs/px4_msgs/msg/detail/led_control__functions.h\n'}
[0.783007] (px4_msgs) StdoutLine: {'line': b'-- Up-to-date: /home/jmj/pro_asp_ws/ws_px4_controls/install/px4_msgs/include/px4_msgs/px4_msgs/msg/detail/input_rc__functions.h\n'}
[0.783033] (px4_msgs) StdoutLine: {'line': b'-- Up-to-date: /home/jmj/pro_asp_ws/ws_px4_controls/install/px4_msgs/include/px4_msgs/px4_msgs/msg/detail/flight_phase_estimation__functions.h\n'}
[0.783058] (px4_msgs) StdoutLine: {'line': b'-- Up-to-date: /home/jmj/pro_asp_ws/ws_px4_controls/install/px4_msgs/include/px4_msgs/px4_msgs/msg/detail/generator_status__functions.h\n'}
[0.783089] (px4_msgs) StdoutLine: {'line': b'-- Up-to-date: /home/jmj/pro_asp_ws/ws_px4_controls/install/px4_msgs/include/px4_msgs/px4_msgs/msg/detail/airspeed_wind__functions.h\n'}
[0.783115] (px4_msgs) StdoutLine: {'line': b'-- Up-to-date: /home/jmj/pro_asp_ws/ws_px4_controls/install/px4_msgs/include/px4_msgs/px4_msgs/msg/detail/tiltrotor_extra_controls__type_support.h\n'}
[0.783141] (px4_msgs) StdoutLine: {'line': b'-- Up-to-date: /home/jmj/pro_asp_ws/ws_px4_controls/install/px4_msgs/include/px4_msgs/px4_msgs/msg/detail/ping__struct.h\n'}
[0.783189] (px4_msgs) StdoutLine: {'line': b'-- Up-to-date: /home/jmj/pro_asp_ws/ws_px4_controls/install/px4_msgs/include/px4_msgs/px4_msgs/msg/detail/vehicle_command_ack__functions.c\n'}
[0.783229] (px4_msgs) StdoutLine: {'line': b'-- Up-to-date: /home/jmj/pro_asp_ws/ws_px4_controls/install/px4_msgs/include/px4_msgs/px4_msgs/msg/detail/satellite_info__struct.h\n'}
[0.783257] (px4_msgs) StdoutLine: {'line': b'-- Up-to-date: /home/jmj/pro_asp_ws/ws_px4_controls/install/px4_msgs/include/px4_msgs/px4_msgs/msg/detail/actuator_servos__functions.c\n'}
[0.783285] (px4_msgs) StdoutLine: {'line': b'-- Up-to-date: /home/jmj/pro_asp_ws/ws_px4_controls/install/px4_msgs/include/px4_msgs/px4_msgs/msg/detail/estimator_status_flags__struct.h\n'}
[0.783332] (px4_msgs) StdoutLine: {'line': b'-- Up-to-date: /home/jmj/pro_asp_ws/ws_px4_controls/install/px4_msgs/include/px4_msgs/px4_msgs/msg/detail/rover_rate_status__functions.h\n'}
[0.783358] (px4_msgs) StdoutLine: {'line': b'-- Up-to-date: /home/jmj/pro_asp_ws/ws_px4_controls/install/px4_msgs/include/px4_msgs/px4_msgs/msg/detail/orb_test_large__type_support.h\n'}
[0.783382] (px4_msgs) StdoutLine: {'line': b'-- Up-to-date: /home/jmj/pro_asp_ws/ws_px4_controls/install/px4_msgs/include/px4_msgs/px4_msgs/msg/detail/vehicle_local_position_setpoint__type_support.h\n'}
[0.783407] (px4_msgs) StdoutLine: {'line': b'-- Up-to-date: /home/jmj/pro_asp_ws/ws_px4_controls/install/px4_msgs/include/px4_msgs/px4_msgs/msg/detail/offboard_control_mode__functions.c\n'}
[0.783431] (px4_msgs) StdoutLine: {'line': b'-- Up-to-date: /home/jmj/pro_asp_ws/ws_px4_controls/install/px4_msgs/include/px4_msgs/px4_msgs/msg/detail/trajectory_setpoint__type_support.h\n'}
[0.783458] (px4_msgs) StdoutLine: {'line': b'-- Up-to-date: /home/jmj/pro_asp_ws/ws_px4_controls/install/px4_msgs/include/px4_msgs/px4_msgs/msg/detail/px4io_status__functions.h\n'}
[0.783483] (px4_msgs) StdoutLine: {'line': b'-- Up-to-date: /home/jmj/pro_asp_ws/ws_px4_controls/install/px4_msgs/include/px4_msgs/px4_msgs/msg/detail/home_position__functions.h\n'}
[0.783511] (px4_msgs) StdoutLine: {'line': b'-- Up-to-date: /home/jmj/pro_asp_ws/ws_px4_controls/install/px4_msgs/include/px4_msgs/px4_msgs/msg/detail/open_drone_id_self_id__struct.h\n'}
[0.783536] (px4_msgs) StdoutLine: {'line': b'-- Up-to-date: /home/jmj/pro_asp_ws/ws_px4_controls/install/px4_msgs/include/px4_msgs/px4_msgs/msg/detail/estimator_event_flags__type_support.h\n'}
[0.783580] (px4_msgs) StdoutLine: {'line': b'-- Up-to-date: /home/jmj/pro_asp_ws/ws_px4_controls/install/px4_msgs/include/px4_msgs/px4_msgs/msg/detail/parameter_reset_request__struct.h\n'}
[0.783606] (px4_msgs) StdoutLine: {'line': b'-- Up-to-date: /home/jmj/pro_asp_ws/ws_px4_controls/install/px4_msgs/include/px4_msgs/px4_msgs/msg/detail/flight_phase_estimation__type_support.h\n'}
[0.783631] (px4_msgs) StdoutLine: {'line': b'-- Up-to-date: /home/jmj/pro_asp_ws/ws_px4_controls/install/px4_msgs/include/px4_msgs/px4_msgs/msg/detail/sensor_gps__functions.h\n'}
[0.783667] (px4_msgs) StdoutLine: {'line': b'-- Up-to-date: /home/jmj/pro_asp_ws/ws_px4_controls/install/px4_msgs/include/px4_msgs/px4_msgs/msg/detail/estimator_bias3d__functions.c\n'}
[0.783755] (px4_msgs) StdoutLine: {'line': b'-- Up-to-date: /home/jmj/pro_asp_ws/ws_px4_controls/install/px4_msgs/include/px4_msgs/px4_msgs/msg/detail/dataman_request__type_support.h\n'}
[0.783860] (px4_msgs) StdoutLine: {'line': b'-- Up-to-date: /home/jmj/pro_asp_ws/ws_px4_controls/install/px4_msgs/include/px4_msgs/px4_msgs/msg/detail/follow_target_status__functions.h\n'}
[0.783891] (px4_msgs) StdoutLine: {'line': b'-- Up-to-date: /home/jmj/pro_asp_ws/ws_px4_controls/install/px4_msgs/include/px4_msgs/px4_msgs/msg/detail/parameter_update__functions.h\n'}
[0.783927] (px4_msgs) StdoutLine: {'line': b'-- Up-to-date: /home/jmj/pro_asp_ws/ws_px4_controls/install/px4_msgs/include/px4_msgs/px4_msgs/msg/detail/sensor_baro__struct.h\n'}
[0.783957] (px4_msgs) StdoutLine: {'line': b'-- Up-to-date: /home/jmj/pro_asp_ws/ws_px4_controls/install/px4_msgs/include/px4_msgs/px4_msgs/msg/detail/esc_report__functions.h\n'}
[0.783985] (px4_msgs) StdoutLine: {'line': b'-- Up-to-date: /home/jmj/pro_asp_ws/ws_px4_controls/install/px4_msgs/include/px4_msgs/px4_msgs/msg/detail/collision_constraints__type_support.h\n'}
[0.784012] (px4_msgs) StdoutLine: {'line': b'-- Up-to-date: /home/jmj/pro_asp_ws/ws_px4_controls/install/px4_msgs/include/px4_msgs/px4_msgs/msg/detail/collision_constraints__struct.h\n'}
[0.784038] (px4_msgs) StdoutLine: {'line': b'-- Up-to-date: /home/jmj/pro_asp_ws/ws_px4_controls/install/px4_msgs/include/px4_msgs/px4_msgs/msg/detail/camera_capture__type_support.h\n'}
[0.784063] (px4_msgs) StdoutLine: {'line': b'-- Up-to-date: /home/jmj/pro_asp_ws/ws_px4_controls/install/px4_msgs/include/px4_msgs/px4_msgs/msg/detail/sensor_gyro__functions.h\n'}
[0.784105] (px4_msgs) StdoutLine: {'line': b'-- Up-to-date: /home/jmj/pro_asp_ws/ws_px4_controls/install/px4_msgs/include/px4_msgs/px4_msgs/msg/detail/position_setpoint_triplet__functions.c\n'}
[0.784196] (px4_msgs) StdoutLine: {'line': b'-- Up-to-date: /home/jmj/pro_asp_ws/ws_px4_controls/install/px4_msgs/include/px4_msgs/px4_msgs/msg/detail/sensor_uwb__functions.c\n'}
[0.784227] (px4_msgs) StdoutLine: {'line': b'-- Up-to-date: /home/jmj/pro_asp_ws/ws_px4_controls/install/px4_msgs/include/px4_msgs/px4_msgs/msg/detail/open_drone_id_arm_status__functions.c\n'}
[0.784256] (px4_msgs) StdoutLine: {'line': b'-- Up-to-date: /home/jmj/pro_asp_ws/ws_px4_controls/install/px4_msgs/include/px4_msgs/px4_msgs/msg/detail/figure_eight_status__functions.c\n'}
[0.784282] (px4_msgs) StdoutLine: {'line': b'-- Up-to-date: /home/jmj/pro_asp_ws/ws_px4_controls/install/px4_msgs/include/px4_msgs/px4_msgs/msg/detail/position_controller_status__type_support.h\n'}
[0.784311] (px4_msgs) StdoutLine: {'line': b'-- Up-to-date: /home/jmj/pro_asp_ws/ws_px4_controls/install/px4_msgs/include/px4_msgs/px4_msgs/msg/detail/vehicle_acceleration__struct.h\n'}
[0.784347] (px4_msgs) StdoutLine: {'line': b'-- Up-to-date: /home/jmj/pro_asp_ws/ws_px4_controls/install/px4_msgs/include/px4_msgs/px4_msgs/msg/detail/normalized_unsigned_setpoint__type_support.h\n'}
[0.784374] (px4_msgs) StdoutLine: {'line': b'-- Up-to-date: /home/jmj/pro_asp_ws/ws_px4_controls/install/px4_msgs/include/px4_msgs/px4_msgs/msg/detail/actuator_controls_status__type_support.h\n'}
[0.784401] (px4_msgs) StdoutLine: {'line': b'-- Up-to-date: /home/jmj/pro_asp_ws/ws_px4_controls/install/px4_msgs/include/px4_msgs/px4_msgs/msg/detail/button_event__type_support.h\n'}
[0.784453] (px4_msgs) StdoutLine: {'line': b'-- Up-to-date: /home/jmj/pro_asp_ws/ws_px4_controls/install/px4_msgs/include/px4_msgs/px4_msgs/msg/detail/gimbal_manager_set_attitude__functions.h\n'}
[0.784480] (px4_msgs) StdoutLine: {'line': b'-- Up-to-date: /home/jmj/pro_asp_ws/ws_px4_controls/install/px4_msgs/include/px4_msgs/px4_msgs/msg/detail/orb_test_medium__functions.h\n'}
[0.784506] (px4_msgs) StdoutLine: {'line': b'-- Up-to-date: /home/jmj/pro_asp_ws/ws_px4_controls/install/px4_msgs/include/px4_msgs/px4_msgs/msg/detail/task_stack_info__functions.h\n'}
[0.784531] (px4_msgs) StdoutLine: {'line': b'-- Up-to-date: /home/jmj/pro_asp_ws/ws_px4_controls/install/px4_msgs/include/px4_msgs/px4_msgs/msg/detail/open_drone_id_self_id__functions.c\n'}
[0.784559] (px4_msgs) StdoutLine: {'line': b'-- Up-to-date: /home/jmj/pro_asp_ws/ws_px4_controls/install/px4_msgs/include/px4_msgs/px4_msgs/msg/detail/gpio_in__type_support.h\n'}
[0.784588] (px4_msgs) StdoutLine: {'line': b'-- Up-to-date: /home/jmj/pro_asp_ws/ws_px4_controls/install/px4_msgs/include/px4_msgs/px4_msgs/msg/detail/system_power__type_support.h\n'}
[0.784624] (px4_msgs) StdoutLine: {'line': b'-- Up-to-date: /home/jmj/pro_asp_ws/ws_px4_controls/install/px4_msgs/include/px4_msgs/px4_msgs/msg/detail/orb_test__functions.c\n'}
[0.784653] (px4_msgs) StdoutLine: {'line': b'-- Up-to-date: /home/jmj/pro_asp_ws/ws_px4_controls/install/px4_msgs/include/px4_msgs/px4_msgs/msg/detail/timesync_status__functions.h\n'}
[0.784686] (px4_msgs) StdoutLine: {'line': b'-- Up-to-date: /home/jmj/pro_asp_ws/ws_px4_controls/install/px4_msgs/include/px4_msgs/px4_msgs/msg/detail/log_message__type_support.h\n'}
[0.784730] (px4_msgs) StdoutLine: {'line': b'-- Up-to-date: /home/jmj/pro_asp_ws/ws_px4_controls/install/px4_msgs/include/px4_msgs/px4_msgs/msg/detail/vehicle_command_ack__struct.h\n'}
[0.784798] (px4_msgs) StdoutLine: {'line': b'-- Up-to-date: /home/jmj/pro_asp_ws/ws_px4_controls/install/px4_msgs/include/px4_msgs/px4_msgs/msg/detail/landing_target_pose__struct.h\n'}
[0.784893] (px4_msgs) StdoutLine: {'line': b'-- Up-to-date: /home/jmj/pro_asp_ws/ws_px4_controls/install/px4_msgs/include/px4_msgs/px4_msgs/msg/detail/actuator_servos_trim__functions.h\n'}
[0.784921] (px4_msgs) StdoutLine: {'line': b'-- Up-to-date: /home/jmj/pro_asp_ws/ws_px4_controls/install/px4_msgs/include/px4_msgs/px4_msgs/msg/detail/vehicle_odometry__type_support.h\n'}
[0.784949] (px4_msgs) StdoutLine: {'line': b'-- Up-to-date: /home/jmj/pro_asp_ws/ws_px4_controls/install/px4_msgs/include/px4_msgs/px4_msgs/msg/detail/sensor_combined__functions.c\n'}
[0.784976] (px4_msgs) StdoutLine: {'line': b'-- Up-to-date: /home/jmj/pro_asp_ws/ws_px4_controls/install/px4_msgs/include/px4_msgs/px4_msgs/msg/detail/parameter_set_used_request__functions.c\n'}
[0.785001] (px4_msgs) StdoutLine: {'line': b'-- Up-to-date: /home/jmj/pro_asp_ws/ws_px4_controls/install/px4_msgs/include/px4_msgs/px4_msgs/msg/detail/gripper__struct.h\n'}
[0.785029] (px4_msgs) StdoutLine: {'line': b'-- Up-to-date: /home/jmj/pro_asp_ws/ws_px4_controls/install/px4_msgs/include/px4_msgs/px4_msgs/msg/detail/geofence_status__functions.c\n'}
[0.785057] (px4_msgs) StdoutLine: {'line': b'-- Up-to-date: /home/jmj/pro_asp_ws/ws_px4_controls/install/px4_msgs/include/px4_msgs/px4_msgs/msg/detail/sensor_correction__functions.h\n'}
[0.785081] (px4_msgs) StdoutLine: {'line': b'-- Up-to-date: /home/jmj/pro_asp_ws/ws_px4_controls/install/px4_msgs/include/px4_msgs/px4_msgs/msg/detail/battery_status__type_support.h\n'}
[0.785106] (px4_msgs) StdoutLine: {'line': b'-- Up-to-date: /home/jmj/pro_asp_ws/ws_px4_controls/install/px4_msgs/include/px4_msgs/px4_msgs/msg/detail/cellular_status__functions.h\n'}
[0.785130] (px4_msgs) StdoutLine: {'line': b'-- Up-to-date: /home/jmj/pro_asp_ws/ws_px4_controls/install/px4_msgs/include/px4_msgs/px4_msgs/msg/detail/fixed_wing_lateral_setpoint__struct.h\n'}
[0.785170] (px4_msgs) StdoutLine: {'line': b'-- Up-to-date: /home/jmj/pro_asp_ws/ws_px4_controls/install/px4_msgs/include/px4_msgs/px4_msgs/msg/detail/rtl_time_estimate__functions.h\n'}
[0.785258] (px4_msgs) StdoutLine: {'line': b'-- Up-to-date: /home/jmj/pro_asp_ws/ws_px4_controls/install/px4_msgs/include/px4_msgs/px4_msgs/msg/detail/can_interface_status__struct.h\n'}
[0.785286] (px4_msgs) StdoutLine: {'line': b'-- Up-to-date: /home/jmj/pro_asp_ws/ws_px4_controls/install/px4_msgs/include/px4_msgs/px4_msgs/msg/detail/vehicle_imu__type_support.h\n'}
[0.785313] (px4_msgs) StdoutLine: {'line': b'-- Up-to-date: /home/jmj/pro_asp_ws/ws_px4_controls/install/px4_msgs/include/px4_msgs/px4_msgs/msg/detail/register_ext_component_request__struct.h\n'}
[0.785348] (px4_msgs) StdoutLine: {'line': b'-- Up-to-date: /home/jmj/pro_asp_ws/ws_px4_controls/install/px4_msgs/include/px4_msgs/px4_msgs/msg/detail/follow_target_estimator__functions.h\n'}
[0.785374] (px4_msgs) StdoutLine: {'line': b'-- Up-to-date: /home/jmj/pro_asp_ws/ws_px4_controls/install/px4_msgs/include/px4_msgs/px4_msgs/msg/detail/fixed_wing_runway_control__functions.h\n'}
[0.785399] (px4_msgs) StdoutLine: {'line': b'-- Up-to-date: /home/jmj/pro_asp_ws/ws_px4_controls/install/px4_msgs/include/px4_msgs/px4_msgs/msg/detail/cpuload__type_support.h\n'}
[0.785426] (px4_msgs) StdoutLine: {'line': b'-- Up-to-date: /home/jmj/pro_asp_ws/ws_px4_controls/install/px4_msgs/include/px4_msgs/px4_msgs/msg/detail/open_drone_id_arm_status__struct.h\n'}
[0.785452] (px4_msgs) StdoutLine: {'line': b'-- Up-to-date: /home/jmj/pro_asp_ws/ws_px4_controls/install/px4_msgs/include/px4_msgs/px4_msgs/msg/detail/qshell_req__type_support.h\n'}
[0.785494] (px4_msgs) StdoutLine: {'line': b'-- Up-to-date: /home/jmj/pro_asp_ws/ws_px4_controls/install/px4_msgs/include/px4_msgs/px4_msgs/msg/detail/tecs_status__type_support.h\n'}
[0.785520] (px4_msgs) StdoutLine: {'line': b'-- Up-to-date: /home/jmj/pro_asp_ws/ws_px4_controls/install/px4_msgs/include/px4_msgs/px4_msgs/msg/detail/rc_channels__type_support.h\n'}
[0.785545] (px4_msgs) StdoutLine: {'line': b'-- Up-to-date: /home/jmj/pro_asp_ws/ws_px4_controls/install/px4_msgs/include/px4_msgs/px4_msgs/msg/detail/velocity_limits__functions.c\n'}
[0.785571] (px4_msgs) StdoutLine: {'line': b'-- Up-to-date: /home/jmj/pro_asp_ws/ws_px4_controls/install/px4_msgs/include/px4_msgs/px4_msgs/msg/detail/vehicle_land_detected__struct.h\n'}
[0.785595] (px4_msgs) StdoutLine: {'line': b'-- Up-to-date: /home/jmj/pro_asp_ws/ws_px4_controls/install/px4_msgs/include/px4_msgs/px4_msgs/msg/detail/gpio_request__type_support.h\n'}
[0.785622] (px4_msgs) StdoutLine: {'line': b'-- Up-to-date: /home/jmj/pro_asp_ws/ws_px4_controls/install/px4_msgs/include/px4_msgs/px4_msgs/msg/detail/vehicle_rates_setpoint__struct.h\n'}
[0.785648] (px4_msgs) StdoutLine: {'line': b'-- Up-to-date: /home/jmj/pro_asp_ws/ws_px4_controls/install/px4_msgs/include/px4_msgs/px4_msgs/msg/detail/tune_control__type_support.h\n'}
[0.785673] (px4_msgs) StdoutLine: {'line': b'-- Up-to-date: /home/jmj/pro_asp_ws/ws_px4_controls/install/px4_msgs/include/px4_msgs/px4_msgs/msg/detail/airspeed__type_support.h\n'}
[0.785696] (px4_msgs) StdoutLine: {'line': b'-- Up-to-date: /home/jmj/pro_asp_ws/ws_px4_controls/install/px4_msgs/include/px4_msgs/px4_msgs/msg/detail/hover_thrust_estimate__type_support.h\n'}
[0.785721] (px4_msgs) StdoutLine: {'line': b'-- Up-to-date: /home/jmj/pro_asp_ws/ws_px4_controls/install/px4_msgs/include/px4_msgs/px4_msgs/msg/detail/gpio_in__functions.h\n'}
[0.785746] (px4_msgs) StdoutLine: {'line': b'-- Up-to-date: /home/jmj/pro_asp_ws/ws_px4_controls/install/px4_msgs/include/px4_msgs/px4_msgs/msg/detail/arming_check_reply__functions.c\n'}
[0.785778] (px4_msgs) StdoutLine: {'line': b'-- Up-to-date: /home/jmj/pro_asp_ws/ws_px4_controls/install/px4_msgs/include/px4_msgs/px4_msgs/msg/detail/rate_ctrl_status__type_support.h\n'}
[0.785804] (px4_msgs) StdoutLine: {'line': b'-- Up-to-date: /home/jmj/pro_asp_ws/ws_px4_controls/install/px4_msgs/include/px4_msgs/px4_msgs/msg/detail/actuator_outputs__functions.h\n'}
[0.785865] (px4_msgs) StdoutLine: {'line': b'-- Up-to-date: /home/jmj/pro_asp_ws/ws_px4_controls/install/px4_msgs/include/px4_msgs/px4_msgs/msg/detail/dataman_request__struct.h\n'}
[0.785935] (px4_msgs) StdoutLine: {'line': b'-- Up-to-date: /home/jmj/pro_asp_ws/ws_px4_controls/install/px4_msgs/include/px4_msgs/px4_msgs/msg/detail/sensor_optical_flow__functions.h\n'}
[0.785960] (px4_msgs) StdoutLine: {'line': b'-- Up-to-date: /home/jmj/pro_asp_ws/ws_px4_controls/install/px4_msgs/include/px4_msgs/px4_msgs/msg/detail/fuel_tank_status__struct.h\n'}
[0.785987] (px4_msgs) StdoutLine: {'line': b'-- Up-to-date: /home/jmj/pro_asp_ws/ws_px4_controls/install/px4_msgs/include/px4_msgs/px4_msgs/msg/detail/rover_rate_setpoint__functions.h\n'}
[0.786013] (px4_msgs) StdoutLine: {'line': b'-- Up-to-date: /home/jmj/pro_asp_ws/ws_px4_controls/install/px4_msgs/include/px4_msgs/px4_msgs/msg/detail/rover_steering_setpoint__type_support.h\n'}
[0.786039] (px4_msgs) StdoutLine: {'line': b'-- Up-to-date: /home/jmj/pro_asp_ws/ws_px4_controls/install/px4_msgs/include/px4_msgs/px4_msgs/msg/detail/airspeed__struct.h\n'}
[0.786064] (px4_msgs) StdoutLine: {'line': b'-- Up-to-date: /home/jmj/pro_asp_ws/ws_px4_controls/install/px4_msgs/include/px4_msgs/px4_msgs/msg/detail/iridiumsbd_status__struct.h\n'}
[0.786091] (px4_msgs) StdoutLine: {'line': b'-- Up-to-date: /home/jmj/pro_asp_ws/ws_px4_controls/install/px4_msgs/include/px4_msgs/px4_msgs/msg/detail/rover_rate_setpoint__functions.c\n'}
[0.786115] (px4_msgs) StdoutLine: {'line': b'-- Up-to-date: /home/jmj/pro_asp_ws/ws_px4_controls/install/px4_msgs/include/px4_msgs/px4_msgs/msg/detail/ulog_stream_ack__type_support.h\n'}
[0.786213] (px4_msgs) StdoutLine: {'line': b'-- Up-to-date: /home/jmj/pro_asp_ws/ws_px4_controls/install/px4_msgs/include/px4_msgs/px4_msgs/msg/detail/follow_target_status__type_support.h\n'}
[0.786263] (px4_msgs) StdoutLine: {'line': b'-- Up-to-date: /home/jmj/pro_asp_ws/ws_px4_controls/install/px4_msgs/include/px4_msgs/px4_msgs/msg/detail/pure_pursuit_status__functions.c\n'}
[0.786289] (px4_msgs) StdoutLine: {'line': b'-- Up-to-date: /home/jmj/pro_asp_ws/ws_px4_controls/install/px4_msgs/include/px4_msgs/px4_msgs/msg/detail/mode_completed__struct.h\n'}
[0.786312] (px4_msgs) StdoutLine: {'line': b'-- Up-to-date: /home/jmj/pro_asp_ws/ws_px4_controls/install/px4_msgs/include/px4_msgs/px4_msgs/msg/detail/sensor_mag__functions.h\n'}
[0.786335] (px4_msgs) StdoutLine: {'line': b'-- Up-to-date: /home/jmj/pro_asp_ws/ws_px4_controls/install/px4_msgs/include/px4_msgs/px4_msgs/msg/detail/sensor_gyro_fft__struct.h\n'}
[0.786357] (px4_msgs) StdoutLine: {'line': b'-- Up-to-date: /home/jmj/pro_asp_ws/ws_px4_controls/install/px4_msgs/include/px4_msgs/px4_msgs/msg/detail/rover_velocity_status__type_support.h\n'}
[0.786380] (px4_msgs) StdoutLine: {'line': b'-- Up-to-date: /home/jmj/pro_asp_ws/ws_px4_controls/install/px4_msgs/include/px4_msgs/px4_msgs/msg/detail/fixed_wing_lateral_status__functions.h\n'}
[0.786404] (px4_msgs) StdoutLine: {'line': b'-- Up-to-date: /home/jmj/pro_asp_ws/ws_px4_controls/install/px4_msgs/include/px4_msgs/px4_msgs/msg/detail/actuator_test__struct.h\n'}
[0.786426] (px4_msgs) StdoutLine: {'line': b'-- Up-to-date: /home/jmj/pro_asp_ws/ws_px4_controls/install/px4_msgs/include/px4_msgs/px4_msgs/msg/detail/velocity_limits__struct.h\n'}
[0.786448] (px4_msgs) StdoutLine: {'line': b'-- Up-to-date: /home/jmj/pro_asp_ws/ws_px4_controls/install/px4_msgs/include/px4_msgs/px4_msgs/msg/detail/control_allocator_status__functions.h\n'}
[0.786471] (px4_msgs) StdoutLine: {'line': b'-- Up-to-date: /home/jmj/pro_asp_ws/ws_px4_controls/install/px4_msgs/include/px4_msgs/px4_msgs/msg/detail/rtl_time_estimate__struct.h\n'}
[0.786493] (px4_msgs) StdoutLine: {'line': b'-- Up-to-date: /home/jmj/pro_asp_ws/ws_px4_controls/install/px4_msgs/include/px4_msgs/px4_msgs/msg/detail/gimbal_manager_information__functions.h\n'}
[0.786517] (px4_msgs) StdoutLine: {'line': b'-- Up-to-date: /home/jmj/pro_asp_ws/ws_px4_controls/install/px4_msgs/include/px4_msgs/px4_msgs/msg/detail/estimator_innovations__struct.h\n'}
[0.786540] (px4_msgs) StdoutLine: {'line': b'-- Up-to-date: /home/jmj/pro_asp_ws/ws_px4_controls/install/px4_msgs/include/px4_msgs/px4_msgs/msg/detail/mission_result__functions.h\n'}
[0.786572] (px4_msgs) StdoutLine: {'line': b'-- Up-to-date: /home/jmj/pro_asp_ws/ws_px4_controls/install/px4_msgs/include/px4_msgs/px4_msgs/msg/detail/vehicle_torque_setpoint__functions.h\n'}
[0.786595] (px4_msgs) StdoutLine: {'line': b'-- Up-to-date: /home/jmj/pro_asp_ws/ws_px4_controls/install/px4_msgs/include/px4_msgs/px4_msgs/msg/detail/rover_attitude_status__struct.h\n'}
[0.786617] (px4_msgs) StdoutLine: {'line': b'-- Up-to-date: /home/jmj/pro_asp_ws/ws_px4_controls/install/px4_msgs/include/px4_msgs/px4_msgs/msg/detail/sensor_combined__type_support.h\n'}
[0.786640] (px4_msgs) StdoutLine: {'line': b'-- Up-to-date: /home/jmj/pro_asp_ws/ws_px4_controls/install/px4_msgs/include/px4_msgs/px4_msgs/msg/detail/vehicle_angular_velocity__type_support.h\n'}
[0.786663] (px4_msgs) StdoutLine: {'line': b'-- Up-to-date: /home/jmj/pro_asp_ws/ws_px4_controls/install/px4_msgs/include/px4_msgs/px4_msgs/msg/detail/normalized_unsigned_setpoint__functions.h\n'}
[0.786685] (px4_msgs) StdoutLine: {'line': b'-- Up-to-date: /home/jmj/pro_asp_ws/ws_px4_controls/install/px4_msgs/include/px4_msgs/px4_msgs/msg/detail/dataman_response__functions.h\n'}
[0.786707] (px4_msgs) StdoutLine: {'line': b'-- Up-to-date: /home/jmj/pro_asp_ws/ws_px4_controls/install/px4_msgs/include/px4_msgs/px4_msgs/msg/detail/telemetry_status__struct.h\n'}
[0.786730] (px4_msgs) StdoutLine: {'line': b'-- Up-to-date: /home/jmj/pro_asp_ws/ws_px4_controls/install/px4_msgs/include/px4_msgs/px4_msgs/msg/detail/estimator_aid_source3d__type_support.h\n'}
[0.786759] (px4_msgs) StdoutLine: {'line': b'-- Up-to-date: /home/jmj/pro_asp_ws/ws_px4_controls/install/px4_msgs/include/px4_msgs/px4_msgs/msg/detail/satellite_info__functions.h\n'}
[0.786786] (px4_msgs) StdoutLine: {'line': b'-- Up-to-date: /home/jmj/pro_asp_ws/ws_px4_controls/install/px4_msgs/include/px4_msgs/px4_msgs/msg/detail/vehicle_attitude__type_support.h\n'}
[0.786810] (px4_msgs) StdoutLine: {'line': b'-- Up-to-date: /home/jmj/pro_asp_ws/ws_px4_controls/install/px4_msgs/include/px4_msgs/px4_msgs/msg/detail/vehicle_global_position__type_support.h\n'}
[0.786834] (px4_msgs) StdoutLine: {'line': b'-- Up-to-date: /home/jmj/pro_asp_ws/ws_px4_controls/install/px4_msgs/include/px4_msgs/px4_msgs/msg/detail/vehicle_air_data__functions.c\n'}
[0.786858] (px4_msgs) StdoutLine: {'line': b'-- Up-to-date: /home/jmj/pro_asp_ws/ws_px4_controls/install/px4_msgs/include/px4_msgs/px4_msgs/msg/detail/estimator_aid_source2d__functions.h\n'}
[0.786883] (px4_msgs) StdoutLine: {'line': b'-- Up-to-date: /home/jmj/pro_asp_ws/ws_px4_controls/install/px4_msgs/include/px4_msgs/px4_msgs/msg/detail/qshell_req__functions.h\n'}
[0.786907] (px4_msgs) StdoutLine: {'line': b'-- Up-to-date: /home/jmj/pro_asp_ws/ws_px4_controls/install/px4_msgs/include/px4_msgs/px4_msgs/msg/detail/estimator_bias3d__type_support.h\n'}
[0.786953] (px4_msgs) StdoutLine: {'line': b'-- Up-to-date: /home/jmj/pro_asp_ws/ws_px4_controls/install/px4_msgs/include/px4_msgs/px4_msgs/msg/detail/debug_vect__functions.h\n'}
[0.786977] (px4_msgs) StdoutLine: {'line': b'-- Up-to-date: /home/jmj/pro_asp_ws/ws_px4_controls/install/px4_msgs/include/px4_msgs/px4_msgs/msg/detail/gpio_out__type_support.h\n'}
[0.787001] (px4_msgs) StdoutLine: {'line': b'-- Up-to-date: /home/jmj/pro_asp_ws/ws_px4_controls/install/px4_msgs/include/px4_msgs/px4_msgs/msg/detail/failsafe_flags__struct.h\n'}
[0.787024] (px4_msgs) StdoutLine: {'line': b'-- Up-to-date: /home/jmj/pro_asp_ws/ws_px4_controls/install/px4_msgs/include/px4_msgs/px4_msgs/msg/detail/autotune_attitude_control_status__struct.h\n'}
[0.787048] (px4_msgs) StdoutLine: {'line': b'-- Up-to-date: /home/jmj/pro_asp_ws/ws_px4_controls/install/px4_msgs/include/px4_msgs/px4_msgs/msg/detail/debug_vect__type_support.h\n'}
[0.787072] (px4_msgs) StdoutLine: {'line': b'-- Up-to-date: /home/jmj/pro_asp_ws/ws_px4_controls/install/px4_msgs/include/px4_msgs/px4_msgs/msg/detail/gimbal_manager_set_attitude__type_support.h\n'}
[0.787096] (px4_msgs) StdoutLine: {'line': b'-- Up-to-date: /home/jmj/pro_asp_ws/ws_px4_controls/install/px4_msgs/include/px4_msgs/px4_msgs/msg/detail/rover_steering_setpoint__functions.c\n'}
[0.787146] (px4_msgs) StdoutLine: {'line': b'-- Up-to-date: /home/jmj/pro_asp_ws/ws_px4_controls/install/px4_msgs/include/px4_msgs/px4_msgs/msg/detail/open_drone_id_self_id__type_support.h\n'}
[0.787172] (px4_msgs) StdoutLine: {'line': b'-- Up-to-date: /home/jmj/pro_asp_ws/ws_px4_controls/install/px4_msgs/include/px4_msgs/px4_msgs/msg/detail/estimator_bias__functions.c\n'}
[0.787196] (px4_msgs) StdoutLine: {'line': b'-- Up-to-date: /home/jmj/pro_asp_ws/ws_px4_controls/install/px4_msgs/include/px4_msgs/px4_msgs/msg/detail/estimator_aid_source3d__functions.c\n'}
[0.787229] (px4_msgs) StdoutLine: {'line': b'-- Up-to-date: /home/jmj/pro_asp_ws/ws_px4_controls/install/px4_msgs/include/px4_msgs/px4_msgs/msg/detail/config_overrides__type_support.h\n'}
[0.787252] (px4_msgs) StdoutLine: {'line': b'-- Up-to-date: /home/jmj/pro_asp_ws/ws_px4_controls/install/px4_msgs/include/px4_msgs/px4_msgs/msg/detail/vehicle_local_position_setpoint__functions.c\n'}
[0.787276] (px4_msgs) StdoutLine: {'line': b'-- Up-to-date: /home/jmj/pro_asp_ws/ws_px4_controls/install/px4_msgs/include/px4_msgs/px4_msgs/msg/detail/ekf2_timestamps__type_support.h\n'}
[0.787300] (px4_msgs) StdoutLine: {'line': b'-- Up-to-date: /home/jmj/pro_asp_ws/ws_px4_controls/install/px4_msgs/include/px4_msgs/px4_msgs/msg/detail/pwm_input__functions.h\n'}
[0.787323] (px4_msgs) StdoutLine: {'line': b'-- Up-to-date: /home/jmj/pro_asp_ws/ws_px4_controls/install/px4_msgs/include/px4_msgs/px4_msgs/msg/detail/navigator_status__struct.h\n'}
[0.787347] (px4_msgs) StdoutLine: {'line': b'-- Up-to-date: /home/jmj/pro_asp_ws/ws_px4_controls/install/px4_msgs/include/px4_msgs/px4_msgs/msg/detail/telemetry_status__functions.c\n'}
[0.787371] (px4_msgs) StdoutLine: {'line': b'-- Up-to-date: /home/jmj/pro_asp_ws/ws_px4_controls/install/px4_msgs/include/px4_msgs/px4_msgs/msg/detail/vehicle_command__functions.c\n'}
[0.787394] (px4_msgs) StdoutLine: {'line': b'-- Up-to-date: /home/jmj/pro_asp_ws/ws_px4_controls/install/px4_msgs/include/px4_msgs/px4_msgs/msg/detail/camera_capture__functions.h\n'}
[0.787420] (px4_msgs) StdoutLine: {'line': b'-- Up-to-date: /home/jmj/pro_asp_ws/ws_px4_controls/install/px4_msgs/include/px4_msgs/px4_msgs/msg/detail/event__functions.h\n'}
[0.787443] (px4_msgs) StdoutLine: {'line': b'-- Up-to-date: /home/jmj/pro_asp_ws/ws_px4_controls/install/px4_msgs/include/px4_msgs/px4_msgs/msg/detail/generator_status__type_support.h\n'}
[0.787466] (px4_msgs) StdoutLine: {'line': b'-- Up-to-date: /home/jmj/pro_asp_ws/ws_px4_controls/install/px4_msgs/include/px4_msgs/px4_msgs/msg/detail/gpio_request__functions.h\n'}
[0.787490] (px4_msgs) StdoutLine: {'line': b'-- Up-to-date: /home/jmj/pro_asp_ws/ws_px4_controls/install/px4_msgs/include/px4_msgs/px4_msgs/msg/detail/gimbal_manager_information__type_support.h\n'}
[0.787513] (px4_msgs) StdoutLine: {'line': b'-- Up-to-date: /home/jmj/pro_asp_ws/ws_px4_controls/install/px4_msgs/include/px4_msgs/px4_msgs/msg/detail/airspeed_validated__functions.h\n'}
[0.787537] (px4_msgs) StdoutLine: {'line': b'-- Up-to-date: /home/jmj/pro_asp_ws/ws_px4_controls/install/px4_msgs/include/px4_msgs/px4_msgs/msg/detail/vehicle_control_mode__type_support.h\n'}
[0.787559] (px4_msgs) StdoutLine: {'line': b'-- Up-to-date: /home/jmj/pro_asp_ws/ws_px4_controls/install/px4_msgs/include/px4_msgs/px4_msgs/msg/detail/landing_gear_wheel__type_support.h\n'}
[0.787583] (px4_msgs) StdoutLine: {'line': b'-- Up-to-date: /home/jmj/pro_asp_ws/ws_px4_controls/install/px4_msgs/include/px4_msgs/px4_msgs/msg/detail/distance_sensor_mode_change_request__functions.h\n'}
[0.787607] (px4_msgs) StdoutLine: {'line': b'-- Up-to-date: /home/jmj/pro_asp_ws/ws_px4_controls/install/px4_msgs/include/px4_msgs/px4_msgs/msg/detail/health_report__type_support.h\n'}
[0.787646] (px4_msgs) StdoutLine: {'line': b'-- Up-to-date: /home/jmj/pro_asp_ws/ws_px4_controls/install/px4_msgs/include/px4_msgs/px4_msgs/msg/detail/gimbal_device_information__functions.c\n'}
[0.787705] (px4_msgs) StdoutLine: {'line': b'-- Up-to-date: /home/jmj/pro_asp_ws/ws_px4_controls/install/px4_msgs/include/px4_msgs/px4_msgs/msg/detail/actuator_servos__struct.h\n'}
[0.787732] (px4_msgs) StdoutLine: {'line': b'-- Up-to-date: /home/jmj/pro_asp_ws/ws_px4_controls/install/px4_msgs/include/px4_msgs/px4_msgs/msg/detail/sensor_correction__type_support.h\n'}
[0.787828] (px4_msgs) StdoutLine: {'line': b'-- Up-to-date: /home/jmj/pro_asp_ws/ws_px4_controls/install/px4_msgs/include/px4_msgs/px4_msgs/msg/detail/home_position__type_support.h\n'}
[0.787860] (px4_msgs) StdoutLine: {'line': b'-- Up-to-date: /home/jmj/pro_asp_ws/ws_px4_controls/install/px4_msgs/include/px4_msgs/px4_msgs/msg/detail/position_setpoint_triplet__functions.h\n'}
[0.787886] (px4_msgs) StdoutLine: {'line': b'-- Up-to-date: /home/jmj/pro_asp_ws/ws_px4_controls/install/px4_msgs/include/px4_msgs/px4_msgs/msg/detail/magnetometer_bias_estimate__type_support.h\n'}
[0.787912] (px4_msgs) StdoutLine: {'line': b'-- Up-to-date: /home/jmj/pro_asp_ws/ws_px4_controls/install/px4_msgs/include/px4_msgs/px4_msgs/msg/detail/rover_velocity_status__struct.h\n'}
[0.787944] (px4_msgs) StdoutLine: {'line': b'-- Up-to-date: /home/jmj/pro_asp_ws/ws_px4_controls/install/px4_msgs/include/px4_msgs/px4_msgs/msg/detail/mode_completed__type_support.h\n'}
[0.787972] (px4_msgs) StdoutLine: {'line': b'-- Up-to-date: /home/jmj/pro_asp_ws/ws_px4_controls/install/px4_msgs/include/px4_msgs/px4_msgs/msg/detail/cellular_status__struct.h\n'}
[0.787999] (px4_msgs) StdoutLine: {'line': b'-- Up-to-date: /home/jmj/pro_asp_ws/ws_px4_controls/install/px4_msgs/include/px4_msgs/px4_msgs/msg/detail/debug_array__type_support.h\n'}
[0.788036] (px4_msgs) StdoutLine: {'line': b'-- Up-to-date: /home/jmj/pro_asp_ws/ws_px4_controls/install/px4_msgs/include/px4_msgs/px4_msgs/msg/detail/position_controller_landing_status__functions.h\n'}
[0.788065] (px4_msgs) StdoutLine: {'line': b'-- Up-to-date: /home/jmj/pro_asp_ws/ws_px4_controls/install/px4_msgs/include/px4_msgs/px4_msgs/msg/detail/rover_velocity_status__functions.h\n'}
[0.788092] (px4_msgs) StdoutLine: {'line': b'-- Up-to-date: /home/jmj/pro_asp_ws/ws_px4_controls/install/px4_msgs/include/px4_msgs/px4_msgs/msg/detail/open_drone_id_operator_id__type_support.h\n'}
[0.788118] (px4_msgs) StdoutLine: {'line': b'-- Up-to-date: /home/jmj/pro_asp_ws/ws_px4_controls/install/px4_msgs/include/px4_msgs/px4_msgs/msg/detail/vehicle_constraints__struct.h\n'}
[0.788144] (px4_msgs) StdoutLine: {'line': b'-- Up-to-date: /home/jmj/pro_asp_ws/ws_px4_controls/install/px4_msgs/include/px4_msgs/px4_msgs/msg/detail/yaw_estimator_status__type_support.h\n'}
[0.788195] (px4_msgs) StdoutLine: {'line': b'-- Up-to-date: /home/jmj/pro_asp_ws/ws_px4_controls/install/px4_msgs/include/px4_msgs/px4_msgs/msg/detail/vehicle_acceleration__functions.h\n'}
[0.788227] (px4_msgs) StdoutLine: {'line': b'-- Up-to-date: /home/jmj/pro_asp_ws/ws_px4_controls/install/px4_msgs/include/px4_msgs/px4_msgs/msg/detail/parameter_reset_request__functions.c\n'}
[0.788258] (px4_msgs) StdoutLine: {'line': b'-- Up-to-date: /home/jmj/pro_asp_ws/ws_px4_controls/install/px4_msgs/include/px4_msgs/px4_msgs/msg/detail/gps_dump__functions.h\n'}
[0.788287] (px4_msgs) StdoutLine: {'line': b'-- Up-to-date: /home/jmj/pro_asp_ws/ws_px4_controls/install/px4_msgs/include/px4_msgs/px4_msgs/msg/detail/actuator_outputs__type_support.h\n'}
[0.788318] (px4_msgs) StdoutLine: {'line': b'-- Up-to-date: /home/jmj/pro_asp_ws/ws_px4_controls/install/px4_msgs/include/px4_msgs/px4_msgs/msg/detail/estimator_states__functions.c\n'}
[0.788346] (px4_msgs) StdoutLine: {'line': b'-- Up-to-date: /home/jmj/pro_asp_ws/ws_px4_controls/install/px4_msgs/include/px4_msgs/px4_msgs/msg/detail/sensor_gyro_fft__type_support.h\n'}
[0.788377] (px4_msgs) StdoutLine: {'line': b'-- Up-to-date: /home/jmj/pro_asp_ws/ws_px4_controls/install/px4_msgs/include/px4_msgs/px4_msgs/msg/detail/satellite_info__type_support.h\n'}
[0.788406] (px4_msgs) StdoutLine: {'line': b'-- Up-to-date: /home/jmj/pro_asp_ws/ws_px4_controls/install/px4_msgs/include/px4_msgs/px4_msgs/msg/detail/telemetry_status__type_support.h\n'}
[0.788472] (px4_msgs) StdoutLine: {'line': b'-- Up-to-date: /home/jmj/pro_asp_ws/ws_px4_controls/install/px4_msgs/include/px4_msgs/px4_msgs/msg/detail/vehicle_optical_flow__type_support.h\n'}
[0.788498] (px4_msgs) StdoutLine: {'line': b'-- Up-to-date: /home/jmj/pro_asp_ws/ws_px4_controls/install/px4_msgs/include/px4_msgs/px4_msgs/msg/detail/estimator_sensor_bias__functions.c\n'}
[0.788524] (px4_msgs) StdoutLine: {'line': b'-- Up-to-date: /home/jmj/pro_asp_ws/ws_px4_controls/install/px4_msgs/include/px4_msgs/px4_msgs/msg/detail/vehicle_optical_flow__struct.h\n'}
[0.788551] (px4_msgs) StdoutLine: {'line': b'-- Up-to-date: /home/jmj/pro_asp_ws/ws_px4_controls/install/px4_msgs/include/px4_msgs/px4_msgs/msg/detail/px4io_status__type_support.h\n'}
[0.788579] (px4_msgs) StdoutLine: {'line': b'-- Up-to-date: /home/jmj/pro_asp_ws/ws_px4_controls/install/px4_msgs/include/px4_msgs/px4_msgs/msg/detail/estimator_status__type_support.h\n'}
[0.788647] (px4_msgs) StdoutLine: {'line': b'-- Up-to-date: /home/jmj/pro_asp_ws/ws_px4_controls/install/px4_msgs/include/px4_msgs/px4_msgs/msg/detail/parameter_set_value_request__functions.c\n'}
[0.788678] (px4_msgs) StdoutLine: {'line': b'-- Up-to-date: /home/jmj/pro_asp_ws/ws_px4_controls/install/px4_msgs/include/px4_msgs/px4_msgs/msg/detail/mount_orientation__functions.h\n'}
[0.788704] (px4_msgs) StdoutLine: {'line': b'-- Up-to-date: /home/jmj/pro_asp_ws/ws_px4_controls/install/px4_msgs/include/px4_msgs/px4_msgs/msg/detail/vehicle_angular_velocity__functions.c\n'}
[0.788812] (px4_msgs) StdoutLine: {'line': b'-- Up-to-date: /home/jmj/pro_asp_ws/ws_px4_controls/install/px4_msgs/include/px4_msgs/px4_msgs/msg/detail/sensors_status_imu__struct.h\n'}
[0.788865] (px4_msgs) StdoutLine: {'line': b'-- Up-to-date: /home/jmj/pro_asp_ws/ws_px4_controls/install/px4_msgs/include/px4_msgs/px4_msgs/msg/detail/sensor_gyro_fifo__functions.h\n'}
[0.788890] (px4_msgs) StdoutLine: {'line': b'-- Up-to-date: /home/jmj/pro_asp_ws/ws_px4_controls/install/px4_msgs/include/px4_msgs/px4_msgs/msg/detail/uavcan_parameter_request__struct.h\n'}
[0.788915] (px4_msgs) StdoutLine: {'line': b'-- Up-to-date: /home/jmj/pro_asp_ws/ws_px4_controls/install/px4_msgs/include/px4_msgs/px4_msgs/msg/detail/sensor_uwb__functions.h\n'}
[0.788939] (px4_msgs) StdoutLine: {'line': b'-- Up-to-date: /home/jmj/pro_asp_ws/ws_px4_controls/install/px4_msgs/include/px4_msgs/px4_msgs/msg/detail/arming_check_reply__type_support.h\n'}
[0.788964] (px4_msgs) StdoutLine: {'line': b'-- Up-to-date: /home/jmj/pro_asp_ws/ws_px4_controls/install/px4_msgs/include/px4_msgs/px4_msgs/msg/detail/landing_gear_wheel__functions.c\n'}
[0.788989] (px4_msgs) StdoutLine: {'line': b'-- Up-to-date: /home/jmj/pro_asp_ws/ws_px4_controls/install/px4_msgs/include/px4_msgs/px4_msgs/msg/detail/camera_status__functions.c\n'}
[0.789014] (px4_msgs) StdoutLine: {'line': b'-- Up-to-date: /home/jmj/pro_asp_ws/ws_px4_controls/install/px4_msgs/include/px4_msgs/px4_msgs/msg/detail/takeoff_status__type_support.h\n'}
[0.789054] (px4_msgs) StdoutLine: {'line': b'-- Up-to-date: /home/jmj/pro_asp_ws/ws_px4_controls/install/px4_msgs/include/px4_msgs/px4_msgs/msg/detail/config_overrides__struct.h\n'}
[0.789094] (px4_msgs) StdoutLine: {'line': b'-- Up-to-date: /home/jmj/pro_asp_ws/ws_px4_controls/install/px4_msgs/include/px4_msgs/px4_msgs/msg/detail/sensor_gyro_fft__functions.h\n'}
[0.789133] (px4_msgs) StdoutLine: {'line': b'-- Up-to-date: /home/jmj/pro_asp_ws/ws_px4_controls/install/px4_msgs/include/px4_msgs/px4_msgs/msg/detail/radio_status__struct.h\n'}
[0.789172] (px4_msgs) StdoutLine: {'line': b'-- Up-to-date: /home/jmj/pro_asp_ws/ws_px4_controls/install/px4_msgs/include/px4_msgs/px4_msgs/msg/detail/sensor_accel__functions.c\n'}
[0.789210] (px4_msgs) StdoutLine: {'line': b'-- Up-to-date: /home/jmj/pro_asp_ws/ws_px4_controls/install/px4_msgs/include/px4_msgs/px4_msgs/msg/detail/vehicle_status__struct.h\n'}
[0.789249] (px4_msgs) StdoutLine: {'line': b'-- Up-to-date: /home/jmj/pro_asp_ws/ws_px4_controls/install/px4_msgs/include/px4_msgs/px4_msgs/msg/detail/vehicle_roi__functions.h\n'}
[0.789297] (px4_msgs) StdoutLine: {'line': b'-- Up-to-date: /home/jmj/pro_asp_ws/ws_px4_controls/install/px4_msgs/include/px4_msgs/px4_msgs/msg/detail/parameter_update__type_support.h\n'}
[0.789337] (px4_msgs) StdoutLine: {'line': b'-- Up-to-date: /home/jmj/pro_asp_ws/ws_px4_controls/install/px4_msgs/include/px4_msgs/px4_msgs/msg/detail/message_format_request__functions.c\n'}
[0.789411] (px4_msgs) StdoutLine: {'line': b'-- Up-to-date: /home/jmj/pro_asp_ws/ws_px4_controls/install/px4_msgs/include/px4_msgs/px4_msgs/msg/detail/debug_key_value__type_support.h\n'}
[0.789452] (px4_msgs) StdoutLine: {'line': b'-- Up-to-date: /home/jmj/pro_asp_ws/ws_px4_controls/install/px4_msgs/include/px4_msgs/px4_msgs/msg/detail/airspeed_validated__functions.c\n'}
[0.789492] (px4_msgs) StdoutLine: {'line': b'-- Up-to-date: /home/jmj/pro_asp_ws/ws_px4_controls/install/px4_msgs/include/px4_msgs/px4_msgs/msg/detail/rover_steering_setpoint__functions.h\n'}
[0.789531] (px4_msgs) StdoutLine: {'line': b'-- Up-to-date: /home/jmj/pro_asp_ws/ws_px4_controls/install/px4_msgs/include/px4_msgs/px4_msgs/msg/detail/differential_pressure__struct.h\n'}
[0.789571] (px4_msgs) StdoutLine: {'line': b'-- Up-to-date: /home/jmj/pro_asp_ws/ws_px4_controls/install/px4_msgs/include/px4_msgs/px4_msgs/msg/detail/vehicle_land_detected__functions.c\n'}
[0.789609] (px4_msgs) StdoutLine: {'line': b'-- Up-to-date: /home/jmj/pro_asp_ws/ws_px4_controls/install/px4_msgs/include/px4_msgs/px4_msgs/msg/detail/orb_test_medium__functions.c\n'}
[0.789648] (px4_msgs) StdoutLine: {'line': b'-- Up-to-date: /home/jmj/pro_asp_ws/ws_px4_controls/install/px4_msgs/include/px4_msgs/px4_msgs/msg/detail/unregister_ext_component__functions.c\n'}
[0.789687] (px4_msgs) StdoutLine: {'line': b'-- Up-to-date: /home/jmj/pro_asp_ws/ws_px4_controls/install/px4_msgs/include/px4_msgs/px4_msgs/msg/detail/distance_sensor_mode_change_request__struct.h\n'}
[0.789726] (px4_msgs) StdoutLine: {'line': b'-- Up-to-date: /home/jmj/pro_asp_ws/ws_px4_controls/install/px4_msgs/include/px4_msgs/px4_msgs/msg/detail/takeoff_status__functions.c\n'}
[0.789805] (px4_msgs) StdoutLine: {'line': b'-- Up-to-date: /home/jmj/pro_asp_ws/ws_px4_controls/install/px4_msgs/include/px4_msgs/px4_msgs/msg/detail/actuator_servos_trim__struct.h\n'}
[0.789975] (px4_msgs) StdoutLine: {'line': b'-- Up-to-date: /home/jmj/pro_asp_ws/ws_px4_controls/install/px4_msgs/include/px4_msgs/px4_msgs/msg/detail/adc_report__functions.c\n'}
[0.790002] (px4_msgs) StdoutLine: {'line': b'-- Up-to-date: /home/jmj/pro_asp_ws/ws_px4_controls/install/px4_msgs/include/px4_msgs/px4_msgs/msg/detail/adc_report__functions.h\n'}
[0.790028] (px4_msgs) StdoutLine: {'line': b'-- Up-to-date: /home/jmj/pro_asp_ws/ws_px4_controls/install/px4_msgs/include/px4_msgs/px4_msgs/msg/detail/control_allocator_status__functions.c\n'}
[0.790053] (px4_msgs) StdoutLine: {'line': b'-- Up-to-date: /home/jmj/pro_asp_ws/ws_px4_controls/install/px4_msgs/include/px4_msgs/px4_msgs/msg/detail/actuator_servos__type_support.h\n'}
[0.790078] (px4_msgs) StdoutLine: {'line': b'-- Up-to-date: /home/jmj/pro_asp_ws/ws_px4_controls/install/px4_msgs/include/px4_msgs/px4_msgs/msg/detail/sensor_mag__struct.h\n'}
[0.790144] (px4_msgs) StdoutLine: {'line': b'-- Up-to-date: /home/jmj/pro_asp_ws/ws_px4_controls/install/px4_msgs/include/px4_msgs/px4_msgs/msg/detail/orb_test__struct.h\n'}
[0.790172] (px4_msgs) StdoutLine: {'line': b'-- Up-to-date: /home/jmj/pro_asp_ws/ws_px4_controls/install/px4_msgs/include/px4_msgs/px4_msgs/msg/detail/power_button_state__functions.c\n'}
[0.790197] (px4_msgs) StdoutLine: {'line': b'-- Up-to-date: /home/jmj/pro_asp_ws/ws_px4_controls/install/px4_msgs/include/px4_msgs/px4_msgs/msg/detail/rc_channels__functions.c\n'}
[0.790222] (px4_msgs) StdoutLine: {'line': b'-- Up-to-date: /home/jmj/pro_asp_ws/ws_px4_controls/install/px4_msgs/include/px4_msgs/px4_msgs/msg/detail/debug_array__struct.h\n'}
[0.790247] (px4_msgs) StdoutLine: {'line': b'-- Up-to-date: /home/jmj/pro_asp_ws/ws_px4_controls/install/px4_msgs/include/px4_msgs/px4_msgs/msg/detail/vtol_vehicle_status__struct.h\n'}
[0.790281] (px4_msgs) StdoutLine: {'line': b'-- Up-to-date: /home/jmj/pro_asp_ws/ws_px4_controls/install/px4_msgs/include/px4_msgs/px4_msgs/msg/detail/sensor_gyro_fft__functions.c\n'}
[0.790307] (px4_msgs) StdoutLine: {'line': b'-- Up-to-date: /home/jmj/pro_asp_ws/ws_px4_controls/install/px4_msgs/include/px4_msgs/px4_msgs/msg/detail/vehicle_odometry__struct.h\n'}
[0.790339] (px4_msgs) StdoutLine: {'line': b'-- Up-to-date: /home/jmj/pro_asp_ws/ws_px4_controls/install/px4_msgs/include/px4_msgs/px4_msgs/msg/detail/estimator_states__functions.h\n'}
[0.790363] (px4_msgs) StdoutLine: {'line': b'-- Up-to-date: /home/jmj/pro_asp_ws/ws_px4_controls/install/px4_msgs/include/px4_msgs/px4_msgs/msg/detail/actuator_controls_status__functions.h\n'}
[0.790388] (px4_msgs) StdoutLine: {'line': b'-- Up-to-date: /home/jmj/pro_asp_ws/ws_px4_controls/install/px4_msgs/include/px4_msgs/px4_msgs/msg/detail/generator_status__functions.c\n'}
[0.790412] (px4_msgs) StdoutLine: {'line': b'-- Up-to-date: /home/jmj/pro_asp_ws/ws_px4_controls/install/px4_msgs/include/px4_msgs/px4_msgs/msg/detail/differential_pressure__functions.h\n'}
[0.790436] (px4_msgs) StdoutLine: {'line': b'-- Up-to-date: /home/jmj/pro_asp_ws/ws_px4_controls/install/px4_msgs/include/px4_msgs/px4_msgs/msg/detail/mission_result__struct.h\n'}
[0.790461] (px4_msgs) StdoutLine: {'line': b'-- Up-to-date: /home/jmj/pro_asp_ws/ws_px4_controls/install/px4_msgs/include/px4_msgs/px4_msgs/msg/detail/px4io_status__struct.h\n'}
[0.790487] (px4_msgs) StdoutLine: {'line': b'-- Up-to-date: /home/jmj/pro_asp_ws/ws_px4_controls/install/px4_msgs/include/px4_msgs/px4_msgs/msg/detail/open_drone_id_system__functions.c\n'}
[0.790510] (px4_msgs) StdoutLine: {'line': b'-- Up-to-date: /home/jmj/pro_asp_ws/ws_px4_controls/install/px4_msgs/include/px4_msgs/px4_msgs/msg/detail/internal_combustion_engine_control__struct.h\n'}
[0.790534] (px4_msgs) StdoutLine: {'line': b'-- Up-to-date: /home/jmj/pro_asp_ws/ws_px4_controls/install/px4_msgs/include/px4_msgs/px4_msgs/msg/detail/ekf2_timestamps__struct.h\n'}
[0.790558] (px4_msgs) StdoutLine: {'line': b'-- Up-to-date: /home/jmj/pro_asp_ws/ws_px4_controls/install/px4_msgs/include/px4_msgs/px4_msgs/msg/detail/sensor_hygrometer__functions.c\n'}
[0.790582] (px4_msgs) StdoutLine: {'line': b'-- Up-to-date: /home/jmj/pro_asp_ws/ws_px4_controls/install/px4_msgs/include/px4_msgs/px4_msgs/msg/detail/rover_position_setpoint__functions.h\n'}
[0.790606] (px4_msgs) StdoutLine: {'line': b'-- Up-to-date: /home/jmj/pro_asp_ws/ws_px4_controls/install/px4_msgs/include/px4_msgs/px4_msgs/msg/detail/vehicle_odometry__functions.h\n'}
[0.790636] (px4_msgs) StdoutLine: {'line': b'-- Up-to-date: /home/jmj/pro_asp_ws/ws_px4_controls/install/px4_msgs/include/px4_msgs/px4_msgs/msg/detail/position_controller_landing_status__functions.c\n'}
[0.790667] (px4_msgs) StdoutLine: {'line': b'-- Up-to-date: /home/jmj/pro_asp_ws/ws_px4_controls/install/px4_msgs/include/px4_msgs/px4_msgs/msg/detail/parameter_set_value_request__struct.h\n'}
[0.790698] (px4_msgs) StdoutLine: {'line': b'-- Up-to-date: /home/jmj/pro_asp_ws/ws_px4_controls/install/px4_msgs/include/px4_msgs/px4_msgs/msg/detail/gimbal_device_attitude_status__type_support.h\n'}
[0.790818] (px4_msgs) StdoutLine: {'line': b'-- Up-to-date: /home/jmj/pro_asp_ws/ws_px4_controls/install/px4_msgs/include/px4_msgs/px4_msgs/msg/detail/gimbal_manager_information__functions.c\n'}
[0.791013] (px4_msgs) StdoutLine: {'line': b'-- Up-to-date: /home/jmj/pro_asp_ws/ws_px4_controls/install/px4_msgs/include/px4_msgs/px4_msgs/msg/detail/gimbal_device_attitude_status__functions.h\n'}
[0.791067] (px4_msgs) StdoutLine: {'line': b'-- Up-to-date: /home/jmj/pro_asp_ws/ws_px4_controls/install/px4_msgs/include/px4_msgs/px4_msgs/msg/detail/satellite_info__functions.c\n'}
[0.791107] (px4_msgs) StdoutLine: {'line': b'-- Up-to-date: /home/jmj/pro_asp_ws/ws_px4_controls/install/px4_msgs/include/px4_msgs/px4_msgs/msg/detail/sensor_hygrometer__type_support.h\n'}
[0.791148] (px4_msgs) StdoutLine: {'line': b'-- Up-to-date: /home/jmj/pro_asp_ws/ws_px4_controls/install/px4_msgs/include/px4_msgs/px4_msgs/msg/detail/ulog_stream_ack__struct.h\n'}
[0.791243] (px4_msgs) StdoutLine: {'line': b'-- Up-to-date: /home/jmj/pro_asp_ws/ws_px4_controls/install/px4_msgs/include/px4_msgs/px4_msgs/msg/detail/parameter_set_value_response__type_support.h\n'}
[0.791296] (px4_msgs) StdoutLine: {'line': b'-- Up-to-date: /home/jmj/pro_asp_ws/ws_px4_controls/install/px4_msgs/include/px4_msgs/px4_msgs/msg/detail/sensor_gnss_relative__type_support.h\n'}
[0.791337] (px4_msgs) StdoutLine: {'line': b'-- Up-to-date: /home/jmj/pro_asp_ws/ws_px4_controls/install/px4_msgs/include/px4_msgs/px4_msgs/msg/detail/rover_velocity_setpoint__functions.h\n'}
[0.791395] (px4_msgs) StdoutLine: {'line': b'-- Up-to-date: /home/jmj/pro_asp_ws/ws_px4_controls/install/px4_msgs/include/px4_msgs/px4_msgs/msg/detail/message_format_request__functions.h\n'}
[0.791439] (px4_msgs) StdoutLine: {'line': b'-- Up-to-date: /home/jmj/pro_asp_ws/ws_px4_controls/install/px4_msgs/include/px4_msgs/px4_msgs/msg/detail/offboard_control_mode__type_support.h\n'}
[0.791484] (px4_msgs) StdoutLine: {'line': b'-- Up-to-date: /home/jmj/pro_asp_ws/ws_px4_controls/install/px4_msgs/include/px4_msgs/px4_msgs/msg/detail/failure_detector_status__functions.h\n'}
[0.791532] (px4_msgs) StdoutLine: {'line': b'-- Up-to-date: /home/jmj/pro_asp_ws/ws_px4_controls/install/px4_msgs/include/px4_msgs/px4_msgs/msg/detail/timesync_status__struct.h\n'}
[0.791574] (px4_msgs) StdoutLine: {'line': b'-- Up-to-date: /home/jmj/pro_asp_ws/ws_px4_controls/install/px4_msgs/include/px4_msgs/px4_msgs/msg/detail/follow_target_estimator__type_support.h\n'}
[0.791617] (px4_msgs) StdoutLine: {'line': b'-- Up-to-date: /home/jmj/pro_asp_ws/ws_px4_controls/install/px4_msgs/include/px4_msgs/px4_msgs/msg/detail/unregister_ext_component__functions.h\n'}
[0.791664] (px4_msgs) StdoutLine: {'line': b'-- Up-to-date: /home/jmj/pro_asp_ws/ws_px4_controls/install/px4_msgs/include/px4_msgs/px4_msgs/msg/detail/goto_setpoint__functions.c\n'}
[0.791707] (px4_msgs) StdoutLine: {'line': b'-- Up-to-date: /home/jmj/pro_asp_ws/ws_px4_controls/install/px4_msgs/include/px4_msgs/px4_msgs/msg/detail/failsafe_flags__functions.c\n'}
[0.791761] (px4_msgs) StdoutLine: {'line': b'-- Up-to-date: /home/jmj/pro_asp_ws/ws_px4_controls/install/px4_msgs/include/px4_msgs/px4_msgs/msg/detail/dataman_response__functions.c\n'}
[0.791924] (px4_msgs) StdoutLine: {'line': b'-- Up-to-date: /home/jmj/pro_asp_ws/ws_px4_controls/install/px4_msgs/include/px4_msgs/px4_msgs/msg/detail/estimator_aid_source2d__type_support.h\n'}
[0.791967] (px4_msgs) StdoutLine: {'line': b'-- Up-to-date: /home/jmj/pro_asp_ws/ws_px4_controls/install/px4_msgs/include/px4_msgs/px4_msgs/msg/detail/internal_combustion_engine_status__functions.h\n'}
[0.792004] (px4_msgs) StdoutLine: {'line': b'-- Up-to-date: /home/jmj/pro_asp_ws/ws_px4_controls/install/px4_msgs/include/px4_msgs/px4_msgs/msg/detail/parameter_set_used_request__type_support.h\n'}
[0.792040] (px4_msgs) StdoutLine: {'line': b'-- Up-to-date: /home/jmj/pro_asp_ws/ws_px4_controls/install/px4_msgs/include/px4_msgs/px4_msgs/msg/detail/ping__type_support.h\n'}
[0.792072] (px4_msgs) StdoutLine: {'line': b'-- Up-to-date: /home/jmj/pro_asp_ws/ws_px4_controls/install/px4_msgs/include/px4_msgs/px4_msgs/msg/detail/rate_ctrl_status__struct.h\n'}
[0.792102] (px4_msgs) StdoutLine: {'line': b'-- Up-to-date: /home/jmj/pro_asp_ws/ws_px4_controls/install/px4_msgs/include/px4_msgs/px4_msgs/msg/detail/gpio_config__type_support.h\n'}
[0.792133] (px4_msgs) StdoutLine: {'line': b'-- Up-to-date: /home/jmj/pro_asp_ws/ws_px4_controls/install/px4_msgs/include/px4_msgs/px4_msgs/msg/detail/offboard_control_mode__struct.h\n'}
[0.792166] (px4_msgs) StdoutLine: {'line': b'-- Up-to-date: /home/jmj/pro_asp_ws/ws_px4_controls/install/px4_msgs/include/px4_msgs/px4_msgs/msg/detail/vehicle_attitude__functions.c\n'}
[0.792199] (px4_msgs) StdoutLine: {'line': b'-- Up-to-date: /home/jmj/pro_asp_ws/ws_px4_controls/install/px4_msgs/include/px4_msgs/px4_msgs/msg/detail/failsafe_flags__type_support.h\n'}
[0.792230] (px4_msgs) StdoutLine: {'line': b'-- Up-to-date: /home/jmj/pro_asp_ws/ws_px4_controls/install/px4_msgs/include/px4_msgs/px4_msgs/msg/detail/estimator_aid_source1d__struct.h\n'}
[0.792387] (px4_msgs) StdoutLine: {'line': b'-- Up-to-date: /home/jmj/pro_asp_ws/ws_px4_controls/install/px4_msgs/include/px4_msgs/px4_msgs/msg/detail/sensor_hygrometer__struct.h\n'}
[0.792444] (px4_msgs) StdoutLine: {'line': b'-- Up-to-date: /home/jmj/pro_asp_ws/ws_px4_controls/install/px4_msgs/include/px4_msgs/px4_msgs/msg/detail/sensors_status_imu__type_support.h\n'}
[0.792474] (px4_msgs) StdoutLine: {'line': b'-- Up-to-date: /home/jmj/pro_asp_ws/ws_px4_controls/install/px4_msgs/include/px4_msgs/px4_msgs/msg/detail/dataman_response__type_support.h\n'}
[0.792499] (px4_msgs) StdoutLine: {'line': b'-- Up-to-date: /home/jmj/pro_asp_ws/ws_px4_controls/install/px4_msgs/include/px4_msgs/px4_msgs/msg/detail/open_drone_id_arm_status__type_support.h\n'}
[0.792524] (px4_msgs) StdoutLine: {'line': b'-- Up-to-date: /home/jmj/pro_asp_ws/ws_px4_controls/install/px4_msgs/include/px4_msgs/px4_msgs/msg/detail/position_setpoint_triplet__type_support.h\n'}
[0.792549] (px4_msgs) StdoutLine: {'line': b'-- Up-to-date: /home/jmj/pro_asp_ws/ws_px4_controls/install/px4_msgs/include/px4_msgs/px4_msgs/msg/detail/message_format_response__functions.h\n'}
[0.792575] (px4_msgs) StdoutLine: {'line': b'-- Up-to-date: /home/jmj/pro_asp_ws/ws_px4_controls/install/px4_msgs/include/px4_msgs/px4_msgs/msg/detail/tune_control__functions.h\n'}
[0.792600] (px4_msgs) StdoutLine: {'line': b'-- Up-to-date: /home/jmj/pro_asp_ws/ws_px4_controls/install/px4_msgs/include/px4_msgs/px4_msgs/msg/detail/obstacle_distance__functions.c\n'}
[0.792758] (px4_msgs) StdoutLine: {'line': b'-- Up-to-date: /home/jmj/pro_asp_ws/ws_px4_controls/install/px4_msgs/include/px4_msgs/px4_msgs/msg/detail/vehicle_air_data__type_support.h\n'}
[0.792888] (px4_msgs) StdoutLine: {'line': b'-- Up-to-date: /home/jmj/pro_asp_ws/ws_px4_controls/install/px4_msgs/include/px4_msgs/px4_msgs/msg/detail/sensor_gps__type_support.h\n'}
[0.793029] (px4_msgs) StdoutLine: {'line': b'-- Up-to-date: /home/jmj/pro_asp_ws/ws_px4_controls/install/px4_msgs/include/px4_msgs/px4_msgs/msg/detail/actuator_armed__functions.h\n'}
[0.793073] (px4_msgs) StdoutLine: {'line': b'-- Up-to-date: /home/jmj/pro_asp_ws/ws_px4_controls/install/px4_msgs/include/px4_msgs/px4_msgs/msg/detail/debug_value__functions.c\n'}
[0.793145] (px4_msgs) StdoutLine: {'line': b'-- Up-to-date: /home/jmj/pro_asp_ws/ws_px4_controls/install/px4_msgs/include/px4_msgs/px4_msgs/msg/detail/actuator_servos_trim__functions.c\n'}
[0.793375] (px4_msgs) StdoutLine: {'line': b'-- Up-to-date: /home/jmj/pro_asp_ws/ws_px4_controls/install/px4_msgs/include/px4_msgs/px4_msgs/msg/detail/navigator_status__type_support.h\n'}
[0.793490] (px4_msgs) StdoutLine: {'line': b'-- Up-to-date: /home/jmj/pro_asp_ws/ws_px4_controls/install/px4_msgs/include/px4_msgs/px4_msgs/msg/detail/uavcan_parameter_value__type_support.h\n'}
[0.793622] (px4_msgs) StdoutLine: {'line': b'-- Up-to-date: /home/jmj/pro_asp_ws/ws_px4_controls/install/px4_msgs/include/px4_msgs/px4_msgs/msg/detail/vehicle_attitude_setpoint__struct.h\n'}
[0.793736] (px4_msgs) StdoutLine: {'line': b'-- Up-to-date: /home/jmj/pro_asp_ws/ws_px4_controls/install/px4_msgs/include/px4_msgs/px4_msgs/msg/detail/estimator_bias__struct.h\n'}
[0.793910] (px4_msgs) StdoutLine: {'line': b'-- Up-to-date: /home/jmj/pro_asp_ws/ws_px4_controls/install/px4_msgs/include/px4_msgs/px4_msgs/msg/detail/landing_gear__struct.h\n'}
[0.794061] (px4_msgs) StdoutLine: {'line': b'-- Up-to-date: /home/jmj/pro_asp_ws/ws_px4_controls/install/px4_msgs/include/px4_msgs/px4_msgs/msg/detail/actuator_motors__struct.h\n'}
[0.794202] (px4_msgs) StdoutLine: {'line': b'-- Up-to-date: /home/jmj/pro_asp_ws/ws_px4_controls/install/px4_msgs/include/px4_msgs/px4_msgs/msg/detail/power_button_state__functions.h\n'}
[0.794342] (px4_msgs) StdoutLine: {'line': b'-- Up-to-date: /home/jmj/pro_asp_ws/ws_px4_controls/install/px4_msgs/include/px4_msgs/px4_msgs/msg/detail/launch_detection_status__functions.c\n'}
[0.794404] (px4_msgs) StdoutLine: {'line': b'-- Up-to-date: /home/jmj/pro_asp_ws/ws_px4_controls/install/px4_msgs/include/px4_msgs/px4_msgs/msg/detail/trajectory_setpoint__struct.h\n'}
[0.794498] (px4_msgs) StdoutLine: {'line': b'-- Up-to-date: /home/jmj/pro_asp_ws/ws_px4_controls/install/px4_msgs/include/px4_msgs/px4_msgs/msg/detail/fixed_wing_longitudinal_setpoint__functions.h\n'}
[0.794532] (px4_msgs) StdoutLine: {'line': b'-- Up-to-date: /home/jmj/pro_asp_ws/ws_px4_controls/install/px4_msgs/include/px4_msgs/px4_msgs/msg/detail/dataman_request__functions.h\n'}
[0.794562] (px4_msgs) StdoutLine: {'line': b'-- Up-to-date: /home/jmj/pro_asp_ws/ws_px4_controls/install/px4_msgs/include/px4_msgs/px4_msgs/msg/detail/vehicle_torque_setpoint__functions.c\n'}
[0.794590] (px4_msgs) StdoutLine: {'line': b'-- Up-to-date: /home/jmj/pro_asp_ws/ws_px4_controls/install/px4_msgs/include/px4_msgs/px4_msgs/msg/detail/landing_gear__functions.c\n'}
[0.794620] (px4_msgs) StdoutLine: {'line': b'-- Up-to-date: /home/jmj/pro_asp_ws/ws_px4_controls/install/px4_msgs/include/px4_msgs/px4_msgs/msg/detail/esc_status__struct.h\n'}
[0.794646] (px4_msgs) StdoutLine: {'line': b'-- Up-to-date: /home/jmj/pro_asp_ws/ws_px4_controls/install/px4_msgs/include/px4_msgs/px4_msgs/msg/detail/vehicle_attitude__struct.h\n'}
[0.794681] (px4_msgs) StdoutLine: {'line': b'-- Up-to-date: /home/jmj/pro_asp_ws/ws_px4_controls/install/px4_msgs/include/px4_msgs/px4_msgs/msg/detail/register_ext_component_request__functions.h\n'}
[0.794707] (px4_msgs) StdoutLine: {'line': b'-- Up-to-date: /home/jmj/pro_asp_ws/ws_px4_controls/install/px4_msgs/include/px4_msgs/px4_msgs/msg/detail/parameter_set_used_request__struct.h\n'}
[0.794742] (px4_msgs) StdoutLine: {'line': b'-- Up-to-date: /home/jmj/pro_asp_ws/ws_px4_controls/install/px4_msgs/include/px4_msgs/px4_msgs/msg/detail/parameter_set_value_request__type_support.h\n'}
[0.794894] (px4_msgs) StdoutLine: {'line': b'-- Up-to-date: /home/jmj/pro_asp_ws/ws_px4_controls/install/px4_msgs/include/px4_msgs/px4_msgs/msg/detail/can_interface_status__functions.h\n'}
[0.794944] (px4_msgs) StdoutLine: {'line': b'-- Up-to-date: /home/jmj/pro_asp_ws/ws_px4_controls/install/px4_msgs/include/px4_msgs/px4_msgs/msg/detail/parameter_set_value_response__functions.h\n'}
[0.794984] (px4_msgs) StdoutLine: {'line': b'-- Up-to-date: /home/jmj/pro_asp_ws/ws_px4_controls/install/px4_msgs/include/px4_msgs/px4_msgs/msg/detail/pwm_input__type_support.h\n'}
[0.795012] (px4_msgs) StdoutLine: {'line': b'-- Up-to-date: /home/jmj/pro_asp_ws/ws_px4_controls/install/px4_msgs/include/px4_msgs/px4_msgs/msg/detail/landing_target_innovations__type_support.h\n'}
[0.795038] (px4_msgs) StdoutLine: {'line': b'-- Up-to-date: /home/jmj/pro_asp_ws/ws_px4_controls/install/px4_msgs/include/px4_msgs/px4_msgs/msg/detail/esc_report__type_support.h\n'}
[0.795064] (px4_msgs) StdoutLine: {'line': b'-- Up-to-date: /home/jmj/pro_asp_ws/ws_px4_controls/install/px4_msgs/include/px4_msgs/px4_msgs/msg/detail/vtol_vehicle_status__functions.c\n'}
[0.795090] (px4_msgs) StdoutLine: {'line': b'-- Up-to-date: /home/jmj/pro_asp_ws/ws_px4_controls/install/px4_msgs/include/px4_msgs/px4_msgs/msg/detail/power_monitor__struct.h\n'}
[0.795118] (px4_msgs) StdoutLine: {'line': b'-- Up-to-date: /home/jmj/pro_asp_ws/ws_px4_controls/install/px4_msgs/include/px4_msgs/px4_msgs/msg/detail/sensor_gnss_relative__functions.h\n'}
[0.795157] (px4_msgs) StdoutLine: {'line': b'-- Up-to-date: /home/jmj/pro_asp_ws/ws_px4_controls/install/px4_msgs/include/px4_msgs/px4_msgs/msg/detail/internal_combustion_engine_status__struct.h\n'}
[0.795298] (px4_msgs) StdoutLine: {'line': b'-- Up-to-date: /home/jmj/pro_asp_ws/ws_px4_controls/install/px4_msgs/include/px4_msgs/px4_msgs/msg/detail/vehicle_control_mode__struct.h\n'}
[0.795327] (px4_msgs) StdoutLine: {'line': b'-- Up-to-date: /home/jmj/pro_asp_ws/ws_px4_controls/install/px4_msgs/include/px4_msgs/px4_msgs/msg/detail/landing_target_innovations__struct.h\n'}
[0.795354] (px4_msgs) StdoutLine: {'line': b'-- Up-to-date: /home/jmj/pro_asp_ws/ws_px4_controls/install/px4_msgs/include/px4_msgs/px4_msgs/msg/detail/uavcan_parameter_request__functions.h\n'}
[0.795417] (px4_msgs) StdoutLine: {'line': b'-- Up-to-date: /home/jmj/pro_asp_ws/ws_px4_controls/install/px4_msgs/include/px4_msgs/px4_msgs/msg/detail/mission__functions.h\n'}
[0.795444] (px4_msgs) StdoutLine: {'line': b'-- Up-to-date: /home/jmj/pro_asp_ws/ws_px4_controls/install/px4_msgs/include/px4_msgs/px4_msgs/msg/detail/sensor_accel_fifo__type_support.h\n'}
[0.795470] (px4_msgs) StdoutLine: {'line': b'-- Up-to-date: /home/jmj/pro_asp_ws/ws_px4_controls/install/px4_msgs/include/px4_msgs/px4_msgs/msg/detail/landing_target_pose__type_support.h\n'}
[0.795494] (px4_msgs) StdoutLine: {'line': b'-- Up-to-date: /home/jmj/pro_asp_ws/ws_px4_controls/install/px4_msgs/include/px4_msgs/px4_msgs/msg/detail/orb_test__functions.h\n'}
[0.795561] (px4_msgs) StdoutLine: {'line': b'-- Up-to-date: /home/jmj/pro_asp_ws/ws_px4_controls/install/px4_msgs/include/px4_msgs/px4_msgs/msg/detail/follow_target__functions.c\n'}
[0.795587] (px4_msgs) StdoutLine: {'line': b'-- Up-to-date: /home/jmj/pro_asp_ws/ws_px4_controls/install/px4_msgs/include/px4_msgs/px4_msgs/msg/detail/offboard_control_mode__functions.h\n'}
[0.795612] (px4_msgs) StdoutLine: {'line': b'-- Up-to-date: /home/jmj/pro_asp_ws/ws_px4_controls/install/px4_msgs/include/px4_msgs/px4_msgs/msg/detail/lateral_control_configuration__struct.h\n'}
[0.795638] (px4_msgs) StdoutLine: {'line': b'-- Up-to-date: /home/jmj/pro_asp_ws/ws_px4_controls/install/px4_msgs/include/px4_msgs/px4_msgs/msg/detail/yaw_estimator_status__functions.c\n'}
[0.795666] (px4_msgs) StdoutLine: {'line': b'-- Up-to-date: /home/jmj/pro_asp_ws/ws_px4_controls/install/px4_msgs/include/px4_msgs/px4_msgs/msg/detail/gimbal_device_information__functions.h\n'}
[0.795693] (px4_msgs) StdoutLine: {'line': b'-- Up-to-date: /home/jmj/pro_asp_ws/ws_px4_controls/install/px4_msgs/include/px4_msgs/px4_msgs/msg/detail/sensor_accel_fifo__functions.h\n'}
[0.795717] (px4_msgs) StdoutLine: {'line': b'-- Up-to-date: /home/jmj/pro_asp_ws/ws_px4_controls/install/px4_msgs/include/px4_msgs/px4_msgs/msg/detail/position_controller_status__functions.c\n'}
[0.795743] (px4_msgs) StdoutLine: {'line': b'-- Up-to-date: /home/jmj/pro_asp_ws/ws_px4_controls/install/px4_msgs/include/px4_msgs/px4_msgs/msg/detail/hover_thrust_estimate__functions.h\n'}
[0.795786] (px4_msgs) StdoutLine: {'line': b'-- Up-to-date: /home/jmj/pro_asp_ws/ws_px4_controls/install/px4_msgs/include/px4_msgs/px4_msgs/msg/detail/orb_test_medium__type_support.h\n'}
[0.795903] (px4_msgs) StdoutLine: {'line': b'-- Up-to-date: /home/jmj/pro_asp_ws/ws_px4_controls/install/px4_msgs/include/px4_msgs/px4_msgs/msg/detail/button_event__functions.c\n'}
[0.795985] (px4_msgs) StdoutLine: {'line': b'-- Up-to-date: /home/jmj/pro_asp_ws/ws_px4_controls/install/px4_msgs/include/px4_msgs/px4_msgs/msg/detail/internal_combustion_engine_control__type_support.h\n'}
[0.796065] (px4_msgs) StdoutLine: {'line': b'-- Up-to-date: /home/jmj/pro_asp_ws/ws_px4_controls/install/px4_msgs/include/px4_msgs/px4_msgs/msg/debug_array.h\n'}
[0.796100] (px4_msgs) StdoutLine: {'line': b'-- Up-to-date: /home/jmj/pro_asp_ws/ws_px4_controls/install/px4_msgs/include/px4_msgs/px4_msgs/msg/takeoff_status.h\n'}
[0.796127] (px4_msgs) StdoutLine: {'line': b'-- Up-to-date: /home/jmj/pro_asp_ws/ws_px4_controls/install/px4_msgs/include/px4_msgs/px4_msgs/msg/offboard_control_mode.h\n'}
[0.796152] (px4_msgs) StdoutLine: {'line': b'-- Up-to-date: /home/jmj/pro_asp_ws/ws_px4_controls/install/px4_msgs/include/px4_msgs/px4_msgs/msg/gimbal_controls.h\n'}
[0.796177] (px4_msgs) StdoutLine: {'line': b'-- Up-to-date: /home/jmj/pro_asp_ws/ws_px4_controls/install/px4_msgs/include/px4_msgs/px4_msgs/msg/vehicle_status.h\n'}
[0.796201] (px4_msgs) StdoutLine: {'line': b'-- Up-to-date: /home/jmj/pro_asp_ws/ws_px4_controls/install/px4_msgs/include/px4_msgs/px4_msgs/msg/estimator_sensor_bias.h\n'}
[0.796225] (px4_msgs) StdoutLine: {'line': b'-- Up-to-date: /home/jmj/pro_asp_ws/ws_px4_controls/install/px4_msgs/include/px4_msgs/px4_msgs/msg/orb_test_large.h\n'}
[0.796247] (px4_msgs) StdoutLine: {'line': b'-- Up-to-date: /home/jmj/pro_asp_ws/ws_px4_controls/install/px4_msgs/include/px4_msgs/px4_msgs/msg/gimbal_device_attitude_status.h\n'}
[0.796282] (px4_msgs) StdoutLine: {'line': b'-- Up-to-date: /home/jmj/pro_asp_ws/ws_px4_controls/install/px4_msgs/include/px4_msgs/px4_msgs/msg/position_controller_landing_status.h\n'}
[0.796306] (px4_msgs) StdoutLine: {'line': b'-- Up-to-date: /home/jmj/pro_asp_ws/ws_px4_controls/install/px4_msgs/include/px4_msgs/px4_msgs/msg/gimbal_device_information.h\n'}
[0.796329] (px4_msgs) StdoutLine: {'line': b'-- Up-to-date: /home/jmj/pro_asp_ws/ws_px4_controls/install/px4_msgs/include/px4_msgs/px4_msgs/msg/velocity_limits.h\n'}
[0.796352] (px4_msgs) StdoutLine: {'line': b'-- Up-to-date: /home/jmj/pro_asp_ws/ws_px4_controls/install/px4_msgs/include/px4_msgs/px4_msgs/msg/heater_status.h\n'}
[0.796436] (px4_msgs) StdoutLine: {'line': b'-- Up-to-date: /home/jmj/pro_asp_ws/ws_px4_controls/install/px4_msgs/include/px4_msgs/px4_msgs/msg/vehicle_control_mode.h\n'}
[0.796461] (px4_msgs) StdoutLine: {'line': b'-- Up-to-date: /home/jmj/pro_asp_ws/ws_px4_controls/install/px4_msgs/include/px4_msgs/px4_msgs/msg/failsafe_flags.h\n'}
[0.796485] (px4_msgs) StdoutLine: {'line': b'-- Up-to-date: /home/jmj/pro_asp_ws/ws_px4_controls/install/px4_msgs/include/px4_msgs/px4_msgs/msg/estimator_status.h\n'}
[0.796508] (px4_msgs) StdoutLine: {'line': b'-- Up-to-date: /home/jmj/pro_asp_ws/ws_px4_controls/install/px4_msgs/include/px4_msgs/px4_msgs/msg/irlock_report.h\n'}
[0.796530] (px4_msgs) StdoutLine: {'line': b'-- Up-to-date: /home/jmj/pro_asp_ws/ws_px4_controls/install/px4_msgs/include/px4_msgs/px4_msgs/msg/vehicle_local_position_setpoint.h\n'}
[0.796554] (px4_msgs) StdoutLine: {'line': b'-- Up-to-date: /home/jmj/pro_asp_ws/ws_px4_controls/install/px4_msgs/include/px4_msgs/px4_msgs/msg/wheel_encoders.h\n'}
[0.796576] (px4_msgs) StdoutLine: {'line': b'-- Up-to-date: /home/jmj/pro_asp_ws/ws_px4_controls/install/px4_msgs/include/px4_msgs/px4_msgs/msg/rover_velocity_status.h\n'}
[0.796608] (px4_msgs) StdoutLine: {'line': b'-- Up-to-date: /home/jmj/pro_asp_ws/ws_px4_controls/install/px4_msgs/include/px4_msgs/px4_msgs/msg/qshell_retval.h\n'}
[0.796631] (px4_msgs) StdoutLine: {'line': b'-- Up-to-date: /home/jmj/pro_asp_ws/ws_px4_controls/install/px4_msgs/include/px4_msgs/px4_msgs/msg/rover_attitude_setpoint.h\n'}
[0.796653] (px4_msgs) StdoutLine: {'line': b'-- Up-to-date: /home/jmj/pro_asp_ws/ws_px4_controls/install/px4_msgs/include/px4_msgs/px4_msgs/msg/rpm.h\n'}
[0.796676] (px4_msgs) StdoutLine: {'line': b'-- Up-to-date: /home/jmj/pro_asp_ws/ws_px4_controls/install/px4_msgs/include/px4_msgs/px4_msgs/msg/estimator_status_flags.h\n'}
[0.796700] (px4_msgs) StdoutLine: {'line': b'-- Up-to-date: /home/jmj/pro_asp_ws/ws_px4_controls/install/px4_msgs/include/px4_msgs/px4_msgs/msg/mavlink_tunnel.h\n'}
[0.796723] (px4_msgs) StdoutLine: {'line': b'-- Up-to-date: /home/jmj/pro_asp_ws/ws_px4_controls/install/px4_msgs/include/px4_msgs/px4_msgs/msg/airspeed.h\n'}
[0.796745] (px4_msgs) StdoutLine: {'line': b'-- Up-to-date: /home/jmj/pro_asp_ws/ws_px4_controls/install/px4_msgs/include/px4_msgs/px4_msgs/msg/rover_position_setpoint.h\n'}
[0.796846] (px4_msgs) StdoutLine: {'line': b'-- Up-to-date: /home/jmj/pro_asp_ws/ws_px4_controls/install/px4_msgs/include/px4_msgs/px4_msgs/msg/qshell_req.h\n'}
[0.796882] (px4_msgs) StdoutLine: {'line': b'-- Up-to-date: /home/jmj/pro_asp_ws/ws_px4_controls/install/px4_msgs/include/px4_msgs/px4_msgs/msg/manual_control_switches.h\n'}
[0.796906] (px4_msgs) StdoutLine: {'line': b'-- Up-to-date: /home/jmj/pro_asp_ws/ws_px4_controls/install/px4_msgs/include/px4_msgs/px4_msgs/msg/gps_dump.h\n'}
[0.796939] (px4_msgs) StdoutLine: {'line': b'-- Up-to-date: /home/jmj/pro_asp_ws/ws_px4_controls/install/px4_msgs/include/px4_msgs/px4_msgs/msg/sensor_mag.h\n'}
[0.796963] (px4_msgs) StdoutLine: {'line': b'-- Up-to-date: /home/jmj/pro_asp_ws/ws_px4_controls/install/px4_msgs/include/px4_msgs/px4_msgs/msg/vehicle_magnetometer.h\n'}
[0.796987] (px4_msgs) StdoutLine: {'line': b'-- Up-to-date: /home/jmj/pro_asp_ws/ws_px4_controls/install/px4_msgs/include/px4_msgs/px4_msgs/msg/actuator_outputs.h\n'}
[0.797026] (px4_msgs) StdoutLine: {'line': b'-- Up-to-date: /home/jmj/pro_asp_ws/ws_px4_controls/install/px4_msgs/include/px4_msgs/px4_msgs/msg/unregister_ext_component.h\n'}
[0.797050] (px4_msgs) StdoutLine: {'line': b'-- Up-to-date: /home/jmj/pro_asp_ws/ws_px4_controls/install/px4_msgs/include/px4_msgs/px4_msgs/msg/normalized_unsigned_setpoint.h\n'}
[0.797091] (px4_msgs) StdoutLine: {'line': b'-- Up-to-date: /home/jmj/pro_asp_ws/ws_px4_controls/install/px4_msgs/include/px4_msgs/px4_msgs/msg/vtol_vehicle_status.h\n'}
[0.797115] (px4_msgs) StdoutLine: {'line': b'-- Up-to-date: /home/jmj/pro_asp_ws/ws_px4_controls/install/px4_msgs/include/px4_msgs/px4_msgs/msg/vehicle_roi.h\n'}
[0.797138] (px4_msgs) StdoutLine: {'line': b'-- Up-to-date: /home/jmj/pro_asp_ws/ws_px4_controls/install/px4_msgs/include/px4_msgs/px4_msgs/msg/telemetry_status.h\n'}
[0.797161] (px4_msgs) StdoutLine: {'line': b'-- Up-to-date: /home/jmj/pro_asp_ws/ws_px4_controls/install/px4_msgs/include/px4_msgs/px4_msgs/msg/estimator_innovations.h\n'}
[0.797183] (px4_msgs) StdoutLine: {'line': b'-- Up-to-date: /home/jmj/pro_asp_ws/ws_px4_controls/install/px4_msgs/include/px4_msgs/px4_msgs/msg/vehicle_torque_setpoint.h\n'}
[0.797206] (px4_msgs) StdoutLine: {'line': b'-- Up-to-date: /home/jmj/pro_asp_ws/ws_px4_controls/install/px4_msgs/include/px4_msgs/px4_msgs/msg/obstacle_distance.h\n'}
[0.797228] (px4_msgs) StdoutLine: {'line': b'-- Up-to-date: /home/jmj/pro_asp_ws/ws_px4_controls/install/px4_msgs/include/px4_msgs/px4_msgs/msg/debug_value.h\n'}
[0.797252] (px4_msgs) StdoutLine: {'line': b'-- Up-to-date: /home/jmj/pro_asp_ws/ws_px4_controls/install/px4_msgs/include/px4_msgs/px4_msgs/msg/open_drone_id_self_id.h\n'}
[0.797275] (px4_msgs) StdoutLine: {'line': b'-- Up-to-date: /home/jmj/pro_asp_ws/ws_px4_controls/install/px4_msgs/include/px4_msgs/px4_msgs/msg/power_button_state.h\n'}
[0.797298] (px4_msgs) StdoutLine: {'line': b'-- Up-to-date: /home/jmj/pro_asp_ws/ws_px4_controls/install/px4_msgs/include/px4_msgs/px4_msgs/msg/gimbal_manager_set_attitude.h\n'}
[0.797320] (px4_msgs) StdoutLine: {'line': b'-- Up-to-date: /home/jmj/pro_asp_ws/ws_px4_controls/install/px4_msgs/include/px4_msgs/px4_msgs/msg/open_drone_id_operator_id.h\n'}
[0.797343] (px4_msgs) StdoutLine: {'line': b'-- Up-to-date: /home/jmj/pro_asp_ws/ws_px4_controls/install/px4_msgs/include/px4_msgs/px4_msgs/msg/sensors_status.h\n'}
[0.797367] (px4_msgs) StdoutLine: {'line': b'-- Up-to-date: /home/jmj/pro_asp_ws/ws_px4_controls/install/px4_msgs/include/px4_msgs/px4_msgs/msg/lateral_control_configuration.h\n'}
[0.797408] (px4_msgs) StdoutLine: {'line': b'-- Up-to-date: /home/jmj/pro_asp_ws/ws_px4_controls/install/px4_msgs/include/px4_msgs/px4_msgs/msg/esc_status.h\n'}
[0.797432] (px4_msgs) StdoutLine: {'line': b'-- Up-to-date: /home/jmj/pro_asp_ws/ws_px4_controls/install/px4_msgs/include/px4_msgs/px4_msgs/msg/actuator_motors.h\n'}
[0.797455] (px4_msgs) StdoutLine: {'line': b'-- Up-to-date: /home/jmj/pro_asp_ws/ws_px4_controls/install/px4_msgs/include/px4_msgs/px4_msgs/msg/generator_status.h\n'}
[0.797486] (px4_msgs) StdoutLine: {'line': b'-- Up-to-date: /home/jmj/pro_asp_ws/ws_px4_controls/install/px4_msgs/include/px4_msgs/px4_msgs/msg/rate_ctrl_status.h\n'}
[0.797508] (px4_msgs) StdoutLine: {'line': b'-- Up-to-date: /home/jmj/pro_asp_ws/ws_px4_controls/install/px4_msgs/include/px4_msgs/px4_msgs/msg/position_controller_status.h\n'}
[0.797529] (px4_msgs) StdoutLine: {'line': b'-- Up-to-date: /home/jmj/pro_asp_ws/ws_px4_controls/install/px4_msgs/include/px4_msgs/px4_msgs/msg/distance_sensor.h\n'}
[0.797550] (px4_msgs) StdoutLine: {'line': b'-- Up-to-date: /home/jmj/pro_asp_ws/ws_px4_controls/install/px4_msgs/include/px4_msgs/px4_msgs/msg/dataman_request.h\n'}
[0.797570] (px4_msgs) StdoutLine: {'line': b'-- Up-to-date: /home/jmj/pro_asp_ws/ws_px4_controls/install/px4_msgs/include/px4_msgs/px4_msgs/msg/vehicle_acceleration.h\n'}
[0.797592] (px4_msgs) StdoutLine: {'line': b'-- Up-to-date: /home/jmj/pro_asp_ws/ws_px4_controls/install/px4_msgs/include/px4_msgs/px4_msgs/msg/sensor_airflow.h\n'}
[0.797614] (px4_msgs) StdoutLine: {'line': b'-- Up-to-date: /home/jmj/pro_asp_ws/ws_px4_controls/install/px4_msgs/include/px4_msgs/px4_msgs/msg/landing_gear.h\n'}
[0.797635] (px4_msgs) StdoutLine: {'line': b'-- Up-to-date: /home/jmj/pro_asp_ws/ws_px4_controls/install/px4_msgs/include/px4_msgs/px4_msgs/msg/gripper.h\n'}
[0.797657] (px4_msgs) StdoutLine: {'line': b'-- Up-to-date: /home/jmj/pro_asp_ws/ws_px4_controls/install/px4_msgs/include/px4_msgs/px4_msgs/msg/position_setpoint.h\n'}
[0.797678] (px4_msgs) StdoutLine: {'line': b'-- Up-to-date: /home/jmj/pro_asp_ws/ws_px4_controls/install/px4_msgs/include/px4_msgs/px4_msgs/msg/sensor_baro.h\n'}
[0.797699] (px4_msgs) StdoutLine: {'line': b'-- Up-to-date: /home/jmj/pro_asp_ws/ws_px4_controls/install/px4_msgs/include/px4_msgs/px4_msgs/msg/flight_phase_estimation.h\n'}
[0.797723] (px4_msgs) StdoutLine: {'line': b'-- Up-to-date: /home/jmj/pro_asp_ws/ws_px4_controls/install/px4_msgs/include/px4_msgs/px4_msgs/msg/register_ext_component_reply.h\n'}
[0.797747] (px4_msgs) StdoutLine: {'line': b'-- Up-to-date: /home/jmj/pro_asp_ws/ws_px4_controls/install/px4_msgs/include/px4_msgs/px4_msgs/msg/parameter_set_used_request.h\n'}
[0.797778] (px4_msgs) StdoutLine: {'line': b'-- Up-to-date: /home/jmj/pro_asp_ws/ws_px4_controls/install/px4_msgs/include/px4_msgs/px4_msgs/msg/actuator_controls_status.h\n'}
[0.797812] (px4_msgs) StdoutLine: {'line': b'-- Up-to-date: /home/jmj/pro_asp_ws/ws_px4_controls/install/px4_msgs/include/px4_msgs/px4_msgs/msg/gps_inject_data.h\n'}
[0.797834] (px4_msgs) StdoutLine: {'line': b'-- Up-to-date: /home/jmj/pro_asp_ws/ws_px4_controls/install/px4_msgs/include/px4_msgs/px4_msgs/msg/vehicle_attitude.h\n'}
[0.797857] (px4_msgs) StdoutLine: {'line': b'-- Up-to-date: /home/jmj/pro_asp_ws/ws_px4_controls/install/px4_msgs/include/px4_msgs/px4_msgs/msg/mavlink_log.h\n'}
[0.797878] (px4_msgs) StdoutLine: {'line': b'-- Up-to-date: /home/jmj/pro_asp_ws/ws_px4_controls/install/px4_msgs/include/px4_msgs/px4_msgs/msg/wind.h\n'}
[0.797898] (px4_msgs) StdoutLine: {'line': b'-- Up-to-date: /home/jmj/pro_asp_ws/ws_px4_controls/install/px4_msgs/include/px4_msgs/px4_msgs/msg/yaw_estimator_status.h\n'}
[0.797919] (px4_msgs) StdoutLine: {'line': b'-- Up-to-date: /home/jmj/pro_asp_ws/ws_px4_controls/install/px4_msgs/include/px4_msgs/px4_msgs/msg/gpio_out.h\n'}
[0.797942] (px4_msgs) StdoutLine: {'line': b'-- Up-to-date: /home/jmj/pro_asp_ws/ws_px4_controls/install/px4_msgs/include/px4_msgs/px4_msgs/msg/satellite_info.h\n'}
[0.797965] (px4_msgs) StdoutLine: {'line': b'-- Up-to-date: /home/jmj/pro_asp_ws/ws_px4_controls/install/px4_msgs/include/px4_msgs/px4_msgs/msg/position_setpoint_triplet.h\n'}
[0.797987] (px4_msgs) StdoutLine: {'line': b'-- Up-to-date: /home/jmj/pro_asp_ws/ws_px4_controls/install/px4_msgs/include/px4_msgs/px4_msgs/msg/rtl_status.h\n'}
[0.798010] (px4_msgs) StdoutLine: {'line': b'-- Up-to-date: /home/jmj/pro_asp_ws/ws_px4_controls/install/px4_msgs/include/px4_msgs/px4_msgs/msg/landing_gear_wheel.h\n'}
[0.798033] (px4_msgs) StdoutLine: {'line': b'-- Up-to-date: /home/jmj/pro_asp_ws/ws_px4_controls/install/px4_msgs/include/px4_msgs/px4_msgs/msg/uavcan_parameter_request.h\n'}
[0.798056] (px4_msgs) StdoutLine: {'line': b'-- Up-to-date: /home/jmj/pro_asp_ws/ws_px4_controls/install/px4_msgs/include/px4_msgs/px4_msgs/msg/parameter_update.h\n'}
[0.798079] (px4_msgs) StdoutLine: {'line': b'-- Up-to-date: /home/jmj/pro_asp_ws/ws_px4_controls/install/px4_msgs/include/px4_msgs/px4_msgs/msg/tiltrotor_extra_controls.h\n'}
[0.798102] (px4_msgs) StdoutLine: {'line': b'-- Up-to-date: /home/jmj/pro_asp_ws/ws_px4_controls/install/px4_msgs/include/px4_msgs/px4_msgs/msg/hover_thrust_estimate.h\n'}
[0.798124] (px4_msgs) StdoutLine: {'line': b'-- Up-to-date: /home/jmj/pro_asp_ws/ws_px4_controls/install/px4_msgs/include/px4_msgs/px4_msgs/msg/sensor_accel_fifo.h\n'}
[0.798147] (px4_msgs) StdoutLine: {'line': b'-- Up-to-date: /home/jmj/pro_asp_ws/ws_px4_controls/install/px4_msgs/include/px4_msgs/px4_msgs/msg/vehicle_land_detected.h\n'}
[0.798169] (px4_msgs) StdoutLine: {'line': b'-- Up-to-date: /home/jmj/pro_asp_ws/ws_px4_controls/install/px4_msgs/include/px4_msgs/px4_msgs/msg/estimator_bias.h\n'}
[0.798204] (px4_msgs) StdoutLine: {'line': b'-- Up-to-date: /home/jmj/pro_asp_ws/ws_px4_controls/install/px4_msgs/include/px4_msgs/px4_msgs/msg/pure_pursuit_status.h\n'}
[0.798226] (px4_msgs) StdoutLine: {'line': b'-- Up-to-date: /home/jmj/pro_asp_ws/ws_px4_controls/install/px4_msgs/include/px4_msgs/px4_msgs/msg/sensor_gnss_relative.h\n'}
[0.798248] (px4_msgs) StdoutLine: {'line': b'-- Up-to-date: /home/jmj/pro_asp_ws/ws_px4_controls/install/px4_msgs/include/px4_msgs/px4_msgs/msg/open_drone_id_arm_status.h\n'}
[0.798270] (px4_msgs) StdoutLine: {'line': b'-- Up-to-date: /home/jmj/pro_asp_ws/ws_px4_controls/install/px4_msgs/include/px4_msgs/px4_msgs/msg/sensor_preflight_mag.h\n'}
[0.798293] (px4_msgs) StdoutLine: {'line': b'-- Up-to-date: /home/jmj/pro_asp_ws/ws_px4_controls/install/px4_msgs/include/px4_msgs/px4_msgs/msg/message_format_response.h\n'}
[0.798315] (px4_msgs) StdoutLine: {'line': b'-- Up-to-date: /home/jmj/pro_asp_ws/ws_px4_controls/install/px4_msgs/include/px4_msgs/px4_msgs/msg/logger_status.h\n'}
[0.798338] (px4_msgs) StdoutLine: {'line': b'-- Up-to-date: /home/jmj/pro_asp_ws/ws_px4_controls/install/px4_msgs/include/px4_msgs/px4_msgs/msg/system_power.h\n'}
[0.798361] (px4_msgs) StdoutLine: {'line': b'-- Up-to-date: /home/jmj/pro_asp_ws/ws_px4_controls/install/px4_msgs/include/px4_msgs/px4_msgs/msg/gimbal_manager_information.h\n'}
[0.798383] (px4_msgs) StdoutLine: {'line': b'-- Up-to-date: /home/jmj/pro_asp_ws/ws_px4_controls/install/px4_msgs/include/px4_msgs/px4_msgs/msg/dataman_response.h\n'}
[0.798405] (px4_msgs) StdoutLine: {'line': b'-- Up-to-date: /home/jmj/pro_asp_ws/ws_px4_controls/install/px4_msgs/include/px4_msgs/px4_msgs/msg/follow_target.h\n'}
[0.798428] (px4_msgs) StdoutLine: {'line': b'-- Up-to-date: /home/jmj/pro_asp_ws/ws_px4_controls/install/px4_msgs/include/px4_msgs/px4_msgs/msg/gimbal_manager_status.h\n'}
[0.798451] (px4_msgs) StdoutLine: {'line': b'-- Up-to-date: /home/jmj/pro_asp_ws/ws_px4_controls/install/px4_msgs/include/px4_msgs/px4_msgs/msg/navigator_status.h\n'}
[0.798483] (px4_msgs) StdoutLine: {'line': b'-- Up-to-date: /home/jmj/pro_asp_ws/ws_px4_controls/install/px4_msgs/include/px4_msgs/px4_msgs/msg/airspeed_wind.h\n'}
[0.798506] (px4_msgs) StdoutLine: {'line': b'-- Up-to-date: /home/jmj/pro_asp_ws/ws_px4_controls/install/px4_msgs/include/px4_msgs/px4_msgs/msg/sensor_correction.h\n'}
[0.798528] (px4_msgs) StdoutLine: {'line': b'-- Up-to-date: /home/jmj/pro_asp_ws/ws_px4_controls/install/px4_msgs/include/px4_msgs/px4_msgs/msg/rtl_time_estimate.h\n'}
[0.798550] (px4_msgs) StdoutLine: {'line': b'-- Up-to-date: /home/jmj/pro_asp_ws/ws_px4_controls/install/px4_msgs/include/px4_msgs/px4_msgs/msg/vehicle_imu.h\n'}
[0.798577] (px4_msgs) StdoutLine: {'line': b'-- Up-to-date: /home/jmj/pro_asp_ws/ws_px4_controls/install/px4_msgs/include/px4_msgs/px4_msgs/msg/vehicle_attitude_setpoint.h\n'}
[0.798619] (px4_msgs) StdoutLine: {'line': b'-- Up-to-date: /home/jmj/pro_asp_ws/ws_px4_controls/install/px4_msgs/include/px4_msgs/px4_msgs/msg/sensor_accel.h\n'}
[0.798643] (px4_msgs) StdoutLine: {'line': b'-- Up-to-date: /home/jmj/pro_asp_ws/ws_px4_controls/install/px4_msgs/include/px4_msgs/px4_msgs/msg/sensor_optical_flow.h\n'}
[0.798665] (px4_msgs) StdoutLine: {'line': b'-- Up-to-date: /home/jmj/pro_asp_ws/ws_px4_controls/install/px4_msgs/include/px4_msgs/px4_msgs/msg/orb_test.h\n'}
[0.798690] (px4_msgs) StdoutLine: {'line': b'-- Up-to-date: /home/jmj/pro_asp_ws/ws_px4_controls/install/px4_msgs/include/px4_msgs/px4_msgs/msg/parameter_set_value_response.h\n'}
[0.798716] (px4_msgs) StdoutLine: {'line': b'-- Up-to-date: /home/jmj/pro_asp_ws/ws_px4_controls/install/px4_msgs/include/px4_msgs/px4_msgs/msg/vehicle_odometry.h\n'}
[0.798741] (px4_msgs) StdoutLine: {'line': b'-- Up-to-date: /home/jmj/pro_asp_ws/ws_px4_controls/install/px4_msgs/include/px4_msgs/px4_msgs/msg/rc_parameter_map.h\n'}
[0.798789] (px4_msgs) StdoutLine: {'line': b'-- Up-to-date: /home/jmj/pro_asp_ws/ws_px4_controls/install/px4_msgs/include/px4_msgs/px4_msgs/msg/rover_throttle_setpoint.h\n'}
[0.798825] (px4_msgs) StdoutLine: {'line': b'-- Up-to-date: /home/jmj/pro_asp_ws/ws_px4_controls/install/px4_msgs/include/px4_msgs/px4_msgs/msg/px4io_status.h\n'}
[0.798863] (px4_msgs) StdoutLine: {'line': b'-- Up-to-date: /home/jmj/pro_asp_ws/ws_px4_controls/install/px4_msgs/include/px4_msgs/px4_msgs/msg/sensors_status_imu.h\n'}
[0.798892] (px4_msgs) StdoutLine: {'line': b'-- Up-to-date: /home/jmj/pro_asp_ws/ws_px4_controls/install/px4_msgs/include/px4_msgs/px4_msgs/msg/camera_capture.h\n'}
[0.798918] (px4_msgs) StdoutLine: {'line': b'-- Up-to-date: /home/jmj/pro_asp_ws/ws_px4_controls/install/px4_msgs/include/px4_msgs/px4_msgs/msg/open_drone_id_system.h\n'}
[0.798945] (px4_msgs) StdoutLine: {'line': b'-- Up-to-date: /home/jmj/pro_asp_ws/ws_px4_controls/install/px4_msgs/include/px4_msgs/px4_msgs/msg/differential_pressure.h\n'}
[0.798972] (px4_msgs) StdoutLine: {'line': b'-- Up-to-date: /home/jmj/pro_asp_ws/ws_px4_controls/install/px4_msgs/include/px4_msgs/px4_msgs/msg/tecs_status.h\n'}
[0.798998] (px4_msgs) StdoutLine: {'line': b'-- Up-to-date: /home/jmj/pro_asp_ws/ws_px4_controls/install/px4_msgs/include/px4_msgs/px4_msgs/msg/mag_worker_data.h\n'}
[0.799027] (px4_msgs) StdoutLine: {'line': b'-- Up-to-date: /home/jmj/pro_asp_ws/ws_px4_controls/install/px4_msgs/include/px4_msgs/px4_msgs/msg/estimator_aid_source1d.h\n'}
[0.799053] (px4_msgs) StdoutLine: {'line': b'-- Up-to-date: /home/jmj/pro_asp_ws/ws_px4_controls/install/px4_msgs/include/px4_msgs/px4_msgs/msg/geofence_result.h\n'}
[0.799096] (px4_msgs) StdoutLine: {'line': b'-- Up-to-date: /home/jmj/pro_asp_ws/ws_px4_controls/install/px4_msgs/include/px4_msgs/px4_msgs/msg/cpuload.h\n'}
[0.799139] (px4_msgs) StdoutLine: {'line': b'-- Up-to-date: /home/jmj/pro_asp_ws/ws_px4_controls/install/px4_msgs/include/px4_msgs/px4_msgs/msg/estimator_event_flags.h\n'}
[0.799163] (px4_msgs) StdoutLine: {'line': b'-- Up-to-date: /home/jmj/pro_asp_ws/ws_px4_controls/install/px4_msgs/include/px4_msgs/px4_msgs/msg/health_report.h\n'}
[0.799187] (px4_msgs) StdoutLine: {'line': b'-- Up-to-date: /home/jmj/pro_asp_ws/ws_px4_controls/install/px4_msgs/include/px4_msgs/px4_msgs/msg/transponder_report.h\n'}
[0.799210] (px4_msgs) StdoutLine: {'line': b'-- Up-to-date: /home/jmj/pro_asp_ws/ws_px4_controls/install/px4_msgs/include/px4_msgs/px4_msgs/msg/gpio_in.h\n'}
[0.799237] (px4_msgs) StdoutLine: {'line': b'-- Up-to-date: /home/jmj/pro_asp_ws/ws_px4_controls/install/px4_msgs/include/px4_msgs/px4_msgs/msg/landing_target_innovations.h\n'}
[0.799264] (px4_msgs) StdoutLine: {'line': b'-- Up-to-date: /home/jmj/pro_asp_ws/ws_px4_controls/install/px4_msgs/include/px4_msgs/px4_msgs/msg/fixed_wing_lateral_guidance_status.h\n'}
[0.799288] (px4_msgs) StdoutLine: {'line': b'-- Up-to-date: /home/jmj/pro_asp_ws/ws_px4_controls/install/px4_msgs/include/px4_msgs/px4_msgs/msg/distance_sensor_mode_change_request.h\n'}
[0.799312] (px4_msgs) StdoutLine: {'line': b'-- Up-to-date: /home/jmj/pro_asp_ws/ws_px4_controls/install/px4_msgs/include/px4_msgs/px4_msgs/msg/radio_status.h\n'}
[0.799342] (px4_msgs) StdoutLine: {'line': b'-- Up-to-date: /home/jmj/pro_asp_ws/ws_px4_controls/install/px4_msgs/include/px4_msgs/px4_msgs/msg/rover_steering_setpoint.h\n'}
[0.799366] (px4_msgs) StdoutLine: {'line': b'-- Up-to-date: /home/jmj/pro_asp_ws/ws_px4_controls/install/px4_msgs/include/px4_msgs/px4_msgs/msg/mission.h\n'}
[0.799405] (px4_msgs) StdoutLine: {'line': b'-- Up-to-date: /home/jmj/pro_asp_ws/ws_px4_controls/install/px4_msgs/include/px4_msgs/px4_msgs/msg/rc_channels.h\n'}
[0.799432] (px4_msgs) StdoutLine: {'line': b'-- Up-to-date: /home/jmj/pro_asp_ws/ws_px4_controls/install/px4_msgs/include/px4_msgs/px4_msgs/msg/longitudinal_control_configuration.h\n'}
[0.799459] (px4_msgs) StdoutLine: {'line': b'-- Up-to-date: /home/jmj/pro_asp_ws/ws_px4_controls/install/px4_msgs/include/px4_msgs/px4_msgs/msg/manual_control_setpoint.h\n'}
[0.799541] (px4_msgs) StdoutLine: {'line': b'-- Up-to-date: /home/jmj/pro_asp_ws/ws_px4_controls/install/px4_msgs/include/px4_msgs/px4_msgs/msg/action_request.h\n'}
[0.799599] (px4_msgs) StdoutLine: {'line': b'-- Up-to-date: /home/jmj/pro_asp_ws/ws_px4_controls/install/px4_msgs/include/px4_msgs/px4_msgs/msg/goto_setpoint.h\n'}
[0.799807] (px4_msgs) StdoutLine: {'line': b'-- Up-to-date: /home/jmj/pro_asp_ws/ws_px4_controls/install/px4_msgs/include/px4_msgs/px4_msgs/msg/tune_control.h\n'}
[0.799949] (px4_msgs) StdoutLine: {'line': b'-- Up-to-date: /home/jmj/pro_asp_ws/ws_px4_controls/install/px4_msgs/include/px4_msgs/px4_msgs/msg/sensor_hygrometer.h\n'}
[0.799982] (px4_msgs) StdoutLine: {'line': b'-- Up-to-date: /home/jmj/pro_asp_ws/ws_px4_controls/install/px4_msgs/include/px4_msgs/px4_msgs/msg/vehicle_air_data.h\n'}
[0.800011] (px4_msgs) StdoutLine: {'line': b'-- Up-to-date: /home/jmj/pro_asp_ws/ws_px4_controls/install/px4_msgs/include/px4_msgs/px4_msgs/msg/parameter_set_value_request.h\n'}
[0.800037] (px4_msgs) StdoutLine: {'line': b'-- Up-to-date: /home/jmj/pro_asp_ws/ws_px4_controls/install/px4_msgs/include/px4_msgs/px4_msgs/msg/vehicle_command_ack.h\n'}
[0.800064] (px4_msgs) StdoutLine: {'line': b'-- Up-to-date: /home/jmj/pro_asp_ws/ws_px4_controls/install/px4_msgs/include/px4_msgs/px4_msgs/msg/mount_orientation.h\n'}
[0.800090] (px4_msgs) StdoutLine: {'line': b'-- Up-to-date: /home/jmj/pro_asp_ws/ws_px4_controls/install/px4_msgs/include/px4_msgs/px4_msgs/msg/mode_completed.h\n'}
[0.800114] (px4_msgs) StdoutLine: {'line': b'-- Up-to-date: /home/jmj/pro_asp_ws/ws_px4_controls/install/px4_msgs/include/px4_msgs/px4_msgs/msg/fixed_wing_lateral_status.h\n'}
[0.800138] (px4_msgs) StdoutLine: {'line': b'-- Up-to-date: /home/jmj/pro_asp_ws/ws_px4_controls/install/px4_msgs/include/px4_msgs/px4_msgs/msg/orbit_status.h\n'}
[0.800162] (px4_msgs) StdoutLine: {'line': b'-- Up-to-date: /home/jmj/pro_asp_ws/ws_px4_controls/install/px4_msgs/include/px4_msgs/px4_msgs/msg/vehicle_optical_flow.h\n'}
[0.800187] (px4_msgs) StdoutLine: {'line': b'-- Up-to-date: /home/jmj/pro_asp_ws/ws_px4_controls/install/px4_msgs/include/px4_msgs/px4_msgs/msg/autotune_attitude_control_status.h\n'}
[0.800212] (px4_msgs) StdoutLine: {'line': b'-- Up-to-date: /home/jmj/pro_asp_ws/ws_px4_controls/install/px4_msgs/include/px4_msgs/px4_msgs/msg/sensor_gps.h\n'}
[0.800236] (px4_msgs) StdoutLine: {'line': b'-- Up-to-date: /home/jmj/pro_asp_ws/ws_px4_controls/install/px4_msgs/include/px4_msgs/px4_msgs/msg/failure_detector_status.h\n'}
[0.800259] (px4_msgs) StdoutLine: {'line': b'-- Up-to-date: /home/jmj/pro_asp_ws/ws_px4_controls/install/px4_msgs/include/px4_msgs/px4_msgs/msg/follow_target_estimator.h\n'}
[0.800283] (px4_msgs) StdoutLine: {'line': b'-- Up-to-date: /home/jmj/pro_asp_ws/ws_px4_controls/install/px4_msgs/include/px4_msgs/px4_msgs/msg/vehicle_rates_setpoint.h\n'}
[0.800306] (px4_msgs) StdoutLine: {'line': b'-- Up-to-date: /home/jmj/pro_asp_ws/ws_px4_controls/install/px4_msgs/include/px4_msgs/px4_msgs/msg/control_allocator_status.h\n'}
[0.800330] (px4_msgs) StdoutLine: {'line': b'-- Up-to-date: /home/jmj/pro_asp_ws/ws_px4_controls/install/px4_msgs/include/px4_msgs/px4_msgs/msg/vehicle_angular_acceleration_setpoint.h\n'}
[0.800353] (px4_msgs) StdoutLine: {'line': b'-- Up-to-date: /home/jmj/pro_asp_ws/ws_px4_controls/install/px4_msgs/include/px4_msgs/px4_msgs/msg/rover_rate_status.h\n'}
[0.800377] (px4_msgs) StdoutLine: {'line': b'-- Up-to-date: /home/jmj/pro_asp_ws/ws_px4_controls/install/px4_msgs/include/px4_msgs/px4_msgs/msg/vehicle_angular_velocity.h\n'}
[0.800448] (px4_msgs) StdoutLine: {'line': b'-- Up-to-date: /home/jmj/pro_asp_ws/ws_px4_controls/install/px4_msgs/include/px4_msgs/px4_msgs/msg/navigator_mission_item.h\n'}
[0.800473] (px4_msgs) StdoutLine: {'line': b'-- Up-to-date: /home/jmj/pro_asp_ws/ws_px4_controls/install/px4_msgs/include/px4_msgs/px4_msgs/msg/pwm_input.h\n'}
[0.800497] (px4_msgs) StdoutLine: {'line': b'-- Up-to-date: /home/jmj/pro_asp_ws/ws_px4_controls/install/px4_msgs/include/px4_msgs/px4_msgs/msg/gpio_request.h\n'}
[0.800561] (px4_msgs) StdoutLine: {'line': b'-- Up-to-date: /home/jmj/pro_asp_ws/ws_px4_controls/install/px4_msgs/include/px4_msgs/px4_msgs/msg/debug_vect.h\n'}
[0.800617] (px4_msgs) StdoutLine: {'line': b'-- Up-to-date: /home/jmj/pro_asp_ws/ws_px4_controls/install/px4_msgs/include/px4_msgs/px4_msgs/msg/collision_constraints.h\n'}
[0.800642] (px4_msgs) StdoutLine: {'line': b'-- Up-to-date: /home/jmj/pro_asp_ws/ws_px4_controls/install/px4_msgs/include/px4_msgs/px4_msgs/msg/actuator_servos.h\n'}
[0.800667] (px4_msgs) StdoutLine: {'line': b'-- Up-to-date: /home/jmj/pro_asp_ws/ws_px4_controls/install/px4_msgs/include/px4_msgs/px4_msgs/msg/vehicle_thrust_setpoint.h\n'}
[0.800737] (px4_msgs) StdoutLine: {'line': b'-- Up-to-date: /home/jmj/pro_asp_ws/ws_px4_controls/install/px4_msgs/include/px4_msgs/px4_msgs/msg/arming_check_request.h\n'}
[0.800843] (px4_msgs) StdoutLine: {'line': b'-- Up-to-date: /home/jmj/pro_asp_ws/ws_px4_controls/install/px4_msgs/include/px4_msgs/px4_msgs/msg/vehicle_optical_flow_vel.h\n'}
[0.800877] (px4_msgs) StdoutLine: {'line': b'-- Up-to-date: /home/jmj/pro_asp_ws/ws_px4_controls/install/px4_msgs/include/px4_msgs/px4_msgs/msg/vehicle_global_position.h\n'}
[0.800904] (-) TimerEvent: {}
[0.800974] (px4_msgs) StdoutLine: {'line': b'-- Up-to-date: /home/jmj/pro_asp_ws/ws_px4_controls/install/px4_msgs/include/px4_msgs/px4_msgs/msg/ekf2_timestamps.h\n'}
[0.801183] (px4_msgs) StdoutLine: {'line': b'-- Up-to-date: /home/jmj/pro_asp_ws/ws_px4_controls/install/px4_msgs/include/px4_msgs/px4_msgs/msg/config_overrides.h\n'}
[0.801337] (px4_msgs) StdoutLine: {'line': b'-- Up-to-date: /home/jmj/pro_asp_ws/ws_px4_controls/install/px4_msgs/include/px4_msgs/px4_msgs/msg/register_ext_component_request.h\n'}
[0.801525] (px4_msgs) StdoutLine: {'line': b'-- Up-to-date: /home/jmj/pro_asp_ws/ws_px4_controls/install/px4_msgs/include/px4_msgs/px4_msgs/msg/magnetometer_bias_estimate.h\n'}
[0.801718] (px4_msgs) StdoutLine: {'line': b'-- Up-to-date: /home/jmj/pro_asp_ws/ws_px4_controls/install/px4_msgs/include/px4_msgs/px4_msgs/msg/internal_combustion_engine_control.h\n'}
[0.801909] (px4_msgs) StdoutLine: {'line': b'-- Up-to-date: /home/jmj/pro_asp_ws/ws_px4_controls/install/px4_msgs/include/px4_msgs/px4_msgs/msg/sensor_gyro_fifo.h\n'}
[0.802031] (px4_msgs) StdoutLine: {'line': b'-- Up-to-date: /home/jmj/pro_asp_ws/ws_px4_controls/install/px4_msgs/include/px4_msgs/px4_msgs/msg/camera_status.h\n'}
[0.802143] (px4_msgs) StdoutLine: {'line': b'-- Up-to-date: /home/jmj/pro_asp_ws/ws_px4_controls/install/px4_msgs/share/px4_msgs/environment/library_path.sh\n'}
[0.802259] (px4_msgs) StdoutLine: {'line': b'-- Up-to-date: /home/jmj/pro_asp_ws/ws_px4_controls/install/px4_msgs/share/px4_msgs/environment/library_path.dsv\n'}
[0.802373] (px4_msgs) StdoutLine: {'line': b'-- Up-to-date: /home/jmj/pro_asp_ws/ws_px4_controls/install/px4_msgs/lib/libpx4_msgs__rosidl_generator_c.so\n'}
[0.802535] (px4_msgs) StdoutLine: {'line': b'-- Up-to-date: /home/jmj/pro_asp_ws/ws_px4_controls/install/px4_msgs/include/px4_msgs/px4_msgs\n'}
[0.802647] (px4_msgs) StdoutLine: {'line': b'-- Up-to-date: /home/jmj/pro_asp_ws/ws_px4_controls/install/px4_msgs/include/px4_msgs/px4_msgs/srv\n'}
[0.802767] (px4_msgs) StdoutLine: {'line': b'-- Up-to-date: /home/jmj/pro_asp_ws/ws_px4_controls/install/px4_msgs/include/px4_msgs/px4_msgs/srv/detail\n'}
[0.802906] (px4_msgs) StdoutLine: {'line': b'-- Up-to-date: /home/jmj/pro_asp_ws/ws_px4_controls/install/px4_msgs/include/px4_msgs/px4_msgs/srv/detail/vehicle_command__rosidl_typesupport_fastrtps_c.h\n'}
[0.803024] (px4_msgs) StdoutLine: {'line': b'-- Up-to-date: /home/jmj/pro_asp_ws/ws_px4_controls/install/px4_msgs/include/px4_msgs/px4_msgs/msg\n'}
[0.803142] (px4_msgs) StdoutLine: {'line': b'-- Up-to-date: /home/jmj/pro_asp_ws/ws_px4_controls/install/px4_msgs/include/px4_msgs/px4_msgs/msg/detail\n'}
[0.803260] (px4_msgs) StdoutLine: {'line': b'-- Up-to-date: /home/jmj/pro_asp_ws/ws_px4_controls/install/px4_msgs/include/px4_msgs/px4_msgs/msg/detail/estimator_aid_source2d__rosidl_typesupport_fastrtps_c.h\n'}
[0.803337] (px4_msgs) StdoutLine: {'line': b'-- Up-to-date: /home/jmj/pro_asp_ws/ws_px4_controls/install/px4_msgs/include/px4_msgs/px4_msgs/msg/detail/offboard_control_mode__rosidl_typesupport_fastrtps_c.h\n'}
[0.803410] (px4_msgs) StdoutLine: {'line': b'-- Up-to-date: /home/jmj/pro_asp_ws/ws_px4_controls/install/px4_msgs/include/px4_msgs/px4_msgs/msg/detail/figure_eight_status__rosidl_typesupport_fastrtps_c.h\n'}
[0.803474] (px4_msgs) StdoutLine: {'line': b'-- Up-to-date: /home/jmj/pro_asp_ws/ws_px4_controls/install/px4_msgs/include/px4_msgs/px4_msgs/msg/detail/sensors_status__rosidl_typesupport_fastrtps_c.h\n'}
[0.803535] (px4_msgs) StdoutLine: {'line': b'-- Up-to-date: /home/jmj/pro_asp_ws/ws_px4_controls/install/px4_msgs/include/px4_msgs/px4_msgs/msg/detail/landing_target_innovations__rosidl_typesupport_fastrtps_c.h\n'}
[0.803600] (px4_msgs) StdoutLine: {'line': b'-- Up-to-date: /home/jmj/pro_asp_ws/ws_px4_controls/install/px4_msgs/include/px4_msgs/px4_msgs/msg/detail/rover_attitude_setpoint__rosidl_typesupport_fastrtps_c.h\n'}
[0.803664] (px4_msgs) StdoutLine: {'line': b'-- Up-to-date: /home/jmj/pro_asp_ws/ws_px4_controls/install/px4_msgs/include/px4_msgs/px4_msgs/msg/detail/adc_report__rosidl_typesupport_fastrtps_c.h\n'}
[0.803756] (px4_msgs) StdoutLine: {'line': b'-- Up-to-date: /home/jmj/pro_asp_ws/ws_px4_controls/install/px4_msgs/include/px4_msgs/px4_msgs/msg/detail/estimator_status__rosidl_typesupport_fastrtps_c.h\n'}
[0.803837] (px4_msgs) StdoutLine: {'line': b'-- Up-to-date: /home/jmj/pro_asp_ws/ws_px4_controls/install/px4_msgs/include/px4_msgs/px4_msgs/msg/detail/differential_pressure__rosidl_typesupport_fastrtps_c.h\n'}
[0.803904] (px4_msgs) StdoutLine: {'line': b'-- Up-to-date: /home/jmj/pro_asp_ws/ws_px4_controls/install/px4_msgs/include/px4_msgs/px4_msgs/msg/detail/camera_capture__rosidl_typesupport_fastrtps_c.h\n'}
[0.803973] (px4_msgs) StdoutLine: {'line': b'-- Up-to-date: /home/jmj/pro_asp_ws/ws_px4_controls/install/px4_msgs/include/px4_msgs/px4_msgs/msg/detail/rtl_time_estimate__rosidl_typesupport_fastrtps_c.h\n'}
[0.804036] (px4_msgs) StdoutLine: {'line': b'-- Up-to-date: /home/jmj/pro_asp_ws/ws_px4_controls/install/px4_msgs/include/px4_msgs/px4_msgs/msg/detail/open_drone_id_arm_status__rosidl_typesupport_fastrtps_c.h\n'}
[0.804125] (px4_msgs) StdoutLine: {'line': b'-- Up-to-date: /home/jmj/pro_asp_ws/ws_px4_controls/install/px4_msgs/include/px4_msgs/px4_msgs/msg/detail/parameter_set_value_request__rosidl_typesupport_fastrtps_c.h\n'}
[0.804161] (px4_msgs) StdoutLine: {'line': b'-- Up-to-date: /home/jmj/pro_asp_ws/ws_px4_controls/install/px4_msgs/include/px4_msgs/px4_msgs/msg/detail/navigator_mission_item__rosidl_typesupport_fastrtps_c.h\n'}
[0.804186] (px4_msgs) StdoutLine: {'line': b'-- Up-to-date: /home/jmj/pro_asp_ws/ws_px4_controls/install/px4_msgs/include/px4_msgs/px4_msgs/msg/detail/vehicle_air_data__rosidl_typesupport_fastrtps_c.h\n'}
[0.804210] (px4_msgs) StdoutLine: {'line': b'-- Up-to-date: /home/jmj/pro_asp_ws/ws_px4_controls/install/px4_msgs/include/px4_msgs/px4_msgs/msg/detail/pwm_input__rosidl_typesupport_fastrtps_c.h\n'}
[0.804233] (px4_msgs) StdoutLine: {'line': b'-- Up-to-date: /home/jmj/pro_asp_ws/ws_px4_controls/install/px4_msgs/include/px4_msgs/px4_msgs/msg/detail/mission_result__rosidl_typesupport_fastrtps_c.h\n'}
[0.804255] (px4_msgs) StdoutLine: {'line': b'-- Up-to-date: /home/jmj/pro_asp_ws/ws_px4_controls/install/px4_msgs/include/px4_msgs/px4_msgs/msg/detail/orb_test_large__rosidl_typesupport_fastrtps_c.h\n'}
[0.804278] (px4_msgs) StdoutLine: {'line': b'-- Up-to-date: /home/jmj/pro_asp_ws/ws_px4_controls/install/px4_msgs/include/px4_msgs/px4_msgs/msg/detail/estimator_bias3d__rosidl_typesupport_fastrtps_c.h\n'}
[0.804301] (px4_msgs) StdoutLine: {'line': b'-- Up-to-date: /home/jmj/pro_asp_ws/ws_px4_controls/install/px4_msgs/include/px4_msgs/px4_msgs/msg/detail/vehicle_constraints__rosidl_typesupport_fastrtps_c.h\n'}
[0.804324] (px4_msgs) StdoutLine: {'line': b'-- Up-to-date: /home/jmj/pro_asp_ws/ws_px4_controls/install/px4_msgs/include/px4_msgs/px4_msgs/msg/detail/sensor_optical_flow__rosidl_typesupport_fastrtps_c.h\n'}
[0.804346] (px4_msgs) StdoutLine: {'line': b'-- Up-to-date: /home/jmj/pro_asp_ws/ws_px4_controls/install/px4_msgs/include/px4_msgs/px4_msgs/msg/detail/rc_channels__rosidl_typesupport_fastrtps_c.h\n'}
[0.804374] (px4_msgs) StdoutLine: {'line': b'-- Up-to-date: /home/jmj/pro_asp_ws/ws_px4_controls/install/px4_msgs/include/px4_msgs/px4_msgs/msg/detail/geofence_result__rosidl_typesupport_fastrtps_c.h\n'}
[0.804399] (px4_msgs) StdoutLine: {'line': b'-- Up-to-date: /home/jmj/pro_asp_ws/ws_px4_controls/install/px4_msgs/include/px4_msgs/px4_msgs/msg/detail/power_button_state__rosidl_typesupport_fastrtps_c.h\n'}
[0.804424] (px4_msgs) StdoutLine: {'line': b'-- Up-to-date: /home/jmj/pro_asp_ws/ws_px4_controls/install/px4_msgs/include/px4_msgs/px4_msgs/msg/detail/gimbal_manager_set_attitude__rosidl_typesupport_fastrtps_c.h\n'}
[0.804447] (px4_msgs) StdoutLine: {'line': b'-- Up-to-date: /home/jmj/pro_asp_ws/ws_px4_controls/install/px4_msgs/include/px4_msgs/px4_msgs/msg/detail/logger_status__rosidl_typesupport_fastrtps_c.h\n'}
[0.804471] (px4_msgs) StdoutLine: {'line': b'-- Up-to-date: /home/jmj/pro_asp_ws/ws_px4_controls/install/px4_msgs/include/px4_msgs/px4_msgs/msg/detail/vehicle_odometry__rosidl_typesupport_fastrtps_c.h\n'}
[0.804492] (px4_msgs) StdoutLine: {'line': b'-- Up-to-date: /home/jmj/pro_asp_ws/ws_px4_controls/install/px4_msgs/include/px4_msgs/px4_msgs/msg/detail/gpio_in__rosidl_typesupport_fastrtps_c.h\n'}
[0.804513] (px4_msgs) StdoutLine: {'line': b'-- Up-to-date: /home/jmj/pro_asp_ws/ws_px4_controls/install/px4_msgs/include/px4_msgs/px4_msgs/msg/detail/vehicle_command__rosidl_typesupport_fastrtps_c.h\n'}
[0.804535] (px4_msgs) StdoutLine: {'line': b'-- Up-to-date: /home/jmj/pro_asp_ws/ws_px4_controls/install/px4_msgs/include/px4_msgs/px4_msgs/msg/detail/orbit_status__rosidl_typesupport_fastrtps_c.h\n'}
[0.804556] (px4_msgs) StdoutLine: {'line': b'-- Up-to-date: /home/jmj/pro_asp_ws/ws_px4_controls/install/px4_msgs/include/px4_msgs/px4_msgs/msg/detail/vehicle_optical_flow_vel__rosidl_typesupport_fastrtps_c.h\n'}
[0.804578] (px4_msgs) StdoutLine: {'line': b'-- Up-to-date: /home/jmj/pro_asp_ws/ws_px4_controls/install/px4_msgs/include/px4_msgs/px4_msgs/msg/detail/gimbal_device_information__rosidl_typesupport_fastrtps_c.h\n'}
[0.804599] (px4_msgs) StdoutLine: {'line': b'-- Up-to-date: /home/jmj/pro_asp_ws/ws_px4_controls/install/px4_msgs/include/px4_msgs/px4_msgs/msg/detail/estimator_bias__rosidl_typesupport_fastrtps_c.h\n'}
[0.804626] (px4_msgs) StdoutLine: {'line': b'-- Up-to-date: /home/jmj/pro_asp_ws/ws_px4_controls/install/px4_msgs/include/px4_msgs/px4_msgs/msg/detail/rtl_status__rosidl_typesupport_fastrtps_c.h\n'}
[0.804647] (px4_msgs) StdoutLine: {'line': b'-- Up-to-date: /home/jmj/pro_asp_ws/ws_px4_controls/install/px4_msgs/include/px4_msgs/px4_msgs/msg/detail/orb_test__rosidl_typesupport_fastrtps_c.h\n'}
[0.804671] (px4_msgs) StdoutLine: {'line': b'-- Up-to-date: /home/jmj/pro_asp_ws/ws_px4_controls/install/px4_msgs/include/px4_msgs/px4_msgs/msg/detail/gpio_request__rosidl_typesupport_fastrtps_c.h\n'}
[0.804693] (px4_msgs) StdoutLine: {'line': b'-- Up-to-date: /home/jmj/pro_asp_ws/ws_px4_controls/install/px4_msgs/include/px4_msgs/px4_msgs/msg/detail/home_position__rosidl_typesupport_fastrtps_c.h\n'}
[0.804716] (px4_msgs) StdoutLine: {'line': b'-- Up-to-date: /home/jmj/pro_asp_ws/ws_px4_controls/install/px4_msgs/include/px4_msgs/px4_msgs/msg/detail/heater_status__rosidl_typesupport_fastrtps_c.h\n'}
[0.804738] (px4_msgs) StdoutLine: {'line': b'-- Up-to-date: /home/jmj/pro_asp_ws/ws_px4_controls/install/px4_msgs/include/px4_msgs/px4_msgs/msg/detail/actuator_servos_trim__rosidl_typesupport_fastrtps_c.h\n'}
[0.804769] (px4_msgs) StdoutLine: {'line': b'-- Up-to-date: /home/jmj/pro_asp_ws/ws_px4_controls/install/px4_msgs/include/px4_msgs/px4_msgs/msg/detail/mavlink_log__rosidl_typesupport_fastrtps_c.h\n'}
[0.804793] (px4_msgs) StdoutLine: {'line': b'-- Up-to-date: /home/jmj/pro_asp_ws/ws_px4_controls/install/px4_msgs/include/px4_msgs/px4_msgs/msg/detail/timesync_status__rosidl_typesupport_fastrtps_c.h\n'}
[0.804815] (px4_msgs) StdoutLine: {'line': b'-- Up-to-date: /home/jmj/pro_asp_ws/ws_px4_controls/install/px4_msgs/include/px4_msgs/px4_msgs/msg/detail/generator_status__rosidl_typesupport_fastrtps_c.h\n'}
[0.804839] (px4_msgs) StdoutLine: {'line': b'-- Up-to-date: /home/jmj/pro_asp_ws/ws_px4_controls/install/px4_msgs/include/px4_msgs/px4_msgs/msg/detail/rover_attitude_status__rosidl_typesupport_fastrtps_c.h\n'}
[0.804861] (px4_msgs) StdoutLine: {'line': b'-- Up-to-date: /home/jmj/pro_asp_ws/ws_px4_controls/install/px4_msgs/include/px4_msgs/px4_msgs/msg/detail/gimbal_controls__rosidl_typesupport_fastrtps_c.h\n'}
[0.804882] (px4_msgs) StdoutLine: {'line': b'-- Up-to-date: /home/jmj/pro_asp_ws/ws_px4_controls/install/px4_msgs/include/px4_msgs/px4_msgs/msg/detail/iridiumsbd_status__rosidl_typesupport_fastrtps_c.h\n'}
[0.804904] (px4_msgs) StdoutLine: {'line': b'-- Up-to-date: /home/jmj/pro_asp_ws/ws_px4_controls/install/px4_msgs/include/px4_msgs/px4_msgs/msg/detail/open_drone_id_self_id__rosidl_typesupport_fastrtps_c.h\n'}
[0.804925] (px4_msgs) StdoutLine: {'line': b'-- Up-to-date: /home/jmj/pro_asp_ws/ws_px4_controls/install/px4_msgs/include/px4_msgs/px4_msgs/msg/detail/pure_pursuit_status__rosidl_typesupport_fastrtps_c.h\n'}
[0.804946] (px4_msgs) StdoutLine: {'line': b'-- Up-to-date: /home/jmj/pro_asp_ws/ws_px4_controls/install/px4_msgs/include/px4_msgs/px4_msgs/msg/detail/position_setpoint__rosidl_typesupport_fastrtps_c.h\n'}
[0.804968] (px4_msgs) StdoutLine: {'line': b'-- Up-to-date: /home/jmj/pro_asp_ws/ws_px4_controls/install/px4_msgs/include/px4_msgs/px4_msgs/msg/detail/rate_ctrl_status__rosidl_typesupport_fastrtps_c.h\n'}
[0.804989] (px4_msgs) StdoutLine: {'line': b'-- Up-to-date: /home/jmj/pro_asp_ws/ws_px4_controls/install/px4_msgs/include/px4_msgs/px4_msgs/msg/detail/position_controller_landing_status__rosidl_typesupport_fastrtps_c.h\n'}
[0.805011] (px4_msgs) StdoutLine: {'line': b'-- Up-to-date: /home/jmj/pro_asp_ws/ws_px4_controls/install/px4_msgs/include/px4_msgs/px4_msgs/msg/detail/goto_setpoint__rosidl_typesupport_fastrtps_c.h\n'}
[0.805032] (px4_msgs) StdoutLine: {'line': b'-- Up-to-date: /home/jmj/pro_asp_ws/ws_px4_controls/install/px4_msgs/include/px4_msgs/px4_msgs/msg/detail/failsafe_flags__rosidl_typesupport_fastrtps_c.h\n'}
[0.805053] (px4_msgs) StdoutLine: {'line': b'-- Up-to-date: /home/jmj/pro_asp_ws/ws_px4_controls/install/px4_msgs/include/px4_msgs/px4_msgs/msg/detail/sensor_selection__rosidl_typesupport_fastrtps_c.h\n'}
[0.805075] (px4_msgs) StdoutLine: {'line': b'-- Up-to-date: /home/jmj/pro_asp_ws/ws_px4_controls/install/px4_msgs/include/px4_msgs/px4_msgs/msg/detail/sensor_mag__rosidl_typesupport_fastrtps_c.h\n'}
[0.805096] (px4_msgs) StdoutLine: {'line': b'-- Up-to-date: /home/jmj/pro_asp_ws/ws_px4_controls/install/px4_msgs/include/px4_msgs/px4_msgs/msg/detail/longitudinal_control_configuration__rosidl_typesupport_fastrtps_c.h\n'}
[0.805118] (px4_msgs) StdoutLine: {'line': b'-- Up-to-date: /home/jmj/pro_asp_ws/ws_px4_controls/install/px4_msgs/include/px4_msgs/px4_msgs/msg/detail/gimbal_device_set_attitude__rosidl_typesupport_fastrtps_c.h\n'}
[0.805140] (px4_msgs) StdoutLine: {'line': b'-- Up-to-date: /home/jmj/pro_asp_ws/ws_px4_controls/install/px4_msgs/include/px4_msgs/px4_msgs/msg/detail/mag_worker_data__rosidl_typesupport_fastrtps_c.h\n'}
[0.805161] (px4_msgs) StdoutLine: {'line': b'-- Up-to-date: /home/jmj/pro_asp_ws/ws_px4_controls/install/px4_msgs/include/px4_msgs/px4_msgs/msg/detail/vehicle_magnetometer__rosidl_typesupport_fastrtps_c.h\n'}
[0.805184] (px4_msgs) StdoutLine: {'line': b'-- Up-to-date: /home/jmj/pro_asp_ws/ws_px4_controls/install/px4_msgs/include/px4_msgs/px4_msgs/msg/detail/debug_array__rosidl_typesupport_fastrtps_c.h\n'}
[0.805210] (px4_msgs) StdoutLine: {'line': b'-- Up-to-date: /home/jmj/pro_asp_ws/ws_px4_controls/install/px4_msgs/include/px4_msgs/px4_msgs/msg/detail/debug_value__rosidl_typesupport_fastrtps_c.h\n'}
[0.805234] (px4_msgs) StdoutLine: {'line': b'-- Up-to-date: /home/jmj/pro_asp_ws/ws_px4_controls/install/px4_msgs/include/px4_msgs/px4_msgs/msg/detail/ulog_stream__rosidl_typesupport_fastrtps_c.h\n'}
[0.805255] (px4_msgs) StdoutLine: {'line': b'-- Up-to-date: /home/jmj/pro_asp_ws/ws_px4_controls/install/px4_msgs/include/px4_msgs/px4_msgs/msg/detail/manual_control_switches__rosidl_typesupport_fastrtps_c.h\n'}
[0.805279] (px4_msgs) StdoutLine: {'line': b'-- Up-to-date: /home/jmj/pro_asp_ws/ws_px4_controls/install/px4_msgs/include/px4_msgs/px4_msgs/msg/detail/sensor_gyro_fifo__rosidl_typesupport_fastrtps_c.h\n'}
[0.805301] (px4_msgs) StdoutLine: {'line': b'-- Up-to-date: /home/jmj/pro_asp_ws/ws_px4_controls/install/px4_msgs/include/px4_msgs/px4_msgs/msg/detail/gps_inject_data__rosidl_typesupport_fastrtps_c.h\n'}
[0.805322] (px4_msgs) StdoutLine: {'line': b'-- Up-to-date: /home/jmj/pro_asp_ws/ws_px4_controls/install/px4_msgs/include/px4_msgs/px4_msgs/msg/detail/sensor_correction__rosidl_typesupport_fastrtps_c.h\n'}
[0.805343] (px4_msgs) StdoutLine: {'line': b'-- Up-to-date: /home/jmj/pro_asp_ws/ws_px4_controls/install/px4_msgs/include/px4_msgs/px4_msgs/msg/detail/wheel_encoders__rosidl_typesupport_fastrtps_c.h\n'}
[0.805364] (px4_msgs) StdoutLine: {'line': b'-- Up-to-date: /home/jmj/pro_asp_ws/ws_px4_controls/install/px4_msgs/include/px4_msgs/px4_msgs/msg/detail/follow_target__rosidl_typesupport_fastrtps_c.h\n'}
[0.805386] (px4_msgs) StdoutLine: {'line': b'-- Up-to-date: /home/jmj/pro_asp_ws/ws_px4_controls/install/px4_msgs/include/px4_msgs/px4_msgs/msg/detail/vehicle_global_position__rosidl_typesupport_fastrtps_c.h\n'}
[0.805409] (px4_msgs) StdoutLine: {'line': b'-- Up-to-date: /home/jmj/pro_asp_ws/ws_px4_controls/install/px4_msgs/include/px4_msgs/px4_msgs/msg/detail/vehicle_torque_setpoint__rosidl_typesupport_fastrtps_c.h\n'}
[0.805432] (px4_msgs) StdoutLine: {'line': b'-- Up-to-date: /home/jmj/pro_asp_ws/ws_px4_controls/install/px4_msgs/include/px4_msgs/px4_msgs/msg/detail/dataman_response__rosidl_typesupport_fastrtps_c.h\n'}
[0.805453] (px4_msgs) StdoutLine: {'line': b'-- Up-to-date: /home/jmj/pro_asp_ws/ws_px4_controls/install/px4_msgs/include/px4_msgs/px4_msgs/msg/detail/fuel_tank_status__rosidl_typesupport_fastrtps_c.h\n'}
[0.805476] (px4_msgs) StdoutLine: {'line': b'-- Up-to-date: /home/jmj/pro_asp_ws/ws_px4_controls/install/px4_msgs/include/px4_msgs/px4_msgs/msg/detail/follow_target_estimator__rosidl_typesupport_fastrtps_c.h\n'}
[0.805497] (px4_msgs) StdoutLine: {'line': b'-- Up-to-date: /home/jmj/pro_asp_ws/ws_px4_controls/install/px4_msgs/include/px4_msgs/px4_msgs/msg/detail/gimbal_manager_information__rosidl_typesupport_fastrtps_c.h\n'}
[0.805519] (px4_msgs) StdoutLine: {'line': b'-- Up-to-date: /home/jmj/pro_asp_ws/ws_px4_controls/install/px4_msgs/include/px4_msgs/px4_msgs/msg/detail/estimator_aid_source1d__rosidl_typesupport_fastrtps_c.h\n'}
[0.805540] (px4_msgs) StdoutLine: {'line': b'-- Up-to-date: /home/jmj/pro_asp_ws/ws_px4_controls/install/px4_msgs/include/px4_msgs/px4_msgs/msg/detail/config_overrides__rosidl_typesupport_fastrtps_c.h\n'}
[0.805561] (px4_msgs) StdoutLine: {'line': b'-- Up-to-date: /home/jmj/pro_asp_ws/ws_px4_controls/install/px4_msgs/include/px4_msgs/px4_msgs/msg/detail/tiltrotor_extra_controls__rosidl_typesupport_fastrtps_c.h\n'}
[0.805583] (px4_msgs) StdoutLine: {'line': b'-- Up-to-date: /home/jmj/pro_asp_ws/ws_px4_controls/install/px4_msgs/include/px4_msgs/px4_msgs/msg/detail/esc_status__rosidl_typesupport_fastrtps_c.h\n'}
[0.805604] (px4_msgs) StdoutLine: {'line': b'-- Up-to-date: /home/jmj/pro_asp_ws/ws_px4_controls/install/px4_msgs/include/px4_msgs/px4_msgs/msg/detail/autotune_attitude_control_status__rosidl_typesupport_fastrtps_c.h\n'}
[0.805626] (px4_msgs) StdoutLine: {'line': b'-- Up-to-date: /home/jmj/pro_asp_ws/ws_px4_controls/install/px4_msgs/include/px4_msgs/px4_msgs/msg/detail/trajectory_setpoint6dof__rosidl_typesupport_fastrtps_c.h\n'}
[0.805647] (px4_msgs) StdoutLine: {'line': b'-- Up-to-date: /home/jmj/pro_asp_ws/ws_px4_controls/install/px4_msgs/include/px4_msgs/px4_msgs/msg/detail/estimator_aid_source3d__rosidl_typesupport_fastrtps_c.h\n'}
[0.805667] (px4_msgs) StdoutLine: {'line': b'-- Up-to-date: /home/jmj/pro_asp_ws/ws_px4_controls/install/px4_msgs/include/px4_msgs/px4_msgs/msg/detail/ekf2_timestamps__rosidl_typesupport_fastrtps_c.h\n'}
[0.805693] (px4_msgs) StdoutLine: {'line': b'-- Up-to-date: /home/jmj/pro_asp_ws/ws_px4_controls/install/px4_msgs/include/px4_msgs/px4_msgs/msg/detail/landing_gear_wheel__rosidl_typesupport_fastrtps_c.h\n'}
[0.805714] (px4_msgs) StdoutLine: {'line': b'-- Up-to-date: /home/jmj/pro_asp_ws/ws_px4_controls/install/px4_msgs/include/px4_msgs/px4_msgs/msg/detail/sensor_gps__rosidl_typesupport_fastrtps_c.h\n'}
[0.805735] (px4_msgs) StdoutLine: {'line': b'-- Up-to-date: /home/jmj/pro_asp_ws/ws_px4_controls/install/px4_msgs/include/px4_msgs/px4_msgs/msg/detail/ulog_stream_ack__rosidl_typesupport_fastrtps_c.h\n'}
[0.805764] (px4_msgs) StdoutLine: {'line': b'-- Up-to-date: /home/jmj/pro_asp_ws/ws_px4_controls/install/px4_msgs/include/px4_msgs/px4_msgs/msg/detail/airspeed_wind__rosidl_typesupport_fastrtps_c.h\n'}
[0.805790] (px4_msgs) StdoutLine: {'line': b'-- Up-to-date: /home/jmj/pro_asp_ws/ws_px4_controls/install/px4_msgs/include/px4_msgs/px4_msgs/msg/detail/can_interface_status__rosidl_typesupport_fastrtps_c.h\n'}
[0.805812] (px4_msgs) StdoutLine: {'line': b'-- Up-to-date: /home/jmj/pro_asp_ws/ws_px4_controls/install/px4_msgs/include/px4_msgs/px4_msgs/msg/detail/transponder_report__rosidl_typesupport_fastrtps_c.h\n'}
[0.805834] (px4_msgs) StdoutLine: {'line': b'-- Up-to-date: /home/jmj/pro_asp_ws/ws_px4_controls/install/px4_msgs/include/px4_msgs/px4_msgs/msg/detail/parameter_update__rosidl_typesupport_fastrtps_c.h\n'}
[0.805856] (px4_msgs) StdoutLine: {'line': b'-- Up-to-date: /home/jmj/pro_asp_ws/ws_px4_controls/install/px4_msgs/include/px4_msgs/px4_msgs/msg/detail/manual_control_setpoint__rosidl_typesupport_fastrtps_c.h\n'}
[0.805877] (px4_msgs) StdoutLine: {'line': b'-- Up-to-date: /home/jmj/pro_asp_ws/ws_px4_controls/install/px4_msgs/include/px4_msgs/px4_msgs/msg/detail/esc_report__rosidl_typesupport_fastrtps_c.h\n'}
[0.805898] (px4_msgs) StdoutLine: {'line': b'-- Up-to-date: /home/jmj/pro_asp_ws/ws_px4_controls/install/px4_msgs/include/px4_msgs/px4_msgs/msg/detail/control_allocator_status__rosidl_typesupport_fastrtps_c.h\n'}
[0.805918] (px4_msgs) StdoutLine: {'line': b'-- Up-to-date: /home/jmj/pro_asp_ws/ws_px4_controls/install/px4_msgs/include/px4_msgs/px4_msgs/msg/detail/fixed_wing_runway_control__rosidl_typesupport_fastrtps_c.h\n'}
[0.805939] (px4_msgs) StdoutLine: {'line': b'-- Up-to-date: /home/jmj/pro_asp_ws/ws_px4_controls/install/px4_msgs/include/px4_msgs/px4_msgs/msg/detail/debug_vect__rosidl_typesupport_fastrtps_c.h\n'}
[0.805960] (px4_msgs) StdoutLine: {'line': b'-- Up-to-date: /home/jmj/pro_asp_ws/ws_px4_controls/install/px4_msgs/include/px4_msgs/px4_msgs/msg/detail/vehicle_local_position__rosidl_typesupport_fastrtps_c.h\n'}
[0.805981] (px4_msgs) StdoutLine: {'line': b'-- Up-to-date: /home/jmj/pro_asp_ws/ws_px4_controls/install/px4_msgs/include/px4_msgs/px4_msgs/msg/detail/rover_velocity_setpoint__rosidl_typesupport_fastrtps_c.h\n'}
[0.806002] (px4_msgs) StdoutLine: {'line': b'-- Up-to-date: /home/jmj/pro_asp_ws/ws_px4_controls/install/px4_msgs/include/px4_msgs/px4_msgs/msg/detail/estimator_selector_status__rosidl_typesupport_fastrtps_c.h\n'}
[0.806023] (px4_msgs) StdoutLine: {'line': b'-- Up-to-date: /home/jmj/pro_asp_ws/ws_px4_controls/install/px4_msgs/include/px4_msgs/px4_msgs/msg/detail/event__rosidl_typesupport_fastrtps_c.h\n'}
[0.806044] (px4_msgs) StdoutLine: {'line': b'-- Up-to-date: /home/jmj/pro_asp_ws/ws_px4_controls/install/px4_msgs/include/px4_msgs/px4_msgs/msg/detail/qshell_req__rosidl_typesupport_fastrtps_c.h\n'}
[0.806065] (px4_msgs) StdoutLine: {'line': b'-- Up-to-date: /home/jmj/pro_asp_ws/ws_px4_controls/install/px4_msgs/include/px4_msgs/px4_msgs/msg/detail/debug_key_value__rosidl_typesupport_fastrtps_c.h\n'}
[0.806087] (px4_msgs) StdoutLine: {'line': b'-- Up-to-date: /home/jmj/pro_asp_ws/ws_px4_controls/install/px4_msgs/include/px4_msgs/px4_msgs/msg/detail/power_monitor__rosidl_typesupport_fastrtps_c.h\n'}
[0.806108] (px4_msgs) StdoutLine: {'line': b'-- Up-to-date: /home/jmj/pro_asp_ws/ws_px4_controls/install/px4_msgs/include/px4_msgs/px4_msgs/msg/detail/dataman_request__rosidl_typesupport_fastrtps_c.h\n'}
[0.806132] (px4_msgs) StdoutLine: {'line': b'-- Up-to-date: /home/jmj/pro_asp_ws/ws_px4_controls/install/px4_msgs/include/px4_msgs/px4_msgs/msg/detail/vehicle_control_mode__rosidl_typesupport_fastrtps_c.h\n'}
[0.806154] (px4_msgs) StdoutLine: {'line': b'-- Up-to-date: /home/jmj/pro_asp_ws/ws_px4_controls/install/px4_msgs/include/px4_msgs/px4_msgs/msg/detail/battery_status__rosidl_typesupport_fastrtps_c.h\n'}
[0.806176] (px4_msgs) StdoutLine: {'line': b'-- Up-to-date: /home/jmj/pro_asp_ws/ws_px4_controls/install/px4_msgs/include/px4_msgs/px4_msgs/msg/detail/vehicle_angular_acceleration_setpoint__rosidl_typesupport_fastrtps_c.h\n'}
[0.806197] (px4_msgs) StdoutLine: {'line': b'-- Up-to-date: /home/jmj/pro_asp_ws/ws_px4_controls/install/px4_msgs/include/px4_msgs/px4_msgs/msg/detail/camera_trigger__rosidl_typesupport_fastrtps_c.h\n'}
[0.806218] (px4_msgs) StdoutLine: {'line': b'-- Up-to-date: /home/jmj/pro_asp_ws/ws_px4_controls/install/px4_msgs/include/px4_msgs/px4_msgs/msg/detail/action_request__rosidl_typesupport_fastrtps_c.h\n'}
[0.806239] (px4_msgs) StdoutLine: {'line': b'-- Up-to-date: /home/jmj/pro_asp_ws/ws_px4_controls/install/px4_msgs/include/px4_msgs/px4_msgs/msg/detail/sensor_baro__rosidl_typesupport_fastrtps_c.h\n'}
[0.806261] (px4_msgs) StdoutLine: {'line': b'-- Up-to-date: /home/jmj/pro_asp_ws/ws_px4_controls/install/px4_msgs/include/px4_msgs/px4_msgs/msg/detail/pps_capture__rosidl_typesupport_fastrtps_c.h\n'}
[0.806282] (px4_msgs) StdoutLine: {'line': b'-- Up-to-date: /home/jmj/pro_asp_ws/ws_px4_controls/install/px4_msgs/include/px4_msgs/px4_msgs/msg/detail/rover_position_setpoint__rosidl_typesupport_fastrtps_c.h\n'}
[0.806306] (px4_msgs) StdoutLine: {'line': b'-- Up-to-date: /home/jmj/pro_asp_ws/ws_px4_controls/install/px4_msgs/include/px4_msgs/px4_msgs/msg/detail/vehicle_acceleration__rosidl_typesupport_fastrtps_c.h\n'}
[0.806327] (px4_msgs) StdoutLine: {'line': b'-- Up-to-date: /home/jmj/pro_asp_ws/ws_px4_controls/install/px4_msgs/include/px4_msgs/px4_msgs/msg/detail/gimbal_manager_set_manual_control__rosidl_typesupport_fastrtps_c.h\n'}
[0.806352] (px4_msgs) StdoutLine: {'line': b'-- Up-to-date: /home/jmj/pro_asp_ws/ws_px4_controls/install/px4_msgs/include/px4_msgs/px4_msgs/msg/detail/gimbal_manager_status__rosidl_typesupport_fastrtps_c.h\n'}
[0.806374] (px4_msgs) StdoutLine: {'line': b'-- Up-to-date: /home/jmj/pro_asp_ws/ws_px4_controls/install/px4_msgs/include/px4_msgs/px4_msgs/msg/detail/rover_rate_setpoint__rosidl_typesupport_fastrtps_c.h\n'}
[0.806396] (px4_msgs) StdoutLine: {'line': b'-- Up-to-date: /home/jmj/pro_asp_ws/ws_px4_controls/install/px4_msgs/include/px4_msgs/px4_msgs/msg/detail/distance_sensor_mode_change_request__rosidl_typesupport_fastrtps_c.h\n'}
[0.806418] (px4_msgs) StdoutLine: {'line': b'-- Up-to-date: /home/jmj/pro_asp_ws/ws_px4_controls/install/px4_msgs/include/px4_msgs/px4_msgs/msg/detail/mavlink_tunnel__rosidl_typesupport_fastrtps_c.h\n'}
[0.806439] (px4_msgs) StdoutLine: {'line': b'-- Up-to-date: /home/jmj/pro_asp_ws/ws_px4_controls/install/px4_msgs/include/px4_msgs/px4_msgs/msg/detail/position_controller_status__rosidl_typesupport_fastrtps_c.h\n'}
[0.806461] (px4_msgs) StdoutLine: {'line': b'-- Up-to-date: /home/jmj/pro_asp_ws/ws_px4_controls/install/px4_msgs/include/px4_msgs/px4_msgs/msg/detail/camera_status__rosidl_typesupport_fastrtps_c.h\n'}
[0.806482] (px4_msgs) StdoutLine: {'line': b'-- Up-to-date: /home/jmj/pro_asp_ws/ws_px4_controls/install/px4_msgs/include/px4_msgs/px4_msgs/msg/detail/telemetry_status__rosidl_typesupport_fastrtps_c.h\n'}
[0.806503] (px4_msgs) StdoutLine: {'line': b'-- Up-to-date: /home/jmj/pro_asp_ws/ws_px4_controls/install/px4_msgs/include/px4_msgs/px4_msgs/msg/detail/sensor_accel_fifo__rosidl_typesupport_fastrtps_c.h\n'}
[0.806526] (px4_msgs) StdoutLine: {'line': b'-- Up-to-date: /home/jmj/pro_asp_ws/ws_px4_controls/install/px4_msgs/include/px4_msgs/px4_msgs/msg/detail/arming_check_request__rosidl_typesupport_fastrtps_c.h\n'}
[0.806547] (px4_msgs) StdoutLine: {'line': b'-- Up-to-date: /home/jmj/pro_asp_ws/ws_px4_controls/install/px4_msgs/include/px4_msgs/px4_msgs/msg/detail/obstacle_distance__rosidl_typesupport_fastrtps_c.h\n'}
[0.806569] (px4_msgs) StdoutLine: {'line': b'-- Up-to-date: /home/jmj/pro_asp_ws/ws_px4_controls/install/px4_msgs/include/px4_msgs/px4_msgs/msg/detail/tune_control__rosidl_typesupport_fastrtps_c.h\n'}
[0.806590] (px4_msgs) StdoutLine: {'line': b'-- Up-to-date: /home/jmj/pro_asp_ws/ws_px4_controls/install/px4_msgs/include/px4_msgs/px4_msgs/msg/detail/lateral_control_configuration__rosidl_typesupport_fastrtps_c.h\n'}
[0.806611] (px4_msgs) StdoutLine: {'line': b'-- Up-to-date: /home/jmj/pro_asp_ws/ws_px4_controls/install/px4_msgs/include/px4_msgs/px4_msgs/msg/detail/uavcan_parameter_request__rosidl_typesupport_fastrtps_c.h\n'}
[0.806632] (px4_msgs) StdoutLine: {'line': b'-- Up-to-date: /home/jmj/pro_asp_ws/ws_px4_controls/install/px4_msgs/include/px4_msgs/px4_msgs/msg/detail/irlock_report__rosidl_typesupport_fastrtps_c.h\n'}
[0.806654] (px4_msgs) StdoutLine: {'line': b'-- Up-to-date: /home/jmj/pro_asp_ws/ws_px4_controls/install/px4_msgs/include/px4_msgs/px4_msgs/msg/detail/cellular_status__rosidl_typesupport_fastrtps_c.h\n'}
[0.806675] (px4_msgs) StdoutLine: {'line': b'-- Up-to-date: /home/jmj/pro_asp_ws/ws_px4_controls/install/px4_msgs/include/px4_msgs/px4_msgs/msg/detail/velocity_limits__rosidl_typesupport_fastrtps_c.h\n'}
[0.806696] (px4_msgs) StdoutLine: {'line': b'-- Up-to-date: /home/jmj/pro_asp_ws/ws_px4_controls/install/px4_msgs/include/px4_msgs/px4_msgs/msg/detail/gimbal_device_attitude_status__rosidl_typesupport_fastrtps_c.h\n'}
[0.806717] (px4_msgs) StdoutLine: {'line': b'-- Up-to-date: /home/jmj/pro_asp_ws/ws_px4_controls/install/px4_msgs/include/px4_msgs/px4_msgs/msg/detail/vehicle_land_detected__rosidl_typesupport_fastrtps_c.h\n'}
[0.806738] (px4_msgs) StdoutLine: {'line': b'-- Up-to-date: /home/jmj/pro_asp_ws/ws_px4_controls/install/px4_msgs/include/px4_msgs/px4_msgs/msg/detail/vehicle_attitude_setpoint__rosidl_typesupport_fastrtps_c.h\n'}
[0.806765] (px4_msgs) StdoutLine: {'line': b'-- Up-to-date: /home/jmj/pro_asp_ws/ws_px4_controls/install/px4_msgs/include/px4_msgs/px4_msgs/msg/detail/internal_combustion_engine_status__rosidl_typesupport_fastrtps_c.h\n'}
[0.806786] (px4_msgs) StdoutLine: {'line': b'-- Up-to-date: /home/jmj/pro_asp_ws/ws_px4_controls/install/px4_msgs/include/px4_msgs/px4_msgs/msg/detail/led_control__rosidl_typesupport_fastrtps_c.h\n'}
[0.806808] (px4_msgs) StdoutLine: {'line': b'-- Up-to-date: /home/jmj/pro_asp_ws/ws_px4_controls/install/px4_msgs/include/px4_msgs/px4_msgs/msg/detail/radio_status__rosidl_typesupport_fastrtps_c.h\n'}
[0.806831] (px4_msgs) StdoutLine: {'line': b'-- Up-to-date: /home/jmj/pro_asp_ws/ws_px4_controls/install/px4_msgs/include/px4_msgs/px4_msgs/msg/detail/rpm__rosidl_typesupport_fastrtps_c.h\n'}
[0.806852] (px4_msgs) StdoutLine: {'line': b'-- Up-to-date: /home/jmj/pro_asp_ws/ws_px4_controls/install/px4_msgs/include/px4_msgs/px4_msgs/msg/detail/magnetometer_bias_estimate__rosidl_typesupport_fastrtps_c.h\n'}
[0.806875] (px4_msgs) StdoutLine: {'line': b'-- Up-to-date: /home/jmj/pro_asp_ws/ws_px4_controls/install/px4_msgs/include/px4_msgs/px4_msgs/msg/detail/airspeed__rosidl_typesupport_fastrtps_c.h\n'}
[0.806902] (px4_msgs) StdoutLine: {'line': b'-- Up-to-date: /home/jmj/pro_asp_ws/ws_px4_controls/install/px4_msgs/include/px4_msgs/px4_msgs/msg/detail/sensor_accel__rosidl_typesupport_fastrtps_c.h\n'}
[0.806923] (px4_msgs) StdoutLine: {'line': b'-- Up-to-date: /home/jmj/pro_asp_ws/ws_px4_controls/install/px4_msgs/include/px4_msgs/px4_msgs/msg/detail/system_power__rosidl_typesupport_fastrtps_c.h\n'}
[0.806944] (px4_msgs) StdoutLine: {'line': b'-- Up-to-date: /home/jmj/pro_asp_ws/ws_px4_controls/install/px4_msgs/include/px4_msgs/px4_msgs/msg/detail/vehicle_rates_setpoint__rosidl_typesupport_fastrtps_c.h\n'}
[0.806967] (px4_msgs) StdoutLine: {'line': b'-- Up-to-date: /home/jmj/pro_asp_ws/ws_px4_controls/install/px4_msgs/include/px4_msgs/px4_msgs/msg/detail/estimator_status_flags__rosidl_typesupport_fastrtps_c.h\n'}
[0.806989] (px4_msgs) StdoutLine: {'line': b'-- Up-to-date: /home/jmj/pro_asp_ws/ws_px4_controls/install/px4_msgs/include/px4_msgs/px4_msgs/msg/detail/position_setpoint_triplet__rosidl_typesupport_fastrtps_c.h\n'}
[0.807013] (px4_msgs) StdoutLine: {'line': b'-- Up-to-date: /home/jmj/pro_asp_ws/ws_px4_controls/install/px4_msgs/include/px4_msgs/px4_msgs/msg/detail/fixed_wing_longitudinal_setpoint__rosidl_typesupport_fastrtps_c.h\n'}
[0.807036] (px4_msgs) StdoutLine: {'line': b'-- Up-to-date: /home/jmj/pro_asp_ws/ws_px4_controls/install/px4_msgs/include/px4_msgs/px4_msgs/msg/detail/sensor_combined__rosidl_typesupport_fastrtps_c.h\n'}
[0.807059] (px4_msgs) StdoutLine: {'line': b'-- Up-to-date: /home/jmj/pro_asp_ws/ws_px4_controls/install/px4_msgs/include/px4_msgs/px4_msgs/msg/detail/vehicle_optical_flow__rosidl_typesupport_fastrtps_c.h\n'}
[0.807080] (px4_msgs) StdoutLine: {'line': b'-- Up-to-date: /home/jmj/pro_asp_ws/ws_px4_controls/install/px4_msgs/include/px4_msgs/px4_msgs/msg/detail/vtol_vehicle_status__rosidl_typesupport_fastrtps_c.h\n'}
[0.807104] (px4_msgs) StdoutLine: {'line': b'-- Up-to-date: /home/jmj/pro_asp_ws/ws_px4_controls/install/px4_msgs/include/px4_msgs/px4_msgs/msg/detail/sensors_status_imu__rosidl_typesupport_fastrtps_c.h\n'}
[0.807126] (px4_msgs) StdoutLine: {'line': b'-- Up-to-date: /home/jmj/pro_asp_ws/ws_px4_controls/install/px4_msgs/include/px4_msgs/px4_msgs/msg/detail/gripper__rosidl_typesupport_fastrtps_c.h\n'}
[0.807149] (px4_msgs) StdoutLine: {'line': b'-- Up-to-date: /home/jmj/pro_asp_ws/ws_px4_controls/install/px4_msgs/include/px4_msgs/px4_msgs/msg/detail/vehicle_command_ack__rosidl_typesupport_fastrtps_c.h\n'}
[0.807172] (px4_msgs) StdoutLine: {'line': b'-- Up-to-date: /home/jmj/pro_asp_ws/ws_px4_controls/install/px4_msgs/include/px4_msgs/px4_msgs/msg/detail/button_event__rosidl_typesupport_fastrtps_c.h\n'}
[0.807193] (px4_msgs) StdoutLine: {'line': b'-- Up-to-date: /home/jmj/pro_asp_ws/ws_px4_controls/install/px4_msgs/include/px4_msgs/px4_msgs/msg/detail/rover_velocity_status__rosidl_typesupport_fastrtps_c.h\n'}
[0.807214] (px4_msgs) StdoutLine: {'line': b'-- Up-to-date: /home/jmj/pro_asp_ws/ws_px4_controls/install/px4_msgs/include/px4_msgs/px4_msgs/msg/detail/cpuload__rosidl_typesupport_fastrtps_c.h\n'}
[0.807237] (px4_msgs) StdoutLine: {'line': b'-- Up-to-date: /home/jmj/pro_asp_ws/ws_px4_controls/install/px4_msgs/include/px4_msgs/px4_msgs/msg/detail/internal_combustion_engine_control__rosidl_typesupport_fastrtps_c.h\n'}
[0.807259] (px4_msgs) StdoutLine: {'line': b'-- Up-to-date: /home/jmj/pro_asp_ws/ws_px4_controls/install/px4_msgs/include/px4_msgs/px4_msgs/msg/detail/takeoff_status__rosidl_typesupport_fastrtps_c.h\n'}
[0.807280] (px4_msgs) StdoutLine: {'line': b'-- Up-to-date: /home/jmj/pro_asp_ws/ws_px4_controls/install/px4_msgs/include/px4_msgs/px4_msgs/msg/detail/vehicle_imu__rosidl_typesupport_fastrtps_c.h\n'}
[0.807301] (px4_msgs) StdoutLine: {'line': b'-- Up-to-date: /home/jmj/pro_asp_ws/ws_px4_controls/install/px4_msgs/include/px4_msgs/px4_msgs/msg/detail/onboard_computer_status__rosidl_typesupport_fastrtps_c.h\n'}
[0.807322] (px4_msgs) StdoutLine: {'line': b'-- Up-to-date: /home/jmj/pro_asp_ws/ws_px4_controls/install/px4_msgs/include/px4_msgs/px4_msgs/msg/detail/health_report__rosidl_typesupport_fastrtps_c.h\n'}
[0.807347] (px4_msgs) StdoutLine: {'line': b'-- Up-to-date: /home/jmj/pro_asp_ws/ws_px4_controls/install/px4_msgs/include/px4_msgs/px4_msgs/msg/detail/landing_gear__rosidl_typesupport_fastrtps_c.h\n'}
[0.807374] (px4_msgs) StdoutLine: {'line': b'-- Up-to-date: /home/jmj/pro_asp_ws/ws_px4_controls/install/px4_msgs/include/px4_msgs/px4_msgs/msg/detail/landing_target_pose__rosidl_typesupport_fastrtps_c.h\n'}
[0.807400] (px4_msgs) StdoutLine: {'line': b'-- Up-to-date: /home/jmj/pro_asp_ws/ws_px4_controls/install/px4_msgs/include/px4_msgs/px4_msgs/msg/detail/hover_thrust_estimate__rosidl_typesupport_fastrtps_c.h\n'}
[0.807423] (px4_msgs) StdoutLine: {'line': b'-- Up-to-date: /home/jmj/pro_asp_ws/ws_px4_controls/install/px4_msgs/include/px4_msgs/px4_msgs/msg/detail/arming_check_reply__rosidl_typesupport_fastrtps_c.h\n'}
[0.807454] (px4_msgs) StdoutLine: {'line': b'-- Up-to-date: /home/jmj/pro_asp_ws/ws_px4_controls/install/px4_msgs/include/px4_msgs/px4_msgs/msg/detail/register_ext_component_request__rosidl_typesupport_fastrtps_c.h\n'}
[0.807494] (px4_msgs) StdoutLine: {'line': b'-- Up-to-date: /home/jmj/pro_asp_ws/ws_px4_controls/install/px4_msgs/include/px4_msgs/px4_msgs/msg/detail/task_stack_info__rosidl_typesupport_fastrtps_c.h\n'}
[0.807542] (px4_msgs) StdoutLine: {'line': b'-- Up-to-date: /home/jmj/pro_asp_ws/ws_px4_controls/install/px4_msgs/include/px4_msgs/px4_msgs/msg/detail/distance_sensor__rosidl_typesupport_fastrtps_c.h\n'}
[0.807583] (px4_msgs) StdoutLine: {'line': b'-- Up-to-date: /home/jmj/pro_asp_ws/ws_px4_controls/install/px4_msgs/include/px4_msgs/px4_msgs/msg/detail/sensor_preflight_mag__rosidl_typesupport_fastrtps_c.h\n'}
[0.807622] (px4_msgs) StdoutLine: {'line': b'-- Up-to-date: /home/jmj/pro_asp_ws/ws_px4_controls/install/px4_msgs/include/px4_msgs/px4_msgs/msg/detail/rover_steering_setpoint__rosidl_typesupport_fastrtps_c.h\n'}
[0.807662] (px4_msgs) StdoutLine: {'line': b'-- Up-to-date: /home/jmj/pro_asp_ws/ws_px4_controls/install/px4_msgs/include/px4_msgs/px4_msgs/msg/detail/fixed_wing_lateral_setpoint__rosidl_typesupport_fastrtps_c.h\n'}
[0.807702] (px4_msgs) StdoutLine: {'line': b'-- Up-to-date: /home/jmj/pro_asp_ws/ws_px4_controls/install/px4_msgs/include/px4_msgs/px4_msgs/msg/detail/vehicle_local_position_setpoint__rosidl_typesupport_fastrtps_c.h\n'}
[0.807743] (px4_msgs) StdoutLine: {'line': b'-- Up-to-date: /home/jmj/pro_asp_ws/ws_px4_controls/install/px4_msgs/include/px4_msgs/px4_msgs/msg/detail/parameter_set_value_response__rosidl_typesupport_fastrtps_c.h\n'}
[0.807882] (px4_msgs) StdoutLine: {'line': b'-- Up-to-date: /home/jmj/pro_asp_ws/ws_px4_controls/install/px4_msgs/include/px4_msgs/px4_msgs/msg/detail/vehicle_roi__rosidl_typesupport_fastrtps_c.h\n'}
[0.807969] (px4_msgs) StdoutLine: {'line': b'-- Up-to-date: /home/jmj/pro_asp_ws/ws_px4_controls/install/px4_msgs/include/px4_msgs/px4_msgs/msg/detail/fixed_wing_lateral_status__rosidl_typesupport_fastrtps_c.h\n'}
[0.808037] (px4_msgs) StdoutLine: {'line': b'-- Up-to-date: /home/jmj/pro_asp_ws/ws_px4_controls/install/px4_msgs/include/px4_msgs/px4_msgs/msg/detail/actuator_armed__rosidl_typesupport_fastrtps_c.h\n'}
[0.808101] (px4_msgs) StdoutLine: {'line': b'-- Up-to-date: /home/jmj/pro_asp_ws/ws_px4_controls/install/px4_msgs/include/px4_msgs/px4_msgs/msg/detail/mount_orientation__rosidl_typesupport_fastrtps_c.h\n'}
[0.808166] (px4_msgs) StdoutLine: {'line': b'-- Up-to-date: /home/jmj/pro_asp_ws/ws_px4_controls/install/px4_msgs/include/px4_msgs/px4_msgs/msg/detail/fixed_wing_lateral_guidance_status__rosidl_typesupport_fastrtps_c.h\n'}
[0.808246] (px4_msgs) StdoutLine: {'line': b'-- Up-to-date: /home/jmj/pro_asp_ws/ws_px4_controls/install/px4_msgs/include/px4_msgs/px4_msgs/msg/detail/mission__rosidl_typesupport_fastrtps_c.h\n'}
[0.808346] (px4_msgs) StdoutLine: {'line': b'-- Up-to-date: /home/jmj/pro_asp_ws/ws_px4_controls/install/px4_msgs/include/px4_msgs/px4_msgs/msg/detail/estimator_sensor_bias__rosidl_typesupport_fastrtps_c.h\n'}
[0.808443] (px4_msgs) StdoutLine: {'line': b'-- Up-to-date: /home/jmj/pro_asp_ws/ws_px4_controls/install/px4_msgs/include/px4_msgs/px4_msgs/msg/detail/actuator_test__rosidl_typesupport_fastrtps_c.h\n'}
[0.808487] (px4_msgs) StdoutLine: {'line': b'-- Up-to-date: /home/jmj/pro_asp_ws/ws_px4_controls/install/px4_msgs/include/px4_msgs/px4_msgs/msg/detail/tecs_status__rosidl_typesupport_fastrtps_c.h\n'}
[0.808522] (px4_msgs) StdoutLine: {'line': b'-- Up-to-date: /home/jmj/pro_asp_ws/ws_px4_controls/install/px4_msgs/include/px4_msgs/px4_msgs/msg/detail/sensor_airflow__rosidl_typesupport_fastrtps_c.h\n'}
[0.808553] (px4_msgs) StdoutLine: {'line': b'-- Up-to-date: /home/jmj/pro_asp_ws/ws_px4_controls/install/px4_msgs/include/px4_msgs/px4_msgs/msg/detail/yaw_estimator_status__rosidl_typesupport_fastrtps_c.h\n'}
[0.808579] (px4_msgs) StdoutLine: {'line': b'-- Up-to-date: /home/jmj/pro_asp_ws/ws_px4_controls/install/px4_msgs/include/px4_msgs/px4_msgs/msg/detail/parameter_reset_request__rosidl_typesupport_fastrtps_c.h\n'}
[0.808612] (px4_msgs) StdoutLine: {'line': b'-- Up-to-date: /home/jmj/pro_asp_ws/ws_px4_controls/install/px4_msgs/include/px4_msgs/px4_msgs/msg/detail/px4io_status__rosidl_typesupport_fastrtps_c.h\n'}
[0.808638] (px4_msgs) StdoutLine: {'line': b'-- Up-to-date: /home/jmj/pro_asp_ws/ws_px4_controls/install/px4_msgs/include/px4_msgs/px4_msgs/msg/detail/failure_detector_status__rosidl_typesupport_fastrtps_c.h\n'}
[0.808663] (px4_msgs) StdoutLine: {'line': b'-- Up-to-date: /home/jmj/pro_asp_ws/ws_px4_controls/install/px4_msgs/include/px4_msgs/px4_msgs/msg/detail/vehicle_angular_velocity__rosidl_typesupport_fastrtps_c.h\n'}
[0.808686] (px4_msgs) StdoutLine: {'line': b'-- Up-to-date: /home/jmj/pro_asp_ws/ws_px4_controls/install/px4_msgs/include/px4_msgs/px4_msgs/msg/detail/estimator_event_flags__rosidl_typesupport_fastrtps_c.h\n'}
[0.808708] (px4_msgs) StdoutLine: {'line': b'-- Up-to-date: /home/jmj/pro_asp_ws/ws_px4_controls/install/px4_msgs/include/px4_msgs/px4_msgs/msg/detail/message_format_response__rosidl_typesupport_fastrtps_c.h\n'}
[0.808739] (px4_msgs) StdoutLine: {'line': b'-- Up-to-date: /home/jmj/pro_asp_ws/ws_px4_controls/install/px4_msgs/include/px4_msgs/px4_msgs/msg/detail/rover_throttle_setpoint__rosidl_typesupport_fastrtps_c.h\n'}
[0.808775] (px4_msgs) StdoutLine: {'line': b'-- Up-to-date: /home/jmj/pro_asp_ws/ws_px4_controls/install/px4_msgs/include/px4_msgs/px4_msgs/msg/detail/sensor_gnss_relative__rosidl_typesupport_fastrtps_c.h\n'}
[0.808799] (px4_msgs) StdoutLine: {'line': b'-- Up-to-date: /home/jmj/pro_asp_ws/ws_px4_controls/install/px4_msgs/include/px4_msgs/px4_msgs/msg/detail/trajectory_setpoint__rosidl_typesupport_fastrtps_c.h\n'}
[0.808834] (px4_msgs) StdoutLine: {'line': b'-- Up-to-date: /home/jmj/pro_asp_ws/ws_px4_controls/install/px4_msgs/include/px4_msgs/px4_msgs/msg/detail/uavcan_parameter_value__rosidl_typesupport_fastrtps_c.h\n'}
[0.808860] (px4_msgs) StdoutLine: {'line': b'-- Up-to-date: /home/jmj/pro_asp_ws/ws_px4_controls/install/px4_msgs/include/px4_msgs/px4_msgs/msg/detail/sensor_uwb__rosidl_typesupport_fastrtps_c.h\n'}
[0.808884] (px4_msgs) StdoutLine: {'line': b'-- Up-to-date: /home/jmj/pro_asp_ws/ws_px4_controls/install/px4_msgs/include/px4_msgs/px4_msgs/msg/detail/actuator_servos__rosidl_typesupport_fastrtps_c.h\n'}
[0.808907] (px4_msgs) StdoutLine: {'line': b'-- Up-to-date: /home/jmj/pro_asp_ws/ws_px4_controls/install/px4_msgs/include/px4_msgs/px4_msgs/msg/detail/input_rc__rosidl_typesupport_fastrtps_c.h\n'}
[0.808929] (px4_msgs) StdoutLine: {'line': b'-- Up-to-date: /home/jmj/pro_asp_ws/ws_px4_controls/install/px4_msgs/include/px4_msgs/px4_msgs/msg/detail/wind__rosidl_typesupport_fastrtps_c.h\n'}
[0.808953] (px4_msgs) StdoutLine: {'line': b'-- Up-to-date: /home/jmj/pro_asp_ws/ws_px4_controls/install/px4_msgs/include/px4_msgs/px4_msgs/msg/detail/actuator_controls_status__rosidl_typesupport_fastrtps_c.h\n'}
[0.808982] (px4_msgs) StdoutLine: {'line': b'-- Up-to-date: /home/jmj/pro_asp_ws/ws_px4_controls/install/px4_msgs/include/px4_msgs/px4_msgs/msg/detail/log_message__rosidl_typesupport_fastrtps_c.h\n'}
[0.809009] (px4_msgs) StdoutLine: {'line': b'-- Up-to-date: /home/jmj/pro_asp_ws/ws_px4_controls/install/px4_msgs/include/px4_msgs/px4_msgs/msg/detail/actuator_motors__rosidl_typesupport_fastrtps_c.h\n'}
[0.809038] (px4_msgs) StdoutLine: {'line': b'-- Up-to-date: /home/jmj/pro_asp_ws/ws_px4_controls/install/px4_msgs/include/px4_msgs/px4_msgs/msg/detail/normalized_unsigned_setpoint__rosidl_typesupport_fastrtps_c.h\n'}
[0.809064] (px4_msgs) StdoutLine: {'line': b'-- Up-to-date: /home/jmj/pro_asp_ws/ws_px4_controls/install/px4_msgs/include/px4_msgs/px4_msgs/msg/detail/rover_rate_status__rosidl_typesupport_fastrtps_c.h\n'}
[0.809087] (px4_msgs) StdoutLine: {'line': b'-- Up-to-date: /home/jmj/pro_asp_ws/ws_px4_controls/install/px4_msgs/include/px4_msgs/px4_msgs/msg/detail/geofence_status__rosidl_typesupport_fastrtps_c.h\n'}
[0.809111] (px4_msgs) StdoutLine: {'line': b'-- Up-to-date: /home/jmj/pro_asp_ws/ws_px4_controls/install/px4_msgs/include/px4_msgs/px4_msgs/msg/detail/sensor_gyro_fft__rosidl_typesupport_fastrtps_c.h\n'}
[0.809136] (px4_msgs) StdoutLine: {'line': b'-- Up-to-date: /home/jmj/pro_asp_ws/ws_px4_controls/install/px4_msgs/include/px4_msgs/px4_msgs/msg/detail/launch_detection_status__rosidl_typesupport_fastrtps_c.h\n'}
[0.809158] (px4_msgs) StdoutLine: {'line': b'-- Up-to-date: /home/jmj/pro_asp_ws/ws_px4_controls/install/px4_msgs/include/px4_msgs/px4_msgs/msg/detail/parameter_set_used_request__rosidl_typesupport_fastrtps_c.h\n'}
[0.809186] (px4_msgs) StdoutLine: {'line': b'-- Up-to-date: /home/jmj/pro_asp_ws/ws_px4_controls/install/px4_msgs/include/px4_msgs/px4_msgs/msg/detail/gpio_config__rosidl_typesupport_fastrtps_c.h\n'}
[0.809213] (px4_msgs) StdoutLine: {'line': b'-- Up-to-date: /home/jmj/pro_asp_ws/ws_px4_controls/install/px4_msgs/include/px4_msgs/px4_msgs/msg/detail/estimator_gps_status__rosidl_typesupport_fastrtps_c.h\n'}
[0.809236] (px4_msgs) StdoutLine: {'line': b'-- Up-to-date: /home/jmj/pro_asp_ws/ws_px4_controls/install/px4_msgs/include/px4_msgs/px4_msgs/msg/detail/gpio_out__rosidl_typesupport_fastrtps_c.h\n'}
[0.809259] (px4_msgs) StdoutLine: {'line': b'-- Up-to-date: /home/jmj/pro_asp_ws/ws_px4_controls/install/px4_msgs/include/px4_msgs/px4_msgs/msg/detail/register_ext_component_reply__rosidl_typesupport_fastrtps_c.h\n'}
[0.809283] (px4_msgs) StdoutLine: {'line': b'-- Up-to-date: /home/jmj/pro_asp_ws/ws_px4_controls/install/px4_msgs/include/px4_msgs/px4_msgs/msg/detail/estimator_states__rosidl_typesupport_fastrtps_c.h\n'}
[0.809311] (px4_msgs) StdoutLine: {'line': b'-- Up-to-date: /home/jmj/pro_asp_ws/ws_px4_controls/install/px4_msgs/include/px4_msgs/px4_msgs/msg/detail/qshell_retval__rosidl_typesupport_fastrtps_c.h\n'}
[0.809340] (px4_msgs) StdoutLine: {'line': b'-- Up-to-date: /home/jmj/pro_asp_ws/ws_px4_controls/install/px4_msgs/include/px4_msgs/px4_msgs/msg/detail/airspeed_validated__rosidl_typesupport_fastrtps_c.h\n'}
[0.809375] (px4_msgs) StdoutLine: {'line': b'-- Up-to-date: /home/jmj/pro_asp_ws/ws_px4_controls/install/px4_msgs/include/px4_msgs/px4_msgs/msg/detail/vehicle_attitude__rosidl_typesupport_fastrtps_c.h\n'}
[0.809407] (px4_msgs) StdoutLine: {'line': b'-- Up-to-date: /home/jmj/pro_asp_ws/ws_px4_controls/install/px4_msgs/include/px4_msgs/px4_msgs/msg/detail/orb_test_medium__rosidl_typesupport_fastrtps_c.h\n'}
[0.809442] (px4_msgs) StdoutLine: {'line': b'-- Up-to-date: /home/jmj/pro_asp_ws/ws_px4_controls/install/px4_msgs/include/px4_msgs/px4_msgs/msg/detail/sensor_hygrometer__rosidl_typesupport_fastrtps_c.h\n'}
[0.809475] (px4_msgs) StdoutLine: {'line': b'-- Up-to-date: /home/jmj/pro_asp_ws/ws_px4_controls/install/px4_msgs/include/px4_msgs/px4_msgs/msg/detail/collision_constraints__rosidl_typesupport_fastrtps_c.h\n'}
[0.809511] (px4_msgs) StdoutLine: {'line': b'-- Up-to-date: /home/jmj/pro_asp_ws/ws_px4_controls/install/px4_msgs/include/px4_msgs/px4_msgs/msg/detail/message_format_request__rosidl_typesupport_fastrtps_c.h\n'}
[0.809544] (px4_msgs) StdoutLine: {'line': b'-- Up-to-date: /home/jmj/pro_asp_ws/ws_px4_controls/install/px4_msgs/include/px4_msgs/px4_msgs/msg/detail/gps_dump__rosidl_typesupport_fastrtps_c.h\n'}
[0.809568] (px4_msgs) StdoutLine: {'line': b'-- Up-to-date: /home/jmj/pro_asp_ws/ws_px4_controls/install/px4_msgs/include/px4_msgs/px4_msgs/msg/detail/vehicle_imu_status__rosidl_typesupport_fastrtps_c.h\n'}
[0.809596] (px4_msgs) StdoutLine: {'line': b'-- Up-to-date: /home/jmj/pro_asp_ws/ws_px4_controls/install/px4_msgs/include/px4_msgs/px4_msgs/msg/detail/vehicle_status__rosidl_typesupport_fastrtps_c.h\n'}
[0.809625] (px4_msgs) StdoutLine: {'line': b'-- Up-to-date: /home/jmj/pro_asp_ws/ws_px4_controls/install/px4_msgs/include/px4_msgs/px4_msgs/msg/detail/open_drone_id_operator_id__rosidl_typesupport_fastrtps_c.h\n'}
[0.809647] (px4_msgs) StdoutLine: {'line': b'-- Up-to-date: /home/jmj/pro_asp_ws/ws_px4_controls/install/px4_msgs/include/px4_msgs/px4_msgs/msg/detail/sensor_gyro__rosidl_typesupport_fastrtps_c.h\n'}
[0.809673] (px4_msgs) StdoutLine: {'line': b'-- Up-to-date: /home/jmj/pro_asp_ws/ws_px4_controls/install/px4_msgs/include/px4_msgs/px4_msgs/msg/detail/open_drone_id_system__rosidl_typesupport_fastrtps_c.h\n'}
[0.809711] (px4_msgs) StdoutLine: {'line': b'-- Up-to-date: /home/jmj/pro_asp_ws/ws_px4_controls/install/px4_msgs/include/px4_msgs/px4_msgs/msg/detail/estimator_innovations__rosidl_typesupport_fastrtps_c.h\n'}
[0.809746] (px4_msgs) StdoutLine: {'line': b'-- Up-to-date: /home/jmj/pro_asp_ws/ws_px4_controls/install/px4_msgs/include/px4_msgs/px4_msgs/msg/detail/navigator_status__rosidl_typesupport_fastrtps_c.h\n'}
[0.809790] (px4_msgs) StdoutLine: {'line': b'-- Up-to-date: /home/jmj/pro_asp_ws/ws_px4_controls/install/px4_msgs/include/px4_msgs/px4_msgs/msg/detail/follow_target_status__rosidl_typesupport_fastrtps_c.h\n'}
[0.809820] (px4_msgs) StdoutLine: {'line': b'-- Up-to-date: /home/jmj/pro_asp_ws/ws_px4_controls/install/px4_msgs/include/px4_msgs/px4_msgs/msg/detail/ping__rosidl_typesupport_fastrtps_c.h\n'}
[0.809843] (px4_msgs) StdoutLine: {'line': b'-- Up-to-date: /home/jmj/pro_asp_ws/ws_px4_controls/install/px4_msgs/include/px4_msgs/px4_msgs/msg/detail/mode_completed__rosidl_typesupport_fastrtps_c.h\n'}
[0.809866] (px4_msgs) StdoutLine: {'line': b'-- Up-to-date: /home/jmj/pro_asp_ws/ws_px4_controls/install/px4_msgs/include/px4_msgs/px4_msgs/msg/detail/flight_phase_estimation__rosidl_typesupport_fastrtps_c.h\n'}
[0.809892] (px4_msgs) StdoutLine: {'line': b'-- Up-to-date: /home/jmj/pro_asp_ws/ws_px4_controls/install/px4_msgs/include/px4_msgs/px4_msgs/msg/detail/satellite_info__rosidl_typesupport_fastrtps_c.h\n'}
[0.809916] (px4_msgs) StdoutLine: {'line': b'-- Up-to-date: /home/jmj/pro_asp_ws/ws_px4_controls/install/px4_msgs/include/px4_msgs/px4_msgs/msg/detail/actuator_outputs__rosidl_typesupport_fastrtps_c.h\n'}
[0.809940] (px4_msgs) StdoutLine: {'line': b'-- Up-to-date: /home/jmj/pro_asp_ws/ws_px4_controls/install/px4_msgs/include/px4_msgs/px4_msgs/msg/detail/unregister_ext_component__rosidl_typesupport_fastrtps_c.h\n'}
[0.809967] (px4_msgs) StdoutLine: {'line': b'-- Up-to-date: /home/jmj/pro_asp_ws/ws_px4_controls/install/px4_msgs/include/px4_msgs/px4_msgs/msg/detail/rc_parameter_map__rosidl_typesupport_fastrtps_c.h\n'}
[0.809994] (px4_msgs) StdoutLine: {'line': b'-- Up-to-date: /home/jmj/pro_asp_ws/ws_px4_controls/install/px4_msgs/include/px4_msgs/px4_msgs/msg/detail/vehicle_thrust_setpoint__rosidl_typesupport_fastrtps_c.h\n'}
[0.810020] (px4_msgs) StdoutLine: {'line': b'-- Up-to-date: /home/jmj/pro_asp_ws/ws_px4_controls/install/px4_msgs/include/px4_msgs/px4_msgs/msg/rosidl_typesupport_fastrtps_c__visibility_control.h\n'}
[0.810043] (px4_msgs) StdoutLine: {'line': b'-- Up-to-date: /home/jmj/pro_asp_ws/ws_px4_controls/install/px4_msgs/lib/libpx4_msgs__rosidl_typesupport_fastrtps_c.so\n'}
[0.810071] (px4_msgs) StdoutLine: {'line': b'-- Up-to-date: /home/jmj/pro_asp_ws/ws_px4_controls/install/px4_msgs/include/px4_msgs/px4_msgs\n'}
[0.810097] (px4_msgs) StdoutLine: {'line': b'-- Up-to-date: /home/jmj/pro_asp_ws/ws_px4_controls/install/px4_msgs/include/px4_msgs/px4_msgs/srv\n'}
[0.810119] (px4_msgs) StdoutLine: {'line': b'-- Up-to-date: /home/jmj/pro_asp_ws/ws_px4_controls/install/px4_msgs/include/px4_msgs/px4_msgs/srv/detail\n'}
[0.810142] (px4_msgs) StdoutLine: {'line': b'-- Up-to-date: /home/jmj/pro_asp_ws/ws_px4_controls/install/px4_msgs/include/px4_msgs/px4_msgs/srv/detail/vehicle_command__type_support.hpp\n'}
[0.810165] (px4_msgs) StdoutLine: {'line': b'-- Up-to-date: /home/jmj/pro_asp_ws/ws_px4_controls/install/px4_msgs/include/px4_msgs/px4_msgs/srv/detail/vehicle_command__struct.hpp\n'}
[0.810186] (px4_msgs) StdoutLine: {'line': b'-- Up-to-date: /home/jmj/pro_asp_ws/ws_px4_controls/install/px4_msgs/include/px4_msgs/px4_msgs/srv/detail/vehicle_command__builder.hpp\n'}
[0.810209] (px4_msgs) StdoutLine: {'line': b'-- Up-to-date: /home/jmj/pro_asp_ws/ws_px4_controls/install/px4_msgs/include/px4_msgs/px4_msgs/srv/detail/vehicle_command__traits.hpp\n'}
[0.810231] (px4_msgs) StdoutLine: {'line': b'-- Up-to-date: /home/jmj/pro_asp_ws/ws_px4_controls/install/px4_msgs/include/px4_msgs/px4_msgs/srv/vehicle_command.hpp\n'}
[0.810260] (px4_msgs) StdoutLine: {'line': b'-- Up-to-date: /home/jmj/pro_asp_ws/ws_px4_controls/install/px4_msgs/include/px4_msgs/px4_msgs/msg\n'}
[0.810290] (px4_msgs) StdoutLine: {'line': b'-- Up-to-date: /home/jmj/pro_asp_ws/ws_px4_controls/install/px4_msgs/include/px4_msgs/px4_msgs/msg/sensor_gyro_fft.hpp\n'}
[0.810329] (px4_msgs) StdoutLine: {'line': b'-- Up-to-date: /home/jmj/pro_asp_ws/ws_px4_controls/install/px4_msgs/include/px4_msgs/px4_msgs/msg/wheel_encoders.hpp\n'}
[0.810361] (px4_msgs) StdoutLine: {'line': b'-- Up-to-date: /home/jmj/pro_asp_ws/ws_px4_controls/install/px4_msgs/include/px4_msgs/px4_msgs/msg/estimator_sensor_bias.hpp\n'}
[0.810393] (px4_msgs) StdoutLine: {'line': b'-- Up-to-date: /home/jmj/pro_asp_ws/ws_px4_controls/install/px4_msgs/include/px4_msgs/px4_msgs/msg/qshell_req.hpp\n'}
[0.810426] (px4_msgs) StdoutLine: {'line': b'-- Up-to-date: /home/jmj/pro_asp_ws/ws_px4_controls/install/px4_msgs/include/px4_msgs/px4_msgs/msg/launch_detection_status.hpp\n'}
[0.810461] (px4_msgs) StdoutLine: {'line': b'-- Up-to-date: /home/jmj/pro_asp_ws/ws_px4_controls/install/px4_msgs/include/px4_msgs/px4_msgs/msg/tiltrotor_extra_controls.hpp\n'}
[0.810495] (px4_msgs) StdoutLine: {'line': b'-- Up-to-date: /home/jmj/pro_asp_ws/ws_px4_controls/install/px4_msgs/include/px4_msgs/px4_msgs/msg/vehicle_control_mode.hpp\n'}
[0.810530] (px4_msgs) StdoutLine: {'line': b'-- Up-to-date: /home/jmj/pro_asp_ws/ws_px4_controls/install/px4_msgs/include/px4_msgs/px4_msgs/msg/estimator_gps_status.hpp\n'}
[0.810564] (px4_msgs) StdoutLine: {'line': b'-- Up-to-date: /home/jmj/pro_asp_ws/ws_px4_controls/install/px4_msgs/include/px4_msgs/px4_msgs/msg/differential_pressure.hpp\n'}
[0.810596] (px4_msgs) StdoutLine: {'line': b'-- Up-to-date: /home/jmj/pro_asp_ws/ws_px4_controls/install/px4_msgs/include/px4_msgs/px4_msgs/msg/gpio_request.hpp\n'}
[0.810619] (px4_msgs) StdoutLine: {'line': b'-- Up-to-date: /home/jmj/pro_asp_ws/ws_px4_controls/install/px4_msgs/include/px4_msgs/px4_msgs/msg/goto_setpoint.hpp\n'}
[0.810641] (px4_msgs) StdoutLine: {'line': b'-- Up-to-date: /home/jmj/pro_asp_ws/ws_px4_controls/install/px4_msgs/include/px4_msgs/px4_msgs/msg/rover_rate_status.hpp\n'}
[0.810663] (px4_msgs) StdoutLine: {'line': b'-- Up-to-date: /home/jmj/pro_asp_ws/ws_px4_controls/install/px4_msgs/include/px4_msgs/px4_msgs/msg/vehicle_odometry.hpp\n'}
[0.810691] (px4_msgs) StdoutLine: {'line': b'-- Up-to-date: /home/jmj/pro_asp_ws/ws_px4_controls/install/px4_msgs/include/px4_msgs/px4_msgs/msg/heater_status.hpp\n'}
[0.810721] (px4_msgs) StdoutLine: {'line': b'-- Up-to-date: /home/jmj/pro_asp_ws/ws_px4_controls/install/px4_msgs/include/px4_msgs/px4_msgs/msg/vehicle_roi.hpp\n'}
[0.810746] (px4_msgs) StdoutLine: {'line': b'-- Up-to-date: /home/jmj/pro_asp_ws/ws_px4_controls/install/px4_msgs/include/px4_msgs/px4_msgs/msg/sensor_selection.hpp\n'}
[0.810775] (px4_msgs) StdoutLine: {'line': b'-- Up-to-date: /home/jmj/pro_asp_ws/ws_px4_controls/install/px4_msgs/include/px4_msgs/px4_msgs/msg/task_stack_info.hpp\n'}
[0.810802] (px4_msgs) StdoutLine: {'line': b'-- Up-to-date: /home/jmj/pro_asp_ws/ws_px4_controls/install/px4_msgs/include/px4_msgs/px4_msgs/msg/actuator_armed.hpp\n'}
[0.810827] (px4_msgs) StdoutLine: {'line': b'-- Up-to-date: /home/jmj/pro_asp_ws/ws_px4_controls/install/px4_msgs/include/px4_msgs/px4_msgs/msg/control_allocator_status.hpp\n'}
[0.810863] (px4_msgs) StdoutLine: {'line': b'-- Up-to-date: /home/jmj/pro_asp_ws/ws_px4_controls/install/px4_msgs/include/px4_msgs/px4_msgs/msg/open_drone_id_operator_id.hpp\n'}
[0.810894] (px4_msgs) StdoutLine: {'line': b'-- Up-to-date: /home/jmj/pro_asp_ws/ws_px4_controls/install/px4_msgs/include/px4_msgs/px4_msgs/msg/orb_test.hpp\n'}
[0.810918] (px4_msgs) StdoutLine: {'line': b'-- Up-to-date: /home/jmj/pro_asp_ws/ws_px4_controls/install/px4_msgs/include/px4_msgs/px4_msgs/msg/uavcan_parameter_request.hpp\n'}
[0.810940] (px4_msgs) StdoutLine: {'line': b'-- Up-to-date: /home/jmj/pro_asp_ws/ws_px4_controls/install/px4_msgs/include/px4_msgs/px4_msgs/msg/internal_combustion_engine_status.hpp\n'}
[0.810965] (px4_msgs) StdoutLine: {'line': b'-- Up-to-date: /home/jmj/pro_asp_ws/ws_px4_controls/install/px4_msgs/include/px4_msgs/px4_msgs/msg/landing_target_pose.hpp\n'}
[0.810988] (px4_msgs) StdoutLine: {'line': b'-- Up-to-date: /home/jmj/pro_asp_ws/ws_px4_controls/install/px4_msgs/include/px4_msgs/px4_msgs/msg/mission.hpp\n'}
[0.811010] (px4_msgs) StdoutLine: {'line': b'-- Up-to-date: /home/jmj/pro_asp_ws/ws_px4_controls/install/px4_msgs/include/px4_msgs/px4_msgs/msg/can_interface_status.hpp\n'}
[0.811033] (px4_msgs) StdoutLine: {'line': b'-- Up-to-date: /home/jmj/pro_asp_ws/ws_px4_controls/install/px4_msgs/include/px4_msgs/px4_msgs/msg/rover_velocity_status.hpp\n'}
[0.811054] (px4_msgs) StdoutLine: {'line': b'-- Up-to-date: /home/jmj/pro_asp_ws/ws_px4_controls/install/px4_msgs/include/px4_msgs/px4_msgs/msg/dataman_response.hpp\n'}
[0.811076] (px4_msgs) StdoutLine: {'line': b'-- Up-to-date: /home/jmj/pro_asp_ws/ws_px4_controls/install/px4_msgs/include/px4_msgs/px4_msgs/msg/orb_test_large.hpp\n'}
[0.811099] (px4_msgs) StdoutLine: {'line': b'-- Up-to-date: /home/jmj/pro_asp_ws/ws_px4_controls/install/px4_msgs/include/px4_msgs/px4_msgs/msg/rover_position_setpoint.hpp\n'}
[0.811122] (px4_msgs) StdoutLine: {'line': b'-- Up-to-date: /home/jmj/pro_asp_ws/ws_px4_controls/install/px4_msgs/include/px4_msgs/px4_msgs/msg/sensor_uwb.hpp\n'}
[0.811144] (px4_msgs) StdoutLine: {'line': b'-- Up-to-date: /home/jmj/pro_asp_ws/ws_px4_controls/install/px4_msgs/include/px4_msgs/px4_msgs/msg/camera_trigger.hpp\n'}
[0.811166] (px4_msgs) StdoutLine: {'line': b'-- Up-to-date: /home/jmj/pro_asp_ws/ws_px4_controls/install/px4_msgs/include/px4_msgs/px4_msgs/msg/takeoff_status.hpp\n'}
[0.811190] (px4_msgs) StdoutLine: {'line': b'-- Up-to-date: /home/jmj/pro_asp_ws/ws_px4_controls/install/px4_msgs/include/px4_msgs/px4_msgs/msg/fixed_wing_lateral_status.hpp\n'}
[0.811217] (px4_msgs) StdoutLine: {'line': b'-- Up-to-date: /home/jmj/pro_asp_ws/ws_px4_controls/install/px4_msgs/include/px4_msgs/px4_msgs/msg/rover_velocity_setpoint.hpp\n'}
[0.811241] (px4_msgs) StdoutLine: {'line': b'-- Up-to-date: /home/jmj/pro_asp_ws/ws_px4_controls/install/px4_msgs/include/px4_msgs/px4_msgs/msg/rover_attitude_setpoint.hpp\n'}
[0.811265] (px4_msgs) StdoutLine: {'line': b'-- Up-to-date: /home/jmj/pro_asp_ws/ws_px4_controls/install/px4_msgs/include/px4_msgs/px4_msgs/msg/vehicle_command_ack.hpp\n'}
[0.811288] (px4_msgs) StdoutLine: {'line': b'-- Up-to-date: /home/jmj/pro_asp_ws/ws_px4_controls/install/px4_msgs/include/px4_msgs/px4_msgs/msg/mag_worker_data.hpp\n'}
[0.811311] (px4_msgs) StdoutLine: {'line': b'-- Up-to-date: /home/jmj/pro_asp_ws/ws_px4_controls/install/px4_msgs/include/px4_msgs/px4_msgs/msg/input_rc.hpp\n'}
[0.811333] (px4_msgs) StdoutLine: {'line': b'-- Up-to-date: /home/jmj/pro_asp_ws/ws_px4_controls/install/px4_msgs/include/px4_msgs/px4_msgs/msg/ping.hpp\n'}
[0.811355] (px4_msgs) StdoutLine: {'line': b'-- Up-to-date: /home/jmj/pro_asp_ws/ws_px4_controls/install/px4_msgs/include/px4_msgs/px4_msgs/msg/vehicle_attitude.hpp\n'}
[0.811378] (px4_msgs) StdoutLine: {'line': b'-- Up-to-date: /home/jmj/pro_asp_ws/ws_px4_controls/install/px4_msgs/include/px4_msgs/px4_msgs/msg/iridiumsbd_status.hpp\n'}
[0.811401] (px4_msgs) StdoutLine: {'line': b'-- Up-to-date: /home/jmj/pro_asp_ws/ws_px4_controls/install/px4_msgs/include/px4_msgs/px4_msgs/msg/open_drone_id_self_id.hpp\n'}
[0.811423] (px4_msgs) StdoutLine: {'line': b'-- Up-to-date: /home/jmj/pro_asp_ws/ws_px4_controls/install/px4_msgs/include/px4_msgs/px4_msgs/msg/obstacle_distance.hpp\n'}
[0.811445] (px4_msgs) StdoutLine: {'line': b'-- Up-to-date: /home/jmj/pro_asp_ws/ws_px4_controls/install/px4_msgs/include/px4_msgs/px4_msgs/msg/normalized_unsigned_setpoint.hpp\n'}
[0.811467] (px4_msgs) StdoutLine: {'line': b'-- Up-to-date: /home/jmj/pro_asp_ws/ws_px4_controls/install/px4_msgs/include/px4_msgs/px4_msgs/msg/rtl_status.hpp\n'}
[0.811491] (px4_msgs) StdoutLine: {'line': b'-- Up-to-date: /home/jmj/pro_asp_ws/ws_px4_controls/install/px4_msgs/include/px4_msgs/px4_msgs/msg/px4io_status.hpp\n'}
[0.811512] (px4_msgs) StdoutLine: {'line': b'-- Up-to-date: /home/jmj/pro_asp_ws/ws_px4_controls/install/px4_msgs/include/px4_msgs/px4_msgs/msg/vtol_vehicle_status.hpp\n'}
[0.811538] (px4_msgs) StdoutLine: {'line': b'-- Up-to-date: /home/jmj/pro_asp_ws/ws_px4_controls/install/px4_msgs/include/px4_msgs/px4_msgs/msg/airspeed.hpp\n'}
[0.811562] (px4_msgs) StdoutLine: {'line': b'-- Up-to-date: /home/jmj/pro_asp_ws/ws_px4_controls/install/px4_msgs/include/px4_msgs/px4_msgs/msg/sensor_preflight_mag.hpp\n'}
[0.811604] (px4_msgs) StdoutLine: {'line': b'-- Up-to-date: /home/jmj/pro_asp_ws/ws_px4_controls/install/px4_msgs/include/px4_msgs/px4_msgs/msg/esc_report.hpp\n'}
[0.811635] (px4_msgs) StdoutLine: {'line': b'-- Up-to-date: /home/jmj/pro_asp_ws/ws_px4_controls/install/px4_msgs/include/px4_msgs/px4_msgs/msg/sensors_status.hpp\n'}
[0.811673] (px4_msgs) StdoutLine: {'line': b'-- Up-to-date: /home/jmj/pro_asp_ws/ws_px4_controls/install/px4_msgs/include/px4_msgs/px4_msgs/msg/actuator_controls_status.hpp\n'}
[0.811700] (px4_msgs) StdoutLine: {'line': b'-- Up-to-date: /home/jmj/pro_asp_ws/ws_px4_controls/install/px4_msgs/include/px4_msgs/px4_msgs/msg/position_setpoint.hpp\n'}
[0.811729] (px4_msgs) StdoutLine: {'line': b'-- Up-to-date: /home/jmj/pro_asp_ws/ws_px4_controls/install/px4_msgs/include/px4_msgs/px4_msgs/msg/timesync_status.hpp\n'}
[0.811776] (px4_msgs) StdoutLine: {'line': b'-- Up-to-date: /home/jmj/pro_asp_ws/ws_px4_controls/install/px4_msgs/include/px4_msgs/px4_msgs/msg/vehicle_acceleration.hpp\n'}
[0.811804] (px4_msgs) StdoutLine: {'line': b'-- Up-to-date: /home/jmj/pro_asp_ws/ws_px4_controls/install/px4_msgs/include/px4_msgs/px4_msgs/msg/logger_status.hpp\n'}
[0.811829] (px4_msgs) StdoutLine: {'line': b'-- Up-to-date: /home/jmj/pro_asp_ws/ws_px4_controls/install/px4_msgs/include/px4_msgs/px4_msgs/msg/ulog_stream_ack.hpp\n'}
[0.811854] (px4_msgs) StdoutLine: {'line': b'-- Up-to-date: /home/jmj/pro_asp_ws/ws_px4_controls/install/px4_msgs/include/px4_msgs/px4_msgs/msg/gpio_out.hpp\n'}
[0.811878] (px4_msgs) StdoutLine: {'line': b'-- Up-to-date: /home/jmj/pro_asp_ws/ws_px4_controls/install/px4_msgs/include/px4_msgs/px4_msgs/msg/transponder_report.hpp\n'}
[0.811902] (px4_msgs) StdoutLine: {'line': b'-- Up-to-date: /home/jmj/pro_asp_ws/ws_px4_controls/install/px4_msgs/include/px4_msgs/px4_msgs/msg/estimator_status_flags.hpp\n'}
[0.811925] (px4_msgs) StdoutLine: {'line': b'-- Up-to-date: /home/jmj/pro_asp_ws/ws_px4_controls/install/px4_msgs/include/px4_msgs/px4_msgs/msg/longitudinal_control_configuration.hpp\n'}
[0.811947] (px4_msgs) StdoutLine: {'line': b'-- Up-to-date: /home/jmj/pro_asp_ws/ws_px4_controls/install/px4_msgs/include/px4_msgs/px4_msgs/msg/vehicle_angular_velocity.hpp\n'}
[0.811969] (px4_msgs) StdoutLine: {'line': b'-- Up-to-date: /home/jmj/pro_asp_ws/ws_px4_controls/install/px4_msgs/include/px4_msgs/px4_msgs/msg/estimator_status.hpp\n'}
[0.811990] (px4_msgs) StdoutLine: {'line': b'-- Up-to-date: /home/jmj/pro_asp_ws/ws_px4_controls/install/px4_msgs/include/px4_msgs/px4_msgs/msg/gimbal_manager_set_manual_control.hpp\n'}
[0.812012] (px4_msgs) StdoutLine: {'line': b'-- Up-to-date: /home/jmj/pro_asp_ws/ws_px4_controls/install/px4_msgs/include/px4_msgs/px4_msgs/msg/estimator_aid_source1d.hpp\n'}
[0.812034] (px4_msgs) StdoutLine: {'line': b'-- Up-to-date: /home/jmj/pro_asp_ws/ws_px4_controls/install/px4_msgs/include/px4_msgs/px4_msgs/msg/detail\n'}
[0.812057] (px4_msgs) StdoutLine: {'line': b'-- Up-to-date: /home/jmj/pro_asp_ws/ws_px4_controls/install/px4_msgs/include/px4_msgs/px4_msgs/msg/detail/goto_setpoint__traits.hpp\n'}
[0.812085] (px4_msgs) StdoutLine: {'line': b'-- Up-to-date: /home/jmj/pro_asp_ws/ws_px4_controls/install/px4_msgs/include/px4_msgs/px4_msgs/msg/detail/sensor_selection__traits.hpp\n'}
[0.812108] (px4_msgs) StdoutLine: {'line': b'-- Up-to-date: /home/jmj/pro_asp_ws/ws_px4_controls/install/px4_msgs/include/px4_msgs/px4_msgs/msg/detail/dataman_request__type_support.hpp\n'}
[0.812130] (px4_msgs) StdoutLine: {'line': b'-- Up-to-date: /home/jmj/pro_asp_ws/ws_px4_controls/install/px4_msgs/include/px4_msgs/px4_msgs/msg/detail/navigator_status__traits.hpp\n'}
[0.812153] (px4_msgs) StdoutLine: {'line': b'-- Up-to-date: /home/jmj/pro_asp_ws/ws_px4_controls/install/px4_msgs/include/px4_msgs/px4_msgs/msg/detail/generator_status__traits.hpp\n'}
[0.812174] (px4_msgs) StdoutLine: {'line': b'-- Up-to-date: /home/jmj/pro_asp_ws/ws_px4_controls/install/px4_msgs/include/px4_msgs/px4_msgs/msg/detail/sensors_status_imu__traits.hpp\n'}
[0.812196] (px4_msgs) StdoutLine: {'line': b'-- Up-to-date: /home/jmj/pro_asp_ws/ws_px4_controls/install/px4_msgs/include/px4_msgs/px4_msgs/msg/detail/estimator_bias3d__type_support.hpp\n'}
[0.812217] (px4_msgs) StdoutLine: {'line': b'-- Up-to-date: /home/jmj/pro_asp_ws/ws_px4_controls/install/px4_msgs/include/px4_msgs/px4_msgs/msg/detail/orb_test_medium__struct.hpp\n'}
[0.812240] (px4_msgs) StdoutLine: {'line': b'-- Up-to-date: /home/jmj/pro_asp_ws/ws_px4_controls/install/px4_msgs/include/px4_msgs/px4_msgs/msg/detail/pwm_input__type_support.hpp\n'}
[0.812262] (px4_msgs) StdoutLine: {'line': b'-- Up-to-date: /home/jmj/pro_asp_ws/ws_px4_controls/install/px4_msgs/include/px4_msgs/px4_msgs/msg/detail/iridiumsbd_status__builder.hpp\n'}
[0.812284] (px4_msgs) StdoutLine: {'line': b'-- Up-to-date: /home/jmj/pro_asp_ws/ws_px4_controls/install/px4_msgs/include/px4_msgs/px4_msgs/msg/detail/follow_target_estimator__struct.hpp\n'}
[0.812306] (px4_msgs) StdoutLine: {'line': b'-- Up-to-date: /home/jmj/pro_asp_ws/ws_px4_controls/install/px4_msgs/include/px4_msgs/px4_msgs/msg/detail/longitudinal_control_configuration__builder.hpp\n'}
[0.812327] (px4_msgs) StdoutLine: {'line': b'-- Up-to-date: /home/jmj/pro_asp_ws/ws_px4_controls/install/px4_msgs/include/px4_msgs/px4_msgs/msg/detail/qshell_req__type_support.hpp\n'}
[0.812349] (px4_msgs) StdoutLine: {'line': b'-- Up-to-date: /home/jmj/pro_asp_ws/ws_px4_controls/install/px4_msgs/include/px4_msgs/px4_msgs/msg/detail/estimator_sensor_bias__builder.hpp\n'}
[0.812371] (px4_msgs) StdoutLine: {'line': b'-- Up-to-date: /home/jmj/pro_asp_ws/ws_px4_controls/install/px4_msgs/include/px4_msgs/px4_msgs/msg/detail/sensor_combined__builder.hpp\n'}
[0.812396] (px4_msgs) StdoutLine: {'line': b'-- Up-to-date: /home/jmj/pro_asp_ws/ws_px4_controls/install/px4_msgs/include/px4_msgs/px4_msgs/msg/detail/trajectory_setpoint6dof__builder.hpp\n'}
[0.812419] (px4_msgs) StdoutLine: {'line': b'-- Up-to-date: /home/jmj/pro_asp_ws/ws_px4_controls/install/px4_msgs/include/px4_msgs/px4_msgs/msg/detail/rtl_time_estimate__traits.hpp\n'}
[0.812440] (px4_msgs) StdoutLine: {'line': b'-- Up-to-date: /home/jmj/pro_asp_ws/ws_px4_controls/install/px4_msgs/include/px4_msgs/px4_msgs/msg/detail/estimator_selector_status__type_support.hpp\n'}
[0.812461] (px4_msgs) StdoutLine: {'line': b'-- Up-to-date: /home/jmj/pro_asp_ws/ws_px4_controls/install/px4_msgs/include/px4_msgs/px4_msgs/msg/detail/onboard_computer_status__builder.hpp\n'}
[0.812483] (px4_msgs) StdoutLine: {'line': b'-- Up-to-date: /home/jmj/pro_asp_ws/ws_px4_controls/install/px4_msgs/include/px4_msgs/px4_msgs/msg/detail/estimator_status_flags__type_support.hpp\n'}
[0.812504] (px4_msgs) StdoutLine: {'line': b'-- Up-to-date: /home/jmj/pro_asp_ws/ws_px4_controls/install/px4_msgs/include/px4_msgs/px4_msgs/msg/detail/velocity_limits__traits.hpp\n'}
[0.812526] (px4_msgs) StdoutLine: {'line': b'-- Up-to-date: /home/jmj/pro_asp_ws/ws_px4_controls/install/px4_msgs/include/px4_msgs/px4_msgs/msg/detail/sensor_uwb__struct.hpp\n'}
[0.812547] (px4_msgs) StdoutLine: {'line': b'-- Up-to-date: /home/jmj/pro_asp_ws/ws_px4_controls/install/px4_msgs/include/px4_msgs/px4_msgs/msg/detail/yaw_estimator_status__builder.hpp\n'}
[0.812568] (px4_msgs) StdoutLine: {'line': b'-- Up-to-date: /home/jmj/pro_asp_ws/ws_px4_controls/install/px4_msgs/include/px4_msgs/px4_msgs/msg/detail/navigator_status__type_support.hpp\n'}
[0.812589] (px4_msgs) StdoutLine: {'line': b'-- Up-to-date: /home/jmj/pro_asp_ws/ws_px4_controls/install/px4_msgs/include/px4_msgs/px4_msgs/msg/detail/sensor_uwb__traits.hpp\n'}
[0.812610] (px4_msgs) StdoutLine: {'line': b'-- Up-to-date: /home/jmj/pro_asp_ws/ws_px4_controls/install/px4_msgs/include/px4_msgs/px4_msgs/msg/detail/orb_test_medium__builder.hpp\n'}
[0.812633] (px4_msgs) StdoutLine: {'line': b'-- Up-to-date: /home/jmj/pro_asp_ws/ws_px4_controls/install/px4_msgs/include/px4_msgs/px4_msgs/msg/detail/manual_control_switches__builder.hpp\n'}
[0.812657] (px4_msgs) StdoutLine: {'line': b'-- Up-to-date: /home/jmj/pro_asp_ws/ws_px4_controls/install/px4_msgs/include/px4_msgs/px4_msgs/msg/detail/vehicle_imu_status__type_support.hpp\n'}
[0.812678] (px4_msgs) StdoutLine: {'line': b'-- Up-to-date: /home/jmj/pro_asp_ws/ws_px4_controls/install/px4_msgs/include/px4_msgs/px4_msgs/msg/detail/arming_check_reply__builder.hpp\n'}
[0.812699] (px4_msgs) StdoutLine: {'line': b'-- Up-to-date: /home/jmj/pro_asp_ws/ws_px4_controls/install/px4_msgs/include/px4_msgs/px4_msgs/msg/detail/timesync_status__struct.hpp\n'}
[0.812721] (px4_msgs) StdoutLine: {'line': b'-- Up-to-date: /home/jmj/pro_asp_ws/ws_px4_controls/install/px4_msgs/include/px4_msgs/px4_msgs/msg/detail/follow_target_estimator__builder.hpp\n'}
[0.812747] (px4_msgs) StdoutLine: {'line': b'-- Up-to-date: /home/jmj/pro_asp_ws/ws_px4_controls/install/px4_msgs/include/px4_msgs/px4_msgs/msg/detail/actuator_motors__traits.hpp\n'}
[0.812775] (px4_msgs) StdoutLine: {'line': b'-- Up-to-date: /home/jmj/pro_asp_ws/ws_px4_controls/install/px4_msgs/include/px4_msgs/px4_msgs/msg/detail/radio_status__type_support.hpp\n'}
[0.812796] (px4_msgs) StdoutLine: {'line': b'-- Up-to-date: /home/jmj/pro_asp_ws/ws_px4_controls/install/px4_msgs/include/px4_msgs/px4_msgs/msg/detail/vehicle_odometry__struct.hpp\n'}
[0.812818] (px4_msgs) StdoutLine: {'line': b'-- Up-to-date: /home/jmj/pro_asp_ws/ws_px4_controls/install/px4_msgs/include/px4_msgs/px4_msgs/msg/detail/debug_vect__builder.hpp\n'}
[0.812843] (px4_msgs) StdoutLine: {'line': b'-- Up-to-date: /home/jmj/pro_asp_ws/ws_px4_controls/install/px4_msgs/include/px4_msgs/px4_msgs/msg/detail/open_drone_id_operator_id__type_support.hpp\n'}
[0.812866] (px4_msgs) StdoutLine: {'line': b'-- Up-to-date: /home/jmj/pro_asp_ws/ws_px4_controls/install/px4_msgs/include/px4_msgs/px4_msgs/msg/detail/failsafe_flags__type_support.hpp\n'}
[0.812890] (px4_msgs) StdoutLine: {'line': b'-- Up-to-date: /home/jmj/pro_asp_ws/ws_px4_controls/install/px4_msgs/include/px4_msgs/px4_msgs/msg/detail/airspeed_validated__builder.hpp\n'}
[0.812914] (px4_msgs) StdoutLine: {'line': b'-- Up-to-date: /home/jmj/pro_asp_ws/ws_px4_controls/install/px4_msgs/include/px4_msgs/px4_msgs/msg/detail/gimbal_device_attitude_status__type_support.hpp\n'}
[0.812938] (px4_msgs) StdoutLine: {'line': b'-- Up-to-date: /home/jmj/pro_asp_ws/ws_px4_controls/install/px4_msgs/include/px4_msgs/px4_msgs/msg/detail/fixed_wing_runway_control__traits.hpp\n'}
[0.812962] (px4_msgs) StdoutLine: {'line': b'-- Up-to-date: /home/jmj/pro_asp_ws/ws_px4_controls/install/px4_msgs/include/px4_msgs/px4_msgs/msg/detail/sensor_gyro_fifo__type_support.hpp\n'}
[0.812985] (px4_msgs) StdoutLine: {'line': b'-- Up-to-date: /home/jmj/pro_asp_ws/ws_px4_controls/install/px4_msgs/include/px4_msgs/px4_msgs/msg/detail/landing_gear_wheel__struct.hpp\n'}
[0.813011] (px4_msgs) StdoutLine: {'line': b'-- Up-to-date: /home/jmj/pro_asp_ws/ws_px4_controls/install/px4_msgs/include/px4_msgs/px4_msgs/msg/detail/gimbal_manager_status__builder.hpp\n'}
[0.813034] (px4_msgs) StdoutLine: {'line': b'-- Up-to-date: /home/jmj/pro_asp_ws/ws_px4_controls/install/px4_msgs/include/px4_msgs/px4_msgs/msg/detail/gimbal_manager_set_attitude__traits.hpp\n'}
[0.813056] (px4_msgs) StdoutLine: {'line': b'-- Up-to-date: /home/jmj/pro_asp_ws/ws_px4_controls/install/px4_msgs/include/px4_msgs/px4_msgs/msg/detail/ping__struct.hpp\n'}
[0.813080] (px4_msgs) StdoutLine: {'line': b'-- Up-to-date: /home/jmj/pro_asp_ws/ws_px4_controls/install/px4_msgs/include/px4_msgs/px4_msgs/msg/detail/led_control__type_support.hpp\n'}
[0.813103] (px4_msgs) StdoutLine: {'line': b'-- Up-to-date: /home/jmj/pro_asp_ws/ws_px4_controls/install/px4_msgs/include/px4_msgs/px4_msgs/msg/detail/follow_target_status__type_support.hpp\n'}
[0.813126] (px4_msgs) StdoutLine: {'line': b'-- Up-to-date: /home/jmj/pro_asp_ws/ws_px4_controls/install/px4_msgs/include/px4_msgs/px4_msgs/msg/detail/sensor_airflow__type_support.hpp\n'}
[0.813151] (px4_msgs) StdoutLine: {'line': b'-- Up-to-date: /home/jmj/pro_asp_ws/ws_px4_controls/install/px4_msgs/include/px4_msgs/px4_msgs/msg/detail/gpio_in__traits.hpp\n'}
[0.813173] (px4_msgs) StdoutLine: {'line': b'-- Up-to-date: /home/jmj/pro_asp_ws/ws_px4_controls/install/px4_msgs/include/px4_msgs/px4_msgs/msg/detail/mount_orientation__type_support.hpp\n'}
[0.813199] (px4_msgs) StdoutLine: {'line': b'-- Up-to-date: /home/jmj/pro_asp_ws/ws_px4_controls/install/px4_msgs/include/px4_msgs/px4_msgs/msg/detail/heater_status__type_support.hpp\n'}
[0.813222] (px4_msgs) StdoutLine: {'line': b'-- Up-to-date: /home/jmj/pro_asp_ws/ws_px4_controls/install/px4_msgs/include/px4_msgs/px4_msgs/msg/detail/position_setpoint__builder.hpp\n'}
[0.813244] (px4_msgs) StdoutLine: {'line': b'-- Up-to-date: /home/jmj/pro_asp_ws/ws_px4_controls/install/px4_msgs/include/px4_msgs/px4_msgs/msg/detail/open_drone_id_operator_id__struct.hpp\n'}
[0.813268] (px4_msgs) StdoutLine: {'line': b'-- Up-to-date: /home/jmj/pro_asp_ws/ws_px4_controls/install/px4_msgs/include/px4_msgs/px4_msgs/msg/detail/fixed_wing_lateral_setpoint__traits.hpp\n'}
[0.813292] (px4_msgs) StdoutLine: {'line': b'-- Up-to-date: /home/jmj/pro_asp_ws/ws_px4_controls/install/px4_msgs/include/px4_msgs/px4_msgs/msg/detail/sensors_status__struct.hpp\n'}
[0.813316] (px4_msgs) StdoutLine: {'line': b'-- Up-to-date: /home/jmj/pro_asp_ws/ws_px4_controls/install/px4_msgs/include/px4_msgs/px4_msgs/msg/detail/ekf2_timestamps__traits.hpp\n'}
[0.813338] (px4_msgs) StdoutLine: {'line': b'-- Up-to-date: /home/jmj/pro_asp_ws/ws_px4_controls/install/px4_msgs/include/px4_msgs/px4_msgs/msg/detail/px4io_status__struct.hpp\n'}
[0.813361] (px4_msgs) StdoutLine: {'line': b'-- Up-to-date: /home/jmj/pro_asp_ws/ws_px4_controls/install/px4_msgs/include/px4_msgs/px4_msgs/msg/detail/actuator_controls_status__traits.hpp\n'}
[0.813383] (px4_msgs) StdoutLine: {'line': b'-- Up-to-date: /home/jmj/pro_asp_ws/ws_px4_controls/install/px4_msgs/include/px4_msgs/px4_msgs/msg/detail/vehicle_local_position__traits.hpp\n'}
[0.813406] (px4_msgs) StdoutLine: {'line': b'-- Up-to-date: /home/jmj/pro_asp_ws/ws_px4_controls/install/px4_msgs/include/px4_msgs/px4_msgs/msg/detail/rover_steering_setpoint__builder.hpp\n'}
[0.813433] (px4_msgs) StdoutLine: {'line': b'-- Up-to-date: /home/jmj/pro_asp_ws/ws_px4_controls/install/px4_msgs/include/px4_msgs/px4_msgs/msg/detail/irlock_report__type_support.hpp\n'}
[0.813456] (px4_msgs) StdoutLine: {'line': b'-- Up-to-date: /home/jmj/pro_asp_ws/ws_px4_controls/install/px4_msgs/include/px4_msgs/px4_msgs/msg/detail/vehicle_land_detected__struct.hpp\n'}
[0.813479] (px4_msgs) StdoutLine: {'line': b'-- Up-to-date: /home/jmj/pro_asp_ws/ws_px4_controls/install/px4_msgs/include/px4_msgs/px4_msgs/msg/detail/launch_detection_status__type_support.hpp\n'}
[0.813502] (px4_msgs) StdoutLine: {'line': b'-- Up-to-date: /home/jmj/pro_asp_ws/ws_px4_controls/install/px4_msgs/include/px4_msgs/px4_msgs/msg/detail/mavlink_tunnel__traits.hpp\n'}
[0.813526] (px4_msgs) StdoutLine: {'line': b'-- Up-to-date: /home/jmj/pro_asp_ws/ws_px4_controls/install/px4_msgs/include/px4_msgs/px4_msgs/msg/detail/trajectory_setpoint6dof__type_support.hpp\n'}
[0.813548] (px4_msgs) StdoutLine: {'line': b'-- Up-to-date: /home/jmj/pro_asp_ws/ws_px4_controls/install/px4_msgs/include/px4_msgs/px4_msgs/msg/detail/debug_vect__struct.hpp\n'}
[0.813570] (px4_msgs) StdoutLine: {'line': b'-- Up-to-date: /home/jmj/pro_asp_ws/ws_px4_controls/install/px4_msgs/include/px4_msgs/px4_msgs/msg/detail/message_format_request__builder.hpp\n'}
[0.813593] (px4_msgs) StdoutLine: {'line': b'-- Up-to-date: /home/jmj/pro_asp_ws/ws_px4_controls/install/px4_msgs/include/px4_msgs/px4_msgs/msg/detail/sensor_gyro_fft__type_support.hpp\n'}
[0.813615] (px4_msgs) StdoutLine: {'line': b'-- Up-to-date: /home/jmj/pro_asp_ws/ws_px4_controls/install/px4_msgs/include/px4_msgs/px4_msgs/msg/detail/fuel_tank_status__type_support.hpp\n'}
[0.813638] (px4_msgs) StdoutLine: {'line': b'-- Up-to-date: /home/jmj/pro_asp_ws/ws_px4_controls/install/px4_msgs/include/px4_msgs/px4_msgs/msg/detail/position_setpoint_triplet__builder.hpp\n'}
[0.813664] (px4_msgs) StdoutLine: {'line': b'-- Up-to-date: /home/jmj/pro_asp_ws/ws_px4_controls/install/px4_msgs/include/px4_msgs/px4_msgs/msg/detail/health_report__struct.hpp\n'}
[0.813685] (px4_msgs) StdoutLine: {'line': b'-- Up-to-date: /home/jmj/pro_asp_ws/ws_px4_controls/install/px4_msgs/include/px4_msgs/px4_msgs/msg/detail/rate_ctrl_status__builder.hpp\n'}
[0.813707] (px4_msgs) StdoutLine: {'line': b'-- Up-to-date: /home/jmj/pro_asp_ws/ws_px4_controls/install/px4_msgs/include/px4_msgs/px4_msgs/msg/detail/pwm_input__traits.hpp\n'}
[0.813728] (px4_msgs) StdoutLine: {'line': b'-- Up-to-date: /home/jmj/pro_asp_ws/ws_px4_controls/install/px4_msgs/include/px4_msgs/px4_msgs/msg/detail/rover_rate_setpoint__type_support.hpp\n'}
[0.813753] (px4_msgs) StdoutLine: {'line': b'-- Up-to-date: /home/jmj/pro_asp_ws/ws_px4_controls/install/px4_msgs/include/px4_msgs/px4_msgs/msg/detail/distance_sensor_mode_change_request__builder.hpp\n'}
[0.813779] (px4_msgs) StdoutLine: {'line': b'-- Up-to-date: /home/jmj/pro_asp_ws/ws_px4_controls/install/px4_msgs/include/px4_msgs/px4_msgs/msg/detail/estimator_innovations__struct.hpp\n'}
[0.813801] (px4_msgs) StdoutLine: {'line': b'-- Up-to-date: /home/jmj/pro_asp_ws/ws_px4_controls/install/px4_msgs/include/px4_msgs/px4_msgs/msg/detail/tune_control__traits.hpp\n'}
[0.813823] (px4_msgs) StdoutLine: {'line': b'-- Up-to-date: /home/jmj/pro_asp_ws/ws_px4_controls/install/px4_msgs/include/px4_msgs/px4_msgs/msg/detail/follow_target_status__struct.hpp\n'}
[0.813845] (px4_msgs) StdoutLine: {'line': b'-- Up-to-date: /home/jmj/pro_asp_ws/ws_px4_controls/install/px4_msgs/include/px4_msgs/px4_msgs/msg/detail/can_interface_status__struct.hpp\n'}
[0.813867] (px4_msgs) StdoutLine: {'line': b'-- Up-to-date: /home/jmj/pro_asp_ws/ws_px4_controls/install/px4_msgs/include/px4_msgs/px4_msgs/msg/detail/gimbal_manager_status__traits.hpp\n'}
[0.813890] (px4_msgs) StdoutLine: {'line': b'-- Up-to-date: /home/jmj/pro_asp_ws/ws_px4_controls/install/px4_msgs/include/px4_msgs/px4_msgs/msg/detail/obstacle_distance__builder.hpp\n'}
[0.813913] (px4_msgs) StdoutLine: {'line': b'-- Up-to-date: /home/jmj/pro_asp_ws/ws_px4_controls/install/px4_msgs/include/px4_msgs/px4_msgs/msg/detail/ekf2_timestamps__builder.hpp\n'}
[0.813935] (px4_msgs) StdoutLine: {'line': b'-- Up-to-date: /home/jmj/pro_asp_ws/ws_px4_controls/install/px4_msgs/include/px4_msgs/px4_msgs/msg/detail/gpio_in__builder.hpp\n'}
[0.813958] (px4_msgs) StdoutLine: {'line': b'-- Up-to-date: /home/jmj/pro_asp_ws/ws_px4_controls/install/px4_msgs/include/px4_msgs/px4_msgs/msg/detail/rc_parameter_map__struct.hpp\n'}
[0.813979] (px4_msgs) StdoutLine: {'line': b'-- Up-to-date: /home/jmj/pro_asp_ws/ws_px4_controls/install/px4_msgs/include/px4_msgs/px4_msgs/msg/detail/takeoff_status__traits.hpp\n'}
[0.814001] (px4_msgs) StdoutLine: {'line': b'-- Up-to-date: /home/jmj/pro_asp_ws/ws_px4_controls/install/px4_msgs/include/px4_msgs/px4_msgs/msg/detail/vehicle_constraints__builder.hpp\n'}
[0.814025] (px4_msgs) StdoutLine: {'line': b'-- Up-to-date: /home/jmj/pro_asp_ws/ws_px4_controls/install/px4_msgs/include/px4_msgs/px4_msgs/msg/detail/estimator_event_flags__builder.hpp\n'}
[0.814047] (px4_msgs) StdoutLine: {'line': b'-- Up-to-date: /home/jmj/pro_asp_ws/ws_px4_controls/install/px4_msgs/include/px4_msgs/px4_msgs/msg/detail/event__traits.hpp\n'}
[0.814071] (px4_msgs) StdoutLine: {'line': b'-- Up-to-date: /home/jmj/pro_asp_ws/ws_px4_controls/install/px4_msgs/include/px4_msgs/px4_msgs/msg/detail/follow_target__builder.hpp\n'}
[0.814093] (px4_msgs) StdoutLine: {'line': b'-- Up-to-date: /home/jmj/pro_asp_ws/ws_px4_controls/install/px4_msgs/include/px4_msgs/px4_msgs/msg/detail/pps_capture__type_support.hpp\n'}
[0.814120] (px4_msgs) StdoutLine: {'line': b'-- Up-to-date: /home/jmj/pro_asp_ws/ws_px4_controls/install/px4_msgs/include/px4_msgs/px4_msgs/msg/detail/vehicle_acceleration__traits.hpp\n'}
[0.814143] (px4_msgs) StdoutLine: {'line': b'-- Up-to-date: /home/jmj/pro_asp_ws/ws_px4_controls/install/px4_msgs/include/px4_msgs/px4_msgs/msg/detail/sensor_combined__traits.hpp\n'}
[0.814177] (px4_msgs) StdoutLine: {'line': b'-- Up-to-date: /home/jmj/pro_asp_ws/ws_px4_controls/install/px4_msgs/include/px4_msgs/px4_msgs/msg/detail/control_allocator_status__builder.hpp\n'}
[0.814199] (px4_msgs) StdoutLine: {'line': b'-- Up-to-date: /home/jmj/pro_asp_ws/ws_px4_controls/install/px4_msgs/include/px4_msgs/px4_msgs/msg/detail/mode_completed__traits.hpp\n'}
[0.814223] (px4_msgs) StdoutLine: {'line': b'-- Up-to-date: /home/jmj/pro_asp_ws/ws_px4_controls/install/px4_msgs/include/px4_msgs/px4_msgs/msg/detail/camera_capture__type_support.hpp\n'}
[0.814246] (px4_msgs) StdoutLine: {'line': b'-- Up-to-date: /home/jmj/pro_asp_ws/ws_px4_controls/install/px4_msgs/include/px4_msgs/px4_msgs/msg/detail/sensor_uwb__builder.hpp\n'}
[0.814269] (px4_msgs) StdoutLine: {'line': b'-- Up-to-date: /home/jmj/pro_asp_ws/ws_px4_controls/install/px4_msgs/include/px4_msgs/px4_msgs/msg/detail/qshell_retval__struct.hpp\n'}
[0.814293] (px4_msgs) StdoutLine: {'line': b'-- Up-to-date: /home/jmj/pro_asp_ws/ws_px4_controls/install/px4_msgs/include/px4_msgs/px4_msgs/msg/detail/vehicle_land_detected__builder.hpp\n'}
[0.814317] (px4_msgs) StdoutLine: {'line': b'-- Up-to-date: /home/jmj/pro_asp_ws/ws_px4_controls/install/px4_msgs/include/px4_msgs/px4_msgs/msg/detail/telemetry_status__struct.hpp\n'}
[0.814338] (px4_msgs) StdoutLine: {'line': b'-- Up-to-date: /home/jmj/pro_asp_ws/ws_px4_controls/install/px4_msgs/include/px4_msgs/px4_msgs/msg/detail/rover_velocity_setpoint__type_support.hpp\n'}
[0.814359] (px4_msgs) StdoutLine: {'line': b'-- Up-to-date: /home/jmj/pro_asp_ws/ws_px4_controls/install/px4_msgs/include/px4_msgs/px4_msgs/msg/detail/camera_status__builder.hpp\n'}
[0.814381] (px4_msgs) StdoutLine: {'line': b'-- Up-to-date: /home/jmj/pro_asp_ws/ws_px4_controls/install/px4_msgs/include/px4_msgs/px4_msgs/msg/detail/gimbal_device_information__type_support.hpp\n'}
[0.814405] (px4_msgs) StdoutLine: {'line': b'-- Up-to-date: /home/jmj/pro_asp_ws/ws_px4_controls/install/px4_msgs/include/px4_msgs/px4_msgs/msg/detail/position_controller_status__builder.hpp\n'}
[0.814427] (px4_msgs) StdoutLine: {'line': b'-- Up-to-date: /home/jmj/pro_asp_ws/ws_px4_controls/install/px4_msgs/include/px4_msgs/px4_msgs/msg/detail/debug_key_value__struct.hpp\n'}
[0.814450] (px4_msgs) StdoutLine: {'line': b'-- Up-to-date: /home/jmj/pro_asp_ws/ws_px4_controls/install/px4_msgs/include/px4_msgs/px4_msgs/msg/detail/parameter_reset_request__traits.hpp\n'}
[0.814473] (px4_msgs) StdoutLine: {'line': b'-- Up-to-date: /home/jmj/pro_asp_ws/ws_px4_controls/install/px4_msgs/include/px4_msgs/px4_msgs/msg/detail/vehicle_command__type_support.hpp\n'}
[0.814495] (px4_msgs) StdoutLine: {'line': b'-- Up-to-date: /home/jmj/pro_asp_ws/ws_px4_controls/install/px4_msgs/include/px4_msgs/px4_msgs/msg/detail/estimator_gps_status__traits.hpp\n'}
[0.814518] (px4_msgs) StdoutLine: {'line': b'-- Up-to-date: /home/jmj/pro_asp_ws/ws_px4_controls/install/px4_msgs/include/px4_msgs/px4_msgs/msg/detail/vehicle_command_ack__builder.hpp\n'}
[0.814540] (px4_msgs) StdoutLine: {'line': b'-- Up-to-date: /home/jmj/pro_asp_ws/ws_px4_controls/install/px4_msgs/include/px4_msgs/px4_msgs/msg/detail/gps_dump__builder.hpp\n'}
[0.814562] (px4_msgs) StdoutLine: {'line': b'-- Up-to-date: /home/jmj/pro_asp_ws/ws_px4_controls/install/px4_msgs/include/px4_msgs/px4_msgs/msg/detail/navigator_status__struct.hpp\n'}
[0.814585] (px4_msgs) StdoutLine: {'line': b'-- Up-to-date: /home/jmj/pro_asp_ws/ws_px4_controls/install/px4_msgs/include/px4_msgs/px4_msgs/msg/detail/vehicle_command__struct.hpp\n'}
[0.814606] (px4_msgs) StdoutLine: {'line': b'-- Up-to-date: /home/jmj/pro_asp_ws/ws_px4_controls/install/px4_msgs/include/px4_msgs/px4_msgs/msg/detail/parameter_update__struct.hpp\n'}
[0.814630] (px4_msgs) StdoutLine: {'line': b'-- Up-to-date: /home/jmj/pro_asp_ws/ws_px4_controls/install/px4_msgs/include/px4_msgs/px4_msgs/msg/detail/launch_detection_status__struct.hpp\n'}
[0.814654] (px4_msgs) StdoutLine: {'line': b'-- Up-to-date: /home/jmj/pro_asp_ws/ws_px4_controls/install/px4_msgs/include/px4_msgs/px4_msgs/msg/detail/sensor_optical_flow__builder.hpp\n'}
[0.814686] (px4_msgs) StdoutLine: {'line': b'-- Up-to-date: /home/jmj/pro_asp_ws/ws_px4_controls/install/px4_msgs/include/px4_msgs/px4_msgs/msg/detail/rate_ctrl_status__traits.hpp\n'}
[0.814715] (px4_msgs) StdoutLine: {'line': b'-- Up-to-date: /home/jmj/pro_asp_ws/ws_px4_controls/install/px4_msgs/include/px4_msgs/px4_msgs/msg/detail/landing_gear__type_support.hpp\n'}
[0.814750] (px4_msgs) StdoutLine: {'line': b'-- Up-to-date: /home/jmj/pro_asp_ws/ws_px4_controls/install/px4_msgs/include/px4_msgs/px4_msgs/msg/detail/pps_capture__struct.hpp\n'}
[0.814786] (px4_msgs) StdoutLine: {'line': b'-- Up-to-date: /home/jmj/pro_asp_ws/ws_px4_controls/install/px4_msgs/include/px4_msgs/px4_msgs/msg/detail/obstacle_distance__struct.hpp\n'}
[0.814824] (px4_msgs) StdoutLine: {'line': b'-- Up-to-date: /home/jmj/pro_asp_ws/ws_px4_controls/install/px4_msgs/include/px4_msgs/px4_msgs/msg/detail/arming_check_request__type_support.hpp\n'}
[0.814865] (px4_msgs) StdoutLine: {'line': b'-- Up-to-date: /home/jmj/pro_asp_ws/ws_px4_controls/install/px4_msgs/include/px4_msgs/px4_msgs/msg/detail/heater_status__struct.hpp\n'}
[0.814920] (px4_msgs) StdoutLine: {'line': b'-- Up-to-date: /home/jmj/pro_asp_ws/ws_px4_controls/install/px4_msgs/include/px4_msgs/px4_msgs/msg/detail/fixed_wing_runway_control__type_support.hpp\n'}
[0.814961] (px4_msgs) StdoutLine: {'line': b'-- Up-to-date: /home/jmj/pro_asp_ws/ws_px4_controls/install/px4_msgs/include/px4_msgs/px4_msgs/msg/detail/sensor_gnss_relative__struct.hpp\n'}
[0.814992] (px4_msgs) StdoutLine: {'line': b'-- Up-to-date: /home/jmj/pro_asp_ws/ws_px4_controls/install/px4_msgs/include/px4_msgs/px4_msgs/msg/detail/rover_position_setpoint__type_support.hpp\n'}
[0.815018] (px4_msgs) StdoutLine: {'line': b'-- Up-to-date: /home/jmj/pro_asp_ws/ws_px4_controls/install/px4_msgs/include/px4_msgs/px4_msgs/msg/detail/uavcan_parameter_value__struct.hpp\n'}
[0.815040] (px4_msgs) StdoutLine: {'line': b'-- Up-to-date: /home/jmj/pro_asp_ws/ws_px4_controls/install/px4_msgs/include/px4_msgs/px4_msgs/msg/detail/vehicle_imu_status__struct.hpp\n'}
[0.815068] (px4_msgs) StdoutLine: {'line': b'-- Up-to-date: /home/jmj/pro_asp_ws/ws_px4_controls/install/px4_msgs/include/px4_msgs/px4_msgs/msg/detail/irlock_report__builder.hpp\n'}
[0.815097] (px4_msgs) StdoutLine: {'line': b'-- Up-to-date: /home/jmj/pro_asp_ws/ws_px4_controls/install/px4_msgs/include/px4_msgs/px4_msgs/msg/detail/register_ext_component_reply__traits.hpp\n'}
[0.815124] (px4_msgs) StdoutLine: {'line': b'-- Up-to-date: /home/jmj/pro_asp_ws/ws_px4_controls/install/px4_msgs/include/px4_msgs/px4_msgs/msg/detail/sensor_gyro_fifo__traits.hpp\n'}
[0.815150] (px4_msgs) StdoutLine: {'line': b'-- Up-to-date: /home/jmj/pro_asp_ws/ws_px4_controls/install/px4_msgs/include/px4_msgs/px4_msgs/msg/detail/gimbal_manager_information__traits.hpp\n'}
[0.815176] (px4_msgs) StdoutLine: {'line': b'-- Up-to-date: /home/jmj/pro_asp_ws/ws_px4_controls/install/px4_msgs/include/px4_msgs/px4_msgs/msg/detail/vtol_vehicle_status__builder.hpp\n'}
[0.815202] (px4_msgs) StdoutLine: {'line': b'-- Up-to-date: /home/jmj/pro_asp_ws/ws_px4_controls/install/px4_msgs/include/px4_msgs/px4_msgs/msg/detail/vehicle_rates_setpoint__builder.hpp\n'}
[0.815229] (px4_msgs) StdoutLine: {'line': b'-- Up-to-date: /home/jmj/pro_asp_ws/ws_px4_controls/install/px4_msgs/include/px4_msgs/px4_msgs/msg/detail/input_rc__traits.hpp\n'}
[0.815255] (px4_msgs) StdoutLine: {'line': b'-- Up-to-date: /home/jmj/pro_asp_ws/ws_px4_controls/install/px4_msgs/include/px4_msgs/px4_msgs/msg/detail/estimator_bias3d__traits.hpp\n'}
[0.815278] (px4_msgs) StdoutLine: {'line': b'-- Up-to-date: /home/jmj/pro_asp_ws/ws_px4_controls/install/px4_msgs/include/px4_msgs/px4_msgs/msg/detail/manual_control_setpoint__type_support.hpp\n'}
[0.815302] (px4_msgs) StdoutLine: {'line': b'-- Up-to-date: /home/jmj/pro_asp_ws/ws_px4_controls/install/px4_msgs/include/px4_msgs/px4_msgs/msg/detail/cpuload__struct.hpp\n'}
[0.815330] (px4_msgs) StdoutLine: {'line': b'-- Up-to-date: /home/jmj/pro_asp_ws/ws_px4_controls/install/px4_msgs/include/px4_msgs/px4_msgs/msg/detail/follow_target__traits.hpp\n'}
[0.815354] (px4_msgs) StdoutLine: {'line': b'-- Up-to-date: /home/jmj/pro_asp_ws/ws_px4_controls/install/px4_msgs/include/px4_msgs/px4_msgs/msg/detail/register_ext_component_reply__type_support.hpp\n'}
[0.815379] (px4_msgs) StdoutLine: {'line': b'-- Up-to-date: /home/jmj/pro_asp_ws/ws_px4_controls/install/px4_msgs/include/px4_msgs/px4_msgs/msg/detail/trajectory_setpoint__traits.hpp\n'}
[0.815413] (px4_msgs) StdoutLine: {'line': b'-- Up-to-date: /home/jmj/pro_asp_ws/ws_px4_controls/install/px4_msgs/include/px4_msgs/px4_msgs/msg/detail/vehicle_rates_setpoint__struct.hpp\n'}
[0.815439] (px4_msgs) StdoutLine: {'line': b'-- Up-to-date: /home/jmj/pro_asp_ws/ws_px4_controls/install/px4_msgs/include/px4_msgs/px4_msgs/msg/detail/register_ext_component_request__type_support.hpp\n'}
[0.815465] (px4_msgs) StdoutLine: {'line': b'-- Up-to-date: /home/jmj/pro_asp_ws/ws_px4_controls/install/px4_msgs/include/px4_msgs/px4_msgs/msg/detail/estimator_aid_source3d__builder.hpp\n'}
[0.815488] (px4_msgs) StdoutLine: {'line': b'-- Up-to-date: /home/jmj/pro_asp_ws/ws_px4_controls/install/px4_msgs/include/px4_msgs/px4_msgs/msg/detail/radio_status__struct.hpp\n'}
[0.815512] (px4_msgs) StdoutLine: {'line': b'-- Up-to-date: /home/jmj/pro_asp_ws/ws_px4_controls/install/px4_msgs/include/px4_msgs/px4_msgs/msg/detail/ulog_stream__builder.hpp\n'}
[0.815534] (px4_msgs) StdoutLine: {'line': b'-- Up-to-date: /home/jmj/pro_asp_ws/ws_px4_controls/install/px4_msgs/include/px4_msgs/px4_msgs/msg/detail/vehicle_local_position__type_support.hpp\n'}
[0.815557] (px4_msgs) StdoutLine: {'line': b'-- Up-to-date: /home/jmj/pro_asp_ws/ws_px4_controls/install/px4_msgs/include/px4_msgs/px4_msgs/msg/detail/follow_target_estimator__traits.hpp\n'}
[0.815585] (px4_msgs) StdoutLine: {'line': b'-- Up-to-date: /home/jmj/pro_asp_ws/ws_px4_controls/install/px4_msgs/include/px4_msgs/px4_msgs/msg/detail/mavlink_log__traits.hpp\n'}
[0.815610] (px4_msgs) StdoutLine: {'line': b'-- Up-to-date: /home/jmj/pro_asp_ws/ws_px4_controls/install/px4_msgs/include/px4_msgs/px4_msgs/msg/detail/sensor_mag__type_support.hpp\n'}
[0.815641] (px4_msgs) StdoutLine: {'line': b'-- Up-to-date: /home/jmj/pro_asp_ws/ws_px4_controls/install/px4_msgs/include/px4_msgs/px4_msgs/msg/detail/adc_report__builder.hpp\n'}
[0.815669] (px4_msgs) StdoutLine: {'line': b'-- Up-to-date: /home/jmj/pro_asp_ws/ws_px4_controls/install/px4_msgs/include/px4_msgs/px4_msgs/msg/detail/ulog_stream__struct.hpp\n'}
[0.815698] (px4_msgs) StdoutLine: {'line': b'-- Up-to-date: /home/jmj/pro_asp_ws/ws_px4_controls/install/px4_msgs/include/px4_msgs/px4_msgs/msg/detail/distance_sensor_mode_change_request__traits.hpp\n'}
[0.815721] (px4_msgs) StdoutLine: {'line': b'-- Up-to-date: /home/jmj/pro_asp_ws/ws_px4_controls/install/px4_msgs/include/px4_msgs/px4_msgs/msg/detail/cpuload__type_support.hpp\n'}
[0.815746] (px4_msgs) StdoutLine: {'line': b'-- Up-to-date: /home/jmj/pro_asp_ws/ws_px4_controls/install/px4_msgs/include/px4_msgs/px4_msgs/msg/detail/actuator_motors__builder.hpp\n'}
[0.815787] (px4_msgs) StdoutLine: {'line': b'-- Up-to-date: /home/jmj/pro_asp_ws/ws_px4_controls/install/px4_msgs/include/px4_msgs/px4_msgs/msg/detail/flight_phase_estimation__builder.hpp\n'}
[0.815826] (px4_msgs) StdoutLine: {'line': b'-- Up-to-date: /home/jmj/pro_asp_ws/ws_px4_controls/install/px4_msgs/include/px4_msgs/px4_msgs/msg/detail/geofence_status__struct.hpp\n'}
[0.815863] (px4_msgs) StdoutLine: {'line': b'-- Up-to-date: /home/jmj/pro_asp_ws/ws_px4_controls/install/px4_msgs/include/px4_msgs/px4_msgs/msg/detail/open_drone_id_system__builder.hpp\n'}
[0.815889] (px4_msgs) StdoutLine: {'line': b'-- Up-to-date: /home/jmj/pro_asp_ws/ws_px4_controls/install/px4_msgs/include/px4_msgs/px4_msgs/msg/detail/gimbal_controls__struct.hpp\n'}
[0.815927] (px4_msgs) StdoutLine: {'line': b'-- Up-to-date: /home/jmj/pro_asp_ws/ws_px4_controls/install/px4_msgs/include/px4_msgs/px4_msgs/msg/detail/action_request__builder.hpp\n'}
[0.815967] (px4_msgs) StdoutLine: {'line': b'-- Up-to-date: /home/jmj/pro_asp_ws/ws_px4_controls/install/px4_msgs/include/px4_msgs/px4_msgs/msg/detail/sensor_preflight_mag__builder.hpp\n'}
[0.816001] (px4_msgs) StdoutLine: {'line': b'-- Up-to-date: /home/jmj/pro_asp_ws/ws_px4_controls/install/px4_msgs/include/px4_msgs/px4_msgs/msg/detail/geofence_result__type_support.hpp\n'}
[0.816040] (px4_msgs) StdoutLine: {'line': b'-- Up-to-date: /home/jmj/pro_asp_ws/ws_px4_controls/install/px4_msgs/include/px4_msgs/px4_msgs/msg/detail/hover_thrust_estimate__type_support.hpp\n'}
[0.816075] (px4_msgs) StdoutLine: {'line': b'-- Up-to-date: /home/jmj/pro_asp_ws/ws_px4_controls/install/px4_msgs/include/px4_msgs/px4_msgs/msg/detail/timesync_status__traits.hpp\n'}
[0.816109] (px4_msgs) StdoutLine: {'line': b'-- Up-to-date: /home/jmj/pro_asp_ws/ws_px4_controls/install/px4_msgs/include/px4_msgs/px4_msgs/msg/detail/gpio_config__struct.hpp\n'}
[0.816143] (px4_msgs) StdoutLine: {'line': b'-- Up-to-date: /home/jmj/pro_asp_ws/ws_px4_controls/install/px4_msgs/include/px4_msgs/px4_msgs/msg/detail/mavlink_tunnel__struct.hpp\n'}
[0.816180] (px4_msgs) StdoutLine: {'line': b'-- Up-to-date: /home/jmj/pro_asp_ws/ws_px4_controls/install/px4_msgs/include/px4_msgs/px4_msgs/msg/detail/vehicle_magnetometer__traits.hpp\n'}
[0.816221] (px4_msgs) StdoutLine: {'line': b'-- Up-to-date: /home/jmj/pro_asp_ws/ws_px4_controls/install/px4_msgs/include/px4_msgs/px4_msgs/msg/detail/button_event__traits.hpp\n'}
[0.816250] (px4_msgs) StdoutLine: {'line': b'-- Up-to-date: /home/jmj/pro_asp_ws/ws_px4_controls/install/px4_msgs/include/px4_msgs/px4_msgs/msg/detail/rover_attitude_status__struct.hpp\n'}
[0.816275] (px4_msgs) StdoutLine: {'line': b'-- Up-to-date: /home/jmj/pro_asp_ws/ws_px4_controls/install/px4_msgs/include/px4_msgs/px4_msgs/msg/detail/vehicle_acceleration__type_support.hpp\n'}
[0.816303] (px4_msgs) StdoutLine: {'line': b'-- Up-to-date: /home/jmj/pro_asp_ws/ws_px4_controls/install/px4_msgs/include/px4_msgs/px4_msgs/msg/detail/navigator_mission_item__builder.hpp\n'}
[0.816331] (px4_msgs) StdoutLine: {'line': b'-- Up-to-date: /home/jmj/pro_asp_ws/ws_px4_controls/install/px4_msgs/include/px4_msgs/px4_msgs/msg/detail/failure_detector_status__struct.hpp\n'}
[0.816358] (px4_msgs) StdoutLine: {'line': b'-- Up-to-date: /home/jmj/pro_asp_ws/ws_px4_controls/install/px4_msgs/include/px4_msgs/px4_msgs/msg/detail/actuator_controls_status__type_support.hpp\n'}
[0.816381] (px4_msgs) StdoutLine: {'line': b'-- Up-to-date: /home/jmj/pro_asp_ws/ws_px4_controls/install/px4_msgs/include/px4_msgs/px4_msgs/msg/detail/vehicle_imu__type_support.hpp\n'}
[0.816406] (px4_msgs) StdoutLine: {'line': b'-- Up-to-date: /home/jmj/pro_asp_ws/ws_px4_controls/install/px4_msgs/include/px4_msgs/px4_msgs/msg/detail/ulog_stream__type_support.hpp\n'}
[0.816436] (px4_msgs) StdoutLine: {'line': b'-- Up-to-date: /home/jmj/pro_asp_ws/ws_px4_controls/install/px4_msgs/include/px4_msgs/px4_msgs/msg/detail/orb_test__traits.hpp\n'}
[0.816471] (px4_msgs) StdoutLine: {'line': b'-- Up-to-date: /home/jmj/pro_asp_ws/ws_px4_controls/install/px4_msgs/include/px4_msgs/px4_msgs/msg/detail/mission_result__struct.hpp\n'}
[0.816501] (px4_msgs) StdoutLine: {'line': b'-- Up-to-date: /home/jmj/pro_asp_ws/ws_px4_controls/install/px4_msgs/include/px4_msgs/px4_msgs/msg/detail/estimator_selector_status__traits.hpp\n'}
[0.816528] (px4_msgs) StdoutLine: {'line': b'-- Up-to-date: /home/jmj/pro_asp_ws/ws_px4_controls/install/px4_msgs/include/px4_msgs/px4_msgs/msg/detail/esc_status__struct.hpp\n'}
[0.816552] (px4_msgs) StdoutLine: {'line': b'-- Up-to-date: /home/jmj/pro_asp_ws/ws_px4_controls/install/px4_msgs/include/px4_msgs/px4_msgs/msg/detail/uavcan_parameter_value__builder.hpp\n'}
[0.816577] (px4_msgs) StdoutLine: {'line': b'-- Up-to-date: /home/jmj/pro_asp_ws/ws_px4_controls/install/px4_msgs/include/px4_msgs/px4_msgs/msg/detail/rover_velocity_status__builder.hpp\n'}
[0.816616] (px4_msgs) StdoutLine: {'line': b'-- Up-to-date: /home/jmj/pro_asp_ws/ws_px4_controls/install/px4_msgs/include/px4_msgs/px4_msgs/msg/detail/esc_status__type_support.hpp\n'}
[0.816683] (px4_msgs) StdoutLine: {'line': b'-- Up-to-date: /home/jmj/pro_asp_ws/ws_px4_controls/install/px4_msgs/include/px4_msgs/px4_msgs/msg/detail/airspeed_wind__struct.hpp\n'}
[0.816728] (px4_msgs) StdoutLine: {'line': b'-- Up-to-date: /home/jmj/pro_asp_ws/ws_px4_controls/install/px4_msgs/include/px4_msgs/px4_msgs/msg/detail/rtl_time_estimate__struct.hpp\n'}
[0.816777] (px4_msgs) StdoutLine: {'line': b'-- Up-to-date: /home/jmj/pro_asp_ws/ws_px4_controls/install/px4_msgs/include/px4_msgs/px4_msgs/msg/detail/camera_trigger__builder.hpp\n'}
[0.816819] (px4_msgs) StdoutLine: {'line': b'-- Up-to-date: /home/jmj/pro_asp_ws/ws_px4_controls/install/px4_msgs/include/px4_msgs/px4_msgs/msg/detail/sensor_baro__type_support.hpp\n'}
[0.816855] (px4_msgs) StdoutLine: {'line': b'-- Up-to-date: /home/jmj/pro_asp_ws/ws_px4_controls/install/px4_msgs/include/px4_msgs/px4_msgs/msg/detail/mission__traits.hpp\n'}
[0.816889] (px4_msgs) StdoutLine: {'line': b'-- Up-to-date: /home/jmj/pro_asp_ws/ws_px4_controls/install/px4_msgs/include/px4_msgs/px4_msgs/msg/detail/parameter_set_value_request__struct.hpp\n'}
[0.816922] (px4_msgs) StdoutLine: {'line': b'-- Up-to-date: /home/jmj/pro_asp_ws/ws_px4_controls/install/px4_msgs/include/px4_msgs/px4_msgs/msg/detail/sensor_airflow__builder.hpp\n'}
[0.816958] (px4_msgs) StdoutLine: {'line': b'-- Up-to-date: /home/jmj/pro_asp_ws/ws_px4_controls/install/px4_msgs/include/px4_msgs/px4_msgs/msg/detail/vehicle_optical_flow__type_support.hpp\n'}
[0.816993] (px4_msgs) StdoutLine: {'line': b'-- Up-to-date: /home/jmj/pro_asp_ws/ws_px4_controls/install/px4_msgs/include/px4_msgs/px4_msgs/msg/detail/rc_channels__builder.hpp\n'}
[0.817025] (px4_msgs) StdoutLine: {'line': b'-- Up-to-date: /home/jmj/pro_asp_ws/ws_px4_controls/install/px4_msgs/include/px4_msgs/px4_msgs/msg/detail/debug_array__struct.hpp\n'}
[0.817058] (px4_msgs) StdoutLine: {'line': b'-- Up-to-date: /home/jmj/pro_asp_ws/ws_px4_controls/install/px4_msgs/include/px4_msgs/px4_msgs/msg/detail/estimator_aid_source1d__type_support.hpp\n'}
[0.817092] (px4_msgs) StdoutLine: {'line': b'-- Up-to-date: /home/jmj/pro_asp_ws/ws_px4_controls/install/px4_msgs/include/px4_msgs/px4_msgs/msg/detail/trajectory_setpoint__struct.hpp\n'}
[0.817124] (px4_msgs) StdoutLine: {'line': b'-- Up-to-date: /home/jmj/pro_asp_ws/ws_px4_controls/install/px4_msgs/include/px4_msgs/px4_msgs/msg/detail/sensor_mag__traits.hpp\n'}
[0.817148] (px4_msgs) StdoutLine: {'line': b'-- Up-to-date: /home/jmj/pro_asp_ws/ws_px4_controls/install/px4_msgs/include/px4_msgs/px4_msgs/msg/detail/wheel_encoders__builder.hpp\n'}
[0.817172] (px4_msgs) StdoutLine: {'line': b'-- Up-to-date: /home/jmj/pro_asp_ws/ws_px4_controls/install/px4_msgs/include/px4_msgs/px4_msgs/msg/detail/parameter_set_value_response__builder.hpp\n'}
[0.817194] (px4_msgs) StdoutLine: {'line': b'-- Up-to-date: /home/jmj/pro_asp_ws/ws_px4_controls/install/px4_msgs/include/px4_msgs/px4_msgs/msg/detail/geofence_status__traits.hpp\n'}
[0.817217] (px4_msgs) StdoutLine: {'line': b'-- Up-to-date: /home/jmj/pro_asp_ws/ws_px4_controls/install/px4_msgs/include/px4_msgs/px4_msgs/msg/detail/action_request__type_support.hpp\n'}
[0.817240] (px4_msgs) StdoutLine: {'line': b'-- Up-to-date: /home/jmj/pro_asp_ws/ws_px4_controls/install/px4_msgs/include/px4_msgs/px4_msgs/msg/detail/gimbal_device_set_attitude__builder.hpp\n'}
[0.817263] (px4_msgs) StdoutLine: {'line': b'-- Up-to-date: /home/jmj/pro_asp_ws/ws_px4_controls/install/px4_msgs/include/px4_msgs/px4_msgs/msg/detail/actuator_servos__traits.hpp\n'}
[0.817285] (px4_msgs) StdoutLine: {'line': b'-- Up-to-date: /home/jmj/pro_asp_ws/ws_px4_controls/install/px4_msgs/include/px4_msgs/px4_msgs/msg/detail/mode_completed__builder.hpp\n'}
[0.817307] (px4_msgs) StdoutLine: {'line': b'-- Up-to-date: /home/jmj/pro_asp_ws/ws_px4_controls/install/px4_msgs/include/px4_msgs/px4_msgs/msg/detail/open_drone_id_arm_status__type_support.hpp\n'}
[0.817329] (px4_msgs) StdoutLine: {'line': b'-- Up-to-date: /home/jmj/pro_asp_ws/ws_px4_controls/install/px4_msgs/include/px4_msgs/px4_msgs/msg/detail/distance_sensor__type_support.hpp\n'}
[0.817355] (px4_msgs) StdoutLine: {'line': b'-- Up-to-date: /home/jmj/pro_asp_ws/ws_px4_controls/install/px4_msgs/include/px4_msgs/px4_msgs/msg/detail/sensor_selection__struct.hpp\n'}
[0.817376] (px4_msgs) StdoutLine: {'line': b'-- Up-to-date: /home/jmj/pro_asp_ws/ws_px4_controls/install/px4_msgs/include/px4_msgs/px4_msgs/msg/detail/estimator_aid_source1d__traits.hpp\n'}
[0.817398] (px4_msgs) StdoutLine: {'line': b'-- Up-to-date: /home/jmj/pro_asp_ws/ws_px4_controls/install/px4_msgs/include/px4_msgs/px4_msgs/msg/detail/vehicle_status__struct.hpp\n'}
[0.817419] (px4_msgs) StdoutLine: {'line': b'-- Up-to-date: /home/jmj/pro_asp_ws/ws_px4_controls/install/px4_msgs/include/px4_msgs/px4_msgs/msg/detail/parameter_set_value_request__builder.hpp\n'}
[0.817440] (px4_msgs) StdoutLine: {'line': b'-- Up-to-date: /home/jmj/pro_asp_ws/ws_px4_controls/install/px4_msgs/include/px4_msgs/px4_msgs/msg/detail/health_report__type_support.hpp\n'}
[0.817461] (px4_msgs) StdoutLine: {'line': b'-- Up-to-date: /home/jmj/pro_asp_ws/ws_px4_controls/install/px4_msgs/include/px4_msgs/px4_msgs/msg/detail/sensor_gyro__traits.hpp\n'}
[0.817483] (px4_msgs) StdoutLine: {'line': b'-- Up-to-date: /home/jmj/pro_asp_ws/ws_px4_controls/install/px4_msgs/include/px4_msgs/px4_msgs/msg/detail/telemetry_status__builder.hpp\n'}
[0.817504] (px4_msgs) StdoutLine: {'line': b'-- Up-to-date: /home/jmj/pro_asp_ws/ws_px4_controls/install/px4_msgs/include/px4_msgs/px4_msgs/msg/detail/tiltrotor_extra_controls__struct.hpp\n'}
[0.817534] (px4_msgs) StdoutLine: {'line': b'-- Up-to-date: /home/jmj/pro_asp_ws/ws_px4_controls/install/px4_msgs/include/px4_msgs/px4_msgs/msg/detail/vehicle_air_data__struct.hpp\n'}
[0.817556] (px4_msgs) StdoutLine: {'line': b'-- Up-to-date: /home/jmj/pro_asp_ws/ws_px4_controls/install/px4_msgs/include/px4_msgs/px4_msgs/msg/detail/estimator_bias3d__struct.hpp\n'}
[0.817577] (px4_msgs) StdoutLine: {'line': b'-- Up-to-date: /home/jmj/pro_asp_ws/ws_px4_controls/install/px4_msgs/include/px4_msgs/px4_msgs/msg/detail/timesync_status__type_support.hpp\n'}
[0.817599] (px4_msgs) StdoutLine: {'line': b'-- Up-to-date: /home/jmj/pro_asp_ws/ws_px4_controls/install/px4_msgs/include/px4_msgs/px4_msgs/msg/detail/estimator_innovations__type_support.hpp\n'}
[0.817620] (px4_msgs) StdoutLine: {'line': b'-- Up-to-date: /home/jmj/pro_asp_ws/ws_px4_controls/install/px4_msgs/include/px4_msgs/px4_msgs/msg/detail/airspeed_validated__type_support.hpp\n'}
[0.817642] (px4_msgs) StdoutLine: {'line': b'-- Up-to-date: /home/jmj/pro_asp_ws/ws_px4_controls/install/px4_msgs/include/px4_msgs/px4_msgs/msg/detail/vehicle_control_mode__builder.hpp\n'}
[0.817663] (px4_msgs) StdoutLine: {'line': b'-- Up-to-date: /home/jmj/pro_asp_ws/ws_px4_controls/install/px4_msgs/include/px4_msgs/px4_msgs/msg/detail/wheel_encoders__traits.hpp\n'}
[0.817685] (px4_msgs) StdoutLine: {'line': b'-- Up-to-date: /home/jmj/pro_asp_ws/ws_px4_controls/install/px4_msgs/include/px4_msgs/px4_msgs/msg/detail/gpio_out__traits.hpp\n'}
[0.817707] (px4_msgs) StdoutLine: {'line': b'-- Up-to-date: /home/jmj/pro_asp_ws/ws_px4_controls/install/px4_msgs/include/px4_msgs/px4_msgs/msg/detail/orb_test_large__struct.hpp\n'}
[0.817728] (px4_msgs) StdoutLine: {'line': b'-- Up-to-date: /home/jmj/pro_asp_ws/ws_px4_controls/install/px4_msgs/include/px4_msgs/px4_msgs/msg/detail/message_format_response__builder.hpp\n'}
[0.817765] (px4_msgs) StdoutLine: {'line': b'-- Up-to-date: /home/jmj/pro_asp_ws/ws_px4_controls/install/px4_msgs/include/px4_msgs/px4_msgs/msg/detail/estimator_bias__type_support.hpp\n'}
[0.817799] (px4_msgs) StdoutLine: {'line': b'-- Up-to-date: /home/jmj/pro_asp_ws/ws_px4_controls/install/px4_msgs/include/px4_msgs/px4_msgs/msg/detail/gpio_config__type_support.hpp\n'}
[0.817829] (px4_msgs) StdoutLine: {'line': b'-- Up-to-date: /home/jmj/pro_asp_ws/ws_px4_controls/install/px4_msgs/include/px4_msgs/px4_msgs/msg/detail/transponder_report__type_support.hpp\n'}
[0.817852] (px4_msgs) StdoutLine: {'line': b'-- Up-to-date: /home/jmj/pro_asp_ws/ws_px4_controls/install/px4_msgs/include/px4_msgs/px4_msgs/msg/detail/estimator_bias__struct.hpp\n'}
[0.817878] (px4_msgs) StdoutLine: {'line': b'-- Up-to-date: /home/jmj/pro_asp_ws/ws_px4_controls/install/px4_msgs/include/px4_msgs/px4_msgs/msg/detail/pure_pursuit_status__traits.hpp\n'}
[0.817900] (px4_msgs) StdoutLine: {'line': b'-- Up-to-date: /home/jmj/pro_asp_ws/ws_px4_controls/install/px4_msgs/include/px4_msgs/px4_msgs/msg/detail/sensor_correction__traits.hpp\n'}
[0.817922] (px4_msgs) StdoutLine: {'line': b'-- Up-to-date: /home/jmj/pro_asp_ws/ws_px4_controls/install/px4_msgs/include/px4_msgs/px4_msgs/msg/detail/vehicle_attitude__builder.hpp\n'}
[0.817945] (px4_msgs) StdoutLine: {'line': b'-- Up-to-date: /home/jmj/pro_asp_ws/ws_px4_controls/install/px4_msgs/include/px4_msgs/px4_msgs/msg/detail/gimbal_device_set_attitude__traits.hpp\n'}
[0.817967] (px4_msgs) StdoutLine: {'line': b'-- Up-to-date: /home/jmj/pro_asp_ws/ws_px4_controls/install/px4_msgs/include/px4_msgs/px4_msgs/msg/detail/iridiumsbd_status__traits.hpp\n'}
[0.817989] (px4_msgs) StdoutLine: {'line': b'-- Up-to-date: /home/jmj/pro_asp_ws/ws_px4_controls/install/px4_msgs/include/px4_msgs/px4_msgs/msg/detail/actuator_test__type_support.hpp\n'}
[0.818010] (px4_msgs) StdoutLine: {'line': b'-- Up-to-date: /home/jmj/pro_asp_ws/ws_px4_controls/install/px4_msgs/include/px4_msgs/px4_msgs/msg/detail/sensors_status__type_support.hpp\n'}
[0.818031] (px4_msgs) StdoutLine: {'line': b'-- Up-to-date: /home/jmj/pro_asp_ws/ws_px4_controls/install/px4_msgs/include/px4_msgs/px4_msgs/msg/detail/battery_status__struct.hpp\n'}
[0.818052] (px4_msgs) StdoutLine: {'line': b'-- Up-to-date: /home/jmj/pro_asp_ws/ws_px4_controls/install/px4_msgs/include/px4_msgs/px4_msgs/msg/detail/landing_gear__builder.hpp\n'}
[0.818074] (px4_msgs) StdoutLine: {'line': b'-- Up-to-date: /home/jmj/pro_asp_ws/ws_px4_controls/install/px4_msgs/include/px4_msgs/px4_msgs/msg/detail/distance_sensor_mode_change_request__struct.hpp\n'}
[0.818095] (px4_msgs) StdoutLine: {'line': b'-- Up-to-date: /home/jmj/pro_asp_ws/ws_px4_controls/install/px4_msgs/include/px4_msgs/px4_msgs/msg/detail/autotune_attitude_control_status__type_support.hpp\n'}
[0.818117] (px4_msgs) StdoutLine: {'line': b'-- Up-to-date: /home/jmj/pro_asp_ws/ws_px4_controls/install/px4_msgs/include/px4_msgs/px4_msgs/msg/detail/open_drone_id_self_id__struct.hpp\n'}
[0.818201] (px4_msgs) StdoutLine: {'line': b'-- Up-to-date: /home/jmj/pro_asp_ws/ws_px4_controls/install/px4_msgs/include/px4_msgs/px4_msgs/msg/detail/actuator_outputs__type_support.hpp\n'}
[0.818235] (px4_msgs) StdoutLine: {'line': b'-- Up-to-date: /home/jmj/pro_asp_ws/ws_px4_controls/install/px4_msgs/include/px4_msgs/px4_msgs/msg/detail/rover_rate_setpoint__traits.hpp\n'}
[0.818273] (px4_msgs) StdoutLine: {'line': b'-- Up-to-date: /home/jmj/pro_asp_ws/ws_px4_controls/install/px4_msgs/include/px4_msgs/px4_msgs/msg/detail/fixed_wing_lateral_guidance_status__builder.hpp\n'}
[0.818314] (px4_msgs) StdoutLine: {'line': b'-- Up-to-date: /home/jmj/pro_asp_ws/ws_px4_controls/install/px4_msgs/include/px4_msgs/px4_msgs/msg/detail/vehicle_attitude__traits.hpp\n'}
[0.818351] (px4_msgs) StdoutLine: {'line': b'-- Up-to-date: /home/jmj/pro_asp_ws/ws_px4_controls/install/px4_msgs/include/px4_msgs/px4_msgs/msg/detail/vehicle_attitude__struct.hpp\n'}
[0.818385] (px4_msgs) StdoutLine: {'line': b'-- Up-to-date: /home/jmj/pro_asp_ws/ws_px4_controls/install/px4_msgs/include/px4_msgs/px4_msgs/msg/detail/open_drone_id_system__traits.hpp\n'}
[0.818419] (px4_msgs) StdoutLine: {'line': b'-- Up-to-date: /home/jmj/pro_asp_ws/ws_px4_controls/install/px4_msgs/include/px4_msgs/px4_msgs/msg/detail/navigator_mission_item__type_support.hpp\n'}
[0.818450] (px4_msgs) StdoutLine: {'line': b'-- Up-to-date: /home/jmj/pro_asp_ws/ws_px4_controls/install/px4_msgs/include/px4_msgs/px4_msgs/msg/detail/vehicle_angular_acceleration_setpoint__struct.hpp\n'}
[0.818483] (px4_msgs) StdoutLine: {'line': b'-- Up-to-date: /home/jmj/pro_asp_ws/ws_px4_controls/install/px4_msgs/include/px4_msgs/px4_msgs/msg/detail/actuator_outputs__traits.hpp\n'}
[0.818517] (px4_msgs) StdoutLine: {'line': b'-- Up-to-date: /home/jmj/pro_asp_ws/ws_px4_controls/install/px4_msgs/include/px4_msgs/px4_msgs/msg/detail/config_overrides__struct.hpp\n'}
[0.818553] (px4_msgs) StdoutLine: {'line': b'-- Up-to-date: /home/jmj/pro_asp_ws/ws_px4_controls/install/px4_msgs/include/px4_msgs/px4_msgs/msg/detail/satellite_info__traits.hpp\n'}
[0.818586] (px4_msgs) StdoutLine: {'line': b'-- Up-to-date: /home/jmj/pro_asp_ws/ws_px4_controls/install/px4_msgs/include/px4_msgs/px4_msgs/msg/detail/rover_velocity_setpoint__traits.hpp\n'}
[0.818623] (px4_msgs) StdoutLine: {'line': b'-- Up-to-date: /home/jmj/pro_asp_ws/ws_px4_controls/install/px4_msgs/include/px4_msgs/px4_msgs/msg/detail/estimator_states__type_support.hpp\n'}
[0.818660] (px4_msgs) StdoutLine: {'line': b'-- Up-to-date: /home/jmj/pro_asp_ws/ws_px4_controls/install/px4_msgs/include/px4_msgs/px4_msgs/msg/detail/estimator_aid_source2d__traits.hpp\n'}
[0.818694] (px4_msgs) StdoutLine: {'line': b'-- Up-to-date: /home/jmj/pro_asp_ws/ws_px4_controls/install/px4_msgs/include/px4_msgs/px4_msgs/msg/detail/vehicle_imu_status__builder.hpp\n'}
[0.818726] (px4_msgs) StdoutLine: {'line': b'-- Up-to-date: /home/jmj/pro_asp_ws/ws_px4_controls/install/px4_msgs/include/px4_msgs/px4_msgs/msg/detail/collision_constraints__traits.hpp\n'}
[0.818756] (px4_msgs) StdoutLine: {'line': b'-- Up-to-date: /home/jmj/pro_asp_ws/ws_px4_controls/install/px4_msgs/include/px4_msgs/px4_msgs/msg/detail/register_ext_component_reply__builder.hpp\n'}
[0.818792] (px4_msgs) StdoutLine: {'line': b'-- Up-to-date: /home/jmj/pro_asp_ws/ws_px4_controls/install/px4_msgs/include/px4_msgs/px4_msgs/msg/detail/gpio_in__type_support.hpp\n'}
[0.818828] (px4_msgs) StdoutLine: {'line': b'-- Up-to-date: /home/jmj/pro_asp_ws/ws_px4_controls/install/px4_msgs/include/px4_msgs/px4_msgs/msg/detail/position_controller_landing_status__traits.hpp\n'}
[0.818865] (px4_msgs) StdoutLine: {'line': b'-- Up-to-date: /home/jmj/pro_asp_ws/ws_px4_controls/install/px4_msgs/include/px4_msgs/px4_msgs/msg/detail/estimator_bias3d__builder.hpp\n'}
[0.818894] (px4_msgs) StdoutLine: {'line': b'-- Up-to-date: /home/jmj/pro_asp_ws/ws_px4_controls/install/px4_msgs/include/px4_msgs/px4_msgs/msg/detail/task_stack_info__traits.hpp\n'}
[0.818917] (px4_msgs) StdoutLine: {'line': b'-- Up-to-date: /home/jmj/pro_asp_ws/ws_px4_controls/install/px4_msgs/include/px4_msgs/px4_msgs/msg/detail/home_position__struct.hpp\n'}
[0.818940] (px4_msgs) StdoutLine: {'line': b'-- Up-to-date: /home/jmj/pro_asp_ws/ws_px4_controls/install/px4_msgs/include/px4_msgs/px4_msgs/msg/detail/sensor_mag__builder.hpp\n'}
[0.818961] (px4_msgs) StdoutLine: {'line': b'-- Up-to-date: /home/jmj/pro_asp_ws/ws_px4_controls/install/px4_msgs/include/px4_msgs/px4_msgs/msg/detail/transponder_report__struct.hpp\n'}
[0.818983] (px4_msgs) StdoutLine: {'line': b'-- Up-to-date: /home/jmj/pro_asp_ws/ws_px4_controls/install/px4_msgs/include/px4_msgs/px4_msgs/msg/detail/power_monitor__struct.hpp\n'}
[0.819005] (px4_msgs) StdoutLine: {'line': b'-- Up-to-date: /home/jmj/pro_asp_ws/ws_px4_controls/install/px4_msgs/include/px4_msgs/px4_msgs/msg/detail/sensors_status__traits.hpp\n'}
[0.819027] (px4_msgs) StdoutLine: {'line': b'-- Up-to-date: /home/jmj/pro_asp_ws/ws_px4_controls/install/px4_msgs/include/px4_msgs/px4_msgs/msg/detail/vehicle_local_position_setpoint__traits.hpp\n'}
[0.819049] (px4_msgs) StdoutLine: {'line': b'-- Up-to-date: /home/jmj/pro_asp_ws/ws_px4_controls/install/px4_msgs/include/px4_msgs/px4_msgs/msg/detail/ulog_stream__traits.hpp\n'}
[0.819071] (px4_msgs) StdoutLine: {'line': b'-- Up-to-date: /home/jmj/pro_asp_ws/ws_px4_controls/install/px4_msgs/include/px4_msgs/px4_msgs/msg/detail/vehicle_odometry__builder.hpp\n'}
[0.819092] (px4_msgs) StdoutLine: {'line': b'-- Up-to-date: /home/jmj/pro_asp_ws/ws_px4_controls/install/px4_msgs/include/px4_msgs/px4_msgs/msg/detail/gps_dump__traits.hpp\n'}
[0.819118] (px4_msgs) StdoutLine: {'line': b'-- Up-to-date: /home/jmj/pro_asp_ws/ws_px4_controls/install/px4_msgs/include/px4_msgs/px4_msgs/msg/detail/cellular_status__traits.hpp\n'}
[0.819140] (px4_msgs) StdoutLine: {'line': b'-- Up-to-date: /home/jmj/pro_asp_ws/ws_px4_controls/install/px4_msgs/include/px4_msgs/px4_msgs/msg/detail/unregister_ext_component__builder.hpp\n'}
[0.819165] (px4_msgs) StdoutLine: {'line': b'-- Up-to-date: /home/jmj/pro_asp_ws/ws_px4_controls/install/px4_msgs/include/px4_msgs/px4_msgs/msg/detail/sensor_correction__builder.hpp\n'}
[0.819190] (px4_msgs) StdoutLine: {'line': b'-- Up-to-date: /home/jmj/pro_asp_ws/ws_px4_controls/install/px4_msgs/include/px4_msgs/px4_msgs/msg/detail/vehicle_attitude_setpoint__traits.hpp\n'}
[0.819213] (px4_msgs) StdoutLine: {'line': b'-- Up-to-date: /home/jmj/pro_asp_ws/ws_px4_controls/install/px4_msgs/include/px4_msgs/px4_msgs/msg/detail/parameter_set_used_request__traits.hpp\n'}
[0.819234] (px4_msgs) StdoutLine: {'line': b'-- Up-to-date: /home/jmj/pro_asp_ws/ws_px4_controls/install/px4_msgs/include/px4_msgs/px4_msgs/msg/detail/control_allocator_status__traits.hpp\n'}
[0.819257] (px4_msgs) StdoutLine: {'line': b'-- Up-to-date: /home/jmj/pro_asp_ws/ws_px4_controls/install/px4_msgs/include/px4_msgs/px4_msgs/msg/detail/telemetry_status__type_support.hpp\n'}
[0.819279] (px4_msgs) StdoutLine: {'line': b'-- Up-to-date: /home/jmj/pro_asp_ws/ws_px4_controls/install/px4_msgs/include/px4_msgs/px4_msgs/msg/detail/gimbal_manager_set_manual_control__type_support.hpp\n'}
[0.819301] (px4_msgs) StdoutLine: {'line': b'-- Up-to-date: /home/jmj/pro_asp_ws/ws_px4_controls/install/px4_msgs/include/px4_msgs/px4_msgs/msg/detail/rover_throttle_setpoint__struct.hpp\n'}
[0.819323] (px4_msgs) StdoutLine: {'line': b'-- Up-to-date: /home/jmj/pro_asp_ws/ws_px4_controls/install/px4_msgs/include/px4_msgs/px4_msgs/msg/detail/generator_status__builder.hpp\n'}
[0.819345] (px4_msgs) StdoutLine: {'line': b'-- Up-to-date: /home/jmj/pro_asp_ws/ws_px4_controls/install/px4_msgs/include/px4_msgs/px4_msgs/msg/detail/mag_worker_data__builder.hpp\n'}
[0.819367] (px4_msgs) StdoutLine: {'line': b'-- Up-to-date: /home/jmj/pro_asp_ws/ws_px4_controls/install/px4_msgs/include/px4_msgs/px4_msgs/msg/detail/rtl_status__builder.hpp\n'}
[0.819389] (px4_msgs) StdoutLine: {'line': b'-- Up-to-date: /home/jmj/pro_asp_ws/ws_px4_controls/install/px4_msgs/include/px4_msgs/px4_msgs/msg/detail/mission__builder.hpp\n'}
[0.819409] (px4_msgs) StdoutLine: {'line': b'-- Up-to-date: /home/jmj/pro_asp_ws/ws_px4_controls/install/px4_msgs/include/px4_msgs/px4_msgs/msg/detail/estimator_sensor_bias__struct.hpp\n'}
[0.819430] (px4_msgs) StdoutLine: {'line': b'-- Up-to-date: /home/jmj/pro_asp_ws/ws_px4_controls/install/px4_msgs/include/px4_msgs/px4_msgs/msg/detail/sensor_hygrometer__type_support.hpp\n'}
[0.819453] (px4_msgs) StdoutLine: {'line': b'-- Up-to-date: /home/jmj/pro_asp_ws/ws_px4_controls/install/px4_msgs/include/px4_msgs/px4_msgs/msg/detail/rtl_status__struct.hpp\n'}
[0.819476] (px4_msgs) StdoutLine: {'line': b'-- Up-to-date: /home/jmj/pro_asp_ws/ws_px4_controls/install/px4_msgs/include/px4_msgs/px4_msgs/msg/detail/vehicle_air_data__type_support.hpp\n'}
[0.819499] (px4_msgs) StdoutLine: {'line': b'-- Up-to-date: /home/jmj/pro_asp_ws/ws_px4_controls/install/px4_msgs/include/px4_msgs/px4_msgs/msg/detail/parameter_reset_request__type_support.hpp\n'}
[0.819523] (px4_msgs) StdoutLine: {'line': b'-- Up-to-date: /home/jmj/pro_asp_ws/ws_px4_controls/install/px4_msgs/include/px4_msgs/px4_msgs/msg/detail/ping__type_support.hpp\n'}
[0.819547] (px4_msgs) StdoutLine: {'line': b'-- Up-to-date: /home/jmj/pro_asp_ws/ws_px4_controls/install/px4_msgs/include/px4_msgs/px4_msgs/msg/detail/debug_value__type_support.hpp\n'}
[0.819574] (px4_msgs) StdoutLine: {'line': b'-- Up-to-date: /home/jmj/pro_asp_ws/ws_px4_controls/install/px4_msgs/include/px4_msgs/px4_msgs/msg/detail/position_controller_status__traits.hpp\n'}
[0.819598] (px4_msgs) StdoutLine: {'line': b'-- Up-to-date: /home/jmj/pro_asp_ws/ws_px4_controls/install/px4_msgs/include/px4_msgs/px4_msgs/msg/detail/actuator_controls_status__struct.hpp\n'}
[0.819624] (px4_msgs) StdoutLine: {'line': b'-- Up-to-date: /home/jmj/pro_asp_ws/ws_px4_controls/install/px4_msgs/include/px4_msgs/px4_msgs/msg/detail/actuator_servos_trim__type_support.hpp\n'}
[0.819656] (px4_msgs) StdoutLine: {'line': b'-- Up-to-date: /home/jmj/pro_asp_ws/ws_px4_controls/install/px4_msgs/include/px4_msgs/px4_msgs/msg/detail/gimbal_device_attitude_status__traits.hpp\n'}
[0.819694] (px4_msgs) StdoutLine: {'line': b'-- Up-to-date: /home/jmj/pro_asp_ws/ws_px4_controls/install/px4_msgs/include/px4_msgs/px4_msgs/msg/detail/parameter_update__traits.hpp\n'}
[0.819721] (px4_msgs) StdoutLine: {'line': b'-- Up-to-date: /home/jmj/pro_asp_ws/ws_px4_controls/install/px4_msgs/include/px4_msgs/px4_msgs/msg/detail/distance_sensor__struct.hpp\n'}
[0.819745] (px4_msgs) StdoutLine: {'line': b'-- Up-to-date: /home/jmj/pro_asp_ws/ws_px4_controls/install/px4_msgs/include/px4_msgs/px4_msgs/msg/detail/telemetry_status__traits.hpp\n'}
[0.819782] (px4_msgs) StdoutLine: {'line': b'-- Up-to-date: /home/jmj/pro_asp_ws/ws_px4_controls/install/px4_msgs/include/px4_msgs/px4_msgs/msg/detail/estimator_sensor_bias__traits.hpp\n'}
[0.819805] (px4_msgs) StdoutLine: {'line': b'-- Up-to-date: /home/jmj/pro_asp_ws/ws_px4_controls/install/px4_msgs/include/px4_msgs/px4_msgs/msg/detail/rate_ctrl_status__struct.hpp\n'}
[0.819832] (px4_msgs) StdoutLine: {'line': b'-- Up-to-date: /home/jmj/pro_asp_ws/ws_px4_controls/install/px4_msgs/include/px4_msgs/px4_msgs/msg/detail/gpio_out__type_support.hpp\n'}
[0.819855] (px4_msgs) StdoutLine: {'line': b'-- Up-to-date: /home/jmj/pro_asp_ws/ws_px4_controls/install/px4_msgs/include/px4_msgs/px4_msgs/msg/detail/sensor_gyro_fifo__struct.hpp\n'}
[0.819877] (px4_msgs) StdoutLine: {'line': b'-- Up-to-date: /home/jmj/pro_asp_ws/ws_px4_controls/install/px4_msgs/include/px4_msgs/px4_msgs/msg/detail/airspeed__struct.hpp\n'}
[0.819903] (px4_msgs) StdoutLine: {'line': b'-- Up-to-date: /home/jmj/pro_asp_ws/ws_px4_controls/install/px4_msgs/include/px4_msgs/px4_msgs/msg/detail/gpio_request__builder.hpp\n'}
[0.819925] (px4_msgs) StdoutLine: {'line': b'-- Up-to-date: /home/jmj/pro_asp_ws/ws_px4_controls/install/px4_msgs/include/px4_msgs/px4_msgs/msg/detail/follow_target__type_support.hpp\n'}
[0.819947] (px4_msgs) StdoutLine: {'line': b'-- Up-to-date: /home/jmj/pro_asp_ws/ws_px4_controls/install/px4_msgs/include/px4_msgs/px4_msgs/msg/detail/fuel_tank_status__traits.hpp\n'}
[0.819969] (px4_msgs) StdoutLine: {'line': b'-- Up-to-date: /home/jmj/pro_asp_ws/ws_px4_controls/install/px4_msgs/include/px4_msgs/px4_msgs/msg/detail/mission_result__type_support.hpp\n'}
[0.819992] (px4_msgs) StdoutLine: {'line': b'-- Up-to-date: /home/jmj/pro_asp_ws/ws_px4_controls/install/px4_msgs/include/px4_msgs/px4_msgs/msg/detail/offboard_control_mode__traits.hpp\n'}
[0.820014] (px4_msgs) StdoutLine: {'line': b'-- Up-to-date: /home/jmj/pro_asp_ws/ws_px4_controls/install/px4_msgs/include/px4_msgs/px4_msgs/msg/detail/estimator_innovations__traits.hpp\n'}
[0.820038] (px4_msgs) StdoutLine: {'line': b'-- Up-to-date: /home/jmj/pro_asp_ws/ws_px4_controls/install/px4_msgs/include/px4_msgs/px4_msgs/msg/detail/orb_test__type_support.hpp\n'}
[0.820061] (px4_msgs) StdoutLine: {'line': b'-- Up-to-date: /home/jmj/pro_asp_ws/ws_px4_controls/install/px4_msgs/include/px4_msgs/px4_msgs/msg/detail/fixed_wing_runway_control__struct.hpp\n'}
[0.820084] (px4_msgs) StdoutLine: {'line': b'-- Up-to-date: /home/jmj/pro_asp_ws/ws_px4_controls/install/px4_msgs/include/px4_msgs/px4_msgs/msg/detail/fixed_wing_lateral_status__builder.hpp\n'}
[0.820107] (px4_msgs) StdoutLine: {'line': b'-- Up-to-date: /home/jmj/pro_asp_ws/ws_px4_controls/install/px4_msgs/include/px4_msgs/px4_msgs/msg/detail/actuator_armed__struct.hpp\n'}
[0.820131] (px4_msgs) StdoutLine: {'line': b'-- Up-to-date: /home/jmj/pro_asp_ws/ws_px4_controls/install/px4_msgs/include/px4_msgs/px4_msgs/msg/detail/vehicle_roi__builder.hpp\n'}
[0.820154] (px4_msgs) StdoutLine: {'line': b'-- Up-to-date: /home/jmj/pro_asp_ws/ws_px4_controls/install/px4_msgs/include/px4_msgs/px4_msgs/msg/detail/actuator_armed__type_support.hpp\n'}
[0.820177] (px4_msgs) StdoutLine: {'line': b'-- Up-to-date: /home/jmj/pro_asp_ws/ws_px4_controls/install/px4_msgs/include/px4_msgs/px4_msgs/msg/detail/vehicle_global_position__builder.hpp\n'}
[0.820201] (px4_msgs) StdoutLine: {'line': b'-- Up-to-date: /home/jmj/pro_asp_ws/ws_px4_controls/install/px4_msgs/include/px4_msgs/px4_msgs/msg/detail/airspeed_wind__builder.hpp\n'}
[0.820223] (px4_msgs) StdoutLine: {'line': b'-- Up-to-date: /home/jmj/pro_asp_ws/ws_px4_controls/install/px4_msgs/include/px4_msgs/px4_msgs/msg/detail/vehicle_roi__traits.hpp\n'}
[0.820245] (px4_msgs) StdoutLine: {'line': b'-- Up-to-date: /home/jmj/pro_asp_ws/ws_px4_controls/install/px4_msgs/include/px4_msgs/px4_msgs/msg/detail/vehicle_thrust_setpoint__builder.hpp\n'}
[0.820267] (px4_msgs) StdoutLine: {'line': b'-- Up-to-date: /home/jmj/pro_asp_ws/ws_px4_controls/install/px4_msgs/include/px4_msgs/px4_msgs/msg/detail/landing_target_pose__traits.hpp\n'}
[0.820289] (px4_msgs) StdoutLine: {'line': b'-- Up-to-date: /home/jmj/pro_asp_ws/ws_px4_controls/install/px4_msgs/include/px4_msgs/px4_msgs/msg/detail/ping__traits.hpp\n'}
[0.820313] (px4_msgs) StdoutLine: {'line': b'-- Up-to-date: /home/jmj/pro_asp_ws/ws_px4_controls/install/px4_msgs/include/px4_msgs/px4_msgs/msg/detail/debug_value__builder.hpp\n'}
[0.820334] (px4_msgs) StdoutLine: {'line': b'-- Up-to-date: /home/jmj/pro_asp_ws/ws_px4_controls/install/px4_msgs/include/px4_msgs/px4_msgs/msg/detail/sensor_gnss_relative__type_support.hpp\n'}
[0.820356] (px4_msgs) StdoutLine: {'line': b'-- Up-to-date: /home/jmj/pro_asp_ws/ws_px4_controls/install/px4_msgs/include/px4_msgs/px4_msgs/msg/detail/collision_constraints__type_support.hpp\n'}
[0.820378] (px4_msgs) StdoutLine: {'line': b'-- Up-to-date: /home/jmj/pro_asp_ws/ws_px4_controls/install/px4_msgs/include/px4_msgs/px4_msgs/msg/detail/button_event__type_support.hpp\n'}
[0.820402] (px4_msgs) StdoutLine: {'line': b'-- Up-to-date: /home/jmj/pro_asp_ws/ws_px4_controls/install/px4_msgs/include/px4_msgs/px4_msgs/msg/detail/vehicle_angular_velocity__traits.hpp\n'}
[0.820423] (px4_msgs) StdoutLine: {'line': b'-- Up-to-date: /home/jmj/pro_asp_ws/ws_px4_controls/install/px4_msgs/include/px4_msgs/px4_msgs/msg/detail/rover_rate_status__struct.hpp\n'}
[0.820449] (px4_msgs) StdoutLine: {'line': b'-- Up-to-date: /home/jmj/pro_asp_ws/ws_px4_controls/install/px4_msgs/include/px4_msgs/px4_msgs/msg/detail/position_setpoint__traits.hpp\n'}
[0.820473] (px4_msgs) StdoutLine: {'line': b'-- Up-to-date: /home/jmj/pro_asp_ws/ws_px4_controls/install/px4_msgs/include/px4_msgs/px4_msgs/msg/detail/transponder_report__builder.hpp\n'}
[0.820494] (px4_msgs) StdoutLine: {'line': b'-- Up-to-date: /home/jmj/pro_asp_ws/ws_px4_controls/install/px4_msgs/include/px4_msgs/px4_msgs/msg/detail/geofence_result__traits.hpp\n'}
[0.820515] (px4_msgs) StdoutLine: {'line': b'-- Up-to-date: /home/jmj/pro_asp_ws/ws_px4_controls/install/px4_msgs/include/px4_msgs/px4_msgs/msg/detail/vehicle_global_position__type_support.hpp\n'}
[0.820537] (px4_msgs) StdoutLine: {'line': b'-- Up-to-date: /home/jmj/pro_asp_ws/ws_px4_controls/install/px4_msgs/include/px4_msgs/px4_msgs/msg/detail/mission_result__builder.hpp\n'}
[0.820560] (px4_msgs) StdoutLine: {'line': b'-- Up-to-date: /home/jmj/pro_asp_ws/ws_px4_controls/install/px4_msgs/include/px4_msgs/px4_msgs/msg/detail/actuator_servos_trim__struct.hpp\n'}
[0.820587] (px4_msgs) StdoutLine: {'line': b'-- Up-to-date: /home/jmj/pro_asp_ws/ws_px4_controls/install/px4_msgs/include/px4_msgs/px4_msgs/msg/detail/generator_status__type_support.hpp\n'}
[0.820610] (px4_msgs) StdoutLine: {'line': b'-- Up-to-date: /home/jmj/pro_asp_ws/ws_px4_controls/install/px4_msgs/include/px4_msgs/px4_msgs/msg/detail/rover_attitude_setpoint__type_support.hpp\n'}
[0.820631] (px4_msgs) StdoutLine: {'line': b'-- Up-to-date: /home/jmj/pro_asp_ws/ws_px4_controls/install/px4_msgs/include/px4_msgs/px4_msgs/msg/detail/vehicle_angular_velocity__struct.hpp\n'}
[0.820653] (px4_msgs) StdoutLine: {'line': b'-- Up-to-date: /home/jmj/pro_asp_ws/ws_px4_controls/install/px4_msgs/include/px4_msgs/px4_msgs/msg/detail/gpio_config__traits.hpp\n'}
[0.820675] (px4_msgs) StdoutLine: {'line': b'-- Up-to-date: /home/jmj/pro_asp_ws/ws_px4_controls/install/px4_msgs/include/px4_msgs/px4_msgs/msg/detail/control_allocator_status__type_support.hpp\n'}
[0.820700] (px4_msgs) StdoutLine: {'line': b'-- Up-to-date: /home/jmj/pro_asp_ws/ws_px4_controls/install/px4_msgs/include/px4_msgs/px4_msgs/msg/detail/rover_attitude_setpoint__traits.hpp\n'}
[0.820722] (px4_msgs) StdoutLine: {'line': b'-- Up-to-date: /home/jmj/pro_asp_ws/ws_px4_controls/install/px4_msgs/include/px4_msgs/px4_msgs/msg/detail/uavcan_parameter_value__type_support.hpp\n'}
[0.820744] (px4_msgs) StdoutLine: {'line': b'-- Up-to-date: /home/jmj/pro_asp_ws/ws_px4_controls/install/px4_msgs/include/px4_msgs/px4_msgs/msg/detail/collision_constraints__builder.hpp\n'}
[0.820774] (px4_msgs) StdoutLine: {'line': b'-- Up-to-date: /home/jmj/pro_asp_ws/ws_px4_controls/install/px4_msgs/include/px4_msgs/px4_msgs/msg/detail/velocity_limits__struct.hpp\n'}
[0.820796] (px4_msgs) StdoutLine: {'line': b'-- Up-to-date: /home/jmj/pro_asp_ws/ws_px4_controls/install/px4_msgs/include/px4_msgs/px4_msgs/msg/detail/vehicle_optical_flow_vel__builder.hpp\n'}
[0.820818] (px4_msgs) StdoutLine: {'line': b'-- Up-to-date: /home/jmj/pro_asp_ws/ws_px4_controls/install/px4_msgs/include/px4_msgs/px4_msgs/msg/detail/trajectory_setpoint__type_support.hpp\n'}
[0.820842] (px4_msgs) StdoutLine: {'line': b'-- Up-to-date: /home/jmj/pro_asp_ws/ws_px4_controls/install/px4_msgs/include/px4_msgs/px4_msgs/msg/detail/gimbal_manager_set_attitude__struct.hpp\n'}
[0.820867] (px4_msgs) StdoutLine: {'line': b'-- Up-to-date: /home/jmj/pro_asp_ws/ws_px4_controls/install/px4_msgs/include/px4_msgs/px4_msgs/msg/detail/longitudinal_control_configuration__struct.hpp\n'}
[0.820890] (px4_msgs) StdoutLine: {'line': b'-- Up-to-date: /home/jmj/pro_asp_ws/ws_px4_controls/install/px4_msgs/include/px4_msgs/px4_msgs/msg/detail/estimator_bias__builder.hpp\n'}
[0.820916] (px4_msgs) StdoutLine: {'line': b'-- Up-to-date: /home/jmj/pro_asp_ws/ws_px4_controls/install/px4_msgs/include/px4_msgs/px4_msgs/msg/detail/figure_eight_status__type_support.hpp\n'}
[0.820939] (px4_msgs) StdoutLine: {'line': b'-- Up-to-date: /home/jmj/pro_asp_ws/ws_px4_controls/install/px4_msgs/include/px4_msgs/px4_msgs/msg/detail/log_message__type_support.hpp\n'}
[0.820962] (px4_msgs) StdoutLine: {'line': b'-- Up-to-date: /home/jmj/pro_asp_ws/ws_px4_controls/install/px4_msgs/include/px4_msgs/px4_msgs/msg/detail/magnetometer_bias_estimate__traits.hpp\n'}
[0.820984] (px4_msgs) StdoutLine: {'line': b'-- Up-to-date: /home/jmj/pro_asp_ws/ws_px4_controls/install/px4_msgs/include/px4_msgs/px4_msgs/msg/detail/gimbal_controls__builder.hpp\n'}
[0.821008] (px4_msgs) StdoutLine: {'line': b'-- Up-to-date: /home/jmj/pro_asp_ws/ws_px4_controls/install/px4_msgs/include/px4_msgs/px4_msgs/msg/detail/arming_check_reply__struct.hpp\n'}
[0.821031] (px4_msgs) StdoutLine: {'line': b'-- Up-to-date: /home/jmj/pro_asp_ws/ws_px4_controls/install/px4_msgs/include/px4_msgs/px4_msgs/msg/detail/position_controller_status__type_support.hpp\n'}
[0.821055] (px4_msgs) StdoutLine: {'line': b'-- Up-to-date: /home/jmj/pro_asp_ws/ws_px4_controls/install/px4_msgs/include/px4_msgs/px4_msgs/msg/detail/distance_sensor__traits.hpp\n'}
[0.821081] (px4_msgs) StdoutLine: {'line': b'-- Up-to-date: /home/jmj/pro_asp_ws/ws_px4_controls/install/px4_msgs/include/px4_msgs/px4_msgs/msg/detail/magnetometer_bias_estimate__struct.hpp\n'}
[0.821104] (px4_msgs) StdoutLine: {'line': b'-- Up-to-date: /home/jmj/pro_asp_ws/ws_px4_controls/install/px4_msgs/include/px4_msgs/px4_msgs/msg/detail/button_event__struct.hpp\n'}
[0.821128] (px4_msgs) StdoutLine: {'line': b'-- Up-to-date: /home/jmj/pro_asp_ws/ws_px4_controls/install/px4_msgs/include/px4_msgs/px4_msgs/msg/detail/vtol_vehicle_status__struct.hpp\n'}
[0.821153] (px4_msgs) StdoutLine: {'line': b'-- Up-to-date: /home/jmj/pro_asp_ws/ws_px4_controls/install/px4_msgs/include/px4_msgs/px4_msgs/msg/detail/health_report__builder.hpp\n'}
[0.821175] (px4_msgs) StdoutLine: {'line': b'-- Up-to-date: /home/jmj/pro_asp_ws/ws_px4_controls/install/px4_msgs/include/px4_msgs/px4_msgs/msg/detail/lateral_control_configuration__type_support.hpp\n'}
[0.821197] (px4_msgs) StdoutLine: {'line': b'-- Up-to-date: /home/jmj/pro_asp_ws/ws_px4_controls/install/px4_msgs/include/px4_msgs/px4_msgs/msg/detail/sensor_gps__type_support.hpp\n'}
[0.821222] (px4_msgs) StdoutLine: {'line': b'-- Up-to-date: /home/jmj/pro_asp_ws/ws_px4_controls/install/px4_msgs/include/px4_msgs/px4_msgs/msg/detail/debug_vect__traits.hpp\n'}
[0.821245] (px4_msgs) StdoutLine: {'line': b'-- Up-to-date: /home/jmj/pro_asp_ws/ws_px4_controls/install/px4_msgs/include/px4_msgs/px4_msgs/msg/detail/gimbal_controls__type_support.hpp\n'}
[0.821271] (px4_msgs) StdoutLine: {'line': b'-- Up-to-date: /home/jmj/pro_asp_ws/ws_px4_controls/install/px4_msgs/include/px4_msgs/px4_msgs/msg/detail/mavlink_log__struct.hpp\n'}
[0.821294] (px4_msgs) StdoutLine: {'line': b'-- Up-to-date: /home/jmj/pro_asp_ws/ws_px4_controls/install/px4_msgs/include/px4_msgs/px4_msgs/msg/detail/rc_parameter_map__builder.hpp\n'}
[0.821316] (px4_msgs) StdoutLine: {'line': b'-- Up-to-date: /home/jmj/pro_asp_ws/ws_px4_controls/install/px4_msgs/include/px4_msgs/px4_msgs/msg/detail/open_drone_id_arm_status__builder.hpp\n'}
[0.821338] (px4_msgs) StdoutLine: {'line': b'-- Up-to-date: /home/jmj/pro_asp_ws/ws_px4_controls/install/px4_msgs/include/px4_msgs/px4_msgs/msg/detail/gimbal_manager_information__builder.hpp\n'}
[0.821360] (px4_msgs) StdoutLine: {'line': b'-- Up-to-date: /home/jmj/pro_asp_ws/ws_px4_controls/install/px4_msgs/include/px4_msgs/px4_msgs/msg/detail/sensor_gps__struct.hpp\n'}
[0.821382] (px4_msgs) StdoutLine: {'line': b'-- Up-to-date: /home/jmj/pro_asp_ws/ws_px4_controls/install/px4_msgs/include/px4_msgs/px4_msgs/msg/detail/orb_test__builder.hpp\n'}
[0.821405] (px4_msgs) StdoutLine: {'line': b'-- Up-to-date: /home/jmj/pro_asp_ws/ws_px4_controls/install/px4_msgs/include/px4_msgs/px4_msgs/msg/detail/radio_status__builder.hpp\n'}
[0.821429] (px4_msgs) StdoutLine: {'line': b'-- Up-to-date: /home/jmj/pro_asp_ws/ws_px4_controls/install/px4_msgs/include/px4_msgs/px4_msgs/msg/detail/gimbal_device_information__struct.hpp\n'}
[0.821452] (px4_msgs) StdoutLine: {'line': b'-- Up-to-date: /home/jmj/pro_asp_ws/ws_px4_controls/install/px4_msgs/include/px4_msgs/px4_msgs/msg/detail/irlock_report__traits.hpp\n'}
[0.821478] (px4_msgs) StdoutLine: {'line': b'-- Up-to-date: /home/jmj/pro_asp_ws/ws_px4_controls/install/px4_msgs/include/px4_msgs/px4_msgs/msg/detail/lateral_control_configuration__builder.hpp\n'}
[0.821505] (px4_msgs) StdoutLine: {'line': b'-- Up-to-date: /home/jmj/pro_asp_ws/ws_px4_controls/install/px4_msgs/include/px4_msgs/px4_msgs/msg/detail/rover_attitude_setpoint__struct.hpp\n'}
[0.821531] (px4_msgs) StdoutLine: {'line': b'-- Up-to-date: /home/jmj/pro_asp_ws/ws_px4_controls/install/px4_msgs/include/px4_msgs/px4_msgs/msg/detail/gimbal_device_set_attitude__struct.hpp\n'}
[0.821554] (px4_msgs) StdoutLine: {'line': b'-- Up-to-date: /home/jmj/pro_asp_ws/ws_px4_controls/install/px4_msgs/include/px4_msgs/px4_msgs/msg/detail/input_rc__type_support.hpp\n'}
[0.821577] (px4_msgs) StdoutLine: {'line': b'-- Up-to-date: /home/jmj/pro_asp_ws/ws_px4_controls/install/px4_msgs/include/px4_msgs/px4_msgs/msg/detail/logger_status__type_support.hpp\n'}
[0.821600] (px4_msgs) StdoutLine: {'line': b'-- Up-to-date: /home/jmj/pro_asp_ws/ws_px4_controls/install/px4_msgs/include/px4_msgs/px4_msgs/msg/detail/rover_velocity_status__traits.hpp\n'}
[0.821622] (px4_msgs) StdoutLine: {'line': b'-- Up-to-date: /home/jmj/pro_asp_ws/ws_px4_controls/install/px4_msgs/include/px4_msgs/px4_msgs/msg/detail/landing_target_pose__type_support.hpp\n'}
[0.821643] (px4_msgs) StdoutLine: {'line': b'-- Up-to-date: /home/jmj/pro_asp_ws/ws_px4_controls/install/px4_msgs/include/px4_msgs/px4_msgs/msg/detail/task_stack_info__struct.hpp\n'}
[0.821666] (px4_msgs) StdoutLine: {'line': b'-- Up-to-date: /home/jmj/pro_asp_ws/ws_px4_controls/install/px4_msgs/include/px4_msgs/px4_msgs/msg/detail/velocity_limits__builder.hpp\n'}
[0.821689] (px4_msgs) StdoutLine: {'line': b'-- Up-to-date: /home/jmj/pro_asp_ws/ws_px4_controls/install/px4_msgs/include/px4_msgs/px4_msgs/msg/detail/mission__type_support.hpp\n'}
[0.821711] (px4_msgs) StdoutLine: {'line': b'-- Up-to-date: /home/jmj/pro_asp_ws/ws_px4_controls/install/px4_msgs/include/px4_msgs/px4_msgs/msg/detail/navigator_mission_item__struct.hpp\n'}
[0.821741] (px4_msgs) StdoutLine: {'line': b'-- Up-to-date: /home/jmj/pro_asp_ws/ws_px4_controls/install/px4_msgs/include/px4_msgs/px4_msgs/msg/detail/vehicle_odometry__type_support.hpp\n'}
[0.821772] (px4_msgs) StdoutLine: {'line': b'-- Up-to-date: /home/jmj/pro_asp_ws/ws_px4_controls/install/px4_msgs/include/px4_msgs/px4_msgs/msg/detail/vehicle_optical_flow__builder.hpp\n'}
[0.821795] (px4_msgs) StdoutLine: {'line': b'-- Up-to-date: /home/jmj/pro_asp_ws/ws_px4_controls/install/px4_msgs/include/px4_msgs/px4_msgs/msg/detail/airspeed__traits.hpp\n'}
[0.821818] (px4_msgs) StdoutLine: {'line': b'-- Up-to-date: /home/jmj/pro_asp_ws/ws_px4_controls/install/px4_msgs/include/px4_msgs/px4_msgs/msg/detail/sensor_preflight_mag__type_support.hpp\n'}
[0.821840] (px4_msgs) StdoutLine: {'line': b'-- Up-to-date: /home/jmj/pro_asp_ws/ws_px4_controls/install/px4_msgs/include/px4_msgs/px4_msgs/msg/detail/camera_capture__struct.hpp\n'}
[0.821862] (px4_msgs) StdoutLine: {'line': b'-- Up-to-date: /home/jmj/pro_asp_ws/ws_px4_controls/install/px4_msgs/include/px4_msgs/px4_msgs/msg/detail/vehicle_thrust_setpoint__struct.hpp\n'}
[0.821884] (px4_msgs) StdoutLine: {'line': b'-- Up-to-date: /home/jmj/pro_asp_ws/ws_px4_controls/install/px4_msgs/include/px4_msgs/px4_msgs/msg/detail/radio_status__traits.hpp\n'}
[0.821906] (px4_msgs) StdoutLine: {'line': b'-- Up-to-date: /home/jmj/pro_asp_ws/ws_px4_controls/install/px4_msgs/include/px4_msgs/px4_msgs/msg/detail/rover_position_setpoint__builder.hpp\n'}
[0.821931] (px4_msgs) StdoutLine: {'line': b'-- Up-to-date: /home/jmj/pro_asp_ws/ws_px4_controls/install/px4_msgs/include/px4_msgs/px4_msgs/msg/detail/heater_status__builder.hpp\n'}
[0.821954] (px4_msgs) StdoutLine: {'line': b'-- Up-to-date: /home/jmj/pro_asp_ws/ws_px4_controls/install/px4_msgs/include/px4_msgs/px4_msgs/msg/detail/sensor_gps__builder.hpp\n'}
[0.821983] (px4_msgs) StdoutLine: {'line': b'-- Up-to-date: /home/jmj/pro_asp_ws/ws_px4_controls/install/px4_msgs/include/px4_msgs/px4_msgs/msg/detail/internal_combustion_engine_control__builder.hpp\n'}
[0.822004] (px4_msgs) StdoutLine: {'line': b'-- Up-to-date: /home/jmj/pro_asp_ws/ws_px4_controls/install/px4_msgs/include/px4_msgs/px4_msgs/msg/detail/cellular_status__type_support.hpp\n'}
[0.822027] (px4_msgs) StdoutLine: {'line': b'-- Up-to-date: /home/jmj/pro_asp_ws/ws_px4_controls/install/px4_msgs/include/px4_msgs/px4_msgs/msg/detail/debug_array__type_support.hpp\n'}
[0.822050] (px4_msgs) StdoutLine: {'line': b'-- Up-to-date: /home/jmj/pro_asp_ws/ws_px4_controls/install/px4_msgs/include/px4_msgs/px4_msgs/msg/detail/differential_pressure__builder.hpp\n'}
[0.822072] (px4_msgs) StdoutLine: {'line': b'-- Up-to-date: /home/jmj/pro_asp_ws/ws_px4_controls/install/px4_msgs/include/px4_msgs/px4_msgs/msg/detail/arming_check_reply__type_support.hpp\n'}
[0.822096] (px4_msgs) StdoutLine: {'line': b'-- Up-to-date: /home/jmj/pro_asp_ws/ws_px4_controls/install/px4_msgs/include/px4_msgs/px4_msgs/msg/detail/cpuload__traits.hpp\n'}
[0.822117] (px4_msgs) StdoutLine: {'line': b'-- Up-to-date: /home/jmj/pro_asp_ws/ws_px4_controls/install/px4_msgs/include/px4_msgs/px4_msgs/msg/detail/ulog_stream_ack__struct.hpp\n'}
[0.822140] (px4_msgs) StdoutLine: {'line': b'-- Up-to-date: /home/jmj/pro_asp_ws/ws_px4_controls/install/px4_msgs/include/px4_msgs/px4_msgs/msg/detail/power_button_state__builder.hpp\n'}
[0.822163] (px4_msgs) StdoutLine: {'line': b'-- Up-to-date: /home/jmj/pro_asp_ws/ws_px4_controls/install/px4_msgs/include/px4_msgs/px4_msgs/msg/detail/power_monitor__builder.hpp\n'}
[0.822185] (px4_msgs) StdoutLine: {'line': b'-- Up-to-date: /home/jmj/pro_asp_ws/ws_px4_controls/install/px4_msgs/include/px4_msgs/px4_msgs/msg/detail/tiltrotor_extra_controls__type_support.hpp\n'}
[0.822207] (px4_msgs) StdoutLine: {'line': b'-- Up-to-date: /home/jmj/pro_asp_ws/ws_px4_controls/install/px4_msgs/include/px4_msgs/px4_msgs/msg/detail/airspeed_wind__traits.hpp\n'}
[0.822228] (px4_msgs) StdoutLine: {'line': b'-- Up-to-date: /home/jmj/pro_asp_ws/ws_px4_controls/install/px4_msgs/include/px4_msgs/px4_msgs/msg/detail/system_power__struct.hpp\n'}
[0.822255] (px4_msgs) StdoutLine: {'line': b'-- Up-to-date: /home/jmj/pro_asp_ws/ws_px4_controls/install/px4_msgs/include/px4_msgs/px4_msgs/msg/detail/sensor_hygrometer__builder.hpp\n'}
[0.822278] (px4_msgs) StdoutLine: {'line': b'-- Up-to-date: /home/jmj/pro_asp_ws/ws_px4_controls/install/px4_msgs/include/px4_msgs/px4_msgs/msg/detail/register_ext_component_request__traits.hpp\n'}
[0.822303] (px4_msgs) StdoutLine: {'line': b'-- Up-to-date: /home/jmj/pro_asp_ws/ws_px4_controls/install/px4_msgs/include/px4_msgs/px4_msgs/msg/detail/estimator_selector_status__builder.hpp\n'}
[0.822326] (px4_msgs) StdoutLine: {'line': b'-- Up-to-date: /home/jmj/pro_asp_ws/ws_px4_controls/install/px4_msgs/include/px4_msgs/px4_msgs/msg/detail/cpuload__builder.hpp\n'}
[0.822347] (px4_msgs) StdoutLine: {'line': b'-- Up-to-date: /home/jmj/pro_asp_ws/ws_px4_controls/install/px4_msgs/include/px4_msgs/px4_msgs/msg/detail/navigator_status__builder.hpp\n'}
[0.822370] (px4_msgs) StdoutLine: {'line': b'-- Up-to-date: /home/jmj/pro_asp_ws/ws_px4_controls/install/px4_msgs/include/px4_msgs/px4_msgs/msg/detail/sensor_accel_fifo__builder.hpp\n'}
[0.822392] (px4_msgs) StdoutLine: {'line': b'-- Up-to-date: /home/jmj/pro_asp_ws/ws_px4_controls/install/px4_msgs/include/px4_msgs/px4_msgs/msg/detail/open_drone_id_system__type_support.hpp\n'}
[0.822414] (px4_msgs) StdoutLine: {'line': b'-- Up-to-date: /home/jmj/pro_asp_ws/ws_px4_controls/install/px4_msgs/include/px4_msgs/px4_msgs/msg/detail/actuator_servos_trim__builder.hpp\n'}
[0.822435] (px4_msgs) StdoutLine: {'line': b'-- Up-to-date: /home/jmj/pro_asp_ws/ws_px4_controls/install/px4_msgs/include/px4_msgs/px4_msgs/msg/detail/debug_value__traits.hpp\n'}
[0.822458] (px4_msgs) StdoutLine: {'line': b'-- Up-to-date: /home/jmj/pro_asp_ws/ws_px4_controls/install/px4_msgs/include/px4_msgs/px4_msgs/msg/detail/gimbal_device_attitude_status__struct.hpp\n'}
[0.822480] (px4_msgs) StdoutLine: {'line': b'-- Up-to-date: /home/jmj/pro_asp_ws/ws_px4_controls/install/px4_msgs/include/px4_msgs/px4_msgs/msg/detail/open_drone_id_arm_status__struct.hpp\n'}
[0.822502] (px4_msgs) StdoutLine: {'line': b'-- Up-to-date: /home/jmj/pro_asp_ws/ws_px4_controls/install/px4_msgs/include/px4_msgs/px4_msgs/msg/detail/can_interface_status__type_support.hpp\n'}
[0.822524] (px4_msgs) StdoutLine: {'line': b'-- Up-to-date: /home/jmj/pro_asp_ws/ws_px4_controls/install/px4_msgs/include/px4_msgs/px4_msgs/msg/detail/gripper__builder.hpp\n'}
[0.822546] (px4_msgs) StdoutLine: {'line': b'-- Up-to-date: /home/jmj/pro_asp_ws/ws_px4_controls/install/px4_msgs/include/px4_msgs/px4_msgs/msg/detail/config_overrides__builder.hpp\n'}
[0.822568] (px4_msgs) StdoutLine: {'line': b'-- Up-to-date: /home/jmj/pro_asp_ws/ws_px4_controls/install/px4_msgs/include/px4_msgs/px4_msgs/msg/detail/sensor_baro__traits.hpp\n'}
[0.822590] (px4_msgs) StdoutLine: {'line': b'-- Up-to-date: /home/jmj/pro_asp_ws/ws_px4_controls/install/px4_msgs/include/px4_msgs/px4_msgs/msg/detail/yaw_estimator_status__traits.hpp\n'}
[0.822613] (px4_msgs) StdoutLine: {'line': b'-- Up-to-date: /home/jmj/pro_asp_ws/ws_px4_controls/install/px4_msgs/include/px4_msgs/px4_msgs/msg/detail/arming_check_request__struct.hpp\n'}
[0.822635] (px4_msgs) StdoutLine: {'line': b'-- Up-to-date: /home/jmj/pro_asp_ws/ws_px4_controls/install/px4_msgs/include/px4_msgs/px4_msgs/msg/detail/open_drone_id_operator_id__builder.hpp\n'}
[0.822666] (px4_msgs) StdoutLine: {'line': b'-- Up-to-date: /home/jmj/pro_asp_ws/ws_px4_controls/install/px4_msgs/include/px4_msgs/px4_msgs/msg/detail/ekf2_timestamps__type_support.hpp\n'}
[0.822689] (px4_msgs) StdoutLine: {'line': b'-- Up-to-date: /home/jmj/pro_asp_ws/ws_px4_controls/install/px4_msgs/include/px4_msgs/px4_msgs/msg/detail/transponder_report__traits.hpp\n'}
[0.822710] (px4_msgs) StdoutLine: {'line': b'-- Up-to-date: /home/jmj/pro_asp_ws/ws_px4_controls/install/px4_msgs/include/px4_msgs/px4_msgs/msg/detail/sensor_airflow__struct.hpp\n'}
[0.822735] (px4_msgs) StdoutLine: {'line': b'-- Up-to-date: /home/jmj/pro_asp_ws/ws_px4_controls/install/px4_msgs/include/px4_msgs/px4_msgs/msg/detail/landing_target_innovations__builder.hpp\n'}
[0.822770] (px4_msgs) StdoutLine: {'line': b'-- Up-to-date: /home/jmj/pro_asp_ws/ws_px4_controls/install/px4_msgs/include/px4_msgs/px4_msgs/msg/detail/tecs_status__traits.hpp\n'}
[0.822793] (px4_msgs) StdoutLine: {'line': b'-- Up-to-date: /home/jmj/pro_asp_ws/ws_px4_controls/install/px4_msgs/include/px4_msgs/px4_msgs/msg/detail/landing_gear_wheel__builder.hpp\n'}
[0.822816] (px4_msgs) StdoutLine: {'line': b'-- Up-to-date: /home/jmj/pro_asp_ws/ws_px4_controls/install/px4_msgs/include/px4_msgs/px4_msgs/msg/detail/landing_gear_wheel__type_support.hpp\n'}
[0.822838] (px4_msgs) StdoutLine: {'line': b'-- Up-to-date: /home/jmj/pro_asp_ws/ws_px4_controls/install/px4_msgs/include/px4_msgs/px4_msgs/msg/detail/sensor_accel__traits.hpp\n'}
[0.822860] (px4_msgs) StdoutLine: {'line': b'-- Up-to-date: /home/jmj/pro_asp_ws/ws_px4_controls/install/px4_msgs/include/px4_msgs/px4_msgs/msg/detail/unregister_ext_component__traits.hpp\n'}
[0.822883] (px4_msgs) StdoutLine: {'line': b'-- Up-to-date: /home/jmj/pro_asp_ws/ws_px4_controls/install/px4_msgs/include/px4_msgs/px4_msgs/msg/detail/actuator_armed__builder.hpp\n'}
[0.822906] (px4_msgs) StdoutLine: {'line': b'-- Up-to-date: /home/jmj/pro_asp_ws/ws_px4_controls/install/px4_msgs/include/px4_msgs/px4_msgs/msg/detail/rtl_status__traits.hpp\n'}
[0.822929] (px4_msgs) StdoutLine: {'line': b'-- Up-to-date: /home/jmj/pro_asp_ws/ws_px4_controls/install/px4_msgs/include/px4_msgs/px4_msgs/msg/detail/adc_report__type_support.hpp\n'}
[0.822950] (px4_msgs) StdoutLine: {'line': b'-- Up-to-date: /home/jmj/pro_asp_ws/ws_px4_controls/install/px4_msgs/include/px4_msgs/px4_msgs/msg/detail/landing_gear__struct.hpp\n'}
[0.822973] (px4_msgs) StdoutLine: {'line': b'-- Up-to-date: /home/jmj/pro_asp_ws/ws_px4_controls/install/px4_msgs/include/px4_msgs/px4_msgs/msg/detail/orbit_status__traits.hpp\n'}
[0.822994] (px4_msgs) StdoutLine: {'line': b'-- Up-to-date: /home/jmj/pro_asp_ws/ws_px4_controls/install/px4_msgs/include/px4_msgs/px4_msgs/msg/detail/normalized_unsigned_setpoint__traits.hpp\n'}
[0.823015] (px4_msgs) StdoutLine: {'line': b'-- Up-to-date: /home/jmj/pro_asp_ws/ws_px4_controls/install/px4_msgs/include/px4_msgs/px4_msgs/msg/detail/qshell_retval__builder.hpp\n'}
[0.823041] (px4_msgs) StdoutLine: {'line': b'-- Up-to-date: /home/jmj/pro_asp_ws/ws_px4_controls/install/px4_msgs/include/px4_msgs/px4_msgs/msg/detail/sensor_gyro_fifo__builder.hpp\n'}
[0.823063] (px4_msgs) StdoutLine: {'line': b'-- Up-to-date: /home/jmj/pro_asp_ws/ws_px4_controls/install/px4_msgs/include/px4_msgs/px4_msgs/msg/detail/sensor_optical_flow__type_support.hpp\n'}
[0.823084] (px4_msgs) StdoutLine: {'line': b'-- Up-to-date: /home/jmj/pro_asp_ws/ws_px4_controls/install/px4_msgs/include/px4_msgs/px4_msgs/msg/detail/system_power__traits.hpp\n'}
[0.823105] (px4_msgs) StdoutLine: {'line': b'-- Up-to-date: /home/jmj/pro_asp_ws/ws_px4_controls/install/px4_msgs/include/px4_msgs/px4_msgs/msg/detail/vehicle_local_position__struct.hpp\n'}
[0.823129] (px4_msgs) StdoutLine: {'line': b'-- Up-to-date: /home/jmj/pro_asp_ws/ws_px4_controls/install/px4_msgs/include/px4_msgs/px4_msgs/msg/detail/dataman_response__struct.hpp\n'}
[0.823152] (px4_msgs) StdoutLine: {'line': b'-- Up-to-date: /home/jmj/pro_asp_ws/ws_px4_controls/install/px4_msgs/include/px4_msgs/px4_msgs/msg/detail/mag_worker_data__type_support.hpp\n'}
[0.823173] (px4_msgs) StdoutLine: {'line': b'-- Up-to-date: /home/jmj/pro_asp_ws/ws_px4_controls/install/px4_msgs/include/px4_msgs/px4_msgs/msg/detail/sensor_hygrometer__struct.hpp\n'}
[0.823195] (px4_msgs) StdoutLine: {'line': b'-- Up-to-date: /home/jmj/pro_asp_ws/ws_px4_controls/install/px4_msgs/include/px4_msgs/px4_msgs/msg/detail/failsafe_flags__builder.hpp\n'}
[0.823216] (px4_msgs) StdoutLine: {'line': b'-- Up-to-date: /home/jmj/pro_asp_ws/ws_px4_controls/install/px4_msgs/include/px4_msgs/px4_msgs/msg/detail/rover_rate_setpoint__builder.hpp\n'}
[0.823240] (px4_msgs) StdoutLine: {'line': b'-- Up-to-date: /home/jmj/pro_asp_ws/ws_px4_controls/install/px4_msgs/include/px4_msgs/px4_msgs/msg/detail/open_drone_id_operator_id__traits.hpp\n'}
[0.823267] (px4_msgs) StdoutLine: {'line': b'-- Up-to-date: /home/jmj/pro_asp_ws/ws_px4_controls/install/px4_msgs/include/px4_msgs/px4_msgs/msg/detail/sensor_airflow__traits.hpp\n'}
[0.823289] (px4_msgs) StdoutLine: {'line': b'-- Up-to-date: /home/jmj/pro_asp_ws/ws_px4_controls/install/px4_msgs/include/px4_msgs/px4_msgs/msg/detail/lateral_control_configuration__struct.hpp\n'}
[0.823310] (px4_msgs) StdoutLine: {'line': b'-- Up-to-date: /home/jmj/pro_asp_ws/ws_px4_controls/install/px4_msgs/include/px4_msgs/px4_msgs/msg/detail/estimator_status_flags__traits.hpp\n'}
[0.823339] (px4_msgs) StdoutLine: {'line': b'-- Up-to-date: /home/jmj/pro_asp_ws/ws_px4_controls/install/px4_msgs/include/px4_msgs/px4_msgs/msg/detail/estimator_status__builder.hpp\n'}
[0.823360] (px4_msgs) StdoutLine: {'line': b'-- Up-to-date: /home/jmj/pro_asp_ws/ws_px4_controls/install/px4_msgs/include/px4_msgs/px4_msgs/msg/detail/rate_ctrl_status__type_support.hpp\n'}
[0.823382] (px4_msgs) StdoutLine: {'line': b'-- Up-to-date: /home/jmj/pro_asp_ws/ws_px4_controls/install/px4_msgs/include/px4_msgs/px4_msgs/msg/detail/vtol_vehicle_status__type_support.hpp\n'}
[0.823404] (px4_msgs) StdoutLine: {'line': b'-- Up-to-date: /home/jmj/pro_asp_ws/ws_px4_controls/install/px4_msgs/include/px4_msgs/px4_msgs/msg/detail/vehicle_air_data__traits.hpp\n'}
[0.823426] (px4_msgs) StdoutLine: {'line': b'-- Up-to-date: /home/jmj/pro_asp_ws/ws_px4_controls/install/px4_msgs/include/px4_msgs/px4_msgs/msg/detail/debug_key_value__traits.hpp\n'}
[0.823447] (px4_msgs) StdoutLine: {'line': b'-- Up-to-date: /home/jmj/pro_asp_ws/ws_px4_controls/install/px4_msgs/include/px4_msgs/px4_msgs/msg/detail/mavlink_tunnel__type_support.hpp\n'}
[0.823471] (px4_msgs) StdoutLine: {'line': b'-- Up-to-date: /home/jmj/pro_asp_ws/ws_px4_controls/install/px4_msgs/include/px4_msgs/px4_msgs/msg/detail/failure_detector_status__type_support.hpp\n'}
[0.823493] (px4_msgs) StdoutLine: {'line': b'-- Up-to-date: /home/jmj/pro_asp_ws/ws_px4_controls/install/px4_msgs/include/px4_msgs/px4_msgs/msg/detail/parameter_set_used_request__type_support.hpp\n'}
[0.823515] (px4_msgs) StdoutLine: {'line': b'-- Up-to-date: /home/jmj/pro_asp_ws/ws_px4_controls/install/px4_msgs/include/px4_msgs/px4_msgs/msg/detail/estimator_selector_status__struct.hpp\n'}
[0.823537] (px4_msgs) StdoutLine: {'line': b'-- Up-to-date: /home/jmj/pro_asp_ws/ws_px4_controls/install/px4_msgs/include/px4_msgs/px4_msgs/msg/detail/fixed_wing_runway_control__builder.hpp\n'}
[0.823560] (px4_msgs) StdoutLine: {'line': b'-- Up-to-date: /home/jmj/pro_asp_ws/ws_px4_controls/install/px4_msgs/include/px4_msgs/px4_msgs/msg/detail/vehicle_thrust_setpoint__type_support.hpp\n'}
[0.823582] (px4_msgs) StdoutLine: {'line': b'-- Up-to-date: /home/jmj/pro_asp_ws/ws_px4_controls/install/px4_msgs/include/px4_msgs/px4_msgs/msg/detail/parameter_set_value_request__type_support.hpp\n'}
[0.823603] (px4_msgs) StdoutLine: {'line': b'-- Up-to-date: /home/jmj/pro_asp_ws/ws_px4_controls/install/px4_msgs/include/px4_msgs/px4_msgs/msg/detail/wheel_encoders__struct.hpp\n'}
[0.823624] (px4_msgs) StdoutLine: {'line': b'-- Up-to-date: /home/jmj/pro_asp_ws/ws_px4_controls/install/px4_msgs/include/px4_msgs/px4_msgs/msg/detail/estimator_aid_source3d__struct.hpp\n'}
[0.823648] (px4_msgs) StdoutLine: {'line': b'-- Up-to-date: /home/jmj/pro_asp_ws/ws_px4_controls/install/px4_msgs/include/px4_msgs/px4_msgs/msg/detail/landing_target_innovations__struct.hpp\n'}
[0.823670] (px4_msgs) StdoutLine: {'line': b'-- Up-to-date: /home/jmj/pro_asp_ws/ws_px4_controls/install/px4_msgs/include/px4_msgs/px4_msgs/msg/detail/open_drone_id_self_id__builder.hpp\n'}
[0.823691] (px4_msgs) StdoutLine: {'line': b'-- Up-to-date: /home/jmj/pro_asp_ws/ws_px4_controls/install/px4_msgs/include/px4_msgs/px4_msgs/msg/detail/system_power__type_support.hpp\n'}
[0.823713] (px4_msgs) StdoutLine: {'line': b'-- Up-to-date: /home/jmj/pro_asp_ws/ws_px4_controls/install/px4_msgs/include/px4_msgs/px4_msgs/msg/detail/vehicle_rates_setpoint__type_support.hpp\n'}
[0.823735] (px4_msgs) StdoutLine: {'line': b'-- Up-to-date: /home/jmj/pro_asp_ws/ws_px4_controls/install/px4_msgs/include/px4_msgs/px4_msgs/msg/detail/vehicle_constraints__type_support.hpp\n'}
[0.823763] (px4_msgs) StdoutLine: {'line': b'-- Up-to-date: /home/jmj/pro_asp_ws/ws_px4_controls/install/px4_msgs/include/px4_msgs/px4_msgs/msg/detail/figure_eight_status__builder.hpp\n'}
[0.823786] (px4_msgs) StdoutLine: {'line': b'-- Up-to-date: /home/jmj/pro_asp_ws/ws_px4_controls/install/px4_msgs/include/px4_msgs/px4_msgs/msg/detail/sensor_uwb__type_support.hpp\n'}
[0.823813] (px4_msgs) StdoutLine: {'line': b'-- Up-to-date: /home/jmj/pro_asp_ws/ws_px4_controls/install/px4_msgs/include/px4_msgs/px4_msgs/msg/detail/parameter_set_value_response__type_support.hpp\n'}
[0.823838] (px4_msgs) StdoutLine: {'line': b'-- Up-to-date: /home/jmj/pro_asp_ws/ws_px4_controls/install/px4_msgs/include/px4_msgs/px4_msgs/msg/detail/autotune_attitude_control_status__builder.hpp\n'}
[0.823861] (px4_msgs) StdoutLine: {'line': b'-- Up-to-date: /home/jmj/pro_asp_ws/ws_px4_controls/install/px4_msgs/include/px4_msgs/px4_msgs/msg/detail/rc_parameter_map__type_support.hpp\n'}
[0.823883] (px4_msgs) StdoutLine: {'line': b'-- Up-to-date: /home/jmj/pro_asp_ws/ws_px4_controls/install/px4_msgs/include/px4_msgs/px4_msgs/msg/detail/gripper__type_support.hpp\n'}
[0.823906] (px4_msgs) StdoutLine: {'line': b'-- Up-to-date: /home/jmj/pro_asp_ws/ws_px4_controls/install/px4_msgs/include/px4_msgs/px4_msgs/msg/detail/sensor_accel_fifo__traits.hpp\n'}
[0.823929] (px4_msgs) StdoutLine: {'line': b'-- Up-to-date: /home/jmj/pro_asp_ws/ws_px4_controls/install/px4_msgs/include/px4_msgs/px4_msgs/msg/detail/rover_velocity_status__struct.hpp\n'}
[0.823951] (px4_msgs) StdoutLine: {'line': b'-- Up-to-date: /home/jmj/pro_asp_ws/ws_px4_controls/install/px4_msgs/include/px4_msgs/px4_msgs/msg/detail/internal_combustion_engine_control__traits.hpp\n'}
[0.823974] (px4_msgs) StdoutLine: {'line': b'-- Up-to-date: /home/jmj/pro_asp_ws/ws_px4_controls/install/px4_msgs/include/px4_msgs/px4_msgs/msg/detail/mavlink_log__type_support.hpp\n'}
[0.824001] (px4_msgs) StdoutLine: {'line': b'-- Up-to-date: /home/jmj/pro_asp_ws/ws_px4_controls/install/px4_msgs/include/px4_msgs/px4_msgs/msg/detail/dataman_response__type_support.hpp\n'}
[0.824025] (px4_msgs) StdoutLine: {'line': b'-- Up-to-date: /home/jmj/pro_asp_ws/ws_px4_controls/install/px4_msgs/include/px4_msgs/px4_msgs/msg/detail/velocity_limits__type_support.hpp\n'}
[0.824047] (px4_msgs) StdoutLine: {'line': b'-- Up-to-date: /home/jmj/pro_asp_ws/ws_px4_controls/install/px4_msgs/include/px4_msgs/px4_msgs/msg/detail/vehicle_optical_flow_vel__traits.hpp\n'}
[0.824083] (px4_msgs) StdoutLine: {'line': b'-- Up-to-date: /home/jmj/pro_asp_ws/ws_px4_controls/install/px4_msgs/include/px4_msgs/px4_msgs/msg/detail/vehicle_local_position__builder.hpp\n'}
[0.824110] (px4_msgs) StdoutLine: {'line': b'-- Up-to-date: /home/jmj/pro_asp_ws/ws_px4_controls/install/px4_msgs/include/px4_msgs/px4_msgs/msg/detail/ulog_stream_ack__type_support.hpp\n'}
[0.824133] (px4_msgs) StdoutLine: {'line': b'-- Up-to-date: /home/jmj/pro_asp_ws/ws_px4_controls/install/px4_msgs/include/px4_msgs/px4_msgs/msg/detail/battery_status__traits.hpp\n'}
[0.824162] (px4_msgs) StdoutLine: {'line': b'-- Up-to-date: /home/jmj/pro_asp_ws/ws_px4_controls/install/px4_msgs/include/px4_msgs/px4_msgs/msg/detail/vehicle_status__type_support.hpp\n'}
[0.824189] (px4_msgs) StdoutLine: {'line': b'-- Up-to-date: /home/jmj/pro_asp_ws/ws_px4_controls/install/px4_msgs/include/px4_msgs/px4_msgs/msg/detail/message_format_request__type_support.hpp\n'}
[0.824214] (px4_msgs) StdoutLine: {'line': b'-- Up-to-date: /home/jmj/pro_asp_ws/ws_px4_controls/install/px4_msgs/include/px4_msgs/px4_msgs/msg/detail/rc_channels__type_support.hpp\n'}
[0.824238] (px4_msgs) StdoutLine: {'line': b'-- Up-to-date: /home/jmj/pro_asp_ws/ws_px4_controls/install/px4_msgs/include/px4_msgs/px4_msgs/msg/detail/power_monitor__type_support.hpp\n'}
[0.824263] (px4_msgs) StdoutLine: {'line': b'-- Up-to-date: /home/jmj/pro_asp_ws/ws_px4_controls/install/px4_msgs/include/px4_msgs/px4_msgs/msg/detail/rover_throttle_setpoint__builder.hpp\n'}
[0.824295] (px4_msgs) StdoutLine: {'line': b'-- Up-to-date: /home/jmj/pro_asp_ws/ws_px4_controls/install/px4_msgs/include/px4_msgs/px4_msgs/msg/detail/actuator_test__traits.hpp\n'}
[0.824322] (px4_msgs) StdoutLine: {'line': b'-- Up-to-date: /home/jmj/pro_asp_ws/ws_px4_controls/install/px4_msgs/include/px4_msgs/px4_msgs/msg/detail/config_overrides__traits.hpp\n'}
[0.824346] (px4_msgs) StdoutLine: {'line': b'-- Up-to-date: /home/jmj/pro_asp_ws/ws_px4_controls/install/px4_msgs/include/px4_msgs/px4_msgs/msg/detail/sensor_combined__struct.hpp\n'}
[0.824370] (px4_msgs) StdoutLine: {'line': b'-- Up-to-date: /home/jmj/pro_asp_ws/ws_px4_controls/install/px4_msgs/include/px4_msgs/px4_msgs/msg/detail/can_interface_status__builder.hpp\n'}
[0.824393] (px4_msgs) StdoutLine: {'line': b'-- Up-to-date: /home/jmj/pro_asp_ws/ws_px4_controls/install/px4_msgs/include/px4_msgs/px4_msgs/msg/detail/obstacle_distance__traits.hpp\n'}
[0.824416] (px4_msgs) StdoutLine: {'line': b'-- Up-to-date: /home/jmj/pro_asp_ws/ws_px4_controls/install/px4_msgs/include/px4_msgs/px4_msgs/msg/detail/tune_control__type_support.hpp\n'}
[0.824439] (px4_msgs) StdoutLine: {'line': b'-- Up-to-date: /home/jmj/pro_asp_ws/ws_px4_controls/install/px4_msgs/include/px4_msgs/px4_msgs/msg/detail/health_report__traits.hpp\n'}
[0.824462] (px4_msgs) StdoutLine: {'line': b'-- Up-to-date: /home/jmj/pro_asp_ws/ws_px4_controls/install/px4_msgs/include/px4_msgs/px4_msgs/msg/detail/vehicle_odometry__traits.hpp\n'}
[0.824490] (px4_msgs) StdoutLine: {'line': b'-- Up-to-date: /home/jmj/pro_asp_ws/ws_px4_controls/install/px4_msgs/include/px4_msgs/px4_msgs/msg/detail/position_setpoint_triplet__traits.hpp\n'}
[0.824521] (px4_msgs) StdoutLine: {'line': b'-- Up-to-date: /home/jmj/pro_asp_ws/ws_px4_controls/install/px4_msgs/include/px4_msgs/px4_msgs/msg/detail/geofence_result__builder.hpp\n'}
[0.824551] (px4_msgs) StdoutLine: {'line': b'-- Up-to-date: /home/jmj/pro_asp_ws/ws_px4_controls/install/px4_msgs/include/px4_msgs/px4_msgs/msg/detail/irlock_report__struct.hpp\n'}
[0.824574] (px4_msgs) StdoutLine: {'line': b'-- Up-to-date: /home/jmj/pro_asp_ws/ws_px4_controls/install/px4_msgs/include/px4_msgs/px4_msgs/msg/detail/ekf2_timestamps__struct.hpp\n'}
[0.824597] (px4_msgs) StdoutLine: {'line': b'-- Up-to-date: /home/jmj/pro_asp_ws/ws_px4_controls/install/px4_msgs/include/px4_msgs/px4_msgs/msg/detail/normalized_unsigned_setpoint__type_support.hpp\n'}
[0.824620] (px4_msgs) StdoutLine: {'line': b'-- Up-to-date: /home/jmj/pro_asp_ws/ws_px4_controls/install/px4_msgs/include/px4_msgs/px4_msgs/msg/detail/battery_status__builder.hpp\n'}
[0.824641] (px4_msgs) StdoutLine: {'line': b'-- Up-to-date: /home/jmj/pro_asp_ws/ws_px4_controls/install/px4_msgs/include/px4_msgs/px4_msgs/msg/detail/dataman_request__traits.hpp\n'}
[0.824665] (px4_msgs) StdoutLine: {'line': b'-- Up-to-date: /home/jmj/pro_asp_ws/ws_px4_controls/install/px4_msgs/include/px4_msgs/px4_msgs/msg/detail/sensor_combined__type_support.hpp\n'}
[0.824687] (px4_msgs) StdoutLine: {'line': b'-- Up-to-date: /home/jmj/pro_asp_ws/ws_px4_controls/install/px4_msgs/include/px4_msgs/px4_msgs/msg/detail/vehicle_command_ack__type_support.hpp\n'}
[0.824711] (px4_msgs) StdoutLine: {'line': b'-- Up-to-date: /home/jmj/pro_asp_ws/ws_px4_controls/install/px4_msgs/include/px4_msgs/px4_msgs/msg/detail/pps_capture__traits.hpp\n'}
[0.824732] (px4_msgs) StdoutLine: {'line': b'-- Up-to-date: /home/jmj/pro_asp_ws/ws_px4_controls/install/px4_msgs/include/px4_msgs/px4_msgs/msg/detail/estimator_states__struct.hpp\n'}
[0.824768] (px4_msgs) StdoutLine: {'line': b'-- Up-to-date: /home/jmj/pro_asp_ws/ws_px4_controls/install/px4_msgs/include/px4_msgs/px4_msgs/msg/detail/vehicle_roi__struct.hpp\n'}
[0.824791] (px4_msgs) StdoutLine: {'line': b'-- Up-to-date: /home/jmj/pro_asp_ws/ws_px4_controls/install/px4_msgs/include/px4_msgs/px4_msgs/msg/detail/actuator_servos__struct.hpp\n'}
[0.824813] (px4_msgs) StdoutLine: {'line': b'-- Up-to-date: /home/jmj/pro_asp_ws/ws_px4_controls/install/px4_msgs/include/px4_msgs/px4_msgs/msg/detail/led_control__traits.hpp\n'}
[0.824838] (px4_msgs) StdoutLine: {'line': b'-- Up-to-date: /home/jmj/pro_asp_ws/ws_px4_controls/install/px4_msgs/include/px4_msgs/px4_msgs/msg/detail/sensor_correction__type_support.hpp\n'}
[0.824861] (px4_msgs) StdoutLine: {'line': b'-- Up-to-date: /home/jmj/pro_asp_ws/ws_px4_controls/install/px4_msgs/include/px4_msgs/px4_msgs/msg/detail/autotune_attitude_control_status__struct.hpp\n'}
[0.824883] (px4_msgs) StdoutLine: {'line': b'-- Up-to-date: /home/jmj/pro_asp_ws/ws_px4_controls/install/px4_msgs/include/px4_msgs/px4_msgs/msg/detail/estimator_status_flags__struct.hpp\n'}
[0.824905] (px4_msgs) StdoutLine: {'line': b'-- Up-to-date: /home/jmj/pro_asp_ws/ws_px4_controls/install/px4_msgs/include/px4_msgs/px4_msgs/msg/detail/wind__builder.hpp\n'}
[0.824930] (px4_msgs) StdoutLine: {'line': b'-- Up-to-date: /home/jmj/pro_asp_ws/ws_px4_controls/install/px4_msgs/include/px4_msgs/px4_msgs/msg/detail/landing_gear_wheel__traits.hpp\n'}
[0.824952] (px4_msgs) StdoutLine: {'line': b'-- Up-to-date: /home/jmj/pro_asp_ws/ws_px4_controls/install/px4_msgs/include/px4_msgs/px4_msgs/msg/detail/gps_inject_data__struct.hpp\n'}
[0.824974] (px4_msgs) StdoutLine: {'line': b'-- Up-to-date: /home/jmj/pro_asp_ws/ws_px4_controls/install/px4_msgs/include/px4_msgs/px4_msgs/msg/detail/sensor_gnss_relative__traits.hpp\n'}
[0.825002] (px4_msgs) StdoutLine: {'line': b'-- Up-to-date: /home/jmj/pro_asp_ws/ws_px4_controls/install/px4_msgs/include/px4_msgs/px4_msgs/msg/detail/sensor_baro__builder.hpp\n'}
[0.825031] (px4_msgs) StdoutLine: {'line': b'-- Up-to-date: /home/jmj/pro_asp_ws/ws_px4_controls/install/px4_msgs/include/px4_msgs/px4_msgs/msg/detail/fixed_wing_lateral_setpoint__builder.hpp\n'}
[0.825060] (px4_msgs) StdoutLine: {'line': b'-- Up-to-date: /home/jmj/pro_asp_ws/ws_px4_controls/install/px4_msgs/include/px4_msgs/px4_msgs/msg/detail/vehicle_acceleration__builder.hpp\n'}
[0.825183] (px4_msgs) StdoutLine: {'line': b'-- Up-to-date: /home/jmj/pro_asp_ws/ws_px4_controls/install/px4_msgs/include/px4_msgs/px4_msgs/msg/detail/estimator_aid_source2d__type_support.hpp\n'}
[0.825238] (px4_msgs) StdoutLine: {'line': b'-- Up-to-date: /home/jmj/pro_asp_ws/ws_px4_controls/install/px4_msgs/include/px4_msgs/px4_msgs/msg/detail/actuator_test__builder.hpp\n'}
[0.825266] (px4_msgs) StdoutLine: {'line': b'-- Up-to-date: /home/jmj/pro_asp_ws/ws_px4_controls/install/px4_msgs/include/px4_msgs/px4_msgs/msg/detail/rtl_time_estimate__type_support.hpp\n'}
[0.825291] (px4_msgs) StdoutLine: {'line': b'-- Up-to-date: /home/jmj/pro_asp_ws/ws_px4_controls/install/px4_msgs/include/px4_msgs/px4_msgs/msg/detail/yaw_estimator_status__struct.hpp\n'}
[0.825315] (px4_msgs) StdoutLine: {'line': b'-- Up-to-date: /home/jmj/pro_asp_ws/ws_px4_controls/install/px4_msgs/include/px4_msgs/px4_msgs/msg/detail/adc_report__traits.hpp\n'}
[0.825339] (px4_msgs) StdoutLine: {'line': b'-- Up-to-date: /home/jmj/pro_asp_ws/ws_px4_controls/install/px4_msgs/include/px4_msgs/px4_msgs/msg/detail/magnetometer_bias_estimate__builder.hpp\n'}
[0.825362] (px4_msgs) StdoutLine: {'line': b'-- Up-to-date: /home/jmj/pro_asp_ws/ws_px4_controls/install/px4_msgs/include/px4_msgs/px4_msgs/msg/detail/register_ext_component_request__builder.hpp\n'}
[0.825385] (px4_msgs) StdoutLine: {'line': b'-- Up-to-date: /home/jmj/pro_asp_ws/ws_px4_controls/install/px4_msgs/include/px4_msgs/px4_msgs/msg/detail/position_setpoint__struct.hpp\n'}
[0.825408] (px4_msgs) StdoutLine: {'line': b'-- Up-to-date: /home/jmj/pro_asp_ws/ws_px4_controls/install/px4_msgs/include/px4_msgs/px4_msgs/msg/detail/estimator_status__traits.hpp\n'}
[0.825430] (px4_msgs) StdoutLine: {'line': b'-- Up-to-date: /home/jmj/pro_asp_ws/ws_px4_controls/install/px4_msgs/include/px4_msgs/px4_msgs/msg/detail/offboard_control_mode__type_support.hpp\n'}
[0.825452] (px4_msgs) StdoutLine: {'line': b'-- Up-to-date: /home/jmj/pro_asp_ws/ws_px4_controls/install/px4_msgs/include/px4_msgs/px4_msgs/msg/detail/tune_control__builder.hpp\n'}
[0.825475] (px4_msgs) StdoutLine: {'line': b'-- Up-to-date: /home/jmj/pro_asp_ws/ws_px4_controls/install/px4_msgs/include/px4_msgs/px4_msgs/msg/detail/position_controller_landing_status__builder.hpp\n'}
[0.825539] (px4_msgs) StdoutLine: {'line': b'-- Up-to-date: /home/jmj/pro_asp_ws/ws_px4_controls/install/px4_msgs/include/px4_msgs/px4_msgs/msg/detail/open_drone_id_self_id__type_support.hpp\n'}
[0.825560] (px4_msgs) StdoutLine: {'line': b'-- Up-to-date: /home/jmj/pro_asp_ws/ws_px4_controls/install/px4_msgs/include/px4_msgs/px4_msgs/msg/detail/sensors_status_imu__type_support.hpp\n'}
[0.825583] (px4_msgs) StdoutLine: {'line': b'-- Up-to-date: /home/jmj/pro_asp_ws/ws_px4_controls/install/px4_msgs/include/px4_msgs/px4_msgs/msg/detail/input_rc__struct.hpp\n'}
[0.825605] (px4_msgs) StdoutLine: {'line': b'-- Up-to-date: /home/jmj/pro_asp_ws/ws_px4_controls/install/px4_msgs/include/px4_msgs/px4_msgs/msg/detail/follow_target_status__builder.hpp\n'}
[0.825631] (px4_msgs) StdoutLine: {'line': b'-- Up-to-date: /home/jmj/pro_asp_ws/ws_px4_controls/install/px4_msgs/include/px4_msgs/px4_msgs/msg/detail/vehicle_status__builder.hpp\n'}
[0.825654] (px4_msgs) StdoutLine: {'line': b'-- Up-to-date: /home/jmj/pro_asp_ws/ws_px4_controls/install/px4_msgs/include/px4_msgs/px4_msgs/msg/detail/vehicle_attitude_setpoint__struct.hpp\n'}
[0.825675] (px4_msgs) StdoutLine: {'line': b'-- Up-to-date: /home/jmj/pro_asp_ws/ws_px4_controls/install/px4_msgs/include/px4_msgs/px4_msgs/msg/detail/takeoff_status__type_support.hpp\n'}
[0.825698] (px4_msgs) StdoutLine: {'line': b'-- Up-to-date: /home/jmj/pro_asp_ws/ws_px4_controls/install/px4_msgs/include/px4_msgs/px4_msgs/msg/detail/position_setpoint_triplet__struct.hpp\n'}
[0.825720] (px4_msgs) StdoutLine: {'line': b'-- Up-to-date: /home/jmj/pro_asp_ws/ws_px4_controls/install/px4_msgs/include/px4_msgs/px4_msgs/msg/detail/vehicle_local_position_setpoint__struct.hpp\n'}
[0.825742] (px4_msgs) StdoutLine: {'line': b'-- Up-to-date: /home/jmj/pro_asp_ws/ws_px4_controls/install/px4_msgs/include/px4_msgs/px4_msgs/msg/detail/failure_detector_status__traits.hpp\n'}
[0.825780] (px4_msgs) StdoutLine: {'line': b'-- Up-to-date: /home/jmj/pro_asp_ws/ws_px4_controls/install/px4_msgs/include/px4_msgs/px4_msgs/msg/detail/qshell_req__struct.hpp\n'}
[0.825813] (px4_msgs) StdoutLine: {'line': b'-- Up-to-date: /home/jmj/pro_asp_ws/ws_px4_controls/install/px4_msgs/include/px4_msgs/px4_msgs/msg/detail/rpm__struct.hpp\n'}
[0.825837] (px4_msgs) StdoutLine: {'line': b'-- Up-to-date: /home/jmj/pro_asp_ws/ws_px4_controls/install/px4_msgs/include/px4_msgs/px4_msgs/msg/detail/failsafe_flags__traits.hpp\n'}
[0.825870] (px4_msgs) StdoutLine: {'line': b'-- Up-to-date: /home/jmj/pro_asp_ws/ws_px4_controls/install/px4_msgs/include/px4_msgs/px4_msgs/msg/detail/sensor_accel__builder.hpp\n'}
[0.825893] (px4_msgs) StdoutLine: {'line': b'-- Up-to-date: /home/jmj/pro_asp_ws/ws_px4_controls/install/px4_msgs/include/px4_msgs/px4_msgs/msg/detail/airspeed_validated__struct.hpp\n'}
[0.825916] (px4_msgs) StdoutLine: {'line': b'-- Up-to-date: /home/jmj/pro_asp_ws/ws_px4_controls/install/px4_msgs/include/px4_msgs/px4_msgs/msg/detail/camera_trigger__traits.hpp\n'}
[0.825937] (px4_msgs) StdoutLine: {'line': b'-- Up-to-date: /home/jmj/pro_asp_ws/ws_px4_controls/install/px4_msgs/include/px4_msgs/px4_msgs/msg/detail/debug_value__struct.hpp\n'}
[0.825959] (px4_msgs) StdoutLine: {'line': b'-- Up-to-date: /home/jmj/pro_asp_ws/ws_px4_controls/install/px4_msgs/include/px4_msgs/px4_msgs/msg/detail/hover_thrust_estimate__builder.hpp\n'}
[0.825980] (px4_msgs) StdoutLine: {'line': b'-- Up-to-date: /home/jmj/pro_asp_ws/ws_px4_controls/install/px4_msgs/include/px4_msgs/px4_msgs/msg/detail/vehicle_constraints__traits.hpp\n'}
[0.826002] (px4_msgs) StdoutLine: {'line': b'-- Up-to-date: /home/jmj/pro_asp_ws/ws_px4_controls/install/px4_msgs/include/px4_msgs/px4_msgs/msg/detail/vehicle_angular_velocity__builder.hpp\n'}
[0.826024] (px4_msgs) StdoutLine: {'line': b'-- Up-to-date: /home/jmj/pro_asp_ws/ws_px4_controls/install/px4_msgs/include/px4_msgs/px4_msgs/msg/detail/pps_capture__builder.hpp\n'}
[0.826047] (px4_msgs) StdoutLine: {'line': b'-- Up-to-date: /home/jmj/pro_asp_ws/ws_px4_controls/install/px4_msgs/include/px4_msgs/px4_msgs/msg/detail/actuator_motors__type_support.hpp\n'}
[0.826071] (px4_msgs) StdoutLine: {'line': b'-- Up-to-date: /home/jmj/pro_asp_ws/ws_px4_controls/install/px4_msgs/include/px4_msgs/px4_msgs/msg/detail/rtl_time_estimate__builder.hpp\n'}
[0.826096] (px4_msgs) StdoutLine: {'line': b'-- Up-to-date: /home/jmj/pro_asp_ws/ws_px4_controls/install/px4_msgs/include/px4_msgs/px4_msgs/msg/detail/parameter_set_value_response__traits.hpp\n'}
[0.826129] (px4_msgs) StdoutLine: {'line': b'-- Up-to-date: /home/jmj/pro_asp_ws/ws_px4_controls/install/px4_msgs/include/px4_msgs/px4_msgs/msg/detail/goto_setpoint__builder.hpp\n'}
[0.826151] (px4_msgs) StdoutLine: {'line': b'-- Up-to-date: /home/jmj/pro_asp_ws/ws_px4_controls/install/px4_msgs/include/px4_msgs/px4_msgs/msg/detail/manual_control_setpoint__traits.hpp\n'}
[0.826187] (px4_msgs) StdoutLine: {'line': b'-- Up-to-date: /home/jmj/pro_asp_ws/ws_px4_controls/install/px4_msgs/include/px4_msgs/px4_msgs/msg/detail/estimator_aid_source2d__builder.hpp\n'}
[0.826215] (px4_msgs) StdoutLine: {'line': b'-- Up-to-date: /home/jmj/pro_asp_ws/ws_px4_controls/install/px4_msgs/include/px4_msgs/px4_msgs/msg/detail/open_drone_id_arm_status__traits.hpp\n'}
[0.826237] (px4_msgs) StdoutLine: {'line': b'-- Up-to-date: /home/jmj/pro_asp_ws/ws_px4_controls/install/px4_msgs/include/px4_msgs/px4_msgs/msg/detail/sensor_correction__struct.hpp\n'}
[0.826260] (px4_msgs) StdoutLine: {'line': b'-- Up-to-date: /home/jmj/pro_asp_ws/ws_px4_controls/install/px4_msgs/include/px4_msgs/px4_msgs/msg/detail/wind__traits.hpp\n'}
[0.826284] (px4_msgs) StdoutLine: {'line': b'-- Up-to-date: /home/jmj/pro_asp_ws/ws_px4_controls/install/px4_msgs/include/px4_msgs/px4_msgs/msg/detail/fixed_wing_lateral_setpoint__struct.hpp\n'}
[0.826310] (px4_msgs) StdoutLine: {'line': b'-- Up-to-date: /home/jmj/pro_asp_ws/ws_px4_controls/install/px4_msgs/include/px4_msgs/px4_msgs/msg/detail/gpio_out__struct.hpp\n'}
[0.826333] (px4_msgs) StdoutLine: {'line': b'-- Up-to-date: /home/jmj/pro_asp_ws/ws_px4_controls/install/px4_msgs/include/px4_msgs/px4_msgs/msg/detail/gripper__traits.hpp\n'}
[0.826357] (px4_msgs) StdoutLine: {'line': b'-- Up-to-date: /home/jmj/pro_asp_ws/ws_px4_controls/install/px4_msgs/include/px4_msgs/px4_msgs/msg/detail/fixed_wing_longitudinal_setpoint__struct.hpp\n'}
[0.826387] (px4_msgs) StdoutLine: {'line': b'-- Up-to-date: /home/jmj/pro_asp_ws/ws_px4_controls/install/px4_msgs/include/px4_msgs/px4_msgs/msg/detail/sensor_accel__struct.hpp\n'}
[0.826408] (px4_msgs) StdoutLine: {'line': b'-- Up-to-date: /home/jmj/pro_asp_ws/ws_px4_controls/install/px4_msgs/include/px4_msgs/px4_msgs/msg/detail/distance_sensor_mode_change_request__type_support.hpp\n'}
[0.826432] (px4_msgs) StdoutLine: {'line': b'-- Up-to-date: /home/jmj/pro_asp_ws/ws_px4_controls/install/px4_msgs/include/px4_msgs/px4_msgs/msg/detail/airspeed__type_support.hpp\n'}
[0.826455] (px4_msgs) StdoutLine: {'line': b'-- Up-to-date: /home/jmj/pro_asp_ws/ws_px4_controls/install/px4_msgs/include/px4_msgs/px4_msgs/msg/detail/sensor_preflight_mag__traits.hpp\n'}
[0.826480] (px4_msgs) StdoutLine: {'line': b'-- Up-to-date: /home/jmj/pro_asp_ws/ws_px4_controls/install/px4_msgs/include/px4_msgs/px4_msgs/msg/detail/hover_thrust_estimate__traits.hpp\n'}
[0.826502] (px4_msgs) StdoutLine: {'line': b'-- Up-to-date: /home/jmj/pro_asp_ws/ws_px4_controls/install/px4_msgs/include/px4_msgs/px4_msgs/msg/detail/failsafe_flags__struct.hpp\n'}
[0.826528] (px4_msgs) StdoutLine: {'line': b'-- Up-to-date: /home/jmj/pro_asp_ws/ws_px4_controls/install/px4_msgs/include/px4_msgs/px4_msgs/msg/detail/gimbal_device_information__traits.hpp\n'}
[0.826556] (px4_msgs) StdoutLine: {'line': b'-- Up-to-date: /home/jmj/pro_asp_ws/ws_px4_controls/install/px4_msgs/include/px4_msgs/px4_msgs/msg/detail/esc_report__traits.hpp\n'}
[0.826589] (px4_msgs) StdoutLine: {'line': b'-- Up-to-date: /home/jmj/pro_asp_ws/ws_px4_controls/install/px4_msgs/include/px4_msgs/px4_msgs/msg/detail/home_position__type_support.hpp\n'}
[0.826618] (px4_msgs) StdoutLine: {'line': b'-- Up-to-date: /home/jmj/pro_asp_ws/ws_px4_controls/install/px4_msgs/include/px4_msgs/px4_msgs/msg/detail/manual_control_setpoint__struct.hpp\n'}
[0.826645] (px4_msgs) StdoutLine: {'line': b'-- Up-to-date: /home/jmj/pro_asp_ws/ws_px4_controls/install/px4_msgs/include/px4_msgs/px4_msgs/msg/detail/debug_vect__type_support.hpp\n'}
[0.826668] (px4_msgs) StdoutLine: {'line': b'-- Up-to-date: /home/jmj/pro_asp_ws/ws_px4_controls/install/px4_msgs/include/px4_msgs/px4_msgs/msg/detail/mount_orientation__traits.hpp\n'}
[0.826691] (px4_msgs) StdoutLine: {'line': b'-- Up-to-date: /home/jmj/pro_asp_ws/ws_px4_controls/install/px4_msgs/include/px4_msgs/px4_msgs/msg/detail/orb_test_large__builder.hpp\n'}
[0.826719] (px4_msgs) StdoutLine: {'line': b'-- Up-to-date: /home/jmj/pro_asp_ws/ws_px4_controls/install/px4_msgs/include/px4_msgs/px4_msgs/msg/detail/rc_channels__struct.hpp\n'}
[0.826743] (px4_msgs) StdoutLine: {'line': b'-- Up-to-date: /home/jmj/pro_asp_ws/ws_px4_controls/install/px4_msgs/include/px4_msgs/px4_msgs/msg/detail/vtol_vehicle_status__traits.hpp\n'}
[0.826775] (px4_msgs) StdoutLine: {'line': b'-- Up-to-date: /home/jmj/pro_asp_ws/ws_px4_controls/install/px4_msgs/include/px4_msgs/px4_msgs/msg/detail/rpm__type_support.hpp\n'}
[0.826805] (px4_msgs) StdoutLine: {'line': b'-- Up-to-date: /home/jmj/pro_asp_ws/ws_px4_controls/install/px4_msgs/include/px4_msgs/px4_msgs/msg/detail/power_button_state__type_support.hpp\n'}
[0.826838] (px4_msgs) StdoutLine: {'line': b'-- Up-to-date: /home/jmj/pro_asp_ws/ws_px4_controls/install/px4_msgs/include/px4_msgs/px4_msgs/msg/detail/message_format_response__type_support.hpp\n'}
[0.826866] (px4_msgs) StdoutLine: {'line': b'-- Up-to-date: /home/jmj/pro_asp_ws/ws_px4_controls/install/px4_msgs/include/px4_msgs/px4_msgs/msg/detail/power_button_state__traits.hpp\n'}
[0.826890] (px4_msgs) StdoutLine: {'line': b'-- Up-to-date: /home/jmj/pro_asp_ws/ws_px4_controls/install/px4_msgs/include/px4_msgs/px4_msgs/msg/detail/camera_status__type_support.hpp\n'}
[0.826916] (px4_msgs) StdoutLine: {'line': b'-- Up-to-date: /home/jmj/pro_asp_ws/ws_px4_controls/install/px4_msgs/include/px4_msgs/px4_msgs/msg/detail/vehicle_optical_flow__traits.hpp\n'}
[0.826941] (px4_msgs) StdoutLine: {'line': b'-- Up-to-date: /home/jmj/pro_asp_ws/ws_px4_controls/install/px4_msgs/include/px4_msgs/px4_msgs/msg/detail/generator_status__struct.hpp\n'}
[0.826968] (px4_msgs) StdoutLine: {'line': b'-- Up-to-date: /home/jmj/pro_asp_ws/ws_px4_controls/install/px4_msgs/include/px4_msgs/px4_msgs/msg/detail/home_position__traits.hpp\n'}
[0.827000] (px4_msgs) StdoutLine: {'line': b'-- Up-to-date: /home/jmj/pro_asp_ws/ws_px4_controls/install/px4_msgs/include/px4_msgs/px4_msgs/msg/detail/satellite_info__builder.hpp\n'}
[0.827031] (px4_msgs) StdoutLine: {'line': b'-- Up-to-date: /home/jmj/pro_asp_ws/ws_px4_controls/install/px4_msgs/include/px4_msgs/px4_msgs/msg/detail/message_format_request__struct.hpp\n'}
[0.827081] (px4_msgs) StdoutLine: {'line': b'-- Up-to-date: /home/jmj/pro_asp_ws/ws_px4_controls/install/px4_msgs/include/px4_msgs/px4_msgs/msg/detail/hover_thrust_estimate__struct.hpp\n'}
[0.827125] (px4_msgs) StdoutLine: {'line': b'-- Up-to-date: /home/jmj/pro_asp_ws/ws_px4_controls/install/px4_msgs/include/px4_msgs/px4_msgs/msg/detail/fuel_tank_status__struct.hpp\n'}
[0.827164] (px4_msgs) StdoutLine: {'line': b'-- Up-to-date: /home/jmj/pro_asp_ws/ws_px4_controls/install/px4_msgs/include/px4_msgs/px4_msgs/msg/detail/vehicle_command__builder.hpp\n'}
[0.827199] (px4_msgs) StdoutLine: {'line': b'-- Up-to-date: /home/jmj/pro_asp_ws/ws_px4_controls/install/px4_msgs/include/px4_msgs/px4_msgs/msg/detail/sensor_gyro__builder.hpp\n'}
[0.827231] (px4_msgs) StdoutLine: {'line': b'-- Up-to-date: /home/jmj/pro_asp_ws/ws_px4_controls/install/px4_msgs/include/px4_msgs/px4_msgs/msg/detail/vehicle_rates_setpoint__traits.hpp\n'}
[0.827266] (px4_msgs) StdoutLine: {'line': b'-- Up-to-date: /home/jmj/pro_asp_ws/ws_px4_controls/install/px4_msgs/include/px4_msgs/px4_msgs/msg/detail/internal_combustion_engine_control__struct.hpp\n'}
[0.827296] (px4_msgs) StdoutLine: {'line': b'-- Up-to-date: /home/jmj/pro_asp_ws/ws_px4_controls/install/px4_msgs/include/px4_msgs/px4_msgs/msg/detail/vehicle_global_position__struct.hpp\n'}
[0.827321] (px4_msgs) StdoutLine: {'line': b'-- Up-to-date: /home/jmj/pro_asp_ws/ws_px4_controls/install/px4_msgs/include/px4_msgs/px4_msgs/msg/detail/mode_completed__type_support.hpp\n'}
[0.827345] (px4_msgs) StdoutLine: {'line': b'-- Up-to-date: /home/jmj/pro_asp_ws/ws_px4_controls/install/px4_msgs/include/px4_msgs/px4_msgs/msg/detail/landing_gear__traits.hpp\n'}
[0.827369] (px4_msgs) StdoutLine: {'line': b'-- Up-to-date: /home/jmj/pro_asp_ws/ws_px4_controls/install/px4_msgs/include/px4_msgs/px4_msgs/msg/detail/vehicle_attitude__type_support.hpp\n'}
[0.827402] (px4_msgs) StdoutLine: {'line': b'-- Up-to-date: /home/jmj/pro_asp_ws/ws_px4_controls/install/px4_msgs/include/px4_msgs/px4_msgs/msg/detail/gps_inject_data__builder.hpp\n'}
[0.827429] (px4_msgs) StdoutLine: {'line': b'-- Up-to-date: /home/jmj/pro_asp_ws/ws_px4_controls/install/px4_msgs/include/px4_msgs/px4_msgs/msg/detail/arming_check_request__builder.hpp\n'}
[0.827466] (px4_msgs) StdoutLine: {'line': b'-- Up-to-date: /home/jmj/pro_asp_ws/ws_px4_controls/install/px4_msgs/include/px4_msgs/px4_msgs/msg/detail/debug_array__traits.hpp\n'}
[0.827502] (px4_msgs) StdoutLine: {'line': b'-- Up-to-date: /home/jmj/pro_asp_ws/ws_px4_controls/install/px4_msgs/include/px4_msgs/px4_msgs/msg/detail/estimator_status__type_support.hpp\n'}
[0.827529] (px4_msgs) StdoutLine: {'line': b'-- Up-to-date: /home/jmj/pro_asp_ws/ws_px4_controls/install/px4_msgs/include/px4_msgs/px4_msgs/msg/detail/geofence_status__type_support.hpp\n'}
[0.827561] (px4_msgs) StdoutLine: {'line': b'-- Up-to-date: /home/jmj/pro_asp_ws/ws_px4_controls/install/px4_msgs/include/px4_msgs/px4_msgs/msg/detail/camera_status__struct.hpp\n'}
[0.827605] (px4_msgs) StdoutLine: {'line': b'-- Up-to-date: /home/jmj/pro_asp_ws/ws_px4_controls/install/px4_msgs/include/px4_msgs/px4_msgs/msg/detail/position_setpoint_triplet__type_support.hpp\n'}
[0.827631] (px4_msgs) StdoutLine: {'line': b'-- Up-to-date: /home/jmj/pro_asp_ws/ws_px4_controls/install/px4_msgs/include/px4_msgs/px4_msgs/msg/detail/vehicle_optical_flow_vel__type_support.hpp\n'}
[0.827656] (px4_msgs) StdoutLine: {'line': b'-- Up-to-date: /home/jmj/pro_asp_ws/ws_px4_controls/install/px4_msgs/include/px4_msgs/px4_msgs/msg/detail/led_control__struct.hpp\n'}
[0.827682] (px4_msgs) StdoutLine: {'line': b'-- Up-to-date: /home/jmj/pro_asp_ws/ws_px4_controls/install/px4_msgs/include/px4_msgs/px4_msgs/msg/detail/sensor_accel_fifo__struct.hpp\n'}
[0.827712] (px4_msgs) StdoutLine: {'line': b'-- Up-to-date: /home/jmj/pro_asp_ws/ws_px4_controls/install/px4_msgs/include/px4_msgs/px4_msgs/msg/detail/rover_steering_setpoint__type_support.hpp\n'}
[0.827742] (px4_msgs) StdoutLine: {'line': b'-- Up-to-date: /home/jmj/pro_asp_ws/ws_px4_controls/install/px4_msgs/include/px4_msgs/px4_msgs/msg/detail/task_stack_info__builder.hpp\n'}
[0.827777] (px4_msgs) StdoutLine: {'line': b'-- Up-to-date: /home/jmj/pro_asp_ws/ws_px4_controls/install/px4_msgs/include/px4_msgs/px4_msgs/msg/detail/esc_status__traits.hpp\n'}
[0.827805] (px4_msgs) StdoutLine: {'line': b'-- Up-to-date: /home/jmj/pro_asp_ws/ws_px4_controls/install/px4_msgs/include/px4_msgs/px4_msgs/msg/detail/fixed_wing_lateral_status__type_support.hpp\n'}
[0.827833] (px4_msgs) StdoutLine: {'line': b'-- Up-to-date: /home/jmj/pro_asp_ws/ws_px4_controls/install/px4_msgs/include/px4_msgs/px4_msgs/msg/detail/parameter_set_used_request__struct.hpp\n'}
[0.827859] (px4_msgs) StdoutLine: {'line': b'-- Up-to-date: /home/jmj/pro_asp_ws/ws_px4_controls/install/px4_msgs/include/px4_msgs/px4_msgs/msg/detail/mag_worker_data__struct.hpp\n'}
[0.827889] (px4_msgs) StdoutLine: {'line': b'-- Up-to-date: /home/jmj/pro_asp_ws/ws_px4_controls/install/px4_msgs/include/px4_msgs/px4_msgs/msg/detail/gpio_in__struct.hpp\n'}
[0.827917] (px4_msgs) StdoutLine: {'line': b'-- Up-to-date: /home/jmj/pro_asp_ws/ws_px4_controls/install/px4_msgs/include/px4_msgs/px4_msgs/msg/detail/system_power__builder.hpp\n'}
[0.827951] (px4_msgs) StdoutLine: {'line': b'-- Up-to-date: /home/jmj/pro_asp_ws/ws_px4_controls/install/px4_msgs/include/px4_msgs/px4_msgs/msg/detail/gimbal_manager_set_manual_control__builder.hpp\n'}
[0.827977] (px4_msgs) StdoutLine: {'line': b'-- Up-to-date: /home/jmj/pro_asp_ws/ws_px4_controls/install/px4_msgs/include/px4_msgs/px4_msgs/msg/detail/gimbal_manager_set_attitude__type_support.hpp\n'}
[0.828000] (px4_msgs) StdoutLine: {'line': b'-- Up-to-date: /home/jmj/pro_asp_ws/ws_px4_controls/install/px4_msgs/include/px4_msgs/px4_msgs/msg/detail/vehicle_magnetometer__struct.hpp\n'}
[0.828025] (px4_msgs) StdoutLine: {'line': b'-- Up-to-date: /home/jmj/pro_asp_ws/ws_px4_controls/install/px4_msgs/include/px4_msgs/px4_msgs/msg/detail/differential_pressure__type_support.hpp\n'}
[0.828052] (px4_msgs) StdoutLine: {'line': b'-- Up-to-date: /home/jmj/pro_asp_ws/ws_px4_controls/install/px4_msgs/include/px4_msgs/px4_msgs/msg/detail/onboard_computer_status__traits.hpp\n'}
[0.828075] (px4_msgs) StdoutLine: {'line': b'-- Up-to-date: /home/jmj/pro_asp_ws/ws_px4_controls/install/px4_msgs/include/px4_msgs/px4_msgs/msg/detail/rtl_status__type_support.hpp\n'}
[0.828104] (px4_msgs) StdoutLine: {'line': b'-- Up-to-date: /home/jmj/pro_asp_ws/ws_px4_controls/install/px4_msgs/include/px4_msgs/px4_msgs/msg/detail/unregister_ext_component__struct.hpp\n'}
[0.828128] (px4_msgs) StdoutLine: {'line': b'-- Up-to-date: /home/jmj/pro_asp_ws/ws_px4_controls/install/px4_msgs/include/px4_msgs/px4_msgs/msg/detail/orbit_status__struct.hpp\n'}
[0.828152] (px4_msgs) StdoutLine: {'line': b'-- Up-to-date: /home/jmj/pro_asp_ws/ws_px4_controls/install/px4_msgs/include/px4_msgs/px4_msgs/msg/detail/magnetometer_bias_estimate__type_support.hpp\n'}
[0.828177] (px4_msgs) StdoutLine: {'line': b'-- Up-to-date: /home/jmj/pro_asp_ws/ws_px4_controls/install/px4_msgs/include/px4_msgs/px4_msgs/msg/detail/qshell_req__builder.hpp\n'}
[0.828214] (px4_msgs) StdoutLine: {'line': b'-- Up-to-date: /home/jmj/pro_asp_ws/ws_px4_controls/install/px4_msgs/include/px4_msgs/px4_msgs/msg/detail/actuator_servos__type_support.hpp\n'}
[0.828254] (px4_msgs) StdoutLine: {'line': b'-- Up-to-date: /home/jmj/pro_asp_ws/ws_px4_controls/install/px4_msgs/include/px4_msgs/px4_msgs/msg/detail/vehicle_control_mode__traits.hpp\n'}
[0.828293] (px4_msgs) StdoutLine: {'line': b'-- Up-to-date: /home/jmj/pro_asp_ws/ws_px4_controls/install/px4_msgs/include/px4_msgs/px4_msgs/msg/detail/fixed_wing_longitudinal_setpoint__type_support.hpp\n'}
[0.828333] (px4_msgs) StdoutLine: {'line': b'-- Up-to-date: /home/jmj/pro_asp_ws/ws_px4_controls/install/px4_msgs/include/px4_msgs/px4_msgs/msg/detail/sensors_status__builder.hpp\n'}
[0.828368] (px4_msgs) StdoutLine: {'line': b'-- Up-to-date: /home/jmj/pro_asp_ws/ws_px4_controls/install/px4_msgs/include/px4_msgs/px4_msgs/msg/detail/sensor_optical_flow__traits.hpp\n'}
[0.828402] (px4_msgs) StdoutLine: {'line': b'-- Up-to-date: /home/jmj/pro_asp_ws/ws_px4_controls/install/px4_msgs/include/px4_msgs/px4_msgs/msg/detail/vehicle_control_mode__type_support.hpp\n'}
[0.828428] (px4_msgs) StdoutLine: {'line': b'-- Up-to-date: /home/jmj/pro_asp_ws/ws_px4_controls/install/px4_msgs/include/px4_msgs/px4_msgs/msg/detail/vehicle_air_data__builder.hpp\n'}
[0.828458] (px4_msgs) StdoutLine: {'line': b'-- Up-to-date: /home/jmj/pro_asp_ws/ws_px4_controls/install/px4_msgs/include/px4_msgs/px4_msgs/msg/detail/vehicle_attitude_setpoint__type_support.hpp\n'}
[0.828488] (px4_msgs) StdoutLine: {'line': b'-- Up-to-date: /home/jmj/pro_asp_ws/ws_px4_controls/install/px4_msgs/include/px4_msgs/px4_msgs/msg/detail/power_monitor__traits.hpp\n'}
[0.828521] (px4_msgs) StdoutLine: {'line': b'-- Up-to-date: /home/jmj/pro_asp_ws/ws_px4_controls/install/px4_msgs/include/px4_msgs/px4_msgs/msg/detail/vehicle_command_ack__traits.hpp\n'}
[0.828545] (px4_msgs) StdoutLine: {'line': b'-- Up-to-date: /home/jmj/pro_asp_ws/ws_px4_controls/install/px4_msgs/include/px4_msgs/px4_msgs/msg/detail/estimator_event_flags__traits.hpp\n'}
[0.828570] (px4_msgs) StdoutLine: {'line': b'-- Up-to-date: /home/jmj/pro_asp_ws/ws_px4_controls/install/px4_msgs/include/px4_msgs/px4_msgs/msg/detail/pwm_input__builder.hpp\n'}
[0.828600] (px4_msgs) StdoutLine: {'line': b'-- Up-to-date: /home/jmj/pro_asp_ws/ws_px4_controls/install/px4_msgs/include/px4_msgs/px4_msgs/msg/detail/orbit_status__type_support.hpp\n'}
[0.828626] (px4_msgs) StdoutLine: {'line': b'-- Up-to-date: /home/jmj/pro_asp_ws/ws_px4_controls/install/px4_msgs/include/px4_msgs/px4_msgs/msg/detail/follow_target__struct.hpp\n'}
[0.828651] (px4_msgs) StdoutLine: {'line': b'-- Up-to-date: /home/jmj/pro_asp_ws/ws_px4_controls/install/px4_msgs/include/px4_msgs/px4_msgs/msg/detail/landing_target_pose__struct.hpp\n'}
[0.828683] (px4_msgs) StdoutLine: {'line': b'-- Up-to-date: /home/jmj/pro_asp_ws/ws_px4_controls/install/px4_msgs/include/px4_msgs/px4_msgs/msg/detail/trajectory_setpoint6dof__struct.hpp\n'}
[0.828715] (px4_msgs) StdoutLine: {'line': b'-- Up-to-date: /home/jmj/pro_asp_ws/ws_px4_controls/install/px4_msgs/include/px4_msgs/px4_msgs/msg/detail/cellular_status__builder.hpp\n'}
[0.828744] (px4_msgs) StdoutLine: {'line': b'-- Up-to-date: /home/jmj/pro_asp_ws/ws_px4_controls/install/px4_msgs/include/px4_msgs/px4_msgs/msg/detail/mavlink_tunnel__builder.hpp\n'}
[0.828785] (px4_msgs) StdoutLine: {'line': b'-- Up-to-date: /home/jmj/pro_asp_ws/ws_px4_controls/install/px4_msgs/include/px4_msgs/px4_msgs/msg/detail/px4io_status__type_support.hpp\n'}
[0.828821] (px4_msgs) StdoutLine: {'line': b'-- Up-to-date: /home/jmj/pro_asp_ws/ws_px4_controls/install/px4_msgs/include/px4_msgs/px4_msgs/msg/detail/camera_trigger__type_support.hpp\n'}
[0.828849] (px4_msgs) StdoutLine: {'line': b'-- Up-to-date: /home/jmj/pro_asp_ws/ws_px4_controls/install/px4_msgs/include/px4_msgs/px4_msgs/msg/detail/camera_capture__builder.hpp\n'}
[0.828875] (px4_msgs) StdoutLine: {'line': b'-- Up-to-date: /home/jmj/pro_asp_ws/ws_px4_controls/install/px4_msgs/include/px4_msgs/px4_msgs/msg/detail/vehicle_torque_setpoint__type_support.hpp\n'}
[0.828900] (px4_msgs) StdoutLine: {'line': b'-- Up-to-date: /home/jmj/pro_asp_ws/ws_px4_controls/install/px4_msgs/include/px4_msgs/px4_msgs/msg/detail/flight_phase_estimation__traits.hpp\n'}
[0.828937] (px4_msgs) StdoutLine: {'line': b'-- Up-to-date: /home/jmj/pro_asp_ws/ws_px4_controls/install/px4_msgs/include/px4_msgs/px4_msgs/msg/detail/vehicle_local_position_setpoint__type_support.hpp\n'}
[0.828979] (px4_msgs) StdoutLine: {'line': b'-- Up-to-date: /home/jmj/pro_asp_ws/ws_px4_controls/install/px4_msgs/include/px4_msgs/px4_msgs/msg/detail/landing_target_pose__builder.hpp\n'}
[0.829004] (px4_msgs) StdoutLine: {'line': b'-- Up-to-date: /home/jmj/pro_asp_ws/ws_px4_controls/install/px4_msgs/include/px4_msgs/px4_msgs/msg/detail/arming_check_request__traits.hpp\n'}
[0.829037] (px4_msgs) StdoutLine: {'line': b'-- Up-to-date: /home/jmj/pro_asp_ws/ws_px4_controls/install/px4_msgs/include/px4_msgs/px4_msgs/msg/detail/actuator_outputs__builder.hpp\n'}
[0.829066] (px4_msgs) StdoutLine: {'line': b'-- Up-to-date: /home/jmj/pro_asp_ws/ws_px4_controls/install/px4_msgs/include/px4_msgs/px4_msgs/msg/detail/gimbal_device_attitude_status__builder.hpp\n'}
[0.829095] (px4_msgs) StdoutLine: {'line': b'-- Up-to-date: /home/jmj/pro_asp_ws/ws_px4_controls/install/px4_msgs/include/px4_msgs/px4_msgs/msg/detail/sensor_selection__builder.hpp\n'}
[0.829120] (px4_msgs) StdoutLine: {'line': b'-- Up-to-date: /home/jmj/pro_asp_ws/ws_px4_controls/install/px4_msgs/include/px4_msgs/px4_msgs/msg/detail/uavcan_parameter_value__traits.hpp\n'}
[0.829143] (px4_msgs) StdoutLine: {'line': b'-- Up-to-date: /home/jmj/pro_asp_ws/ws_px4_controls/install/px4_msgs/include/px4_msgs/px4_msgs/msg/detail/wheel_encoders__type_support.hpp\n'}
[0.829167] (px4_msgs) StdoutLine: {'line': b'-- Up-to-date: /home/jmj/pro_asp_ws/ws_px4_controls/install/px4_msgs/include/px4_msgs/px4_msgs/msg/detail/vehicle_imu__traits.hpp\n'}
[0.829195] (px4_msgs) StdoutLine: {'line': b'-- Up-to-date: /home/jmj/pro_asp_ws/ws_px4_controls/install/px4_msgs/include/px4_msgs/px4_msgs/msg/detail/estimator_event_flags__type_support.hpp\n'}
[0.829236] (px4_msgs) StdoutLine: {'line': b'-- Up-to-date: /home/jmj/pro_asp_ws/ws_px4_controls/install/px4_msgs/include/px4_msgs/px4_msgs/msg/detail/normalized_unsigned_setpoint__struct.hpp\n'}
[0.829269] (px4_msgs) StdoutLine: {'line': b'-- Up-to-date: /home/jmj/pro_asp_ws/ws_px4_controls/install/px4_msgs/include/px4_msgs/px4_msgs/msg/detail/logger_status__struct.hpp\n'}
[0.829300] (px4_msgs) StdoutLine: {'line': b'-- Up-to-date: /home/jmj/pro_asp_ws/ws_px4_controls/install/px4_msgs/include/px4_msgs/px4_msgs/msg/detail/sensor_gps__traits.hpp\n'}
[0.829325] (px4_msgs) StdoutLine: {'line': b'-- Up-to-date: /home/jmj/pro_asp_ws/ws_px4_controls/install/px4_msgs/include/px4_msgs/px4_msgs/msg/detail/vehicle_command__traits.hpp\n'}
[0.829351] (px4_msgs) StdoutLine: {'line': b'-- Up-to-date: /home/jmj/pro_asp_ws/ws_px4_controls/install/px4_msgs/include/px4_msgs/px4_msgs/msg/detail/uavcan_parameter_request__struct.hpp\n'}
[0.829381] (px4_msgs) StdoutLine: {'line': b'-- Up-to-date: /home/jmj/pro_asp_ws/ws_px4_controls/install/px4_msgs/include/px4_msgs/px4_msgs/msg/detail/vehicle_roi__type_support.hpp\n'}
[0.829409] (px4_msgs) StdoutLine: {'line': b'-- Up-to-date: /home/jmj/pro_asp_ws/ws_px4_controls/install/px4_msgs/include/px4_msgs/px4_msgs/msg/detail/rover_steering_setpoint__struct.hpp\n'}
[0.829434] (px4_msgs) StdoutLine: {'line': b'-- Up-to-date: /home/jmj/pro_asp_ws/ws_px4_controls/install/px4_msgs/include/px4_msgs/px4_msgs/msg/detail/estimator_status__struct.hpp\n'}
[0.829459] (px4_msgs) StdoutLine: {'line': b'-- Up-to-date: /home/jmj/pro_asp_ws/ws_px4_controls/install/px4_msgs/include/px4_msgs/px4_msgs/msg/detail/rc_channels__traits.hpp\n'}
[0.829482] (px4_msgs) StdoutLine: {'line': b'-- Up-to-date: /home/jmj/pro_asp_ws/ws_px4_controls/install/px4_msgs/include/px4_msgs/px4_msgs/msg/detail/distance_sensor__builder.hpp\n'}
[0.829506] (px4_msgs) StdoutLine: {'line': b'-- Up-to-date: /home/jmj/pro_asp_ws/ws_px4_controls/install/px4_msgs/include/px4_msgs/px4_msgs/msg/detail/sensor_gyro__type_support.hpp\n'}
[0.829529] (px4_msgs) StdoutLine: {'line': b'-- Up-to-date: /home/jmj/pro_asp_ws/ws_px4_controls/install/px4_msgs/include/px4_msgs/px4_msgs/msg/detail/manual_control_setpoint__builder.hpp\n'}
[0.829553] (px4_msgs) StdoutLine: {'line': b'-- Up-to-date: /home/jmj/pro_asp_ws/ws_px4_controls/install/px4_msgs/include/px4_msgs/px4_msgs/msg/detail/estimator_aid_source2d__struct.hpp\n'}
[0.829577] (px4_msgs) StdoutLine: {'line': b'-- Up-to-date: /home/jmj/pro_asp_ws/ws_px4_controls/install/px4_msgs/include/px4_msgs/px4_msgs/msg/detail/actuator_armed__traits.hpp\n'}
[0.829599] (px4_msgs) StdoutLine: {'line': b'-- Up-to-date: /home/jmj/pro_asp_ws/ws_px4_controls/install/px4_msgs/include/px4_msgs/px4_msgs/msg/detail/message_format_response__struct.hpp\n'}
[0.829621] (px4_msgs) StdoutLine: {'line': b'-- Up-to-date: /home/jmj/pro_asp_ws/ws_px4_controls/install/px4_msgs/include/px4_msgs/px4_msgs/msg/detail/tecs_status__type_support.hpp\n'}
[0.829642] (px4_msgs) StdoutLine: {'line': b'-- Up-to-date: /home/jmj/pro_asp_ws/ws_px4_controls/install/px4_msgs/include/px4_msgs/px4_msgs/msg/detail/estimator_states__builder.hpp\n'}
[0.829663] (px4_msgs) StdoutLine: {'line': b'-- Up-to-date: /home/jmj/pro_asp_ws/ws_px4_controls/install/px4_msgs/include/px4_msgs/px4_msgs/msg/detail/uavcan_parameter_request__type_support.hpp\n'}
[0.829686] (px4_msgs) StdoutLine: {'line': b'-- Up-to-date: /home/jmj/pro_asp_ws/ws_px4_controls/install/px4_msgs/include/px4_msgs/px4_msgs/msg/detail/log_message__struct.hpp\n'}
[0.829708] (px4_msgs) StdoutLine: {'line': b'-- Up-to-date: /home/jmj/pro_asp_ws/ws_px4_controls/install/px4_msgs/include/px4_msgs/px4_msgs/msg/detail/pure_pursuit_status__type_support.hpp\n'}
[0.829730] (px4_msgs) StdoutLine: {'line': b'-- Up-to-date: /home/jmj/pro_asp_ws/ws_px4_controls/install/px4_msgs/include/px4_msgs/px4_msgs/msg/detail/longitudinal_control_configuration__type_support.hpp\n'}
[0.829761] (px4_msgs) StdoutLine: {'line': b'-- Up-to-date: /home/jmj/pro_asp_ws/ws_px4_controls/install/px4_msgs/include/px4_msgs/px4_msgs/msg/detail/vehicle_land_detected__traits.hpp\n'}
[0.829793] (px4_msgs) StdoutLine: {'line': b'-- Up-to-date: /home/jmj/pro_asp_ws/ws_px4_controls/install/px4_msgs/include/px4_msgs/px4_msgs/msg/detail/fixed_wing_longitudinal_setpoint__traits.hpp\n'}
[0.829816] (px4_msgs) StdoutLine: {'line': b'-- Up-to-date: /home/jmj/pro_asp_ws/ws_px4_controls/install/px4_msgs/include/px4_msgs/px4_msgs/msg/detail/mode_completed__struct.hpp\n'}
[0.829840] (px4_msgs) StdoutLine: {'line': b'-- Up-to-date: /home/jmj/pro_asp_ws/ws_px4_controls/install/px4_msgs/include/px4_msgs/px4_msgs/msg/detail/qshell_req__traits.hpp\n'}
[0.829863] (px4_msgs) StdoutLine: {'line': b'-- Up-to-date: /home/jmj/pro_asp_ws/ws_px4_controls/install/px4_msgs/include/px4_msgs/px4_msgs/msg/detail/orbit_status__builder.hpp\n'}
[0.829887] (px4_msgs) StdoutLine: {'line': b'-- Up-to-date: /home/jmj/pro_asp_ws/ws_px4_controls/install/px4_msgs/include/px4_msgs/px4_msgs/msg/detail/sensor_baro__struct.hpp\n'}
[0.829908] (px4_msgs) StdoutLine: {'line': b'-- Up-to-date: /home/jmj/pro_asp_ws/ws_px4_controls/install/px4_msgs/include/px4_msgs/px4_msgs/msg/detail/esc_report__struct.hpp\n'}
[0.829930] (px4_msgs) StdoutLine: {'line': b'-- Up-to-date: /home/jmj/pro_asp_ws/ws_px4_controls/install/px4_msgs/include/px4_msgs/px4_msgs/msg/detail/parameter_set_value_response__struct.hpp\n'}
[0.829953] (px4_msgs) StdoutLine: {'line': b'-- Up-to-date: /home/jmj/pro_asp_ws/ws_px4_controls/install/px4_msgs/include/px4_msgs/px4_msgs/msg/detail/navigator_mission_item__traits.hpp\n'}
[0.829974] (px4_msgs) StdoutLine: {'line': b'-- Up-to-date: /home/jmj/pro_asp_ws/ws_px4_controls/install/px4_msgs/include/px4_msgs/px4_msgs/msg/detail/mavlink_log__builder.hpp\n'}
[0.829996] (px4_msgs) StdoutLine: {'line': b'-- Up-to-date: /home/jmj/pro_asp_ws/ws_px4_controls/install/px4_msgs/include/px4_msgs/px4_msgs/msg/detail/log_message__traits.hpp\n'}
[0.830017] (px4_msgs) StdoutLine: {'line': b'-- Up-to-date: /home/jmj/pro_asp_ws/ws_px4_controls/install/px4_msgs/include/px4_msgs/px4_msgs/msg/detail/onboard_computer_status__struct.hpp\n'}
[0.830039] (px4_msgs) StdoutLine: {'line': b'-- Up-to-date: /home/jmj/pro_asp_ws/ws_px4_controls/install/px4_msgs/include/px4_msgs/px4_msgs/msg/detail/sensor_hygrometer__traits.hpp\n'}
[0.830061] (px4_msgs) StdoutLine: {'line': b'-- Up-to-date: /home/jmj/pro_asp_ws/ws_px4_controls/install/px4_msgs/include/px4_msgs/px4_msgs/msg/detail/rover_throttle_setpoint__traits.hpp\n'}
[0.830083] (px4_msgs) StdoutLine: {'line': b'-- Up-to-date: /home/jmj/pro_asp_ws/ws_px4_controls/install/px4_msgs/include/px4_msgs/px4_msgs/msg/detail/camera_status__traits.hpp\n'}
[0.830104] (px4_msgs) StdoutLine: {'line': b'-- Up-to-date: /home/jmj/pro_asp_ws/ws_px4_controls/install/px4_msgs/include/px4_msgs/px4_msgs/msg/detail/flight_phase_estimation__struct.hpp\n'}
[0.830126] (px4_msgs) StdoutLine: {'line': b'-- Up-to-date: /home/jmj/pro_asp_ws/ws_px4_controls/install/px4_msgs/include/px4_msgs/px4_msgs/msg/detail/rover_rate_setpoint__struct.hpp\n'}
[0.830148] (px4_msgs) StdoutLine: {'line': b'-- Up-to-date: /home/jmj/pro_asp_ws/ws_px4_controls/install/px4_msgs/include/px4_msgs/px4_msgs/msg/detail/yaw_estimator_status__type_support.hpp\n'}
[0.830169] (px4_msgs) StdoutLine: {'line': b'-- Up-to-date: /home/jmj/pro_asp_ws/ws_px4_controls/install/px4_msgs/include/px4_msgs/px4_msgs/msg/detail/goto_setpoint__type_support.hpp\n'}
[0.830190] (px4_msgs) StdoutLine: {'line': b'-- Up-to-date: /home/jmj/pro_asp_ws/ws_px4_controls/install/px4_msgs/include/px4_msgs/px4_msgs/msg/detail/estimator_bias__traits.hpp\n'}
[0.830211] (px4_msgs) StdoutLine: {'line': b'-- Up-to-date: /home/jmj/pro_asp_ws/ws_px4_controls/install/px4_msgs/include/px4_msgs/px4_msgs/msg/detail/sensor_optical_flow__struct.hpp\n'}
[0.830233] (px4_msgs) StdoutLine: {'line': b'-- Up-to-date: /home/jmj/pro_asp_ws/ws_px4_controls/install/px4_msgs/include/px4_msgs/px4_msgs/msg/detail/mission__struct.hpp\n'}
[0.830254] (px4_msgs) StdoutLine: {'line': b'-- Up-to-date: /home/jmj/pro_asp_ws/ws_px4_controls/install/px4_msgs/include/px4_msgs/px4_msgs/msg/detail/gps_inject_data__type_support.hpp\n'}
[0.830278] (px4_msgs) StdoutLine: {'line': b'-- Up-to-date: /home/jmj/pro_asp_ws/ws_px4_controls/install/px4_msgs/include/px4_msgs/px4_msgs/msg/detail/fixed_wing_lateral_guidance_status__struct.hpp\n'}
[0.830299] (px4_msgs) StdoutLine: {'line': b'-- Up-to-date: /home/jmj/pro_asp_ws/ws_px4_controls/install/px4_msgs/include/px4_msgs/px4_msgs/msg/detail/led_control__builder.hpp\n'}
[0.830321] (px4_msgs) StdoutLine: {'line': b'-- Up-to-date: /home/jmj/pro_asp_ws/ws_px4_controls/install/px4_msgs/include/px4_msgs/px4_msgs/msg/detail/goto_setpoint__struct.hpp\n'}
[0.830342] (px4_msgs) StdoutLine: {'line': b'-- Up-to-date: /home/jmj/pro_asp_ws/ws_px4_controls/install/px4_msgs/include/px4_msgs/px4_msgs/msg/detail/open_drone_id_self_id__traits.hpp\n'}
[0.830363] (px4_msgs) StdoutLine: {'line': b'-- Up-to-date: /home/jmj/pro_asp_ws/ws_px4_controls/install/px4_msgs/include/px4_msgs/px4_msgs/msg/detail/gpio_request__type_support.hpp\n'}
[0.830385] (px4_msgs) StdoutLine: {'line': b'-- Up-to-date: /home/jmj/pro_asp_ws/ws_px4_controls/install/px4_msgs/include/px4_msgs/px4_msgs/msg/detail/estimator_aid_source1d__builder.hpp\n'}
[0.830409] (px4_msgs) StdoutLine: {'line': b'-- Up-to-date: /home/jmj/pro_asp_ws/ws_px4_controls/install/px4_msgs/include/px4_msgs/px4_msgs/msg/detail/uavcan_parameter_request__traits.hpp\n'}
[0.830430] (px4_msgs) StdoutLine: {'line': b'-- Up-to-date: /home/jmj/pro_asp_ws/ws_px4_controls/install/px4_msgs/include/px4_msgs/px4_msgs/msg/detail/rover_rate_status__traits.hpp\n'}
[0.830455] (px4_msgs) StdoutLine: {'line': b'-- Up-to-date: /home/jmj/pro_asp_ws/ws_px4_controls/install/px4_msgs/include/px4_msgs/px4_msgs/msg/detail/vehicle_attitude_setpoint__builder.hpp\n'}
[0.830477] (px4_msgs) StdoutLine: {'line': b'-- Up-to-date: /home/jmj/pro_asp_ws/ws_px4_controls/install/px4_msgs/include/px4_msgs/px4_msgs/msg/detail/position_controller_landing_status__type_support.hpp\n'}
[0.830500] (px4_msgs) StdoutLine: {'line': b'-- Up-to-date: /home/jmj/pro_asp_ws/ws_px4_controls/install/px4_msgs/include/px4_msgs/px4_msgs/msg/detail/longitudinal_control_configuration__traits.hpp\n'}
[0.830522] (px4_msgs) StdoutLine: {'line': b'-- Up-to-date: /home/jmj/pro_asp_ws/ws_px4_controls/install/px4_msgs/include/px4_msgs/px4_msgs/msg/detail/orb_test_medium__traits.hpp\n'}
[0.830544] (px4_msgs) StdoutLine: {'line': b'-- Up-to-date: /home/jmj/pro_asp_ws/ws_px4_controls/install/px4_msgs/include/px4_msgs/px4_msgs/msg/detail/sensor_selection__type_support.hpp\n'}
[0.830565] (px4_msgs) StdoutLine: {'line': b'-- Up-to-date: /home/jmj/pro_asp_ws/ws_px4_controls/install/px4_msgs/include/px4_msgs/px4_msgs/msg/detail/gimbal_device_information__builder.hpp\n'}
[0.830587] (px4_msgs) StdoutLine: {'line': b'-- Up-to-date: /home/jmj/pro_asp_ws/ws_px4_controls/install/px4_msgs/include/px4_msgs/px4_msgs/msg/detail/wind__type_support.hpp\n'}
[0.830609] (px4_msgs) StdoutLine: {'line': b'-- Up-to-date: /home/jmj/pro_asp_ws/ws_px4_controls/install/px4_msgs/include/px4_msgs/px4_msgs/msg/detail/actuator_test__struct.hpp\n'}
[0.830630] (px4_msgs) StdoutLine: {'line': b'-- Up-to-date: /home/jmj/pro_asp_ws/ws_px4_controls/install/px4_msgs/include/px4_msgs/px4_msgs/msg/detail/dataman_response__traits.hpp\n'}
[0.830652] (px4_msgs) StdoutLine: {'line': b'-- Up-to-date: /home/jmj/pro_asp_ws/ws_px4_controls/install/px4_msgs/include/px4_msgs/px4_msgs/msg/detail/pwm_input__struct.hpp\n'}
[0.830673] (px4_msgs) StdoutLine: {'line': b'-- Up-to-date: /home/jmj/pro_asp_ws/ws_px4_controls/install/px4_msgs/include/px4_msgs/px4_msgs/msg/detail/esc_report__type_support.hpp\n'}
[0.830695] (px4_msgs) StdoutLine: {'line': b'-- Up-to-date: /home/jmj/pro_asp_ws/ws_px4_controls/install/px4_msgs/include/px4_msgs/px4_msgs/msg/detail/rover_rate_status__type_support.hpp\n'}
[0.830716] (px4_msgs) StdoutLine: {'line': b'-- Up-to-date: /home/jmj/pro_asp_ws/ws_px4_controls/install/px4_msgs/include/px4_msgs/px4_msgs/msg/detail/actuator_controls_status__builder.hpp\n'}
[0.830737] (px4_msgs) StdoutLine: {'line': b'-- Up-to-date: /home/jmj/pro_asp_ws/ws_px4_controls/install/px4_msgs/include/px4_msgs/px4_msgs/msg/detail/gimbal_controls__traits.hpp\n'}
[0.830766] (px4_msgs) StdoutLine: {'line': b'-- Up-to-date: /home/jmj/pro_asp_ws/ws_px4_controls/install/px4_msgs/include/px4_msgs/px4_msgs/msg/detail/vehicle_magnetometer__type_support.hpp\n'}
[0.830789] (px4_msgs) StdoutLine: {'line': b'-- Up-to-date: /home/jmj/pro_asp_ws/ws_px4_controls/install/px4_msgs/include/px4_msgs/px4_msgs/msg/detail/launch_detection_status__traits.hpp\n'}
[0.830810] (px4_msgs) StdoutLine: {'line': b'-- Up-to-date: /home/jmj/pro_asp_ws/ws_px4_controls/install/px4_msgs/include/px4_msgs/px4_msgs/msg/detail/action_request__struct.hpp\n'}
[0.830832] (px4_msgs) StdoutLine: {'line': b'-- Up-to-date: /home/jmj/pro_asp_ws/ws_px4_controls/install/px4_msgs/include/px4_msgs/px4_msgs/msg/detail/fixed_wing_lateral_guidance_status__type_support.hpp\n'}
[0.830852] (px4_msgs) StdoutLine: {'line': b'-- Up-to-date: /home/jmj/pro_asp_ws/ws_px4_controls/install/px4_msgs/include/px4_msgs/px4_msgs/msg/detail/camera_trigger__struct.hpp\n'}
[0.830875] (px4_msgs) StdoutLine: {'line': b'-- Up-to-date: /home/jmj/pro_asp_ws/ws_px4_controls/install/px4_msgs/include/px4_msgs/px4_msgs/msg/detail/debug_key_value__type_support.hpp\n'}
[0.830897] (px4_msgs) StdoutLine: {'line': b'-- Up-to-date: /home/jmj/pro_asp_ws/ws_px4_controls/install/px4_msgs/include/px4_msgs/px4_msgs/msg/detail/qshell_retval__type_support.hpp\n'}
[0.830920] (px4_msgs) StdoutLine: {'line': b'-- Up-to-date: /home/jmj/pro_asp_ws/ws_px4_controls/install/px4_msgs/include/px4_msgs/px4_msgs/msg/detail/parameter_reset_request__struct.hpp\n'}
[0.830941] (px4_msgs) StdoutLine: {'line': b'-- Up-to-date: /home/jmj/pro_asp_ws/ws_px4_controls/install/px4_msgs/include/px4_msgs/px4_msgs/msg/detail/obstacle_distance__type_support.hpp\n'}
[0.830970] (px4_msgs) StdoutLine: {'line': b'-- Up-to-date: /home/jmj/pro_asp_ws/ws_px4_controls/install/px4_msgs/include/px4_msgs/px4_msgs/msg/detail/vehicle_constraints__struct.hpp\n'}
[0.831000] (px4_msgs) StdoutLine: {'line': b'-- Up-to-date: /home/jmj/pro_asp_ws/ws_px4_controls/install/px4_msgs/include/px4_msgs/px4_msgs/msg/detail/vehicle_magnetometer__builder.hpp\n'}
[0.831028] (px4_msgs) StdoutLine: {'line': b'-- Up-to-date: /home/jmj/pro_asp_ws/ws_px4_controls/install/px4_msgs/include/px4_msgs/px4_msgs/msg/detail/estimator_event_flags__struct.hpp\n'}
[0.831051] (px4_msgs) StdoutLine: {'line': b'-- Up-to-date: /home/jmj/pro_asp_ws/ws_px4_controls/install/px4_msgs/include/px4_msgs/px4_msgs/msg/detail/tecs_status__builder.hpp\n'}
[0.831073] (px4_msgs) StdoutLine: {'line': b'-- Up-to-date: /home/jmj/pro_asp_ws/ws_px4_controls/install/px4_msgs/include/px4_msgs/px4_msgs/msg/detail/rover_attitude_status__builder.hpp\n'}
[0.831094] (px4_msgs) StdoutLine: {'line': b'-- Up-to-date: /home/jmj/pro_asp_ws/ws_px4_controls/install/px4_msgs/include/px4_msgs/px4_msgs/msg/detail/task_stack_info__type_support.hpp\n'}
[0.831120] (px4_msgs) StdoutLine: {'line': b'-- Up-to-date: /home/jmj/pro_asp_ws/ws_px4_controls/install/px4_msgs/include/px4_msgs/px4_msgs/msg/detail/vehicle_imu__struct.hpp\n'}
[0.831143] (px4_msgs) StdoutLine: {'line': b'-- Up-to-date: /home/jmj/pro_asp_ws/ws_px4_controls/install/px4_msgs/include/px4_msgs/px4_msgs/msg/detail/internal_combustion_engine_status__struct.hpp\n'}
[0.831164] (px4_msgs) StdoutLine: {'line': b'-- Up-to-date: /home/jmj/pro_asp_ws/ws_px4_controls/install/px4_msgs/include/px4_msgs/px4_msgs/msg/detail/rc_parameter_map__traits.hpp\n'}
[0.831186] (px4_msgs) StdoutLine: {'line': b'-- Up-to-date: /home/jmj/pro_asp_ws/ws_px4_controls/install/px4_msgs/include/px4_msgs/px4_msgs/msg/detail/rover_rate_status__builder.hpp\n'}
[0.831208] (px4_msgs) StdoutLine: {'line': b'-- Up-to-date: /home/jmj/pro_asp_ws/ws_px4_controls/install/px4_msgs/include/px4_msgs/px4_msgs/msg/detail/manual_control_switches__traits.hpp\n'}
[0.831230] (px4_msgs) StdoutLine: {'line': b'-- Up-to-date: /home/jmj/pro_asp_ws/ws_px4_controls/install/px4_msgs/include/px4_msgs/px4_msgs/msg/detail/flight_phase_estimation__type_support.hpp\n'}
[0.831251] (px4_msgs) StdoutLine: {'line': b'-- Up-to-date: /home/jmj/pro_asp_ws/ws_px4_controls/install/px4_msgs/include/px4_msgs/px4_msgs/msg/detail/geofence_result__struct.hpp\n'}
[0.831274] (px4_msgs) StdoutLine: {'line': b'-- Up-to-date: /home/jmj/pro_asp_ws/ws_px4_controls/install/px4_msgs/include/px4_msgs/px4_msgs/msg/detail/camera_capture__traits.hpp\n'}
[0.831296] (px4_msgs) StdoutLine: {'line': b'-- Up-to-date: /home/jmj/pro_asp_ws/ws_px4_controls/install/px4_msgs/include/px4_msgs/px4_msgs/msg/detail/px4io_status__traits.hpp\n'}
[0.831317] (px4_msgs) StdoutLine: {'line': b'-- Up-to-date: /home/jmj/pro_asp_ws/ws_px4_controls/install/px4_msgs/include/px4_msgs/px4_msgs/msg/detail/parameter_set_value_request__traits.hpp\n'}
[0.831338] (px4_msgs) StdoutLine: {'line': b'-- Up-to-date: /home/jmj/pro_asp_ws/ws_px4_controls/install/px4_msgs/include/px4_msgs/px4_msgs/msg/detail/sensor_preflight_mag__struct.hpp\n'}
[0.831360] (px4_msgs) StdoutLine: {'line': b'-- Up-to-date: /home/jmj/pro_asp_ws/ws_px4_controls/install/px4_msgs/include/px4_msgs/px4_msgs/msg/detail/message_format_request__traits.hpp\n'}
[0.831382] (px4_msgs) StdoutLine: {'line': b'-- Up-to-date: /home/jmj/pro_asp_ws/ws_px4_controls/install/px4_msgs/include/px4_msgs/px4_msgs/msg/detail/cellular_status__struct.hpp\n'}
[0.831404] (px4_msgs) StdoutLine: {'line': b'-- Up-to-date: /home/jmj/pro_asp_ws/ws_px4_controls/install/px4_msgs/include/px4_msgs/px4_msgs/msg/detail/offboard_control_mode__struct.hpp\n'}
[0.831426] (px4_msgs) StdoutLine: {'line': b'-- Up-to-date: /home/jmj/pro_asp_ws/ws_px4_controls/install/px4_msgs/include/px4_msgs/px4_msgs/msg/detail/mount_orientation__builder.hpp\n'}
[0.831448] (px4_msgs) StdoutLine: {'line': b'-- Up-to-date: /home/jmj/pro_asp_ws/ws_px4_controls/install/px4_msgs/include/px4_msgs/px4_msgs/msg/detail/rover_attitude_setpoint__builder.hpp\n'}
[0.831469] (px4_msgs) StdoutLine: {'line': b'-- Up-to-date: /home/jmj/pro_asp_ws/ws_px4_controls/install/px4_msgs/include/px4_msgs/px4_msgs/msg/detail/landing_target_innovations__traits.hpp\n'}
[0.831492] (px4_msgs) StdoutLine: {'line': b'-- Up-to-date: /home/jmj/pro_asp_ws/ws_px4_controls/install/px4_msgs/include/px4_msgs/px4_msgs/msg/detail/gimbal_manager_set_attitude__builder.hpp\n'}
[0.831515] (px4_msgs) StdoutLine: {'line': b'-- Up-to-date: /home/jmj/pro_asp_ws/ws_px4_controls/install/px4_msgs/include/px4_msgs/px4_msgs/msg/detail/rpm__builder.hpp\n'}
[0.831537] (px4_msgs) StdoutLine: {'line': b'-- Up-to-date: /home/jmj/pro_asp_ws/ws_px4_controls/install/px4_msgs/include/px4_msgs/px4_msgs/msg/detail/iridiumsbd_status__type_support.hpp\n'}
[0.831560] (px4_msgs) StdoutLine: {'line': b'-- Up-to-date: /home/jmj/pro_asp_ws/ws_px4_controls/install/px4_msgs/include/px4_msgs/px4_msgs/msg/detail/fuel_tank_status__builder.hpp\n'}
[0.831583] (px4_msgs) StdoutLine: {'line': b'-- Up-to-date: /home/jmj/pro_asp_ws/ws_px4_controls/install/px4_msgs/include/px4_msgs/px4_msgs/msg/detail/rover_velocity_setpoint__builder.hpp\n'}
[0.831608] (px4_msgs) StdoutLine: {'line': b'-- Up-to-date: /home/jmj/pro_asp_ws/ws_px4_controls/install/px4_msgs/include/px4_msgs/px4_msgs/msg/detail/px4io_status__builder.hpp\n'}
[0.831630] (px4_msgs) StdoutLine: {'line': b'-- Up-to-date: /home/jmj/pro_asp_ws/ws_px4_controls/install/px4_msgs/include/px4_msgs/px4_msgs/msg/detail/ulog_stream_ack__builder.hpp\n'}
[0.831655] (px4_msgs) StdoutLine: {'line': b'-- Up-to-date: /home/jmj/pro_asp_ws/ws_px4_controls/install/px4_msgs/include/px4_msgs/px4_msgs/msg/detail/mag_worker_data__traits.hpp\n'}
[0.831677] (px4_msgs) StdoutLine: {'line': b'-- Up-to-date: /home/jmj/pro_asp_ws/ws_px4_controls/install/px4_msgs/include/px4_msgs/px4_msgs/msg/detail/event__struct.hpp\n'}
[0.831704] (px4_msgs) StdoutLine: {'line': b'-- Up-to-date: /home/jmj/pro_asp_ws/ws_px4_controls/install/px4_msgs/include/px4_msgs/px4_msgs/msg/detail/esc_status__builder.hpp\n'}
[0.831727] (px4_msgs) StdoutLine: {'line': b'-- Up-to-date: /home/jmj/pro_asp_ws/ws_px4_controls/install/px4_msgs/include/px4_msgs/px4_msgs/msg/detail/airspeed__builder.hpp\n'}
[0.831758] (px4_msgs) StdoutLine: {'line': b'-- Up-to-date: /home/jmj/pro_asp_ws/ws_px4_controls/install/px4_msgs/include/px4_msgs/px4_msgs/msg/detail/internal_combustion_engine_status__builder.hpp\n'}
[0.831790] (px4_msgs) StdoutLine: {'line': b'-- Up-to-date: /home/jmj/pro_asp_ws/ws_px4_controls/install/px4_msgs/include/px4_msgs/px4_msgs/msg/detail/esc_report__builder.hpp\n'}
[0.831817] (px4_msgs) StdoutLine: {'line': b'-- Up-to-date: /home/jmj/pro_asp_ws/ws_px4_controls/install/px4_msgs/include/px4_msgs/px4_msgs/msg/detail/sensors_status_imu__struct.hpp\n'}
[0.831840] (px4_msgs) StdoutLine: {'line': b'-- Up-to-date: /home/jmj/pro_asp_ws/ws_px4_controls/install/px4_msgs/include/px4_msgs/px4_msgs/msg/detail/rover_attitude_status__type_support.hpp\n'}
[0.831861] (px4_msgs) StdoutLine: {'line': b'-- Up-to-date: /home/jmj/pro_asp_ws/ws_px4_controls/install/px4_msgs/include/px4_msgs/px4_msgs/msg/detail/fixed_wing_lateral_status__struct.hpp\n'}
[0.831884] (px4_msgs) StdoutLine: {'line': b'-- Up-to-date: /home/jmj/pro_asp_ws/ws_px4_controls/install/px4_msgs/include/px4_msgs/px4_msgs/msg/detail/vehicle_angular_acceleration_setpoint__builder.hpp\n'}
[0.831906] (px4_msgs) StdoutLine: {'line': b'-- Up-to-date: /home/jmj/pro_asp_ws/ws_px4_controls/install/px4_msgs/include/px4_msgs/px4_msgs/msg/detail/vehicle_torque_setpoint__struct.hpp\n'}
[0.831927] (px4_msgs) StdoutLine: {'line': b'-- Up-to-date: /home/jmj/pro_asp_ws/ws_px4_controls/install/px4_msgs/include/px4_msgs/px4_msgs/msg/detail/timesync_status__builder.hpp\n'}
[0.831950] (px4_msgs) StdoutLine: {'line': b'-- Up-to-date: /home/jmj/pro_asp_ws/ws_px4_controls/install/px4_msgs/include/px4_msgs/px4_msgs/msg/detail/dataman_request__struct.hpp\n'}
[0.831972] (px4_msgs) StdoutLine: {'line': b'-- Up-to-date: /home/jmj/pro_asp_ws/ws_px4_controls/install/px4_msgs/include/px4_msgs/px4_msgs/msg/detail/estimator_aid_source1d__struct.hpp\n'}
[0.831995] (px4_msgs) StdoutLine: {'line': b'-- Up-to-date: /home/jmj/pro_asp_ws/ws_px4_controls/install/px4_msgs/include/px4_msgs/px4_msgs/msg/detail/vehicle_torque_setpoint__traits.hpp\n'}
[0.832018] (px4_msgs) StdoutLine: {'line': b'-- Up-to-date: /home/jmj/pro_asp_ws/ws_px4_controls/install/px4_msgs/include/px4_msgs/px4_msgs/msg/detail/logger_status__traits.hpp\n'}
[0.832048] (px4_msgs) StdoutLine: {'line': b'-- Up-to-date: /home/jmj/pro_asp_ws/ws_px4_controls/install/px4_msgs/include/px4_msgs/px4_msgs/msg/detail/sensor_gyro_fft__builder.hpp\n'}
[0.832073] (px4_msgs) StdoutLine: {'line': b'-- Up-to-date: /home/jmj/pro_asp_ws/ws_px4_controls/install/px4_msgs/include/px4_msgs/px4_msgs/msg/detail/tiltrotor_extra_controls__traits.hpp\n'}
[0.832097] (px4_msgs) StdoutLine: {'line': b'-- Up-to-date: /home/jmj/pro_asp_ws/ws_px4_controls/install/px4_msgs/include/px4_msgs/px4_msgs/msg/detail/vehicle_command_ack__struct.hpp\n'}
[0.832120] (px4_msgs) StdoutLine: {'line': b'-- Up-to-date: /home/jmj/pro_asp_ws/ws_px4_controls/install/px4_msgs/include/px4_msgs/px4_msgs/msg/detail/actuator_motors__struct.hpp\n'}
[0.832144] (px4_msgs) StdoutLine: {'line': b'-- Up-to-date: /home/jmj/pro_asp_ws/ws_px4_controls/install/px4_msgs/include/px4_msgs/px4_msgs/msg/detail/sensors_status_imu__builder.hpp\n'}
[0.832167] (px4_msgs) StdoutLine: {'line': b'-- Up-to-date: /home/jmj/pro_asp_ws/ws_px4_controls/install/px4_msgs/include/px4_msgs/px4_msgs/msg/detail/geofence_status__builder.hpp\n'}
[0.832190] (px4_msgs) StdoutLine: {'line': b'-- Up-to-date: /home/jmj/pro_asp_ws/ws_px4_controls/install/px4_msgs/include/px4_msgs/px4_msgs/msg/detail/failure_detector_status__builder.hpp\n'}
[0.832213] (px4_msgs) StdoutLine: {'line': b'-- Up-to-date: /home/jmj/pro_asp_ws/ws_px4_controls/install/px4_msgs/include/px4_msgs/px4_msgs/msg/detail/button_event__builder.hpp\n'}
[0.832238] (px4_msgs) StdoutLine: {'line': b'-- Up-to-date: /home/jmj/pro_asp_ws/ws_px4_controls/install/px4_msgs/include/px4_msgs/px4_msgs/msg/detail/rover_velocity_status__type_support.hpp\n'}
[0.832263] (px4_msgs) StdoutLine: {'line': b'-- Up-to-date: /home/jmj/pro_asp_ws/ws_px4_controls/install/px4_msgs/include/px4_msgs/px4_msgs/msg/detail/trajectory_setpoint__builder.hpp\n'}
[0.832287] (px4_msgs) StdoutLine: {'line': b'-- Up-to-date: /home/jmj/pro_asp_ws/ws_px4_controls/install/px4_msgs/include/px4_msgs/px4_msgs/msg/detail/launch_detection_status__builder.hpp\n'}
[0.832355] (px4_msgs) StdoutLine: {'line': b'-- Up-to-date: /home/jmj/pro_asp_ws/ws_px4_controls/install/px4_msgs/include/px4_msgs/px4_msgs/msg/detail/dataman_request__builder.hpp\n'}
[0.832380] (px4_msgs) StdoutLine: {'line': b'-- Up-to-date: /home/jmj/pro_asp_ws/ws_px4_controls/install/px4_msgs/include/px4_msgs/px4_msgs/msg/detail/pure_pursuit_status__builder.hpp\n'}
[0.832402] (px4_msgs) StdoutLine: {'line': b'-- Up-to-date: /home/jmj/pro_asp_ws/ws_px4_controls/install/px4_msgs/include/px4_msgs/px4_msgs/msg/detail/estimator_sensor_bias__type_support.hpp\n'}
[0.832424] (px4_msgs) StdoutLine: {'line': b'-- Up-to-date: /home/jmj/pro_asp_ws/ws_px4_controls/install/px4_msgs/include/px4_msgs/px4_msgs/msg/detail/figure_eight_status__struct.hpp\n'}
[0.832445] (px4_msgs) StdoutLine: {'line': b'-- Up-to-date: /home/jmj/pro_asp_ws/ws_px4_controls/install/px4_msgs/include/px4_msgs/px4_msgs/msg/detail/gimbal_manager_status__struct.hpp\n'}
[0.832468] (px4_msgs) StdoutLine: {'line': b'-- Up-to-date: /home/jmj/pro_asp_ws/ws_px4_controls/install/px4_msgs/include/px4_msgs/px4_msgs/msg/detail/vehicle_angular_acceleration_setpoint__traits.hpp\n'}
[0.832491] (px4_msgs) StdoutLine: {'line': b'-- Up-to-date: /home/jmj/pro_asp_ws/ws_px4_controls/install/px4_msgs/include/px4_msgs/px4_msgs/msg/detail/airspeed_wind__type_support.hpp\n'}
[0.832512] (px4_msgs) StdoutLine: {'line': b'-- Up-to-date: /home/jmj/pro_asp_ws/ws_px4_controls/install/px4_msgs/include/px4_msgs/px4_msgs/msg/detail/offboard_control_mode__builder.hpp\n'}
[0.832538] (px4_msgs) StdoutLine: {'line': b'-- Up-to-date: /home/jmj/pro_asp_ws/ws_px4_controls/install/px4_msgs/include/px4_msgs/px4_msgs/msg/detail/estimator_gps_status__struct.hpp\n'}
[0.832559] (px4_msgs) StdoutLine: {'line': b'-- Up-to-date: /home/jmj/pro_asp_ws/ws_px4_controls/install/px4_msgs/include/px4_msgs/px4_msgs/msg/detail/sensor_accel_fifo__type_support.hpp\n'}
[0.832581] (px4_msgs) StdoutLine: {'line': b'-- Up-to-date: /home/jmj/pro_asp_ws/ws_px4_controls/install/px4_msgs/include/px4_msgs/px4_msgs/msg/detail/fixed_wing_lateral_setpoint__type_support.hpp\n'}
[0.832604] (px4_msgs) StdoutLine: {'line': b'-- Up-to-date: /home/jmj/pro_asp_ws/ws_px4_controls/install/px4_msgs/include/px4_msgs/px4_msgs/msg/detail/gpio_out__builder.hpp\n'}
[0.832626] (px4_msgs) StdoutLine: {'line': b'-- Up-to-date: /home/jmj/pro_asp_ws/ws_px4_controls/install/px4_msgs/include/px4_msgs/px4_msgs/msg/detail/gimbal_manager_set_manual_control__traits.hpp\n'}
[0.832648] (px4_msgs) StdoutLine: {'line': b'-- Up-to-date: /home/jmj/pro_asp_ws/ws_px4_controls/install/px4_msgs/include/px4_msgs/px4_msgs/msg/detail/fixed_wing_lateral_status__traits.hpp\n'}
[0.832673] (px4_msgs) StdoutLine: {'line': b'-- Up-to-date: /home/jmj/pro_asp_ws/ws_px4_controls/install/px4_msgs/include/px4_msgs/px4_msgs/msg/detail/rpm__traits.hpp\n'}
[0.832697] (px4_msgs) StdoutLine: {'line': b'-- Up-to-date: /home/jmj/pro_asp_ws/ws_px4_controls/install/px4_msgs/include/px4_msgs/px4_msgs/msg/detail/arming_check_reply__traits.hpp\n'}
[0.832719] (px4_msgs) StdoutLine: {'line': b'-- Up-to-date: /home/jmj/pro_asp_ws/ws_px4_controls/install/px4_msgs/include/px4_msgs/px4_msgs/msg/detail/vehicle_torque_setpoint__builder.hpp\n'}
[0.832741] (px4_msgs) StdoutLine: {'line': b'-- Up-to-date: /home/jmj/pro_asp_ws/ws_px4_controls/install/px4_msgs/include/px4_msgs/px4_msgs/msg/detail/normalized_unsigned_setpoint__builder.hpp\n'}
[0.832772] (px4_msgs) StdoutLine: {'line': b'-- Up-to-date: /home/jmj/pro_asp_ws/ws_px4_controls/install/px4_msgs/include/px4_msgs/px4_msgs/msg/detail/orb_test_large__type_support.hpp\n'}
[0.832795] (px4_msgs) StdoutLine: {'line': b'-- Up-to-date: /home/jmj/pro_asp_ws/ws_px4_controls/install/px4_msgs/include/px4_msgs/px4_msgs/msg/detail/vehicle_global_position__traits.hpp\n'}
[0.832819] (px4_msgs) StdoutLine: {'line': b'-- Up-to-date: /home/jmj/pro_asp_ws/ws_px4_controls/install/px4_msgs/include/px4_msgs/px4_msgs/msg/detail/internal_combustion_engine_control__type_support.hpp\n'}
[0.832849] (px4_msgs) StdoutLine: {'line': b'-- Up-to-date: /home/jmj/pro_asp_ws/ws_px4_controls/install/px4_msgs/include/px4_msgs/px4_msgs/msg/detail/mount_orientation__struct.hpp\n'}
[0.832871] (px4_msgs) StdoutLine: {'line': b'-- Up-to-date: /home/jmj/pro_asp_ws/ws_px4_controls/install/px4_msgs/include/px4_msgs/px4_msgs/msg/detail/actuator_servos_trim__traits.hpp\n'}
[0.832894] (px4_msgs) StdoutLine: {'line': b'-- Up-to-date: /home/jmj/pro_asp_ws/ws_px4_controls/install/px4_msgs/include/px4_msgs/px4_msgs/msg/detail/vehicle_imu__builder.hpp\n'}
[0.832916] (px4_msgs) StdoutLine: {'line': b'-- Up-to-date: /home/jmj/pro_asp_ws/ws_px4_controls/install/px4_msgs/include/px4_msgs/px4_msgs/msg/detail/trajectory_setpoint6dof__traits.hpp\n'}
[0.832938] (px4_msgs) StdoutLine: {'line': b'-- Up-to-date: /home/jmj/pro_asp_ws/ws_px4_controls/install/px4_msgs/include/px4_msgs/px4_msgs/msg/detail/qshell_retval__traits.hpp\n'}
[0.832959] (px4_msgs) StdoutLine: {'line': b'-- Up-to-date: /home/jmj/pro_asp_ws/ws_px4_controls/install/px4_msgs/include/px4_msgs/px4_msgs/msg/detail/logger_status__builder.hpp\n'}
[0.832980] (px4_msgs) StdoutLine: {'line': b'-- Up-to-date: /home/jmj/pro_asp_ws/ws_px4_controls/install/px4_msgs/include/px4_msgs/px4_msgs/msg/detail/sensor_gyro__struct.hpp\n'}
[0.833004] (px4_msgs) StdoutLine: {'line': b'-- Up-to-date: /home/jmj/pro_asp_ws/ws_px4_controls/install/px4_msgs/include/px4_msgs/px4_msgs/msg/detail/vehicle_local_position_setpoint__builder.hpp\n'}
[0.833026] (px4_msgs) StdoutLine: {'line': b'-- Up-to-date: /home/jmj/pro_asp_ws/ws_px4_controls/install/px4_msgs/include/px4_msgs/px4_msgs/msg/detail/differential_pressure__struct.hpp\n'}
[0.833049] (px4_msgs) StdoutLine: {'line': b'-- Up-to-date: /home/jmj/pro_asp_ws/ws_px4_controls/install/px4_msgs/include/px4_msgs/px4_msgs/msg/detail/unregister_ext_component__type_support.hpp\n'}
[0.833072] (px4_msgs) StdoutLine: {'line': b'-- Up-to-date: /home/jmj/pro_asp_ws/ws_px4_controls/install/px4_msgs/include/px4_msgs/px4_msgs/msg/detail/orb_test__struct.hpp\n'}
[0.833099] (px4_msgs) StdoutLine: {'line': b'-- Up-to-date: /home/jmj/pro_asp_ws/ws_px4_controls/install/px4_msgs/include/px4_msgs/px4_msgs/msg/detail/vehicle_status__traits.hpp\n'}
[0.833131] (px4_msgs) StdoutLine: {'line': b'-- Up-to-date: /home/jmj/pro_asp_ws/ws_px4_controls/install/px4_msgs/include/px4_msgs/px4_msgs/msg/detail/message_format_response__traits.hpp\n'}
[0.833154] (px4_msgs) StdoutLine: {'line': b'-- Up-to-date: /home/jmj/pro_asp_ws/ws_px4_controls/install/px4_msgs/include/px4_msgs/px4_msgs/msg/detail/register_ext_component_reply__struct.hpp\n'}
[0.833176] (px4_msgs) StdoutLine: {'line': b'-- Up-to-date: /home/jmj/pro_asp_ws/ws_px4_controls/install/px4_msgs/include/px4_msgs/px4_msgs/msg/detail/follow_target_status__traits.hpp\n'}
[0.833199] (px4_msgs) StdoutLine: {'line': b'-- Up-to-date: /home/jmj/pro_asp_ws/ws_px4_controls/install/px4_msgs/include/px4_msgs/px4_msgs/msg/detail/gps_dump__type_support.hpp\n'}
[0.833221] (px4_msgs) StdoutLine: {'line': b'-- Up-to-date: /home/jmj/pro_asp_ws/ws_px4_controls/install/px4_msgs/include/px4_msgs/px4_msgs/msg/detail/gpio_request__traits.hpp\n'}
[0.833247] (px4_msgs) StdoutLine: {'line': b'-- Up-to-date: /home/jmj/pro_asp_ws/ws_px4_controls/install/px4_msgs/include/px4_msgs/px4_msgs/msg/detail/lateral_control_configuration__traits.hpp\n'}
[0.833269] (px4_msgs) StdoutLine: {'line': b'-- Up-to-date: /home/jmj/pro_asp_ws/ws_px4_controls/install/px4_msgs/include/px4_msgs/px4_msgs/msg/detail/parameter_reset_request__builder.hpp\n'}
[0.833291] (px4_msgs) StdoutLine: {'line': b'-- Up-to-date: /home/jmj/pro_asp_ws/ws_px4_controls/install/px4_msgs/include/px4_msgs/px4_msgs/msg/detail/debug_key_value__builder.hpp\n'}
[0.833314] (px4_msgs) StdoutLine: {'line': b'-- Up-to-date: /home/jmj/pro_asp_ws/ws_px4_controls/install/px4_msgs/include/px4_msgs/px4_msgs/msg/detail/mission_result__traits.hpp\n'}
[0.833336] (px4_msgs) StdoutLine: {'line': b'-- Up-to-date: /home/jmj/pro_asp_ws/ws_px4_controls/install/px4_msgs/include/px4_msgs/px4_msgs/msg/detail/manual_control_switches__type_support.hpp\n'}
[0.833359] (px4_msgs) StdoutLine: {'line': b'-- Up-to-date: /home/jmj/pro_asp_ws/ws_px4_controls/install/px4_msgs/include/px4_msgs/px4_msgs/msg/detail/vehicle_optical_flow_vel__struct.hpp\n'}
[0.833380] (px4_msgs) StdoutLine: {'line': b'-- Up-to-date: /home/jmj/pro_asp_ws/ws_px4_controls/install/px4_msgs/include/px4_msgs/px4_msgs/msg/detail/gimbal_manager_set_manual_control__struct.hpp\n'}
[0.833402] (px4_msgs) StdoutLine: {'line': b'-- Up-to-date: /home/jmj/pro_asp_ws/ws_px4_controls/install/px4_msgs/include/px4_msgs/px4_msgs/msg/detail/estimator_aid_source3d__traits.hpp\n'}
[0.833425] (px4_msgs) StdoutLine: {'line': b'-- Up-to-date: /home/jmj/pro_asp_ws/ws_px4_controls/install/px4_msgs/include/px4_msgs/px4_msgs/msg/detail/log_message__builder.hpp\n'}
[0.833445] (px4_msgs) StdoutLine: {'line': b'-- Up-to-date: /home/jmj/pro_asp_ws/ws_px4_controls/install/px4_msgs/include/px4_msgs/px4_msgs/msg/detail/internal_combustion_engine_status__traits.hpp\n'}
[0.833467] (px4_msgs) StdoutLine: {'line': b'-- Up-to-date: /home/jmj/pro_asp_ws/ws_px4_controls/install/px4_msgs/include/px4_msgs/px4_msgs/msg/detail/sensor_gyro_fft__struct.hpp\n'}
[0.833488] (px4_msgs) StdoutLine: {'line': b'-- Up-to-date: /home/jmj/pro_asp_ws/ws_px4_controls/install/px4_msgs/include/px4_msgs/px4_msgs/msg/detail/gimbal_manager_status__type_support.hpp\n'}
[0.833510] (px4_msgs) StdoutLine: {'line': b'-- Up-to-date: /home/jmj/pro_asp_ws/ws_px4_controls/install/px4_msgs/include/px4_msgs/px4_msgs/msg/detail/actuator_servos__builder.hpp\n'}
[0.833533] (px4_msgs) StdoutLine: {'line': b'-- Up-to-date: /home/jmj/pro_asp_ws/ws_px4_controls/install/px4_msgs/include/px4_msgs/px4_msgs/msg/detail/fixed_wing_longitudinal_setpoint__builder.hpp\n'}
[0.833555] (px4_msgs) StdoutLine: {'line': b'-- Up-to-date: /home/jmj/pro_asp_ws/ws_px4_controls/install/px4_msgs/include/px4_msgs/px4_msgs/msg/detail/action_request__traits.hpp\n'}
[0.833576] (px4_msgs) StdoutLine: {'line': b'-- Up-to-date: /home/jmj/pro_asp_ws/ws_px4_controls/install/px4_msgs/include/px4_msgs/px4_msgs/msg/detail/orb_test_medium__type_support.hpp\n'}
[0.833598] (px4_msgs) StdoutLine: {'line': b'-- Up-to-date: /home/jmj/pro_asp_ws/ws_px4_controls/install/px4_msgs/include/px4_msgs/px4_msgs/msg/detail/position_setpoint__type_support.hpp\n'}
[0.833619] (px4_msgs) StdoutLine: {'line': b'-- Up-to-date: /home/jmj/pro_asp_ws/ws_px4_controls/install/px4_msgs/include/px4_msgs/px4_msgs/msg/detail/vehicle_angular_velocity__type_support.hpp\n'}
[0.833642] (px4_msgs) StdoutLine: {'line': b'-- Up-to-date: /home/jmj/pro_asp_ws/ws_px4_controls/install/px4_msgs/include/px4_msgs/px4_msgs/msg/detail/orb_test_large__traits.hpp\n'}
[0.833663] (px4_msgs) StdoutLine: {'line': b'-- Up-to-date: /home/jmj/pro_asp_ws/ws_px4_controls/install/px4_msgs/include/px4_msgs/px4_msgs/msg/detail/fixed_wing_lateral_guidance_status__traits.hpp\n'}
[0.833685] (px4_msgs) StdoutLine: {'line': b'-- Up-to-date: /home/jmj/pro_asp_ws/ws_px4_controls/install/px4_msgs/include/px4_msgs/px4_msgs/msg/detail/parameter_update__type_support.hpp\n'}
[0.833706] (px4_msgs) StdoutLine: {'line': b'-- Up-to-date: /home/jmj/pro_asp_ws/ws_px4_controls/install/px4_msgs/include/px4_msgs/px4_msgs/msg/detail/autotune_attitude_control_status__traits.hpp\n'}
[0.833727] (px4_msgs) StdoutLine: {'line': b'-- Up-to-date: /home/jmj/pro_asp_ws/ws_px4_controls/install/px4_msgs/include/px4_msgs/px4_msgs/msg/detail/adc_report__struct.hpp\n'}
[0.833753] (px4_msgs) StdoutLine: {'line': b'-- Up-to-date: /home/jmj/pro_asp_ws/ws_px4_controls/install/px4_msgs/include/px4_msgs/px4_msgs/msg/detail/rover_throttle_setpoint__type_support.hpp\n'}
[0.833782] (px4_msgs) StdoutLine: {'line': b'-- Up-to-date: /home/jmj/pro_asp_ws/ws_px4_controls/install/px4_msgs/include/px4_msgs/px4_msgs/msg/detail/event__builder.hpp\n'}
[0.833805] (px4_msgs) StdoutLine: {'line': b'-- Up-to-date: /home/jmj/pro_asp_ws/ws_px4_controls/install/px4_msgs/include/px4_msgs/px4_msgs/msg/detail/gps_dump__struct.hpp\n'}
[0.833828] (px4_msgs) StdoutLine: {'line': b'-- Up-to-date: /home/jmj/pro_asp_ws/ws_px4_controls/install/px4_msgs/include/px4_msgs/px4_msgs/msg/detail/tune_control__struct.hpp\n'}
[0.833852] (px4_msgs) StdoutLine: {'line': b'-- Up-to-date: /home/jmj/pro_asp_ws/ws_px4_controls/install/px4_msgs/include/px4_msgs/px4_msgs/msg/detail/power_button_state__struct.hpp\n'}
[0.833876] (px4_msgs) StdoutLine: {'line': b'-- Up-to-date: /home/jmj/pro_asp_ws/ws_px4_controls/install/px4_msgs/include/px4_msgs/px4_msgs/msg/detail/event__type_support.hpp\n'}
[0.833901] (px4_msgs) StdoutLine: {'line': b'-- Up-to-date: /home/jmj/pro_asp_ws/ws_px4_controls/install/px4_msgs/include/px4_msgs/px4_msgs/msg/detail/sensor_gyro_fft__traits.hpp\n'}
[0.833922] (px4_msgs) StdoutLine: {'line': b'-- Up-to-date: /home/jmj/pro_asp_ws/ws_px4_controls/install/px4_msgs/include/px4_msgs/px4_msgs/msg/detail/estimator_aid_source3d__type_support.hpp\n'}
[0.833943] (px4_msgs) StdoutLine: {'line': b'-- Up-to-date: /home/jmj/pro_asp_ws/ws_px4_controls/install/px4_msgs/include/px4_msgs/px4_msgs/msg/detail/follow_target_estimator__type_support.hpp\n'}
[0.833965] (px4_msgs) StdoutLine: {'line': b'-- Up-to-date: /home/jmj/pro_asp_ws/ws_px4_controls/install/px4_msgs/include/px4_msgs/px4_msgs/msg/detail/landing_target_innovations__type_support.hpp\n'}
[0.833987] (px4_msgs) StdoutLine: {'line': b'-- Up-to-date: /home/jmj/pro_asp_ws/ws_px4_controls/install/px4_msgs/include/px4_msgs/px4_msgs/msg/detail/estimator_status_flags__builder.hpp\n'}
[0.834008] (px4_msgs) StdoutLine: {'line': b'-- Up-to-date: /home/jmj/pro_asp_ws/ws_px4_controls/install/px4_msgs/include/px4_msgs/px4_msgs/msg/detail/open_drone_id_system__struct.hpp\n'}
[0.834029] (px4_msgs) StdoutLine: {'line': b'-- Up-to-date: /home/jmj/pro_asp_ws/ws_px4_controls/install/px4_msgs/include/px4_msgs/px4_msgs/msg/detail/takeoff_status__struct.hpp\n'}
[0.834050] (px4_msgs) StdoutLine: {'line': b'-- Up-to-date: /home/jmj/pro_asp_ws/ws_px4_controls/install/px4_msgs/include/px4_msgs/px4_msgs/msg/detail/vehicle_control_mode__struct.hpp\n'}
[0.834072] (px4_msgs) StdoutLine: {'line': b'-- Up-to-date: /home/jmj/pro_asp_ws/ws_px4_controls/install/px4_msgs/include/px4_msgs/px4_msgs/msg/detail/gripper__struct.hpp\n'}
[0.834095] (px4_msgs) StdoutLine: {'line': b'-- Up-to-date: /home/jmj/pro_asp_ws/ws_px4_controls/install/px4_msgs/include/px4_msgs/px4_msgs/msg/detail/uavcan_parameter_request__builder.hpp\n'}
[0.834116] (px4_msgs) StdoutLine: {'line': b'-- Up-to-date: /home/jmj/pro_asp_ws/ws_px4_controls/install/px4_msgs/include/px4_msgs/px4_msgs/msg/detail/debug_array__builder.hpp\n'}
[0.834138] (px4_msgs) StdoutLine: {'line': b'-- Up-to-date: /home/jmj/pro_asp_ws/ws_px4_controls/install/px4_msgs/include/px4_msgs/px4_msgs/msg/detail/can_interface_status__traits.hpp\n'}
[0.834159] (px4_msgs) StdoutLine: {'line': b'-- Up-to-date: /home/jmj/pro_asp_ws/ws_px4_controls/install/px4_msgs/include/px4_msgs/px4_msgs/msg/detail/rover_attitude_status__traits.hpp\n'}
[0.834181] (px4_msgs) StdoutLine: {'line': b'-- Up-to-date: /home/jmj/pro_asp_ws/ws_px4_controls/install/px4_msgs/include/px4_msgs/px4_msgs/msg/detail/rover_steering_setpoint__traits.hpp\n'}
[0.834202] (px4_msgs) StdoutLine: {'line': b'-- Up-to-date: /home/jmj/pro_asp_ws/ws_px4_controls/install/px4_msgs/include/px4_msgs/px4_msgs/msg/detail/gps_inject_data__traits.hpp\n'}
[0.834225] (px4_msgs) StdoutLine: {'line': b'-- Up-to-date: /home/jmj/pro_asp_ws/ws_px4_controls/install/px4_msgs/include/px4_msgs/px4_msgs/msg/detail/gpio_config__builder.hpp\n'}
[0.834246] (px4_msgs) StdoutLine: {'line': b'-- Up-to-date: /home/jmj/pro_asp_ws/ws_px4_controls/install/px4_msgs/include/px4_msgs/px4_msgs/msg/detail/takeoff_status__builder.hpp\n'}
[0.834269] (px4_msgs) StdoutLine: {'line': b'-- Up-to-date: /home/jmj/pro_asp_ws/ws_px4_controls/install/px4_msgs/include/px4_msgs/px4_msgs/msg/detail/register_ext_component_request__struct.hpp\n'}
[0.834291] (px4_msgs) StdoutLine: {'line': b'-- Up-to-date: /home/jmj/pro_asp_ws/ws_px4_controls/install/px4_msgs/include/px4_msgs/px4_msgs/msg/detail/heater_status__traits.hpp\n'}
[0.834313] (px4_msgs) StdoutLine: {'line': b'-- Up-to-date: /home/jmj/pro_asp_ws/ws_px4_controls/install/px4_msgs/include/px4_msgs/px4_msgs/msg/detail/manual_control_switches__struct.hpp\n'}
[0.834335] (px4_msgs) StdoutLine: {'line': b'-- Up-to-date: /home/jmj/pro_asp_ws/ws_px4_controls/install/px4_msgs/include/px4_msgs/px4_msgs/msg/detail/dataman_response__builder.hpp\n'}
[0.834357] (px4_msgs) StdoutLine: {'line': b'-- Up-to-date: /home/jmj/pro_asp_ws/ws_px4_controls/install/px4_msgs/include/px4_msgs/px4_msgs/msg/detail/home_position__builder.hpp\n'}
[0.834378] (px4_msgs) StdoutLine: {'line': b'-- Up-to-date: /home/jmj/pro_asp_ws/ws_px4_controls/install/px4_msgs/include/px4_msgs/px4_msgs/msg/detail/estimator_gps_status__type_support.hpp\n'}
[0.834399] (px4_msgs) StdoutLine: {'line': b'-- Up-to-date: /home/jmj/pro_asp_ws/ws_px4_controls/install/px4_msgs/include/px4_msgs/px4_msgs/msg/detail/battery_status__type_support.hpp\n'}
[0.834421] (px4_msgs) StdoutLine: {'line': b'-- Up-to-date: /home/jmj/pro_asp_ws/ws_px4_controls/install/px4_msgs/include/px4_msgs/px4_msgs/msg/detail/parameter_update__builder.hpp\n'}
[0.834442] (px4_msgs) StdoutLine: {'line': b'-- Up-to-date: /home/jmj/pro_asp_ws/ws_px4_controls/install/px4_msgs/include/px4_msgs/px4_msgs/msg/detail/onboard_computer_status__type_support.hpp\n'}
[0.834464] (px4_msgs) StdoutLine: {'line': b'-- Up-to-date: /home/jmj/pro_asp_ws/ws_px4_controls/install/px4_msgs/include/px4_msgs/px4_msgs/msg/detail/internal_combustion_engine_status__type_support.hpp\n'}
[0.834486] (px4_msgs) StdoutLine: {'line': b'-- Up-to-date: /home/jmj/pro_asp_ws/ws_px4_controls/install/px4_msgs/include/px4_msgs/px4_msgs/msg/detail/satellite_info__struct.hpp\n'}
[0.834508] (px4_msgs) StdoutLine: {'line': b'-- Up-to-date: /home/jmj/pro_asp_ws/ws_px4_controls/install/px4_msgs/include/px4_msgs/px4_msgs/msg/detail/iridiumsbd_status__struct.hpp\n'}
[0.834535] (px4_msgs) StdoutLine: {'line': b'-- Up-to-date: /home/jmj/pro_asp_ws/ws_px4_controls/install/px4_msgs/include/px4_msgs/px4_msgs/msg/detail/vehicle_optical_flow__struct.hpp\n'}
[0.834556] (px4_msgs) StdoutLine: {'line': b'-- Up-to-date: /home/jmj/pro_asp_ws/ws_px4_controls/install/px4_msgs/include/px4_msgs/px4_msgs/msg/detail/wind__struct.hpp\n'}
[0.834577] (px4_msgs) StdoutLine: {'line': b'-- Up-to-date: /home/jmj/pro_asp_ws/ws_px4_controls/install/px4_msgs/include/px4_msgs/px4_msgs/msg/detail/sensor_gnss_relative__builder.hpp\n'}
[0.834600] (px4_msgs) StdoutLine: {'line': b'-- Up-to-date: /home/jmj/pro_asp_ws/ws_px4_controls/install/px4_msgs/include/px4_msgs/px4_msgs/msg/detail/parameter_set_used_request__builder.hpp\n'}
[0.834622] (px4_msgs) StdoutLine: {'line': b'-- Up-to-date: /home/jmj/pro_asp_ws/ws_px4_controls/install/px4_msgs/include/px4_msgs/px4_msgs/msg/detail/gimbal_manager_information__struct.hpp\n'}
[0.834643] (px4_msgs) StdoutLine: {'line': b'-- Up-to-date: /home/jmj/pro_asp_ws/ws_px4_controls/install/px4_msgs/include/px4_msgs/px4_msgs/msg/detail/control_allocator_status__struct.hpp\n'}
[0.834665] (px4_msgs) StdoutLine: {'line': b'-- Up-to-date: /home/jmj/pro_asp_ws/ws_px4_controls/install/px4_msgs/include/px4_msgs/px4_msgs/msg/detail/rover_position_setpoint__struct.hpp\n'}
[0.834686] (px4_msgs) StdoutLine: {'line': b'-- Up-to-date: /home/jmj/pro_asp_ws/ws_px4_controls/install/px4_msgs/include/px4_msgs/px4_msgs/msg/detail/vehicle_thrust_setpoint__traits.hpp\n'}
[0.834708] (px4_msgs) StdoutLine: {'line': b'-- Up-to-date: /home/jmj/pro_asp_ws/ws_px4_controls/install/px4_msgs/include/px4_msgs/px4_msgs/msg/detail/vehicle_land_detected__type_support.hpp\n'}
[0.834730] (px4_msgs) StdoutLine: {'line': b'-- Up-to-date: /home/jmj/pro_asp_ws/ws_px4_controls/install/px4_msgs/include/px4_msgs/px4_msgs/msg/detail/tecs_status__struct.hpp\n'}
[0.834756] (px4_msgs) StdoutLine: {'line': b'-- Up-to-date: /home/jmj/pro_asp_ws/ws_px4_controls/install/px4_msgs/include/px4_msgs/px4_msgs/msg/detail/rover_position_setpoint__traits.hpp\n'}
[0.834781] (px4_msgs) StdoutLine: {'line': b'-- Up-to-date: /home/jmj/pro_asp_ws/ws_px4_controls/install/px4_msgs/include/px4_msgs/px4_msgs/msg/detail/actuator_outputs__struct.hpp\n'}
[0.834806] (px4_msgs) StdoutLine: {'line': b'-- Up-to-date: /home/jmj/pro_asp_ws/ws_px4_controls/install/px4_msgs/include/px4_msgs/px4_msgs/msg/detail/vehicle_acceleration__struct.hpp\n'}
[0.834829] (px4_msgs) StdoutLine: {'line': b'-- Up-to-date: /home/jmj/pro_asp_ws/ws_px4_controls/install/px4_msgs/include/px4_msgs/px4_msgs/msg/detail/pure_pursuit_status__struct.hpp\n'}
[0.834851] (px4_msgs) StdoutLine: {'line': b'-- Up-to-date: /home/jmj/pro_asp_ws/ws_px4_controls/install/px4_msgs/include/px4_msgs/px4_msgs/msg/detail/input_rc__builder.hpp\n'}
[0.834874] (px4_msgs) StdoutLine: {'line': b'-- Up-to-date: /home/jmj/pro_asp_ws/ws_px4_controls/install/px4_msgs/include/px4_msgs/px4_msgs/msg/detail/estimator_states__traits.hpp\n'}
[0.834896] (px4_msgs) StdoutLine: {'line': b'-- Up-to-date: /home/jmj/pro_asp_ws/ws_px4_controls/install/px4_msgs/include/px4_msgs/px4_msgs/msg/detail/tiltrotor_extra_controls__builder.hpp\n'}
[0.834919] (px4_msgs) StdoutLine: {'line': b'-- Up-to-date: /home/jmj/pro_asp_ws/ws_px4_controls/install/px4_msgs/include/px4_msgs/px4_msgs/msg/detail/gimbal_device_set_attitude__type_support.hpp\n'}
[0.834941] (px4_msgs) StdoutLine: {'line': b'-- Up-to-date: /home/jmj/pro_asp_ws/ws_px4_controls/install/px4_msgs/include/px4_msgs/px4_msgs/msg/detail/config_overrides__type_support.hpp\n'}
[0.834965] (px4_msgs) StdoutLine: {'line': b'-- Up-to-date: /home/jmj/pro_asp_ws/ws_px4_controls/install/px4_msgs/include/px4_msgs/px4_msgs/msg/detail/rover_velocity_setpoint__struct.hpp\n'}
[0.834995] (px4_msgs) StdoutLine: {'line': b'-- Up-to-date: /home/jmj/pro_asp_ws/ws_px4_controls/install/px4_msgs/include/px4_msgs/px4_msgs/msg/detail/collision_constraints__struct.hpp\n'}
[0.835020] (px4_msgs) StdoutLine: {'line': b'-- Up-to-date: /home/jmj/pro_asp_ws/ws_px4_controls/install/px4_msgs/include/px4_msgs/px4_msgs/msg/detail/ulog_stream_ack__traits.hpp\n'}
[0.835044] (px4_msgs) StdoutLine: {'line': b'-- Up-to-date: /home/jmj/pro_asp_ws/ws_px4_controls/install/px4_msgs/include/px4_msgs/px4_msgs/msg/detail/satellite_info__type_support.hpp\n'}
[0.835067] (px4_msgs) StdoutLine: {'line': b'-- Up-to-date: /home/jmj/pro_asp_ws/ws_px4_controls/install/px4_msgs/include/px4_msgs/px4_msgs/msg/detail/vehicle_imu_status__traits.hpp\n'}
[0.835089] (px4_msgs) StdoutLine: {'line': b'-- Up-to-date: /home/jmj/pro_asp_ws/ws_px4_controls/install/px4_msgs/include/px4_msgs/px4_msgs/msg/detail/gimbal_manager_information__type_support.hpp\n'}
[0.835111] (px4_msgs) StdoutLine: {'line': b'-- Up-to-date: /home/jmj/pro_asp_ws/ws_px4_controls/install/px4_msgs/include/px4_msgs/px4_msgs/msg/detail/position_controller_status__struct.hpp\n'}
[0.835134] (px4_msgs) StdoutLine: {'line': b'-- Up-to-date: /home/jmj/pro_asp_ws/ws_px4_controls/install/px4_msgs/include/px4_msgs/px4_msgs/msg/detail/airspeed_validated__traits.hpp\n'}
[0.835161] (px4_msgs) StdoutLine: {'line': b'-- Up-to-date: /home/jmj/pro_asp_ws/ws_px4_controls/install/px4_msgs/include/px4_msgs/px4_msgs/msg/detail/sensor_mag__struct.hpp\n'}
[0.835184] (px4_msgs) StdoutLine: {'line': b'-- Up-to-date: /home/jmj/pro_asp_ws/ws_px4_controls/install/px4_msgs/include/px4_msgs/px4_msgs/msg/detail/figure_eight_status__traits.hpp\n'}
[0.835207] (px4_msgs) StdoutLine: {'line': b'-- Up-to-date: /home/jmj/pro_asp_ws/ws_px4_controls/install/px4_msgs/include/px4_msgs/px4_msgs/msg/detail/differential_pressure__traits.hpp\n'}
[0.835234] (px4_msgs) StdoutLine: {'line': b'-- Up-to-date: /home/jmj/pro_asp_ws/ws_px4_controls/install/px4_msgs/include/px4_msgs/px4_msgs/msg/detail/estimator_gps_status__builder.hpp\n'}
[0.835256] (px4_msgs) StdoutLine: {'line': b'-- Up-to-date: /home/jmj/pro_asp_ws/ws_px4_controls/install/px4_msgs/include/px4_msgs/px4_msgs/msg/detail/gpio_request__struct.hpp\n'}
[0.835279] (px4_msgs) StdoutLine: {'line': b'-- Up-to-date: /home/jmj/pro_asp_ws/ws_px4_controls/install/px4_msgs/include/px4_msgs/px4_msgs/msg/detail/vehicle_angular_acceleration_setpoint__type_support.hpp\n'}
[0.835302] (px4_msgs) StdoutLine: {'line': b'-- Up-to-date: /home/jmj/pro_asp_ws/ws_px4_controls/install/px4_msgs/include/px4_msgs/px4_msgs/msg/detail/ping__builder.hpp\n'}
[0.835326] (px4_msgs) StdoutLine: {'line': b'-- Up-to-date: /home/jmj/pro_asp_ws/ws_px4_controls/install/px4_msgs/include/px4_msgs/px4_msgs/msg/detail/position_controller_landing_status__struct.hpp\n'}
[0.835349] (px4_msgs) StdoutLine: {'line': b'-- Up-to-date: /home/jmj/pro_asp_ws/ws_px4_controls/install/px4_msgs/include/px4_msgs/px4_msgs/msg/detail/estimator_innovations__builder.hpp\n'}
[0.835370] (px4_msgs) StdoutLine: {'line': b'-- Up-to-date: /home/jmj/pro_asp_ws/ws_px4_controls/install/px4_msgs/include/px4_msgs/px4_msgs/msg/detail/sensor_accel__type_support.hpp\n'}
[0.835396] (px4_msgs) StdoutLine: {'line': b'-- Up-to-date: /home/jmj/pro_asp_ws/ws_px4_controls/install/px4_msgs/include/px4_msgs/px4_msgs/msg/gimbal_device_information.hpp\n'}
[0.835418] (px4_msgs) StdoutLine: {'line': b'-- Up-to-date: /home/jmj/pro_asp_ws/ws_px4_controls/install/px4_msgs/include/px4_msgs/px4_msgs/msg/debug_array.hpp\n'}
[0.835440] (px4_msgs) StdoutLine: {'line': b'-- Up-to-date: /home/jmj/pro_asp_ws/ws_px4_controls/install/px4_msgs/include/px4_msgs/px4_msgs/msg/estimator_selector_status.hpp\n'}
[0.835461] (px4_msgs) StdoutLine: {'line': b'-- Up-to-date: /home/jmj/pro_asp_ws/ws_px4_controls/install/px4_msgs/include/px4_msgs/px4_msgs/msg/parameter_update.hpp\n'}
[0.835485] (px4_msgs) StdoutLine: {'line': b'-- Up-to-date: /home/jmj/pro_asp_ws/ws_px4_controls/install/px4_msgs/include/px4_msgs/px4_msgs/msg/mavlink_log.hpp\n'}
[0.835509] (px4_msgs) StdoutLine: {'line': b'-- Up-to-date: /home/jmj/pro_asp_ws/ws_px4_controls/install/px4_msgs/include/px4_msgs/px4_msgs/msg/sensor_airflow.hpp\n'}
[0.835532] (px4_msgs) StdoutLine: {'line': b'-- Up-to-date: /home/jmj/pro_asp_ws/ws_px4_controls/install/px4_msgs/include/px4_msgs/px4_msgs/msg/mission_result.hpp\n'}
[0.835556] (px4_msgs) StdoutLine: {'line': b'-- Up-to-date: /home/jmj/pro_asp_ws/ws_px4_controls/install/px4_msgs/include/px4_msgs/px4_msgs/msg/home_position.hpp\n'}
[0.835581] (px4_msgs) StdoutLine: {'line': b'-- Up-to-date: /home/jmj/pro_asp_ws/ws_px4_controls/install/px4_msgs/include/px4_msgs/px4_msgs/msg/sensor_gnss_relative.hpp\n'}
[0.835607] (px4_msgs) StdoutLine: {'line': b'-- Up-to-date: /home/jmj/pro_asp_ws/ws_px4_controls/install/px4_msgs/include/px4_msgs/px4_msgs/msg/sensors_status_imu.hpp\n'}
[0.835630] (px4_msgs) StdoutLine: {'line': b'-- Up-to-date: /home/jmj/pro_asp_ws/ws_px4_controls/install/px4_msgs/include/px4_msgs/px4_msgs/msg/generator_status.hpp\n'}
[0.835655] (px4_msgs) StdoutLine: {'line': b'-- Up-to-date: /home/jmj/pro_asp_ws/ws_px4_controls/install/px4_msgs/include/px4_msgs/px4_msgs/msg/position_controller_status.hpp\n'}
[0.835681] (px4_msgs) StdoutLine: {'line': b'-- Up-to-date: /home/jmj/pro_asp_ws/ws_px4_controls/install/px4_msgs/include/px4_msgs/px4_msgs/msg/esc_status.hpp\n'}
[0.835706] (px4_msgs) StdoutLine: {'line': b'-- Up-to-date: /home/jmj/pro_asp_ws/ws_px4_controls/install/px4_msgs/include/px4_msgs/px4_msgs/msg/estimator_aid_source2d.hpp\n'}
[0.835732] (px4_msgs) StdoutLine: {'line': b'-- Up-to-date: /home/jmj/pro_asp_ws/ws_px4_controls/install/px4_msgs/include/px4_msgs/px4_msgs/msg/power_button_state.hpp\n'}
[0.835764] (px4_msgs) StdoutLine: {'line': b'-- Up-to-date: /home/jmj/pro_asp_ws/ws_px4_controls/install/px4_msgs/include/px4_msgs/px4_msgs/msg/manual_control_switches.hpp\n'}
[0.835791] (px4_msgs) StdoutLine: {'line': b'-- Up-to-date: /home/jmj/pro_asp_ws/ws_px4_controls/install/px4_msgs/include/px4_msgs/px4_msgs/msg/gpio_config.hpp\n'}
[0.835827] (px4_msgs) StdoutLine: {'line': b'-- Up-to-date: /home/jmj/pro_asp_ws/ws_px4_controls/install/px4_msgs/include/px4_msgs/px4_msgs/msg/actuator_outputs.hpp\n'}
[0.835854] (px4_msgs) StdoutLine: {'line': b'-- Up-to-date: /home/jmj/pro_asp_ws/ws_px4_controls/install/px4_msgs/include/px4_msgs/px4_msgs/msg/sensor_hygrometer.hpp\n'}
[0.835879] (px4_msgs) StdoutLine: {'line': b'-- Up-to-date: /home/jmj/pro_asp_ws/ws_px4_controls/install/px4_msgs/include/px4_msgs/px4_msgs/msg/gimbal_device_attitude_status.hpp\n'}
[0.835932] (px4_msgs) StdoutLine: {'line': b'-- Up-to-date: /home/jmj/pro_asp_ws/ws_px4_controls/install/px4_msgs/include/px4_msgs/px4_msgs/msg/button_event.hpp\n'}
[0.835955] (px4_msgs) StdoutLine: {'line': b'-- Up-to-date: /home/jmj/pro_asp_ws/ws_px4_controls/install/px4_msgs/include/px4_msgs/px4_msgs/msg/ulog_stream.hpp\n'}
[0.835977] (px4_msgs) StdoutLine: {'line': b'-- Up-to-date: /home/jmj/pro_asp_ws/ws_px4_controls/install/px4_msgs/include/px4_msgs/px4_msgs/msg/onboard_computer_status.hpp\n'}
[0.835998] (px4_msgs) StdoutLine: {'line': b'-- Up-to-date: /home/jmj/pro_asp_ws/ws_px4_controls/install/px4_msgs/include/px4_msgs/px4_msgs/msg/parameter_set_value_request.hpp\n'}
[0.836020] (px4_msgs) StdoutLine: {'line': b'-- Up-to-date: /home/jmj/pro_asp_ws/ws_px4_controls/install/px4_msgs/include/px4_msgs/px4_msgs/msg/fixed_wing_runway_control.hpp\n'}
[0.836045] (px4_msgs) StdoutLine: {'line': b'-- Up-to-date: /home/jmj/pro_asp_ws/ws_px4_controls/install/px4_msgs/include/px4_msgs/px4_msgs/msg/camera_capture.hpp\n'}
[0.836067] (px4_msgs) StdoutLine: {'line': b'-- Up-to-date: /home/jmj/pro_asp_ws/ws_px4_controls/install/px4_msgs/include/px4_msgs/px4_msgs/msg/qshell_retval.hpp\n'}
[0.836088] (px4_msgs) StdoutLine: {'line': b'-- Up-to-date: /home/jmj/pro_asp_ws/ws_px4_controls/install/px4_msgs/include/px4_msgs/px4_msgs/msg/arming_check_reply.hpp\n'}
[0.836109] (px4_msgs) StdoutLine: {'line': b'-- Up-to-date: /home/jmj/pro_asp_ws/ws_px4_controls/install/px4_msgs/include/px4_msgs/px4_msgs/msg/position_setpoint_triplet.hpp\n'}
[0.836131] (px4_msgs) StdoutLine: {'line': b'-- Up-to-date: /home/jmj/pro_asp_ws/ws_px4_controls/install/px4_msgs/include/px4_msgs/px4_msgs/msg/actuator_servos.hpp\n'}
[0.836152] (px4_msgs) StdoutLine: {'line': b'-- Up-to-date: /home/jmj/pro_asp_ws/ws_px4_controls/install/px4_msgs/include/px4_msgs/px4_msgs/msg/sensor_gyro.hpp\n'}
[0.836173] (px4_msgs) StdoutLine: {'line': b'-- Up-to-date: /home/jmj/pro_asp_ws/ws_px4_controls/install/px4_msgs/include/px4_msgs/px4_msgs/msg/vehicle_imu_status.hpp\n'}
[0.836194] (px4_msgs) StdoutLine: {'line': b'-- Up-to-date: /home/jmj/pro_asp_ws/ws_px4_controls/install/px4_msgs/include/px4_msgs/px4_msgs/msg/rate_ctrl_status.hpp\n'}
[0.836216] (px4_msgs) StdoutLine: {'line': b'-- Up-to-date: /home/jmj/pro_asp_ws/ws_px4_controls/install/px4_msgs/include/px4_msgs/px4_msgs/msg/unregister_ext_component.hpp\n'}
[0.836237] (px4_msgs) StdoutLine: {'line': b'-- Up-to-date: /home/jmj/pro_asp_ws/ws_px4_controls/install/px4_msgs/include/px4_msgs/px4_msgs/msg/gps_dump.hpp\n'}
[0.836259] (px4_msgs) StdoutLine: {'line': b'-- Up-to-date: /home/jmj/pro_asp_ws/ws_px4_controls/install/px4_msgs/include/px4_msgs/px4_msgs/msg/rc_channels.hpp\n'}
[0.836280] (px4_msgs) StdoutLine: {'line': b'-- Up-to-date: /home/jmj/pro_asp_ws/ws_px4_controls/install/px4_msgs/include/px4_msgs/px4_msgs/msg/rover_attitude_status.hpp\n'}
[0.836302] (px4_msgs) StdoutLine: {'line': b'-- Up-to-date: /home/jmj/pro_asp_ws/ws_px4_controls/install/px4_msgs/include/px4_msgs/px4_msgs/msg/gripper.hpp\n'}
[0.836352] (px4_msgs) StdoutLine: {'line': b'-- Up-to-date: /home/jmj/pro_asp_ws/ws_px4_controls/install/px4_msgs/include/px4_msgs/px4_msgs/msg/estimator_bias.hpp\n'}
[0.836376] (px4_msgs) StdoutLine: {'line': b'-- Up-to-date: /home/jmj/pro_asp_ws/ws_px4_controls/install/px4_msgs/include/px4_msgs/px4_msgs/msg/vehicle_optical_flow_vel.hpp\n'}
[0.836399] (px4_msgs) StdoutLine: {'line': b'-- Up-to-date: /home/jmj/pro_asp_ws/ws_px4_controls/install/px4_msgs/include/px4_msgs/px4_msgs/msg/debug_key_value.hpp\n'}
[0.836422] (px4_msgs) StdoutLine: {'line': b'-- Up-to-date: /home/jmj/pro_asp_ws/ws_px4_controls/install/px4_msgs/include/px4_msgs/px4_msgs/msg/figure_eight_status.hpp\n'}
[0.836444] (px4_msgs) StdoutLine: {'line': b'-- Up-to-date: /home/jmj/pro_asp_ws/ws_px4_controls/install/px4_msgs/include/px4_msgs/px4_msgs/msg/manual_control_setpoint.hpp\n'}
[0.836468] (px4_msgs) StdoutLine: {'line': b'-- Up-to-date: /home/jmj/pro_asp_ws/ws_px4_controls/install/px4_msgs/include/px4_msgs/px4_msgs/msg/sensor_combined.hpp\n'}
[0.836501] (px4_msgs) StdoutLine: {'line': b'-- Up-to-date: /home/jmj/pro_asp_ws/ws_px4_controls/install/px4_msgs/include/px4_msgs/px4_msgs/msg/gimbal_manager_information.hpp\n'}
[0.836523] (px4_msgs) StdoutLine: {'line': b'-- Up-to-date: /home/jmj/pro_asp_ws/ws_px4_controls/install/px4_msgs/include/px4_msgs/px4_msgs/msg/sensor_correction.hpp\n'}
[0.836545] (px4_msgs) StdoutLine: {'line': b'-- Up-to-date: /home/jmj/pro_asp_ws/ws_px4_controls/install/px4_msgs/include/px4_msgs/px4_msgs/msg/flight_phase_estimation.hpp\n'}
[0.836566] (px4_msgs) StdoutLine: {'line': b'-- Up-to-date: /home/jmj/pro_asp_ws/ws_px4_controls/install/px4_msgs/include/px4_msgs/px4_msgs/msg/vehicle_angular_acceleration_setpoint.hpp\n'}
[0.836587] (px4_msgs) StdoutLine: {'line': b'-- Up-to-date: /home/jmj/pro_asp_ws/ws_px4_controls/install/px4_msgs/include/px4_msgs/px4_msgs/msg/vehicle_local_position.hpp\n'}
[0.836610] (px4_msgs) StdoutLine: {'line': b'-- Up-to-date: /home/jmj/pro_asp_ws/ws_px4_controls/install/px4_msgs/include/px4_msgs/px4_msgs/msg/estimator_innovations.hpp\n'}
[0.836631] (px4_msgs) StdoutLine: {'line': b'-- Up-to-date: /home/jmj/pro_asp_ws/ws_px4_controls/install/px4_msgs/include/px4_msgs/px4_msgs/msg/ekf2_timestamps.hpp\n'}
[0.836658] (px4_msgs) StdoutLine: {'line': b'-- Up-to-date: /home/jmj/pro_asp_ws/ws_px4_controls/install/px4_msgs/include/px4_msgs/px4_msgs/msg/health_report.hpp\n'}
[0.836681] (px4_msgs) StdoutLine: {'line': b'-- Up-to-date: /home/jmj/pro_asp_ws/ws_px4_controls/install/px4_msgs/include/px4_msgs/px4_msgs/msg/vehicle_land_detected.hpp\n'}
[0.836703] (px4_msgs) StdoutLine: {'line': b'-- Up-to-date: /home/jmj/pro_asp_ws/ws_px4_controls/install/px4_msgs/include/px4_msgs/px4_msgs/msg/register_ext_component_reply.hpp\n'}
[0.836724] (px4_msgs) StdoutLine: {'line': b'-- Up-to-date: /home/jmj/pro_asp_ws/ws_px4_controls/install/px4_msgs/include/px4_msgs/px4_msgs/msg/sensor_gyro_fifo.hpp\n'}
[0.836746] (px4_msgs) StdoutLine: {'line': b'-- Up-to-date: /home/jmj/pro_asp_ws/ws_px4_controls/install/px4_msgs/include/px4_msgs/px4_msgs/msg/distance_sensor.hpp\n'}
[0.836773] (px4_msgs) StdoutLine: {'line': b'-- Up-to-date: /home/jmj/pro_asp_ws/ws_px4_controls/install/px4_msgs/include/px4_msgs/px4_msgs/msg/orb_test_medium.hpp\n'}
[0.836795] (px4_msgs) StdoutLine: {'line': b'-- Up-to-date: /home/jmj/pro_asp_ws/ws_px4_controls/install/px4_msgs/include/px4_msgs/px4_msgs/msg/estimator_bias3d.hpp\n'}
[0.836817] (px4_msgs) StdoutLine: {'line': b'-- Up-to-date: /home/jmj/pro_asp_ws/ws_px4_controls/install/px4_msgs/include/px4_msgs/px4_msgs/msg/vehicle_local_position_setpoint.hpp\n'}
[0.836843] (px4_msgs) StdoutLine: {'line': b'-- Up-to-date: /home/jmj/pro_asp_ws/ws_px4_controls/install/px4_msgs/include/px4_msgs/px4_msgs/msg/landing_target_innovations.hpp\n'}
[0.836867] (px4_msgs) StdoutLine: {'line': b'-- Up-to-date: /home/jmj/pro_asp_ws/ws_px4_controls/install/px4_msgs/include/px4_msgs/px4_msgs/msg/landing_gear_wheel.hpp\n'}
[0.836891] (px4_msgs) StdoutLine: {'line': b'-- Up-to-date: /home/jmj/pro_asp_ws/ws_px4_controls/install/px4_msgs/include/px4_msgs/px4_msgs/msg/navigator_status.hpp\n'}
[0.836914] (px4_msgs) StdoutLine: {'line': b'-- Up-to-date: /home/jmj/pro_asp_ws/ws_px4_controls/install/px4_msgs/include/px4_msgs/px4_msgs/msg/gimbal_device_set_attitude.hpp\n'}
[0.836937] (px4_msgs) StdoutLine: {'line': b'-- Up-to-date: /home/jmj/pro_asp_ws/ws_px4_controls/install/px4_msgs/include/px4_msgs/px4_msgs/msg/camera_status.hpp\n'}
[0.836960] (px4_msgs) StdoutLine: {'line': b'-- Up-to-date: /home/jmj/pro_asp_ws/ws_px4_controls/install/px4_msgs/include/px4_msgs/px4_msgs/msg/trajectory_setpoint6dof.hpp\n'}
[0.836983] (px4_msgs) StdoutLine: {'line': b'-- Up-to-date: /home/jmj/pro_asp_ws/ws_px4_controls/install/px4_msgs/include/px4_msgs/px4_msgs/msg/velocity_limits.hpp\n'}
[0.837006] (px4_msgs) StdoutLine: {'line': b'-- Up-to-date: /home/jmj/pro_asp_ws/ws_px4_controls/install/px4_msgs/include/px4_msgs/px4_msgs/msg/message_format_response.hpp\n'}
[0.837029] (px4_msgs) StdoutLine: {'line': b'-- Up-to-date: /home/jmj/pro_asp_ws/ws_px4_controls/install/px4_msgs/include/px4_msgs/px4_msgs/msg/adc_report.hpp\n'}
[0.837062] (px4_msgs) StdoutLine: {'line': b'-- Up-to-date: /home/jmj/pro_asp_ws/ws_px4_controls/install/px4_msgs/include/px4_msgs/px4_msgs/msg/actuator_servos_trim.hpp\n'}
[0.837085] (px4_msgs) StdoutLine: {'line': b'-- Up-to-date: /home/jmj/pro_asp_ws/ws_px4_controls/install/px4_msgs/include/px4_msgs/px4_msgs/msg/sensor_gps.hpp\n'}
[0.837107] (px4_msgs) StdoutLine: {'line': b'-- Up-to-date: /home/jmj/pro_asp_ws/ws_px4_controls/install/px4_msgs/include/px4_msgs/px4_msgs/msg/sensor_accel.hpp\n'}
[0.837129] (px4_msgs) StdoutLine: {'line': b'-- Up-to-date: /home/jmj/pro_asp_ws/ws_px4_controls/install/px4_msgs/include/px4_msgs/px4_msgs/msg/estimator_states.hpp\n'}
[0.837152] (px4_msgs) StdoutLine: {'line': b'-- Up-to-date: /home/jmj/pro_asp_ws/ws_px4_controls/install/px4_msgs/include/px4_msgs/px4_msgs/msg/rtl_time_estimate.hpp\n'}
[0.837175] (px4_msgs) StdoutLine: {'line': b'-- Up-to-date: /home/jmj/pro_asp_ws/ws_px4_controls/install/px4_msgs/include/px4_msgs/px4_msgs/msg/offboard_control_mode.hpp\n'}
[0.837197] (px4_msgs) StdoutLine: {'line': b'-- Up-to-date: /home/jmj/pro_asp_ws/ws_px4_controls/install/px4_msgs/include/px4_msgs/px4_msgs/msg/satellite_info.hpp\n'}
[0.837220] (px4_msgs) StdoutLine: {'line': b'-- Up-to-date: /home/jmj/pro_asp_ws/ws_px4_controls/install/px4_msgs/include/px4_msgs/px4_msgs/msg/parameter_reset_request.hpp\n'}
[0.837244] (px4_msgs) StdoutLine: {'line': b'-- Up-to-date: /home/jmj/pro_asp_ws/ws_px4_controls/install/px4_msgs/include/px4_msgs/px4_msgs/msg/event.hpp\n'}
[0.837267] (px4_msgs) StdoutLine: {'line': b'-- Up-to-date: /home/jmj/pro_asp_ws/ws_px4_controls/install/px4_msgs/include/px4_msgs/px4_msgs/msg/pps_capture.hpp\n'}
[0.837290] (px4_msgs) StdoutLine: {'line': b'-- Up-to-date: /home/jmj/pro_asp_ws/ws_px4_controls/install/px4_msgs/include/px4_msgs/px4_msgs/msg/irlock_report.hpp\n'}
[0.837312] (px4_msgs) StdoutLine: {'line': b'-- Up-to-date: /home/jmj/pro_asp_ws/ws_px4_controls/install/px4_msgs/include/px4_msgs/px4_msgs/msg/arming_check_request.hpp\n'}
[0.837336] (px4_msgs) StdoutLine: {'line': b'-- Up-to-date: /home/jmj/pro_asp_ws/ws_px4_controls/install/px4_msgs/include/px4_msgs/px4_msgs/msg/failure_detector_status.hpp\n'}
[0.837359] (px4_msgs) StdoutLine: {'line': b'-- Up-to-date: /home/jmj/pro_asp_ws/ws_px4_controls/install/px4_msgs/include/px4_msgs/px4_msgs/msg/parameter_set_used_request.hpp\n'}
[0.837383] (px4_msgs) StdoutLine: {'line': b'-- Up-to-date: /home/jmj/pro_asp_ws/ws_px4_controls/install/px4_msgs/include/px4_msgs/px4_msgs/msg/open_drone_id_system.hpp\n'}
[0.837406] (px4_msgs) StdoutLine: {'line': b'-- Up-to-date: /home/jmj/pro_asp_ws/ws_px4_controls/install/px4_msgs/include/px4_msgs/px4_msgs/msg/vehicle_magnetometer.hpp\n'}
[0.837441] (px4_msgs) StdoutLine: {'line': b'-- Up-to-date: /home/jmj/pro_asp_ws/ws_px4_controls/install/px4_msgs/include/px4_msgs/px4_msgs/msg/hover_thrust_estimate.hpp\n'}
[0.837463] (px4_msgs) StdoutLine: {'line': b'-- Up-to-date: /home/jmj/pro_asp_ws/ws_px4_controls/install/px4_msgs/include/px4_msgs/px4_msgs/msg/lateral_control_configuration.hpp\n'}
[0.837485] (px4_msgs) StdoutLine: {'line': b'-- Up-to-date: /home/jmj/pro_asp_ws/ws_px4_controls/install/px4_msgs/include/px4_msgs/px4_msgs/msg/vehicle_global_position.hpp\n'}
[0.837505] (px4_msgs) StdoutLine: {'line': b'-- Up-to-date: /home/jmj/pro_asp_ws/ws_px4_controls/install/px4_msgs/include/px4_msgs/px4_msgs/msg/action_request.hpp\n'}
[0.837527] (px4_msgs) StdoutLine: {'line': b'-- Up-to-date: /home/jmj/pro_asp_ws/ws_px4_controls/install/px4_msgs/include/px4_msgs/px4_msgs/msg/mavlink_tunnel.hpp\n'}
[0.837548] (px4_msgs) StdoutLine: {'line': b'-- Up-to-date: /home/jmj/pro_asp_ws/ws_px4_controls/install/px4_msgs/include/px4_msgs/px4_msgs/msg/gimbal_manager_set_attitude.hpp\n'}
[0.837570] (px4_msgs) StdoutLine: {'line': b'-- Up-to-date: /home/jmj/pro_asp_ws/ws_px4_controls/install/px4_msgs/include/px4_msgs/px4_msgs/msg/mode_completed.hpp\n'}
[0.837591] (px4_msgs) StdoutLine: {'line': b'-- Up-to-date: /home/jmj/pro_asp_ws/ws_px4_controls/install/px4_msgs/include/px4_msgs/px4_msgs/msg/sensor_optical_flow.hpp\n'}
[0.837618] (px4_msgs) StdoutLine: {'line': b'-- Up-to-date: /home/jmj/pro_asp_ws/ws_px4_controls/install/px4_msgs/include/px4_msgs/px4_msgs/msg/cellular_status.hpp\n'}
[0.837640] (px4_msgs) StdoutLine: {'line': b'-- Up-to-date: /home/jmj/pro_asp_ws/ws_px4_controls/install/px4_msgs/include/px4_msgs/px4_msgs/msg/gimbal_manager_status.hpp\n'}
[0.837663] (px4_msgs) StdoutLine: {'line': b'-- Up-to-date: /home/jmj/pro_asp_ws/ws_px4_controls/install/px4_msgs/include/px4_msgs/px4_msgs/msg/collision_constraints.hpp\n'}
[0.837686] (px4_msgs) StdoutLine: {'line': b'-- Up-to-date: /home/jmj/pro_asp_ws/ws_px4_controls/install/px4_msgs/include/px4_msgs/px4_msgs/msg/geofence_status.hpp\n'}
[0.837709] (px4_msgs) StdoutLine: {'line': b'-- Up-to-date: /home/jmj/pro_asp_ws/ws_px4_controls/install/px4_msgs/include/px4_msgs/px4_msgs/msg/rover_throttle_setpoint.hpp\n'}
[0.837733] (px4_msgs) StdoutLine: {'line': b'-- Up-to-date: /home/jmj/pro_asp_ws/ws_px4_controls/install/px4_msgs/include/px4_msgs/px4_msgs/msg/battery_status.hpp\n'}
[0.837760] (px4_msgs) StdoutLine: {'line': b'-- Up-to-date: /home/jmj/pro_asp_ws/ws_px4_controls/install/px4_msgs/include/px4_msgs/px4_msgs/msg/rover_steering_setpoint.hpp\n'}
[0.837785] (px4_msgs) StdoutLine: {'line': b'-- Up-to-date: /home/jmj/pro_asp_ws/ws_px4_controls/install/px4_msgs/include/px4_msgs/px4_msgs/msg/fixed_wing_longitudinal_setpoint.hpp\n'}
[0.837819] (px4_msgs) StdoutLine: {'line': b'-- Up-to-date: /home/jmj/pro_asp_ws/ws_px4_controls/install/px4_msgs/include/px4_msgs/px4_msgs/msg/fuel_tank_status.hpp\n'}
[0.837841] (px4_msgs) StdoutLine: {'line': b'-- Up-to-date: /home/jmj/pro_asp_ws/ws_px4_controls/install/px4_msgs/include/px4_msgs/px4_msgs/msg/vehicle_command.hpp\n'}
[0.837862] (px4_msgs) StdoutLine: {'line': b'-- Up-to-date: /home/jmj/pro_asp_ws/ws_px4_controls/install/px4_msgs/include/px4_msgs/px4_msgs/msg/config_overrides.hpp\n'}
[0.837883] (px4_msgs) StdoutLine: {'line': b'-- Up-to-date: /home/jmj/pro_asp_ws/ws_px4_controls/install/px4_msgs/include/px4_msgs/px4_msgs/msg/debug_vect.hpp\n'}
[0.837905] (px4_msgs) StdoutLine: {'line': b'-- Up-to-date: /home/jmj/pro_asp_ws/ws_px4_controls/install/px4_msgs/include/px4_msgs/px4_msgs/msg/sensor_mag.hpp\n'}
[0.837926] (px4_msgs) StdoutLine: {'line': b'-- Up-to-date: /home/jmj/pro_asp_ws/ws_px4_controls/install/px4_msgs/include/px4_msgs/px4_msgs/msg/gps_inject_data.hpp\n'}
[0.837948] (px4_msgs) StdoutLine: {'line': b'-- Up-to-date: /home/jmj/pro_asp_ws/ws_px4_controls/install/px4_msgs/include/px4_msgs/px4_msgs/msg/follow_target.hpp\n'}
[0.837973] (px4_msgs) StdoutLine: {'line': b'-- Up-to-date: /home/jmj/pro_asp_ws/ws_px4_controls/install/px4_msgs/include/px4_msgs/px4_msgs/msg/parameter_set_value_response.hpp\n'}
[0.837997] (px4_msgs) StdoutLine: {'line': b'-- Up-to-date: /home/jmj/pro_asp_ws/ws_px4_controls/install/px4_msgs/include/px4_msgs/px4_msgs/msg/radio_status.hpp\n'}
[0.838023] (px4_msgs) StdoutLine: {'line': b'-- Up-to-date: /home/jmj/pro_asp_ws/ws_px4_controls/install/px4_msgs/include/px4_msgs/px4_msgs/msg/estimator_aid_source3d.hpp\n'}
[0.838048] (px4_msgs) StdoutLine: {'line': b'-- Up-to-date: /home/jmj/pro_asp_ws/ws_px4_controls/install/px4_msgs/include/px4_msgs/px4_msgs/msg/vehicle_attitude_setpoint.hpp\n'}
[0.838072] (px4_msgs) StdoutLine: {'line': b'-- Up-to-date: /home/jmj/pro_asp_ws/ws_px4_controls/install/px4_msgs/include/px4_msgs/px4_msgs/msg/actuator_test.hpp\n'}
[0.838096] (px4_msgs) StdoutLine: {'line': b'-- Up-to-date: /home/jmj/pro_asp_ws/ws_px4_controls/install/px4_msgs/include/px4_msgs/px4_msgs/msg/airspeed_validated.hpp\n'}
[0.838120] (px4_msgs) StdoutLine: {'line': b'-- Up-to-date: /home/jmj/pro_asp_ws/ws_px4_controls/install/px4_msgs/include/px4_msgs/px4_msgs/msg/failsafe_flags.hpp\n'}
[0.838146] (px4_msgs) StdoutLine: {'line': b'-- Up-to-date: /home/jmj/pro_asp_ws/ws_px4_controls/install/px4_msgs/include/px4_msgs/px4_msgs/msg/fixed_wing_lateral_setpoint.hpp\n'}
[0.838171] (px4_msgs) StdoutLine: {'line': b'-- Up-to-date: /home/jmj/pro_asp_ws/ws_px4_controls/install/px4_msgs/include/px4_msgs/px4_msgs/msg/vehicle_thrust_setpoint.hpp\n'}
[0.838217] (px4_msgs) StdoutLine: {'line': b'-- Up-to-date: /home/jmj/pro_asp_ws/ws_px4_controls/install/px4_msgs/include/px4_msgs/px4_msgs/msg/position_controller_landing_status.hpp\n'}
[0.838240] (px4_msgs) StdoutLine: {'line': b'-- Up-to-date: /home/jmj/pro_asp_ws/ws_px4_controls/install/px4_msgs/include/px4_msgs/px4_msgs/msg/gpio_in.hpp\n'}
[0.838262] (px4_msgs) StdoutLine: {'line': b'-- Up-to-date: /home/jmj/pro_asp_ws/ws_px4_controls/install/px4_msgs/include/px4_msgs/px4_msgs/msg/pure_pursuit_status.hpp\n'}
[0.838283] (px4_msgs) StdoutLine: {'line': b'-- Up-to-date: /home/jmj/pro_asp_ws/ws_px4_controls/install/px4_msgs/include/px4_msgs/px4_msgs/msg/rover_rate_setpoint.hpp\n'}
[0.838305] (px4_msgs) StdoutLine: {'line': b'-- Up-to-date: /home/jmj/pro_asp_ws/ws_px4_controls/install/px4_msgs/include/px4_msgs/px4_msgs/msg/vehicle_constraints.hpp\n'}
[0.838326] (px4_msgs) StdoutLine: {'line': b'-- Up-to-date: /home/jmj/pro_asp_ws/ws_px4_controls/install/px4_msgs/include/px4_msgs/px4_msgs/msg/follow_target_estimator.hpp\n'}
[0.838349] (px4_msgs) StdoutLine: {'line': b'-- Up-to-date: /home/jmj/pro_asp_ws/ws_px4_controls/install/px4_msgs/include/px4_msgs/px4_msgs/msg/log_message.hpp\n'}
[0.838373] (px4_msgs) StdoutLine: {'line': b'-- Up-to-date: /home/jmj/pro_asp_ws/ws_px4_controls/install/px4_msgs/include/px4_msgs/px4_msgs/msg/distance_sensor_mode_change_request.hpp\n'}
[0.838396] (px4_msgs) StdoutLine: {'line': b'-- Up-to-date: /home/jmj/pro_asp_ws/ws_px4_controls/install/px4_msgs/include/px4_msgs/px4_msgs/msg/debug_value.hpp\n'}
[0.838434] (px4_msgs) StdoutLine: {'line': b'-- Up-to-date: /home/jmj/pro_asp_ws/ws_px4_controls/install/px4_msgs/include/px4_msgs/px4_msgs/msg/dataman_request.hpp\n'}
[0.838455] (px4_msgs) StdoutLine: {'line': b'-- Up-to-date: /home/jmj/pro_asp_ws/ws_px4_controls/install/px4_msgs/include/px4_msgs/px4_msgs/msg/rosidl_generator_cpp__visibility_control.hpp\n'}
[0.838476] (px4_msgs) StdoutLine: {'line': b'-- Up-to-date: /home/jmj/pro_asp_ws/ws_px4_controls/install/px4_msgs/include/px4_msgs/px4_msgs/msg/vehicle_optical_flow.hpp\n'}
[0.838497] (px4_msgs) StdoutLine: {'line': b'-- Up-to-date: /home/jmj/pro_asp_ws/ws_px4_controls/install/px4_msgs/include/px4_msgs/px4_msgs/msg/telemetry_status.hpp\n'}
[0.838519] (px4_msgs) StdoutLine: {'line': b'-- Up-to-date: /home/jmj/pro_asp_ws/ws_px4_controls/install/px4_msgs/include/px4_msgs/px4_msgs/msg/internal_combustion_engine_control.hpp\n'}
[0.838541] (px4_msgs) StdoutLine: {'line': b'-- Up-to-date: /home/jmj/pro_asp_ws/ws_px4_controls/install/px4_msgs/include/px4_msgs/px4_msgs/msg/vehicle_rates_setpoint.hpp\n'}
[0.838575] (px4_msgs) StdoutLine: {'line': b'-- Up-to-date: /home/jmj/pro_asp_ws/ws_px4_controls/install/px4_msgs/include/px4_msgs/px4_msgs/msg/sensor_accel_fifo.hpp\n'}
[0.838598] (px4_msgs) StdoutLine: {'line': b'-- Up-to-date: /home/jmj/pro_asp_ws/ws_px4_controls/install/px4_msgs/include/px4_msgs/px4_msgs/msg/open_drone_id_arm_status.hpp\n'}
[0.838619] (px4_msgs) StdoutLine: {'line': b'-- Up-to-date: /home/jmj/pro_asp_ws/ws_px4_controls/install/px4_msgs/include/px4_msgs/px4_msgs/msg/follow_target_status.hpp\n'}
[0.838641] (px4_msgs) StdoutLine: {'line': b'-- Up-to-date: /home/jmj/pro_asp_ws/ws_px4_controls/install/px4_msgs/include/px4_msgs/px4_msgs/msg/trajectory_setpoint.hpp\n'}
[0.838662] (px4_msgs) StdoutLine: {'line': b'-- Up-to-date: /home/jmj/pro_asp_ws/ws_px4_controls/install/px4_msgs/include/px4_msgs/px4_msgs/msg/magnetometer_bias_estimate.hpp\n'}
[0.838684] (px4_msgs) StdoutLine: {'line': b'-- Up-to-date: /home/jmj/pro_asp_ws/ws_px4_controls/install/px4_msgs/include/px4_msgs/px4_msgs/msg/wind.hpp\n'}
[0.838705] (px4_msgs) StdoutLine: {'line': b'-- Up-to-date: /home/jmj/pro_asp_ws/ws_px4_controls/install/px4_msgs/include/px4_msgs/px4_msgs/msg/fixed_wing_lateral_guidance_status.hpp\n'}
[0.838726] (px4_msgs) StdoutLine: {'line': b'-- Up-to-date: /home/jmj/pro_asp_ws/ws_px4_controls/install/px4_msgs/include/px4_msgs/px4_msgs/msg/navigator_mission_item.hpp\n'}
[0.838753] (px4_msgs) StdoutLine: {'line': b'-- Up-to-date: /home/jmj/pro_asp_ws/ws_px4_controls/install/px4_msgs/include/px4_msgs/px4_msgs/msg/geofence_result.hpp\n'}
[0.838777] (px4_msgs) StdoutLine: {'line': b'-- Up-to-date: /home/jmj/pro_asp_ws/ws_px4_controls/install/px4_msgs/include/px4_msgs/px4_msgs/msg/message_format_request.hpp\n'}
[0.838798] (px4_msgs) StdoutLine: {'line': b'-- Up-to-date: /home/jmj/pro_asp_ws/ws_px4_controls/install/px4_msgs/include/px4_msgs/px4_msgs/msg/vehicle_status.hpp\n'}
[0.838820] (px4_msgs) StdoutLine: {'line': b'-- Up-to-date: /home/jmj/pro_asp_ws/ws_px4_controls/install/px4_msgs/include/px4_msgs/px4_msgs/msg/vehicle_torque_setpoint.hpp\n'}
[0.838843] (px4_msgs) StdoutLine: {'line': b'-- Up-to-date: /home/jmj/pro_asp_ws/ws_px4_controls/install/px4_msgs/include/px4_msgs/px4_msgs/msg/pwm_input.hpp\n'}
[0.838876] (px4_msgs) StdoutLine: {'line': b'-- Up-to-date: /home/jmj/pro_asp_ws/ws_px4_controls/install/px4_msgs/include/px4_msgs/px4_msgs/msg/vehicle_imu.hpp\n'}
[0.838910] (px4_msgs) StdoutLine: {'line': b'-- Up-to-date: /home/jmj/pro_asp_ws/ws_px4_controls/install/px4_msgs/include/px4_msgs/px4_msgs/msg/airspeed_wind.hpp\n'}
[0.838960] (px4_msgs) StdoutLine: {'line': b'-- Up-to-date: /home/jmj/pro_asp_ws/ws_px4_controls/install/px4_msgs/include/px4_msgs/px4_msgs/msg/uavcan_parameter_value.hpp\n'}
[0.839000] (px4_msgs) StdoutLine: {'line': b'-- Up-to-date: /home/jmj/pro_asp_ws/ws_px4_controls/install/px4_msgs/include/px4_msgs/px4_msgs/msg/estimator_event_flags.hpp\n'}
[0.839039] (px4_msgs) StdoutLine: {'line': b'-- Up-to-date: /home/jmj/pro_asp_ws/ws_px4_controls/install/px4_msgs/include/px4_msgs/px4_msgs/msg/tecs_status.hpp\n'}
[0.839077] (px4_msgs) StdoutLine: {'line': b'-- Up-to-date: /home/jmj/pro_asp_ws/ws_px4_controls/install/px4_msgs/include/px4_msgs/px4_msgs/msg/actuator_motors.hpp\n'}
[0.839110] (px4_msgs) StdoutLine: {'line': b'-- Up-to-date: /home/jmj/pro_asp_ws/ws_px4_controls/install/px4_msgs/include/px4_msgs/px4_msgs/msg/yaw_estimator_status.hpp\n'}
[0.839141] (px4_msgs) StdoutLine: {'line': b'-- Up-to-date: /home/jmj/pro_asp_ws/ws_px4_controls/install/px4_msgs/include/px4_msgs/px4_msgs/msg/register_ext_component_request.hpp\n'}
[0.839194] (px4_msgs) StdoutLine: {'line': b'-- Up-to-date: /home/jmj/pro_asp_ws/ws_px4_controls/install/px4_msgs/include/px4_msgs/px4_msgs/msg/autotune_attitude_control_status.hpp\n'}
[0.839248] (px4_msgs) StdoutLine: {'line': b'-- Up-to-date: /home/jmj/pro_asp_ws/ws_px4_controls/install/px4_msgs/include/px4_msgs/px4_msgs/msg/cpuload.hpp\n'}
[0.839286] (px4_msgs) StdoutLine: {'line': b'-- Up-to-date: /home/jmj/pro_asp_ws/ws_px4_controls/install/px4_msgs/include/px4_msgs/px4_msgs/msg/system_power.hpp\n'}
[0.839326] (px4_msgs) StdoutLine: {'line': b'-- Up-to-date: /home/jmj/pro_asp_ws/ws_px4_controls/install/px4_msgs/include/px4_msgs/px4_msgs/msg/led_control.hpp\n'}
[0.839362] (px4_msgs) StdoutLine: {'line': b'-- Up-to-date: /home/jmj/pro_asp_ws/ws_px4_controls/install/px4_msgs/include/px4_msgs/px4_msgs/msg/landing_gear.hpp\n'}
[0.839388] (px4_msgs) StdoutLine: {'line': b'-- Up-to-date: /home/jmj/pro_asp_ws/ws_px4_controls/install/px4_msgs/include/px4_msgs/px4_msgs/msg/rc_parameter_map.hpp\n'}
[0.839411] (px4_msgs) StdoutLine: {'line': b'-- Up-to-date: /home/jmj/pro_asp_ws/ws_px4_controls/install/px4_msgs/include/px4_msgs/px4_msgs/msg/tune_control.hpp\n'}
[0.839443] (px4_msgs) StdoutLine: {'line': b'-- Up-to-date: /home/jmj/pro_asp_ws/ws_px4_controls/install/px4_msgs/include/px4_msgs/px4_msgs/msg/vehicle_air_data.hpp\n'}
[0.839466] (px4_msgs) StdoutLine: {'line': b'-- Up-to-date: /home/jmj/pro_asp_ws/ws_px4_controls/install/px4_msgs/include/px4_msgs/px4_msgs/msg/power_monitor.hpp\n'}
[0.839489] (px4_msgs) StdoutLine: {'line': b'-- Up-to-date: /home/jmj/pro_asp_ws/ws_px4_controls/install/px4_msgs/include/px4_msgs/px4_msgs/msg/sensor_baro.hpp\n'}
[0.839515] (px4_msgs) StdoutLine: {'line': b'-- Up-to-date: /home/jmj/pro_asp_ws/ws_px4_controls/install/px4_msgs/include/px4_msgs/px4_msgs/msg/orbit_status.hpp\n'}
[0.839538] (px4_msgs) StdoutLine: {'line': b'-- Up-to-date: /home/jmj/pro_asp_ws/ws_px4_controls/install/px4_msgs/include/px4_msgs/px4_msgs/msg/mount_orientation.hpp\n'}
[0.839584] (px4_msgs) StdoutLine: {'line': b'-- Up-to-date: /home/jmj/pro_asp_ws/ws_px4_controls/install/px4_msgs/include/px4_msgs/px4_msgs/msg/gimbal_controls.hpp\n'}
[0.839609] (px4_msgs) StdoutLine: {'line': b'-- Up-to-date: /home/jmj/pro_asp_ws/ws_px4_controls/install/px4_msgs/include/px4_msgs/px4_msgs/msg/rpm.hpp\n'}
[0.839631] (px4_msgs) StdoutLine: {'line': b'-- Up-to-date: /home/jmj/pro_asp_ws/ws_px4_controls/install/px4_msgs/include/px4_msgs/px4_msgs\n'}
[0.839653] (px4_msgs) StdoutLine: {'line': b'-- Up-to-date: /home/jmj/pro_asp_ws/ws_px4_controls/install/px4_msgs/include/px4_msgs/px4_msgs/srv\n'}
[0.839675] (px4_msgs) StdoutLine: {'line': b'-- Up-to-date: /home/jmj/pro_asp_ws/ws_px4_controls/install/px4_msgs/include/px4_msgs/px4_msgs/srv/detail\n'}
[0.839703] (px4_msgs) StdoutLine: {'line': b'-- Up-to-date: /home/jmj/pro_asp_ws/ws_px4_controls/install/px4_msgs/include/px4_msgs/px4_msgs/srv/detail/dds_fastrtps\n'}
[0.839727] (px4_msgs) StdoutLine: {'line': b'-- Up-to-date: /home/jmj/pro_asp_ws/ws_px4_controls/install/px4_msgs/include/px4_msgs/px4_msgs/srv/detail/vehicle_command__rosidl_typesupport_fastrtps_cpp.hpp\n'}
[0.839754] (px4_msgs) StdoutLine: {'line': b'-- Up-to-date: /home/jmj/pro_asp_ws/ws_px4_controls/install/px4_msgs/include/px4_msgs/px4_msgs/msg\n'}
[0.839788] (px4_msgs) StdoutLine: {'line': b'-- Up-to-date: /home/jmj/pro_asp_ws/ws_px4_controls/install/px4_msgs/include/px4_msgs/px4_msgs/msg/detail\n'}
[0.839818] (px4_msgs) StdoutLine: {'line': b'-- Up-to-date: /home/jmj/pro_asp_ws/ws_px4_controls/install/px4_msgs/include/px4_msgs/px4_msgs/msg/detail/rc_parameter_map__rosidl_typesupport_fastrtps_cpp.hpp\n'}
[0.839846] (px4_msgs) StdoutLine: {'line': b'-- Up-to-date: /home/jmj/pro_asp_ws/ws_px4_controls/install/px4_msgs/include/px4_msgs/px4_msgs/msg/detail/pure_pursuit_status__rosidl_typesupport_fastrtps_cpp.hpp\n'}
[0.839871] (px4_msgs) StdoutLine: {'line': b'-- Up-to-date: /home/jmj/pro_asp_ws/ws_px4_controls/install/px4_msgs/include/px4_msgs/px4_msgs/msg/detail/vehicle_attitude__rosidl_typesupport_fastrtps_cpp.hpp\n'}
[0.839895] (px4_msgs) StdoutLine: {'line': b'-- Up-to-date: /home/jmj/pro_asp_ws/ws_px4_controls/install/px4_msgs/include/px4_msgs/px4_msgs/msg/detail/esc_status__rosidl_typesupport_fastrtps_cpp.hpp\n'}
[0.839921] (px4_msgs) StdoutLine: {'line': b'-- Up-to-date: /home/jmj/pro_asp_ws/ws_px4_controls/install/px4_msgs/include/px4_msgs/px4_msgs/msg/detail/mavlink_tunnel__rosidl_typesupport_fastrtps_cpp.hpp\n'}
[0.839946] (px4_msgs) StdoutLine: {'line': b'-- Up-to-date: /home/jmj/pro_asp_ws/ws_px4_controls/install/px4_msgs/include/px4_msgs/px4_msgs/msg/detail/rc_channels__rosidl_typesupport_fastrtps_cpp.hpp\n'}
[0.839971] (px4_msgs) StdoutLine: {'line': b'-- Up-to-date: /home/jmj/pro_asp_ws/ws_px4_controls/install/px4_msgs/include/px4_msgs/px4_msgs/msg/detail/sensor_accel_fifo__rosidl_typesupport_fastrtps_cpp.hpp\n'}
[0.840013] (px4_msgs) StdoutLine: {'line': b'-- Up-to-date: /home/jmj/pro_asp_ws/ws_px4_controls/install/px4_msgs/include/px4_msgs/px4_msgs/msg/detail/mount_orientation__rosidl_typesupport_fastrtps_cpp.hpp\n'}
[0.840036] (px4_msgs) StdoutLine: {'line': b'-- Up-to-date: /home/jmj/pro_asp_ws/ws_px4_controls/install/px4_msgs/include/px4_msgs/px4_msgs/msg/detail/wheel_encoders__rosidl_typesupport_fastrtps_cpp.hpp\n'}
[0.840059] (px4_msgs) StdoutLine: {'line': b'-- Up-to-date: /home/jmj/pro_asp_ws/ws_px4_controls/install/px4_msgs/include/px4_msgs/px4_msgs/msg/detail/flight_phase_estimation__rosidl_typesupport_fastrtps_cpp.hpp\n'}
[0.840083] (px4_msgs) StdoutLine: {'line': b'-- Up-to-date: /home/jmj/pro_asp_ws/ws_px4_controls/install/px4_msgs/include/px4_msgs/px4_msgs/msg/detail/esc_report__rosidl_typesupport_fastrtps_cpp.hpp\n'}
[0.840107] (px4_msgs) StdoutLine: {'line': b'-- Up-to-date: /home/jmj/pro_asp_ws/ws_px4_controls/install/px4_msgs/include/px4_msgs/px4_msgs/msg/detail/parameter_set_value_response__rosidl_typesupport_fastrtps_cpp.hpp\n'}
[0.840133] (px4_msgs) StdoutLine: {'line': b'-- Up-to-date: /home/jmj/pro_asp_ws/ws_px4_controls/install/px4_msgs/include/px4_msgs/px4_msgs/msg/detail/vehicle_status__rosidl_typesupport_fastrtps_cpp.hpp\n'}
[0.840160] (px4_msgs) StdoutLine: {'line': b'-- Up-to-date: /home/jmj/pro_asp_ws/ws_px4_controls/install/px4_msgs/include/px4_msgs/px4_msgs/msg/detail/cellular_status__rosidl_typesupport_fastrtps_cpp.hpp\n'}
[0.840185] (px4_msgs) StdoutLine: {'line': b'-- Up-to-date: /home/jmj/pro_asp_ws/ws_px4_controls/install/px4_msgs/include/px4_msgs/px4_msgs/msg/detail/dds_fastrtps\n'}
[0.840209] (px4_msgs) StdoutLine: {'line': b'-- Up-to-date: /home/jmj/pro_asp_ws/ws_px4_controls/install/px4_msgs/include/px4_msgs/px4_msgs/msg/detail/camera_capture__rosidl_typesupport_fastrtps_cpp.hpp\n'}
[0.840246] (px4_msgs) StdoutLine: {'line': b'-- Up-to-date: /home/jmj/pro_asp_ws/ws_px4_controls/install/px4_msgs/include/px4_msgs/px4_msgs/msg/detail/cpuload__rosidl_typesupport_fastrtps_cpp.hpp\n'}
[0.840271] (px4_msgs) StdoutLine: {'line': b'-- Up-to-date: /home/jmj/pro_asp_ws/ws_px4_controls/install/px4_msgs/include/px4_msgs/px4_msgs/msg/detail/message_format_response__rosidl_typesupport_fastrtps_cpp.hpp\n'}
[0.840293] (px4_msgs) StdoutLine: {'line': b'-- Up-to-date: /home/jmj/pro_asp_ws/ws_px4_controls/install/px4_msgs/include/px4_msgs/px4_msgs/msg/detail/sensor_gyro__rosidl_typesupport_fastrtps_cpp.hpp\n'}
[0.840315] (px4_msgs) StdoutLine: {'line': b'-- Up-to-date: /home/jmj/pro_asp_ws/ws_px4_controls/install/px4_msgs/include/px4_msgs/px4_msgs/msg/detail/power_button_state__rosidl_typesupport_fastrtps_cpp.hpp\n'}
[0.840337] (px4_msgs) StdoutLine: {'line': b'-- Up-to-date: /home/jmj/pro_asp_ws/ws_px4_controls/install/px4_msgs/include/px4_msgs/px4_msgs/msg/detail/fuel_tank_status__rosidl_typesupport_fastrtps_cpp.hpp\n'}
[0.840360] (px4_msgs) StdoutLine: {'line': b'-- Up-to-date: /home/jmj/pro_asp_ws/ws_px4_controls/install/px4_msgs/include/px4_msgs/px4_msgs/msg/detail/log_message__rosidl_typesupport_fastrtps_cpp.hpp\n'}
[0.840381] (px4_msgs) StdoutLine: {'line': b'-- Up-to-date: /home/jmj/pro_asp_ws/ws_px4_controls/install/px4_msgs/include/px4_msgs/px4_msgs/msg/detail/vehicle_thrust_setpoint__rosidl_typesupport_fastrtps_cpp.hpp\n'}
[0.840412] (px4_msgs) StdoutLine: {'line': b'-- Up-to-date: /home/jmj/pro_asp_ws/ws_px4_controls/install/px4_msgs/include/px4_msgs/px4_msgs/msg/detail/control_allocator_status__rosidl_typesupport_fastrtps_cpp.hpp\n'}
[0.840435] (px4_msgs) StdoutLine: {'line': b'-- Up-to-date: /home/jmj/pro_asp_ws/ws_px4_controls/install/px4_msgs/include/px4_msgs/px4_msgs/msg/detail/vehicle_optical_flow_vel__rosidl_typesupport_fastrtps_cpp.hpp\n'}
[0.840457] (px4_msgs) StdoutLine: {'line': b'-- Up-to-date: /home/jmj/pro_asp_ws/ws_px4_controls/install/px4_msgs/include/px4_msgs/px4_msgs/msg/detail/vehicle_torque_setpoint__rosidl_typesupport_fastrtps_cpp.hpp\n'}
[0.840479] (px4_msgs) StdoutLine: {'line': b'-- Up-to-date: /home/jmj/pro_asp_ws/ws_px4_controls/install/px4_msgs/include/px4_msgs/px4_msgs/msg/detail/vehicle_imu__rosidl_typesupport_fastrtps_cpp.hpp\n'}
[0.840500] (px4_msgs) StdoutLine: {'line': b'-- Up-to-date: /home/jmj/pro_asp_ws/ws_px4_controls/install/px4_msgs/include/px4_msgs/px4_msgs/msg/detail/vtol_vehicle_status__rosidl_typesupport_fastrtps_cpp.hpp\n'}
[0.840522] (px4_msgs) StdoutLine: {'line': b'-- Up-to-date: /home/jmj/pro_asp_ws/ws_px4_controls/install/px4_msgs/include/px4_msgs/px4_msgs/msg/detail/hover_thrust_estimate__rosidl_typesupport_fastrtps_cpp.hpp\n'}
[0.840545] (px4_msgs) StdoutLine: {'line': b'-- Up-to-date: /home/jmj/pro_asp_ws/ws_px4_controls/install/px4_msgs/include/px4_msgs/px4_msgs/msg/detail/gimbal_controls__rosidl_typesupport_fastrtps_cpp.hpp\n'}
[0.840573] (px4_msgs) StdoutLine: {'line': b'-- Up-to-date: /home/jmj/pro_asp_ws/ws_px4_controls/install/px4_msgs/include/px4_msgs/px4_msgs/msg/detail/launch_detection_status__rosidl_typesupport_fastrtps_cpp.hpp\n'}
[0.840599] (px4_msgs) StdoutLine: {'line': b'-- Up-to-date: /home/jmj/pro_asp_ws/ws_px4_controls/install/px4_msgs/include/px4_msgs/px4_msgs/msg/detail/estimator_bias__rosidl_typesupport_fastrtps_cpp.hpp\n'}
[0.840628] (px4_msgs) StdoutLine: {'line': b'-- Up-to-date: /home/jmj/pro_asp_ws/ws_px4_controls/install/px4_msgs/include/px4_msgs/px4_msgs/msg/detail/actuator_motors__rosidl_typesupport_fastrtps_cpp.hpp\n'}
[0.840655] (px4_msgs) StdoutLine: {'line': b'-- Up-to-date: /home/jmj/pro_asp_ws/ws_px4_controls/install/px4_msgs/include/px4_msgs/px4_msgs/msg/detail/rover_attitude_status__rosidl_typesupport_fastrtps_cpp.hpp\n'}
[0.840682] (px4_msgs) StdoutLine: {'line': b'-- Up-to-date: /home/jmj/pro_asp_ws/ws_px4_controls/install/px4_msgs/include/px4_msgs/px4_msgs/msg/detail/estimator_bias3d__rosidl_typesupport_fastrtps_cpp.hpp\n'}
[0.840714] (px4_msgs) StdoutLine: {'line': b'-- Up-to-date: /home/jmj/pro_asp_ws/ws_px4_controls/install/px4_msgs/include/px4_msgs/px4_msgs/msg/detail/debug_vect__rosidl_typesupport_fastrtps_cpp.hpp\n'}
[0.840740] (px4_msgs) StdoutLine: {'line': b'-- Up-to-date: /home/jmj/pro_asp_ws/ws_px4_controls/install/px4_msgs/include/px4_msgs/px4_msgs/msg/detail/distance_sensor__rosidl_typesupport_fastrtps_cpp.hpp\n'}
[0.840779] (px4_msgs) StdoutLine: {'line': b'-- Up-to-date: /home/jmj/pro_asp_ws/ws_px4_controls/install/px4_msgs/include/px4_msgs/px4_msgs/msg/detail/internal_combustion_engine_control__rosidl_typesupport_fastrtps_cpp.hpp\n'}
[0.840803] (px4_msgs) StdoutLine: {'line': b'-- Up-to-date: /home/jmj/pro_asp_ws/ws_px4_controls/install/px4_msgs/include/px4_msgs/px4_msgs/msg/detail/power_monitor__rosidl_typesupport_fastrtps_cpp.hpp\n'}
[0.840827] (px4_msgs) StdoutLine: {'line': b'-- Up-to-date: /home/jmj/pro_asp_ws/ws_px4_controls/install/px4_msgs/include/px4_msgs/px4_msgs/msg/detail/collision_constraints__rosidl_typesupport_fastrtps_cpp.hpp\n'}
[0.840861] (px4_msgs) StdoutLine: {'line': b'-- Up-to-date: /home/jmj/pro_asp_ws/ws_px4_controls/install/px4_msgs/include/px4_msgs/px4_msgs/msg/detail/gpio_request__rosidl_typesupport_fastrtps_cpp.hpp\n'}
[0.840906] (px4_msgs) StdoutLine: {'line': b'-- Up-to-date: /home/jmj/pro_asp_ws/ws_px4_controls/install/px4_msgs/include/px4_msgs/px4_msgs/msg/detail/mag_worker_data__rosidl_typesupport_fastrtps_cpp.hpp\n'}
[0.840944] (px4_msgs) StdoutLine: {'line': b'-- Up-to-date: /home/jmj/pro_asp_ws/ws_px4_controls/install/px4_msgs/include/px4_msgs/px4_msgs/msg/detail/vehicle_land_detected__rosidl_typesupport_fastrtps_cpp.hpp\n'}
[0.840980] (px4_msgs) StdoutLine: {'line': b'-- Up-to-date: /home/jmj/pro_asp_ws/ws_px4_controls/install/px4_msgs/include/px4_msgs/px4_msgs/msg/detail/yaw_estimator_status__rosidl_typesupport_fastrtps_cpp.hpp\n'}
[0.841014] (px4_msgs) StdoutLine: {'line': b'-- Up-to-date: /home/jmj/pro_asp_ws/ws_px4_controls/install/px4_msgs/include/px4_msgs/px4_msgs/msg/detail/logger_status__rosidl_typesupport_fastrtps_cpp.hpp\n'}
[0.841065] (px4_msgs) StdoutLine: {'line': b'-- Up-to-date: /home/jmj/pro_asp_ws/ws_px4_controls/install/px4_msgs/include/px4_msgs/px4_msgs/msg/detail/tune_control__rosidl_typesupport_fastrtps_cpp.hpp\n'}
[0.841098] (px4_msgs) StdoutLine: {'line': b'-- Up-to-date: /home/jmj/pro_asp_ws/ws_px4_controls/install/px4_msgs/include/px4_msgs/px4_msgs/msg/detail/open_drone_id_arm_status__rosidl_typesupport_fastrtps_cpp.hpp\n'}
[0.841130] (px4_msgs) StdoutLine: {'line': b'-- Up-to-date: /home/jmj/pro_asp_ws/ws_px4_controls/install/px4_msgs/include/px4_msgs/px4_msgs/msg/detail/rate_ctrl_status__rosidl_typesupport_fastrtps_cpp.hpp\n'}
[0.841159] (px4_msgs) StdoutLine: {'line': b'-- Up-to-date: /home/jmj/pro_asp_ws/ws_px4_controls/install/px4_msgs/include/px4_msgs/px4_msgs/msg/detail/rover_rate_status__rosidl_typesupport_fastrtps_cpp.hpp\n'}
[0.841193] (px4_msgs) StdoutLine: {'line': b'-- Up-to-date: /home/jmj/pro_asp_ws/ws_px4_controls/install/px4_msgs/include/px4_msgs/px4_msgs/msg/detail/internal_combustion_engine_status__rosidl_typesupport_fastrtps_cpp.hpp\n'}
[0.841228] (px4_msgs) StdoutLine: {'line': b'-- Up-to-date: /home/jmj/pro_asp_ws/ws_px4_controls/install/px4_msgs/include/px4_msgs/px4_msgs/msg/detail/rover_throttle_setpoint__rosidl_typesupport_fastrtps_cpp.hpp\n'}
[0.841266] (px4_msgs) StdoutLine: {'line': b'-- Up-to-date: /home/jmj/pro_asp_ws/ws_px4_controls/install/px4_msgs/include/px4_msgs/px4_msgs/msg/detail/estimator_sensor_bias__rosidl_typesupport_fastrtps_cpp.hpp\n'}
[0.841314] (px4_msgs) StdoutLine: {'line': b'-- Up-to-date: /home/jmj/pro_asp_ws/ws_px4_controls/install/px4_msgs/include/px4_msgs/px4_msgs/msg/detail/estimator_aid_source3d__rosidl_typesupport_fastrtps_cpp.hpp\n'}
[0.841354] (px4_msgs) StdoutLine: {'line': b'-- Up-to-date: /home/jmj/pro_asp_ws/ws_px4_controls/install/px4_msgs/include/px4_msgs/px4_msgs/msg/detail/health_report__rosidl_typesupport_fastrtps_cpp.hpp\n'}
[0.841394] (px4_msgs) StdoutLine: {'line': b'-- Up-to-date: /home/jmj/pro_asp_ws/ws_px4_controls/install/px4_msgs/include/px4_msgs/px4_msgs/msg/detail/position_controller_landing_status__rosidl_typesupport_fastrtps_cpp.hpp\n'}
[0.841437] (px4_msgs) StdoutLine: {'line': b'-- Up-to-date: /home/jmj/pro_asp_ws/ws_px4_controls/install/px4_msgs/include/px4_msgs/px4_msgs/msg/detail/open_drone_id_self_id__rosidl_typesupport_fastrtps_cpp.hpp\n'}
[0.841489] (px4_msgs) StdoutLine: {'line': b'-- Up-to-date: /home/jmj/pro_asp_ws/ws_px4_controls/install/px4_msgs/include/px4_msgs/px4_msgs/msg/detail/heater_status__rosidl_typesupport_fastrtps_cpp.hpp\n'}
[0.841528] (px4_msgs) StdoutLine: {'line': b'-- Up-to-date: /home/jmj/pro_asp_ws/ws_px4_controls/install/px4_msgs/include/px4_msgs/px4_msgs/msg/detail/iridiumsbd_status__rosidl_typesupport_fastrtps_cpp.hpp\n'}
[0.841565] (px4_msgs) StdoutLine: {'line': b'-- Up-to-date: /home/jmj/pro_asp_ws/ws_px4_controls/install/px4_msgs/include/px4_msgs/px4_msgs/msg/detail/pwm_input__rosidl_typesupport_fastrtps_cpp.hpp\n'}
[0.841594] (px4_msgs) StdoutLine: {'line': b'-- Up-to-date: /home/jmj/pro_asp_ws/ws_px4_controls/install/px4_msgs/include/px4_msgs/px4_msgs/msg/detail/wind__rosidl_typesupport_fastrtps_cpp.hpp\n'}
[0.841624] (px4_msgs) StdoutLine: {'line': b'-- Up-to-date: /home/jmj/pro_asp_ws/ws_px4_controls/install/px4_msgs/include/px4_msgs/px4_msgs/msg/detail/trajectory_setpoint__rosidl_typesupport_fastrtps_cpp.hpp\n'}
[0.841652] (px4_msgs) StdoutLine: {'line': b'-- Up-to-date: /home/jmj/pro_asp_ws/ws_px4_controls/install/px4_msgs/include/px4_msgs/px4_msgs/msg/detail/ekf2_timestamps__rosidl_typesupport_fastrtps_cpp.hpp\n'}
[0.841680] (px4_msgs) StdoutLine: {'line': b'-- Up-to-date: /home/jmj/pro_asp_ws/ws_px4_controls/install/px4_msgs/include/px4_msgs/px4_msgs/msg/detail/differential_pressure__rosidl_typesupport_fastrtps_cpp.hpp\n'}
[0.841706] (px4_msgs) StdoutLine: {'line': b'-- Up-to-date: /home/jmj/pro_asp_ws/ws_px4_controls/install/px4_msgs/include/px4_msgs/px4_msgs/msg/detail/rover_position_setpoint__rosidl_typesupport_fastrtps_cpp.hpp\n'}
[0.841731] (px4_msgs) StdoutLine: {'line': b'-- Up-to-date: /home/jmj/pro_asp_ws/ws_px4_controls/install/px4_msgs/include/px4_msgs/px4_msgs/msg/detail/estimator_states__rosidl_typesupport_fastrtps_cpp.hpp\n'}
[0.841775] (px4_msgs) StdoutLine: {'line': b'-- Up-to-date: /home/jmj/pro_asp_ws/ws_px4_controls/install/px4_msgs/include/px4_msgs/px4_msgs/msg/detail/actuator_servos_trim__rosidl_typesupport_fastrtps_cpp.hpp\n'}
[0.841806] (px4_msgs) StdoutLine: {'line': b'-- Up-to-date: /home/jmj/pro_asp_ws/ws_px4_controls/install/px4_msgs/include/px4_msgs/px4_msgs/msg/detail/vehicle_magnetometer__rosidl_typesupport_fastrtps_cpp.hpp\n'}
[0.841839] (px4_msgs) StdoutLine: {'line': b'-- Up-to-date: /home/jmj/pro_asp_ws/ws_px4_controls/install/px4_msgs/include/px4_msgs/px4_msgs/msg/detail/register_ext_component_reply__rosidl_typesupport_fastrtps_cpp.hpp\n'}
[0.841866] (px4_msgs) StdoutLine: {'line': b'-- Up-to-date: /home/jmj/pro_asp_ws/ws_px4_controls/install/px4_msgs/include/px4_msgs/px4_msgs/msg/detail/mavlink_log__rosidl_typesupport_fastrtps_cpp.hpp\n'}
[0.841888] (px4_msgs) StdoutLine: {'line': b'-- Up-to-date: /home/jmj/pro_asp_ws/ws_px4_controls/install/px4_msgs/include/px4_msgs/px4_msgs/msg/detail/estimator_aid_source1d__rosidl_typesupport_fastrtps_cpp.hpp\n'}
[0.841911] (px4_msgs) StdoutLine: {'line': b'-- Up-to-date: /home/jmj/pro_asp_ws/ws_px4_controls/install/px4_msgs/include/px4_msgs/px4_msgs/msg/detail/arming_check_reply__rosidl_typesupport_fastrtps_cpp.hpp\n'}
[0.841940] (px4_msgs) StdoutLine: {'line': b'-- Up-to-date: /home/jmj/pro_asp_ws/ws_px4_controls/install/px4_msgs/include/px4_msgs/px4_msgs/msg/detail/fixed_wing_lateral_guidance_status__rosidl_typesupport_fastrtps_cpp.hpp\n'}
[0.841962] (px4_msgs) StdoutLine: {'line': b'-- Up-to-date: /home/jmj/pro_asp_ws/ws_px4_controls/install/px4_msgs/include/px4_msgs/px4_msgs/msg/detail/sensor_selection__rosidl_typesupport_fastrtps_cpp.hpp\n'}
[0.841984] (px4_msgs) StdoutLine: {'line': b'-- Up-to-date: /home/jmj/pro_asp_ws/ws_px4_controls/install/px4_msgs/include/px4_msgs/px4_msgs/msg/detail/vehicle_roi__rosidl_typesupport_fastrtps_cpp.hpp\n'}
[0.842009] (px4_msgs) StdoutLine: {'line': b'-- Up-to-date: /home/jmj/pro_asp_ws/ws_px4_controls/install/px4_msgs/include/px4_msgs/px4_msgs/msg/detail/rover_velocity_status__rosidl_typesupport_fastrtps_cpp.hpp\n'}
[0.842042] (px4_msgs) StdoutLine: {'line': b'-- Up-to-date: /home/jmj/pro_asp_ws/ws_px4_controls/install/px4_msgs/include/px4_msgs/px4_msgs/msg/detail/follow_target_estimator__rosidl_typesupport_fastrtps_cpp.hpp\n'}
[0.842080] (px4_msgs) StdoutLine: {'line': b'-- Up-to-date: /home/jmj/pro_asp_ws/ws_px4_controls/install/px4_msgs/include/px4_msgs/px4_msgs/msg/detail/vehicle_optical_flow__rosidl_typesupport_fastrtps_cpp.hpp\n'}
[0.842117] (px4_msgs) StdoutLine: {'line': b'-- Up-to-date: /home/jmj/pro_asp_ws/ws_px4_controls/install/px4_msgs/include/px4_msgs/px4_msgs/msg/detail/position_setpoint__rosidl_typesupport_fastrtps_cpp.hpp\n'}
[0.842148] (px4_msgs) StdoutLine: {'line': b'-- Up-to-date: /home/jmj/pro_asp_ws/ws_px4_controls/install/px4_msgs/include/px4_msgs/px4_msgs/msg/detail/ulog_stream_ack__rosidl_typesupport_fastrtps_cpp.hpp\n'}
[0.842182] (px4_msgs) StdoutLine: {'line': b'-- Up-to-date: /home/jmj/pro_asp_ws/ws_px4_controls/install/px4_msgs/include/px4_msgs/px4_msgs/msg/detail/parameter_set_used_request__rosidl_typesupport_fastrtps_cpp.hpp\n'}
[0.842243] (px4_msgs) StdoutLine: {'line': b'-- Up-to-date: /home/jmj/pro_asp_ws/ws_px4_controls/install/px4_msgs/include/px4_msgs/px4_msgs/msg/detail/goto_setpoint__rosidl_typesupport_fastrtps_cpp.hpp\n'}
[0.842267] (px4_msgs) StdoutLine: {'line': b'-- Up-to-date: /home/jmj/pro_asp_ws/ws_px4_controls/install/px4_msgs/include/px4_msgs/px4_msgs/msg/detail/follow_target__rosidl_typesupport_fastrtps_cpp.hpp\n'}
[0.842294] (px4_msgs) StdoutLine: {'line': b'-- Up-to-date: /home/jmj/pro_asp_ws/ws_px4_controls/install/px4_msgs/include/px4_msgs/px4_msgs/msg/detail/input_rc__rosidl_typesupport_fastrtps_cpp.hpp\n'}
[0.842318] (px4_msgs) StdoutLine: {'line': b'-- Up-to-date: /home/jmj/pro_asp_ws/ws_px4_controls/install/px4_msgs/include/px4_msgs/px4_msgs/msg/detail/gimbal_manager_status__rosidl_typesupport_fastrtps_cpp.hpp\n'}
[0.842343] (px4_msgs) StdoutLine: {'line': b'-- Up-to-date: /home/jmj/pro_asp_ws/ws_px4_controls/install/px4_msgs/include/px4_msgs/px4_msgs/msg/detail/camera_status__rosidl_typesupport_fastrtps_cpp.hpp\n'}
[0.842377] (px4_msgs) StdoutLine: {'line': b'-- Up-to-date: /home/jmj/pro_asp_ws/ws_px4_controls/install/px4_msgs/include/px4_msgs/px4_msgs/msg/detail/airspeed__rosidl_typesupport_fastrtps_cpp.hpp\n'}
[0.842421] (px4_msgs) StdoutLine: {'line': b'-- Up-to-date: /home/jmj/pro_asp_ws/ws_px4_controls/install/px4_msgs/include/px4_msgs/px4_msgs/msg/detail/figure_eight_status__rosidl_typesupport_fastrtps_cpp.hpp\n'}
[0.842455] (px4_msgs) StdoutLine: {'line': b'-- Up-to-date: /home/jmj/pro_asp_ws/ws_px4_controls/install/px4_msgs/include/px4_msgs/px4_msgs/msg/detail/radio_status__rosidl_typesupport_fastrtps_cpp.hpp\n'}
[0.842489] (px4_msgs) StdoutLine: {'line': b'-- Up-to-date: /home/jmj/pro_asp_ws/ws_px4_controls/install/px4_msgs/include/px4_msgs/px4_msgs/msg/detail/sensor_airflow__rosidl_typesupport_fastrtps_cpp.hpp\n'}
[0.842525] (px4_msgs) StdoutLine: {'line': b'-- Up-to-date: /home/jmj/pro_asp_ws/ws_px4_controls/install/px4_msgs/include/px4_msgs/px4_msgs/msg/detail/follow_target_status__rosidl_typesupport_fastrtps_cpp.hpp\n'}
[0.842560] (px4_msgs) StdoutLine: {'line': b'-- Up-to-date: /home/jmj/pro_asp_ws/ws_px4_controls/install/px4_msgs/include/px4_msgs/px4_msgs/msg/detail/gpio_out__rosidl_typesupport_fastrtps_cpp.hpp\n'}
[0.842599] (px4_msgs) StdoutLine: {'line': b'-- Up-to-date: /home/jmj/pro_asp_ws/ws_px4_controls/install/px4_msgs/include/px4_msgs/px4_msgs/msg/detail/vehicle_angular_velocity__rosidl_typesupport_fastrtps_cpp.hpp\n'}
[0.842642] (px4_msgs) StdoutLine: {'line': b'-- Up-to-date: /home/jmj/pro_asp_ws/ws_px4_controls/install/px4_msgs/include/px4_msgs/px4_msgs/msg/detail/ping__rosidl_typesupport_fastrtps_cpp.hpp\n'}
[0.842664] (px4_msgs) StdoutLine: {'line': b'-- Up-to-date: /home/jmj/pro_asp_ws/ws_px4_controls/install/px4_msgs/include/px4_msgs/px4_msgs/msg/detail/gimbal_manager_set_manual_control__rosidl_typesupport_fastrtps_cpp.hpp\n'}
[0.842691] (px4_msgs) StdoutLine: {'line': b'-- Up-to-date: /home/jmj/pro_asp_ws/ws_px4_controls/install/px4_msgs/include/px4_msgs/px4_msgs/msg/detail/orb_test_medium__rosidl_typesupport_fastrtps_cpp.hpp\n'}
[0.842721] (px4_msgs) StdoutLine: {'line': b'-- Up-to-date: /home/jmj/pro_asp_ws/ws_px4_controls/install/px4_msgs/include/px4_msgs/px4_msgs/msg/detail/sensor_gyro_fft__rosidl_typesupport_fastrtps_cpp.hpp\n'}
[0.842747] (px4_msgs) StdoutLine: {'line': b'-- Up-to-date: /home/jmj/pro_asp_ws/ws_px4_controls/install/px4_msgs/include/px4_msgs/px4_msgs/msg/detail/open_drone_id_operator_id__rosidl_typesupport_fastrtps_cpp.hpp\n'}
[0.842795] (px4_msgs) StdoutLine: {'line': b'-- Up-to-date: /home/jmj/pro_asp_ws/ws_px4_controls/install/px4_msgs/include/px4_msgs/px4_msgs/msg/detail/sensors_status_imu__rosidl_typesupport_fastrtps_cpp.hpp\n'}
[0.842821] (px4_msgs) StdoutLine: {'line': b'-- Up-to-date: /home/jmj/pro_asp_ws/ws_px4_controls/install/px4_msgs/include/px4_msgs/px4_msgs/msg/detail/gps_dump__rosidl_typesupport_fastrtps_cpp.hpp\n'}
[0.842844] (px4_msgs) StdoutLine: {'line': b'-- Up-to-date: /home/jmj/pro_asp_ws/ws_px4_controls/install/px4_msgs/include/px4_msgs/px4_msgs/msg/detail/led_control__rosidl_typesupport_fastrtps_cpp.hpp\n'}
[0.842866] (px4_msgs) StdoutLine: {'line': b'-- Up-to-date: /home/jmj/pro_asp_ws/ws_px4_controls/install/px4_msgs/include/px4_msgs/px4_msgs/msg/detail/sensor_accel__rosidl_typesupport_fastrtps_cpp.hpp\n'}
[0.842887] (px4_msgs) StdoutLine: {'line': b'-- Up-to-date: /home/jmj/pro_asp_ws/ws_px4_controls/install/px4_msgs/include/px4_msgs/px4_msgs/msg/detail/normalized_unsigned_setpoint__rosidl_typesupport_fastrtps_cpp.hpp\n'}
[0.842914] (px4_msgs) StdoutLine: {'line': b'-- Up-to-date: /home/jmj/pro_asp_ws/ws_px4_controls/install/px4_msgs/include/px4_msgs/px4_msgs/msg/detail/actuator_servos__rosidl_typesupport_fastrtps_cpp.hpp\n'}
[0.842935] (px4_msgs) StdoutLine: {'line': b'-- Up-to-date: /home/jmj/pro_asp_ws/ws_px4_controls/install/px4_msgs/include/px4_msgs/px4_msgs/msg/detail/arming_check_request__rosidl_typesupport_fastrtps_cpp.hpp\n'}
[0.842957] (px4_msgs) StdoutLine: {'line': b'-- Up-to-date: /home/jmj/pro_asp_ws/ws_px4_controls/install/px4_msgs/include/px4_msgs/px4_msgs/msg/detail/lateral_control_configuration__rosidl_typesupport_fastrtps_cpp.hpp\n'}
[0.842978] (px4_msgs) StdoutLine: {'line': b'-- Up-to-date: /home/jmj/pro_asp_ws/ws_px4_controls/install/px4_msgs/include/px4_msgs/px4_msgs/msg/detail/rtl_time_estimate__rosidl_typesupport_fastrtps_cpp.hpp\n'}
[0.843000] (px4_msgs) StdoutLine: {'line': b'-- Up-to-date: /home/jmj/pro_asp_ws/ws_px4_controls/install/px4_msgs/include/px4_msgs/px4_msgs/msg/detail/generator_status__rosidl_typesupport_fastrtps_cpp.hpp\n'}
[0.843022] (px4_msgs) StdoutLine: {'line': b'-- Up-to-date: /home/jmj/pro_asp_ws/ws_px4_controls/install/px4_msgs/include/px4_msgs/px4_msgs/msg/detail/estimator_gps_status__rosidl_typesupport_fastrtps_cpp.hpp\n'}
[0.843052] (px4_msgs) StdoutLine: {'line': b'-- Up-to-date: /home/jmj/pro_asp_ws/ws_px4_controls/install/px4_msgs/include/px4_msgs/px4_msgs/msg/detail/gps_inject_data__rosidl_typesupport_fastrtps_cpp.hpp\n'}
[0.843078] (px4_msgs) StdoutLine: {'line': b'-- Up-to-date: /home/jmj/pro_asp_ws/ws_px4_controls/install/px4_msgs/include/px4_msgs/px4_msgs/msg/detail/sensor_mag__rosidl_typesupport_fastrtps_cpp.hpp\n'}
[0.843241] (px4_msgs) StdoutLine: {'line': b'-- Up-to-date: /home/jmj/pro_asp_ws/ws_px4_controls/install/px4_msgs/include/px4_msgs/px4_msgs/msg/detail/gimbal_device_information__rosidl_typesupport_fastrtps_cpp.hpp\n'}
[0.843279] (px4_msgs) StdoutLine: {'line': b'-- Up-to-date: /home/jmj/pro_asp_ws/ws_px4_controls/install/px4_msgs/include/px4_msgs/px4_msgs/msg/detail/velocity_limits__rosidl_typesupport_fastrtps_cpp.hpp\n'}
[0.843315] (px4_msgs) StdoutLine: {'line': b'-- Up-to-date: /home/jmj/pro_asp_ws/ws_px4_controls/install/px4_msgs/include/px4_msgs/px4_msgs/msg/detail/vehicle_global_position__rosidl_typesupport_fastrtps_cpp.hpp\n'}
[0.843352] (px4_msgs) StdoutLine: {'line': b'-- Up-to-date: /home/jmj/pro_asp_ws/ws_px4_controls/install/px4_msgs/include/px4_msgs/px4_msgs/msg/detail/vehicle_constraints__rosidl_typesupport_fastrtps_cpp.hpp\n'}
[0.843483] (px4_msgs) StdoutLine: {'line': b'-- Up-to-date: /home/jmj/pro_asp_ws/ws_px4_controls/install/px4_msgs/include/px4_msgs/px4_msgs/msg/detail/mode_completed__rosidl_typesupport_fastrtps_cpp.hpp\n'}
[0.843535] (px4_msgs) StdoutLine: {'line': b'-- Up-to-date: /home/jmj/pro_asp_ws/ws_px4_controls/install/px4_msgs/include/px4_msgs/px4_msgs/msg/detail/sensor_uwb__rosidl_typesupport_fastrtps_cpp.hpp\n'}
[0.843561] (px4_msgs) StdoutLine: {'line': b'-- Up-to-date: /home/jmj/pro_asp_ws/ws_px4_controls/install/px4_msgs/include/px4_msgs/px4_msgs/msg/detail/home_position__rosidl_typesupport_fastrtps_cpp.hpp\n'}
[0.843593] (px4_msgs) StdoutLine: {'line': b'-- Up-to-date: /home/jmj/pro_asp_ws/ws_px4_controls/install/px4_msgs/include/px4_msgs/px4_msgs/msg/detail/position_setpoint_triplet__rosidl_typesupport_fastrtps_cpp.hpp\n'}
[0.843617] (px4_msgs) StdoutLine: {'line': b'-- Up-to-date: /home/jmj/pro_asp_ws/ws_px4_controls/install/px4_msgs/include/px4_msgs/px4_msgs/msg/detail/offboard_control_mode__rosidl_typesupport_fastrtps_cpp.hpp\n'}
[0.843642] (px4_msgs) StdoutLine: {'line': b'-- Up-to-date: /home/jmj/pro_asp_ws/ws_px4_controls/install/px4_msgs/include/px4_msgs/px4_msgs/msg/detail/message_format_request__rosidl_typesupport_fastrtps_cpp.hpp\n'}
[0.843665] (px4_msgs) StdoutLine: {'line': b'-- Up-to-date: /home/jmj/pro_asp_ws/ws_px4_controls/install/px4_msgs/include/px4_msgs/px4_msgs/msg/detail/longitudinal_control_configuration__rosidl_typesupport_fastrtps_cpp.hpp\n'}
[0.843689] (px4_msgs) StdoutLine: {'line': b'-- Up-to-date: /home/jmj/pro_asp_ws/ws_px4_controls/install/px4_msgs/include/px4_msgs/px4_msgs/msg/detail/rpm__rosidl_typesupport_fastrtps_cpp.hpp\n'}
[0.843711] (px4_msgs) StdoutLine: {'line': b'-- Up-to-date: /home/jmj/pro_asp_ws/ws_px4_controls/install/px4_msgs/include/px4_msgs/px4_msgs/msg/detail/magnetometer_bias_estimate__rosidl_typesupport_fastrtps_cpp.hpp\n'}
[0.843736] (px4_msgs) StdoutLine: {'line': b'-- Up-to-date: /home/jmj/pro_asp_ws/ws_px4_controls/install/px4_msgs/include/px4_msgs/px4_msgs/msg/detail/action_request__rosidl_typesupport_fastrtps_cpp.hpp\n'}
[0.843768] (px4_msgs) StdoutLine: {'line': b'-- Up-to-date: /home/jmj/pro_asp_ws/ws_px4_controls/install/px4_msgs/include/px4_msgs/px4_msgs/msg/detail/vehicle_imu_status__rosidl_typesupport_fastrtps_cpp.hpp\n'}
[0.843794] (px4_msgs) StdoutLine: {'line': b'-- Up-to-date: /home/jmj/pro_asp_ws/ws_px4_controls/install/px4_msgs/include/px4_msgs/px4_msgs/msg/detail/takeoff_status__rosidl_typesupport_fastrtps_cpp.hpp\n'}
[0.843820] (px4_msgs) StdoutLine: {'line': b'-- Up-to-date: /home/jmj/pro_asp_ws/ws_px4_controls/install/px4_msgs/include/px4_msgs/px4_msgs/msg/detail/trajectory_setpoint6dof__rosidl_typesupport_fastrtps_cpp.hpp\n'}
[0.843845] (px4_msgs) StdoutLine: {'line': b'-- Up-to-date: /home/jmj/pro_asp_ws/ws_px4_controls/install/px4_msgs/include/px4_msgs/px4_msgs/msg/detail/orb_test_large__rosidl_typesupport_fastrtps_cpp.hpp\n'}
[0.843870] (px4_msgs) StdoutLine: {'line': b'-- Up-to-date: /home/jmj/pro_asp_ws/ws_px4_controls/install/px4_msgs/include/px4_msgs/px4_msgs/msg/detail/rover_rate_setpoint__rosidl_typesupport_fastrtps_cpp.hpp\n'}
[0.843924] (px4_msgs) StdoutLine: {'line': b'-- Up-to-date: /home/jmj/pro_asp_ws/ws_px4_controls/install/px4_msgs/include/px4_msgs/px4_msgs/msg/detail/geofence_result__rosidl_typesupport_fastrtps_cpp.hpp\n'}
[0.843950] (px4_msgs) StdoutLine: {'line': b'-- Up-to-date: /home/jmj/pro_asp_ws/ws_px4_controls/install/px4_msgs/include/px4_msgs/px4_msgs/msg/detail/uavcan_parameter_value__rosidl_typesupport_fastrtps_cpp.hpp\n'}
[0.843974] (px4_msgs) StdoutLine: {'line': b'-- Up-to-date: /home/jmj/pro_asp_ws/ws_px4_controls/install/px4_msgs/include/px4_msgs/px4_msgs/msg/detail/gripper__rosidl_typesupport_fastrtps_cpp.hpp\n'}
[0.843997] (px4_msgs) StdoutLine: {'line': b'-- Up-to-date: /home/jmj/pro_asp_ws/ws_px4_controls/install/px4_msgs/include/px4_msgs/px4_msgs/msg/detail/debug_array__rosidl_typesupport_fastrtps_cpp.hpp\n'}
[0.844019] (px4_msgs) StdoutLine: {'line': b'-- Up-to-date: /home/jmj/pro_asp_ws/ws_px4_controls/install/px4_msgs/include/px4_msgs/px4_msgs/msg/detail/estimator_aid_source2d__rosidl_typesupport_fastrtps_cpp.hpp\n'}
[0.844048] (px4_msgs) StdoutLine: {'line': b'-- Up-to-date: /home/jmj/pro_asp_ws/ws_px4_controls/install/px4_msgs/include/px4_msgs/px4_msgs/msg/detail/button_event__rosidl_typesupport_fastrtps_cpp.hpp\n'}
[0.844079] (px4_msgs) StdoutLine: {'line': b'-- Up-to-date: /home/jmj/pro_asp_ws/ws_px4_controls/install/px4_msgs/include/px4_msgs/px4_msgs/msg/detail/register_ext_component_request__rosidl_typesupport_fastrtps_cpp.hpp\n'}
[0.844211] (px4_msgs) StdoutLine: {'line': b'-- Up-to-date: /home/jmj/pro_asp_ws/ws_px4_controls/install/px4_msgs/include/px4_msgs/px4_msgs/msg/detail/rtl_status__rosidl_typesupport_fastrtps_cpp.hpp\n'}
[0.844262] (px4_msgs) StdoutLine: {'line': b'-- Up-to-date: /home/jmj/pro_asp_ws/ws_px4_controls/install/px4_msgs/include/px4_msgs/px4_msgs/msg/detail/autotune_attitude_control_status__rosidl_typesupport_fastrtps_cpp.hpp\n'}
[0.844291] (px4_msgs) StdoutLine: {'line': b'-- Up-to-date: /home/jmj/pro_asp_ws/ws_px4_controls/install/px4_msgs/include/px4_msgs/px4_msgs/msg/detail/sensor_optical_flow__rosidl_typesupport_fastrtps_cpp.hpp\n'}
[0.844318] (px4_msgs) StdoutLine: {'line': b'-- Up-to-date: /home/jmj/pro_asp_ws/ws_px4_controls/install/px4_msgs/include/px4_msgs/px4_msgs/msg/detail/rover_steering_setpoint__rosidl_typesupport_fastrtps_cpp.hpp\n'}
[0.844348] (px4_msgs) StdoutLine: {'line': b'-- Up-to-date: /home/jmj/pro_asp_ws/ws_px4_controls/install/px4_msgs/include/px4_msgs/px4_msgs/msg/detail/parameter_update__rosidl_typesupport_fastrtps_cpp.hpp\n'}
[0.844372] (px4_msgs) StdoutLine: {'line': b'-- Up-to-date: /home/jmj/pro_asp_ws/ws_px4_controls/install/px4_msgs/include/px4_msgs/px4_msgs/msg/detail/adc_report__rosidl_typesupport_fastrtps_cpp.hpp\n'}
[0.844424] (px4_msgs) StdoutLine: {'line': b'-- Up-to-date: /home/jmj/pro_asp_ws/ws_px4_controls/install/px4_msgs/include/px4_msgs/px4_msgs/msg/detail/actuator_outputs__rosidl_typesupport_fastrtps_cpp.hpp\n'}
[0.844448] (px4_msgs) StdoutLine: {'line': b'-- Up-to-date: /home/jmj/pro_asp_ws/ws_px4_controls/install/px4_msgs/include/px4_msgs/px4_msgs/msg/detail/gimbal_device_set_attitude__rosidl_typesupport_fastrtps_cpp.hpp\n'}
[0.844473] (px4_msgs) StdoutLine: {'line': b'-- Up-to-date: /home/jmj/pro_asp_ws/ws_px4_controls/install/px4_msgs/include/px4_msgs/px4_msgs/msg/detail/airspeed_validated__rosidl_typesupport_fastrtps_cpp.hpp\n'}
[0.844498] (px4_msgs) StdoutLine: {'line': b'-- Up-to-date: /home/jmj/pro_asp_ws/ws_px4_controls/install/px4_msgs/include/px4_msgs/px4_msgs/msg/detail/task_stack_info__rosidl_typesupport_fastrtps_cpp.hpp\n'}
[0.844524] (px4_msgs) StdoutLine: {'line': b'-- Up-to-date: /home/jmj/pro_asp_ws/ws_px4_controls/install/px4_msgs/include/px4_msgs/px4_msgs/msg/detail/onboard_computer_status__rosidl_typesupport_fastrtps_cpp.hpp\n'}
[0.844548] (px4_msgs) StdoutLine: {'line': b'-- Up-to-date: /home/jmj/pro_asp_ws/ws_px4_controls/install/px4_msgs/include/px4_msgs/px4_msgs/msg/detail/vehicle_odometry__rosidl_typesupport_fastrtps_cpp.hpp\n'}
[0.844572] (px4_msgs) StdoutLine: {'line': b'-- Up-to-date: /home/jmj/pro_asp_ws/ws_px4_controls/install/px4_msgs/include/px4_msgs/px4_msgs/msg/detail/qshell_req__rosidl_typesupport_fastrtps_cpp.hpp\n'}
[0.844610] (px4_msgs) StdoutLine: {'line': b'-- Up-to-date: /home/jmj/pro_asp_ws/ws_px4_controls/install/px4_msgs/include/px4_msgs/px4_msgs/msg/detail/satellite_info__rosidl_typesupport_fastrtps_cpp.hpp\n'}
[0.844633] (px4_msgs) StdoutLine: {'line': b'-- Up-to-date: /home/jmj/pro_asp_ws/ws_px4_controls/install/px4_msgs/include/px4_msgs/px4_msgs/msg/detail/open_drone_id_system__rosidl_typesupport_fastrtps_cpp.hpp\n'}
[0.844656] (px4_msgs) StdoutLine: {'line': b'-- Up-to-date: /home/jmj/pro_asp_ws/ws_px4_controls/install/px4_msgs/include/px4_msgs/px4_msgs/msg/detail/orbit_status__rosidl_typesupport_fastrtps_cpp.hpp\n'}
[0.844679] (px4_msgs) StdoutLine: {'line': b'-- Up-to-date: /home/jmj/pro_asp_ws/ws_px4_controls/install/px4_msgs/include/px4_msgs/px4_msgs/msg/detail/camera_trigger__rosidl_typesupport_fastrtps_cpp.hpp\n'}
[0.844701] (px4_msgs) StdoutLine: {'line': b'-- Up-to-date: /home/jmj/pro_asp_ws/ws_px4_controls/install/px4_msgs/include/px4_msgs/px4_msgs/msg/detail/vehicle_local_position_setpoint__rosidl_typesupport_fastrtps_cpp.hpp\n'}
[0.844724] (px4_msgs) StdoutLine: {'line': b'-- Up-to-date: /home/jmj/pro_asp_ws/ws_px4_controls/install/px4_msgs/include/px4_msgs/px4_msgs/msg/detail/manual_control_switches__rosidl_typesupport_fastrtps_cpp.hpp\n'}
[0.844745] (px4_msgs) StdoutLine: {'line': b'-- Up-to-date: /home/jmj/pro_asp_ws/ws_px4_controls/install/px4_msgs/include/px4_msgs/px4_msgs/msg/detail/sensor_combined__rosidl_typesupport_fastrtps_cpp.hpp\n'}
[0.844780] (px4_msgs) StdoutLine: {'line': b'-- Up-to-date: /home/jmj/pro_asp_ws/ws_px4_controls/install/px4_msgs/include/px4_msgs/px4_msgs/msg/detail/dataman_request__rosidl_typesupport_fastrtps_cpp.hpp\n'}
[0.844815] (px4_msgs) StdoutLine: {'line': b'-- Up-to-date: /home/jmj/pro_asp_ws/ws_px4_controls/install/px4_msgs/include/px4_msgs/px4_msgs/msg/detail/estimator_selector_status__rosidl_typesupport_fastrtps_cpp.hpp\n'}
[0.844842] (px4_msgs) StdoutLine: {'line': b'-- Up-to-date: /home/jmj/pro_asp_ws/ws_px4_controls/install/px4_msgs/include/px4_msgs/px4_msgs/msg/detail/landing_gear__rosidl_typesupport_fastrtps_cpp.hpp\n'}
[0.844864] (px4_msgs) StdoutLine: {'line': b'-- Up-to-date: /home/jmj/pro_asp_ws/ws_px4_controls/install/px4_msgs/include/px4_msgs/px4_msgs/msg/detail/gimbal_manager_set_attitude__rosidl_typesupport_fastrtps_cpp.hpp\n'}
[0.844887] (px4_msgs) StdoutLine: {'line': b'-- Up-to-date: /home/jmj/pro_asp_ws/ws_px4_controls/install/px4_msgs/include/px4_msgs/px4_msgs/msg/detail/failure_detector_status__rosidl_typesupport_fastrtps_cpp.hpp\n'}
[0.844911] (px4_msgs) StdoutLine: {'line': b'-- Up-to-date: /home/jmj/pro_asp_ws/ws_px4_controls/install/px4_msgs/include/px4_msgs/px4_msgs/msg/detail/irlock_report__rosidl_typesupport_fastrtps_cpp.hpp\n'}
[0.844933] (px4_msgs) StdoutLine: {'line': b'-- Up-to-date: /home/jmj/pro_asp_ws/ws_px4_controls/install/px4_msgs/include/px4_msgs/px4_msgs/msg/detail/estimator_innovations__rosidl_typesupport_fastrtps_cpp.hpp\n'}
[0.844955] (px4_msgs) StdoutLine: {'line': b'-- Up-to-date: /home/jmj/pro_asp_ws/ws_px4_controls/install/px4_msgs/include/px4_msgs/px4_msgs/msg/detail/config_overrides__rosidl_typesupport_fastrtps_cpp.hpp\n'}
[0.844976] (px4_msgs) StdoutLine: {'line': b'-- Up-to-date: /home/jmj/pro_asp_ws/ws_px4_controls/install/px4_msgs/include/px4_msgs/px4_msgs/msg/detail/telemetry_status__rosidl_typesupport_fastrtps_cpp.hpp\n'}
[0.844998] (px4_msgs) StdoutLine: {'line': b'-- Up-to-date: /home/jmj/pro_asp_ws/ws_px4_controls/install/px4_msgs/include/px4_msgs/px4_msgs/msg/detail/vehicle_angular_acceleration_setpoint__rosidl_typesupport_fastrtps_cpp.hpp\n'}
[0.845020] (px4_msgs) StdoutLine: {'line': b'-- Up-to-date: /home/jmj/pro_asp_ws/ws_px4_controls/install/px4_msgs/include/px4_msgs/px4_msgs/msg/detail/fixed_wing_lateral_setpoint__rosidl_typesupport_fastrtps_cpp.hpp\n'}
[0.845045] (px4_msgs) StdoutLine: {'line': b'-- Up-to-date: /home/jmj/pro_asp_ws/ws_px4_controls/install/px4_msgs/include/px4_msgs/px4_msgs/msg/detail/vehicle_local_position__rosidl_typesupport_fastrtps_cpp.hpp\n'}
[0.845069] (px4_msgs) StdoutLine: {'line': b'-- Up-to-date: /home/jmj/pro_asp_ws/ws_px4_controls/install/px4_msgs/include/px4_msgs/px4_msgs/msg/detail/actuator_test__rosidl_typesupport_fastrtps_cpp.hpp\n'}
[0.845090] (px4_msgs) StdoutLine: {'line': b'-- Up-to-date: /home/jmj/pro_asp_ws/ws_px4_controls/install/px4_msgs/include/px4_msgs/px4_msgs/msg/detail/landing_target_pose__rosidl_typesupport_fastrtps_cpp.hpp\n'}
[0.845114] (px4_msgs) StdoutLine: {'line': b'-- Up-to-date: /home/jmj/pro_asp_ws/ws_px4_controls/install/px4_msgs/include/px4_msgs/px4_msgs/msg/detail/orb_test__rosidl_typesupport_fastrtps_cpp.hpp\n'}
[0.845139] (px4_msgs) StdoutLine: {'line': b'-- Up-to-date: /home/jmj/pro_asp_ws/ws_px4_controls/install/px4_msgs/include/px4_msgs/px4_msgs/msg/detail/event__rosidl_typesupport_fastrtps_cpp.hpp\n'}
[0.845162] (px4_msgs) StdoutLine: {'line': b'-- Up-to-date: /home/jmj/pro_asp_ws/ws_px4_controls/install/px4_msgs/include/px4_msgs/px4_msgs/msg/detail/vehicle_rates_setpoint__rosidl_typesupport_fastrtps_cpp.hpp\n'}
[0.845186] (px4_msgs) StdoutLine: {'line': b'-- Up-to-date: /home/jmj/pro_asp_ws/ws_px4_controls/install/px4_msgs/include/px4_msgs/px4_msgs/msg/detail/mission_result__rosidl_typesupport_fastrtps_cpp.hpp\n'}
[0.845209] (px4_msgs) StdoutLine: {'line': b'-- Up-to-date: /home/jmj/pro_asp_ws/ws_px4_controls/install/px4_msgs/include/px4_msgs/px4_msgs/msg/detail/gpio_in__rosidl_typesupport_fastrtps_cpp.hpp\n'}
[0.845233] (px4_msgs) StdoutLine: {'line': b'-- Up-to-date: /home/jmj/pro_asp_ws/ws_px4_controls/install/px4_msgs/include/px4_msgs/px4_msgs/msg/detail/obstacle_distance__rosidl_typesupport_fastrtps_cpp.hpp\n'}
[0.845257] (px4_msgs) StdoutLine: {'line': b'-- Up-to-date: /home/jmj/pro_asp_ws/ws_px4_controls/install/px4_msgs/include/px4_msgs/px4_msgs/msg/detail/unregister_ext_component__rosidl_typesupport_fastrtps_cpp.hpp\n'}
[0.845281] (px4_msgs) StdoutLine: {'line': b'-- Up-to-date: /home/jmj/pro_asp_ws/ws_px4_controls/install/px4_msgs/include/px4_msgs/px4_msgs/msg/detail/system_power__rosidl_typesupport_fastrtps_cpp.hpp\n'}
[0.845304] (px4_msgs) StdoutLine: {'line': b'-- Up-to-date: /home/jmj/pro_asp_ws/ws_px4_controls/install/px4_msgs/include/px4_msgs/px4_msgs/msg/detail/fixed_wing_lateral_status__rosidl_typesupport_fastrtps_cpp.hpp\n'}
[0.845328] (px4_msgs) StdoutLine: {'line': b'-- Up-to-date: /home/jmj/pro_asp_ws/ws_px4_controls/install/px4_msgs/include/px4_msgs/px4_msgs/msg/detail/sensor_gps__rosidl_typesupport_fastrtps_cpp.hpp\n'}
[0.845351] (px4_msgs) StdoutLine: {'line': b'-- Up-to-date: /home/jmj/pro_asp_ws/ws_px4_controls/install/px4_msgs/include/px4_msgs/px4_msgs/msg/detail/position_controller_status__rosidl_typesupport_fastrtps_cpp.hpp\n'}
[0.845374] (px4_msgs) StdoutLine: {'line': b'-- Up-to-date: /home/jmj/pro_asp_ws/ws_px4_controls/install/px4_msgs/include/px4_msgs/px4_msgs/msg/detail/vehicle_command_ack__rosidl_typesupport_fastrtps_cpp.hpp\n'}
[0.845398] (px4_msgs) StdoutLine: {'line': b'-- Up-to-date: /home/jmj/pro_asp_ws/ws_px4_controls/install/px4_msgs/include/px4_msgs/px4_msgs/msg/detail/gpio_config__rosidl_typesupport_fastrtps_cpp.hpp\n'}
[0.845422] (px4_msgs) StdoutLine: {'line': b'-- Up-to-date: /home/jmj/pro_asp_ws/ws_px4_controls/install/px4_msgs/include/px4_msgs/px4_msgs/msg/detail/estimator_status__rosidl_typesupport_fastrtps_cpp.hpp\n'}
[0.845446] (px4_msgs) StdoutLine: {'line': b'-- Up-to-date: /home/jmj/pro_asp_ws/ws_px4_controls/install/px4_msgs/include/px4_msgs/px4_msgs/msg/detail/geofence_status__rosidl_typesupport_fastrtps_cpp.hpp\n'}
[0.845489] (px4_msgs) StdoutLine: {'line': b'-- Up-to-date: /home/jmj/pro_asp_ws/ws_px4_controls/install/px4_msgs/include/px4_msgs/px4_msgs/msg/detail/can_interface_status__rosidl_typesupport_fastrtps_cpp.hpp\n'}
[0.845514] (px4_msgs) StdoutLine: {'line': b'-- Up-to-date: /home/jmj/pro_asp_ws/ws_px4_controls/install/px4_msgs/include/px4_msgs/px4_msgs/msg/detail/vehicle_attitude_setpoint__rosidl_typesupport_fastrtps_cpp.hpp\n'}
[0.845537] (px4_msgs) StdoutLine: {'line': b'-- Up-to-date: /home/jmj/pro_asp_ws/ws_px4_controls/install/px4_msgs/include/px4_msgs/px4_msgs/msg/detail/vehicle_control_mode__rosidl_typesupport_fastrtps_cpp.hpp\n'}
[0.845563] (px4_msgs) StdoutLine: {'line': b'-- Up-to-date: /home/jmj/pro_asp_ws/ws_px4_controls/install/px4_msgs/include/px4_msgs/px4_msgs/msg/detail/dataman_response__rosidl_typesupport_fastrtps_cpp.hpp\n'}
[0.845586] (px4_msgs) StdoutLine: {'line': b'-- Up-to-date: /home/jmj/pro_asp_ws/ws_px4_controls/install/px4_msgs/include/px4_msgs/px4_msgs/msg/detail/airspeed_wind__rosidl_typesupport_fastrtps_cpp.hpp\n'}
[0.845610] (px4_msgs) StdoutLine: {'line': b'-- Up-to-date: /home/jmj/pro_asp_ws/ws_px4_controls/install/px4_msgs/include/px4_msgs/px4_msgs/msg/detail/debug_key_value__rosidl_typesupport_fastrtps_cpp.hpp\n'}
[0.845634] (px4_msgs) StdoutLine: {'line': b'-- Up-to-date: /home/jmj/pro_asp_ws/ws_px4_controls/install/px4_msgs/include/px4_msgs/px4_msgs/msg/detail/rover_attitude_setpoint__rosidl_typesupport_fastrtps_cpp.hpp\n'}
[0.845658] (px4_msgs) StdoutLine: {'line': b'-- Up-to-date: /home/jmj/pro_asp_ws/ws_px4_controls/install/px4_msgs/include/px4_msgs/px4_msgs/msg/detail/navigator_status__rosidl_typesupport_fastrtps_cpp.hpp\n'}
[0.845684] (px4_msgs) StdoutLine: {'line': b'-- Up-to-date: /home/jmj/pro_asp_ws/ws_px4_controls/install/px4_msgs/include/px4_msgs/px4_msgs/msg/detail/gimbal_device_attitude_status__rosidl_typesupport_fastrtps_cpp.hpp\n'}
[0.845709] (px4_msgs) StdoutLine: {'line': b'-- Up-to-date: /home/jmj/pro_asp_ws/ws_px4_controls/install/px4_msgs/include/px4_msgs/px4_msgs/msg/detail/qshell_retval__rosidl_typesupport_fastrtps_cpp.hpp\n'}
[0.845732] (px4_msgs) StdoutLine: {'line': b'-- Up-to-date: /home/jmj/pro_asp_ws/ws_px4_controls/install/px4_msgs/include/px4_msgs/px4_msgs/msg/detail/uavcan_parameter_request__rosidl_typesupport_fastrtps_cpp.hpp\n'}
[0.845761] (px4_msgs) StdoutLine: {'line': b'-- Up-to-date: /home/jmj/pro_asp_ws/ws_px4_controls/install/px4_msgs/include/px4_msgs/px4_msgs/msg/detail/vehicle_acceleration__rosidl_typesupport_fastrtps_cpp.hpp\n'}
[0.845787] (px4_msgs) StdoutLine: {'line': b'-- Up-to-date: /home/jmj/pro_asp_ws/ws_px4_controls/install/px4_msgs/include/px4_msgs/px4_msgs/msg/detail/landing_target_innovations__rosidl_typesupport_fastrtps_cpp.hpp\n'}
[0.845811] (px4_msgs) StdoutLine: {'line': b'-- Up-to-date: /home/jmj/pro_asp_ws/ws_px4_controls/install/px4_msgs/include/px4_msgs/px4_msgs/msg/detail/distance_sensor_mode_change_request__rosidl_typesupport_fastrtps_cpp.hpp\n'}
[0.845835] (px4_msgs) StdoutLine: {'line': b'-- Up-to-date: /home/jmj/pro_asp_ws/ws_px4_controls/install/px4_msgs/include/px4_msgs/px4_msgs/msg/detail/transponder_report__rosidl_typesupport_fastrtps_cpp.hpp\n'}
[0.845860] (px4_msgs) StdoutLine: {'line': b'-- Up-to-date: /home/jmj/pro_asp_ws/ws_px4_controls/install/px4_msgs/include/px4_msgs/px4_msgs/msg/detail/tecs_status__rosidl_typesupport_fastrtps_cpp.hpp\n'}
[0.845883] (px4_msgs) StdoutLine: {'line': b'-- Up-to-date: /home/jmj/pro_asp_ws/ws_px4_controls/install/px4_msgs/include/px4_msgs/px4_msgs/msg/detail/fixed_wing_longitudinal_setpoint__rosidl_typesupport_fastrtps_cpp.hpp\n'}
[0.845907] (px4_msgs) StdoutLine: {'line': b'-- Up-to-date: /home/jmj/pro_asp_ws/ws_px4_controls/install/px4_msgs/include/px4_msgs/px4_msgs/msg/detail/pps_capture__rosidl_typesupport_fastrtps_cpp.hpp\n'}
[0.845930] (px4_msgs) StdoutLine: {'line': b'-- Up-to-date: /home/jmj/pro_asp_ws/ws_px4_controls/install/px4_msgs/include/px4_msgs/px4_msgs/msg/detail/parameter_set_value_request__rosidl_typesupport_fastrtps_cpp.hpp\n'}
[0.845954] (px4_msgs) StdoutLine: {'line': b'-- Up-to-date: /home/jmj/pro_asp_ws/ws_px4_controls/install/px4_msgs/include/px4_msgs/px4_msgs/msg/detail/failsafe_flags__rosidl_typesupport_fastrtps_cpp.hpp\n'}
[0.845978] (px4_msgs) StdoutLine: {'line': b'-- Up-to-date: /home/jmj/pro_asp_ws/ws_px4_controls/install/px4_msgs/include/px4_msgs/px4_msgs/msg/detail/mission__rosidl_typesupport_fastrtps_cpp.hpp\n'}
[0.846002] (px4_msgs) StdoutLine: {'line': b'-- Up-to-date: /home/jmj/pro_asp_ws/ws_px4_controls/install/px4_msgs/include/px4_msgs/px4_msgs/msg/detail/sensor_baro__rosidl_typesupport_fastrtps_cpp.hpp\n'}
[0.846083] (px4_msgs) StdoutLine: {'line': b'-- Up-to-date: /home/jmj/pro_asp_ws/ws_px4_controls/install/px4_msgs/include/px4_msgs/px4_msgs/msg/detail/actuator_armed__rosidl_typesupport_fastrtps_cpp.hpp\n'}
[0.846107] (px4_msgs) StdoutLine: {'line': b'-- Up-to-date: /home/jmj/pro_asp_ws/ws_px4_controls/install/px4_msgs/include/px4_msgs/px4_msgs/msg/detail/sensor_correction__rosidl_typesupport_fastrtps_cpp.hpp\n'}
[0.846144] (px4_msgs) StdoutLine: {'line': b'-- Up-to-date: /home/jmj/pro_asp_ws/ws_px4_controls/install/px4_msgs/include/px4_msgs/px4_msgs/msg/detail/rover_velocity_setpoint__rosidl_typesupport_fastrtps_cpp.hpp\n'}
[0.846166] (px4_msgs) StdoutLine: {'line': b'-- Up-to-date: /home/jmj/pro_asp_ws/ws_px4_controls/install/px4_msgs/include/px4_msgs/px4_msgs/msg/detail/sensor_gnss_relative__rosidl_typesupport_fastrtps_cpp.hpp\n'}
[0.846188] (px4_msgs) StdoutLine: {'line': b'-- Up-to-date: /home/jmj/pro_asp_ws/ws_px4_controls/install/px4_msgs/include/px4_msgs/px4_msgs/msg/detail/sensors_status__rosidl_typesupport_fastrtps_cpp.hpp\n'}
[0.846210] (px4_msgs) StdoutLine: {'line': b'-- Up-to-date: /home/jmj/pro_asp_ws/ws_px4_controls/install/px4_msgs/include/px4_msgs/px4_msgs/msg/detail/tiltrotor_extra_controls__rosidl_typesupport_fastrtps_cpp.hpp\n'}
[0.846232] (px4_msgs) StdoutLine: {'line': b'-- Up-to-date: /home/jmj/pro_asp_ws/ws_px4_controls/install/px4_msgs/include/px4_msgs/px4_msgs/msg/detail/sensor_hygrometer__rosidl_typesupport_fastrtps_cpp.hpp\n'}
[0.846254] (px4_msgs) StdoutLine: {'line': b'-- Up-to-date: /home/jmj/pro_asp_ws/ws_px4_controls/install/px4_msgs/include/px4_msgs/px4_msgs/msg/detail/vehicle_air_data__rosidl_typesupport_fastrtps_cpp.hpp\n'}
[0.846278] (px4_msgs) StdoutLine: {'line': b'-- Up-to-date: /home/jmj/pro_asp_ws/ws_px4_controls/install/px4_msgs/include/px4_msgs/px4_msgs/msg/detail/landing_gear_wheel__rosidl_typesupport_fastrtps_cpp.hpp\n'}
[0.846313] (px4_msgs) StdoutLine: {'line': b'-- Up-to-date: /home/jmj/pro_asp_ws/ws_px4_controls/install/px4_msgs/include/px4_msgs/px4_msgs/msg/detail/actuator_controls_status__rosidl_typesupport_fastrtps_cpp.hpp\n'}
[0.846337] (px4_msgs) StdoutLine: {'line': b'-- Up-to-date: /home/jmj/pro_asp_ws/ws_px4_controls/install/px4_msgs/include/px4_msgs/px4_msgs/msg/detail/navigator_mission_item__rosidl_typesupport_fastrtps_cpp.hpp\n'}
[0.846365] (px4_msgs) StdoutLine: {'line': b'-- Up-to-date: /home/jmj/pro_asp_ws/ws_px4_controls/install/px4_msgs/include/px4_msgs/px4_msgs/msg/detail/fixed_wing_runway_control__rosidl_typesupport_fastrtps_cpp.hpp\n'}
[0.846387] (px4_msgs) StdoutLine: {'line': b'-- Up-to-date: /home/jmj/pro_asp_ws/ws_px4_controls/install/px4_msgs/include/px4_msgs/px4_msgs/msg/detail/debug_value__rosidl_typesupport_fastrtps_cpp.hpp\n'}
[0.846409] (px4_msgs) StdoutLine: {'line': b'-- Up-to-date: /home/jmj/pro_asp_ws/ws_px4_controls/install/px4_msgs/include/px4_msgs/px4_msgs/msg/detail/estimator_event_flags__rosidl_typesupport_fastrtps_cpp.hpp\n'}
[0.846431] (px4_msgs) StdoutLine: {'line': b'-- Up-to-date: /home/jmj/pro_asp_ws/ws_px4_controls/install/px4_msgs/include/px4_msgs/px4_msgs/msg/detail/parameter_reset_request__rosidl_typesupport_fastrtps_cpp.hpp\n'}
[0.846453] (px4_msgs) StdoutLine: {'line': b'-- Up-to-date: /home/jmj/pro_asp_ws/ws_px4_controls/install/px4_msgs/include/px4_msgs/px4_msgs/msg/detail/px4io_status__rosidl_typesupport_fastrtps_cpp.hpp\n'}
[0.846475] (px4_msgs) StdoutLine: {'line': b'-- Up-to-date: /home/jmj/pro_asp_ws/ws_px4_controls/install/px4_msgs/include/px4_msgs/px4_msgs/msg/detail/manual_control_setpoint__rosidl_typesupport_fastrtps_cpp.hpp\n'}
[0.846496] (px4_msgs) StdoutLine: {'line': b'-- Up-to-date: /home/jmj/pro_asp_ws/ws_px4_controls/install/px4_msgs/include/px4_msgs/px4_msgs/msg/detail/sensor_gyro_fifo__rosidl_typesupport_fastrtps_cpp.hpp\n'}
[0.846533] (px4_msgs) StdoutLine: {'line': b'-- Up-to-date: /home/jmj/pro_asp_ws/ws_px4_controls/install/px4_msgs/include/px4_msgs/px4_msgs/msg/detail/gimbal_manager_information__rosidl_typesupport_fastrtps_cpp.hpp\n'}
[0.846559] (px4_msgs) StdoutLine: {'line': b'-- Up-to-date: /home/jmj/pro_asp_ws/ws_px4_controls/install/px4_msgs/include/px4_msgs/px4_msgs/msg/detail/ulog_stream__rosidl_typesupport_fastrtps_cpp.hpp\n'}
[0.846582] (px4_msgs) StdoutLine: {'line': b'-- Up-to-date: /home/jmj/pro_asp_ws/ws_px4_controls/install/px4_msgs/include/px4_msgs/px4_msgs/msg/detail/vehicle_command__rosidl_typesupport_fastrtps_cpp.hpp\n'}
[0.846605] (px4_msgs) StdoutLine: {'line': b'-- Up-to-date: /home/jmj/pro_asp_ws/ws_px4_controls/install/px4_msgs/include/px4_msgs/px4_msgs/msg/detail/battery_status__rosidl_typesupport_fastrtps_cpp.hpp\n'}
[0.846629] (px4_msgs) StdoutLine: {'line': b'-- Up-to-date: /home/jmj/pro_asp_ws/ws_px4_controls/install/px4_msgs/include/px4_msgs/px4_msgs/msg/detail/sensor_preflight_mag__rosidl_typesupport_fastrtps_cpp.hpp\n'}
[0.846651] (px4_msgs) StdoutLine: {'line': b'-- Up-to-date: /home/jmj/pro_asp_ws/ws_px4_controls/install/px4_msgs/include/px4_msgs/px4_msgs/msg/detail/timesync_status__rosidl_typesupport_fastrtps_cpp.hpp\n'}
[0.846672] (px4_msgs) StdoutLine: {'line': b'-- Up-to-date: /home/jmj/pro_asp_ws/ws_px4_controls/install/px4_msgs/include/px4_msgs/px4_msgs/msg/detail/estimator_status_flags__rosidl_typesupport_fastrtps_cpp.hpp\n'}
[0.846699] (px4_msgs) StdoutLine: {'line': b'-- Up-to-date: /home/jmj/pro_asp_ws/ws_px4_controls/install/px4_msgs/include/px4_msgs/px4_msgs/msg/rosidl_typesupport_fastrtps_cpp__visibility_control.h\n'}
[0.846723] (px4_msgs) StdoutLine: {'line': b'-- Up-to-date: /home/jmj/pro_asp_ws/ws_px4_controls/install/px4_msgs/lib/libpx4_msgs__rosidl_typesupport_fastrtps_cpp.so\n'}
[0.846746] (px4_msgs) StdoutLine: {'line': b'-- Up-to-date: /home/jmj/pro_asp_ws/ws_px4_controls/install/px4_msgs/include/px4_msgs/px4_msgs\n'}
[0.846779] (px4_msgs) StdoutLine: {'line': b'-- Up-to-date: /home/jmj/pro_asp_ws/ws_px4_controls/install/px4_msgs/include/px4_msgs/px4_msgs/srv\n'}
[0.846804] (px4_msgs) StdoutLine: {'line': b'-- Up-to-date: /home/jmj/pro_asp_ws/ws_px4_controls/install/px4_msgs/include/px4_msgs/px4_msgs/srv/detail\n'}
[0.846841] (px4_msgs) StdoutLine: {'line': b'-- Up-to-date: /home/jmj/pro_asp_ws/ws_px4_controls/install/px4_msgs/include/px4_msgs/px4_msgs/srv/detail/vehicle_command__rosidl_typesupport_introspection_c.h\n'}
[0.846864] (px4_msgs) StdoutLine: {'line': b'-- Up-to-date: /home/jmj/pro_asp_ws/ws_px4_controls/install/px4_msgs/include/px4_msgs/px4_msgs/srv/detail/vehicle_command__type_support.c\n'}
[0.846887] (px4_msgs) StdoutLine: {'line': b'-- Up-to-date: /home/jmj/pro_asp_ws/ws_px4_controls/install/px4_msgs/include/px4_msgs/px4_msgs/msg\n'}
[0.846910] (px4_msgs) StdoutLine: {'line': b'-- Up-to-date: /home/jmj/pro_asp_ws/ws_px4_controls/install/px4_msgs/include/px4_msgs/px4_msgs/msg/detail\n'}
[0.846933] (px4_msgs) StdoutLine: {'line': b'-- Up-to-date: /home/jmj/pro_asp_ws/ws_px4_controls/install/px4_msgs/include/px4_msgs/px4_msgs/msg/detail/sensor_gnss_relative__type_support.c\n'}
[0.846958] (px4_msgs) StdoutLine: {'line': b'-- Up-to-date: /home/jmj/pro_asp_ws/ws_px4_controls/install/px4_msgs/include/px4_msgs/px4_msgs/msg/detail/collision_constraints__rosidl_typesupport_introspection_c.h\n'}
[0.846981] (px4_msgs) StdoutLine: {'line': b'-- Up-to-date: /home/jmj/pro_asp_ws/ws_px4_controls/install/px4_msgs/include/px4_msgs/px4_msgs/msg/detail/parameter_update__type_support.c\n'}
[0.847008] (px4_msgs) StdoutLine: {'line': b'-- Up-to-date: /home/jmj/pro_asp_ws/ws_px4_controls/install/px4_msgs/include/px4_msgs/px4_msgs/msg/detail/input_rc__type_support.c\n'}
[0.847032] (px4_msgs) StdoutLine: {'line': b'-- Up-to-date: /home/jmj/pro_asp_ws/ws_px4_controls/install/px4_msgs/include/px4_msgs/px4_msgs/msg/detail/camera_capture__rosidl_typesupport_introspection_c.h\n'}
[0.847062] (px4_msgs) StdoutLine: {'line': b'-- Up-to-date: /home/jmj/pro_asp_ws/ws_px4_controls/install/px4_msgs/include/px4_msgs/px4_msgs/msg/detail/health_report__type_support.c\n'}
[0.847087] (px4_msgs) StdoutLine: {'line': b'-- Up-to-date: /home/jmj/pro_asp_ws/ws_px4_controls/install/px4_msgs/include/px4_msgs/px4_msgs/msg/detail/mount_orientation__rosidl_typesupport_introspection_c.h\n'}
[0.847130] (px4_msgs) StdoutLine: {'line': b'-- Up-to-date: /home/jmj/pro_asp_ws/ws_px4_controls/install/px4_msgs/include/px4_msgs/px4_msgs/msg/detail/estimator_bias__type_support.c\n'}
[0.847155] (px4_msgs) StdoutLine: {'line': b'-- Up-to-date: /home/jmj/pro_asp_ws/ws_px4_controls/install/px4_msgs/include/px4_msgs/px4_msgs/msg/detail/vehicle_optical_flow__rosidl_typesupport_introspection_c.h\n'}
[0.847198] (px4_msgs) StdoutLine: {'line': b'-- Up-to-date: /home/jmj/pro_asp_ws/ws_px4_controls/install/px4_msgs/include/px4_msgs/px4_msgs/msg/detail/vehicle_local_position__rosidl_typesupport_introspection_c.h\n'}
[0.847223] (px4_msgs) StdoutLine: {'line': b'-- Up-to-date: /home/jmj/pro_asp_ws/ws_px4_controls/install/px4_msgs/include/px4_msgs/px4_msgs/msg/detail/estimator_bias3d__type_support.c\n'}
[0.847246] (px4_msgs) StdoutLine: {'line': b'-- Up-to-date: /home/jmj/pro_asp_ws/ws_px4_controls/install/px4_msgs/include/px4_msgs/px4_msgs/msg/detail/estimator_states__rosidl_typesupport_introspection_c.h\n'}
[0.847268] (px4_msgs) StdoutLine: {'line': b'-- Up-to-date: /home/jmj/pro_asp_ws/ws_px4_controls/install/px4_msgs/include/px4_msgs/px4_msgs/msg/detail/position_controller_landing_status__rosidl_typesupport_introspection_c.h\n'}
[0.847291] (px4_msgs) StdoutLine: {'line': b'-- Up-to-date: /home/jmj/pro_asp_ws/ws_px4_controls/install/px4_msgs/include/px4_msgs/px4_msgs/msg/detail/vehicle_imu__rosidl_typesupport_introspection_c.h\n'}
[0.847318] (px4_msgs) StdoutLine: {'line': b'-- Up-to-date: /home/jmj/pro_asp_ws/ws_px4_controls/install/px4_msgs/include/px4_msgs/px4_msgs/msg/detail/landing_target_pose__rosidl_typesupport_introspection_c.h\n'}
[0.847341] (px4_msgs) StdoutLine: {'line': b'-- Up-to-date: /home/jmj/pro_asp_ws/ws_px4_controls/install/px4_msgs/include/px4_msgs/px4_msgs/msg/detail/parameter_update__rosidl_typesupport_introspection_c.h\n'}
[0.847363] (px4_msgs) StdoutLine: {'line': b'-- Up-to-date: /home/jmj/pro_asp_ws/ws_px4_controls/install/px4_msgs/include/px4_msgs/px4_msgs/msg/detail/gpio_out__rosidl_typesupport_introspection_c.h\n'}
[0.847399] (px4_msgs) StdoutLine: {'line': b'-- Up-to-date: /home/jmj/pro_asp_ws/ws_px4_controls/install/px4_msgs/include/px4_msgs/px4_msgs/msg/detail/takeoff_status__type_support.c\n'}
[0.847425] (px4_msgs) StdoutLine: {'line': b'-- Up-to-date: /home/jmj/pro_asp_ws/ws_px4_controls/install/px4_msgs/include/px4_msgs/px4_msgs/msg/detail/yaw_estimator_status__type_support.c\n'}
[0.847448] (px4_msgs) StdoutLine: {'line': b'-- Up-to-date: /home/jmj/pro_asp_ws/ws_px4_controls/install/px4_msgs/include/px4_msgs/px4_msgs/msg/detail/debug_vect__rosidl_typesupport_introspection_c.h\n'}
[0.847471] (px4_msgs) StdoutLine: {'line': b'-- Up-to-date: /home/jmj/pro_asp_ws/ws_px4_controls/install/px4_msgs/include/px4_msgs/px4_msgs/msg/detail/onboard_computer_status__rosidl_typesupport_introspection_c.h\n'}
[0.847495] (px4_msgs) StdoutLine: {'line': b'-- Up-to-date: /home/jmj/pro_asp_ws/ws_px4_controls/install/px4_msgs/include/px4_msgs/px4_msgs/msg/detail/sensor_preflight_mag__type_support.c\n'}
[0.847517] (px4_msgs) StdoutLine: {'line': b'-- Up-to-date: /home/jmj/pro_asp_ws/ws_px4_controls/install/px4_msgs/include/px4_msgs/px4_msgs/msg/detail/gimbal_manager_status__type_support.c\n'}
[0.847540] (px4_msgs) StdoutLine: {'line': b'-- Up-to-date: /home/jmj/pro_asp_ws/ws_px4_controls/install/px4_msgs/include/px4_msgs/px4_msgs/msg/detail/sensor_combined__rosidl_typesupport_introspection_c.h\n'}
[0.847562] (px4_msgs) StdoutLine: {'line': b'-- Up-to-date: /home/jmj/pro_asp_ws/ws_px4_controls/install/px4_msgs/include/px4_msgs/px4_msgs/msg/detail/gimbal_controls__rosidl_typesupport_introspection_c.h\n'}
[0.847584] (px4_msgs) StdoutLine: {'line': b'-- Up-to-date: /home/jmj/pro_asp_ws/ws_px4_controls/install/px4_msgs/include/px4_msgs/px4_msgs/msg/detail/log_message__rosidl_typesupport_introspection_c.h\n'}
[0.847607] (px4_msgs) StdoutLine: {'line': b'-- Up-to-date: /home/jmj/pro_asp_ws/ws_px4_controls/install/px4_msgs/include/px4_msgs/px4_msgs/msg/detail/vehicle_local_position_setpoint__rosidl_typesupport_introspection_c.h\n'}
[0.847638] (px4_msgs) StdoutLine: {'line': b'-- Up-to-date: /home/jmj/pro_asp_ws/ws_px4_controls/install/px4_msgs/include/px4_msgs/px4_msgs/msg/detail/fixed_wing_runway_control__rosidl_typesupport_introspection_c.h\n'}
[0.847676] (px4_msgs) StdoutLine: {'line': b'-- Up-to-date: /home/jmj/pro_asp_ws/ws_px4_controls/install/px4_msgs/include/px4_msgs/px4_msgs/msg/detail/event__type_support.c\n'}
[0.847711] (px4_msgs) StdoutLine: {'line': b'-- Up-to-date: /home/jmj/pro_asp_ws/ws_px4_controls/install/px4_msgs/include/px4_msgs/px4_msgs/msg/detail/estimator_status__rosidl_typesupport_introspection_c.h\n'}
[0.847739] (px4_msgs) StdoutLine: {'line': b'-- Up-to-date: /home/jmj/pro_asp_ws/ws_px4_controls/install/px4_msgs/include/px4_msgs/px4_msgs/msg/detail/mode_completed__rosidl_typesupport_introspection_c.h\n'}
[0.847813] (px4_msgs) StdoutLine: {'line': b'-- Up-to-date: /home/jmj/pro_asp_ws/ws_px4_controls/install/px4_msgs/include/px4_msgs/px4_msgs/msg/detail/actuator_armed__rosidl_typesupport_introspection_c.h\n'}
[0.847841] (px4_msgs) StdoutLine: {'line': b'-- Up-to-date: /home/jmj/pro_asp_ws/ws_px4_controls/install/px4_msgs/include/px4_msgs/px4_msgs/msg/detail/autotune_attitude_control_status__type_support.c\n'}
[0.847882] (px4_msgs) StdoutLine: {'line': b'-- Up-to-date: /home/jmj/pro_asp_ws/ws_px4_controls/install/px4_msgs/include/px4_msgs/px4_msgs/msg/detail/rover_attitude_setpoint__type_support.c\n'}
[0.847914] (px4_msgs) StdoutLine: {'line': b'-- Up-to-date: /home/jmj/pro_asp_ws/ws_px4_controls/install/px4_msgs/include/px4_msgs/px4_msgs/msg/detail/debug_vect__type_support.c\n'}
[0.847944] (px4_msgs) StdoutLine: {'line': b'-- Up-to-date: /home/jmj/pro_asp_ws/ws_px4_controls/install/px4_msgs/include/px4_msgs/px4_msgs/msg/detail/tune_control__type_support.c\n'}
[0.847980] (px4_msgs) StdoutLine: {'line': b'-- Up-to-date: /home/jmj/pro_asp_ws/ws_px4_controls/install/px4_msgs/include/px4_msgs/px4_msgs/msg/detail/uavcan_parameter_value__type_support.c\n'}
[0.848018] (px4_msgs) StdoutLine: {'line': b'-- Up-to-date: /home/jmj/pro_asp_ws/ws_px4_controls/install/px4_msgs/include/px4_msgs/px4_msgs/msg/detail/manual_control_setpoint__rosidl_typesupport_introspection_c.h\n'}
[0.848066] (px4_msgs) StdoutLine: {'line': b'-- Up-to-date: /home/jmj/pro_asp_ws/ws_px4_controls/install/px4_msgs/include/px4_msgs/px4_msgs/msg/detail/mount_orientation__type_support.c\n'}
[0.848143] (px4_msgs) StdoutLine: {'line': b'-- Up-to-date: /home/jmj/pro_asp_ws/ws_px4_controls/install/px4_msgs/include/px4_msgs/px4_msgs/msg/detail/actuator_motors__type_support.c\n'}
[0.848199] (px4_msgs) StdoutLine: {'line': b'-- Up-to-date: /home/jmj/pro_asp_ws/ws_px4_controls/install/px4_msgs/include/px4_msgs/px4_msgs/msg/detail/manual_control_switches__type_support.c\n'}
[0.848229] (px4_msgs) StdoutLine: {'line': b'-- Up-to-date: /home/jmj/pro_asp_ws/ws_px4_controls/install/px4_msgs/include/px4_msgs/px4_msgs/msg/detail/rover_rate_setpoint__rosidl_typesupport_introspection_c.h\n'}
[0.848254] (px4_msgs) StdoutLine: {'line': b'-- Up-to-date: /home/jmj/pro_asp_ws/ws_px4_controls/install/px4_msgs/include/px4_msgs/px4_msgs/msg/detail/message_format_request__rosidl_typesupport_introspection_c.h\n'}
[0.848279] (px4_msgs) StdoutLine: {'line': b'-- Up-to-date: /home/jmj/pro_asp_ws/ws_px4_controls/install/px4_msgs/include/px4_msgs/px4_msgs/msg/detail/gimbal_manager_information__rosidl_typesupport_introspection_c.h\n'}
[0.848308] (px4_msgs) StdoutLine: {'line': b'-- Up-to-date: /home/jmj/pro_asp_ws/ws_px4_controls/install/px4_msgs/include/px4_msgs/px4_msgs/msg/detail/ulog_stream__rosidl_typesupport_introspection_c.h\n'}
[0.848333] (px4_msgs) StdoutLine: {'line': b'-- Up-to-date: /home/jmj/pro_asp_ws/ws_px4_controls/install/px4_msgs/include/px4_msgs/px4_msgs/msg/detail/vehicle_global_position__rosidl_typesupport_introspection_c.h\n'}
[0.848359] (px4_msgs) StdoutLine: {'line': b'-- Up-to-date: /home/jmj/pro_asp_ws/ws_px4_controls/install/px4_msgs/include/px4_msgs/px4_msgs/msg/detail/vehicle_optical_flow_vel__type_support.c\n'}
[0.848410] (px4_msgs) StdoutLine: {'line': b'-- Up-to-date: /home/jmj/pro_asp_ws/ws_px4_controls/install/px4_msgs/include/px4_msgs/px4_msgs/msg/detail/gimbal_manager_set_attitude__type_support.c\n'}
[0.848434] (px4_msgs) StdoutLine: {'line': b'-- Up-to-date: /home/jmj/pro_asp_ws/ws_px4_controls/install/px4_msgs/include/px4_msgs/px4_msgs/msg/detail/estimator_event_flags__rosidl_typesupport_introspection_c.h\n'}
[0.848457] (px4_msgs) StdoutLine: {'line': b'-- Up-to-date: /home/jmj/pro_asp_ws/ws_px4_controls/install/px4_msgs/include/px4_msgs/px4_msgs/msg/detail/estimator_aid_source2d__type_support.c\n'}
[0.848481] (px4_msgs) StdoutLine: {'line': b'-- Up-to-date: /home/jmj/pro_asp_ws/ws_px4_controls/install/px4_msgs/include/px4_msgs/px4_msgs/msg/detail/flight_phase_estimation__type_support.c\n'}
[0.848503] (px4_msgs) StdoutLine: {'line': b'-- Up-to-date: /home/jmj/pro_asp_ws/ws_px4_controls/install/px4_msgs/include/px4_msgs/px4_msgs/msg/detail/system_power__rosidl_typesupport_introspection_c.h\n'}
[0.848527] (px4_msgs) StdoutLine: {'line': b'-- Up-to-date: /home/jmj/pro_asp_ws/ws_px4_controls/install/px4_msgs/include/px4_msgs/px4_msgs/msg/detail/follow_target_estimator__rosidl_typesupport_introspection_c.h\n'}
[0.848551] (px4_msgs) StdoutLine: {'line': b'-- Up-to-date: /home/jmj/pro_asp_ws/ws_px4_controls/install/px4_msgs/include/px4_msgs/px4_msgs/msg/detail/position_setpoint__type_support.c\n'}
[0.848573] (px4_msgs) StdoutLine: {'line': b'-- Up-to-date: /home/jmj/pro_asp_ws/ws_px4_controls/install/px4_msgs/include/px4_msgs/px4_msgs/msg/detail/dataman_response__rosidl_typesupport_introspection_c.h\n'}
[0.848598] (px4_msgs) StdoutLine: {'line': b'-- Up-to-date: /home/jmj/pro_asp_ws/ws_px4_controls/install/px4_msgs/include/px4_msgs/px4_msgs/msg/detail/sensor_gyro__type_support.c\n'}
[0.848625] (px4_msgs) StdoutLine: {'line': b'-- Up-to-date: /home/jmj/pro_asp_ws/ws_px4_controls/install/px4_msgs/include/px4_msgs/px4_msgs/msg/detail/hover_thrust_estimate__type_support.c\n'}
[0.848650] (px4_msgs) StdoutLine: {'line': b'-- Up-to-date: /home/jmj/pro_asp_ws/ws_px4_controls/install/px4_msgs/include/px4_msgs/px4_msgs/msg/detail/lateral_control_configuration__rosidl_typesupport_introspection_c.h\n'}
[0.848691] (px4_msgs) StdoutLine: {'line': b'-- Up-to-date: /home/jmj/pro_asp_ws/ws_px4_controls/install/px4_msgs/include/px4_msgs/px4_msgs/msg/detail/iridiumsbd_status__rosidl_typesupport_introspection_c.h\n'}
[0.848714] (px4_msgs) StdoutLine: {'line': b'-- Up-to-date: /home/jmj/pro_asp_ws/ws_px4_controls/install/px4_msgs/include/px4_msgs/px4_msgs/msg/detail/parameter_set_used_request__rosidl_typesupport_introspection_c.h\n'}
[0.848736] (px4_msgs) StdoutLine: {'line': b'-- Up-to-date: /home/jmj/pro_asp_ws/ws_px4_controls/install/px4_msgs/include/px4_msgs/px4_msgs/msg/detail/parameter_reset_request__type_support.c\n'}
[0.848763] (px4_msgs) StdoutLine: {'line': b'-- Up-to-date: /home/jmj/pro_asp_ws/ws_px4_controls/install/px4_msgs/include/px4_msgs/px4_msgs/msg/detail/open_drone_id_system__rosidl_typesupport_introspection_c.h\n'}
[0.848787] (px4_msgs) StdoutLine: {'line': b'-- Up-to-date: /home/jmj/pro_asp_ws/ws_px4_controls/install/px4_msgs/include/px4_msgs/px4_msgs/msg/detail/home_position__rosidl_typesupport_introspection_c.h\n'}
[0.848810] (px4_msgs) StdoutLine: {'line': b'-- Up-to-date: /home/jmj/pro_asp_ws/ws_px4_controls/install/px4_msgs/include/px4_msgs/px4_msgs/msg/detail/gimbal_manager_set_attitude__rosidl_typesupport_introspection_c.h\n'}
[0.848837] (px4_msgs) StdoutLine: {'line': b'-- Up-to-date: /home/jmj/pro_asp_ws/ws_px4_controls/install/px4_msgs/include/px4_msgs/px4_msgs/msg/detail/fixed_wing_lateral_setpoint__rosidl_typesupport_introspection_c.h\n'}
[0.848862] (px4_msgs) StdoutLine: {'line': b'-- Up-to-date: /home/jmj/pro_asp_ws/ws_px4_controls/install/px4_msgs/include/px4_msgs/px4_msgs/msg/detail/vehicle_status__rosidl_typesupport_introspection_c.h\n'}
[0.848887] (px4_msgs) StdoutLine: {'line': b'-- Up-to-date: /home/jmj/pro_asp_ws/ws_px4_controls/install/px4_msgs/include/px4_msgs/px4_msgs/msg/detail/radio_status__type_support.c\n'}
[0.848926] (px4_msgs) StdoutLine: {'line': b'-- Up-to-date: /home/jmj/pro_asp_ws/ws_px4_controls/install/px4_msgs/include/px4_msgs/px4_msgs/msg/detail/airspeed__type_support.c\n'}
[0.848953] (px4_msgs) StdoutLine: {'line': b'-- Up-to-date: /home/jmj/pro_asp_ws/ws_px4_controls/install/px4_msgs/include/px4_msgs/px4_msgs/msg/detail/heater_status__rosidl_typesupport_introspection_c.h\n'}
[0.848977] (px4_msgs) StdoutLine: {'line': b'-- Up-to-date: /home/jmj/pro_asp_ws/ws_px4_controls/install/px4_msgs/include/px4_msgs/px4_msgs/msg/detail/airspeed_validated__type_support.c\n'}
[0.849017] (px4_msgs) StdoutLine: {'line': b'-- Up-to-date: /home/jmj/pro_asp_ws/ws_px4_controls/install/px4_msgs/include/px4_msgs/px4_msgs/msg/detail/estimator_aid_source3d__type_support.c\n'}
[0.849040] (px4_msgs) StdoutLine: {'line': b'-- Up-to-date: /home/jmj/pro_asp_ws/ws_px4_controls/install/px4_msgs/include/px4_msgs/px4_msgs/msg/detail/vehicle_command__rosidl_typesupport_introspection_c.h\n'}
[0.849063] (px4_msgs) StdoutLine: {'line': b'-- Up-to-date: /home/jmj/pro_asp_ws/ws_px4_controls/install/px4_msgs/include/px4_msgs/px4_msgs/msg/detail/vtol_vehicle_status__type_support.c\n'}
[0.849085] (px4_msgs) StdoutLine: {'line': b'-- Up-to-date: /home/jmj/pro_asp_ws/ws_px4_controls/install/px4_msgs/include/px4_msgs/px4_msgs/msg/detail/vehicle_angular_acceleration_setpoint__type_support.c\n'}
[0.849109] (px4_msgs) StdoutLine: {'line': b'-- Up-to-date: /home/jmj/pro_asp_ws/ws_px4_controls/install/px4_msgs/include/px4_msgs/px4_msgs/msg/detail/goto_setpoint__rosidl_typesupport_introspection_c.h\n'}
[0.849132] (px4_msgs) StdoutLine: {'line': b'-- Up-to-date: /home/jmj/pro_asp_ws/ws_px4_controls/install/px4_msgs/include/px4_msgs/px4_msgs/msg/detail/rover_velocity_status__type_support.c\n'}
[0.849154] (px4_msgs) StdoutLine: {'line': b'-- Up-to-date: /home/jmj/pro_asp_ws/ws_px4_controls/install/px4_msgs/include/px4_msgs/px4_msgs/msg/detail/dataman_request__type_support.c\n'}
[0.849177] (px4_msgs) StdoutLine: {'line': b'-- Up-to-date: /home/jmj/pro_asp_ws/ws_px4_controls/install/px4_msgs/include/px4_msgs/px4_msgs/msg/detail/landing_target_innovations__rosidl_typesupport_introspection_c.h\n'}
[0.849200] (px4_msgs) StdoutLine: {'line': b'-- Up-to-date: /home/jmj/pro_asp_ws/ws_px4_controls/install/px4_msgs/include/px4_msgs/px4_msgs/msg/detail/rtl_time_estimate__type_support.c\n'}
[0.849224] (px4_msgs) StdoutLine: {'line': b'-- Up-to-date: /home/jmj/pro_asp_ws/ws_px4_controls/install/px4_msgs/include/px4_msgs/px4_msgs/msg/detail/tecs_status__rosidl_typesupport_introspection_c.h\n'}
[0.849248] (px4_msgs) StdoutLine: {'line': b'-- Up-to-date: /home/jmj/pro_asp_ws/ws_px4_controls/install/px4_msgs/include/px4_msgs/px4_msgs/msg/detail/camera_status__type_support.c\n'}
[0.849273] (px4_msgs) StdoutLine: {'line': b'-- Up-to-date: /home/jmj/pro_asp_ws/ws_px4_controls/install/px4_msgs/include/px4_msgs/px4_msgs/msg/detail/timesync_status__type_support.c\n'}
[0.849300] (px4_msgs) StdoutLine: {'line': b'-- Up-to-date: /home/jmj/pro_asp_ws/ws_px4_controls/install/px4_msgs/include/px4_msgs/px4_msgs/msg/detail/vehicle_local_position__type_support.c\n'}
[0.849326] (px4_msgs) StdoutLine: {'line': b'-- Up-to-date: /home/jmj/pro_asp_ws/ws_px4_controls/install/px4_msgs/include/px4_msgs/px4_msgs/msg/detail/sensor_uwb__type_support.c\n'}
[0.849353] (px4_msgs) StdoutLine: {'line': b'-- Up-to-date: /home/jmj/pro_asp_ws/ws_px4_controls/install/px4_msgs/include/px4_msgs/px4_msgs/msg/detail/register_ext_component_reply__rosidl_typesupport_introspection_c.h\n'}
[0.849394] (px4_msgs) StdoutLine: {'line': b'-- Up-to-date: /home/jmj/pro_asp_ws/ws_px4_controls/install/px4_msgs/include/px4_msgs/px4_msgs/msg/detail/gimbal_device_information__rosidl_typesupport_introspection_c.h\n'}
[0.849417] (px4_msgs) StdoutLine: {'line': b'-- Up-to-date: /home/jmj/pro_asp_ws/ws_px4_controls/install/px4_msgs/include/px4_msgs/px4_msgs/msg/detail/distance_sensor__rosidl_typesupport_introspection_c.h\n'}
[0.849439] (px4_msgs) StdoutLine: {'line': b'-- Up-to-date: /home/jmj/pro_asp_ws/ws_px4_controls/install/px4_msgs/include/px4_msgs/px4_msgs/msg/detail/vehicle_rates_setpoint__type_support.c\n'}
[0.849464] (px4_msgs) StdoutLine: {'line': b'-- Up-to-date: /home/jmj/pro_asp_ws/ws_px4_controls/install/px4_msgs/include/px4_msgs/px4_msgs/msg/detail/geofence_result__rosidl_typesupport_introspection_c.h\n'}
[0.849485] (px4_msgs) StdoutLine: {'line': b'-- Up-to-date: /home/jmj/pro_asp_ws/ws_px4_controls/install/px4_msgs/include/px4_msgs/px4_msgs/msg/detail/position_controller_status__rosidl_typesupport_introspection_c.h\n'}
[0.849507] (px4_msgs) StdoutLine: {'line': b'-- Up-to-date: /home/jmj/pro_asp_ws/ws_px4_controls/install/px4_msgs/include/px4_msgs/px4_msgs/msg/detail/gpio_request__rosidl_typesupport_introspection_c.h\n'}
[0.849529] (px4_msgs) StdoutLine: {'line': b'-- Up-to-date: /home/jmj/pro_asp_ws/ws_px4_controls/install/px4_msgs/include/px4_msgs/px4_msgs/msg/detail/parameter_set_value_request__rosidl_typesupport_introspection_c.h\n'}
[0.849566] (px4_msgs) StdoutLine: {'line': b'-- Up-to-date: /home/jmj/pro_asp_ws/ws_px4_controls/install/px4_msgs/include/px4_msgs/px4_msgs/msg/detail/camera_status__rosidl_typesupport_introspection_c.h\n'}
[0.849591] (px4_msgs) StdoutLine: {'line': b'-- Up-to-date: /home/jmj/pro_asp_ws/ws_px4_controls/install/px4_msgs/include/px4_msgs/px4_msgs/msg/detail/orb_test_large__rosidl_typesupport_introspection_c.h\n'}
[0.849617] (px4_msgs) StdoutLine: {'line': b'-- Up-to-date: /home/jmj/pro_asp_ws/ws_px4_controls/install/px4_msgs/include/px4_msgs/px4_msgs/msg/detail/open_drone_id_self_id__rosidl_typesupport_introspection_c.h\n'}
[0.849640] (px4_msgs) StdoutLine: {'line': b'-- Up-to-date: /home/jmj/pro_asp_ws/ws_px4_controls/install/px4_msgs/include/px4_msgs/px4_msgs/msg/detail/estimator_bias3d__rosidl_typesupport_introspection_c.h\n'}
[0.849663] (px4_msgs) StdoutLine: {'line': b'-- Up-to-date: /home/jmj/pro_asp_ws/ws_px4_controls/install/px4_msgs/include/px4_msgs/px4_msgs/msg/detail/config_overrides__rosidl_typesupport_introspection_c.h\n'}
[0.849686] (px4_msgs) StdoutLine: {'line': b'-- Up-to-date: /home/jmj/pro_asp_ws/ws_px4_controls/install/px4_msgs/include/px4_msgs/px4_msgs/msg/detail/vehicle_roi__type_support.c\n'}
[0.849709] (px4_msgs) StdoutLine: {'line': b'-- Up-to-date: /home/jmj/pro_asp_ws/ws_px4_controls/install/px4_msgs/include/px4_msgs/px4_msgs/msg/detail/fixed_wing_lateral_status__type_support.c\n'}
[0.849731] (px4_msgs) StdoutLine: {'line': b'-- Up-to-date: /home/jmj/pro_asp_ws/ws_px4_controls/install/px4_msgs/include/px4_msgs/px4_msgs/msg/detail/rover_attitude_status__rosidl_typesupport_introspection_c.h\n'}
[0.849758] (px4_msgs) StdoutLine: {'line': b'-- Up-to-date: /home/jmj/pro_asp_ws/ws_px4_controls/install/px4_msgs/include/px4_msgs/px4_msgs/msg/detail/gimbal_device_attitude_status__type_support.c\n'}
[0.849781] (px4_msgs) StdoutLine: {'line': b'-- Up-to-date: /home/jmj/pro_asp_ws/ws_px4_controls/install/px4_msgs/include/px4_msgs/px4_msgs/msg/detail/tiltrotor_extra_controls__rosidl_typesupport_introspection_c.h\n'}
[0.849804] (px4_msgs) StdoutLine: {'line': b'-- Up-to-date: /home/jmj/pro_asp_ws/ws_px4_controls/install/px4_msgs/include/px4_msgs/px4_msgs/msg/detail/action_request__type_support.c\n'}
[0.849827] (px4_msgs) StdoutLine: {'line': b'-- Up-to-date: /home/jmj/pro_asp_ws/ws_px4_controls/install/px4_msgs/include/px4_msgs/px4_msgs/msg/detail/sensor_accel_fifo__type_support.c\n'}
[0.849864] (px4_msgs) StdoutLine: {'line': b'-- Up-to-date: /home/jmj/pro_asp_ws/ws_px4_controls/install/px4_msgs/include/px4_msgs/px4_msgs/msg/detail/vehicle_optical_flow_vel__rosidl_typesupport_introspection_c.h\n'}
[0.849886] (px4_msgs) StdoutLine: {'line': b'-- Up-to-date: /home/jmj/pro_asp_ws/ws_px4_controls/install/px4_msgs/include/px4_msgs/px4_msgs/msg/detail/vehicle_air_data__rosidl_typesupport_introspection_c.h\n'}
[0.849909] (px4_msgs) StdoutLine: {'line': b'-- Up-to-date: /home/jmj/pro_asp_ws/ws_px4_controls/install/px4_msgs/include/px4_msgs/px4_msgs/msg/detail/longitudinal_control_configuration__rosidl_typesupport_introspection_c.h\n'}
[0.849936] (px4_msgs) StdoutLine: {'line': b'-- Up-to-date: /home/jmj/pro_asp_ws/ws_px4_controls/install/px4_msgs/include/px4_msgs/px4_msgs/msg/detail/rover_velocity_setpoint__type_support.c\n'}
[0.849960] (px4_msgs) StdoutLine: {'line': b'-- Up-to-date: /home/jmj/pro_asp_ws/ws_px4_controls/install/px4_msgs/include/px4_msgs/px4_msgs/msg/detail/vehicle_control_mode__type_support.c\n'}
[0.849985] (px4_msgs) StdoutLine: {'line': b'-- Up-to-date: /home/jmj/pro_asp_ws/ws_px4_controls/install/px4_msgs/include/px4_msgs/px4_msgs/msg/detail/internal_combustion_engine_control__type_support.c\n'}
[0.850009] (px4_msgs) StdoutLine: {'line': b'-- Up-to-date: /home/jmj/pro_asp_ws/ws_px4_controls/install/px4_msgs/include/px4_msgs/px4_msgs/msg/detail/velocity_limits__rosidl_typesupport_introspection_c.h\n'}
[0.850048] (px4_msgs) StdoutLine: {'line': b'-- Up-to-date: /home/jmj/pro_asp_ws/ws_px4_controls/install/px4_msgs/include/px4_msgs/px4_msgs/msg/detail/vehicle_angular_velocity__type_support.c\n'}
[0.850072] (px4_msgs) StdoutLine: {'line': b'-- Up-to-date: /home/jmj/pro_asp_ws/ws_px4_controls/install/px4_msgs/include/px4_msgs/px4_msgs/msg/detail/open_drone_id_arm_status__type_support.c\n'}
[0.850094] (px4_msgs) StdoutLine: {'line': b'-- Up-to-date: /home/jmj/pro_asp_ws/ws_px4_controls/install/px4_msgs/include/px4_msgs/px4_msgs/msg/detail/qshell_req__rosidl_typesupport_introspection_c.h\n'}
[0.850116] (px4_msgs) StdoutLine: {'line': b'-- Up-to-date: /home/jmj/pro_asp_ws/ws_px4_controls/install/px4_msgs/include/px4_msgs/px4_msgs/msg/detail/trajectory_setpoint6dof__rosidl_typesupport_introspection_c.h\n'}
[0.850138] (px4_msgs) StdoutLine: {'line': b'-- Up-to-date: /home/jmj/pro_asp_ws/ws_px4_controls/install/px4_msgs/include/px4_msgs/px4_msgs/msg/detail/mavlink_tunnel__rosidl_typesupport_introspection_c.h\n'}
[0.850161] (px4_msgs) StdoutLine: {'line': b'-- Up-to-date: /home/jmj/pro_asp_ws/ws_px4_controls/install/px4_msgs/include/px4_msgs/px4_msgs/msg/detail/sensor_gps__type_support.c\n'}
[0.850182] (px4_msgs) StdoutLine: {'line': b'-- Up-to-date: /home/jmj/pro_asp_ws/ws_px4_controls/install/px4_msgs/include/px4_msgs/px4_msgs/msg/detail/sensor_uwb__rosidl_typesupport_introspection_c.h\n'}
[0.850204] (px4_msgs) StdoutLine: {'line': b'-- Up-to-date: /home/jmj/pro_asp_ws/ws_px4_controls/install/px4_msgs/include/px4_msgs/px4_msgs/msg/detail/actuator_outputs__rosidl_typesupport_introspection_c.h\n'}
[0.850229] (px4_msgs) StdoutLine: {'line': b'-- Up-to-date: /home/jmj/pro_asp_ws/ws_px4_controls/install/px4_msgs/include/px4_msgs/px4_msgs/msg/detail/ulog_stream_ack__type_support.c\n'}
[0.850250] (px4_msgs) StdoutLine: {'line': b'-- Up-to-date: /home/jmj/pro_asp_ws/ws_px4_controls/install/px4_msgs/include/px4_msgs/px4_msgs/msg/detail/navigator_mission_item__rosidl_typesupport_introspection_c.h\n'}
[0.850271] (px4_msgs) StdoutLine: {'line': b'-- Up-to-date: /home/jmj/pro_asp_ws/ws_px4_controls/install/px4_msgs/include/px4_msgs/px4_msgs/msg/detail/transponder_report__type_support.c\n'}
[0.850293] (px4_msgs) StdoutLine: {'line': b'-- Up-to-date: /home/jmj/pro_asp_ws/ws_px4_controls/install/px4_msgs/include/px4_msgs/px4_msgs/msg/detail/hover_thrust_estimate__rosidl_typesupport_introspection_c.h\n'}
[0.850316] (px4_msgs) StdoutLine: {'line': b'-- Up-to-date: /home/jmj/pro_asp_ws/ws_px4_controls/install/px4_msgs/include/px4_msgs/px4_msgs/msg/detail/trajectory_setpoint__rosidl_typesupport_introspection_c.h\n'}
[0.850358] (px4_msgs) StdoutLine: {'line': b'-- Up-to-date: /home/jmj/pro_asp_ws/ws_px4_controls/install/px4_msgs/include/px4_msgs/px4_msgs/msg/detail/camera_capture__type_support.c\n'}
[0.850380] (px4_msgs) StdoutLine: {'line': b'-- Up-to-date: /home/jmj/pro_asp_ws/ws_px4_controls/install/px4_msgs/include/px4_msgs/px4_msgs/msg/detail/manual_control_setpoint__type_support.c\n'}
[0.850402] (px4_msgs) StdoutLine: {'line': b'-- Up-to-date: /home/jmj/pro_asp_ws/ws_px4_controls/install/px4_msgs/include/px4_msgs/px4_msgs/msg/detail/mission__rosidl_typesupport_introspection_c.h\n'}
[0.850424] (px4_msgs) StdoutLine: {'line': b'-- Up-to-date: /home/jmj/pro_asp_ws/ws_px4_controls/install/px4_msgs/include/px4_msgs/px4_msgs/msg/detail/landing_target_innovations__type_support.c\n'}
[0.850447] (px4_msgs) StdoutLine: {'line': b'-- Up-to-date: /home/jmj/pro_asp_ws/ws_px4_controls/install/px4_msgs/include/px4_msgs/px4_msgs/msg/detail/tiltrotor_extra_controls__type_support.c\n'}
[0.850470] (px4_msgs) StdoutLine: {'line': b'-- Up-to-date: /home/jmj/pro_asp_ws/ws_px4_controls/install/px4_msgs/include/px4_msgs/px4_msgs/msg/detail/vehicle_constraints__rosidl_typesupport_introspection_c.h\n'}
[0.850492] (px4_msgs) StdoutLine: {'line': b'-- Up-to-date: /home/jmj/pro_asp_ws/ws_px4_controls/install/px4_msgs/include/px4_msgs/px4_msgs/msg/detail/sensor_baro__rosidl_typesupport_introspection_c.h\n'}
[0.850513] (px4_msgs) StdoutLine: {'line': b'-- Up-to-date: /home/jmj/pro_asp_ws/ws_px4_controls/install/px4_msgs/include/px4_msgs/px4_msgs/msg/detail/rtl_time_estimate__rosidl_typesupport_introspection_c.h\n'}
[0.850535] (px4_msgs) StdoutLine: {'line': b'-- Up-to-date: /home/jmj/pro_asp_ws/ws_px4_controls/install/px4_msgs/include/px4_msgs/px4_msgs/msg/detail/follow_target_estimator__type_support.c\n'}
[0.850556] (px4_msgs) StdoutLine: {'line': b'-- Up-to-date: /home/jmj/pro_asp_ws/ws_px4_controls/install/px4_msgs/include/px4_msgs/px4_msgs/msg/detail/takeoff_status__rosidl_typesupport_introspection_c.h\n'}
[0.850577] (px4_msgs) StdoutLine: {'line': b'-- Up-to-date: /home/jmj/pro_asp_ws/ws_px4_controls/install/px4_msgs/include/px4_msgs/px4_msgs/msg/detail/sensor_correction__type_support.c\n'}
[0.850600] (px4_msgs) StdoutLine: {'line': b'-- Up-to-date: /home/jmj/pro_asp_ws/ws_px4_controls/install/px4_msgs/include/px4_msgs/px4_msgs/msg/detail/led_control__type_support.c\n'}
[0.850623] (px4_msgs) StdoutLine: {'line': b'-- Up-to-date: /home/jmj/pro_asp_ws/ws_px4_controls/install/px4_msgs/include/px4_msgs/px4_msgs/msg/detail/rover_position_setpoint__rosidl_typesupport_introspection_c.h\n'}
[0.850646] (px4_msgs) StdoutLine: {'line': b'-- Up-to-date: /home/jmj/pro_asp_ws/ws_px4_controls/install/px4_msgs/include/px4_msgs/px4_msgs/msg/detail/ping__type_support.c\n'}
[0.850687] (px4_msgs) StdoutLine: {'line': b'-- Up-to-date: /home/jmj/pro_asp_ws/ws_px4_controls/install/px4_msgs/include/px4_msgs/px4_msgs/msg/detail/sensor_accel__type_support.c\n'}
[0.850709] (px4_msgs) StdoutLine: {'line': b'-- Up-to-date: /home/jmj/pro_asp_ws/ws_px4_controls/install/px4_msgs/include/px4_msgs/px4_msgs/msg/detail/follow_target_status__rosidl_typesupport_introspection_c.h\n'}
[0.850731] (px4_msgs) StdoutLine: {'line': b'-- Up-to-date: /home/jmj/pro_asp_ws/ws_px4_controls/install/px4_msgs/include/px4_msgs/px4_msgs/msg/detail/estimator_selector_status__rosidl_typesupport_introspection_c.h\n'}
[0.850756] (px4_msgs) StdoutLine: {'line': b'-- Up-to-date: /home/jmj/pro_asp_ws/ws_px4_controls/install/px4_msgs/include/px4_msgs/px4_msgs/msg/detail/parameter_set_value_response__rosidl_typesupport_introspection_c.h\n'}
[0.850784] (px4_msgs) StdoutLine: {'line': b'-- Up-to-date: /home/jmj/pro_asp_ws/ws_px4_controls/install/px4_msgs/include/px4_msgs/px4_msgs/msg/detail/vehicle_torque_setpoint__rosidl_typesupport_introspection_c.h\n'}
[0.850809] (px4_msgs) StdoutLine: {'line': b'-- Up-to-date: /home/jmj/pro_asp_ws/ws_px4_controls/install/px4_msgs/include/px4_msgs/px4_msgs/msg/detail/qshell_retval__rosidl_typesupport_introspection_c.h\n'}
[0.850834] (px4_msgs) StdoutLine: {'line': b'-- Up-to-date: /home/jmj/pro_asp_ws/ws_px4_controls/install/px4_msgs/include/px4_msgs/px4_msgs/msg/detail/rover_throttle_setpoint__rosidl_typesupport_introspection_c.h\n'}
[0.850857] (px4_msgs) StdoutLine: {'line': b'-- Up-to-date: /home/jmj/pro_asp_ws/ws_px4_controls/install/px4_msgs/include/px4_msgs/px4_msgs/msg/detail/home_position__type_support.c\n'}
[0.850881] (px4_msgs) StdoutLine: {'line': b'-- Up-to-date: /home/jmj/pro_asp_ws/ws_px4_controls/install/px4_msgs/include/px4_msgs/px4_msgs/msg/detail/gps_dump__rosidl_typesupport_introspection_c.h\n'}
[0.850904] (px4_msgs) StdoutLine: {'line': b'-- Up-to-date: /home/jmj/pro_asp_ws/ws_px4_controls/install/px4_msgs/include/px4_msgs/px4_msgs/msg/detail/vehicle_torque_setpoint__type_support.c\n'}
[0.850941] (px4_msgs) StdoutLine: {'line': b'-- Up-to-date: /home/jmj/pro_asp_ws/ws_px4_controls/install/px4_msgs/include/px4_msgs/px4_msgs/msg/detail/estimator_bias__rosidl_typesupport_introspection_c.h\n'}
[0.850965] (px4_msgs) StdoutLine: {'line': b'-- Up-to-date: /home/jmj/pro_asp_ws/ws_px4_controls/install/px4_msgs/include/px4_msgs/px4_msgs/msg/detail/estimator_innovations__rosidl_typesupport_introspection_c.h\n'}
[0.850990] (px4_msgs) StdoutLine: {'line': b'-- Up-to-date: /home/jmj/pro_asp_ws/ws_px4_controls/install/px4_msgs/include/px4_msgs/px4_msgs/msg/detail/estimator_gps_status__rosidl_typesupport_introspection_c.h\n'}
[0.851014] (px4_msgs) StdoutLine: {'line': b'-- Up-to-date: /home/jmj/pro_asp_ws/ws_px4_controls/install/px4_msgs/include/px4_msgs/px4_msgs/msg/detail/gpio_out__type_support.c\n'}
[0.851040] (px4_msgs) StdoutLine: {'line': b'-- Up-to-date: /home/jmj/pro_asp_ws/ws_px4_controls/install/px4_msgs/include/px4_msgs/px4_msgs/msg/detail/esc_report__type_support.c\n'}
[0.851069] (px4_msgs) StdoutLine: {'line': b'-- Up-to-date: /home/jmj/pro_asp_ws/ws_px4_controls/install/px4_msgs/include/px4_msgs/px4_msgs/msg/detail/estimator_event_flags__type_support.c\n'}
[0.851095] (px4_msgs) StdoutLine: {'line': b'-- Up-to-date: /home/jmj/pro_asp_ws/ws_px4_controls/install/px4_msgs/include/px4_msgs/px4_msgs/msg/detail/vehicle_imu__type_support.c\n'}
[0.851120] (px4_msgs) StdoutLine: {'line': b'-- Up-to-date: /home/jmj/pro_asp_ws/ws_px4_controls/install/px4_msgs/include/px4_msgs/px4_msgs/msg/detail/power_monitor__rosidl_typesupport_introspection_c.h\n'}
[0.851153] (px4_msgs) StdoutLine: {'line': b'-- Up-to-date: /home/jmj/pro_asp_ws/ws_px4_controls/install/px4_msgs/include/px4_msgs/px4_msgs/msg/detail/onboard_computer_status__type_support.c\n'}
[0.851179] (px4_msgs) StdoutLine: {'line': b'-- Up-to-date: /home/jmj/pro_asp_ws/ws_px4_controls/install/px4_msgs/include/px4_msgs/px4_msgs/msg/detail/open_drone_id_operator_id__type_support.c\n'}
[0.851212] (px4_msgs) StdoutLine: {'line': b'-- Up-to-date: /home/jmj/pro_asp_ws/ws_px4_controls/install/px4_msgs/include/px4_msgs/px4_msgs/msg/detail/figure_eight_status__type_support.c\n'}
[0.851237] (px4_msgs) StdoutLine: {'line': b'-- Up-to-date: /home/jmj/pro_asp_ws/ws_px4_controls/install/px4_msgs/include/px4_msgs/px4_msgs/msg/detail/vehicle_odometry__type_support.c\n'}
[0.851264] (px4_msgs) StdoutLine: {'line': b'-- Up-to-date: /home/jmj/pro_asp_ws/ws_px4_controls/install/px4_msgs/include/px4_msgs/px4_msgs/msg/detail/irlock_report__type_support.c\n'}
[0.851289] (px4_msgs) StdoutLine: {'line': b'-- Up-to-date: /home/jmj/pro_asp_ws/ws_px4_controls/install/px4_msgs/include/px4_msgs/px4_msgs/msg/detail/lateral_control_configuration__type_support.c\n'}
[0.851314] (px4_msgs) StdoutLine: {'line': b'-- Up-to-date: /home/jmj/pro_asp_ws/ws_px4_controls/install/px4_msgs/include/px4_msgs/px4_msgs/msg/detail/pwm_input__type_support.c\n'}
[0.851338] (px4_msgs) StdoutLine: {'line': b'-- Up-to-date: /home/jmj/pro_asp_ws/ws_px4_controls/install/px4_msgs/include/px4_msgs/px4_msgs/msg/detail/arming_check_request__rosidl_typesupport_introspection_c.h\n'}
[0.851363] (px4_msgs) StdoutLine: {'line': b'-- Up-to-date: /home/jmj/pro_asp_ws/ws_px4_controls/install/px4_msgs/include/px4_msgs/px4_msgs/msg/detail/power_monitor__type_support.c\n'}
[0.851414] (px4_msgs) StdoutLine: {'line': b'-- Up-to-date: /home/jmj/pro_asp_ws/ws_px4_controls/install/px4_msgs/include/px4_msgs/px4_msgs/msg/detail/sensor_gps__rosidl_typesupport_introspection_c.h\n'}
[0.851439] (px4_msgs) StdoutLine: {'line': b'-- Up-to-date: /home/jmj/pro_asp_ws/ws_px4_controls/install/px4_msgs/include/px4_msgs/px4_msgs/msg/detail/sensors_status__rosidl_typesupport_introspection_c.h\n'}
[0.851463] (px4_msgs) StdoutLine: {'line': b'-- Up-to-date: /home/jmj/pro_asp_ws/ws_px4_controls/install/px4_msgs/include/px4_msgs/px4_msgs/msg/detail/sensors_status__type_support.c\n'}
[0.851487] (px4_msgs) StdoutLine: {'line': b'-- Up-to-date: /home/jmj/pro_asp_ws/ws_px4_controls/install/px4_msgs/include/px4_msgs/px4_msgs/msg/detail/estimator_aid_source1d__rosidl_typesupport_introspection_c.h\n'}
[0.851528] (px4_msgs) StdoutLine: {'line': b'-- Up-to-date: /home/jmj/pro_asp_ws/ws_px4_controls/install/px4_msgs/include/px4_msgs/px4_msgs/msg/detail/pps_capture__rosidl_typesupport_introspection_c.h\n'}
[0.851553] (px4_msgs) StdoutLine: {'line': b'-- Up-to-date: /home/jmj/pro_asp_ws/ws_px4_controls/install/px4_msgs/include/px4_msgs/px4_msgs/msg/detail/actuator_motors__rosidl_typesupport_introspection_c.h\n'}
[0.851577] (px4_msgs) StdoutLine: {'line': b'-- Up-to-date: /home/jmj/pro_asp_ws/ws_px4_controls/install/px4_msgs/include/px4_msgs/px4_msgs/msg/detail/vehicle_local_position_setpoint__type_support.c\n'}
[0.851601] (px4_msgs) StdoutLine: {'line': b'-- Up-to-date: /home/jmj/pro_asp_ws/ws_px4_controls/install/px4_msgs/include/px4_msgs/px4_msgs/msg/detail/task_stack_info__rosidl_typesupport_introspection_c.h\n'}
[0.851626] (px4_msgs) StdoutLine: {'line': b'-- Up-to-date: /home/jmj/pro_asp_ws/ws_px4_controls/install/px4_msgs/include/px4_msgs/px4_msgs/msg/detail/message_format_response__type_support.c\n'}
[0.851650] (px4_msgs) StdoutLine: {'line': b'-- Up-to-date: /home/jmj/pro_asp_ws/ws_px4_controls/install/px4_msgs/include/px4_msgs/px4_msgs/msg/detail/gimbal_manager_status__rosidl_typesupport_introspection_c.h\n'}
[0.851675] (px4_msgs) StdoutLine: {'line': b'-- Up-to-date: /home/jmj/pro_asp_ws/ws_px4_controls/install/px4_msgs/include/px4_msgs/px4_msgs/msg/detail/vehicle_land_detected__rosidl_typesupport_introspection_c.h\n'}
[0.851706] (px4_msgs) StdoutLine: {'line': b'-- Up-to-date: /home/jmj/pro_asp_ws/ws_px4_controls/install/px4_msgs/include/px4_msgs/px4_msgs/msg/detail/vehicle_optical_flow__type_support.c\n'}
[0.851741] (px4_msgs) StdoutLine: {'line': b'-- Up-to-date: /home/jmj/pro_asp_ws/ws_px4_controls/install/px4_msgs/include/px4_msgs/px4_msgs/msg/detail/message_format_response__rosidl_typesupport_introspection_c.h\n'}
[0.851781] (px4_msgs) StdoutLine: {'line': b'-- Up-to-date: /home/jmj/pro_asp_ws/ws_px4_controls/install/px4_msgs/include/px4_msgs/px4_msgs/msg/detail/failure_detector_status__type_support.c\n'}
[0.851853] (px4_msgs) StdoutLine: {'line': b'-- Up-to-date: /home/jmj/pro_asp_ws/ws_px4_controls/install/px4_msgs/include/px4_msgs/px4_msgs/msg/detail/estimator_aid_source3d__rosidl_typesupport_introspection_c.h\n'}
[0.851896] (px4_msgs) StdoutLine: {'line': b'-- Up-to-date: /home/jmj/pro_asp_ws/ws_px4_controls/install/px4_msgs/include/px4_msgs/px4_msgs/msg/detail/timesync_status__rosidl_typesupport_introspection_c.h\n'}
[0.851951] (px4_msgs) StdoutLine: {'line': b'-- Up-to-date: /home/jmj/pro_asp_ws/ws_px4_controls/install/px4_msgs/include/px4_msgs/px4_msgs/msg/detail/failure_detector_status__rosidl_typesupport_introspection_c.h\n'}
[0.851976] (px4_msgs) StdoutLine: {'line': b'-- Up-to-date: /home/jmj/pro_asp_ws/ws_px4_controls/install/px4_msgs/include/px4_msgs/px4_msgs/msg/detail/debug_key_value__type_support.c\n'}
[0.851998] (px4_msgs) StdoutLine: {'line': b'-- Up-to-date: /home/jmj/pro_asp_ws/ws_px4_controls/install/px4_msgs/include/px4_msgs/px4_msgs/msg/detail/vehicle_attitude__rosidl_typesupport_introspection_c.h\n'}
[0.852021] (px4_msgs) StdoutLine: {'line': b'-- Up-to-date: /home/jmj/pro_asp_ws/ws_px4_controls/install/px4_msgs/include/px4_msgs/px4_msgs/msg/detail/can_interface_status__rosidl_typesupport_introspection_c.h\n'}
[0.852043] (px4_msgs) StdoutLine: {'line': b'-- Up-to-date: /home/jmj/pro_asp_ws/ws_px4_controls/install/px4_msgs/include/px4_msgs/px4_msgs/msg/detail/orb_test_medium__type_support.c\n'}
[0.852065] (px4_msgs) StdoutLine: {'line': b'-- Up-to-date: /home/jmj/pro_asp_ws/ws_px4_controls/install/px4_msgs/include/px4_msgs/px4_msgs/msg/detail/velocity_limits__type_support.c\n'}
[0.852086] (px4_msgs) StdoutLine: {'line': b'-- Up-to-date: /home/jmj/pro_asp_ws/ws_px4_controls/install/px4_msgs/include/px4_msgs/px4_msgs/msg/detail/vehicle_control_mode__rosidl_typesupport_introspection_c.h\n'}
[0.852109] (px4_msgs) StdoutLine: {'line': b'-- Up-to-date: /home/jmj/pro_asp_ws/ws_px4_controls/install/px4_msgs/include/px4_msgs/px4_msgs/msg/detail/vehicle_imu_status__type_support.c\n'}
[0.852134] (px4_msgs) StdoutLine: {'line': b'-- Up-to-date: /home/jmj/pro_asp_ws/ws_px4_controls/install/px4_msgs/include/px4_msgs/px4_msgs/msg/detail/rover_position_setpoint__type_support.c\n'}
[0.852158] (px4_msgs) StdoutLine: {'line': b'-- Up-to-date: /home/jmj/pro_asp_ws/ws_px4_controls/install/px4_msgs/include/px4_msgs/px4_msgs/msg/detail/esc_report__rosidl_typesupport_introspection_c.h\n'}
[0.852181] (px4_msgs) StdoutLine: {'line': b'-- Up-to-date: /home/jmj/pro_asp_ws/ws_px4_controls/install/px4_msgs/include/px4_msgs/px4_msgs/msg/detail/estimator_status_flags__type_support.c\n'}
[0.852216] (px4_msgs) StdoutLine: {'line': b'-- Up-to-date: /home/jmj/pro_asp_ws/ws_px4_controls/install/px4_msgs/include/px4_msgs/px4_msgs/msg/detail/sensor_gyro_fifo__rosidl_typesupport_introspection_c.h\n'}
[0.852239] (px4_msgs) StdoutLine: {'line': b'-- Up-to-date: /home/jmj/pro_asp_ws/ws_px4_controls/install/px4_msgs/include/px4_msgs/px4_msgs/msg/detail/vehicle_status__type_support.c\n'}
[0.852262] (px4_msgs) StdoutLine: {'line': b'-- Up-to-date: /home/jmj/pro_asp_ws/ws_px4_controls/install/px4_msgs/include/px4_msgs/px4_msgs/msg/detail/input_rc__rosidl_typesupport_introspection_c.h\n'}
[0.852285] (px4_msgs) StdoutLine: {'line': b'-- Up-to-date: /home/jmj/pro_asp_ws/ws_px4_controls/install/px4_msgs/include/px4_msgs/px4_msgs/msg/detail/estimator_aid_source2d__rosidl_typesupport_introspection_c.h\n'}
[0.852308] (px4_msgs) StdoutLine: {'line': b'-- Up-to-date: /home/jmj/pro_asp_ws/ws_px4_controls/install/px4_msgs/include/px4_msgs/px4_msgs/msg/detail/telemetry_status__type_support.c\n'}
[0.852330] (px4_msgs) StdoutLine: {'line': b'-- Up-to-date: /home/jmj/pro_asp_ws/ws_px4_controls/install/px4_msgs/include/px4_msgs/px4_msgs/msg/detail/power_button_state__type_support.c\n'}
[0.852351] (px4_msgs) StdoutLine: {'line': b'-- Up-to-date: /home/jmj/pro_asp_ws/ws_px4_controls/install/px4_msgs/include/px4_msgs/px4_msgs/msg/detail/button_event__rosidl_typesupport_introspection_c.h\n'}
[0.852374] (px4_msgs) StdoutLine: {'line': b'-- Up-to-date: /home/jmj/pro_asp_ws/ws_px4_controls/install/px4_msgs/include/px4_msgs/px4_msgs/msg/detail/autotune_attitude_control_status__rosidl_typesupport_introspection_c.h\n'}
[0.852396] (px4_msgs) StdoutLine: {'line': b'-- Up-to-date: /home/jmj/pro_asp_ws/ws_px4_controls/install/px4_msgs/include/px4_msgs/px4_msgs/msg/detail/debug_key_value__rosidl_typesupport_introspection_c.h\n'}
[0.852417] (px4_msgs) StdoutLine: {'line': b'-- Up-to-date: /home/jmj/pro_asp_ws/ws_px4_controls/install/px4_msgs/include/px4_msgs/px4_msgs/msg/detail/position_setpoint_triplet__type_support.c\n'}
[0.852439] (px4_msgs) StdoutLine: {'line': b'-- Up-to-date: /home/jmj/pro_asp_ws/ws_px4_controls/install/px4_msgs/include/px4_msgs/px4_msgs/msg/detail/event__rosidl_typesupport_introspection_c.h\n'}
[0.852460] (px4_msgs) StdoutLine: {'line': b'-- Up-to-date: /home/jmj/pro_asp_ws/ws_px4_controls/install/px4_msgs/include/px4_msgs/px4_msgs/msg/detail/sensor_accel__rosidl_typesupport_introspection_c.h\n'}
[0.852482] (px4_msgs) StdoutLine: {'line': b'-- Up-to-date: /home/jmj/pro_asp_ws/ws_px4_controls/install/px4_msgs/include/px4_msgs/px4_msgs/msg/detail/orbit_status__rosidl_typesupport_introspection_c.h\n'}
[0.852504] (px4_msgs) StdoutLine: {'line': b'-- Up-to-date: /home/jmj/pro_asp_ws/ws_px4_controls/install/px4_msgs/include/px4_msgs/px4_msgs/msg/detail/iridiumsbd_status__type_support.c\n'}
[0.852527] (px4_msgs) StdoutLine: {'line': b'-- Up-to-date: /home/jmj/pro_asp_ws/ws_px4_controls/install/px4_msgs/include/px4_msgs/px4_msgs/msg/detail/flight_phase_estimation__rosidl_typesupport_introspection_c.h\n'}
[0.852551] (px4_msgs) StdoutLine: {'line': b'-- Up-to-date: /home/jmj/pro_asp_ws/ws_px4_controls/install/px4_msgs/include/px4_msgs/px4_msgs/msg/detail/launch_detection_status__type_support.c\n'}
[0.852574] (px4_msgs) StdoutLine: {'line': b'-- Up-to-date: /home/jmj/pro_asp_ws/ws_px4_controls/install/px4_msgs/include/px4_msgs/px4_msgs/msg/detail/rc_parameter_map__rosidl_typesupport_introspection_c.h\n'}
[0.852620] (px4_msgs) StdoutLine: {'line': b'-- Up-to-date: /home/jmj/pro_asp_ws/ws_px4_controls/install/px4_msgs/include/px4_msgs/px4_msgs/msg/detail/rover_velocity_status__rosidl_typesupport_introspection_c.h\n'}
[0.852642] (px4_msgs) StdoutLine: {'line': b'-- Up-to-date: /home/jmj/pro_asp_ws/ws_px4_controls/install/px4_msgs/include/px4_msgs/px4_msgs/msg/detail/vehicle_land_detected__type_support.c\n'}
[0.852664] (px4_msgs) StdoutLine: {'line': b'-- Up-to-date: /home/jmj/pro_asp_ws/ws_px4_controls/install/px4_msgs/include/px4_msgs/px4_msgs/msg/detail/wheel_encoders__type_support.c\n'}
[0.852687] (px4_msgs) StdoutLine: {'line': b'-- Up-to-date: /home/jmj/pro_asp_ws/ws_px4_controls/install/px4_msgs/include/px4_msgs/px4_msgs/msg/detail/magnetometer_bias_estimate__type_support.c\n'}
[0.852708] (px4_msgs) StdoutLine: {'line': b'-- Up-to-date: /home/jmj/pro_asp_ws/ws_px4_controls/install/px4_msgs/include/px4_msgs/px4_msgs/msg/detail/vehicle_command__type_support.c\n'}
[0.852731] (px4_msgs) StdoutLine: {'line': b'-- Up-to-date: /home/jmj/pro_asp_ws/ws_px4_controls/install/px4_msgs/include/px4_msgs/px4_msgs/msg/detail/manual_control_switches__rosidl_typesupport_introspection_c.h\n'}
[0.852761] (px4_msgs) StdoutLine: {'line': b'-- Up-to-date: /home/jmj/pro_asp_ws/ws_px4_controls/install/px4_msgs/include/px4_msgs/px4_msgs/msg/detail/pure_pursuit_status__type_support.c\n'}
[0.852787] (px4_msgs) StdoutLine: {'line': b'-- Up-to-date: /home/jmj/pro_asp_ws/ws_px4_controls/install/px4_msgs/include/px4_msgs/px4_msgs/msg/detail/rover_rate_status__rosidl_typesupport_introspection_c.h\n'}
[0.852811] (px4_msgs) StdoutLine: {'line': b'-- Up-to-date: /home/jmj/pro_asp_ws/ws_px4_controls/install/px4_msgs/include/px4_msgs/px4_msgs/msg/detail/sensor_gyro_fft__rosidl_typesupport_introspection_c.h\n'}
[0.852834] (px4_msgs) StdoutLine: {'line': b'-- Up-to-date: /home/jmj/pro_asp_ws/ws_px4_controls/install/px4_msgs/include/px4_msgs/px4_msgs/msg/detail/gps_dump__type_support.c\n'}
[0.852935] (px4_msgs) StdoutLine: {'line': b'-- Up-to-date: /home/jmj/pro_asp_ws/ws_px4_controls/install/px4_msgs/include/px4_msgs/px4_msgs/msg/detail/sensor_accel_fifo__rosidl_typesupport_introspection_c.h\n'}
[0.852986] (px4_msgs) StdoutLine: {'line': b'-- Up-to-date: /home/jmj/pro_asp_ws/ws_px4_controls/install/px4_msgs/include/px4_msgs/px4_msgs/msg/detail/px4io_status__type_support.c\n'}
[0.853015] (px4_msgs) StdoutLine: {'line': b'-- Up-to-date: /home/jmj/pro_asp_ws/ws_px4_controls/install/px4_msgs/include/px4_msgs/px4_msgs/msg/detail/arming_check_reply__type_support.c\n'}
[0.853039] (px4_msgs) StdoutLine: {'line': b'-- Up-to-date: /home/jmj/pro_asp_ws/ws_px4_controls/install/px4_msgs/include/px4_msgs/px4_msgs/msg/detail/mode_completed__type_support.c\n'}
[0.853063] (px4_msgs) StdoutLine: {'line': b'-- Up-to-date: /home/jmj/pro_asp_ws/ws_px4_controls/install/px4_msgs/include/px4_msgs/px4_msgs/msg/detail/cellular_status__type_support.c\n'}
[0.853086] (px4_msgs) StdoutLine: {'line': b'-- Up-to-date: /home/jmj/pro_asp_ws/ws_px4_controls/install/px4_msgs/include/px4_msgs/px4_msgs/msg/detail/actuator_outputs__type_support.c\n'}
[0.853110] (px4_msgs) StdoutLine: {'line': b'-- Up-to-date: /home/jmj/pro_asp_ws/ws_px4_controls/install/px4_msgs/include/px4_msgs/px4_msgs/msg/detail/gimbal_device_set_attitude__type_support.c\n'}
[0.853134] (px4_msgs) StdoutLine: {'line': b'-- Up-to-date: /home/jmj/pro_asp_ws/ws_px4_controls/install/px4_msgs/include/px4_msgs/px4_msgs/msg/detail/sensors_status_imu__type_support.c\n'}
[0.853157] (px4_msgs) StdoutLine: {'line': b'-- Up-to-date: /home/jmj/pro_asp_ws/ws_px4_controls/install/px4_msgs/include/px4_msgs/px4_msgs/msg/detail/generator_status__rosidl_typesupport_introspection_c.h\n'}
[0.853180] (px4_msgs) StdoutLine: {'line': b'-- Up-to-date: /home/jmj/pro_asp_ws/ws_px4_controls/install/px4_msgs/include/px4_msgs/px4_msgs/msg/detail/collision_constraints__type_support.c\n'}
[0.853203] (px4_msgs) StdoutLine: {'line': b'-- Up-to-date: /home/jmj/pro_asp_ws/ws_px4_controls/install/px4_msgs/include/px4_msgs/px4_msgs/msg/detail/qshell_req__type_support.c\n'}
[0.853227] (px4_msgs) StdoutLine: {'line': b'-- Up-to-date: /home/jmj/pro_asp_ws/ws_px4_controls/install/px4_msgs/include/px4_msgs/px4_msgs/msg/detail/system_power__type_support.c\n'}
[0.853250] (px4_msgs) StdoutLine: {'line': b'-- Up-to-date: /home/jmj/pro_asp_ws/ws_px4_controls/install/px4_msgs/include/px4_msgs/px4_msgs/msg/detail/wheel_encoders__rosidl_typesupport_introspection_c.h\n'}
[0.853274] (px4_msgs) StdoutLine: {'line': b'-- Up-to-date: /home/jmj/pro_asp_ws/ws_px4_controls/install/px4_msgs/include/px4_msgs/px4_msgs/msg/detail/estimator_status_flags__rosidl_typesupport_introspection_c.h\n'}
[0.853296] (px4_msgs) StdoutLine: {'line': b'-- Up-to-date: /home/jmj/pro_asp_ws/ws_px4_controls/install/px4_msgs/include/px4_msgs/px4_msgs/msg/detail/gripper__rosidl_typesupport_introspection_c.h\n'}
[0.853318] (px4_msgs) StdoutLine: {'line': b'-- Up-to-date: /home/jmj/pro_asp_ws/ws_px4_controls/install/px4_msgs/include/px4_msgs/px4_msgs/msg/detail/gimbal_device_attitude_status__rosidl_typesupport_introspection_c.h\n'}
[0.853341] (px4_msgs) StdoutLine: {'line': b'-- Up-to-date: /home/jmj/pro_asp_ws/ws_px4_controls/install/px4_msgs/include/px4_msgs/px4_msgs/msg/detail/follow_target__type_support.c\n'}
[0.853362] (px4_msgs) StdoutLine: {'line': b'-- Up-to-date: /home/jmj/pro_asp_ws/ws_px4_controls/install/px4_msgs/include/px4_msgs/px4_msgs/msg/detail/distance_sensor__type_support.c\n'}
[0.853384] (px4_msgs) StdoutLine: {'line': b'-- Up-to-date: /home/jmj/pro_asp_ws/ws_px4_controls/install/px4_msgs/include/px4_msgs/px4_msgs/msg/detail/cpuload__type_support.c\n'}
[0.853407] (px4_msgs) StdoutLine: {'line': b'-- Up-to-date: /home/jmj/pro_asp_ws/ws_px4_controls/install/px4_msgs/include/px4_msgs/px4_msgs/msg/detail/vehicle_rates_setpoint__rosidl_typesupport_introspection_c.h\n'}
[0.853429] (px4_msgs) StdoutLine: {'line': b'-- Up-to-date: /home/jmj/pro_asp_ws/ws_px4_controls/install/px4_msgs/include/px4_msgs/px4_msgs/msg/detail/navigator_mission_item__type_support.c\n'}
[0.853451] (px4_msgs) StdoutLine: {'line': b'-- Up-to-date: /home/jmj/pro_asp_ws/ws_px4_controls/install/px4_msgs/include/px4_msgs/px4_msgs/msg/detail/led_control__rosidl_typesupport_introspection_c.h\n'}
[0.853472] (px4_msgs) StdoutLine: {'line': b'-- Up-to-date: /home/jmj/pro_asp_ws/ws_px4_controls/install/px4_msgs/include/px4_msgs/px4_msgs/msg/detail/vehicle_attitude_setpoint__rosidl_typesupport_introspection_c.h\n'}
[0.853495] (px4_msgs) StdoutLine: {'line': b'-- Up-to-date: /home/jmj/pro_asp_ws/ws_px4_controls/install/px4_msgs/include/px4_msgs/px4_msgs/msg/detail/vehicle_attitude__type_support.c\n'}
[0.853517] (px4_msgs) StdoutLine: {'line': b'-- Up-to-date: /home/jmj/pro_asp_ws/ws_px4_controls/install/px4_msgs/include/px4_msgs/px4_msgs/msg/detail/geofence_result__type_support.c\n'}
[0.853542] (px4_msgs) StdoutLine: {'line': b'-- Up-to-date: /home/jmj/pro_asp_ws/ws_px4_controls/install/px4_msgs/include/px4_msgs/px4_msgs/msg/detail/rover_attitude_setpoint__rosidl_typesupport_introspection_c.h\n'}
[0.853566] (px4_msgs) StdoutLine: {'line': b'-- Up-to-date: /home/jmj/pro_asp_ws/ws_px4_controls/install/px4_msgs/include/px4_msgs/px4_msgs/msg/detail/logger_status__type_support.c\n'}
[0.853625] (px4_msgs) StdoutLine: {'line': b'-- Up-to-date: /home/jmj/pro_asp_ws/ws_px4_controls/install/px4_msgs/include/px4_msgs/px4_msgs/msg/detail/unregister_ext_component__type_support.c\n'}
[0.853651] (px4_msgs) StdoutLine: {'line': b'-- Up-to-date: /home/jmj/pro_asp_ws/ws_px4_controls/install/px4_msgs/include/px4_msgs/px4_msgs/msg/detail/airspeed_validated__rosidl_typesupport_introspection_c.h\n'}
[0.853674] (px4_msgs) StdoutLine: {'line': b'-- Up-to-date: /home/jmj/pro_asp_ws/ws_px4_controls/install/px4_msgs/include/px4_msgs/px4_msgs/msg/detail/sensor_hygrometer__type_support.c\n'}
[0.853696] (px4_msgs) StdoutLine: {'line': b'-- Up-to-date: /home/jmj/pro_asp_ws/ws_px4_controls/install/px4_msgs/include/px4_msgs/px4_msgs/msg/detail/vehicle_command_ack__type_support.c\n'}
[0.853721] (px4_msgs) StdoutLine: {'line': b'-- Up-to-date: /home/jmj/pro_asp_ws/ws_px4_controls/install/px4_msgs/include/px4_msgs/px4_msgs/msg/detail/estimator_sensor_bias__rosidl_typesupport_introspection_c.h\n'}
[0.853777] (px4_msgs) StdoutLine: {'line': b'-- Up-to-date: /home/jmj/pro_asp_ws/ws_px4_controls/install/px4_msgs/include/px4_msgs/px4_msgs/msg/detail/open_drone_id_system__type_support.c\n'}
[0.853801] (px4_msgs) StdoutLine: {'line': b'-- Up-to-date: /home/jmj/pro_asp_ws/ws_px4_controls/install/px4_msgs/include/px4_msgs/px4_msgs/msg/detail/rc_channels__type_support.c\n'}
[0.853823] (px4_msgs) StdoutLine: {'line': b'-- Up-to-date: /home/jmj/pro_asp_ws/ws_px4_controls/install/px4_msgs/include/px4_msgs/px4_msgs/msg/detail/estimator_status__type_support.c\n'}
[0.853845] (px4_msgs) StdoutLine: {'line': b'-- Up-to-date: /home/jmj/pro_asp_ws/ws_px4_controls/install/px4_msgs/include/px4_msgs/px4_msgs/msg/detail/estimator_aid_source1d__type_support.c\n'}
[0.853867] (px4_msgs) StdoutLine: {'line': b'-- Up-to-date: /home/jmj/pro_asp_ws/ws_px4_controls/install/px4_msgs/include/px4_msgs/px4_msgs/msg/detail/offboard_control_mode__rosidl_typesupport_introspection_c.h\n'}
[0.853889] (px4_msgs) StdoutLine: {'line': b'-- Up-to-date: /home/jmj/pro_asp_ws/ws_px4_controls/install/px4_msgs/include/px4_msgs/px4_msgs/msg/detail/camera_trigger__type_support.c\n'}
[0.853911] (px4_msgs) StdoutLine: {'line': b'-- Up-to-date: /home/jmj/pro_asp_ws/ws_px4_controls/install/px4_msgs/include/px4_msgs/px4_msgs/msg/detail/gpio_request__type_support.c\n'}
[0.853933] (px4_msgs) StdoutLine: {'line': b'-- Up-to-date: /home/jmj/pro_asp_ws/ws_px4_controls/install/px4_msgs/include/px4_msgs/px4_msgs/msg/detail/sensor_gyro__rosidl_typesupport_introspection_c.h\n'}
[0.853958] (px4_msgs) StdoutLine: {'line': b'-- Up-to-date: /home/jmj/pro_asp_ws/ws_px4_controls/install/px4_msgs/include/px4_msgs/px4_msgs/msg/detail/wind__rosidl_typesupport_introspection_c.h\n'}
[0.853981] (px4_msgs) StdoutLine: {'line': b'-- Up-to-date: /home/jmj/pro_asp_ws/ws_px4_controls/install/px4_msgs/include/px4_msgs/px4_msgs/msg/detail/failsafe_flags__rosidl_typesupport_introspection_c.h\n'}
[0.854005] (px4_msgs) StdoutLine: {'line': b'-- Up-to-date: /home/jmj/pro_asp_ws/ws_px4_controls/install/px4_msgs/include/px4_msgs/px4_msgs/msg/detail/can_interface_status__type_support.c\n'}
[0.854029] (px4_msgs) StdoutLine: {'line': b'-- Up-to-date: /home/jmj/pro_asp_ws/ws_px4_controls/install/px4_msgs/include/px4_msgs/px4_msgs/msg/detail/estimator_gps_status__type_support.c\n'}
[0.854068] (px4_msgs) StdoutLine: {'line': b'-- Up-to-date: /home/jmj/pro_asp_ws/ws_px4_controls/install/px4_msgs/include/px4_msgs/px4_msgs/msg/detail/fuel_tank_status__type_support.c\n'}
[0.854090] (px4_msgs) StdoutLine: {'line': b'-- Up-to-date: /home/jmj/pro_asp_ws/ws_px4_controls/install/px4_msgs/include/px4_msgs/px4_msgs/msg/detail/actuator_servos_trim__rosidl_typesupport_introspection_c.h\n'}
[0.854112] (px4_msgs) StdoutLine: {'line': b'-- Up-to-date: /home/jmj/pro_asp_ws/ws_px4_controls/install/px4_msgs/include/px4_msgs/px4_msgs/msg/detail/fixed_wing_runway_control__type_support.c\n'}
[0.854135] (px4_msgs) StdoutLine: {'line': b'-- Up-to-date: /home/jmj/pro_asp_ws/ws_px4_controls/install/px4_msgs/include/px4_msgs/px4_msgs/msg/detail/unregister_ext_component__rosidl_typesupport_introspection_c.h\n'}
[0.854161] (px4_msgs) StdoutLine: {'line': b'-- Up-to-date: /home/jmj/pro_asp_ws/ws_px4_controls/install/px4_msgs/include/px4_msgs/px4_msgs/msg/detail/normalized_unsigned_setpoint__rosidl_typesupport_introspection_c.h\n'}
[0.854186] (px4_msgs) StdoutLine: {'line': b'-- Up-to-date: /home/jmj/pro_asp_ws/ws_px4_controls/install/px4_msgs/include/px4_msgs/px4_msgs/msg/detail/navigator_status__rosidl_typesupport_introspection_c.h\n'}
[0.854211] (px4_msgs) StdoutLine: {'line': b'-- Up-to-date: /home/jmj/pro_asp_ws/ws_px4_controls/install/px4_msgs/include/px4_msgs/px4_msgs/msg/detail/gripper__type_support.c\n'}
[0.854237] (px4_msgs) StdoutLine: {'line': b'-- Up-to-date: /home/jmj/pro_asp_ws/ws_px4_controls/install/px4_msgs/include/px4_msgs/px4_msgs/msg/detail/health_report__rosidl_typesupport_introspection_c.h\n'}
[0.854281] (px4_msgs) StdoutLine: {'line': b'-- Up-to-date: /home/jmj/pro_asp_ws/ws_px4_controls/install/px4_msgs/include/px4_msgs/px4_msgs/msg/detail/vehicle_air_data__type_support.c\n'}
[0.854309] (px4_msgs) StdoutLine: {'line': b'-- Up-to-date: /home/jmj/pro_asp_ws/ws_px4_controls/install/px4_msgs/include/px4_msgs/px4_msgs/msg/detail/sensor_correction__rosidl_typesupport_introspection_c.h\n'}
[0.854334] (px4_msgs) StdoutLine: {'line': b'-- Up-to-date: /home/jmj/pro_asp_ws/ws_px4_controls/install/px4_msgs/include/px4_msgs/px4_msgs/msg/detail/landing_gear_wheel__rosidl_typesupport_introspection_c.h\n'}
[0.854365] (px4_msgs) StdoutLine: {'line': b'-- Up-to-date: /home/jmj/pro_asp_ws/ws_px4_controls/install/px4_msgs/include/px4_msgs/px4_msgs/msg/detail/sensor_airflow__type_support.c\n'}
[0.854388] (px4_msgs) StdoutLine: {'line': b'-- Up-to-date: /home/jmj/pro_asp_ws/ws_px4_controls/install/px4_msgs/include/px4_msgs/px4_msgs/msg/detail/actuator_controls_status__rosidl_typesupport_introspection_c.h\n'}
[0.854411] (px4_msgs) StdoutLine: {'line': b'-- Up-to-date: /home/jmj/pro_asp_ws/ws_px4_controls/install/px4_msgs/include/px4_msgs/px4_msgs/msg/detail/debug_array__rosidl_typesupport_introspection_c.h\n'}
[0.854433] (px4_msgs) StdoutLine: {'line': b'-- Up-to-date: /home/jmj/pro_asp_ws/ws_px4_controls/install/px4_msgs/include/px4_msgs/px4_msgs/msg/detail/sensor_hygrometer__rosidl_typesupport_introspection_c.h\n'}
[0.854455] (px4_msgs) StdoutLine: {'line': b'-- Up-to-date: /home/jmj/pro_asp_ws/ws_px4_controls/install/px4_msgs/include/px4_msgs/px4_msgs/msg/detail/goto_setpoint__type_support.c\n'}
[0.854477] (px4_msgs) StdoutLine: {'line': b'-- Up-to-date: /home/jmj/pro_asp_ws/ws_px4_controls/install/px4_msgs/include/px4_msgs/px4_msgs/msg/detail/magnetometer_bias_estimate__rosidl_typesupport_introspection_c.h\n'}
[0.854514] (px4_msgs) StdoutLine: {'line': b'-- Up-to-date: /home/jmj/pro_asp_ws/ws_px4_controls/install/px4_msgs/include/px4_msgs/px4_msgs/msg/detail/rc_parameter_map__type_support.c\n'}
[0.854537] (px4_msgs) StdoutLine: {'line': b'-- Up-to-date: /home/jmj/pro_asp_ws/ws_px4_controls/install/px4_msgs/include/px4_msgs/px4_msgs/msg/detail/mavlink_log__type_support.c\n'}
[0.854559] (px4_msgs) StdoutLine: {'line': b'-- Up-to-date: /home/jmj/pro_asp_ws/ws_px4_controls/install/px4_msgs/include/px4_msgs/px4_msgs/msg/detail/satellite_info__type_support.c\n'}
[0.854582] (px4_msgs) StdoutLine: {'line': b'-- Up-to-date: /home/jmj/pro_asp_ws/ws_px4_controls/install/px4_msgs/include/px4_msgs/px4_msgs/msg/detail/fixed_wing_lateral_status__rosidl_typesupport_introspection_c.h\n'}
[0.854604] (px4_msgs) StdoutLine: {'line': b'-- Up-to-date: /home/jmj/pro_asp_ws/ws_px4_controls/install/px4_msgs/include/px4_msgs/px4_msgs/msg/detail/actuator_servos__rosidl_typesupport_introspection_c.h\n'}
[0.854625] (px4_msgs) StdoutLine: {'line': b'-- Up-to-date: /home/jmj/pro_asp_ws/ws_px4_controls/install/px4_msgs/include/px4_msgs/px4_msgs/msg/detail/orb_test__type_support.c\n'}
[0.854646] (px4_msgs) StdoutLine: {'line': b'-- Up-to-date: /home/jmj/pro_asp_ws/ws_px4_controls/install/px4_msgs/include/px4_msgs/px4_msgs/msg/detail/differential_pressure__rosidl_typesupport_introspection_c.h\n'}
[0.854667] (px4_msgs) StdoutLine: {'line': b'-- Up-to-date: /home/jmj/pro_asp_ws/ws_px4_controls/install/px4_msgs/include/px4_msgs/px4_msgs/msg/detail/internal_combustion_engine_control__rosidl_typesupport_introspection_c.h\n'}
[0.854689] (px4_msgs) StdoutLine: {'line': b'-- Up-to-date: /home/jmj/pro_asp_ws/ws_px4_controls/install/px4_msgs/include/px4_msgs/px4_msgs/msg/detail/internal_combustion_engine_status__rosidl_typesupport_introspection_c.h\n'}
[0.854710] (px4_msgs) StdoutLine: {'line': b'-- Up-to-date: /home/jmj/pro_asp_ws/ws_px4_controls/install/px4_msgs/include/px4_msgs/px4_msgs/msg/detail/orbit_status__type_support.c\n'}
[0.854731] (px4_msgs) StdoutLine: {'line': b'-- Up-to-date: /home/jmj/pro_asp_ws/ws_px4_controls/install/px4_msgs/include/px4_msgs/px4_msgs/msg/detail/rover_steering_setpoint__type_support.c\n'}
[0.854763] (px4_msgs) StdoutLine: {'line': b'-- Up-to-date: /home/jmj/pro_asp_ws/ws_px4_controls/install/px4_msgs/include/px4_msgs/px4_msgs/msg/detail/vehicle_thrust_setpoint__rosidl_typesupport_introspection_c.h\n'}
[0.854788] (px4_msgs) StdoutLine: {'line': b'-- Up-to-date: /home/jmj/pro_asp_ws/ws_px4_controls/install/px4_msgs/include/px4_msgs/px4_msgs/msg/detail/yaw_estimator_status__rosidl_typesupport_introspection_c.h\n'}
[0.854811] (px4_msgs) StdoutLine: {'line': b'-- Up-to-date: /home/jmj/pro_asp_ws/ws_px4_controls/install/px4_msgs/include/px4_msgs/px4_msgs/msg/detail/sensor_selection__rosidl_typesupport_introspection_c.h\n'}
[0.854835] (px4_msgs) StdoutLine: {'line': b'-- Up-to-date: /home/jmj/pro_asp_ws/ws_px4_controls/install/px4_msgs/include/px4_msgs/px4_msgs/msg/detail/mission_result__type_support.c\n'}
[0.854858] (px4_msgs) StdoutLine: {'line': b'-- Up-to-date: /home/jmj/pro_asp_ws/ws_px4_controls/install/px4_msgs/include/px4_msgs/px4_msgs/msg/detail/failsafe_flags__type_support.c\n'}
[0.854885] (px4_msgs) StdoutLine: {'line': b'-- Up-to-date: /home/jmj/pro_asp_ws/ws_px4_controls/install/px4_msgs/include/px4_msgs/px4_msgs/msg/detail/trajectory_setpoint6dof__type_support.c\n'}
[0.854910] (px4_msgs) StdoutLine: {'line': b'-- Up-to-date: /home/jmj/pro_asp_ws/ws_px4_controls/install/px4_msgs/include/px4_msgs/px4_msgs/msg/detail/vehicle_global_position__type_support.c\n'}
[0.854955] (px4_msgs) StdoutLine: {'line': b'-- Up-to-date: /home/jmj/pro_asp_ws/ws_px4_controls/install/px4_msgs/include/px4_msgs/px4_msgs/msg/detail/vehicle_command_ack__rosidl_typesupport_introspection_c.h\n'}
[0.854982] (px4_msgs) StdoutLine: {'line': b'-- Up-to-date: /home/jmj/pro_asp_ws/ws_px4_controls/install/px4_msgs/include/px4_msgs/px4_msgs/msg/detail/telemetry_status__rosidl_typesupport_introspection_c.h\n'}
[0.855009] (px4_msgs) StdoutLine: {'line': b'-- Up-to-date: /home/jmj/pro_asp_ws/ws_px4_controls/install/px4_msgs/include/px4_msgs/px4_msgs/msg/detail/gps_inject_data__type_support.c\n'}
[0.855032] (px4_msgs) StdoutLine: {'line': b'-- Up-to-date: /home/jmj/pro_asp_ws/ws_px4_controls/install/px4_msgs/include/px4_msgs/px4_msgs/msg/detail/launch_detection_status__rosidl_typesupport_introspection_c.h\n'}
[0.855056] (px4_msgs) StdoutLine: {'line': b'-- Up-to-date: /home/jmj/pro_asp_ws/ws_px4_controls/install/px4_msgs/include/px4_msgs/px4_msgs/msg/detail/generator_status__type_support.c\n'}
[0.855080] (px4_msgs) StdoutLine: {'line': b'-- Up-to-date: /home/jmj/pro_asp_ws/ws_px4_controls/install/px4_msgs/include/px4_msgs/px4_msgs/msg/detail/normalized_unsigned_setpoint__type_support.c\n'}
[0.855103] (px4_msgs) StdoutLine: {'line': b'-- Up-to-date: /home/jmj/pro_asp_ws/ws_px4_controls/install/px4_msgs/include/px4_msgs/px4_msgs/msg/detail/longitudinal_control_configuration__type_support.c\n'}
[0.855130] (px4_msgs) StdoutLine: {'line': b'-- Up-to-date: /home/jmj/pro_asp_ws/ws_px4_controls/install/px4_msgs/include/px4_msgs/px4_msgs/msg/detail/ping__rosidl_typesupport_introspection_c.h\n'}
[0.855158] (px4_msgs) StdoutLine: {'line': b'-- Up-to-date: /home/jmj/pro_asp_ws/ws_px4_controls/install/px4_msgs/include/px4_msgs/px4_msgs/msg/detail/heater_status__type_support.c\n'}
[0.855185] (px4_msgs) StdoutLine: {'line': b'-- Up-to-date: /home/jmj/pro_asp_ws/ws_px4_controls/install/px4_msgs/include/px4_msgs/px4_msgs/msg/detail/cellular_status__rosidl_typesupport_introspection_c.h\n'}
[0.855216] (px4_msgs) StdoutLine: {'line': b'-- Up-to-date: /home/jmj/pro_asp_ws/ws_px4_controls/install/px4_msgs/include/px4_msgs/px4_msgs/msg/detail/obstacle_distance__rosidl_typesupport_introspection_c.h\n'}
[0.855245] (px4_msgs) StdoutLine: {'line': b'-- Up-to-date: /home/jmj/pro_asp_ws/ws_px4_controls/install/px4_msgs/include/px4_msgs/px4_msgs/msg/detail/transponder_report__rosidl_typesupport_introspection_c.h\n'}
[0.855271] (px4_msgs) StdoutLine: {'line': b'-- Up-to-date: /home/jmj/pro_asp_ws/ws_px4_controls/install/px4_msgs/include/px4_msgs/px4_msgs/msg/detail/mag_worker_data__type_support.c\n'}
[0.855300] (px4_msgs) StdoutLine: {'line': b'-- Up-to-date: /home/jmj/pro_asp_ws/ws_px4_controls/install/px4_msgs/include/px4_msgs/px4_msgs/msg/detail/task_stack_info__type_support.c\n'}
[0.855342] (px4_msgs) StdoutLine: {'line': b'-- Up-to-date: /home/jmj/pro_asp_ws/ws_px4_controls/install/px4_msgs/include/px4_msgs/px4_msgs/msg/detail/mag_worker_data__rosidl_typesupport_introspection_c.h\n'}
[0.855365] (px4_msgs) StdoutLine: {'line': b'-- Up-to-date: /home/jmj/pro_asp_ws/ws_px4_controls/install/px4_msgs/include/px4_msgs/px4_msgs/msg/detail/open_drone_id_operator_id__rosidl_typesupport_introspection_c.h\n'}
[0.855388] (px4_msgs) StdoutLine: {'line': b'-- Up-to-date: /home/jmj/pro_asp_ws/ws_px4_controls/install/px4_msgs/include/px4_msgs/px4_msgs/msg/detail/fixed_wing_lateral_guidance_status__rosidl_typesupport_introspection_c.h\n'}
[0.855412] (px4_msgs) StdoutLine: {'line': b'-- Up-to-date: /home/jmj/pro_asp_ws/ws_px4_controls/install/px4_msgs/include/px4_msgs/px4_msgs/msg/detail/differential_pressure__type_support.c\n'}
[0.855434] (px4_msgs) StdoutLine: {'line': b'-- Up-to-date: /home/jmj/pro_asp_ws/ws_px4_controls/install/px4_msgs/include/px4_msgs/px4_msgs/msg/detail/distance_sensor_mode_change_request__rosidl_typesupport_introspection_c.h\n'}
[0.855457] (px4_msgs) StdoutLine: {'line': b'-- Up-to-date: /home/jmj/pro_asp_ws/ws_px4_controls/install/px4_msgs/include/px4_msgs/px4_msgs/msg/detail/rover_throttle_setpoint__type_support.c\n'}
[0.855492] (px4_msgs) StdoutLine: {'line': b'-- Up-to-date: /home/jmj/pro_asp_ws/ws_px4_controls/install/px4_msgs/include/px4_msgs/px4_msgs/msg/detail/rover_rate_status__type_support.c\n'}
[0.855516] (px4_msgs) StdoutLine: {'line': b'-- Up-to-date: /home/jmj/pro_asp_ws/ws_px4_controls/install/px4_msgs/include/px4_msgs/px4_msgs/msg/detail/sensor_mag__rosidl_typesupport_introspection_c.h\n'}
[0.855540] (px4_msgs) StdoutLine: {'line': b'-- Up-to-date: /home/jmj/pro_asp_ws/ws_px4_controls/install/px4_msgs/include/px4_msgs/px4_msgs/msg/detail/geofence_status__type_support.c\n'}
[0.855563] (px4_msgs) StdoutLine: {'line': b'-- Up-to-date: /home/jmj/pro_asp_ws/ws_px4_controls/install/px4_msgs/include/px4_msgs/px4_msgs/msg/detail/open_drone_id_arm_status__rosidl_typesupport_introspection_c.h\n'}
[0.855587] (px4_msgs) StdoutLine: {'line': b'-- Up-to-date: /home/jmj/pro_asp_ws/ws_px4_controls/install/px4_msgs/include/px4_msgs/px4_msgs/msg/detail/actuator_test__rosidl_typesupport_introspection_c.h\n'}
[0.855611] (px4_msgs) StdoutLine: {'line': b'-- Up-to-date: /home/jmj/pro_asp_ws/ws_px4_controls/install/px4_msgs/include/px4_msgs/px4_msgs/msg/detail/camera_trigger__rosidl_typesupport_introspection_c.h\n'}
[0.855633] (px4_msgs) StdoutLine: {'line': b'-- Up-to-date: /home/jmj/pro_asp_ws/ws_px4_controls/install/px4_msgs/include/px4_msgs/px4_msgs/msg/detail/dataman_response__type_support.c\n'}
[0.855659] (px4_msgs) StdoutLine: {'line': b'-- Up-to-date: /home/jmj/pro_asp_ws/ws_px4_controls/install/px4_msgs/include/px4_msgs/px4_msgs/msg/detail/sensor_airflow__rosidl_typesupport_introspection_c.h\n'}
[0.855683] (px4_msgs) StdoutLine: {'line': b'-- Up-to-date: /home/jmj/pro_asp_ws/ws_px4_controls/install/px4_msgs/include/px4_msgs/px4_msgs/msg/detail/obstacle_distance__type_support.c\n'}
[0.855724] (px4_msgs) StdoutLine: {'line': b'-- Up-to-date: /home/jmj/pro_asp_ws/ws_px4_controls/install/px4_msgs/include/px4_msgs/px4_msgs/msg/detail/sensor_optical_flow__rosidl_typesupport_introspection_c.h\n'}
[0.855746] (px4_msgs) StdoutLine: {'line': b'-- Up-to-date: /home/jmj/pro_asp_ws/ws_px4_controls/install/px4_msgs/include/px4_msgs/px4_msgs/msg/detail/landing_gear__rosidl_typesupport_introspection_c.h\n'}
[0.855774] (px4_msgs) StdoutLine: {'line': b'-- Up-to-date: /home/jmj/pro_asp_ws/ws_px4_controls/install/px4_msgs/include/px4_msgs/px4_msgs/msg/detail/estimator_sensor_bias__type_support.c\n'}
[0.855799] (px4_msgs) StdoutLine: {'line': b'-- Up-to-date: /home/jmj/pro_asp_ws/ws_px4_controls/install/px4_msgs/include/px4_msgs/px4_msgs/msg/detail/sensor_mag__type_support.c\n'}
[0.855822] (px4_msgs) StdoutLine: {'line': b'-- Up-to-date: /home/jmj/pro_asp_ws/ws_px4_controls/install/px4_msgs/include/px4_msgs/px4_msgs/msg/detail/fixed_wing_longitudinal_setpoint__rosidl_typesupport_introspection_c.h\n'}
[0.855848] (px4_msgs) StdoutLine: {'line': b'-- Up-to-date: /home/jmj/pro_asp_ws/ws_px4_controls/install/px4_msgs/include/px4_msgs/px4_msgs/msg/detail/uavcan_parameter_request__type_support.c\n'}
[0.855873] (px4_msgs) StdoutLine: {'line': b'-- Up-to-date: /home/jmj/pro_asp_ws/ws_px4_controls/install/px4_msgs/include/px4_msgs/px4_msgs/msg/detail/ekf2_timestamps__type_support.c\n'}
[0.855897] (px4_msgs) StdoutLine: {'line': b'-- Up-to-date: /home/jmj/pro_asp_ws/ws_px4_controls/install/px4_msgs/include/px4_msgs/px4_msgs/msg/detail/sensor_gnss_relative__rosidl_typesupport_introspection_c.h\n'}
[0.855921] (px4_msgs) StdoutLine: {'line': b'-- Up-to-date: /home/jmj/pro_asp_ws/ws_px4_controls/install/px4_msgs/include/px4_msgs/px4_msgs/msg/detail/uavcan_parameter_value__rosidl_typesupport_introspection_c.h\n'}
[0.855945] (px4_msgs) StdoutLine: {'line': b'-- Up-to-date: /home/jmj/pro_asp_ws/ws_px4_controls/install/px4_msgs/include/px4_msgs/px4_msgs/msg/detail/gimbal_manager_set_manual_control__type_support.c\n'}
[0.855969] (px4_msgs) StdoutLine: {'line': b'-- Up-to-date: /home/jmj/pro_asp_ws/ws_px4_controls/install/px4_msgs/include/px4_msgs/px4_msgs/msg/detail/register_ext_component_reply__type_support.c\n'}
[0.855993] (px4_msgs) StdoutLine: {'line': b'-- Up-to-date: /home/jmj/pro_asp_ws/ws_px4_controls/install/px4_msgs/include/px4_msgs/px4_msgs/msg/detail/figure_eight_status__rosidl_typesupport_introspection_c.h\n'}
[0.856019] (px4_msgs) StdoutLine: {'line': b'-- Up-to-date: /home/jmj/pro_asp_ws/ws_px4_controls/install/px4_msgs/include/px4_msgs/px4_msgs/msg/detail/rate_ctrl_status__rosidl_typesupport_introspection_c.h\n'}
[0.856043] (px4_msgs) StdoutLine: {'line': b'-- Up-to-date: /home/jmj/pro_asp_ws/ws_px4_controls/install/px4_msgs/include/px4_msgs/px4_msgs/msg/detail/radio_status__rosidl_typesupport_introspection_c.h\n'}
[0.856085] (px4_msgs) StdoutLine: {'line': b'-- Up-to-date: /home/jmj/pro_asp_ws/ws_px4_controls/install/px4_msgs/include/px4_msgs/px4_msgs/msg/detail/pure_pursuit_status__rosidl_typesupport_introspection_c.h\n'}
[0.856108] (px4_msgs) StdoutLine: {'line': b'-- Up-to-date: /home/jmj/pro_asp_ws/ws_px4_controls/install/px4_msgs/include/px4_msgs/px4_msgs/msg/detail/fixed_wing_longitudinal_setpoint__type_support.c\n'}
[0.856132] (px4_msgs) StdoutLine: {'line': b'-- Up-to-date: /home/jmj/pro_asp_ws/ws_px4_controls/install/px4_msgs/include/px4_msgs/px4_msgs/msg/detail/parameter_set_value_response__type_support.c\n'}
[0.856155] (px4_msgs) StdoutLine: {'line': b'-- Up-to-date: /home/jmj/pro_asp_ws/ws_px4_controls/install/px4_msgs/include/px4_msgs/px4_msgs/msg/detail/sensor_selection__type_support.c\n'}
[0.856178] (px4_msgs) StdoutLine: {'line': b'-- Up-to-date: /home/jmj/pro_asp_ws/ws_px4_controls/install/px4_msgs/include/px4_msgs/px4_msgs/msg/detail/arming_check_request__type_support.c\n'}
[0.856200] (px4_msgs) StdoutLine: {'line': b'-- Up-to-date: /home/jmj/pro_asp_ws/ws_px4_controls/install/px4_msgs/include/px4_msgs/px4_msgs/msg/detail/debug_array__type_support.c\n'}
[0.856233] (px4_msgs) StdoutLine: {'line': b'-- Up-to-date: /home/jmj/pro_asp_ws/ws_px4_controls/install/px4_msgs/include/px4_msgs/px4_msgs/msg/detail/open_drone_id_self_id__type_support.c\n'}
[0.856258] (px4_msgs) StdoutLine: {'line': b'-- Up-to-date: /home/jmj/pro_asp_ws/ws_px4_controls/install/px4_msgs/include/px4_msgs/px4_msgs/msg/detail/uavcan_parameter_request__rosidl_typesupport_introspection_c.h\n'}
[0.856283] (px4_msgs) StdoutLine: {'line': b'-- Up-to-date: /home/jmj/pro_asp_ws/ws_px4_controls/install/px4_msgs/include/px4_msgs/px4_msgs/msg/detail/rpm__rosidl_typesupport_introspection_c.h\n'}
[0.856306] (px4_msgs) StdoutLine: {'line': b'-- Up-to-date: /home/jmj/pro_asp_ws/ws_px4_controls/install/px4_msgs/include/px4_msgs/px4_msgs/msg/detail/estimator_innovations__type_support.c\n'}
[0.856359] (px4_msgs) StdoutLine: {'line': b'-- Up-to-date: /home/jmj/pro_asp_ws/ws_px4_controls/install/px4_msgs/include/px4_msgs/px4_msgs/msg/detail/rover_attitude_status__type_support.c\n'}
[0.856396] (px4_msgs) StdoutLine: {'line': b'-- Up-to-date: /home/jmj/pro_asp_ws/ws_px4_controls/install/px4_msgs/include/px4_msgs/px4_msgs/msg/detail/fuel_tank_status__rosidl_typesupport_introspection_c.h\n'}
[0.856421] (px4_msgs) StdoutLine: {'line': b'-- Up-to-date: /home/jmj/pro_asp_ws/ws_px4_controls/install/px4_msgs/include/px4_msgs/px4_msgs/msg/detail/distance_sensor_mode_change_request__type_support.c\n'}
[0.856450] (px4_msgs) StdoutLine: {'line': b'-- Up-to-date: /home/jmj/pro_asp_ws/ws_px4_controls/install/px4_msgs/include/px4_msgs/px4_msgs/msg/detail/rtl_status__type_support.c\n'}
[0.856473] (px4_msgs) StdoutLine: {'line': b'-- Up-to-date: /home/jmj/pro_asp_ws/ws_px4_controls/install/px4_msgs/include/px4_msgs/px4_msgs/msg/detail/vehicle_magnetometer__rosidl_typesupport_introspection_c.h\n'}
[0.856496] (px4_msgs) StdoutLine: {'line': b'-- Up-to-date: /home/jmj/pro_asp_ws/ws_px4_controls/install/px4_msgs/include/px4_msgs/px4_msgs/msg/detail/sensor_gyro_fifo__type_support.c\n'}
[0.856521] (px4_msgs) StdoutLine: {'line': b'-- Up-to-date: /home/jmj/pro_asp_ws/ws_px4_controls/install/px4_msgs/include/px4_msgs/px4_msgs/msg/detail/estimator_states__type_support.c\n'}
[0.856546] (px4_msgs) StdoutLine: {'line': b'-- Up-to-date: /home/jmj/pro_asp_ws/ws_px4_controls/install/px4_msgs/include/px4_msgs/px4_msgs/msg/detail/logger_status__rosidl_typesupport_introspection_c.h\n'}
[0.856570] (px4_msgs) StdoutLine: {'line': b'-- Up-to-date: /home/jmj/pro_asp_ws/ws_px4_controls/install/px4_msgs/include/px4_msgs/px4_msgs/msg/detail/fixed_wing_lateral_guidance_status__type_support.c\n'}
[0.856596] (px4_msgs) StdoutLine: {'line': b'-- Up-to-date: /home/jmj/pro_asp_ws/ws_px4_controls/install/px4_msgs/include/px4_msgs/px4_msgs/msg/detail/orb_test__rosidl_typesupport_introspection_c.h\n'}
[0.856620] (px4_msgs) StdoutLine: {'line': b'-- Up-to-date: /home/jmj/pro_asp_ws/ws_px4_controls/install/px4_msgs/include/px4_msgs/px4_msgs/msg/detail/adc_report__rosidl_typesupport_introspection_c.h\n'}
[0.856645] (px4_msgs) StdoutLine: {'line': b'-- Up-to-date: /home/jmj/pro_asp_ws/ws_px4_controls/install/px4_msgs/include/px4_msgs/px4_msgs/msg/detail/landing_target_pose__type_support.c\n'}
[0.856682] (px4_msgs) StdoutLine: {'line': b'-- Up-to-date: /home/jmj/pro_asp_ws/ws_px4_controls/install/px4_msgs/include/px4_msgs/px4_msgs/msg/detail/rtl_status__rosidl_typesupport_introspection_c.h\n'}
[0.856705] (px4_msgs) StdoutLine: {'line': b'-- Up-to-date: /home/jmj/pro_asp_ws/ws_px4_controls/install/px4_msgs/include/px4_msgs/px4_msgs/msg/detail/dataman_request__rosidl_typesupport_introspection_c.h\n'}
[0.856729] (px4_msgs) StdoutLine: {'line': b'-- Up-to-date: /home/jmj/pro_asp_ws/ws_px4_controls/install/px4_msgs/include/px4_msgs/px4_msgs/msg/detail/actuator_test__type_support.c\n'}
[0.856756] (px4_msgs) StdoutLine: {'line': b'-- Up-to-date: /home/jmj/pro_asp_ws/ws_px4_controls/install/px4_msgs/include/px4_msgs/px4_msgs/msg/detail/debug_value__type_support.c\n'}
[0.856788] (px4_msgs) StdoutLine: {'line': b'-- Up-to-date: /home/jmj/pro_asp_ws/ws_px4_controls/install/px4_msgs/include/px4_msgs/px4_msgs/msg/detail/parameter_reset_request__rosidl_typesupport_introspection_c.h\n'}
[0.856810] (px4_msgs) StdoutLine: {'line': b'-- Up-to-date: /home/jmj/pro_asp_ws/ws_px4_controls/install/px4_msgs/include/px4_msgs/px4_msgs/msg/detail/sensor_preflight_mag__rosidl_typesupport_introspection_c.h\n'}
[0.856831] (px4_msgs) StdoutLine: {'line': b'-- Up-to-date: /home/jmj/pro_asp_ws/ws_px4_controls/install/px4_msgs/include/px4_msgs/px4_msgs/msg/detail/position_controller_landing_status__type_support.c\n'}
[0.856853] (px4_msgs) StdoutLine: {'line': b'-- Up-to-date: /home/jmj/pro_asp_ws/ws_px4_controls/install/px4_msgs/include/px4_msgs/px4_msgs/msg/detail/vehicle_attitude_setpoint__type_support.c\n'}
[0.856874] (px4_msgs) StdoutLine: {'line': b'-- Up-to-date: /home/jmj/pro_asp_ws/ws_px4_controls/install/px4_msgs/include/px4_msgs/px4_msgs/msg/detail/rover_rate_setpoint__type_support.c\n'}
[0.856903] (px4_msgs) StdoutLine: {'line': b'-- Up-to-date: /home/jmj/pro_asp_ws/ws_px4_controls/install/px4_msgs/include/px4_msgs/px4_msgs/msg/detail/satellite_info__rosidl_typesupport_introspection_c.h\n'}
[0.856931] (px4_msgs) StdoutLine: {'line': b'-- Up-to-date: /home/jmj/pro_asp_ws/ws_px4_controls/install/px4_msgs/include/px4_msgs/px4_msgs/msg/detail/geofence_status__rosidl_typesupport_introspection_c.h\n'}
[0.856953] (px4_msgs) StdoutLine: {'line': b'-- Up-to-date: /home/jmj/pro_asp_ws/ws_px4_controls/install/px4_msgs/include/px4_msgs/px4_msgs/msg/detail/irlock_report__rosidl_typesupport_introspection_c.h\n'}
[0.856975] (px4_msgs) StdoutLine: {'line': b'-- Up-to-date: /home/jmj/pro_asp_ws/ws_px4_controls/install/px4_msgs/include/px4_msgs/px4_msgs/msg/detail/action_request__rosidl_typesupport_introspection_c.h\n'}
[0.856997] (px4_msgs) StdoutLine: {'line': b'-- Up-to-date: /home/jmj/pro_asp_ws/ws_px4_controls/install/px4_msgs/include/px4_msgs/px4_msgs/msg/detail/qshell_retval__type_support.c\n'}
[0.857021] (px4_msgs) StdoutLine: {'line': b'-- Up-to-date: /home/jmj/pro_asp_ws/ws_px4_controls/install/px4_msgs/include/px4_msgs/px4_msgs/msg/detail/parameter_set_used_request__type_support.c\n'}
[0.857042] (px4_msgs) StdoutLine: {'line': b'-- Up-to-date: /home/jmj/pro_asp_ws/ws_px4_controls/install/px4_msgs/include/px4_msgs/px4_msgs/msg/detail/tecs_status__type_support.c\n'}
[0.857065] (px4_msgs) StdoutLine: {'line': b'-- Up-to-date: /home/jmj/pro_asp_ws/ws_px4_controls/install/px4_msgs/include/px4_msgs/px4_msgs/msg/detail/gpio_config__rosidl_typesupport_introspection_c.h\n'}
[0.857087] (px4_msgs) StdoutLine: {'line': b'-- Up-to-date: /home/jmj/pro_asp_ws/ws_px4_controls/install/px4_msgs/include/px4_msgs/px4_msgs/msg/detail/vehicle_magnetometer__type_support.c\n'}
[0.857115] (px4_msgs) StdoutLine: {'line': b'-- Up-to-date: /home/jmj/pro_asp_ws/ws_px4_controls/install/px4_msgs/include/px4_msgs/px4_msgs/msg/detail/gpio_config__type_support.c\n'}
[0.857136] (px4_msgs) StdoutLine: {'line': b'-- Up-to-date: /home/jmj/pro_asp_ws/ws_px4_controls/install/px4_msgs/include/px4_msgs/px4_msgs/msg/detail/rover_velocity_setpoint__rosidl_typesupport_introspection_c.h\n'}
[0.857159] (px4_msgs) StdoutLine: {'line': b'-- Up-to-date: /home/jmj/pro_asp_ws/ws_px4_controls/install/px4_msgs/include/px4_msgs/px4_msgs/msg/detail/position_controller_status__type_support.c\n'}
[0.857181] (px4_msgs) StdoutLine: {'line': b'-- Up-to-date: /home/jmj/pro_asp_ws/ws_px4_controls/install/px4_msgs/include/px4_msgs/px4_msgs/msg/detail/sensor_gyro_fft__type_support.c\n'}
[0.857206] (px4_msgs) StdoutLine: {'line': b'-- Up-to-date: /home/jmj/pro_asp_ws/ws_px4_controls/install/px4_msgs/include/px4_msgs/px4_msgs/msg/detail/sensor_combined__type_support.c\n'}
[0.857251] (px4_msgs) StdoutLine: {'line': b'-- Up-to-date: /home/jmj/pro_asp_ws/ws_px4_controls/install/px4_msgs/include/px4_msgs/px4_msgs/msg/detail/actuator_servos_trim__type_support.c\n'}
[0.857275] (px4_msgs) StdoutLine: {'line': b'-- Up-to-date: /home/jmj/pro_asp_ws/ws_px4_controls/install/px4_msgs/include/px4_msgs/px4_msgs/msg/detail/pwm_input__rosidl_typesupport_introspection_c.h\n'}
[0.857298] (px4_msgs) StdoutLine: {'line': b'-- Up-to-date: /home/jmj/pro_asp_ws/ws_px4_controls/install/px4_msgs/include/px4_msgs/px4_msgs/msg/detail/gimbal_device_set_attitude__rosidl_typesupport_introspection_c.h\n'}
[0.857321] (px4_msgs) StdoutLine: {'line': b'-- Up-to-date: /home/jmj/pro_asp_ws/ws_px4_controls/install/px4_msgs/include/px4_msgs/px4_msgs/msg/detail/power_button_state__rosidl_typesupport_introspection_c.h\n'}
[0.857345] (px4_msgs) StdoutLine: {'line': b'-- Up-to-date: /home/jmj/pro_asp_ws/ws_px4_controls/install/px4_msgs/include/px4_msgs/px4_msgs/msg/detail/actuator_armed__type_support.c\n'}
[0.857368] (px4_msgs) StdoutLine: {'line': b'-- Up-to-date: /home/jmj/pro_asp_ws/ws_px4_controls/install/px4_msgs/include/px4_msgs/px4_msgs/msg/detail/cpuload__rosidl_typesupport_introspection_c.h\n'}
[0.857392] (px4_msgs) StdoutLine: {'line': b'-- Up-to-date: /home/jmj/pro_asp_ws/ws_px4_controls/install/px4_msgs/include/px4_msgs/px4_msgs/msg/detail/rc_channels__rosidl_typesupport_introspection_c.h\n'}
[0.857435] (px4_msgs) StdoutLine: {'line': b'-- Up-to-date: /home/jmj/pro_asp_ws/ws_px4_controls/install/px4_msgs/include/px4_msgs/px4_msgs/msg/detail/mavlink_tunnel__type_support.c\n'}
[0.857459] (px4_msgs) StdoutLine: {'line': b'-- Up-to-date: /home/jmj/pro_asp_ws/ws_px4_controls/install/px4_msgs/include/px4_msgs/px4_msgs/msg/detail/gimbal_controls__type_support.c\n'}
[0.857484] (px4_msgs) StdoutLine: {'line': b'-- Up-to-date: /home/jmj/pro_asp_ws/ws_px4_controls/install/px4_msgs/include/px4_msgs/px4_msgs/msg/detail/vehicle_roi__rosidl_typesupport_introspection_c.h\n'}
[0.857508] (px4_msgs) StdoutLine: {'line': b'-- Up-to-date: /home/jmj/pro_asp_ws/ws_px4_controls/install/px4_msgs/include/px4_msgs/px4_msgs/msg/detail/vehicle_acceleration__type_support.c\n'}
[0.857531] (px4_msgs) StdoutLine: {'line': b'-- Up-to-date: /home/jmj/pro_asp_ws/ws_px4_controls/install/px4_msgs/include/px4_msgs/px4_msgs/msg/detail/gps_inject_data__rosidl_typesupport_introspection_c.h\n'}
[0.857556] (px4_msgs) StdoutLine: {'line': b'-- Up-to-date: /home/jmj/pro_asp_ws/ws_px4_controls/install/px4_msgs/include/px4_msgs/px4_msgs/msg/detail/control_allocator_status__rosidl_typesupport_introspection_c.h\n'}
[0.857582] (px4_msgs) StdoutLine: {'line': b'-- Up-to-date: /home/jmj/pro_asp_ws/ws_px4_controls/install/px4_msgs/include/px4_msgs/px4_msgs/msg/detail/orb_test_medium__rosidl_typesupport_introspection_c.h\n'}
[0.857608] (px4_msgs) StdoutLine: {'line': b'-- Up-to-date: /home/jmj/pro_asp_ws/ws_px4_controls/install/px4_msgs/include/px4_msgs/px4_msgs/msg/detail/rate_ctrl_status__type_support.c\n'}
[0.857633] (px4_msgs) StdoutLine: {'line': b'-- Up-to-date: /home/jmj/pro_asp_ws/ws_px4_controls/install/px4_msgs/include/px4_msgs/px4_msgs/msg/detail/actuator_servos__type_support.c\n'}
[0.857662] (px4_msgs) StdoutLine: {'line': b'-- Up-to-date: /home/jmj/pro_asp_ws/ws_px4_controls/install/px4_msgs/include/px4_msgs/px4_msgs/msg/detail/vehicle_constraints__type_support.c\n'}
[0.857689] (px4_msgs) StdoutLine: {'line': b'-- Up-to-date: /home/jmj/pro_asp_ws/ws_px4_controls/install/px4_msgs/include/px4_msgs/px4_msgs/msg/detail/fixed_wing_lateral_setpoint__type_support.c\n'}
[0.857715] (px4_msgs) StdoutLine: {'line': b'-- Up-to-date: /home/jmj/pro_asp_ws/ws_px4_controls/install/px4_msgs/include/px4_msgs/px4_msgs/msg/detail/vehicle_thrust_setpoint__type_support.c\n'}
[0.857743] (px4_msgs) StdoutLine: {'line': b'-- Up-to-date: /home/jmj/pro_asp_ws/ws_px4_controls/install/px4_msgs/include/px4_msgs/px4_msgs/msg/detail/position_setpoint_triplet__rosidl_typesupport_introspection_c.h\n'}
[0.857786] (px4_msgs) StdoutLine: {'line': b'-- Up-to-date: /home/jmj/pro_asp_ws/ws_px4_controls/install/px4_msgs/include/px4_msgs/px4_msgs/msg/detail/battery_status__type_support.c\n'}
[0.857813] (px4_msgs) StdoutLine: {'line': b'-- Up-to-date: /home/jmj/pro_asp_ws/ws_px4_controls/install/px4_msgs/include/px4_msgs/px4_msgs/msg/detail/gpio_in__type_support.c\n'}
[0.857837] (px4_msgs) StdoutLine: {'line': b'-- Up-to-date: /home/jmj/pro_asp_ws/ws_px4_controls/install/px4_msgs/include/px4_msgs/px4_msgs/msg/detail/mavlink_log__rosidl_typesupport_introspection_c.h\n'}
[0.857864] (px4_msgs) StdoutLine: {'line': b'-- Up-to-date: /home/jmj/pro_asp_ws/ws_px4_controls/install/px4_msgs/include/px4_msgs/px4_msgs/msg/detail/vehicle_angular_velocity__rosidl_typesupport_introspection_c.h\n'}
[0.857890] (px4_msgs) StdoutLine: {'line': b'-- Up-to-date: /home/jmj/pro_asp_ws/ws_px4_controls/install/px4_msgs/include/px4_msgs/px4_msgs/msg/detail/orb_test_large__type_support.c\n'}
[0.857928] (px4_msgs) StdoutLine: {'line': b'-- Up-to-date: /home/jmj/pro_asp_ws/ws_px4_controls/install/px4_msgs/include/px4_msgs/px4_msgs/msg/detail/log_message__type_support.c\n'}
[0.857953] (px4_msgs) StdoutLine: {'line': b'-- Up-to-date: /home/jmj/pro_asp_ws/ws_px4_controls/install/px4_msgs/include/px4_msgs/px4_msgs/msg/detail/mission_result__rosidl_typesupport_introspection_c.h\n'}
[0.857977] (px4_msgs) StdoutLine: {'line': b'-- Up-to-date: /home/jmj/pro_asp_ws/ws_px4_controls/install/px4_msgs/include/px4_msgs/px4_msgs/msg/detail/sensor_baro__type_support.c\n'}
[0.858003] (px4_msgs) StdoutLine: {'line': b'-- Up-to-date: /home/jmj/pro_asp_ws/ws_px4_controls/install/px4_msgs/include/px4_msgs/px4_msgs/msg/detail/sensors_status_imu__rosidl_typesupport_introspection_c.h\n'}
[0.858026] (px4_msgs) StdoutLine: {'line': b'-- Up-to-date: /home/jmj/pro_asp_ws/ws_px4_controls/install/px4_msgs/include/px4_msgs/px4_msgs/msg/detail/landing_gear_wheel__type_support.c\n'}
[0.858048] (px4_msgs) StdoutLine: {'line': b'-- Up-to-date: /home/jmj/pro_asp_ws/ws_px4_controls/install/px4_msgs/include/px4_msgs/px4_msgs/msg/detail/register_ext_component_request__type_support.c\n'}
[0.858072] (px4_msgs) StdoutLine: {'line': b'-- Up-to-date: /home/jmj/pro_asp_ws/ws_px4_controls/install/px4_msgs/include/px4_msgs/px4_msgs/msg/detail/px4io_status__rosidl_typesupport_introspection_c.h\n'}
[0.858096] (px4_msgs) StdoutLine: {'line': b'-- Up-to-date: /home/jmj/pro_asp_ws/ws_px4_controls/install/px4_msgs/include/px4_msgs/px4_msgs/msg/detail/esc_status__type_support.c\n'}
[0.858119] (px4_msgs) StdoutLine: {'line': b'-- Up-to-date: /home/jmj/pro_asp_ws/ws_px4_controls/install/px4_msgs/include/px4_msgs/px4_msgs/msg/detail/message_format_request__type_support.c\n'}
[0.858143] (px4_msgs) StdoutLine: {'line': b'-- Up-to-date: /home/jmj/pro_asp_ws/ws_px4_controls/install/px4_msgs/include/px4_msgs/px4_msgs/msg/detail/sensor_optical_flow__type_support.c\n'}
[0.858168] (px4_msgs) StdoutLine: {'line': b'-- Up-to-date: /home/jmj/pro_asp_ws/ws_px4_controls/install/px4_msgs/include/px4_msgs/px4_msgs/msg/detail/button_event__type_support.c\n'}
[0.858192] (px4_msgs) StdoutLine: {'line': b'-- Up-to-date: /home/jmj/pro_asp_ws/ws_px4_controls/install/px4_msgs/include/px4_msgs/px4_msgs/msg/detail/airspeed_wind__rosidl_typesupport_introspection_c.h\n'}
[0.858218] (px4_msgs) StdoutLine: {'line': b'-- Up-to-date: /home/jmj/pro_asp_ws/ws_px4_controls/install/px4_msgs/include/px4_msgs/px4_msgs/msg/detail/debug_value__rosidl_typesupport_introspection_c.h\n'}
[0.858253] (px4_msgs) StdoutLine: {'line': b'-- Up-to-date: /home/jmj/pro_asp_ws/ws_px4_controls/install/px4_msgs/include/px4_msgs/px4_msgs/msg/detail/rover_steering_setpoint__rosidl_typesupport_introspection_c.h\n'}
[0.858278] (px4_msgs) StdoutLine: {'line': b'-- Up-to-date: /home/jmj/pro_asp_ws/ws_px4_controls/install/px4_msgs/include/px4_msgs/px4_msgs/msg/detail/pps_capture__type_support.c\n'}
[0.858300] (px4_msgs) StdoutLine: {'line': b'-- Up-to-date: /home/jmj/pro_asp_ws/ws_px4_controls/install/px4_msgs/include/px4_msgs/px4_msgs/msg/detail/mission__type_support.c\n'}
[0.858324] (px4_msgs) StdoutLine: {'line': b'-- Up-to-date: /home/jmj/pro_asp_ws/ws_px4_controls/install/px4_msgs/include/px4_msgs/px4_msgs/msg/detail/arming_check_reply__rosidl_typesupport_introspection_c.h\n'}
[0.858345] (px4_msgs) StdoutLine: {'line': b'-- Up-to-date: /home/jmj/pro_asp_ws/ws_px4_controls/install/px4_msgs/include/px4_msgs/px4_msgs/msg/detail/internal_combustion_engine_status__type_support.c\n'}
[0.858375] (px4_msgs) StdoutLine: {'line': b'-- Up-to-date: /home/jmj/pro_asp_ws/ws_px4_controls/install/px4_msgs/include/px4_msgs/px4_msgs/msg/detail/vehicle_angular_acceleration_setpoint__rosidl_typesupport_introspection_c.h\n'}
[0.858401] (px4_msgs) StdoutLine: {'line': b'-- Up-to-date: /home/jmj/pro_asp_ws/ws_px4_controls/install/px4_msgs/include/px4_msgs/px4_msgs/msg/detail/offboard_control_mode__type_support.c\n'}
[0.858434] (px4_msgs) StdoutLine: {'line': b'-- Up-to-date: /home/jmj/pro_asp_ws/ws_px4_controls/install/px4_msgs/include/px4_msgs/px4_msgs/msg/detail/parameter_set_value_request__type_support.c\n'}
[0.858487] (px4_msgs) StdoutLine: {'line': b'-- Up-to-date: /home/jmj/pro_asp_ws/ws_px4_controls/install/px4_msgs/include/px4_msgs/px4_msgs/msg/detail/gimbal_device_information__type_support.c\n'}
[0.858521] (px4_msgs) StdoutLine: {'line': b'-- Up-to-date: /home/jmj/pro_asp_ws/ws_px4_controls/install/px4_msgs/include/px4_msgs/px4_msgs/msg/detail/follow_target_status__type_support.c\n'}
[0.858553] (px4_msgs) StdoutLine: {'line': b'-- Up-to-date: /home/jmj/pro_asp_ws/ws_px4_controls/install/px4_msgs/include/px4_msgs/px4_msgs/msg/detail/vehicle_acceleration__rosidl_typesupport_introspection_c.h\n'}
[0.858582] (px4_msgs) StdoutLine: {'line': b'-- Up-to-date: /home/jmj/pro_asp_ws/ws_px4_controls/install/px4_msgs/include/px4_msgs/px4_msgs/msg/detail/gpio_in__rosidl_typesupport_introspection_c.h\n'}
[0.858610] (px4_msgs) StdoutLine: {'line': b'-- Up-to-date: /home/jmj/pro_asp_ws/ws_px4_controls/install/px4_msgs/include/px4_msgs/px4_msgs/msg/detail/rpm__type_support.c\n'}
[0.858632] (px4_msgs) StdoutLine: {'line': b'-- Up-to-date: /home/jmj/pro_asp_ws/ws_px4_controls/install/px4_msgs/include/px4_msgs/px4_msgs/msg/detail/estimator_selector_status__type_support.c\n'}
[0.858654] (px4_msgs) StdoutLine: {'line': b'-- Up-to-date: /home/jmj/pro_asp_ws/ws_px4_controls/install/px4_msgs/include/px4_msgs/px4_msgs/msg/detail/position_setpoint__rosidl_typesupport_introspection_c.h\n'}
[0.858677] (px4_msgs) StdoutLine: {'line': b'-- Up-to-date: /home/jmj/pro_asp_ws/ws_px4_controls/install/px4_msgs/include/px4_msgs/px4_msgs/msg/detail/wind__type_support.c\n'}
[0.858700] (px4_msgs) StdoutLine: {'line': b'-- Up-to-date: /home/jmj/pro_asp_ws/ws_px4_controls/install/px4_msgs/include/px4_msgs/px4_msgs/msg/detail/tune_control__rosidl_typesupport_introspection_c.h\n'}
[0.858726] (px4_msgs) StdoutLine: {'line': b'-- Up-to-date: /home/jmj/pro_asp_ws/ws_px4_controls/install/px4_msgs/include/px4_msgs/px4_msgs/msg/detail/follow_target__rosidl_typesupport_introspection_c.h\n'}
[0.858759] (px4_msgs) StdoutLine: {'line': b'-- Up-to-date: /home/jmj/pro_asp_ws/ws_px4_controls/install/px4_msgs/include/px4_msgs/px4_msgs/msg/detail/ulog_stream_ack__rosidl_typesupport_introspection_c.h\n'}
[0.858793] (px4_msgs) StdoutLine: {'line': b'-- Up-to-date: /home/jmj/pro_asp_ws/ws_px4_controls/install/px4_msgs/include/px4_msgs/px4_msgs/msg/detail/config_overrides__type_support.c\n'}
[0.858822] (px4_msgs) StdoutLine: {'line': b'-- Up-to-date: /home/jmj/pro_asp_ws/ws_px4_controls/install/px4_msgs/include/px4_msgs/px4_msgs/msg/detail/adc_report__type_support.c\n'}
[0.858849] (px4_msgs) StdoutLine: {'line': b'-- Up-to-date: /home/jmj/pro_asp_ws/ws_px4_controls/install/px4_msgs/include/px4_msgs/px4_msgs/msg/detail/vehicle_imu_status__rosidl_typesupport_introspection_c.h\n'}
[0.858875] (px4_msgs) StdoutLine: {'line': b'-- Up-to-date: /home/jmj/pro_asp_ws/ws_px4_controls/install/px4_msgs/include/px4_msgs/px4_msgs/msg/detail/vtol_vehicle_status__rosidl_typesupport_introspection_c.h\n'}
[0.858900] (px4_msgs) StdoutLine: {'line': b'-- Up-to-date: /home/jmj/pro_asp_ws/ws_px4_controls/install/px4_msgs/include/px4_msgs/px4_msgs/msg/detail/gimbal_manager_information__type_support.c\n'}
[0.858926] (px4_msgs) StdoutLine: {'line': b'-- Up-to-date: /home/jmj/pro_asp_ws/ws_px4_controls/install/px4_msgs/include/px4_msgs/px4_msgs/msg/detail/esc_status__rosidl_typesupport_introspection_c.h\n'}
[0.858956] (px4_msgs) StdoutLine: {'line': b'-- Up-to-date: /home/jmj/pro_asp_ws/ws_px4_controls/install/px4_msgs/include/px4_msgs/px4_msgs/msg/detail/navigator_status__type_support.c\n'}
[0.858985] (px4_msgs) StdoutLine: {'line': b'-- Up-to-date: /home/jmj/pro_asp_ws/ws_px4_controls/install/px4_msgs/include/px4_msgs/px4_msgs/msg/detail/vehicle_odometry__rosidl_typesupport_introspection_c.h\n'}
[0.859051] (px4_msgs) StdoutLine: {'line': b'-- Up-to-date: /home/jmj/pro_asp_ws/ws_px4_controls/install/px4_msgs/include/px4_msgs/px4_msgs/msg/detail/control_allocator_status__type_support.c\n'}
[0.859080] (px4_msgs) StdoutLine: {'line': b'-- Up-to-date: /home/jmj/pro_asp_ws/ws_px4_controls/install/px4_msgs/include/px4_msgs/px4_msgs/msg/detail/ulog_stream__type_support.c\n'}
[0.859105] (px4_msgs) StdoutLine: {'line': b'-- Up-to-date: /home/jmj/pro_asp_ws/ws_px4_controls/install/px4_msgs/include/px4_msgs/px4_msgs/msg/detail/gimbal_manager_set_manual_control__rosidl_typesupport_introspection_c.h\n'}
[0.859130] (px4_msgs) StdoutLine: {'line': b'-- Up-to-date: /home/jmj/pro_asp_ws/ws_px4_controls/install/px4_msgs/include/px4_msgs/px4_msgs/msg/detail/airspeed_wind__type_support.c\n'}
[0.859423] (px4_msgs) StdoutLine: {'line': b'-- Up-to-date: /home/jmj/pro_asp_ws/ws_px4_controls/install/px4_msgs/include/px4_msgs/px4_msgs/msg/detail/actuator_controls_status__type_support.c\n'}
[0.859448] (px4_msgs) StdoutLine: {'line': b'-- Up-to-date: /home/jmj/pro_asp_ws/ws_px4_controls/install/px4_msgs/include/px4_msgs/px4_msgs/msg/detail/ekf2_timestamps__rosidl_typesupport_introspection_c.h\n'}
[0.859472] (px4_msgs) StdoutLine: {'line': b'-- Up-to-date: /home/jmj/pro_asp_ws/ws_px4_controls/install/px4_msgs/include/px4_msgs/px4_msgs/msg/detail/register_ext_component_request__rosidl_typesupport_introspection_c.h\n'}
[0.859495] (px4_msgs) StdoutLine: {'line': b'-- Up-to-date: /home/jmj/pro_asp_ws/ws_px4_controls/install/px4_msgs/include/px4_msgs/px4_msgs/msg/detail/trajectory_setpoint__type_support.c\n'}
[0.859529] (px4_msgs) StdoutLine: {'line': b'-- Up-to-date: /home/jmj/pro_asp_ws/ws_px4_controls/install/px4_msgs/include/px4_msgs/px4_msgs/msg/detail/landing_gear__type_support.c\n'}
[0.859568] (px4_msgs) StdoutLine: {'line': b'-- Up-to-date: /home/jmj/pro_asp_ws/ws_px4_controls/install/px4_msgs/include/px4_msgs/px4_msgs/msg/detail/airspeed__rosidl_typesupport_introspection_c.h\n'}
[0.859600] (px4_msgs) StdoutLine: {'line': b'-- Up-to-date: /home/jmj/pro_asp_ws/ws_px4_controls/install/px4_msgs/include/px4_msgs/px4_msgs/msg/detail/battery_status__rosidl_typesupport_introspection_c.h\n'}
[0.859634] (px4_msgs) StdoutLine: {'line': b'-- Up-to-date: /home/jmj/pro_asp_ws/ws_px4_controls/install/px4_msgs/include/px4_msgs/px4_msgs/msg/rosidl_typesupport_introspection_c__visibility_control.h\n'}
[0.859697] (px4_msgs) StdoutLine: {'line': b'-- Up-to-date: /home/jmj/pro_asp_ws/ws_px4_controls/install/px4_msgs/lib/libpx4_msgs__rosidl_typesupport_introspection_c.so\n'}
[0.859720] (px4_msgs) StdoutLine: {'line': b'-- Up-to-date: /home/jmj/pro_asp_ws/ws_px4_controls/install/px4_msgs/lib/libpx4_msgs__rosidl_typesupport_c.so\n'}
[0.859745] (px4_msgs) StdoutLine: {'line': b'-- Up-to-date: /home/jmj/pro_asp_ws/ws_px4_controls/install/px4_msgs/include/px4_msgs/px4_msgs\n'}
[0.859783] (px4_msgs) StdoutLine: {'line': b'-- Up-to-date: /home/jmj/pro_asp_ws/ws_px4_controls/install/px4_msgs/include/px4_msgs/px4_msgs/srv\n'}
[0.859807] (px4_msgs) StdoutLine: {'line': b'-- Up-to-date: /home/jmj/pro_asp_ws/ws_px4_controls/install/px4_msgs/include/px4_msgs/px4_msgs/srv/detail\n'}
[0.859835] (px4_msgs) StdoutLine: {'line': b'-- Up-to-date: /home/jmj/pro_asp_ws/ws_px4_controls/install/px4_msgs/include/px4_msgs/px4_msgs/srv/detail/vehicle_command__rosidl_typesupport_introspection_cpp.hpp\n'}
[0.859866] (px4_msgs) StdoutLine: {'line': b'-- Up-to-date: /home/jmj/pro_asp_ws/ws_px4_controls/install/px4_msgs/include/px4_msgs/px4_msgs/srv/detail/vehicle_command__type_support.cpp\n'}
[0.859889] (px4_msgs) StdoutLine: {'line': b'-- Up-to-date: /home/jmj/pro_asp_ws/ws_px4_controls/install/px4_msgs/include/px4_msgs/px4_msgs/msg\n'}
[0.859918] (px4_msgs) StdoutLine: {'line': b'-- Up-to-date: /home/jmj/pro_asp_ws/ws_px4_controls/install/px4_msgs/include/px4_msgs/px4_msgs/msg/detail\n'}
[0.859949] (px4_msgs) StdoutLine: {'line': b'-- Up-to-date: /home/jmj/pro_asp_ws/ws_px4_controls/install/px4_msgs/include/px4_msgs/px4_msgs/msg/detail/sensor_gnss_relative__type_support.cpp\n'}
[0.859982] (px4_msgs) StdoutLine: {'line': b'-- Up-to-date: /home/jmj/pro_asp_ws/ws_px4_controls/install/px4_msgs/include/px4_msgs/px4_msgs/msg/detail/gpio_out__type_support.cpp\n'}
[0.860011] (px4_msgs) StdoutLine: {'line': b'-- Up-to-date: /home/jmj/pro_asp_ws/ws_px4_controls/install/px4_msgs/include/px4_msgs/px4_msgs/msg/detail/vehicle_odometry__rosidl_typesupport_introspection_cpp.hpp\n'}
[0.860043] (px4_msgs) StdoutLine: {'line': b'-- Up-to-date: /home/jmj/pro_asp_ws/ws_px4_controls/install/px4_msgs/include/px4_msgs/px4_msgs/msg/detail/landing_target_innovations__rosidl_typesupport_introspection_cpp.hpp\n'}
[0.860070] (px4_msgs) StdoutLine: {'line': b'-- Up-to-date: /home/jmj/pro_asp_ws/ws_px4_controls/install/px4_msgs/include/px4_msgs/px4_msgs/msg/detail/actuator_servos_trim__rosidl_typesupport_introspection_cpp.hpp\n'}
[0.860115] (px4_msgs) StdoutLine: {'line': b'-- Up-to-date: /home/jmj/pro_asp_ws/ws_px4_controls/install/px4_msgs/include/px4_msgs/px4_msgs/msg/detail/task_stack_info__rosidl_typesupport_introspection_cpp.hpp\n'}
[0.860140] (px4_msgs) StdoutLine: {'line': b'-- Up-to-date: /home/jmj/pro_asp_ws/ws_px4_controls/install/px4_msgs/include/px4_msgs/px4_msgs/msg/detail/generator_status__type_support.cpp\n'}
[0.860163] (px4_msgs) StdoutLine: {'line': b'-- Up-to-date: /home/jmj/pro_asp_ws/ws_px4_controls/install/px4_msgs/include/px4_msgs/px4_msgs/msg/detail/mount_orientation__rosidl_typesupport_introspection_cpp.hpp\n'}
[0.860185] (px4_msgs) StdoutLine: {'line': b'-- Up-to-date: /home/jmj/pro_asp_ws/ws_px4_controls/install/px4_msgs/include/px4_msgs/px4_msgs/msg/detail/sensor_accel_fifo__rosidl_typesupport_introspection_cpp.hpp\n'}
[0.860209] (px4_msgs) StdoutLine: {'line': b'-- Up-to-date: /home/jmj/pro_asp_ws/ws_px4_controls/install/px4_msgs/include/px4_msgs/px4_msgs/msg/detail/sensor_combined__type_support.cpp\n'}
[0.860230] (px4_msgs) StdoutLine: {'line': b'-- Up-to-date: /home/jmj/pro_asp_ws/ws_px4_controls/install/px4_msgs/include/px4_msgs/px4_msgs/msg/detail/orb_test_medium__type_support.cpp\n'}
[0.860258] (px4_msgs) StdoutLine: {'line': b'-- Up-to-date: /home/jmj/pro_asp_ws/ws_px4_controls/install/px4_msgs/include/px4_msgs/px4_msgs/msg/detail/uavcan_parameter_value__rosidl_typesupport_introspection_cpp.hpp\n'}
[0.860288] (px4_msgs) StdoutLine: {'line': b'-- Up-to-date: /home/jmj/pro_asp_ws/ws_px4_controls/install/px4_msgs/include/px4_msgs/px4_msgs/msg/detail/lateral_control_configuration__type_support.cpp\n'}
[0.860322] (px4_msgs) StdoutLine: {'line': b'-- Up-to-date: /home/jmj/pro_asp_ws/ws_px4_controls/install/px4_msgs/include/px4_msgs/px4_msgs/msg/detail/battery_status__rosidl_typesupport_introspection_cpp.hpp\n'}
[0.860354] (px4_msgs) StdoutLine: {'line': b'-- Up-to-date: /home/jmj/pro_asp_ws/ws_px4_controls/install/px4_msgs/include/px4_msgs/px4_msgs/msg/detail/mavlink_log__rosidl_typesupport_introspection_cpp.hpp\n'}
[0.860390] (px4_msgs) StdoutLine: {'line': b'-- Up-to-date: /home/jmj/pro_asp_ws/ws_px4_controls/install/px4_msgs/include/px4_msgs/px4_msgs/msg/detail/open_drone_id_system__rosidl_typesupport_introspection_cpp.hpp\n'}
[0.860424] (px4_msgs) StdoutLine: {'line': b'-- Up-to-date: /home/jmj/pro_asp_ws/ws_px4_controls/install/px4_msgs/include/px4_msgs/px4_msgs/msg/detail/input_rc__type_support.cpp\n'}
[0.860457] (px4_msgs) StdoutLine: {'line': b'-- Up-to-date: /home/jmj/pro_asp_ws/ws_px4_controls/install/px4_msgs/include/px4_msgs/px4_msgs/msg/detail/gimbal_device_set_attitude__rosidl_typesupport_introspection_cpp.hpp\n'}
[0.860479] (px4_msgs) StdoutLine: {'line': b'-- Up-to-date: /home/jmj/pro_asp_ws/ws_px4_controls/install/px4_msgs/include/px4_msgs/px4_msgs/msg/detail/gimbal_controls__rosidl_typesupport_introspection_cpp.hpp\n'}
[0.860536] (px4_msgs) StdoutLine: {'line': b'-- Up-to-date: /home/jmj/pro_asp_ws/ws_px4_controls/install/px4_msgs/include/px4_msgs/px4_msgs/msg/detail/transponder_report__rosidl_typesupport_introspection_cpp.hpp\n'}
[0.860565] (px4_msgs) StdoutLine: {'line': b'-- Up-to-date: /home/jmj/pro_asp_ws/ws_px4_controls/install/px4_msgs/include/px4_msgs/px4_msgs/msg/detail/actuator_controls_status__rosidl_typesupport_introspection_cpp.hpp\n'}
[0.860591] (px4_msgs) StdoutLine: {'line': b'-- Up-to-date: /home/jmj/pro_asp_ws/ws_px4_controls/install/px4_msgs/include/px4_msgs/px4_msgs/msg/detail/vehicle_command_ack__type_support.cpp\n'}
[0.860618] (px4_msgs) StdoutLine: {'line': b'-- Up-to-date: /home/jmj/pro_asp_ws/ws_px4_controls/install/px4_msgs/include/px4_msgs/px4_msgs/msg/detail/goto_setpoint__rosidl_typesupport_introspection_cpp.hpp\n'}
[0.860645] (px4_msgs) StdoutLine: {'line': b'-- Up-to-date: /home/jmj/pro_asp_ws/ws_px4_controls/install/px4_msgs/include/px4_msgs/px4_msgs/msg/detail/parameter_set_value_request__type_support.cpp\n'}
[0.860673] (px4_msgs) StdoutLine: {'line': b'-- Up-to-date: /home/jmj/pro_asp_ws/ws_px4_controls/install/px4_msgs/include/px4_msgs/px4_msgs/msg/detail/action_request__rosidl_typesupport_introspection_cpp.hpp\n'}
[0.860710] (px4_msgs) StdoutLine: {'line': b'-- Up-to-date: /home/jmj/pro_asp_ws/ws_px4_controls/install/px4_msgs/include/px4_msgs/px4_msgs/msg/detail/timesync_status__type_support.cpp\n'}
[0.860742] (px4_msgs) StdoutLine: {'line': b'-- Up-to-date: /home/jmj/pro_asp_ws/ws_px4_controls/install/px4_msgs/include/px4_msgs/px4_msgs/msg/detail/ulog_stream_ack__rosidl_typesupport_introspection_cpp.hpp\n'}
[0.860788] (px4_msgs) StdoutLine: {'line': b'-- Up-to-date: /home/jmj/pro_asp_ws/ws_px4_controls/install/px4_msgs/include/px4_msgs/px4_msgs/msg/detail/qshell_req__type_support.cpp\n'}
[0.860838] (px4_msgs) StdoutLine: {'line': b'-- Up-to-date: /home/jmj/pro_asp_ws/ws_px4_controls/install/px4_msgs/include/px4_msgs/px4_msgs/msg/detail/rover_rate_setpoint__type_support.cpp\n'}
[0.860872] (px4_msgs) StdoutLine: {'line': b'-- Up-to-date: /home/jmj/pro_asp_ws/ws_px4_controls/install/px4_msgs/include/px4_msgs/px4_msgs/msg/detail/rover_attitude_setpoint__rosidl_typesupport_introspection_cpp.hpp\n'}
[0.860933] (px4_msgs) StdoutLine: {'line': b'-- Up-to-date: /home/jmj/pro_asp_ws/ws_px4_controls/install/px4_msgs/include/px4_msgs/px4_msgs/msg/detail/airspeed_wind__rosidl_typesupport_introspection_cpp.hpp\n'}
[0.860961] (px4_msgs) StdoutLine: {'line': b'-- Up-to-date: /home/jmj/pro_asp_ws/ws_px4_controls/install/px4_msgs/include/px4_msgs/px4_msgs/msg/detail/figure_eight_status__rosidl_typesupport_introspection_cpp.hpp\n'}
[0.860985] (px4_msgs) StdoutLine: {'line': b'-- Up-to-date: /home/jmj/pro_asp_ws/ws_px4_controls/install/px4_msgs/include/px4_msgs/px4_msgs/msg/detail/trajectory_setpoint__rosidl_typesupport_introspection_cpp.hpp\n'}
[0.861006] (px4_msgs) StdoutLine: {'line': b'-- Up-to-date: /home/jmj/pro_asp_ws/ws_px4_controls/install/px4_msgs/include/px4_msgs/px4_msgs/msg/detail/sensor_gyro_fft__type_support.cpp\n'}
[0.861031] (px4_msgs) StdoutLine: {'line': b'-- Up-to-date: /home/jmj/pro_asp_ws/ws_px4_controls/install/px4_msgs/include/px4_msgs/px4_msgs/msg/detail/parameter_update__type_support.cpp\n'}
[0.861069] (px4_msgs) StdoutLine: {'line': b'-- Up-to-date: /home/jmj/pro_asp_ws/ws_px4_controls/install/px4_msgs/include/px4_msgs/px4_msgs/msg/detail/orbit_status__type_support.cpp\n'}
[0.861098] (px4_msgs) StdoutLine: {'line': b'-- Up-to-date: /home/jmj/pro_asp_ws/ws_px4_controls/install/px4_msgs/include/px4_msgs/px4_msgs/msg/detail/vehicle_acceleration__rosidl_typesupport_introspection_cpp.hpp\n'}
[0.861123] (px4_msgs) StdoutLine: {'line': b'-- Up-to-date: /home/jmj/pro_asp_ws/ws_px4_controls/install/px4_msgs/include/px4_msgs/px4_msgs/msg/detail/can_interface_status__type_support.cpp\n'}
[0.861145] (px4_msgs) StdoutLine: {'line': b'-- Up-to-date: /home/jmj/pro_asp_ws/ws_px4_controls/install/px4_msgs/include/px4_msgs/px4_msgs/msg/detail/rc_channels__type_support.cpp\n'}
[0.861168] (px4_msgs) StdoutLine: {'line': b'-- Up-to-date: /home/jmj/pro_asp_ws/ws_px4_controls/install/px4_msgs/include/px4_msgs/px4_msgs/msg/detail/camera_capture__rosidl_typesupport_introspection_cpp.hpp\n'}
[0.861190] (px4_msgs) StdoutLine: {'line': b'-- Up-to-date: /home/jmj/pro_asp_ws/ws_px4_controls/install/px4_msgs/include/px4_msgs/px4_msgs/msg/detail/tune_control__rosidl_typesupport_introspection_cpp.hpp\n'}
[0.861216] (px4_msgs) StdoutLine: {'line': b'-- Up-to-date: /home/jmj/pro_asp_ws/ws_px4_controls/install/px4_msgs/include/px4_msgs/px4_msgs/msg/detail/estimator_selector_status__rosidl_typesupport_introspection_cpp.hpp\n'}
[0.861239] (px4_msgs) StdoutLine: {'line': b'-- Up-to-date: /home/jmj/pro_asp_ws/ws_px4_controls/install/px4_msgs/include/px4_msgs/px4_msgs/msg/detail/health_report__type_support.cpp\n'}
[0.861265] (px4_msgs) StdoutLine: {'line': b'-- Up-to-date: /home/jmj/pro_asp_ws/ws_px4_controls/install/px4_msgs/include/px4_msgs/px4_msgs/msg/detail/telemetry_status__type_support.cpp\n'}
[0.861290] (px4_msgs) StdoutLine: {'line': b'-- Up-to-date: /home/jmj/pro_asp_ws/ws_px4_controls/install/px4_msgs/include/px4_msgs/px4_msgs/msg/detail/rover_rate_setpoint__rosidl_typesupport_introspection_cpp.hpp\n'}
[0.861339] (px4_msgs) StdoutLine: {'line': b'-- Up-to-date: /home/jmj/pro_asp_ws/ws_px4_controls/install/px4_msgs/include/px4_msgs/px4_msgs/msg/detail/vehicle_imu_status__type_support.cpp\n'}
[0.861366] (px4_msgs) StdoutLine: {'line': b'-- Up-to-date: /home/jmj/pro_asp_ws/ws_px4_controls/install/px4_msgs/include/px4_msgs/px4_msgs/msg/detail/gpio_in__rosidl_typesupport_introspection_cpp.hpp\n'}
[0.861393] (px4_msgs) StdoutLine: {'line': b'-- Up-to-date: /home/jmj/pro_asp_ws/ws_px4_controls/install/px4_msgs/include/px4_msgs/px4_msgs/msg/detail/debug_vect__rosidl_typesupport_introspection_cpp.hpp\n'}
[0.861417] (px4_msgs) StdoutLine: {'line': b'-- Up-to-date: /home/jmj/pro_asp_ws/ws_px4_controls/install/px4_msgs/include/px4_msgs/px4_msgs/msg/detail/vehicle_rates_setpoint__type_support.cpp\n'}
[0.861439] (px4_msgs) StdoutLine: {'line': b'-- Up-to-date: /home/jmj/pro_asp_ws/ws_px4_controls/install/px4_msgs/include/px4_msgs/px4_msgs/msg/detail/sensor_accel__rosidl_typesupport_introspection_cpp.hpp\n'}
[0.861460] (px4_msgs) StdoutLine: {'line': b'-- Up-to-date: /home/jmj/pro_asp_ws/ws_px4_controls/install/px4_msgs/include/px4_msgs/px4_msgs/msg/detail/vehicle_acceleration__type_support.cpp\n'}
[0.861485] (px4_msgs) StdoutLine: {'line': b'-- Up-to-date: /home/jmj/pro_asp_ws/ws_px4_controls/install/px4_msgs/include/px4_msgs/px4_msgs/msg/detail/yaw_estimator_status__rosidl_typesupport_introspection_cpp.hpp\n'}
[0.861515] (px4_msgs) StdoutLine: {'line': b'-- Up-to-date: /home/jmj/pro_asp_ws/ws_px4_controls/install/px4_msgs/include/px4_msgs/px4_msgs/msg/detail/navigator_status__rosidl_typesupport_introspection_cpp.hpp\n'}
[0.861548] (px4_msgs) StdoutLine: {'line': b'-- Up-to-date: /home/jmj/pro_asp_ws/ws_px4_controls/install/px4_msgs/include/px4_msgs/px4_msgs/msg/detail/pps_capture__type_support.cpp\n'}
[0.861579] (px4_msgs) StdoutLine: {'line': b'-- Up-to-date: /home/jmj/pro_asp_ws/ws_px4_controls/install/px4_msgs/include/px4_msgs/px4_msgs/msg/detail/led_control__rosidl_typesupport_introspection_cpp.hpp\n'}
[0.861613] (px4_msgs) StdoutLine: {'line': b'-- Up-to-date: /home/jmj/pro_asp_ws/ws_px4_controls/install/px4_msgs/include/px4_msgs/px4_msgs/msg/detail/estimator_status__rosidl_typesupport_introspection_cpp.hpp\n'}
[0.861656] (px4_msgs) StdoutLine: {'line': b'-- Up-to-date: /home/jmj/pro_asp_ws/ws_px4_controls/install/px4_msgs/include/px4_msgs/px4_msgs/msg/detail/estimator_status__type_support.cpp\n'}
[0.861682] (px4_msgs) StdoutLine: {'line': b'-- Up-to-date: /home/jmj/pro_asp_ws/ws_px4_controls/install/px4_msgs/include/px4_msgs/px4_msgs/msg/detail/open_drone_id_system__type_support.cpp\n'}
[0.861704] (px4_msgs) StdoutLine: {'line': b'-- Up-to-date: /home/jmj/pro_asp_ws/ws_px4_controls/install/px4_msgs/include/px4_msgs/px4_msgs/msg/detail/internal_combustion_engine_status__rosidl_typesupport_introspection_cpp.hpp\n'}
[0.861728] (px4_msgs) StdoutLine: {'line': b'-- Up-to-date: /home/jmj/pro_asp_ws/ws_px4_controls/install/px4_msgs/include/px4_msgs/px4_msgs/msg/detail/sensor_baro__type_support.cpp\n'}
[0.861759] (px4_msgs) StdoutLine: {'line': b'-- Up-to-date: /home/jmj/pro_asp_ws/ws_px4_controls/install/px4_msgs/include/px4_msgs/px4_msgs/msg/detail/dataman_request__type_support.cpp\n'}
[0.861797] (px4_msgs) StdoutLine: {'line': b'-- Up-to-date: /home/jmj/pro_asp_ws/ws_px4_controls/install/px4_msgs/include/px4_msgs/px4_msgs/msg/detail/vehicle_optical_flow__rosidl_typesupport_introspection_cpp.hpp\n'}
[0.861830] (px4_msgs) StdoutLine: {'line': b'-- Up-to-date: /home/jmj/pro_asp_ws/ws_px4_controls/install/px4_msgs/include/px4_msgs/px4_msgs/msg/detail/qshell_retval__rosidl_typesupport_introspection_cpp.hpp\n'}
[0.861862] (px4_msgs) StdoutLine: {'line': b'-- Up-to-date: /home/jmj/pro_asp_ws/ws_px4_controls/install/px4_msgs/include/px4_msgs/px4_msgs/msg/detail/vehicle_thrust_setpoint__type_support.cpp\n'}
[0.861898] (px4_msgs) StdoutLine: {'line': b'-- Up-to-date: /home/jmj/pro_asp_ws/ws_px4_controls/install/px4_msgs/include/px4_msgs/px4_msgs/msg/detail/rc_parameter_map__type_support.cpp\n'}
[0.861939] (px4_msgs) StdoutLine: {'line': b'-- Up-to-date: /home/jmj/pro_asp_ws/ws_px4_controls/install/px4_msgs/include/px4_msgs/px4_msgs/msg/detail/fuel_tank_status__type_support.cpp\n'}
[0.861962] (px4_msgs) StdoutLine: {'line': b'-- Up-to-date: /home/jmj/pro_asp_ws/ws_px4_controls/install/px4_msgs/include/px4_msgs/px4_msgs/msg/detail/rover_velocity_setpoint__type_support.cpp\n'}
[0.861985] (px4_msgs) StdoutLine: {'line': b'-- Up-to-date: /home/jmj/pro_asp_ws/ws_px4_controls/install/px4_msgs/include/px4_msgs/px4_msgs/msg/detail/debug_array__type_support.cpp\n'}
[0.862007] (px4_msgs) StdoutLine: {'line': b'-- Up-to-date: /home/jmj/pro_asp_ws/ws_px4_controls/install/px4_msgs/include/px4_msgs/px4_msgs/msg/detail/mavlink_tunnel__rosidl_typesupport_introspection_cpp.hpp\n'}
[0.862028] (px4_msgs) StdoutLine: {'line': b'-- Up-to-date: /home/jmj/pro_asp_ws/ws_px4_controls/install/px4_msgs/include/px4_msgs/px4_msgs/msg/detail/vehicle_constraints__rosidl_typesupport_introspection_cpp.hpp\n'}
[0.862061] (px4_msgs) StdoutLine: {'line': b'-- Up-to-date: /home/jmj/pro_asp_ws/ws_px4_controls/install/px4_msgs/include/px4_msgs/px4_msgs/msg/detail/message_format_request__rosidl_typesupport_introspection_cpp.hpp\n'}
[0.862099] (px4_msgs) StdoutLine: {'line': b'-- Up-to-date: /home/jmj/pro_asp_ws/ws_px4_controls/install/px4_msgs/include/px4_msgs/px4_msgs/msg/detail/estimator_sensor_bias__rosidl_typesupport_introspection_cpp.hpp\n'}
[0.862137] (px4_msgs) StdoutLine: {'line': b'-- Up-to-date: /home/jmj/pro_asp_ws/ws_px4_controls/install/px4_msgs/include/px4_msgs/px4_msgs/msg/detail/parameter_set_used_request__type_support.cpp\n'}
[0.862160] (px4_msgs) StdoutLine: {'line': b'-- Up-to-date: /home/jmj/pro_asp_ws/ws_px4_controls/install/px4_msgs/include/px4_msgs/px4_msgs/msg/detail/transponder_report__type_support.cpp\n'}
[0.862182] (px4_msgs) StdoutLine: {'line': b'-- Up-to-date: /home/jmj/pro_asp_ws/ws_px4_controls/install/px4_msgs/include/px4_msgs/px4_msgs/msg/detail/power_monitor__type_support.cpp\n'}
[0.862204] (px4_msgs) StdoutLine: {'line': b'-- Up-to-date: /home/jmj/pro_asp_ws/ws_px4_controls/install/px4_msgs/include/px4_msgs/px4_msgs/msg/detail/vehicle_magnetometer__rosidl_typesupport_introspection_cpp.hpp\n'}
[0.862231] (px4_msgs) StdoutLine: {'line': b'-- Up-to-date: /home/jmj/pro_asp_ws/ws_px4_controls/install/px4_msgs/include/px4_msgs/px4_msgs/msg/detail/failure_detector_status__rosidl_typesupport_introspection_cpp.hpp\n'}
[0.862255] (px4_msgs) StdoutLine: {'line': b'-- Up-to-date: /home/jmj/pro_asp_ws/ws_px4_controls/install/px4_msgs/include/px4_msgs/px4_msgs/msg/detail/flight_phase_estimation__rosidl_typesupport_introspection_cpp.hpp\n'}
[0.862286] (px4_msgs) StdoutLine: {'line': b'-- Up-to-date: /home/jmj/pro_asp_ws/ws_px4_controls/install/px4_msgs/include/px4_msgs/px4_msgs/msg/detail/gpio_request__type_support.cpp\n'}
[0.862320] (px4_msgs) StdoutLine: {'line': b'-- Up-to-date: /home/jmj/pro_asp_ws/ws_px4_controls/install/px4_msgs/include/px4_msgs/px4_msgs/msg/detail/fuel_tank_status__rosidl_typesupport_introspection_cpp.hpp\n'}
[0.862353] (px4_msgs) StdoutLine: {'line': b'-- Up-to-date: /home/jmj/pro_asp_ws/ws_px4_controls/install/px4_msgs/include/px4_msgs/px4_msgs/msg/detail/open_drone_id_operator_id__type_support.cpp\n'}
[0.862407] (px4_msgs) StdoutLine: {'line': b'-- Up-to-date: /home/jmj/pro_asp_ws/ws_px4_controls/install/px4_msgs/include/px4_msgs/px4_msgs/msg/detail/vehicle_torque_setpoint__type_support.cpp\n'}
[0.862436] (px4_msgs) StdoutLine: {'line': b'-- Up-to-date: /home/jmj/pro_asp_ws/ws_px4_controls/install/px4_msgs/include/px4_msgs/px4_msgs/msg/detail/vehicle_control_mode__rosidl_typesupport_introspection_cpp.hpp\n'}
[0.862457] (px4_msgs) StdoutLine: {'line': b'-- Up-to-date: /home/jmj/pro_asp_ws/ws_px4_controls/install/px4_msgs/include/px4_msgs/px4_msgs/msg/detail/actuator_test__rosidl_typesupport_introspection_cpp.hpp\n'}
[0.862477] (px4_msgs) StdoutLine: {'line': b'-- Up-to-date: /home/jmj/pro_asp_ws/ws_px4_controls/install/px4_msgs/include/px4_msgs/px4_msgs/msg/detail/adc_report__type_support.cpp\n'}
[0.862503] (px4_msgs) StdoutLine: {'line': b'-- Up-to-date: /home/jmj/pro_asp_ws/ws_px4_controls/install/px4_msgs/include/px4_msgs/px4_msgs/msg/detail/mode_completed__type_support.cpp\n'}
[0.862528] (px4_msgs) StdoutLine: {'line': b'-- Up-to-date: /home/jmj/pro_asp_ws/ws_px4_controls/install/px4_msgs/include/px4_msgs/px4_msgs/msg/detail/gpio_in__type_support.cpp\n'}
[0.862550] (px4_msgs) StdoutLine: {'line': b'-- Up-to-date: /home/jmj/pro_asp_ws/ws_px4_controls/install/px4_msgs/include/px4_msgs/px4_msgs/msg/detail/adc_report__rosidl_typesupport_introspection_cpp.hpp\n'}
[0.862571] (px4_msgs) StdoutLine: {'line': b'-- Up-to-date: /home/jmj/pro_asp_ws/ws_px4_controls/install/px4_msgs/include/px4_msgs/px4_msgs/msg/detail/pure_pursuit_status__rosidl_typesupport_introspection_cpp.hpp\n'}
[0.862593] (px4_msgs) StdoutLine: {'line': b'-- Up-to-date: /home/jmj/pro_asp_ws/ws_px4_controls/install/px4_msgs/include/px4_msgs/px4_msgs/msg/detail/mag_worker_data__type_support.cpp\n'}
[0.862616] (px4_msgs) StdoutLine: {'line': b'-- Up-to-date: /home/jmj/pro_asp_ws/ws_px4_controls/install/px4_msgs/include/px4_msgs/px4_msgs/msg/detail/estimator_bias3d__type_support.cpp\n'}
[0.862639] (px4_msgs) StdoutLine: {'line': b'-- Up-to-date: /home/jmj/pro_asp_ws/ws_px4_controls/install/px4_msgs/include/px4_msgs/px4_msgs/msg/detail/position_setpoint_triplet__rosidl_typesupport_introspection_cpp.hpp\n'}
[0.862661] (px4_msgs) StdoutLine: {'line': b'-- Up-to-date: /home/jmj/pro_asp_ws/ws_px4_controls/install/px4_msgs/include/px4_msgs/px4_msgs/msg/detail/vehicle_control_mode__type_support.cpp\n'}
[0.862685] (px4_msgs) StdoutLine: {'line': b'-- Up-to-date: /home/jmj/pro_asp_ws/ws_px4_controls/install/px4_msgs/include/px4_msgs/px4_msgs/msg/detail/vehicle_optical_flow__type_support.cpp\n'}
[0.862708] (px4_msgs) StdoutLine: {'line': b'-- Up-to-date: /home/jmj/pro_asp_ws/ws_px4_controls/install/px4_msgs/include/px4_msgs/px4_msgs/msg/detail/differential_pressure__rosidl_typesupport_introspection_cpp.hpp\n'}
[0.862731] (px4_msgs) StdoutLine: {'line': b'-- Up-to-date: /home/jmj/pro_asp_ws/ws_px4_controls/install/px4_msgs/include/px4_msgs/px4_msgs/msg/detail/position_setpoint__rosidl_typesupport_introspection_cpp.hpp\n'}
[0.862761] (px4_msgs) StdoutLine: {'line': b'-- Up-to-date: /home/jmj/pro_asp_ws/ws_px4_controls/install/px4_msgs/include/px4_msgs/px4_msgs/msg/detail/failure_detector_status__type_support.cpp\n'}
[0.862786] (px4_msgs) StdoutLine: {'line': b'-- Up-to-date: /home/jmj/pro_asp_ws/ws_px4_controls/install/px4_msgs/include/px4_msgs/px4_msgs/msg/detail/offboard_control_mode__rosidl_typesupport_introspection_cpp.hpp\n'}
[0.862809] (px4_msgs) StdoutLine: {'line': b'-- Up-to-date: /home/jmj/pro_asp_ws/ws_px4_controls/install/px4_msgs/include/px4_msgs/px4_msgs/msg/detail/internal_combustion_engine_control__type_support.cpp\n'}
[0.862848] (px4_msgs) StdoutLine: {'line': b'-- Up-to-date: /home/jmj/pro_asp_ws/ws_px4_controls/install/px4_msgs/include/px4_msgs/px4_msgs/msg/detail/navigator_mission_item__type_support.cpp\n'}
[0.862870] (px4_msgs) StdoutLine: {'line': b'-- Up-to-date: /home/jmj/pro_asp_ws/ws_px4_controls/install/px4_msgs/include/px4_msgs/px4_msgs/msg/detail/vehicle_constraints__type_support.cpp\n'}
[0.862891] (px4_msgs) StdoutLine: {'line': b'-- Up-to-date: /home/jmj/pro_asp_ws/ws_px4_controls/install/px4_msgs/include/px4_msgs/px4_msgs/msg/detail/fixed_wing_longitudinal_setpoint__rosidl_typesupport_introspection_cpp.hpp\n'}
[0.862912] (px4_msgs) StdoutLine: {'line': b'-- Up-to-date: /home/jmj/pro_asp_ws/ws_px4_controls/install/px4_msgs/include/px4_msgs/px4_msgs/msg/detail/actuator_motors__type_support.cpp\n'}
[0.862933] (px4_msgs) StdoutLine: {'line': b'-- Up-to-date: /home/jmj/pro_asp_ws/ws_px4_controls/install/px4_msgs/include/px4_msgs/px4_msgs/msg/detail/vehicle_roi__type_support.cpp\n'}
[0.862954] (px4_msgs) StdoutLine: {'line': b'-- Up-to-date: /home/jmj/pro_asp_ws/ws_px4_controls/install/px4_msgs/include/px4_msgs/px4_msgs/msg/detail/magnetometer_bias_estimate__rosidl_typesupport_introspection_cpp.hpp\n'}
[0.862986] (px4_msgs) StdoutLine: {'line': b'-- Up-to-date: /home/jmj/pro_asp_ws/ws_px4_controls/install/px4_msgs/include/px4_msgs/px4_msgs/msg/detail/register_ext_component_request__rosidl_typesupport_introspection_cpp.hpp\n'}
[0.863010] (px4_msgs) StdoutLine: {'line': b'-- Up-to-date: /home/jmj/pro_asp_ws/ws_px4_controls/install/px4_msgs/include/px4_msgs/px4_msgs/msg/detail/vehicle_magnetometer__type_support.cpp\n'}
[0.863031] (px4_msgs) StdoutLine: {'line': b'-- Up-to-date: /home/jmj/pro_asp_ws/ws_px4_controls/install/px4_msgs/include/px4_msgs/px4_msgs/msg/detail/tiltrotor_extra_controls__rosidl_typesupport_introspection_cpp.hpp\n'}
[0.863051] (px4_msgs) StdoutLine: {'line': b'-- Up-to-date: /home/jmj/pro_asp_ws/ws_px4_controls/install/px4_msgs/include/px4_msgs/px4_msgs/msg/detail/airspeed_wind__type_support.cpp\n'}
[0.863072] (px4_msgs) StdoutLine: {'line': b'-- Up-to-date: /home/jmj/pro_asp_ws/ws_px4_controls/install/px4_msgs/include/px4_msgs/px4_msgs/msg/detail/magnetometer_bias_estimate__type_support.cpp\n'}
[0.863093] (px4_msgs) StdoutLine: {'line': b'-- Up-to-date: /home/jmj/pro_asp_ws/ws_px4_controls/install/px4_msgs/include/px4_msgs/px4_msgs/msg/detail/obstacle_distance__rosidl_typesupport_introspection_cpp.hpp\n'}
[0.863117] (px4_msgs) StdoutLine: {'line': b'-- Up-to-date: /home/jmj/pro_asp_ws/ws_px4_controls/install/px4_msgs/include/px4_msgs/px4_msgs/msg/detail/open_drone_id_self_id__type_support.cpp\n'}
[0.863143] (px4_msgs) StdoutLine: {'line': b'-- Up-to-date: /home/jmj/pro_asp_ws/ws_px4_controls/install/px4_msgs/include/px4_msgs/px4_msgs/msg/detail/gripper__rosidl_typesupport_introspection_cpp.hpp\n'}
[0.863166] (px4_msgs) StdoutLine: {'line': b'-- Up-to-date: /home/jmj/pro_asp_ws/ws_px4_controls/install/px4_msgs/include/px4_msgs/px4_msgs/msg/detail/dataman_response__type_support.cpp\n'}
[0.863188] (px4_msgs) StdoutLine: {'line': b'-- Up-to-date: /home/jmj/pro_asp_ws/ws_px4_controls/install/px4_msgs/include/px4_msgs/px4_msgs/msg/detail/sensor_accel_fifo__type_support.cpp\n'}
[0.863217] (px4_msgs) StdoutLine: {'line': b'-- Up-to-date: /home/jmj/pro_asp_ws/ws_px4_controls/install/px4_msgs/include/px4_msgs/px4_msgs/msg/detail/cellular_status__rosidl_typesupport_introspection_cpp.hpp\n'}
[0.863240] (px4_msgs) StdoutLine: {'line': b'-- Up-to-date: /home/jmj/pro_asp_ws/ws_px4_controls/install/px4_msgs/include/px4_msgs/px4_msgs/msg/detail/vehicle_land_detected__rosidl_typesupport_introspection_cpp.hpp\n'}
[0.863263] (px4_msgs) StdoutLine: {'line': b'-- Up-to-date: /home/jmj/pro_asp_ws/ws_px4_controls/install/px4_msgs/include/px4_msgs/px4_msgs/msg/detail/home_position__rosidl_typesupport_introspection_cpp.hpp\n'}
[0.863288] (px4_msgs) StdoutLine: {'line': b'-- Up-to-date: /home/jmj/pro_asp_ws/ws_px4_controls/install/px4_msgs/include/px4_msgs/px4_msgs/msg/detail/pwm_input__type_support.cpp\n'}
[0.863311] (px4_msgs) StdoutLine: {'line': b'-- Up-to-date: /home/jmj/pro_asp_ws/ws_px4_controls/install/px4_msgs/include/px4_msgs/px4_msgs/msg/detail/camera_status__type_support.cpp\n'}
[0.863334] (px4_msgs) StdoutLine: {'line': b'-- Up-to-date: /home/jmj/pro_asp_ws/ws_px4_controls/install/px4_msgs/include/px4_msgs/px4_msgs/msg/detail/debug_value__type_support.cpp\n'}
[0.863373] (px4_msgs) StdoutLine: {'line': b'-- Up-to-date: /home/jmj/pro_asp_ws/ws_px4_controls/install/px4_msgs/include/px4_msgs/px4_msgs/msg/detail/vehicle_local_position__rosidl_typesupport_introspection_cpp.hpp\n'}
[0.863395] (px4_msgs) StdoutLine: {'line': b'-- Up-to-date: /home/jmj/pro_asp_ws/ws_px4_controls/install/px4_msgs/include/px4_msgs/px4_msgs/msg/detail/longitudinal_control_configuration__type_support.cpp\n'}
[0.863416] (px4_msgs) StdoutLine: {'line': b'-- Up-to-date: /home/jmj/pro_asp_ws/ws_px4_controls/install/px4_msgs/include/px4_msgs/px4_msgs/msg/detail/position_controller_landing_status__rosidl_typesupport_introspection_cpp.hpp\n'}
[0.863437] (px4_msgs) StdoutLine: {'line': b'-- Up-to-date: /home/jmj/pro_asp_ws/ws_px4_controls/install/px4_msgs/include/px4_msgs/px4_msgs/msg/detail/landing_gear_wheel__type_support.cpp\n'}
[0.863459] (px4_msgs) StdoutLine: {'line': b'-- Up-to-date: /home/jmj/pro_asp_ws/ws_px4_controls/install/px4_msgs/include/px4_msgs/px4_msgs/msg/detail/task_stack_info__type_support.cpp\n'}
[0.863494] (px4_msgs) StdoutLine: {'line': b'-- Up-to-date: /home/jmj/pro_asp_ws/ws_px4_controls/install/px4_msgs/include/px4_msgs/px4_msgs/msg/detail/camera_trigger__type_support.cpp\n'}
[0.863516] (px4_msgs) StdoutLine: {'line': b'-- Up-to-date: /home/jmj/pro_asp_ws/ws_px4_controls/install/px4_msgs/include/px4_msgs/px4_msgs/msg/detail/estimator_bias3d__rosidl_typesupport_introspection_cpp.hpp\n'}
[0.863538] (px4_msgs) StdoutLine: {'line': b'-- Up-to-date: /home/jmj/pro_asp_ws/ws_px4_controls/install/px4_msgs/include/px4_msgs/px4_msgs/msg/detail/actuator_servos__type_support.cpp\n'}
[0.863558] (px4_msgs) StdoutLine: {'line': b'-- Up-to-date: /home/jmj/pro_asp_ws/ws_px4_controls/install/px4_msgs/include/px4_msgs/px4_msgs/msg/detail/flight_phase_estimation__type_support.cpp\n'}
[0.863581] (px4_msgs) StdoutLine: {'line': b'-- Up-to-date: /home/jmj/pro_asp_ws/ws_px4_controls/install/px4_msgs/include/px4_msgs/px4_msgs/msg/detail/wheel_encoders__rosidl_typesupport_introspection_cpp.hpp\n'}
[0.863606] (px4_msgs) StdoutLine: {'line': b'-- Up-to-date: /home/jmj/pro_asp_ws/ws_px4_controls/install/px4_msgs/include/px4_msgs/px4_msgs/msg/detail/sensors_status__type_support.cpp\n'}
[0.863628] (px4_msgs) StdoutLine: {'line': b'-- Up-to-date: /home/jmj/pro_asp_ws/ws_px4_controls/install/px4_msgs/include/px4_msgs/px4_msgs/msg/detail/vehicle_status__type_support.cpp\n'}
[0.863659] (px4_msgs) StdoutLine: {'line': b'-- Up-to-date: /home/jmj/pro_asp_ws/ws_px4_controls/install/px4_msgs/include/px4_msgs/px4_msgs/msg/detail/cellular_status__type_support.cpp\n'}
[0.863680] (px4_msgs) StdoutLine: {'line': b'-- Up-to-date: /home/jmj/pro_asp_ws/ws_px4_controls/install/px4_msgs/include/px4_msgs/px4_msgs/msg/detail/system_power__rosidl_typesupport_introspection_cpp.hpp\n'}
[0.863702] (px4_msgs) StdoutLine: {'line': b'-- Up-to-date: /home/jmj/pro_asp_ws/ws_px4_controls/install/px4_msgs/include/px4_msgs/px4_msgs/msg/detail/control_allocator_status__rosidl_typesupport_introspection_cpp.hpp\n'}
[0.863724] (px4_msgs) StdoutLine: {'line': b'-- Up-to-date: /home/jmj/pro_asp_ws/ws_px4_controls/install/px4_msgs/include/px4_msgs/px4_msgs/msg/detail/register_ext_component_reply__rosidl_typesupport_introspection_cpp.hpp\n'}
[0.863747] (px4_msgs) StdoutLine: {'line': b'-- Up-to-date: /home/jmj/pro_asp_ws/ws_px4_controls/install/px4_msgs/include/px4_msgs/px4_msgs/msg/detail/sensor_combined__rosidl_typesupport_introspection_cpp.hpp\n'}
[0.863775] (px4_msgs) StdoutLine: {'line': b'-- Up-to-date: /home/jmj/pro_asp_ws/ws_px4_controls/install/px4_msgs/include/px4_msgs/px4_msgs/msg/detail/orb_test__rosidl_typesupport_introspection_cpp.hpp\n'}
[0.863797] (px4_msgs) StdoutLine: {'line': b'-- Up-to-date: /home/jmj/pro_asp_ws/ws_px4_controls/install/px4_msgs/include/px4_msgs/px4_msgs/msg/detail/timesync_status__rosidl_typesupport_introspection_cpp.hpp\n'}
[0.863818] (px4_msgs) StdoutLine: {'line': b'-- Up-to-date: /home/jmj/pro_asp_ws/ws_px4_controls/install/px4_msgs/include/px4_msgs/px4_msgs/msg/detail/distance_sensor_mode_change_request__type_support.cpp\n'}
[0.863842] (px4_msgs) StdoutLine: {'line': b'-- Up-to-date: /home/jmj/pro_asp_ws/ws_px4_controls/install/px4_msgs/include/px4_msgs/px4_msgs/msg/detail/sensor_selection__rosidl_typesupport_introspection_cpp.hpp\n'}
[0.863865] (px4_msgs) StdoutLine: {'line': b'-- Up-to-date: /home/jmj/pro_asp_ws/ws_px4_controls/install/px4_msgs/include/px4_msgs/px4_msgs/msg/detail/debug_value__rosidl_typesupport_introspection_cpp.hpp\n'}
[0.863904] (px4_msgs) StdoutLine: {'line': b'-- Up-to-date: /home/jmj/pro_asp_ws/ws_px4_controls/install/px4_msgs/include/px4_msgs/px4_msgs/msg/detail/velocity_limits__type_support.cpp\n'}
[0.863939] (px4_msgs) StdoutLine: {'line': b'-- Up-to-date: /home/jmj/pro_asp_ws/ws_px4_controls/install/px4_msgs/include/px4_msgs/px4_msgs/msg/detail/rc_parameter_map__rosidl_typesupport_introspection_cpp.hpp\n'}
[0.863973] (px4_msgs) StdoutLine: {'line': b'-- Up-to-date: /home/jmj/pro_asp_ws/ws_px4_controls/install/px4_msgs/include/px4_msgs/px4_msgs/msg/detail/gimbal_device_information__rosidl_typesupport_introspection_cpp.hpp\n'}
[0.864002] (px4_msgs) StdoutLine: {'line': b'-- Up-to-date: /home/jmj/pro_asp_ws/ws_px4_controls/install/px4_msgs/include/px4_msgs/px4_msgs/msg/detail/vehicle_local_position_setpoint__type_support.cpp\n'}
[0.864025] (px4_msgs) StdoutLine: {'line': b'-- Up-to-date: /home/jmj/pro_asp_ws/ws_px4_controls/install/px4_msgs/include/px4_msgs/px4_msgs/msg/detail/logger_status__rosidl_typesupport_introspection_cpp.hpp\n'}
[0.864051] (px4_msgs) StdoutLine: {'line': b'-- Up-to-date: /home/jmj/pro_asp_ws/ws_px4_controls/install/px4_msgs/include/px4_msgs/px4_msgs/msg/detail/heater_status__rosidl_typesupport_introspection_cpp.hpp\n'}
[0.864074] (px4_msgs) StdoutLine: {'line': b'-- Up-to-date: /home/jmj/pro_asp_ws/ws_px4_controls/install/px4_msgs/include/px4_msgs/px4_msgs/msg/detail/sensor_gyro_fft__rosidl_typesupport_introspection_cpp.hpp\n'}
[0.864098] (px4_msgs) StdoutLine: {'line': b'-- Up-to-date: /home/jmj/pro_asp_ws/ws_px4_controls/install/px4_msgs/include/px4_msgs/px4_msgs/msg/detail/sensor_preflight_mag__rosidl_typesupport_introspection_cpp.hpp\n'}
[0.864122] (px4_msgs) StdoutLine: {'line': b'-- Up-to-date: /home/jmj/pro_asp_ws/ws_px4_controls/install/px4_msgs/include/px4_msgs/px4_msgs/msg/detail/gimbal_device_information__type_support.cpp\n'}
[0.864160] (px4_msgs) StdoutLine: {'line': b'-- Up-to-date: /home/jmj/pro_asp_ws/ws_px4_controls/install/px4_msgs/include/px4_msgs/px4_msgs/msg/detail/gripper__type_support.cpp\n'}
[0.864192] (px4_msgs) StdoutLine: {'line': b'-- Up-to-date: /home/jmj/pro_asp_ws/ws_px4_controls/install/px4_msgs/include/px4_msgs/px4_msgs/msg/detail/fixed_wing_lateral_setpoint__rosidl_typesupport_introspection_cpp.hpp\n'}
[0.864232] (px4_msgs) StdoutLine: {'line': b'-- Up-to-date: /home/jmj/pro_asp_ws/ws_px4_controls/install/px4_msgs/include/px4_msgs/px4_msgs/msg/detail/estimator_sensor_bias__type_support.cpp\n'}
[0.864275] (px4_msgs) StdoutLine: {'line': b'-- Up-to-date: /home/jmj/pro_asp_ws/ws_px4_controls/install/px4_msgs/include/px4_msgs/px4_msgs/msg/detail/sensor_optical_flow__type_support.cpp\n'}
[0.864323] (px4_msgs) StdoutLine: {'line': b'-- Up-to-date: /home/jmj/pro_asp_ws/ws_px4_controls/install/px4_msgs/include/px4_msgs/px4_msgs/msg/detail/arming_check_reply__type_support.cpp\n'}
[0.864348] (px4_msgs) StdoutLine: {'line': b'-- Up-to-date: /home/jmj/pro_asp_ws/ws_px4_controls/install/px4_msgs/include/px4_msgs/px4_msgs/msg/detail/airspeed_validated__type_support.cpp\n'}
[0.864373] (px4_msgs) StdoutLine: {'line': b'-- Up-to-date: /home/jmj/pro_asp_ws/ws_px4_controls/install/px4_msgs/include/px4_msgs/px4_msgs/msg/detail/estimator_event_flags__type_support.cpp\n'}
[0.864397] (px4_msgs) StdoutLine: {'line': b'-- Up-to-date: /home/jmj/pro_asp_ws/ws_px4_controls/install/px4_msgs/include/px4_msgs/px4_msgs/msg/detail/figure_eight_status__type_support.cpp\n'}
[0.864422] (px4_msgs) StdoutLine: {'line': b'-- Up-to-date: /home/jmj/pro_asp_ws/ws_px4_controls/install/px4_msgs/include/px4_msgs/px4_msgs/msg/detail/wheel_encoders__type_support.cpp\n'}
[0.864445] (px4_msgs) StdoutLine: {'line': b'-- Up-to-date: /home/jmj/pro_asp_ws/ws_px4_controls/install/px4_msgs/include/px4_msgs/px4_msgs/msg/detail/pure_pursuit_status__type_support.cpp\n'}
[0.864469] (px4_msgs) StdoutLine: {'line': b'-- Up-to-date: /home/jmj/pro_asp_ws/ws_px4_controls/install/px4_msgs/include/px4_msgs/px4_msgs/msg/detail/estimator_aid_source2d__type_support.cpp\n'}
[0.864492] (px4_msgs) StdoutLine: {'line': b'-- Up-to-date: /home/jmj/pro_asp_ws/ws_px4_controls/install/px4_msgs/include/px4_msgs/px4_msgs/msg/detail/mount_orientation__type_support.cpp\n'}
[0.864516] (px4_msgs) StdoutLine: {'line': b'-- Up-to-date: /home/jmj/pro_asp_ws/ws_px4_controls/install/px4_msgs/include/px4_msgs/px4_msgs/msg/detail/tecs_status__rosidl_typesupport_introspection_cpp.hpp\n'}
[0.864540] (px4_msgs) StdoutLine: {'line': b'-- Up-to-date: /home/jmj/pro_asp_ws/ws_px4_controls/install/px4_msgs/include/px4_msgs/px4_msgs/msg/detail/gimbal_manager_set_manual_control__type_support.cpp\n'}
[0.864573] (px4_msgs) StdoutLine: {'line': b'-- Up-to-date: /home/jmj/pro_asp_ws/ws_px4_controls/install/px4_msgs/include/px4_msgs/px4_msgs/msg/detail/vehicle_command__rosidl_typesupport_introspection_cpp.hpp\n'}
[0.864595] (px4_msgs) StdoutLine: {'line': b'-- Up-to-date: /home/jmj/pro_asp_ws/ws_px4_controls/install/px4_msgs/include/px4_msgs/px4_msgs/msg/detail/fixed_wing_runway_control__rosidl_typesupport_introspection_cpp.hpp\n'}
[0.864618] (px4_msgs) StdoutLine: {'line': b'-- Up-to-date: /home/jmj/pro_asp_ws/ws_px4_controls/install/px4_msgs/include/px4_msgs/px4_msgs/msg/detail/sensor_accel__type_support.cpp\n'}
[0.864653] (px4_msgs) StdoutLine: {'line': b'-- Up-to-date: /home/jmj/pro_asp_ws/ws_px4_controls/install/px4_msgs/include/px4_msgs/px4_msgs/msg/detail/radio_status__type_support.cpp\n'}
[0.864675] (px4_msgs) StdoutLine: {'line': b'-- Up-to-date: /home/jmj/pro_asp_ws/ws_px4_controls/install/px4_msgs/include/px4_msgs/px4_msgs/msg/detail/vehicle_angular_velocity__rosidl_typesupport_introspection_cpp.hpp\n'}
[0.864697] (px4_msgs) StdoutLine: {'line': b'-- Up-to-date: /home/jmj/pro_asp_ws/ws_px4_controls/install/px4_msgs/include/px4_msgs/px4_msgs/msg/detail/orb_test_medium__rosidl_typesupport_introspection_cpp.hpp\n'}
[0.864719] (px4_msgs) StdoutLine: {'line': b'-- Up-to-date: /home/jmj/pro_asp_ws/ws_px4_controls/install/px4_msgs/include/px4_msgs/px4_msgs/msg/detail/satellite_info__type_support.cpp\n'}
[0.864740] (px4_msgs) StdoutLine: {'line': b'-- Up-to-date: /home/jmj/pro_asp_ws/ws_px4_controls/install/px4_msgs/include/px4_msgs/px4_msgs/msg/detail/vehicle_attitude__type_support.cpp\n'}
[0.864769] (px4_msgs) StdoutLine: {'line': b'-- Up-to-date: /home/jmj/pro_asp_ws/ws_px4_controls/install/px4_msgs/include/px4_msgs/px4_msgs/msg/detail/geofence_status__type_support.cpp\n'}
[0.864794] (px4_msgs) StdoutLine: {'line': b'-- Up-to-date: /home/jmj/pro_asp_ws/ws_px4_controls/install/px4_msgs/include/px4_msgs/px4_msgs/msg/detail/vehicle_roi__rosidl_typesupport_introspection_cpp.hpp\n'}
[0.864817] (px4_msgs) StdoutLine: {'line': b'-- Up-to-date: /home/jmj/pro_asp_ws/ws_px4_controls/install/px4_msgs/include/px4_msgs/px4_msgs/msg/detail/gpio_request__rosidl_typesupport_introspection_cpp.hpp\n'}
[0.864841] (px4_msgs) StdoutLine: {'line': b'-- Up-to-date: /home/jmj/pro_asp_ws/ws_px4_controls/install/px4_msgs/include/px4_msgs/px4_msgs/msg/detail/rate_ctrl_status__type_support.cpp\n'}
[0.864864] (px4_msgs) StdoutLine: {'line': b'-- Up-to-date: /home/jmj/pro_asp_ws/ws_px4_controls/install/px4_msgs/include/px4_msgs/px4_msgs/msg/detail/fixed_wing_runway_control__type_support.cpp\n'}
[0.864901] (px4_msgs) StdoutLine: {'line': b'-- Up-to-date: /home/jmj/pro_asp_ws/ws_px4_controls/install/px4_msgs/include/px4_msgs/px4_msgs/msg/detail/landing_target_pose__rosidl_typesupport_introspection_cpp.hpp\n'}
[0.864923] (px4_msgs) StdoutLine: {'line': b'-- Up-to-date: /home/jmj/pro_asp_ws/ws_px4_controls/install/px4_msgs/include/px4_msgs/px4_msgs/msg/detail/camera_status__rosidl_typesupport_introspection_cpp.hpp\n'}
[0.864945] (px4_msgs) StdoutLine: {'line': b'-- Up-to-date: /home/jmj/pro_asp_ws/ws_px4_controls/install/px4_msgs/include/px4_msgs/px4_msgs/msg/detail/vehicle_odometry__type_support.cpp\n'}
[0.864971] (px4_msgs) StdoutLine: {'line': b'-- Up-to-date: /home/jmj/pro_asp_ws/ws_px4_controls/install/px4_msgs/include/px4_msgs/px4_msgs/msg/detail/sensor_baro__rosidl_typesupport_introspection_cpp.hpp\n'}
[0.865001] (px4_msgs) StdoutLine: {'line': b'-- Up-to-date: /home/jmj/pro_asp_ws/ws_px4_controls/install/px4_msgs/include/px4_msgs/px4_msgs/msg/detail/rtl_time_estimate__rosidl_typesupport_introspection_cpp.hpp\n'}
[0.865023] (px4_msgs) StdoutLine: {'line': b'-- Up-to-date: /home/jmj/pro_asp_ws/ws_px4_controls/install/px4_msgs/include/px4_msgs/px4_msgs/msg/detail/gimbal_manager_set_attitude__rosidl_typesupport_introspection_cpp.hpp\n'}
[0.865046] (px4_msgs) StdoutLine: {'line': b'-- Up-to-date: /home/jmj/pro_asp_ws/ws_px4_controls/install/px4_msgs/include/px4_msgs/px4_msgs/msg/detail/sensor_gyro_fifo__type_support.cpp\n'}
[0.865069] (px4_msgs) StdoutLine: {'line': b'-- Up-to-date: /home/jmj/pro_asp_ws/ws_px4_controls/install/px4_msgs/include/px4_msgs/px4_msgs/msg/detail/sensor_optical_flow__rosidl_typesupport_introspection_cpp.hpp\n'}
[0.865091] (px4_msgs) StdoutLine: {'line': b'-- Up-to-date: /home/jmj/pro_asp_ws/ws_px4_controls/install/px4_msgs/include/px4_msgs/px4_msgs/msg/detail/longitudinal_control_configuration__rosidl_typesupport_introspection_cpp.hpp\n'}
[0.865112] (px4_msgs) StdoutLine: {'line': b'-- Up-to-date: /home/jmj/pro_asp_ws/ws_px4_controls/install/px4_msgs/include/px4_msgs/px4_msgs/msg/detail/unregister_ext_component__rosidl_typesupport_introspection_cpp.hpp\n'}
[0.865133] (px4_msgs) StdoutLine: {'line': b'-- Up-to-date: /home/jmj/pro_asp_ws/ws_px4_controls/install/px4_msgs/include/px4_msgs/px4_msgs/msg/detail/debug_vect__type_support.cpp\n'}
[0.865154] (px4_msgs) StdoutLine: {'line': b'-- Up-to-date: /home/jmj/pro_asp_ws/ws_px4_controls/install/px4_msgs/include/px4_msgs/px4_msgs/msg/detail/vehicle_land_detected__type_support.cpp\n'}
[0.865175] (px4_msgs) StdoutLine: {'line': b'-- Up-to-date: /home/jmj/pro_asp_ws/ws_px4_controls/install/px4_msgs/include/px4_msgs/px4_msgs/msg/detail/rtl_status__type_support.cpp\n'}
[0.865196] (px4_msgs) StdoutLine: {'line': b'-- Up-to-date: /home/jmj/pro_asp_ws/ws_px4_controls/install/px4_msgs/include/px4_msgs/px4_msgs/msg/detail/actuator_test__type_support.cpp\n'}
[0.865217] (px4_msgs) StdoutLine: {'line': b'-- Up-to-date: /home/jmj/pro_asp_ws/ws_px4_controls/install/px4_msgs/include/px4_msgs/px4_msgs/msg/detail/ulog_stream_ack__type_support.cpp\n'}
[0.865237] (px4_msgs) StdoutLine: {'line': b'-- Up-to-date: /home/jmj/pro_asp_ws/ws_px4_controls/install/px4_msgs/include/px4_msgs/px4_msgs/msg/detail/parameter_reset_request__type_support.cpp\n'}
[0.865260] (px4_msgs) StdoutLine: {'line': b'-- Up-to-date: /home/jmj/pro_asp_ws/ws_px4_controls/install/px4_msgs/include/px4_msgs/px4_msgs/msg/detail/rover_velocity_status__type_support.cpp\n'}
[0.865281] (px4_msgs) StdoutLine: {'line': b'-- Up-to-date: /home/jmj/pro_asp_ws/ws_px4_controls/install/px4_msgs/include/px4_msgs/px4_msgs/msg/detail/estimator_status_flags__rosidl_typesupport_introspection_cpp.hpp\n'}
[0.865322] (px4_msgs) StdoutLine: {'line': b'-- Up-to-date: /home/jmj/pro_asp_ws/ws_px4_controls/install/px4_msgs/include/px4_msgs/px4_msgs/msg/detail/parameter_set_value_response__type_support.cpp\n'}
[0.865344] (px4_msgs) StdoutLine: {'line': b'-- Up-to-date: /home/jmj/pro_asp_ws/ws_px4_controls/install/px4_msgs/include/px4_msgs/px4_msgs/msg/detail/vehicle_attitude_setpoint__rosidl_typesupport_introspection_cpp.hpp\n'}
[0.865365] (px4_msgs) StdoutLine: {'line': b'-- Up-to-date: /home/jmj/pro_asp_ws/ws_px4_controls/install/px4_msgs/include/px4_msgs/px4_msgs/msg/detail/register_ext_component_request__type_support.cpp\n'}
[0.865386] (px4_msgs) StdoutLine: {'line': b'-- Up-to-date: /home/jmj/pro_asp_ws/ws_px4_controls/install/px4_msgs/include/px4_msgs/px4_msgs/msg/detail/position_controller_status__rosidl_typesupport_introspection_cpp.hpp\n'}
[0.865407] (px4_msgs) StdoutLine: {'line': b'-- Up-to-date: /home/jmj/pro_asp_ws/ws_px4_controls/install/px4_msgs/include/px4_msgs/px4_msgs/msg/detail/gimbal_manager_set_manual_control__rosidl_typesupport_introspection_cpp.hpp\n'}
[0.865428] (px4_msgs) StdoutLine: {'line': b'-- Up-to-date: /home/jmj/pro_asp_ws/ws_px4_controls/install/px4_msgs/include/px4_msgs/px4_msgs/msg/detail/orbit_status__rosidl_typesupport_introspection_cpp.hpp\n'}
[0.865449] (px4_msgs) StdoutLine: {'line': b'-- Up-to-date: /home/jmj/pro_asp_ws/ws_px4_controls/install/px4_msgs/include/px4_msgs/px4_msgs/msg/detail/sensor_gyro__rosidl_typesupport_introspection_cpp.hpp\n'}
[0.865470] (px4_msgs) StdoutLine: {'line': b'-- Up-to-date: /home/jmj/pro_asp_ws/ws_px4_controls/install/px4_msgs/include/px4_msgs/px4_msgs/msg/detail/message_format_request__type_support.cpp\n'}
[0.865495] (px4_msgs) StdoutLine: {'line': b'-- Up-to-date: /home/jmj/pro_asp_ws/ws_px4_controls/install/px4_msgs/include/px4_msgs/px4_msgs/msg/detail/position_setpoint__type_support.cpp\n'}
[0.865520] (px4_msgs) StdoutLine: {'line': b'-- Up-to-date: /home/jmj/pro_asp_ws/ws_px4_controls/install/px4_msgs/include/px4_msgs/px4_msgs/msg/detail/estimator_innovations__type_support.cpp\n'}
[0.865541] (px4_msgs) StdoutLine: {'line': b'-- Up-to-date: /home/jmj/pro_asp_ws/ws_px4_controls/install/px4_msgs/include/px4_msgs/px4_msgs/msg/detail/position_controller_landing_status__type_support.cpp\n'}
[0.865566] (px4_msgs) StdoutLine: {'line': b'-- Up-to-date: /home/jmj/pro_asp_ws/ws_px4_controls/install/px4_msgs/include/px4_msgs/px4_msgs/msg/detail/landing_gear__type_support.cpp\n'}
[0.865592] (px4_msgs) StdoutLine: {'line': b'-- Up-to-date: /home/jmj/pro_asp_ws/ws_px4_controls/install/px4_msgs/include/px4_msgs/px4_msgs/msg/detail/sensor_hygrometer__rosidl_typesupport_introspection_cpp.hpp\n'}
[0.865617] (px4_msgs) StdoutLine: {'line': b'-- Up-to-date: /home/jmj/pro_asp_ws/ws_px4_controls/install/px4_msgs/include/px4_msgs/px4_msgs/msg/detail/mode_completed__rosidl_typesupport_introspection_cpp.hpp\n'}
[0.865640] (px4_msgs) StdoutLine: {'line': b'-- Up-to-date: /home/jmj/pro_asp_ws/ws_px4_controls/install/px4_msgs/include/px4_msgs/px4_msgs/msg/detail/button_event__rosidl_typesupport_introspection_cpp.hpp\n'}
[0.865664] (px4_msgs) StdoutLine: {'line': b'-- Up-to-date: /home/jmj/pro_asp_ws/ws_px4_controls/install/px4_msgs/include/px4_msgs/px4_msgs/msg/detail/gpio_config__rosidl_typesupport_introspection_cpp.hpp\n'}
[0.865688] (px4_msgs) StdoutLine: {'line': b'-- Up-to-date: /home/jmj/pro_asp_ws/ws_px4_controls/install/px4_msgs/include/px4_msgs/px4_msgs/msg/detail/ulog_stream__rosidl_typesupport_introspection_cpp.hpp\n'}
[0.865711] (px4_msgs) StdoutLine: {'line': b'-- Up-to-date: /home/jmj/pro_asp_ws/ws_px4_controls/install/px4_msgs/include/px4_msgs/px4_msgs/msg/detail/open_drone_id_arm_status__rosidl_typesupport_introspection_cpp.hpp\n'}
[0.865733] (px4_msgs) StdoutLine: {'line': b'-- Up-to-date: /home/jmj/pro_asp_ws/ws_px4_controls/install/px4_msgs/include/px4_msgs/px4_msgs/msg/detail/event__type_support.cpp\n'}
[0.865770] (px4_msgs) StdoutLine: {'line': b'-- Up-to-date: /home/jmj/pro_asp_ws/ws_px4_controls/install/px4_msgs/include/px4_msgs/px4_msgs/msg/detail/log_message__rosidl_typesupport_introspection_cpp.hpp\n'}
[0.865795] (px4_msgs) StdoutLine: {'line': b'-- Up-to-date: /home/jmj/pro_asp_ws/ws_px4_controls/install/px4_msgs/include/px4_msgs/px4_msgs/msg/detail/control_allocator_status__type_support.cpp\n'}
[0.865818] (px4_msgs) StdoutLine: {'line': b'-- Up-to-date: /home/jmj/pro_asp_ws/ws_px4_controls/install/px4_msgs/include/px4_msgs/px4_msgs/msg/detail/hover_thrust_estimate__type_support.cpp\n'}
[0.865839] (px4_msgs) StdoutLine: {'line': b'-- Up-to-date: /home/jmj/pro_asp_ws/ws_px4_controls/install/px4_msgs/include/px4_msgs/px4_msgs/msg/detail/trajectory_setpoint6dof__rosidl_typesupport_introspection_cpp.hpp\n'}
[0.865860] (px4_msgs) StdoutLine: {'line': b'-- Up-to-date: /home/jmj/pro_asp_ws/ws_px4_controls/install/px4_msgs/include/px4_msgs/px4_msgs/msg/detail/dataman_response__rosidl_typesupport_introspection_cpp.hpp\n'}
[0.865882] (px4_msgs) StdoutLine: {'line': b'-- Up-to-date: /home/jmj/pro_asp_ws/ws_px4_controls/install/px4_msgs/include/px4_msgs/px4_msgs/msg/detail/rover_velocity_setpoint__rosidl_typesupport_introspection_cpp.hpp\n'}
[0.865902] (px4_msgs) StdoutLine: {'line': b'-- Up-to-date: /home/jmj/pro_asp_ws/ws_px4_controls/install/px4_msgs/include/px4_msgs/px4_msgs/msg/detail/landing_gear_wheel__rosidl_typesupport_introspection_cpp.hpp\n'}
[0.865923] (px4_msgs) StdoutLine: {'line': b'-- Up-to-date: /home/jmj/pro_asp_ws/ws_px4_controls/install/px4_msgs/include/px4_msgs/px4_msgs/msg/detail/internal_combustion_engine_status__type_support.cpp\n'}
[0.865945] (px4_msgs) StdoutLine: {'line': b'-- Up-to-date: /home/jmj/pro_asp_ws/ws_px4_controls/install/px4_msgs/include/px4_msgs/px4_msgs/msg/detail/actuator_outputs__rosidl_typesupport_introspection_cpp.hpp\n'}
[0.865969] (px4_msgs) StdoutLine: {'line': b'-- Up-to-date: /home/jmj/pro_asp_ws/ws_px4_controls/install/px4_msgs/include/px4_msgs/px4_msgs/msg/detail/follow_target_estimator__rosidl_typesupport_introspection_cpp.hpp\n'}
[0.865997] (px4_msgs) StdoutLine: {'line': b'-- Up-to-date: /home/jmj/pro_asp_ws/ws_px4_controls/install/px4_msgs/include/px4_msgs/px4_msgs/msg/detail/telemetry_status__rosidl_typesupport_introspection_cpp.hpp\n'}
[0.866019] (px4_msgs) StdoutLine: {'line': b'-- Up-to-date: /home/jmj/pro_asp_ws/ws_px4_controls/install/px4_msgs/include/px4_msgs/px4_msgs/msg/detail/vehicle_global_position__rosidl_typesupport_introspection_cpp.hpp\n'}
[0.866041] (px4_msgs) StdoutLine: {'line': b'-- Up-to-date: /home/jmj/pro_asp_ws/ws_px4_controls/install/px4_msgs/include/px4_msgs/px4_msgs/msg/detail/manual_control_setpoint__rosidl_typesupport_introspection_cpp.hpp\n'}
[0.866064] (px4_msgs) StdoutLine: {'line': b'-- Up-to-date: /home/jmj/pro_asp_ws/ws_px4_controls/install/px4_msgs/include/px4_msgs/px4_msgs/msg/detail/follow_target__type_support.cpp\n'}
[0.866089] (px4_msgs) StdoutLine: {'line': b'-- Up-to-date: /home/jmj/pro_asp_ws/ws_px4_controls/install/px4_msgs/include/px4_msgs/px4_msgs/msg/detail/fixed_wing_lateral_guidance_status__rosidl_typesupport_introspection_cpp.hpp\n'}
[0.866117] (px4_msgs) StdoutLine: {'line': b'-- Up-to-date: /home/jmj/pro_asp_ws/ws_px4_controls/install/px4_msgs/include/px4_msgs/px4_msgs/msg/detail/actuator_armed__type_support.cpp\n'}
[0.866139] (px4_msgs) StdoutLine: {'line': b'-- Up-to-date: /home/jmj/pro_asp_ws/ws_px4_controls/install/px4_msgs/include/px4_msgs/px4_msgs/msg/detail/power_button_state__rosidl_typesupport_introspection_cpp.hpp\n'}
[0.866162] (px4_msgs) StdoutLine: {'line': b'-- Up-to-date: /home/jmj/pro_asp_ws/ws_px4_controls/install/px4_msgs/include/px4_msgs/px4_msgs/msg/detail/mag_worker_data__rosidl_typesupport_introspection_cpp.hpp\n'}
[0.866183] (px4_msgs) StdoutLine: {'line': b'-- Up-to-date: /home/jmj/pro_asp_ws/ws_px4_controls/install/px4_msgs/include/px4_msgs/px4_msgs/msg/detail/vtol_vehicle_status__type_support.cpp\n'}
[0.866206] (px4_msgs) StdoutLine: {'line': b'-- Up-to-date: /home/jmj/pro_asp_ws/ws_px4_controls/install/px4_msgs/include/px4_msgs/px4_msgs/msg/detail/sensor_mag__type_support.cpp\n'}
[0.866228] (px4_msgs) StdoutLine: {'line': b'-- Up-to-date: /home/jmj/pro_asp_ws/ws_px4_controls/install/px4_msgs/include/px4_msgs/px4_msgs/msg/detail/vehicle_attitude_setpoint__type_support.cpp\n'}
[0.866252] (px4_msgs) StdoutLine: {'line': b'-- Up-to-date: /home/jmj/pro_asp_ws/ws_px4_controls/install/px4_msgs/include/px4_msgs/px4_msgs/msg/detail/gimbal_device_attitude_status__rosidl_typesupport_introspection_cpp.hpp\n'}
[0.866275] (px4_msgs) StdoutLine: {'line': b'-- Up-to-date: /home/jmj/pro_asp_ws/ws_px4_controls/install/px4_msgs/include/px4_msgs/px4_msgs/msg/detail/power_monitor__rosidl_typesupport_introspection_cpp.hpp\n'}
[0.866299] (px4_msgs) StdoutLine: {'line': b'-- Up-to-date: /home/jmj/pro_asp_ws/ws_px4_controls/install/px4_msgs/include/px4_msgs/px4_msgs/msg/detail/gimbal_manager_information__type_support.cpp\n'}
[0.866322] (px4_msgs) StdoutLine: {'line': b'-- Up-to-date: /home/jmj/pro_asp_ws/ws_px4_controls/install/px4_msgs/include/px4_msgs/px4_msgs/msg/detail/vehicle_torque_setpoint__rosidl_typesupport_introspection_cpp.hpp\n'}
[0.866346] (px4_msgs) StdoutLine: {'line': b'-- Up-to-date: /home/jmj/pro_asp_ws/ws_px4_controls/install/px4_msgs/include/px4_msgs/px4_msgs/msg/detail/follow_target_estimator__type_support.cpp\n'}
[0.866369] (px4_msgs) StdoutLine: {'line': b'-- Up-to-date: /home/jmj/pro_asp_ws/ws_px4_controls/install/px4_msgs/include/px4_msgs/px4_msgs/msg/detail/gps_inject_data__type_support.cpp\n'}
[0.866394] (px4_msgs) StdoutLine: {'line': b'-- Up-to-date: /home/jmj/pro_asp_ws/ws_px4_controls/install/px4_msgs/include/px4_msgs/px4_msgs/msg/detail/parameter_set_used_request__rosidl_typesupport_introspection_cpp.hpp\n'}
[0.866417] (px4_msgs) StdoutLine: {'line': b'-- Up-to-date: /home/jmj/pro_asp_ws/ws_px4_controls/install/px4_msgs/include/px4_msgs/px4_msgs/msg/detail/mission_result__rosidl_typesupport_introspection_cpp.hpp\n'}
[0.866459] (px4_msgs) StdoutLine: {'line': b'-- Up-to-date: /home/jmj/pro_asp_ws/ws_px4_controls/install/px4_msgs/include/px4_msgs/px4_msgs/msg/detail/debug_key_value__rosidl_typesupport_introspection_cpp.hpp\n'}
[0.866481] (px4_msgs) StdoutLine: {'line': b'-- Up-to-date: /home/jmj/pro_asp_ws/ws_px4_controls/install/px4_msgs/include/px4_msgs/px4_msgs/msg/detail/vehicle_imu__rosidl_typesupport_introspection_cpp.hpp\n'}
[0.866524] (px4_msgs) StdoutLine: {'line': b'-- Up-to-date: /home/jmj/pro_asp_ws/ws_px4_controls/install/px4_msgs/include/px4_msgs/px4_msgs/msg/detail/position_controller_status__type_support.cpp\n'}
[0.866549] (px4_msgs) StdoutLine: {'line': b'-- Up-to-date: /home/jmj/pro_asp_ws/ws_px4_controls/install/px4_msgs/include/px4_msgs/px4_msgs/msg/detail/can_interface_status__rosidl_typesupport_introspection_cpp.hpp\n'}
[0.866572] (px4_msgs) StdoutLine: {'line': b'-- Up-to-date: /home/jmj/pro_asp_ws/ws_px4_controls/install/px4_msgs/include/px4_msgs/px4_msgs/msg/detail/qshell_retval__type_support.cpp\n'}
[0.866595] (px4_msgs) StdoutLine: {'line': b'-- Up-to-date: /home/jmj/pro_asp_ws/ws_px4_controls/install/px4_msgs/include/px4_msgs/px4_msgs/msg/detail/rtl_status__rosidl_typesupport_introspection_cpp.hpp\n'}
[0.866618] (px4_msgs) StdoutLine: {'line': b'-- Up-to-date: /home/jmj/pro_asp_ws/ws_px4_controls/install/px4_msgs/include/px4_msgs/px4_msgs/msg/detail/gimbal_manager_information__rosidl_typesupport_introspection_cpp.hpp\n'}
[0.866654] (px4_msgs) StdoutLine: {'line': b'-- Up-to-date: /home/jmj/pro_asp_ws/ws_px4_controls/install/px4_msgs/include/px4_msgs/px4_msgs/msg/detail/velocity_limits__rosidl_typesupport_introspection_cpp.hpp\n'}
[0.866678] (px4_msgs) StdoutLine: {'line': b'-- Up-to-date: /home/jmj/pro_asp_ws/ws_px4_controls/install/px4_msgs/include/px4_msgs/px4_msgs/msg/detail/vehicle_angular_velocity__type_support.cpp\n'}
[0.866711] (px4_msgs) StdoutLine: {'line': b'-- Up-to-date: /home/jmj/pro_asp_ws/ws_px4_controls/install/px4_msgs/include/px4_msgs/px4_msgs/msg/detail/px4io_status__type_support.cpp\n'}
[0.866751] (px4_msgs) StdoutLine: {'line': b'-- Up-to-date: /home/jmj/pro_asp_ws/ws_px4_controls/install/px4_msgs/include/px4_msgs/px4_msgs/msg/detail/arming_check_request__type_support.cpp\n'}
[0.866781] (px4_msgs) StdoutLine: {'line': b'-- Up-to-date: /home/jmj/pro_asp_ws/ws_px4_controls/install/px4_msgs/include/px4_msgs/px4_msgs/msg/detail/tune_control__type_support.cpp\n'}
[0.866808] (px4_msgs) StdoutLine: {'line': b'-- Up-to-date: /home/jmj/pro_asp_ws/ws_px4_controls/install/px4_msgs/include/px4_msgs/px4_msgs/msg/detail/ulog_stream__type_support.cpp\n'}
[0.866830] (px4_msgs) StdoutLine: {'line': b'-- Up-to-date: /home/jmj/pro_asp_ws/ws_px4_controls/install/px4_msgs/include/px4_msgs/px4_msgs/msg/detail/failsafe_flags__rosidl_typesupport_introspection_cpp.hpp\n'}
[0.866851] (px4_msgs) StdoutLine: {'line': b'-- Up-to-date: /home/jmj/pro_asp_ws/ws_px4_controls/install/px4_msgs/include/px4_msgs/px4_msgs/msg/detail/vehicle_command__type_support.cpp\n'}
[0.866874] (px4_msgs) StdoutLine: {'line': b'-- Up-to-date: /home/jmj/pro_asp_ws/ws_px4_controls/install/px4_msgs/include/px4_msgs/px4_msgs/msg/detail/ekf2_timestamps__type_support.cpp\n'}
[0.866897] (px4_msgs) StdoutLine: {'line': b'-- Up-to-date: /home/jmj/pro_asp_ws/ws_px4_controls/install/px4_msgs/include/px4_msgs/px4_msgs/msg/detail/airspeed__type_support.cpp\n'}
[0.866920] (px4_msgs) StdoutLine: {'line': b'-- Up-to-date: /home/jmj/pro_asp_ws/ws_px4_controls/install/px4_msgs/include/px4_msgs/px4_msgs/msg/detail/airspeed__rosidl_typesupport_introspection_cpp.hpp\n'}
[0.866943] (px4_msgs) StdoutLine: {'line': b'-- Up-to-date: /home/jmj/pro_asp_ws/ws_px4_controls/install/px4_msgs/include/px4_msgs/px4_msgs/msg/detail/gimbal_controls__type_support.cpp\n'}
[0.866966] (px4_msgs) StdoutLine: {'line': b'-- Up-to-date: /home/jmj/pro_asp_ws/ws_px4_controls/install/px4_msgs/include/px4_msgs/px4_msgs/msg/detail/log_message__type_support.cpp\n'}
[0.866989] (px4_msgs) StdoutLine: {'line': b'-- Up-to-date: /home/jmj/pro_asp_ws/ws_px4_controls/install/px4_msgs/include/px4_msgs/px4_msgs/msg/detail/sensor_preflight_mag__type_support.cpp\n'}
[0.867019] (px4_msgs) StdoutLine: {'line': b'-- Up-to-date: /home/jmj/pro_asp_ws/ws_px4_controls/install/px4_msgs/include/px4_msgs/px4_msgs/msg/detail/debug_array__rosidl_typesupport_introspection_cpp.hpp\n'}
[0.867041] (px4_msgs) StdoutLine: {'line': b'-- Up-to-date: /home/jmj/pro_asp_ws/ws_px4_controls/install/px4_msgs/include/px4_msgs/px4_msgs/msg/detail/debug_key_value__type_support.cpp\n'}
[0.867063] (px4_msgs) StdoutLine: {'line': b'-- Up-to-date: /home/jmj/pro_asp_ws/ws_px4_controls/install/px4_msgs/include/px4_msgs/px4_msgs/msg/detail/esc_status__rosidl_typesupport_introspection_cpp.hpp\n'}
[0.867083] (px4_msgs) StdoutLine: {'line': b'-- Up-to-date: /home/jmj/pro_asp_ws/ws_px4_controls/install/px4_msgs/include/px4_msgs/px4_msgs/msg/detail/lateral_control_configuration__rosidl_typesupport_introspection_cpp.hpp\n'}
[0.867105] (px4_msgs) StdoutLine: {'line': b'-- Up-to-date: /home/jmj/pro_asp_ws/ws_px4_controls/install/px4_msgs/include/px4_msgs/px4_msgs/msg/detail/collision_constraints__type_support.cpp\n'}
[0.867126] (px4_msgs) StdoutLine: {'line': b'-- Up-to-date: /home/jmj/pro_asp_ws/ws_px4_controls/install/px4_msgs/include/px4_msgs/px4_msgs/msg/detail/rover_rate_status__type_support.cpp\n'}
[0.867147] (px4_msgs) StdoutLine: {'line': b'-- Up-to-date: /home/jmj/pro_asp_ws/ws_px4_controls/install/px4_msgs/include/px4_msgs/px4_msgs/msg/detail/manual_control_switches__rosidl_typesupport_introspection_cpp.hpp\n'}
[0.867173] (px4_msgs) StdoutLine: {'line': b'-- Up-to-date: /home/jmj/pro_asp_ws/ws_px4_controls/install/px4_msgs/include/px4_msgs/px4_msgs/msg/detail/rate_ctrl_status__rosidl_typesupport_introspection_cpp.hpp\n'}
[0.867199] (px4_msgs) StdoutLine: {'line': b'-- Up-to-date: /home/jmj/pro_asp_ws/ws_px4_controls/install/px4_msgs/include/px4_msgs/px4_msgs/msg/detail/home_position__type_support.cpp\n'}
[0.867230] (px4_msgs) StdoutLine: {'line': b'-- Up-to-date: /home/jmj/pro_asp_ws/ws_px4_controls/install/px4_msgs/include/px4_msgs/px4_msgs/msg/detail/gimbal_device_set_attitude__type_support.cpp\n'}
[0.867256] (px4_msgs) StdoutLine: {'line': b'-- Up-to-date: /home/jmj/pro_asp_ws/ws_px4_controls/install/px4_msgs/include/px4_msgs/px4_msgs/msg/detail/mission_result__type_support.cpp\n'}
[0.867280] (px4_msgs) StdoutLine: {'line': b'-- Up-to-date: /home/jmj/pro_asp_ws/ws_px4_controls/install/px4_msgs/include/px4_msgs/px4_msgs/msg/detail/radio_status__rosidl_typesupport_introspection_cpp.hpp\n'}
[0.867303] (px4_msgs) StdoutLine: {'line': b'-- Up-to-date: /home/jmj/pro_asp_ws/ws_px4_controls/install/px4_msgs/include/px4_msgs/px4_msgs/msg/detail/onboard_computer_status__type_support.cpp\n'}
[0.867327] (px4_msgs) StdoutLine: {'line': b'-- Up-to-date: /home/jmj/pro_asp_ws/ws_px4_controls/install/px4_msgs/include/px4_msgs/px4_msgs/msg/detail/gps_inject_data__rosidl_typesupport_introspection_cpp.hpp\n'}
[0.867366] (px4_msgs) StdoutLine: {'line': b'-- Up-to-date: /home/jmj/pro_asp_ws/ws_px4_controls/install/px4_msgs/include/px4_msgs/px4_msgs/msg/detail/rover_attitude_setpoint__type_support.cpp\n'}
[0.867394] (px4_msgs) StdoutLine: {'line': b'-- Up-to-date: /home/jmj/pro_asp_ws/ws_px4_controls/install/px4_msgs/include/px4_msgs/px4_msgs/msg/detail/position_setpoint_triplet__type_support.cpp\n'}
[0.867417] (px4_msgs) StdoutLine: {'line': b'-- Up-to-date: /home/jmj/pro_asp_ws/ws_px4_controls/install/px4_msgs/include/px4_msgs/px4_msgs/msg/detail/gps_dump__type_support.cpp\n'}
[0.867441] (px4_msgs) StdoutLine: {'line': b'-- Up-to-date: /home/jmj/pro_asp_ws/ws_px4_controls/install/px4_msgs/include/px4_msgs/px4_msgs/msg/detail/vehicle_global_position__type_support.cpp\n'}
[0.867469] (px4_msgs) StdoutLine: {'line': b'-- Up-to-date: /home/jmj/pro_asp_ws/ws_px4_controls/install/px4_msgs/include/px4_msgs/px4_msgs/msg/detail/system_power__type_support.cpp\n'}
[0.867493] (px4_msgs) StdoutLine: {'line': b'-- Up-to-date: /home/jmj/pro_asp_ws/ws_px4_controls/install/px4_msgs/include/px4_msgs/px4_msgs/msg/detail/landing_target_pose__type_support.cpp\n'}
[0.867518] (px4_msgs) StdoutLine: {'line': b'-- Up-to-date: /home/jmj/pro_asp_ws/ws_px4_controls/install/px4_msgs/include/px4_msgs/px4_msgs/msg/detail/manual_control_switches__type_support.cpp\n'}
[0.867553] (px4_msgs) StdoutLine: {'line': b'-- Up-to-date: /home/jmj/pro_asp_ws/ws_px4_controls/install/px4_msgs/include/px4_msgs/px4_msgs/msg/detail/logger_status__type_support.cpp\n'}
[0.867575] (px4_msgs) StdoutLine: {'line': b'-- Up-to-date: /home/jmj/pro_asp_ws/ws_px4_controls/install/px4_msgs/include/px4_msgs/px4_msgs/msg/detail/fixed_wing_longitudinal_setpoint__type_support.cpp\n'}
[0.867598] (px4_msgs) StdoutLine: {'line': b'-- Up-to-date: /home/jmj/pro_asp_ws/ws_px4_controls/install/px4_msgs/include/px4_msgs/px4_msgs/msg/detail/sensors_status__rosidl_typesupport_introspection_cpp.hpp\n'}
[0.867619] (px4_msgs) StdoutLine: {'line': b'-- Up-to-date: /home/jmj/pro_asp_ws/ws_px4_controls/install/px4_msgs/include/px4_msgs/px4_msgs/msg/detail/landing_target_innovations__type_support.cpp\n'}
[0.867641] (px4_msgs) StdoutLine: {'line': b'-- Up-to-date: /home/jmj/pro_asp_ws/ws_px4_controls/install/px4_msgs/include/px4_msgs/px4_msgs/msg/detail/rover_velocity_status__rosidl_typesupport_introspection_cpp.hpp\n'}
[0.867662] (px4_msgs) StdoutLine: {'line': b'-- Up-to-date: /home/jmj/pro_asp_ws/ws_px4_controls/install/px4_msgs/include/px4_msgs/px4_msgs/msg/detail/estimator_aid_source3d__rosidl_typesupport_introspection_cpp.hpp\n'}
[0.867687] (px4_msgs) StdoutLine: {'line': b'-- Up-to-date: /home/jmj/pro_asp_ws/ws_px4_controls/install/px4_msgs/include/px4_msgs/px4_msgs/msg/detail/sensor_correction__type_support.cpp\n'}
[0.867711] (px4_msgs) StdoutLine: {'line': b'-- Up-to-date: /home/jmj/pro_asp_ws/ws_px4_controls/install/px4_msgs/include/px4_msgs/px4_msgs/msg/detail/mavlink_tunnel__type_support.cpp\n'}
[0.867734] (px4_msgs) StdoutLine: {'line': b'-- Up-to-date: /home/jmj/pro_asp_ws/ws_px4_controls/install/px4_msgs/include/px4_msgs/px4_msgs/msg/detail/ping__rosidl_typesupport_introspection_cpp.hpp\n'}
[0.867763] (px4_msgs) StdoutLine: {'line': b'-- Up-to-date: /home/jmj/pro_asp_ws/ws_px4_controls/install/px4_msgs/include/px4_msgs/px4_msgs/msg/detail/arming_check_request__rosidl_typesupport_introspection_cpp.hpp\n'}
[0.867800] (px4_msgs) StdoutLine: {'line': b'-- Up-to-date: /home/jmj/pro_asp_ws/ws_px4_controls/install/px4_msgs/include/px4_msgs/px4_msgs/msg/detail/vehicle_rates_setpoint__rosidl_typesupport_introspection_cpp.hpp\n'}
[0.867823] (px4_msgs) StdoutLine: {'line': b'-- Up-to-date: /home/jmj/pro_asp_ws/ws_px4_controls/install/px4_msgs/include/px4_msgs/px4_msgs/msg/detail/esc_report__rosidl_typesupport_introspection_cpp.hpp\n'}
[0.867845] (px4_msgs) StdoutLine: {'line': b'-- Up-to-date: /home/jmj/pro_asp_ws/ws_px4_controls/install/px4_msgs/include/px4_msgs/px4_msgs/msg/detail/rover_position_setpoint__rosidl_typesupport_introspection_cpp.hpp\n'}
[0.867867] (px4_msgs) StdoutLine: {'line': b'-- Up-to-date: /home/jmj/pro_asp_ws/ws_px4_controls/install/px4_msgs/include/px4_msgs/px4_msgs/msg/detail/estimator_bias__rosidl_typesupport_introspection_cpp.hpp\n'}
[0.867889] (px4_msgs) StdoutLine: {'line': b'-- Up-to-date: /home/jmj/pro_asp_ws/ws_px4_controls/install/px4_msgs/include/px4_msgs/px4_msgs/msg/detail/sensor_airflow__rosidl_typesupport_introspection_cpp.hpp\n'}
[0.867912] (px4_msgs) StdoutLine: {'line': b'-- Up-to-date: /home/jmj/pro_asp_ws/ws_px4_controls/install/px4_msgs/include/px4_msgs/px4_msgs/msg/detail/health_report__rosidl_typesupport_introspection_cpp.hpp\n'}
[0.867937] (px4_msgs) StdoutLine: {'line': b'-- Up-to-date: /home/jmj/pro_asp_ws/ws_px4_controls/install/px4_msgs/include/px4_msgs/px4_msgs/msg/detail/event__rosidl_typesupport_introspection_cpp.hpp\n'}
[0.867961] (px4_msgs) StdoutLine: {'line': b'-- Up-to-date: /home/jmj/pro_asp_ws/ws_px4_controls/install/px4_msgs/include/px4_msgs/px4_msgs/msg/detail/orb_test_large__rosidl_typesupport_introspection_cpp.hpp\n'}
[0.867995] (px4_msgs) StdoutLine: {'line': b'-- Up-to-date: /home/jmj/pro_asp_ws/ws_px4_controls/install/px4_msgs/include/px4_msgs/px4_msgs/msg/detail/estimator_gps_status__rosidl_typesupport_introspection_cpp.hpp\n'}
[0.868024] (px4_msgs) StdoutLine: {'line': b'-- Up-to-date: /home/jmj/pro_asp_ws/ws_px4_controls/install/px4_msgs/include/px4_msgs/px4_msgs/msg/detail/rover_position_setpoint__type_support.cpp\n'}
[0.868058] (px4_msgs) StdoutLine: {'line': b'-- Up-to-date: /home/jmj/pro_asp_ws/ws_px4_controls/install/px4_msgs/include/px4_msgs/px4_msgs/msg/detail/px4io_status__rosidl_typesupport_introspection_cpp.hpp\n'}
[0.868080] (px4_msgs) StdoutLine: {'line': b'-- Up-to-date: /home/jmj/pro_asp_ws/ws_px4_controls/install/px4_msgs/include/px4_msgs/px4_msgs/msg/detail/gimbal_manager_status__rosidl_typesupport_introspection_cpp.hpp\n'}
[0.868105] (px4_msgs) StdoutLine: {'line': b'-- Up-to-date: /home/jmj/pro_asp_ws/ws_px4_controls/install/px4_msgs/include/px4_msgs/px4_msgs/msg/detail/sensor_gyro__type_support.cpp\n'}
[0.868141] (px4_msgs) StdoutLine: {'line': b'-- Up-to-date: /home/jmj/pro_asp_ws/ws_px4_controls/install/px4_msgs/include/px4_msgs/px4_msgs/msg/detail/obstacle_distance__type_support.cpp\n'}
[0.868168] (px4_msgs) StdoutLine: {'line': b'-- Up-to-date: /home/jmj/pro_asp_ws/ws_px4_controls/install/px4_msgs/include/px4_msgs/px4_msgs/msg/detail/irlock_report__rosidl_typesupport_introspection_cpp.hpp\n'}
[0.868190] (px4_msgs) StdoutLine: {'line': b'-- Up-to-date: /home/jmj/pro_asp_ws/ws_px4_controls/install/px4_msgs/include/px4_msgs/px4_msgs/msg/detail/estimator_aid_source2d__rosidl_typesupport_introspection_cpp.hpp\n'}
[0.868234] (px4_msgs) StdoutLine: {'line': b'-- Up-to-date: /home/jmj/pro_asp_ws/ws_px4_controls/install/px4_msgs/include/px4_msgs/px4_msgs/msg/detail/geofence_result__type_support.cpp\n'}
[0.868259] (px4_msgs) StdoutLine: {'line': b'-- Up-to-date: /home/jmj/pro_asp_ws/ws_px4_controls/install/px4_msgs/include/px4_msgs/px4_msgs/msg/detail/vehicle_air_data__type_support.cpp\n'}
[0.868292] (px4_msgs) StdoutLine: {'line': b'-- Up-to-date: /home/jmj/pro_asp_ws/ws_px4_controls/install/px4_msgs/include/px4_msgs/px4_msgs/msg/detail/gimbal_manager_set_attitude__type_support.cpp\n'}
[0.868318] (px4_msgs) StdoutLine: {'line': b'-- Up-to-date: /home/jmj/pro_asp_ws/ws_px4_controls/install/px4_msgs/include/px4_msgs/px4_msgs/msg/detail/actuator_outputs__type_support.cpp\n'}
[0.868343] (px4_msgs) StdoutLine: {'line': b'-- Up-to-date: /home/jmj/pro_asp_ws/ws_px4_controls/install/px4_msgs/include/px4_msgs/px4_msgs/msg/detail/rpm__rosidl_typesupport_introspection_cpp.hpp\n'}
[0.868366] (px4_msgs) StdoutLine: {'line': b'-- Up-to-date: /home/jmj/pro_asp_ws/ws_px4_controls/install/px4_msgs/include/px4_msgs/px4_msgs/msg/detail/sensor_gyro_fifo__rosidl_typesupport_introspection_cpp.hpp\n'}
[0.868390] (px4_msgs) StdoutLine: {'line': b'-- Up-to-date: /home/jmj/pro_asp_ws/ws_px4_controls/install/px4_msgs/include/px4_msgs/px4_msgs/msg/detail/rover_attitude_status__rosidl_typesupport_introspection_cpp.hpp\n'}
[0.868413] (px4_msgs) StdoutLine: {'line': b'-- Up-to-date: /home/jmj/pro_asp_ws/ws_px4_controls/install/px4_msgs/include/px4_msgs/px4_msgs/msg/detail/heater_status__type_support.cpp\n'}
[0.868437] (px4_msgs) StdoutLine: {'line': b'-- Up-to-date: /home/jmj/pro_asp_ws/ws_px4_controls/install/px4_msgs/include/px4_msgs/px4_msgs/msg/detail/follow_target_status__type_support.cpp\n'}
[0.868462] (px4_msgs) StdoutLine: {'line': b'-- Up-to-date: /home/jmj/pro_asp_ws/ws_px4_controls/install/px4_msgs/include/px4_msgs/px4_msgs/msg/detail/autotune_attitude_control_status__type_support.cpp\n'}
[0.868486] (px4_msgs) StdoutLine: {'line': b'-- Up-to-date: /home/jmj/pro_asp_ws/ws_px4_controls/install/px4_msgs/include/px4_msgs/px4_msgs/msg/detail/vehicle_optical_flow_vel__type_support.cpp\n'}
[0.868539] (px4_msgs) StdoutLine: {'line': b'-- Up-to-date: /home/jmj/pro_asp_ws/ws_px4_controls/install/px4_msgs/include/px4_msgs/px4_msgs/msg/detail/open_drone_id_operator_id__rosidl_typesupport_introspection_cpp.hpp\n'}
[0.868579] (px4_msgs) StdoutLine: {'line': b'-- Up-to-date: /home/jmj/pro_asp_ws/ws_px4_controls/install/px4_msgs/include/px4_msgs/px4_msgs/msg/detail/failsafe_flags__type_support.cpp\n'}
[0.868616] (px4_msgs) StdoutLine: {'line': b'-- Up-to-date: /home/jmj/pro_asp_ws/ws_px4_controls/install/px4_msgs/include/px4_msgs/px4_msgs/msg/detail/vehicle_imu_status__rosidl_typesupport_introspection_cpp.hpp\n'}
[0.868645] (px4_msgs) StdoutLine: {'line': b'-- Up-to-date: /home/jmj/pro_asp_ws/ws_px4_controls/install/px4_msgs/include/px4_msgs/px4_msgs/msg/detail/parameter_update__rosidl_typesupport_introspection_cpp.hpp\n'}
[0.868670] (px4_msgs) StdoutLine: {'line': b'-- Up-to-date: /home/jmj/pro_asp_ws/ws_px4_controls/install/px4_msgs/include/px4_msgs/px4_msgs/msg/detail/iridiumsbd_status__type_support.cpp\n'}
[0.868694] (px4_msgs) StdoutLine: {'line': b'-- Up-to-date: /home/jmj/pro_asp_ws/ws_px4_controls/install/px4_msgs/include/px4_msgs/px4_msgs/msg/detail/sensor_airflow__type_support.cpp\n'}
[0.868719] (px4_msgs) StdoutLine: {'line': b'-- Up-to-date: /home/jmj/pro_asp_ws/ws_px4_controls/install/px4_msgs/include/px4_msgs/px4_msgs/msg/detail/pps_capture__rosidl_typesupport_introspection_cpp.hpp\n'}
[0.868763] (px4_msgs) StdoutLine: {'line': b'-- Up-to-date: /home/jmj/pro_asp_ws/ws_px4_controls/install/px4_msgs/include/px4_msgs/px4_msgs/msg/detail/rover_steering_setpoint__type_support.cpp\n'}
[0.868789] (px4_msgs) StdoutLine: {'line': b'-- Up-to-date: /home/jmj/pro_asp_ws/ws_px4_controls/install/px4_msgs/include/px4_msgs/px4_msgs/msg/detail/unregister_ext_component__type_support.cpp\n'}
[0.868813] (px4_msgs) StdoutLine: {'line': b'-- Up-to-date: /home/jmj/pro_asp_ws/ws_px4_controls/install/px4_msgs/include/px4_msgs/px4_msgs/msg/detail/ping__type_support.cpp\n'}
[0.868837] (px4_msgs) StdoutLine: {'line': b'-- Up-to-date: /home/jmj/pro_asp_ws/ws_px4_controls/install/px4_msgs/include/px4_msgs/px4_msgs/msg/detail/yaw_estimator_status__type_support.cpp\n'}
[0.868859] (px4_msgs) StdoutLine: {'line': b'-- Up-to-date: /home/jmj/pro_asp_ws/ws_px4_controls/install/px4_msgs/include/px4_msgs/px4_msgs/msg/detail/sensor_hygrometer__type_support.cpp\n'}
[0.868881] (px4_msgs) StdoutLine: {'line': b'-- Up-to-date: /home/jmj/pro_asp_ws/ws_px4_controls/install/px4_msgs/include/px4_msgs/px4_msgs/msg/detail/message_format_response__rosidl_typesupport_introspection_cpp.hpp\n'}
[0.868918] (px4_msgs) StdoutLine: {'line': b'-- Up-to-date: /home/jmj/pro_asp_ws/ws_px4_controls/install/px4_msgs/include/px4_msgs/px4_msgs/msg/detail/irlock_report__type_support.cpp\n'}
[0.868942] (px4_msgs) StdoutLine: {'line': b'-- Up-to-date: /home/jmj/pro_asp_ws/ws_px4_controls/install/px4_msgs/include/px4_msgs/px4_msgs/msg/detail/landing_gear__rosidl_typesupport_introspection_cpp.hpp\n'}
[0.868963] (px4_msgs) StdoutLine: {'line': b'-- Up-to-date: /home/jmj/pro_asp_ws/ws_px4_controls/install/px4_msgs/include/px4_msgs/px4_msgs/msg/detail/cpuload__type_support.cpp\n'}
[0.868986] (px4_msgs) StdoutLine: {'line': b'-- Up-to-date: /home/jmj/pro_asp_ws/ws_px4_controls/install/px4_msgs/include/px4_msgs/px4_msgs/msg/detail/navigator_mission_item__rosidl_typesupport_introspection_cpp.hpp\n'}
[0.869015] (px4_msgs) StdoutLine: {'line': b'-- Up-to-date: /home/jmj/pro_asp_ws/ws_px4_controls/install/px4_msgs/include/px4_msgs/px4_msgs/msg/detail/actuator_controls_status__type_support.cpp\n'}
[0.869038] (px4_msgs) StdoutLine: {'line': b'-- Up-to-date: /home/jmj/pro_asp_ws/ws_px4_controls/install/px4_msgs/include/px4_msgs/px4_msgs/msg/detail/trajectory_setpoint__type_support.cpp\n'}
[0.869061] (px4_msgs) StdoutLine: {'line': b'-- Up-to-date: /home/jmj/pro_asp_ws/ws_px4_controls/install/px4_msgs/include/px4_msgs/px4_msgs/msg/detail/arming_check_reply__rosidl_typesupport_introspection_cpp.hpp\n'}
[0.869086] (px4_msgs) StdoutLine: {'line': b'-- Up-to-date: /home/jmj/pro_asp_ws/ws_px4_controls/install/px4_msgs/include/px4_msgs/px4_msgs/msg/detail/input_rc__rosidl_typesupport_introspection_cpp.hpp\n'}
[0.869112] (px4_msgs) StdoutLine: {'line': b'-- Up-to-date: /home/jmj/pro_asp_ws/ws_px4_controls/install/px4_msgs/include/px4_msgs/px4_msgs/msg/detail/tecs_status__type_support.cpp\n'}
[0.869134] (px4_msgs) StdoutLine: {'line': b'-- Up-to-date: /home/jmj/pro_asp_ws/ws_px4_controls/install/px4_msgs/include/px4_msgs/px4_msgs/msg/detail/sensor_gnss_relative__rosidl_typesupport_introspection_cpp.hpp\n'}
[0.869161] (px4_msgs) StdoutLine: {'line': b'-- Up-to-date: /home/jmj/pro_asp_ws/ws_px4_controls/install/px4_msgs/include/px4_msgs/px4_msgs/msg/detail/takeoff_status__type_support.cpp\n'}
[0.869183] (px4_msgs) StdoutLine: {'line': b'-- Up-to-date: /home/jmj/pro_asp_ws/ws_px4_controls/install/px4_msgs/include/px4_msgs/px4_msgs/msg/detail/uavcan_parameter_value__type_support.cpp\n'}
[0.869206] (px4_msgs) StdoutLine: {'line': b'-- Up-to-date: /home/jmj/pro_asp_ws/ws_px4_controls/install/px4_msgs/include/px4_msgs/px4_msgs/msg/detail/generator_status__rosidl_typesupport_introspection_cpp.hpp\n'}
[0.869243] (px4_msgs) StdoutLine: {'line': b'-- Up-to-date: /home/jmj/pro_asp_ws/ws_px4_controls/install/px4_msgs/include/px4_msgs/px4_msgs/msg/detail/goto_setpoint__type_support.cpp\n'}
[0.869266] (px4_msgs) StdoutLine: {'line': b'-- Up-to-date: /home/jmj/pro_asp_ws/ws_px4_controls/install/px4_msgs/include/px4_msgs/px4_msgs/msg/detail/vehicle_optical_flow_vel__rosidl_typesupport_introspection_cpp.hpp\n'}
[0.869289] (px4_msgs) StdoutLine: {'line': b'-- Up-to-date: /home/jmj/pro_asp_ws/ws_px4_controls/install/px4_msgs/include/px4_msgs/px4_msgs/msg/detail/vehicle_imu__type_support.cpp\n'}
[0.869315] (px4_msgs) StdoutLine: {'line': b'-- Up-to-date: /home/jmj/pro_asp_ws/ws_px4_controls/install/px4_msgs/include/px4_msgs/px4_msgs/msg/detail/estimator_innovations__rosidl_typesupport_introspection_cpp.hpp\n'}
[0.869338] (px4_msgs) StdoutLine: {'line': b'-- Up-to-date: /home/jmj/pro_asp_ws/ws_px4_controls/install/px4_msgs/include/px4_msgs/px4_msgs/msg/detail/sensors_status_imu__type_support.cpp\n'}
[0.869365] (px4_msgs) StdoutLine: {'line': b'-- Up-to-date: /home/jmj/pro_asp_ws/ws_px4_controls/install/px4_msgs/include/px4_msgs/px4_msgs/msg/detail/pwm_input__rosidl_typesupport_introspection_cpp.hpp\n'}
[0.869389] (px4_msgs) StdoutLine: {'line': b'-- Up-to-date: /home/jmj/pro_asp_ws/ws_px4_controls/install/px4_msgs/include/px4_msgs/px4_msgs/msg/detail/navigator_status__type_support.cpp\n'}
[0.869415] (px4_msgs) StdoutLine: {'line': b'-- Up-to-date: /home/jmj/pro_asp_ws/ws_px4_controls/install/px4_msgs/include/px4_msgs/px4_msgs/msg/detail/trajectory_setpoint6dof__type_support.cpp\n'}
[0.869439] (px4_msgs) StdoutLine: {'line': b'-- Up-to-date: /home/jmj/pro_asp_ws/ws_px4_controls/install/px4_msgs/include/px4_msgs/px4_msgs/msg/detail/follow_target_status__rosidl_typesupport_introspection_cpp.hpp\n'}
[0.869463] (px4_msgs) StdoutLine: {'line': b'-- Up-to-date: /home/jmj/pro_asp_ws/ws_px4_controls/install/px4_msgs/include/px4_msgs/px4_msgs/msg/detail/uavcan_parameter_request__rosidl_typesupport_introspection_cpp.hpp\n'}
[0.869487] (px4_msgs) StdoutLine: {'line': b'-- Up-to-date: /home/jmj/pro_asp_ws/ws_px4_controls/install/px4_msgs/include/px4_msgs/px4_msgs/msg/detail/button_event__type_support.cpp\n'}
[0.869512] (px4_msgs) StdoutLine: {'line': b'-- Up-to-date: /home/jmj/pro_asp_ws/ws_px4_controls/install/px4_msgs/include/px4_msgs/px4_msgs/msg/detail/power_button_state__type_support.cpp\n'}
[0.869562] (px4_msgs) StdoutLine: {'line': b'-- Up-to-date: /home/jmj/pro_asp_ws/ws_px4_controls/install/px4_msgs/include/px4_msgs/px4_msgs/msg/detail/sensor_selection__type_support.cpp\n'}
[0.869600] (px4_msgs) StdoutLine: {'line': b'-- Up-to-date: /home/jmj/pro_asp_ws/ws_px4_controls/install/px4_msgs/include/px4_msgs/px4_msgs/msg/detail/geofence_status__rosidl_typesupport_introspection_cpp.hpp\n'}
[0.869643] (px4_msgs) StdoutLine: {'line': b'-- Up-to-date: /home/jmj/pro_asp_ws/ws_px4_controls/install/px4_msgs/include/px4_msgs/px4_msgs/msg/detail/rover_throttle_setpoint__type_support.cpp\n'}
[0.869677] (px4_msgs) StdoutLine: {'line': b'-- Up-to-date: /home/jmj/pro_asp_ws/ws_px4_controls/install/px4_msgs/include/px4_msgs/px4_msgs/msg/detail/normalized_unsigned_setpoint__rosidl_typesupport_introspection_cpp.hpp\n'}
[0.869708] (px4_msgs) StdoutLine: {'line': b'-- Up-to-date: /home/jmj/pro_asp_ws/ws_px4_controls/install/px4_msgs/include/px4_msgs/px4_msgs/msg/detail/wind__type_support.cpp\n'}
[0.869794] (px4_msgs) StdoutLine: {'line': b'-- Up-to-date: /home/jmj/pro_asp_ws/ws_px4_controls/install/px4_msgs/include/px4_msgs/px4_msgs/msg/detail/sensor_gps__rosidl_typesupport_introspection_cpp.hpp\n'}
[0.869817] (px4_msgs) StdoutLine: {'line': b'-- Up-to-date: /home/jmj/pro_asp_ws/ws_px4_controls/install/px4_msgs/include/px4_msgs/px4_msgs/msg/detail/action_request__type_support.cpp\n'}
[0.869839] (px4_msgs) StdoutLine: {'line': b'-- Up-to-date: /home/jmj/pro_asp_ws/ws_px4_controls/install/px4_msgs/include/px4_msgs/px4_msgs/msg/detail/gpio_out__rosidl_typesupport_introspection_cpp.hpp\n'}
[0.869861] (px4_msgs) StdoutLine: {'line': b'-- Up-to-date: /home/jmj/pro_asp_ws/ws_px4_controls/install/px4_msgs/include/px4_msgs/px4_msgs/msg/detail/cpuload__rosidl_typesupport_introspection_cpp.hpp\n'}
[0.869883] (px4_msgs) StdoutLine: {'line': b'-- Up-to-date: /home/jmj/pro_asp_ws/ws_px4_controls/install/px4_msgs/include/px4_msgs/px4_msgs/msg/detail/open_drone_id_arm_status__type_support.cpp\n'}
[0.869904] (px4_msgs) StdoutLine: {'line': b'-- Up-to-date: /home/jmj/pro_asp_ws/ws_px4_controls/install/px4_msgs/include/px4_msgs/px4_msgs/msg/detail/distance_sensor__rosidl_typesupport_introspection_cpp.hpp\n'}
[0.869930] (px4_msgs) StdoutLine: {'line': b'-- Up-to-date: /home/jmj/pro_asp_ws/ws_px4_controls/install/px4_msgs/include/px4_msgs/px4_msgs/msg/detail/hover_thrust_estimate__rosidl_typesupport_introspection_cpp.hpp\n'}
[0.869954] (px4_msgs) StdoutLine: {'line': b'-- Up-to-date: /home/jmj/pro_asp_ws/ws_px4_controls/install/px4_msgs/include/px4_msgs/px4_msgs/msg/detail/actuator_motors__rosidl_typesupport_introspection_cpp.hpp\n'}
[0.869978] (px4_msgs) StdoutLine: {'line': b'-- Up-to-date: /home/jmj/pro_asp_ws/ws_px4_controls/install/px4_msgs/include/px4_msgs/px4_msgs/msg/detail/dataman_request__rosidl_typesupport_introspection_cpp.hpp\n'}
[0.870002] (px4_msgs) StdoutLine: {'line': b'-- Up-to-date: /home/jmj/pro_asp_ws/ws_px4_controls/install/px4_msgs/include/px4_msgs/px4_msgs/msg/detail/vtol_vehicle_status__rosidl_typesupport_introspection_cpp.hpp\n'}
[0.870025] (px4_msgs) StdoutLine: {'line': b'-- Up-to-date: /home/jmj/pro_asp_ws/ws_px4_controls/install/px4_msgs/include/px4_msgs/px4_msgs/msg/detail/parameter_set_value_response__rosidl_typesupport_introspection_cpp.hpp\n'}
[0.870066] (px4_msgs) StdoutLine: {'line': b'-- Up-to-date: /home/jmj/pro_asp_ws/ws_px4_controls/install/px4_msgs/include/px4_msgs/px4_msgs/msg/detail/gimbal_device_attitude_status__type_support.cpp\n'}
[0.870090] (px4_msgs) StdoutLine: {'line': b'-- Up-to-date: /home/jmj/pro_asp_ws/ws_px4_controls/install/px4_msgs/include/px4_msgs/px4_msgs/msg/detail/rover_steering_setpoint__rosidl_typesupport_introspection_cpp.hpp\n'}
[0.870112] (px4_msgs) StdoutLine: {'line': b'-- Up-to-date: /home/jmj/pro_asp_ws/ws_px4_controls/install/px4_msgs/include/px4_msgs/px4_msgs/msg/detail/vehicle_local_position_setpoint__rosidl_typesupport_introspection_cpp.hpp\n'}
[0.870137] (px4_msgs) StdoutLine: {'line': b'-- Up-to-date: /home/jmj/pro_asp_ws/ws_px4_controls/install/px4_msgs/include/px4_msgs/px4_msgs/msg/detail/rover_attitude_status__type_support.cpp\n'}
[0.870177] (px4_msgs) StdoutLine: {'line': b'-- Up-to-date: /home/jmj/pro_asp_ws/ws_px4_controls/install/px4_msgs/include/px4_msgs/px4_msgs/msg/detail/orb_test__type_support.cpp\n'}
[0.870202] (px4_msgs) StdoutLine: {'line': b'-- Up-to-date: /home/jmj/pro_asp_ws/ws_px4_controls/install/px4_msgs/include/px4_msgs/px4_msgs/msg/detail/estimator_bias__type_support.cpp\n'}
[0.870224] (px4_msgs) StdoutLine: {'line': b'-- Up-to-date: /home/jmj/pro_asp_ws/ws_px4_controls/install/px4_msgs/include/px4_msgs/px4_msgs/msg/detail/iridiumsbd_status__rosidl_typesupport_introspection_cpp.hpp\n'}
[0.870246] (px4_msgs) StdoutLine: {'line': b'-- Up-to-date: /home/jmj/pro_asp_ws/ws_px4_controls/install/px4_msgs/include/px4_msgs/px4_msgs/msg/detail/sensors_status_imu__rosidl_typesupport_introspection_cpp.hpp\n'}
[0.870268] (px4_msgs) StdoutLine: {'line': b'-- Up-to-date: /home/jmj/pro_asp_ws/ws_px4_controls/install/px4_msgs/include/px4_msgs/px4_msgs/msg/detail/gpio_config__type_support.cpp\n'}
[0.870308] (px4_msgs) StdoutLine: {'line': b'-- Up-to-date: /home/jmj/pro_asp_ws/ws_px4_controls/install/px4_msgs/include/px4_msgs/px4_msgs/msg/detail/rtl_time_estimate__type_support.cpp\n'}
[0.870330] (px4_msgs) StdoutLine: {'line': b'-- Up-to-date: /home/jmj/pro_asp_ws/ws_px4_controls/install/px4_msgs/include/px4_msgs/px4_msgs/msg/detail/estimator_selector_status__type_support.cpp\n'}
[0.870351] (px4_msgs) StdoutLine: {'line': b'-- Up-to-date: /home/jmj/pro_asp_ws/ws_px4_controls/install/px4_msgs/include/px4_msgs/px4_msgs/msg/detail/uavcan_parameter_request__type_support.cpp\n'}
[0.870372] (px4_msgs) StdoutLine: {'line': b'-- Up-to-date: /home/jmj/pro_asp_ws/ws_px4_controls/install/px4_msgs/include/px4_msgs/px4_msgs/msg/detail/takeoff_status__rosidl_typesupport_introspection_cpp.hpp\n'}
[0.870400] (px4_msgs) StdoutLine: {'line': b'-- Up-to-date: /home/jmj/pro_asp_ws/ws_px4_controls/install/px4_msgs/include/px4_msgs/px4_msgs/msg/detail/collision_constraints__rosidl_typesupport_introspection_cpp.hpp\n'}
[0.870422] (px4_msgs) StdoutLine: {'line': b'-- Up-to-date: /home/jmj/pro_asp_ws/ws_px4_controls/install/px4_msgs/include/px4_msgs/px4_msgs/msg/detail/sensor_mag__rosidl_typesupport_introspection_cpp.hpp\n'}
[0.870443] (px4_msgs) StdoutLine: {'line': b'-- Up-to-date: /home/jmj/pro_asp_ws/ws_px4_controls/install/px4_msgs/include/px4_msgs/px4_msgs/msg/detail/follow_target__rosidl_typesupport_introspection_cpp.hpp\n'}
[0.870468] (px4_msgs) StdoutLine: {'line': b'-- Up-to-date: /home/jmj/pro_asp_ws/ws_px4_controls/install/px4_msgs/include/px4_msgs/px4_msgs/msg/detail/distance_sensor_mode_change_request__rosidl_typesupport_introspection_cpp.hpp\n'}
[0.870494] (px4_msgs) StdoutLine: {'line': b'-- Up-to-date: /home/jmj/pro_asp_ws/ws_px4_controls/install/px4_msgs/include/px4_msgs/px4_msgs/msg/detail/esc_report__type_support.cpp\n'}
[0.870516] (px4_msgs) StdoutLine: {'line': b'-- Up-to-date: /home/jmj/pro_asp_ws/ws_px4_controls/install/px4_msgs/include/px4_msgs/px4_msgs/msg/detail/differential_pressure__type_support.cpp\n'}
[0.870537] (px4_msgs) StdoutLine: {'line': b'-- Up-to-date: /home/jmj/pro_asp_ws/ws_px4_controls/install/px4_msgs/include/px4_msgs/px4_msgs/msg/detail/camera_capture__type_support.cpp\n'}
[0.870558] (px4_msgs) StdoutLine: {'line': b'-- Up-to-date: /home/jmj/pro_asp_ws/ws_px4_controls/install/px4_msgs/include/px4_msgs/px4_msgs/msg/detail/rpm__type_support.cpp\n'}
[0.870580] (px4_msgs) StdoutLine: {'line': b'-- Up-to-date: /home/jmj/pro_asp_ws/ws_px4_controls/install/px4_msgs/include/px4_msgs/px4_msgs/msg/detail/launch_detection_status__rosidl_typesupport_introspection_cpp.hpp\n'}
[0.870603] (px4_msgs) StdoutLine: {'line': b'-- Up-to-date: /home/jmj/pro_asp_ws/ws_px4_controls/install/px4_msgs/include/px4_msgs/px4_msgs/msg/detail/parameter_set_value_request__rosidl_typesupport_introspection_cpp.hpp\n'}
[0.870639] (px4_msgs) StdoutLine: {'line': b'-- Up-to-date: /home/jmj/pro_asp_ws/ws_px4_controls/install/px4_msgs/include/px4_msgs/px4_msgs/msg/detail/vehicle_local_position__type_support.cpp\n'}
[0.870670] (px4_msgs) StdoutLine: {'line': b'-- Up-to-date: /home/jmj/pro_asp_ws/ws_px4_controls/install/px4_msgs/include/px4_msgs/px4_msgs/msg/detail/fixed_wing_lateral_setpoint__type_support.cpp\n'}
[0.870695] (px4_msgs) StdoutLine: {'line': b'-- Up-to-date: /home/jmj/pro_asp_ws/ws_px4_controls/install/px4_msgs/include/px4_msgs/px4_msgs/msg/detail/gimbal_manager_status__type_support.cpp\n'}
[0.870720] (px4_msgs) StdoutLine: {'line': b'-- Up-to-date: /home/jmj/pro_asp_ws/ws_px4_controls/install/px4_msgs/include/px4_msgs/px4_msgs/msg/detail/actuator_servos__rosidl_typesupport_introspection_cpp.hpp\n'}
[0.870744] (px4_msgs) StdoutLine: {'line': b'-- Up-to-date: /home/jmj/pro_asp_ws/ws_px4_controls/install/px4_msgs/include/px4_msgs/px4_msgs/msg/detail/vehicle_command_ack__rosidl_typesupport_introspection_cpp.hpp\n'}
[0.870790] (px4_msgs) StdoutLine: {'line': b'-- Up-to-date: /home/jmj/pro_asp_ws/ws_px4_controls/install/px4_msgs/include/px4_msgs/px4_msgs/msg/detail/geofence_result__rosidl_typesupport_introspection_cpp.hpp\n'}
[0.870823] (px4_msgs) StdoutLine: {'line': b'-- Up-to-date: /home/jmj/pro_asp_ws/ws_px4_controls/install/px4_msgs/include/px4_msgs/px4_msgs/msg/detail/config_overrides__rosidl_typesupport_introspection_cpp.hpp\n'}
[0.870848] (px4_msgs) StdoutLine: {'line': b'-- Up-to-date: /home/jmj/pro_asp_ws/ws_px4_controls/install/px4_msgs/include/px4_msgs/px4_msgs/msg/detail/sensor_uwb__type_support.cpp\n'}
[0.870876] (px4_msgs) StdoutLine: {'line': b'-- Up-to-date: /home/jmj/pro_asp_ws/ws_px4_controls/install/px4_msgs/include/px4_msgs/px4_msgs/msg/detail/mission__type_support.cpp\n'}
[0.870899] (px4_msgs) StdoutLine: {'line': b'-- Up-to-date: /home/jmj/pro_asp_ws/ws_px4_controls/install/px4_msgs/include/px4_msgs/px4_msgs/msg/detail/rover_rate_status__rosidl_typesupport_introspection_cpp.hpp\n'}
[0.870922] (px4_msgs) StdoutLine: {'line': b'-- Up-to-date: /home/jmj/pro_asp_ws/ws_px4_controls/install/px4_msgs/include/px4_msgs/px4_msgs/msg/detail/fixed_wing_lateral_status__type_support.cpp\n'}
[0.870944] (px4_msgs) StdoutLine: {'line': b'-- Up-to-date: /home/jmj/pro_asp_ws/ws_px4_controls/install/px4_msgs/include/px4_msgs/px4_msgs/msg/detail/orb_test_large__type_support.cpp\n'}
[0.870968] (px4_msgs) StdoutLine: {'line': b'-- Up-to-date: /home/jmj/pro_asp_ws/ws_px4_controls/install/px4_msgs/include/px4_msgs/px4_msgs/msg/detail/estimator_aid_source1d__type_support.cpp\n'}
[0.870995] (px4_msgs) StdoutLine: {'line': b'-- Up-to-date: /home/jmj/pro_asp_ws/ws_px4_controls/install/px4_msgs/include/px4_msgs/px4_msgs/msg/detail/estimator_status_flags__type_support.cpp\n'}
[0.871020] (px4_msgs) StdoutLine: {'line': b'-- Up-to-date: /home/jmj/pro_asp_ws/ws_px4_controls/install/px4_msgs/include/px4_msgs/px4_msgs/msg/detail/autotune_attitude_control_status__rosidl_typesupport_introspection_cpp.hpp\n'}
[0.871041] (px4_msgs) StdoutLine: {'line': b'-- Up-to-date: /home/jmj/pro_asp_ws/ws_px4_controls/install/px4_msgs/include/px4_msgs/px4_msgs/msg/detail/esc_status__type_support.cpp\n'}
[0.871067] (px4_msgs) StdoutLine: {'line': b'-- Up-to-date: /home/jmj/pro_asp_ws/ws_px4_controls/install/px4_msgs/include/px4_msgs/px4_msgs/msg/detail/camera_trigger__rosidl_typesupport_introspection_cpp.hpp\n'}
[0.871091] (px4_msgs) StdoutLine: {'line': b'-- Up-to-date: /home/jmj/pro_asp_ws/ws_px4_controls/install/px4_msgs/include/px4_msgs/px4_msgs/msg/detail/vehicle_angular_acceleration_setpoint__type_support.cpp\n'}
[0.871115] (px4_msgs) StdoutLine: {'line': b'-- Up-to-date: /home/jmj/pro_asp_ws/ws_px4_controls/install/px4_msgs/include/px4_msgs/px4_msgs/msg/detail/vehicle_angular_acceleration_setpoint__rosidl_typesupport_introspection_cpp.hpp\n'}
[0.871138] (px4_msgs) StdoutLine: {'line': b'-- Up-to-date: /home/jmj/pro_asp_ws/ws_px4_controls/install/px4_msgs/include/px4_msgs/px4_msgs/msg/detail/vehicle_attitude__rosidl_typesupport_introspection_cpp.hpp\n'}
[0.871161] (px4_msgs) StdoutLine: {'line': b'-- Up-to-date: /home/jmj/pro_asp_ws/ws_px4_controls/install/px4_msgs/include/px4_msgs/px4_msgs/msg/detail/offboard_control_mode__type_support.cpp\n'}
[0.871184] (px4_msgs) StdoutLine: {'line': b'-- Up-to-date: /home/jmj/pro_asp_ws/ws_px4_controls/install/px4_msgs/include/px4_msgs/px4_msgs/msg/detail/open_drone_id_self_id__rosidl_typesupport_introspection_cpp.hpp\n'}
[0.871207] (px4_msgs) StdoutLine: {'line': b'-- Up-to-date: /home/jmj/pro_asp_ws/ws_px4_controls/install/px4_msgs/include/px4_msgs/px4_msgs/msg/detail/fixed_wing_lateral_status__rosidl_typesupport_introspection_cpp.hpp\n'}
[0.871230] (px4_msgs) StdoutLine: {'line': b'-- Up-to-date: /home/jmj/pro_asp_ws/ws_px4_controls/install/px4_msgs/include/px4_msgs/px4_msgs/msg/detail/onboard_computer_status__rosidl_typesupport_introspection_cpp.hpp\n'}
[0.871253] (px4_msgs) StdoutLine: {'line': b'-- Up-to-date: /home/jmj/pro_asp_ws/ws_px4_controls/install/px4_msgs/include/px4_msgs/px4_msgs/msg/detail/battery_status__type_support.cpp\n'}
[0.871277] (px4_msgs) StdoutLine: {'line': b'-- Up-to-date: /home/jmj/pro_asp_ws/ws_px4_controls/install/px4_msgs/include/px4_msgs/px4_msgs/msg/detail/sensor_correction__rosidl_typesupport_introspection_cpp.hpp\n'}
[0.871316] (px4_msgs) StdoutLine: {'line': b'-- Up-to-date: /home/jmj/pro_asp_ws/ws_px4_controls/install/px4_msgs/include/px4_msgs/px4_msgs/msg/detail/normalized_unsigned_setpoint__type_support.cpp\n'}
[0.871339] (px4_msgs) StdoutLine: {'line': b'-- Up-to-date: /home/jmj/pro_asp_ws/ws_px4_controls/install/px4_msgs/include/px4_msgs/px4_msgs/msg/detail/internal_combustion_engine_control__rosidl_typesupport_introspection_cpp.hpp\n'}
[0.871360] (px4_msgs) StdoutLine: {'line': b'-- Up-to-date: /home/jmj/pro_asp_ws/ws_px4_controls/install/px4_msgs/include/px4_msgs/px4_msgs/msg/detail/qshell_req__rosidl_typesupport_introspection_cpp.hpp\n'}
[0.871383] (px4_msgs) StdoutLine: {'line': b'-- Up-to-date: /home/jmj/pro_asp_ws/ws_px4_controls/install/px4_msgs/include/px4_msgs/px4_msgs/msg/detail/mission__rosidl_typesupport_introspection_cpp.hpp\n'}
[0.871408] (px4_msgs) StdoutLine: {'line': b'-- Up-to-date: /home/jmj/pro_asp_ws/ws_px4_controls/install/px4_msgs/include/px4_msgs/px4_msgs/msg/detail/estimator_aid_source3d__type_support.cpp\n'}
[0.871432] (px4_msgs) StdoutLine: {'line': b'-- Up-to-date: /home/jmj/pro_asp_ws/ws_px4_controls/install/px4_msgs/include/px4_msgs/px4_msgs/msg/detail/estimator_states__rosidl_typesupport_introspection_cpp.hpp\n'}
[0.871455] (px4_msgs) StdoutLine: {'line': b'-- Up-to-date: /home/jmj/pro_asp_ws/ws_px4_controls/install/px4_msgs/include/px4_msgs/px4_msgs/msg/detail/config_overrides__type_support.cpp\n'}
[0.871478] (px4_msgs) StdoutLine: {'line': b'-- Up-to-date: /home/jmj/pro_asp_ws/ws_px4_controls/install/px4_msgs/include/px4_msgs/px4_msgs/msg/detail/sensor_gps__type_support.cpp\n'}
[0.871501] (px4_msgs) StdoutLine: {'line': b'-- Up-to-date: /home/jmj/pro_asp_ws/ws_px4_controls/install/px4_msgs/include/px4_msgs/px4_msgs/msg/detail/ekf2_timestamps__rosidl_typesupport_introspection_cpp.hpp\n'}
[0.871527] (px4_msgs) StdoutLine: {'line': b'-- Up-to-date: /home/jmj/pro_asp_ws/ws_px4_controls/install/px4_msgs/include/px4_msgs/px4_msgs/msg/detail/register_ext_component_reply__type_support.cpp\n'}
[0.871552] (px4_msgs) StdoutLine: {'line': b'-- Up-to-date: /home/jmj/pro_asp_ws/ws_px4_controls/install/px4_msgs/include/px4_msgs/px4_msgs/msg/detail/led_control__type_support.cpp\n'}
[0.871575] (px4_msgs) StdoutLine: {'line': b'-- Up-to-date: /home/jmj/pro_asp_ws/ws_px4_controls/install/px4_msgs/include/px4_msgs/px4_msgs/msg/detail/vehicle_status__rosidl_typesupport_introspection_cpp.hpp\n'}
[0.871599] (px4_msgs) StdoutLine: {'line': b'-- Up-to-date: /home/jmj/pro_asp_ws/ws_px4_controls/install/px4_msgs/include/px4_msgs/px4_msgs/msg/detail/tiltrotor_extra_controls__type_support.cpp\n'}
[0.871623] (px4_msgs) StdoutLine: {'line': b'-- Up-to-date: /home/jmj/pro_asp_ws/ws_px4_controls/install/px4_msgs/include/px4_msgs/px4_msgs/msg/detail/estimator_event_flags__rosidl_typesupport_introspection_cpp.hpp\n'}
[0.871648] (px4_msgs) StdoutLine: {'line': b'-- Up-to-date: /home/jmj/pro_asp_ws/ws_px4_controls/install/px4_msgs/include/px4_msgs/px4_msgs/msg/detail/rc_channels__rosidl_typesupport_introspection_cpp.hpp\n'}
[0.871673] (px4_msgs) StdoutLine: {'line': b'-- Up-to-date: /home/jmj/pro_asp_ws/ws_px4_controls/install/px4_msgs/include/px4_msgs/px4_msgs/msg/detail/parameter_reset_request__rosidl_typesupport_introspection_cpp.hpp\n'}
[0.871745] (px4_msgs) StdoutLine: {'line': b'-- Up-to-date: /home/jmj/pro_asp_ws/ws_px4_controls/install/px4_msgs/include/px4_msgs/px4_msgs/msg/detail/rover_throttle_setpoint__rosidl_typesupport_introspection_cpp.hpp\n'}
[0.871771] (px4_msgs) StdoutLine: {'line': b'-- Up-to-date: /home/jmj/pro_asp_ws/ws_px4_controls/install/px4_msgs/include/px4_msgs/px4_msgs/msg/detail/message_format_response__type_support.cpp\n'}
[0.871795] (px4_msgs) StdoutLine: {'line': b'-- Up-to-date: /home/jmj/pro_asp_ws/ws_px4_controls/install/px4_msgs/include/px4_msgs/px4_msgs/msg/detail/estimator_states__type_support.cpp\n'}
[0.871831] (px4_msgs) StdoutLine: {'line': b'-- Up-to-date: /home/jmj/pro_asp_ws/ws_px4_controls/install/px4_msgs/include/px4_msgs/px4_msgs/msg/detail/vehicle_thrust_setpoint__rosidl_typesupport_introspection_cpp.hpp\n'}
[0.871855] (px4_msgs) StdoutLine: {'line': b'-- Up-to-date: /home/jmj/pro_asp_ws/ws_px4_controls/install/px4_msgs/include/px4_msgs/px4_msgs/msg/detail/wind__rosidl_typesupport_introspection_cpp.hpp\n'}
[0.871876] (px4_msgs) StdoutLine: {'line': b'-- Up-to-date: /home/jmj/pro_asp_ws/ws_px4_controls/install/px4_msgs/include/px4_msgs/px4_msgs/msg/detail/vehicle_air_data__rosidl_typesupport_introspection_cpp.hpp\n'}
[0.871897] (px4_msgs) StdoutLine: {'line': b'-- Up-to-date: /home/jmj/pro_asp_ws/ws_px4_controls/install/px4_msgs/include/px4_msgs/px4_msgs/msg/detail/manual_control_setpoint__type_support.cpp\n'}
[0.871918] (px4_msgs) StdoutLine: {'line': b'-- Up-to-date: /home/jmj/pro_asp_ws/ws_px4_controls/install/px4_msgs/include/px4_msgs/px4_msgs/msg/detail/sensor_uwb__rosidl_typesupport_introspection_cpp.hpp\n'}
[0.871939] (px4_msgs) StdoutLine: {'line': b'-- Up-to-date: /home/jmj/pro_asp_ws/ws_px4_controls/install/px4_msgs/include/px4_msgs/px4_msgs/msg/detail/fixed_wing_lateral_guidance_status__type_support.cpp\n'}
[0.871960] (px4_msgs) StdoutLine: {'line': b'-- Up-to-date: /home/jmj/pro_asp_ws/ws_px4_controls/install/px4_msgs/include/px4_msgs/px4_msgs/msg/detail/actuator_servos_trim__type_support.cpp\n'}
[0.871982] (px4_msgs) StdoutLine: {'line': b'-- Up-to-date: /home/jmj/pro_asp_ws/ws_px4_controls/install/px4_msgs/include/px4_msgs/px4_msgs/msg/detail/actuator_armed__rosidl_typesupport_introspection_cpp.hpp\n'}
[0.872028] (px4_msgs) StdoutLine: {'line': b'-- Up-to-date: /home/jmj/pro_asp_ws/ws_px4_controls/install/px4_msgs/include/px4_msgs/px4_msgs/msg/detail/launch_detection_status__type_support.cpp\n'}
[0.872049] (px4_msgs) StdoutLine: {'line': b'-- Up-to-date: /home/jmj/pro_asp_ws/ws_px4_controls/install/px4_msgs/include/px4_msgs/px4_msgs/msg/detail/estimator_gps_status__type_support.cpp\n'}
[0.872074] (px4_msgs) StdoutLine: {'line': b'-- Up-to-date: /home/jmj/pro_asp_ws/ws_px4_controls/install/px4_msgs/include/px4_msgs/px4_msgs/msg/detail/satellite_info__rosidl_typesupport_introspection_cpp.hpp\n'}
[0.872095] (px4_msgs) StdoutLine: {'line': b'-- Up-to-date: /home/jmj/pro_asp_ws/ws_px4_controls/install/px4_msgs/include/px4_msgs/px4_msgs/msg/detail/gps_dump__rosidl_typesupport_introspection_cpp.hpp\n'}
[0.872123] (px4_msgs) StdoutLine: {'line': b'-- Up-to-date: /home/jmj/pro_asp_ws/ws_px4_controls/install/px4_msgs/include/px4_msgs/px4_msgs/msg/detail/mavlink_log__type_support.cpp\n'}
[0.872149] (px4_msgs) StdoutLine: {'line': b'-- Up-to-date: /home/jmj/pro_asp_ws/ws_px4_controls/install/px4_msgs/include/px4_msgs/px4_msgs/msg/detail/airspeed_validated__rosidl_typesupport_introspection_cpp.hpp\n'}
[0.872171] (px4_msgs) StdoutLine: {'line': b'-- Up-to-date: /home/jmj/pro_asp_ws/ws_px4_controls/install/px4_msgs/include/px4_msgs/px4_msgs/msg/detail/estimator_aid_source1d__rosidl_typesupport_introspection_cpp.hpp\n'}
[0.872195] (px4_msgs) StdoutLine: {'line': b'-- Up-to-date: /home/jmj/pro_asp_ws/ws_px4_controls/install/px4_msgs/include/px4_msgs/px4_msgs/msg/detail/distance_sensor__type_support.cpp\n'}
[0.872223] (px4_msgs) StdoutLine: {'line': b'-- Up-to-date: /home/jmj/pro_asp_ws/ws_px4_controls/install/px4_msgs/lib/libpx4_msgs__rosidl_typesupport_introspection_cpp.so\n'}
[0.872246] (px4_msgs) StdoutLine: {'line': b'-- Up-to-date: /home/jmj/pro_asp_ws/ws_px4_controls/install/px4_msgs/lib/libpx4_msgs__rosidl_typesupport_cpp.so\n'}
[0.872268] (px4_msgs) StdoutLine: {'line': b'-- Up-to-date: /home/jmj/pro_asp_ws/ws_px4_controls/install/px4_msgs/share/px4_msgs/environment/pythonpath.sh\n'}
[0.872294] (px4_msgs) StdoutLine: {'line': b'-- Up-to-date: /home/jmj/pro_asp_ws/ws_px4_controls/install/px4_msgs/share/px4_msgs/environment/pythonpath.dsv\n'}
[0.872318] (px4_msgs) StdoutLine: {'line': b'-- Up-to-date: /home/jmj/pro_asp_ws/ws_px4_controls/install/px4_msgs/local/lib/python3.10/dist-packages/px4_msgs-2.0.1-py3.10.egg-info\n'}
[0.872340] (px4_msgs) StdoutLine: {'line': b'-- Installing: /home/jmj/pro_asp_ws/ws_px4_controls/install/px4_msgs/local/lib/python3.10/dist-packages/px4_msgs-2.0.1-py3.10.egg-info/dependency_links.txt\n'}
[0.872367] (px4_msgs) StdoutLine: {'line': b'-- Installing: /home/jmj/pro_asp_ws/ws_px4_controls/install/px4_msgs/local/lib/python3.10/dist-packages/px4_msgs-2.0.1-py3.10.egg-info/top_level.txt\n'}
[0.872390] (px4_msgs) StdoutLine: {'line': b'-- Installing: /home/jmj/pro_asp_ws/ws_px4_controls/install/px4_msgs/local/lib/python3.10/dist-packages/px4_msgs-2.0.1-py3.10.egg-info/PKG-INFO\n'}
[0.872455] (px4_msgs) StdoutLine: {'line': b'-- Installing: /home/jmj/pro_asp_ws/ws_px4_controls/install/px4_msgs/local/lib/python3.10/dist-packages/px4_msgs-2.0.1-py3.10.egg-info/SOURCES.txt\n'}
[0.872486] (px4_msgs) StdoutLine: {'line': b'-- Up-to-date: /home/jmj/pro_asp_ws/ws_px4_controls/install/px4_msgs/local/lib/python3.10/dist-packages/px4_msgs\n'}
[0.872510] (px4_msgs) StdoutLine: {'line': b'-- Up-to-date: /home/jmj/pro_asp_ws/ws_px4_controls/install/px4_msgs/local/lib/python3.10/dist-packages/px4_msgs/_px4_msgs_s.ep.rosidl_typesupport_c.c\n'}
[0.872549] (px4_msgs) StdoutLine: {'line': b'-- Up-to-date: /home/jmj/pro_asp_ws/ws_px4_controls/install/px4_msgs/local/lib/python3.10/dist-packages/px4_msgs/__init__.py\n'}
[0.872602] (px4_msgs) StdoutLine: {'line': b'-- Up-to-date: /home/jmj/pro_asp_ws/ws_px4_controls/install/px4_msgs/local/lib/python3.10/dist-packages/px4_msgs/srv\n'}
[0.872626] (px4_msgs) StdoutLine: {'line': b'-- Up-to-date: /home/jmj/pro_asp_ws/ws_px4_controls/install/px4_msgs/local/lib/python3.10/dist-packages/px4_msgs/srv/__init__.py\n'}
[0.872649] (px4_msgs) StdoutLine: {'line': b'-- Up-to-date: /home/jmj/pro_asp_ws/ws_px4_controls/install/px4_msgs/local/lib/python3.10/dist-packages/px4_msgs/srv/_vehicle_command.py\n'}
[0.872684] (px4_msgs) StdoutLine: {'line': b'-- Up-to-date: /home/jmj/pro_asp_ws/ws_px4_controls/install/px4_msgs/local/lib/python3.10/dist-packages/px4_msgs/srv/_vehicle_command_s.c\n'}
[0.872717] (px4_msgs) StdoutLine: {'line': b'-- Up-to-date: /home/jmj/pro_asp_ws/ws_px4_controls/install/px4_msgs/local/lib/python3.10/dist-packages/px4_msgs/px4_msgs_s__rosidl_typesupport_fastrtps_c.cpython-310-x86_64-linux-gnu.so\n'}
[0.872765] (px4_msgs) StdoutLine: {'line': b'-- Up-to-date: /home/jmj/pro_asp_ws/ws_px4_controls/install/px4_msgs/local/lib/python3.10/dist-packages/px4_msgs/libpx4_msgs__rosidl_generator_py.so\n'}
[0.872797] (px4_msgs) StdoutLine: {'line': b'-- Up-to-date: /home/jmj/pro_asp_ws/ws_px4_controls/install/px4_msgs/local/lib/python3.10/dist-packages/px4_msgs/_px4_msgs_s.ep.rosidl_typesupport_introspection_c.c\n'}
[0.872824] (px4_msgs) StdoutLine: {'line': b'-- Up-to-date: /home/jmj/pro_asp_ws/ws_px4_controls/install/px4_msgs/local/lib/python3.10/dist-packages/px4_msgs/_px4_msgs_s.ep.rosidl_typesupport_fastrtps_c.c\n'}
[0.872852] (px4_msgs) StdoutLine: {'line': b'-- Up-to-date: /home/jmj/pro_asp_ws/ws_px4_controls/install/px4_msgs/local/lib/python3.10/dist-packages/px4_msgs/px4_msgs_s__rosidl_typesupport_introspection_c.cpython-310-x86_64-linux-gnu.so\n'}
[0.872905] (px4_msgs) StdoutLine: {'line': b'-- Up-to-date: /home/jmj/pro_asp_ws/ws_px4_controls/install/px4_msgs/local/lib/python3.10/dist-packages/px4_msgs/px4_msgs_s__rosidl_typesupport_c.cpython-310-x86_64-linux-gnu.so\n'}
[0.872929] (px4_msgs) StdoutLine: {'line': b'-- Up-to-date: /home/jmj/pro_asp_ws/ws_px4_controls/install/px4_msgs/local/lib/python3.10/dist-packages/px4_msgs/msg\n'}
[0.872953] (px4_msgs) StdoutLine: {'line': b'-- Up-to-date: /home/jmj/pro_asp_ws/ws_px4_controls/install/px4_msgs/local/lib/python3.10/dist-packages/px4_msgs/msg/_position_setpoint_triplet_s.c\n'}
[0.872979] (px4_msgs) StdoutLine: {'line': b'-- Up-to-date: /home/jmj/pro_asp_ws/ws_px4_controls/install/px4_msgs/local/lib/python3.10/dist-packages/px4_msgs/msg/_vehicle_global_position.py\n'}
[0.873002] (px4_msgs) StdoutLine: {'line': b'-- Up-to-date: /home/jmj/pro_asp_ws/ws_px4_controls/install/px4_msgs/local/lib/python3.10/dist-packages/px4_msgs/msg/_open_drone_id_system.py\n'}
[0.873026] (px4_msgs) StdoutLine: {'line': b'-- Up-to-date: /home/jmj/pro_asp_ws/ws_px4_controls/install/px4_msgs/local/lib/python3.10/dist-packages/px4_msgs/msg/_sensor_accel_s.c\n'}
[0.873064] (px4_msgs) StdoutLine: {'line': b'-- Up-to-date: /home/jmj/pro_asp_ws/ws_px4_controls/install/px4_msgs/local/lib/python3.10/dist-packages/px4_msgs/msg/_control_allocator_status.py\n'}
[0.873088] (px4_msgs) StdoutLine: {'line': b'-- Up-to-date: /home/jmj/pro_asp_ws/ws_px4_controls/install/px4_msgs/local/lib/python3.10/dist-packages/px4_msgs/msg/_airspeed.py\n'}
[0.873118] (px4_msgs) StdoutLine: {'line': b'-- Up-to-date: /home/jmj/pro_asp_ws/ws_px4_controls/install/px4_msgs/local/lib/python3.10/dist-packages/px4_msgs/msg/_differential_pressure.py\n'}
[0.873144] (px4_msgs) StdoutLine: {'line': b'-- Up-to-date: /home/jmj/pro_asp_ws/ws_px4_controls/install/px4_msgs/local/lib/python3.10/dist-packages/px4_msgs/msg/_vehicle_attitude_setpoint_s.c\n'}
[0.873171] (px4_msgs) StdoutLine: {'line': b'-- Up-to-date: /home/jmj/pro_asp_ws/ws_px4_controls/install/px4_msgs/local/lib/python3.10/dist-packages/px4_msgs/msg/_rover_position_setpoint_s.c\n'}
[0.873199] (px4_msgs) StdoutLine: {'line': b'-- Up-to-date: /home/jmj/pro_asp_ws/ws_px4_controls/install/px4_msgs/local/lib/python3.10/dist-packages/px4_msgs/msg/_rover_position_setpoint.py\n'}
[0.873227] (px4_msgs) StdoutLine: {'line': b'-- Up-to-date: /home/jmj/pro_asp_ws/ws_px4_controls/install/px4_msgs/local/lib/python3.10/dist-packages/px4_msgs/msg/_camera_status.py\n'}
[0.873256] (px4_msgs) StdoutLine: {'line': b'-- Up-to-date: /home/jmj/pro_asp_ws/ws_px4_controls/install/px4_msgs/local/lib/python3.10/dist-packages/px4_msgs/msg/_vehicle_magnetometer_s.c\n'}
[0.873284] (px4_msgs) StdoutLine: {'line': b'-- Up-to-date: /home/jmj/pro_asp_ws/ws_px4_controls/install/px4_msgs/local/lib/python3.10/dist-packages/px4_msgs/msg/_arming_check_reply_s.c\n'}
[0.873309] (px4_msgs) StdoutLine: {'line': b'-- Up-to-date: /home/jmj/pro_asp_ws/ws_px4_controls/install/px4_msgs/local/lib/python3.10/dist-packages/px4_msgs/msg/_estimator_bias.py\n'}
[0.873335] (px4_msgs) StdoutLine: {'line': b'-- Up-to-date: /home/jmj/pro_asp_ws/ws_px4_controls/install/px4_msgs/local/lib/python3.10/dist-packages/px4_msgs/msg/_vehicle_local_position_s.c\n'}
[0.873364] (px4_msgs) StdoutLine: {'line': b'-- Up-to-date: /home/jmj/pro_asp_ws/ws_px4_controls/install/px4_msgs/local/lib/python3.10/dist-packages/px4_msgs/msg/_follow_target_status.py\n'}
[0.873412] (px4_msgs) StdoutLine: {'line': b'-- Up-to-date: /home/jmj/pro_asp_ws/ws_px4_controls/install/px4_msgs/local/lib/python3.10/dist-packages/px4_msgs/msg/_qshell_req.py\n'}
[0.873434] (px4_msgs) StdoutLine: {'line': b'-- Up-to-date: /home/jmj/pro_asp_ws/ws_px4_controls/install/px4_msgs/local/lib/python3.10/dist-packages/px4_msgs/msg/_autotune_attitude_control_status_s.c\n'}
[0.873456] (px4_msgs) StdoutLine: {'line': b'-- Up-to-date: /home/jmj/pro_asp_ws/ws_px4_controls/install/px4_msgs/local/lib/python3.10/dist-packages/px4_msgs/msg/_fixed_wing_lateral_setpoint_s.c\n'}
[0.873478] (px4_msgs) StdoutLine: {'line': b'-- Up-to-date: /home/jmj/pro_asp_ws/ws_px4_controls/install/px4_msgs/local/lib/python3.10/dist-packages/px4_msgs/msg/_fixed_wing_runway_control.py\n'}
[0.873500] (px4_msgs) StdoutLine: {'line': b'-- Up-to-date: /home/jmj/pro_asp_ws/ws_px4_controls/install/px4_msgs/local/lib/python3.10/dist-packages/px4_msgs/msg/_actuator_motors_s.c\n'}
[0.873520] (px4_msgs) StdoutLine: {'line': b'-- Up-to-date: /home/jmj/pro_asp_ws/ws_px4_controls/install/px4_msgs/local/lib/python3.10/dist-packages/px4_msgs/msg/_vehicle_torque_setpoint.py\n'}
[0.873543] (px4_msgs) StdoutLine: {'line': b'-- Up-to-date: /home/jmj/pro_asp_ws/ws_px4_controls/install/px4_msgs/local/lib/python3.10/dist-packages/px4_msgs/msg/_estimator_sensor_bias.py\n'}
[0.873572] (px4_msgs) StdoutLine: {'line': b'-- Up-to-date: /home/jmj/pro_asp_ws/ws_px4_controls/install/px4_msgs/local/lib/python3.10/dist-packages/px4_msgs/msg/_trajectory_setpoint6dof.py\n'}
[0.873617] (px4_msgs) StdoutLine: {'line': b'-- Up-to-date: /home/jmj/pro_asp_ws/ws_px4_controls/install/px4_msgs/local/lib/python3.10/dist-packages/px4_msgs/msg/_gimbal_device_attitude_status_s.c\n'}
[0.873646] (px4_msgs) StdoutLine: {'line': b'-- Up-to-date: /home/jmj/pro_asp_ws/ws_px4_controls/install/px4_msgs/local/lib/python3.10/dist-packages/px4_msgs/msg/_actuator_outputs.py\n'}
[0.873671] (px4_msgs) StdoutLine: {'line': b'-- Up-to-date: /home/jmj/pro_asp_ws/ws_px4_controls/install/px4_msgs/local/lib/python3.10/dist-packages/px4_msgs/msg/_power_monitor.py\n'}
[0.873694] (px4_msgs) StdoutLine: {'line': b'-- Up-to-date: /home/jmj/pro_asp_ws/ws_px4_controls/install/px4_msgs/local/lib/python3.10/dist-packages/px4_msgs/msg/_sensor_optical_flow_s.c\n'}
[0.873716] (px4_msgs) StdoutLine: {'line': b'-- Up-to-date: /home/jmj/pro_asp_ws/ws_px4_controls/install/px4_msgs/local/lib/python3.10/dist-packages/px4_msgs/msg/_sensors_status_s.c\n'}
[0.873737] (px4_msgs) StdoutLine: {'line': b'-- Up-to-date: /home/jmj/pro_asp_ws/ws_px4_controls/install/px4_msgs/local/lib/python3.10/dist-packages/px4_msgs/msg/_orb_test_medium.py\n'}
[0.873765] (px4_msgs) StdoutLine: {'line': b'-- Up-to-date: /home/jmj/pro_asp_ws/ws_px4_controls/install/px4_msgs/local/lib/python3.10/dist-packages/px4_msgs/msg/_battery_status_s.c\n'}
[0.873789] (px4_msgs) StdoutLine: {'line': b'-- Up-to-date: /home/jmj/pro_asp_ws/ws_px4_controls/install/px4_msgs/local/lib/python3.10/dist-packages/px4_msgs/msg/_home_position_s.c\n'}
[0.873812] (px4_msgs) StdoutLine: {'line': b'-- Up-to-date: /home/jmj/pro_asp_ws/ws_px4_controls/install/px4_msgs/local/lib/python3.10/dist-packages/px4_msgs/msg/_tune_control_s.c\n'}
[0.873835] (px4_msgs) StdoutLine: {'line': b'-- Up-to-date: /home/jmj/pro_asp_ws/ws_px4_controls/install/px4_msgs/local/lib/python3.10/dist-packages/px4_msgs/msg/_gpio_in_s.c\n'}
[0.873859] (px4_msgs) StdoutLine: {'line': b'-- Up-to-date: /home/jmj/pro_asp_ws/ws_px4_controls/install/px4_msgs/local/lib/python3.10/dist-packages/px4_msgs/msg/_vehicle_thrust_setpoint_s.c\n'}
[0.873883] (px4_msgs) StdoutLine: {'line': b'-- Up-to-date: /home/jmj/pro_asp_ws/ws_px4_controls/install/px4_msgs/local/lib/python3.10/dist-packages/px4_msgs/msg/_logger_status.py\n'}
[0.873934] (px4_msgs) StdoutLine: {'line': b'-- Up-to-date: /home/jmj/pro_asp_ws/ws_px4_controls/install/px4_msgs/local/lib/python3.10/dist-packages/px4_msgs/msg/_button_event_s.c\n'}
[0.873958] (px4_msgs) StdoutLine: {'line': b'-- Up-to-date: /home/jmj/pro_asp_ws/ws_px4_controls/install/px4_msgs/local/lib/python3.10/dist-packages/px4_msgs/msg/_manual_control_switches_s.c\n'}
[0.873979] (px4_msgs) StdoutLine: {'line': b'-- Up-to-date: /home/jmj/pro_asp_ws/ws_px4_controls/install/px4_msgs/local/lib/python3.10/dist-packages/px4_msgs/msg/_sensor_preflight_mag.py\n'}
[0.874001] (px4_msgs) StdoutLine: {'line': b'-- Up-to-date: /home/jmj/pro_asp_ws/ws_px4_controls/install/px4_msgs/local/lib/python3.10/dist-packages/px4_msgs/msg/_parameter_reset_request.py\n'}
[0.874022] (px4_msgs) StdoutLine: {'line': b'-- Up-to-date: /home/jmj/pro_asp_ws/ws_px4_controls/install/px4_msgs/local/lib/python3.10/dist-packages/px4_msgs/msg/_px4io_status.py\n'}
[0.874048] (px4_msgs) StdoutLine: {'line': b'-- Up-to-date: /home/jmj/pro_asp_ws/ws_px4_controls/install/px4_msgs/local/lib/python3.10/dist-packages/px4_msgs/msg/_orb_test_large.py\n'}
[0.874078] (px4_msgs) StdoutLine: {'line': b'-- Up-to-date: /home/jmj/pro_asp_ws/ws_px4_controls/install/px4_msgs/local/lib/python3.10/dist-packages/px4_msgs/msg/_figure_eight_status_s.c\n'}
[0.874105] (px4_msgs) StdoutLine: {'line': b'-- Up-to-date: /home/jmj/pro_asp_ws/ws_px4_controls/install/px4_msgs/local/lib/python3.10/dist-packages/px4_msgs/msg/_input_rc_s.c\n'}
[0.874127] (px4_msgs) StdoutLine: {'line': b'-- Up-to-date: /home/jmj/pro_asp_ws/ws_px4_controls/install/px4_msgs/local/lib/python3.10/dist-packages/px4_msgs/msg/_mag_worker_data_s.c\n'}
[0.874149] (px4_msgs) StdoutLine: {'line': b'-- Up-to-date: /home/jmj/pro_asp_ws/ws_px4_controls/install/px4_msgs/local/lib/python3.10/dist-packages/px4_msgs/msg/_geofence_status.py\n'}
[0.874174] (px4_msgs) StdoutLine: {'line': b'-- Up-to-date: /home/jmj/pro_asp_ws/ws_px4_controls/install/px4_msgs/local/lib/python3.10/dist-packages/px4_msgs/msg/_parameter_update.py\n'}
[0.874383] (px4_msgs) StdoutLine: {'line': b'-- Up-to-date: /home/jmj/pro_asp_ws/ws_px4_controls/install/px4_msgs/local/lib/python3.10/dist-packages/px4_msgs/msg/_vehicle_local_position.py\n'}
[0.874407] (px4_msgs) StdoutLine: {'line': b'-- Up-to-date: /home/jmj/pro_asp_ws/ws_px4_controls/install/px4_msgs/local/lib/python3.10/dist-packages/px4_msgs/msg/_camera_trigger_s.c\n'}
[0.874429] (px4_msgs) StdoutLine: {'line': b'-- Up-to-date: /home/jmj/pro_asp_ws/ws_px4_controls/install/px4_msgs/local/lib/python3.10/dist-packages/px4_msgs/msg/_airspeed_validated_s.c\n'}
[0.874481] (px4_msgs) StdoutLine: {'line': b'-- Up-to-date: /home/jmj/pro_asp_ws/ws_px4_controls/install/px4_msgs/local/lib/python3.10/dist-packages/px4_msgs/msg/_cpuload_s.c\n'}
[0.874520] (px4_msgs) StdoutLine: {'line': b'-- Up-to-date: /home/jmj/pro_asp_ws/ws_px4_controls/install/px4_msgs/local/lib/python3.10/dist-packages/px4_msgs/msg/_dataman_response.py\n'}
[0.874556] (px4_msgs) StdoutLine: {'line': b'-- Up-to-date: /home/jmj/pro_asp_ws/ws_px4_controls/install/px4_msgs/local/lib/python3.10/dist-packages/px4_msgs/msg/_vehicle_angular_velocity.py\n'}
[0.874591] (px4_msgs) StdoutLine: {'line': b'-- Up-to-date: /home/jmj/pro_asp_ws/ws_px4_controls/install/px4_msgs/local/lib/python3.10/dist-packages/px4_msgs/msg/_tecs_status.py\n'}
[0.874639] (px4_msgs) StdoutLine: {'line': b'-- Up-to-date: /home/jmj/pro_asp_ws/ws_px4_controls/install/px4_msgs/local/lib/python3.10/dist-packages/px4_msgs/msg/_airspeed_wind_s.c\n'}
[0.874671] (px4_msgs) StdoutLine: {'line': b'-- Up-to-date: /home/jmj/pro_asp_ws/ws_px4_controls/install/px4_msgs/local/lib/python3.10/dist-packages/px4_msgs/msg/_actuator_test.py\n'}
[0.874716] (px4_msgs) StdoutLine: {'line': b'-- Up-to-date: /home/jmj/pro_asp_ws/ws_px4_controls/install/px4_msgs/local/lib/python3.10/dist-packages/px4_msgs/msg/_actuator_servos_trim_s.c\n'}
[0.874773] (px4_msgs) StdoutLine: {'line': b'-- Up-to-date: /home/jmj/pro_asp_ws/ws_px4_controls/install/px4_msgs/local/lib/python3.10/dist-packages/px4_msgs/msg/_gripper_s.c\n'}
[0.874817] (px4_msgs) StdoutLine: {'line': b'-- Up-to-date: /home/jmj/pro_asp_ws/ws_px4_controls/install/px4_msgs/local/lib/python3.10/dist-packages/px4_msgs/msg/_failsafe_flags_s.c\n'}
[0.874861] (px4_msgs) StdoutLine: {'line': b'-- Up-to-date: /home/jmj/pro_asp_ws/ws_px4_controls/install/px4_msgs/local/lib/python3.10/dist-packages/px4_msgs/msg/_timesync_status_s.c\n'}
[0.874903] (px4_msgs) StdoutLine: {'line': b'-- Up-to-date: /home/jmj/pro_asp_ws/ws_px4_controls/install/px4_msgs/local/lib/python3.10/dist-packages/px4_msgs/msg/_qshell_retval.py\n'}
[0.874939] (px4_msgs) StdoutLine: {'line': b'-- Up-to-date: /home/jmj/pro_asp_ws/ws_px4_controls/install/px4_msgs/local/lib/python3.10/dist-packages/px4_msgs/msg/_gimbal_manager_set_manual_control_s.c\n'}
[0.874978] (px4_msgs) StdoutLine: {'line': b'-- Up-to-date: /home/jmj/pro_asp_ws/ws_px4_controls/install/px4_msgs/local/lib/python3.10/dist-packages/px4_msgs/msg/_mission_result.py\n'}
[0.875013] (px4_msgs) StdoutLine: {'line': b'-- Up-to-date: /home/jmj/pro_asp_ws/ws_px4_controls/install/px4_msgs/local/lib/python3.10/dist-packages/px4_msgs/msg/_estimator_states.py\n'}
[0.875056] (px4_msgs) StdoutLine: {'line': b'-- Up-to-date: /home/jmj/pro_asp_ws/ws_px4_controls/install/px4_msgs/local/lib/python3.10/dist-packages/px4_msgs/msg/_trajectory_setpoint6dof_s.c\n'}
[0.875097] (px4_msgs) StdoutLine: {'line': b'-- Up-to-date: /home/jmj/pro_asp_ws/ws_px4_controls/install/px4_msgs/local/lib/python3.10/dist-packages/px4_msgs/msg/_velocity_limits.py\n'}
[0.875134] (px4_msgs) StdoutLine: {'line': b'-- Up-to-date: /home/jmj/pro_asp_ws/ws_px4_controls/install/px4_msgs/local/lib/python3.10/dist-packages/px4_msgs/msg/_rover_velocity_status_s.c\n'}
[0.875166] (px4_msgs) StdoutLine: {'line': b'-- Up-to-date: /home/jmj/pro_asp_ws/ws_px4_controls/install/px4_msgs/local/lib/python3.10/dist-packages/px4_msgs/msg/_wind.py\n'}
[0.875199] (px4_msgs) StdoutLine: {'line': b'-- Up-to-date: /home/jmj/pro_asp_ws/ws_px4_controls/install/px4_msgs/local/lib/python3.10/dist-packages/px4_msgs/msg/_vehicle_control_mode_s.c\n'}
[0.875246] (px4_msgs) StdoutLine: {'line': b'-- Up-to-date: /home/jmj/pro_asp_ws/ws_px4_controls/install/px4_msgs/local/lib/python3.10/dist-packages/px4_msgs/msg/_debug_array_s.c\n'}
[0.875279] (px4_msgs) StdoutLine: {'line': b'-- Up-to-date: /home/jmj/pro_asp_ws/ws_px4_controls/install/px4_msgs/local/lib/python3.10/dist-packages/px4_msgs/msg/_navigator_status.py\n'}
[0.875306] (px4_msgs) StdoutLine: {'line': b'-- Up-to-date: /home/jmj/pro_asp_ws/ws_px4_controls/install/px4_msgs/local/lib/python3.10/dist-packages/px4_msgs/msg/_camera_capture_s.c\n'}
[0.875341] (px4_msgs) StdoutLine: {'line': b'-- Up-to-date: /home/jmj/pro_asp_ws/ws_px4_controls/install/px4_msgs/local/lib/python3.10/dist-packages/px4_msgs/msg/_estimator_aid_source2d.py\n'}
[0.875415] (px4_msgs) StdoutLine: {'line': b'-- Up-to-date: /home/jmj/pro_asp_ws/ws_px4_controls/install/px4_msgs/local/lib/python3.10/dist-packages/px4_msgs/msg/_wind_s.c\n'}
[0.875447] (px4_msgs) StdoutLine: {'line': b'-- Up-to-date: /home/jmj/pro_asp_ws/ws_px4_controls/install/px4_msgs/local/lib/python3.10/dist-packages/px4_msgs/msg/_parameter_set_value_request.py\n'}
[0.875479] (px4_msgs) StdoutLine: {'line': b'-- Up-to-date: /home/jmj/pro_asp_ws/ws_px4_controls/install/px4_msgs/local/lib/python3.10/dist-packages/px4_msgs/msg/_iridiumsbd_status.py\n'}
[0.875512] (px4_msgs) StdoutLine: {'line': b'-- Up-to-date: /home/jmj/pro_asp_ws/ws_px4_controls/install/px4_msgs/local/lib/python3.10/dist-packages/px4_msgs/msg/_rtl_status.py\n'}
[0.875548] (px4_msgs) StdoutLine: {'line': b'-- Up-to-date: /home/jmj/pro_asp_ws/ws_px4_controls/install/px4_msgs/local/lib/python3.10/dist-packages/px4_msgs/msg/_can_interface_status.py\n'}
[0.875576] (px4_msgs) StdoutLine: {'line': b'-- Up-to-date: /home/jmj/pro_asp_ws/ws_px4_controls/install/px4_msgs/local/lib/python3.10/dist-packages/px4_msgs/msg/_internal_combustion_engine_control_s.c\n'}
[0.875604] (px4_msgs) StdoutLine: {'line': b'-- Up-to-date: /home/jmj/pro_asp_ws/ws_px4_controls/install/px4_msgs/local/lib/python3.10/dist-packages/px4_msgs/msg/_gimbal_manager_information.py\n'}
[0.875663] (px4_msgs) StdoutLine: {'line': b'-- Up-to-date: /home/jmj/pro_asp_ws/ws_px4_controls/install/px4_msgs/local/lib/python3.10/dist-packages/px4_msgs/msg/_debug_vect.py\n'}
[0.875701] (px4_msgs) StdoutLine: {'line': b'-- Up-to-date: /home/jmj/pro_asp_ws/ws_px4_controls/install/px4_msgs/local/lib/python3.10/dist-packages/px4_msgs/msg/_failure_detector_status_s.c\n'}
[0.875734] (px4_msgs) StdoutLine: {'line': b'-- Up-to-date: /home/jmj/pro_asp_ws/ws_px4_controls/install/px4_msgs/local/lib/python3.10/dist-packages/px4_msgs/msg/_ping.py\n'}
[0.875775] (px4_msgs) StdoutLine: {'line': b'-- Up-to-date: /home/jmj/pro_asp_ws/ws_px4_controls/install/px4_msgs/local/lib/python3.10/dist-packages/px4_msgs/msg/__init__.py\n'}
[0.875811] (px4_msgs) StdoutLine: {'line': b'-- Up-to-date: /home/jmj/pro_asp_ws/ws_px4_controls/install/px4_msgs/local/lib/python3.10/dist-packages/px4_msgs/msg/_trajectory_setpoint.py\n'}
[0.875848] (px4_msgs) StdoutLine: {'line': b'-- Up-to-date: /home/jmj/pro_asp_ws/ws_px4_controls/install/px4_msgs/local/lib/python3.10/dist-packages/px4_msgs/msg/_sensor_accel_fifo.py\n'}
[0.875883] (px4_msgs) StdoutLine: {'line': b'-- Up-to-date: /home/jmj/pro_asp_ws/ws_px4_controls/install/px4_msgs/local/lib/python3.10/dist-packages/px4_msgs/msg/_geofence_result.py\n'}
[0.875936] (px4_msgs) StdoutLine: {'line': b'-- Up-to-date: /home/jmj/pro_asp_ws/ws_px4_controls/install/px4_msgs/local/lib/python3.10/dist-packages/px4_msgs/msg/_debug_value.py\n'}
[0.875958] (px4_msgs) StdoutLine: {'line': b'-- Up-to-date: /home/jmj/pro_asp_ws/ws_px4_controls/install/px4_msgs/local/lib/python3.10/dist-packages/px4_msgs/msg/_sensor_gyro_fft_s.c\n'}
[0.876022] (px4_msgs) StdoutLine: {'line': b'-- Up-to-date: /home/jmj/pro_asp_ws/ws_px4_controls/install/px4_msgs/local/lib/python3.10/dist-packages/px4_msgs/msg/_message_format_request.py\n'}
[0.876050] (px4_msgs) StdoutLine: {'line': b'-- Up-to-date: /home/jmj/pro_asp_ws/ws_px4_controls/install/px4_msgs/local/lib/python3.10/dist-packages/px4_msgs/msg/_action_request_s.c\n'}
[0.876105] (px4_msgs) StdoutLine: {'line': b'-- Up-to-date: /home/jmj/pro_asp_ws/ws_px4_controls/install/px4_msgs/local/lib/python3.10/dist-packages/px4_msgs/msg/_vehicle_roi.py\n'}
[0.876174] (px4_msgs) StdoutLine: {'line': b'-- Up-to-date: /home/jmj/pro_asp_ws/ws_px4_controls/install/px4_msgs/local/lib/python3.10/dist-packages/px4_msgs/msg/_sensor_gnss_relative.py\n'}
[0.876222] (px4_msgs) StdoutLine: {'line': b'-- Up-to-date: /home/jmj/pro_asp_ws/ws_px4_controls/install/px4_msgs/local/lib/python3.10/dist-packages/px4_msgs/msg/_distance_sensor.py\n'}
[0.876266] (px4_msgs) StdoutLine: {'line': b'-- Up-to-date: /home/jmj/pro_asp_ws/ws_px4_controls/install/px4_msgs/local/lib/python3.10/dist-packages/px4_msgs/msg/_airspeed_wind.py\n'}
[0.876315] (px4_msgs) StdoutLine: {'line': b'-- Up-to-date: /home/jmj/pro_asp_ws/ws_px4_controls/install/px4_msgs/local/lib/python3.10/dist-packages/px4_msgs/msg/_yaw_estimator_status_s.c\n'}
[0.876361] (px4_msgs) StdoutLine: {'line': b'-- Up-to-date: /home/jmj/pro_asp_ws/ws_px4_controls/install/px4_msgs/local/lib/python3.10/dist-packages/px4_msgs/msg/_internal_combustion_engine_status.py\n'}
[0.876406] (px4_msgs) StdoutLine: {'line': b'-- Up-to-date: /home/jmj/pro_asp_ws/ws_px4_controls/install/px4_msgs/local/lib/python3.10/dist-packages/px4_msgs/msg/_gps_inject_data_s.c\n'}
[0.876454] (px4_msgs) StdoutLine: {'line': b'-- Up-to-date: /home/jmj/pro_asp_ws/ws_px4_controls/install/px4_msgs/local/lib/python3.10/dist-packages/px4_msgs/msg/_gripper.py\n'}
[0.876477] (px4_msgs) StdoutLine: {'line': b'-- Up-to-date: /home/jmj/pro_asp_ws/ws_px4_controls/install/px4_msgs/local/lib/python3.10/dist-packages/px4_msgs/msg/_sensor_preflight_mag_s.c\n'}
[0.876511] (px4_msgs) StdoutLine: {'line': b'-- Up-to-date: /home/jmj/pro_asp_ws/ws_px4_controls/install/px4_msgs/local/lib/python3.10/dist-packages/px4_msgs/msg/_register_ext_component_request.py\n'}
[0.876540] (px4_msgs) StdoutLine: {'line': b'-- Up-to-date: /home/jmj/pro_asp_ws/ws_px4_controls/install/px4_msgs/local/lib/python3.10/dist-packages/px4_msgs/msg/_vehicle_command.py\n'}
[0.876569] (px4_msgs) StdoutLine: {'line': b'-- Up-to-date: /home/jmj/pro_asp_ws/ws_px4_controls/install/px4_msgs/local/lib/python3.10/dist-packages/px4_msgs/msg/_rover_attitude_setpoint.py\n'}
[0.876593] (px4_msgs) StdoutLine: {'line': b'-- Up-to-date: /home/jmj/pro_asp_ws/ws_px4_controls/install/px4_msgs/local/lib/python3.10/dist-packages/px4_msgs/msg/_position_setpoint_triplet.py\n'}
[0.876620] (px4_msgs) StdoutLine: {'line': b'-- Up-to-date: /home/jmj/pro_asp_ws/ws_px4_controls/install/px4_msgs/local/lib/python3.10/dist-packages/px4_msgs/msg/_vehicle_local_position_setpoint.py\n'}
[0.876645] (px4_msgs) StdoutLine: {'line': b'-- Up-to-date: /home/jmj/pro_asp_ws/ws_px4_controls/install/px4_msgs/local/lib/python3.10/dist-packages/px4_msgs/msg/_arming_check_reply.py\n'}
[0.876668] (px4_msgs) StdoutLine: {'line': b'-- Up-to-date: /home/jmj/pro_asp_ws/ws_px4_controls/install/px4_msgs/local/lib/python3.10/dist-packages/px4_msgs/msg/_vehicle_acceleration_s.c\n'}
[0.876690] (px4_msgs) StdoutLine: {'line': b'-- Up-to-date: /home/jmj/pro_asp_ws/ws_px4_controls/install/px4_msgs/local/lib/python3.10/dist-packages/px4_msgs/msg/_rpm_s.c\n'}
[0.876717] (px4_msgs) StdoutLine: {'line': b'-- Up-to-date: /home/jmj/pro_asp_ws/ws_px4_controls/install/px4_msgs/local/lib/python3.10/dist-packages/px4_msgs/msg/_mount_orientation.py\n'}
[0.876740] (px4_msgs) StdoutLine: {'line': b'-- Up-to-date: /home/jmj/pro_asp_ws/ws_px4_controls/install/px4_msgs/local/lib/python3.10/dist-packages/px4_msgs/msg/_debug_array.py\n'}
[0.876772] (px4_msgs) StdoutLine: {'line': b'-- Up-to-date: /home/jmj/pro_asp_ws/ws_px4_controls/install/px4_msgs/local/lib/python3.10/dist-packages/px4_msgs/msg/_log_message_s.c\n'}
[0.876818] (px4_msgs) StdoutLine: {'line': b'-- Up-to-date: /home/jmj/pro_asp_ws/ws_px4_controls/install/px4_msgs/local/lib/python3.10/dist-packages/px4_msgs/msg/_sensor_gps_s.c\n'}
[0.876900] (px4_msgs) StdoutLine: {'line': b'-- Up-to-date: /home/jmj/pro_asp_ws/ws_px4_controls/install/px4_msgs/local/lib/python3.10/dist-packages/px4_msgs/msg/_rtl_time_estimate_s.c\n'}
[0.876935] (px4_msgs) StdoutLine: {'line': b'-- Up-to-date: /home/jmj/pro_asp_ws/ws_px4_controls/install/px4_msgs/local/lib/python3.10/dist-packages/px4_msgs/msg/_onboard_computer_status.py\n'}
[0.876962] (px4_msgs) StdoutLine: {'line': b'-- Up-to-date: /home/jmj/pro_asp_ws/ws_px4_controls/install/px4_msgs/local/lib/python3.10/dist-packages/px4_msgs/msg/_register_ext_component_request_s.c\n'}
[0.876994] (px4_msgs) StdoutLine: {'line': b'-- Up-to-date: /home/jmj/pro_asp_ws/ws_px4_controls/install/px4_msgs/local/lib/python3.10/dist-packages/px4_msgs/msg/_estimator_states_s.c\n'}
[0.877035] (px4_msgs) StdoutLine: {'line': b'-- Up-to-date: /home/jmj/pro_asp_ws/ws_px4_controls/install/px4_msgs/local/lib/python3.10/dist-packages/px4_msgs/msg/_sensor_gyro_fifo.py\n'}
[0.877076] (px4_msgs) StdoutLine: {'line': b'-- Up-to-date: /home/jmj/pro_asp_ws/ws_px4_controls/install/px4_msgs/local/lib/python3.10/dist-packages/px4_msgs/msg/_gps_dump_s.c\n'}
[0.877127] (px4_msgs) StdoutLine: {'line': b'-- Up-to-date: /home/jmj/pro_asp_ws/ws_px4_controls/install/px4_msgs/local/lib/python3.10/dist-packages/px4_msgs/msg/_vehicle_torque_setpoint_s.c\n'}
[0.877171] (px4_msgs) StdoutLine: {'line': b'-- Up-to-date: /home/jmj/pro_asp_ws/ws_px4_controls/install/px4_msgs/local/lib/python3.10/dist-packages/px4_msgs/msg/_gimbal_device_set_attitude_s.c\n'}
[0.877199] (px4_msgs) StdoutLine: {'line': b'-- Up-to-date: /home/jmj/pro_asp_ws/ws_px4_controls/install/px4_msgs/local/lib/python3.10/dist-packages/px4_msgs/msg/_fuel_tank_status.py\n'}
[0.877228] (px4_msgs) StdoutLine: {'line': b'-- Up-to-date: /home/jmj/pro_asp_ws/ws_px4_controls/install/px4_msgs/local/lib/python3.10/dist-packages/px4_msgs/msg/_sensor_gyro_fifo_s.c\n'}
[0.877257] (px4_msgs) StdoutLine: {'line': b'-- Up-to-date: /home/jmj/pro_asp_ws/ws_px4_controls/install/px4_msgs/local/lib/python3.10/dist-packages/px4_msgs/msg/_landing_target_pose.py\n'}
[0.877304] (px4_msgs) StdoutLine: {'line': b'-- Up-to-date: /home/jmj/pro_asp_ws/ws_px4_controls/install/px4_msgs/local/lib/python3.10/dist-packages/px4_msgs/msg/_action_request.py\n'}
[0.877339] (px4_msgs) StdoutLine: {'line': b'-- Up-to-date: /home/jmj/pro_asp_ws/ws_px4_controls/install/px4_msgs/local/lib/python3.10/dist-packages/px4_msgs/msg/_power_button_state.py\n'}
[0.877374] (px4_msgs) StdoutLine: {'line': b'-- Up-to-date: /home/jmj/pro_asp_ws/ws_px4_controls/install/px4_msgs/local/lib/python3.10/dist-packages/px4_msgs/msg/_follow_target_s.c\n'}
[0.877412] (px4_msgs) StdoutLine: {'line': b'-- Up-to-date: /home/jmj/pro_asp_ws/ws_px4_controls/install/px4_msgs/local/lib/python3.10/dist-packages/px4_msgs/msg/_vehicle_constraints.py\n'}
[0.877446] (px4_msgs) StdoutLine: {'line': b'-- Up-to-date: /home/jmj/pro_asp_ws/ws_px4_controls/install/px4_msgs/local/lib/python3.10/dist-packages/px4_msgs/msg/_rc_parameter_map_s.c\n'}
[0.877482] (px4_msgs) StdoutLine: {'line': b'-- Up-to-date: /home/jmj/pro_asp_ws/ws_px4_controls/install/px4_msgs/local/lib/python3.10/dist-packages/px4_msgs/msg/_actuator_servos_s.c\n'}
[0.877517] (px4_msgs) StdoutLine: {'line': b'-- Up-to-date: /home/jmj/pro_asp_ws/ws_px4_controls/install/px4_msgs/local/lib/python3.10/dist-packages/px4_msgs/msg/_estimator_innovations_s.c\n'}
[0.877565] (px4_msgs) StdoutLine: {'line': b'-- Up-to-date: /home/jmj/pro_asp_ws/ws_px4_controls/install/px4_msgs/local/lib/python3.10/dist-packages/px4_msgs/msg/_open_drone_id_system_s.c\n'}
[0.877661] (px4_msgs) StdoutLine: {'line': b'-- Up-to-date: /home/jmj/pro_asp_ws/ws_px4_controls/install/px4_msgs/local/lib/python3.10/dist-packages/px4_msgs/msg/_actuator_armed.py\n'}
[0.877717] (px4_msgs) StdoutLine: {'line': b'-- Up-to-date: /home/jmj/pro_asp_ws/ws_px4_controls/install/px4_msgs/local/lib/python3.10/dist-packages/px4_msgs/msg/_position_controller_status.py\n'}
[0.877769] (px4_msgs) StdoutLine: {'line': b'-- Up-to-date: /home/jmj/pro_asp_ws/ws_px4_controls/install/px4_msgs/local/lib/python3.10/dist-packages/px4_msgs/msg/_failsafe_flags.py\n'}
[0.877814] (px4_msgs) StdoutLine: {'line': b'-- Up-to-date: /home/jmj/pro_asp_ws/ws_px4_controls/install/px4_msgs/local/lib/python3.10/dist-packages/px4_msgs/msg/_adc_report_s.c\n'}
[0.877870] (px4_msgs) StdoutLine: {'line': b'-- Up-to-date: /home/jmj/pro_asp_ws/ws_px4_controls/install/px4_msgs/local/lib/python3.10/dist-packages/px4_msgs/msg/_figure_eight_status.py\n'}
[0.877912] (px4_msgs) StdoutLine: {'line': b'-- Up-to-date: /home/jmj/pro_asp_ws/ws_px4_controls/install/px4_msgs/local/lib/python3.10/dist-packages/px4_msgs/msg/_estimator_selector_status.py\n'}
[0.877945] (px4_msgs) StdoutLine: {'line': b'-- Up-to-date: /home/jmj/pro_asp_ws/ws_px4_controls/install/px4_msgs/local/lib/python3.10/dist-packages/px4_msgs/msg/_vehicle_imu.py\n'}
[0.877978] (px4_msgs) StdoutLine: {'line': b'-- Up-to-date: /home/jmj/pro_asp_ws/ws_px4_controls/install/px4_msgs/local/lib/python3.10/dist-packages/px4_msgs/msg/_sensor_gyro_fft.py\n'}
[0.878013] (px4_msgs) StdoutLine: {'line': b'-- Up-to-date: /home/jmj/pro_asp_ws/ws_px4_controls/install/px4_msgs/local/lib/python3.10/dist-packages/px4_msgs/msg/_estimator_gps_status.py\n'}
[0.878049] (px4_msgs) StdoutLine: {'line': b'-- Up-to-date: /home/jmj/pro_asp_ws/ws_px4_controls/install/px4_msgs/local/lib/python3.10/dist-packages/px4_msgs/msg/_dataman_request.py\n'}
[0.878084] (px4_msgs) StdoutLine: {'line': b'-- Up-to-date: /home/jmj/pro_asp_ws/ws_px4_controls/install/px4_msgs/local/lib/python3.10/dist-packages/px4_msgs/msg/_magnetometer_bias_estimate.py\n'}
[0.878121] (px4_msgs) StdoutLine: {'line': b'-- Up-to-date: /home/jmj/pro_asp_ws/ws_px4_controls/install/px4_msgs/local/lib/python3.10/dist-packages/px4_msgs/msg/_vtol_vehicle_status.py\n'}
[0.878146] (px4_msgs) StdoutLine: {'line': b'-- Up-to-date: /home/jmj/pro_asp_ws/ws_px4_controls/install/px4_msgs/local/lib/python3.10/dist-packages/px4_msgs/msg/_autotune_attitude_control_status.py\n'}
[0.878168] (px4_msgs) StdoutLine: {'line': b'-- Up-to-date: /home/jmj/pro_asp_ws/ws_px4_controls/install/px4_msgs/local/lib/python3.10/dist-packages/px4_msgs/msg/_actuator_test_s.c\n'}
[0.878191] (px4_msgs) StdoutLine: {'line': b'-- Up-to-date: /home/jmj/pro_asp_ws/ws_px4_controls/install/px4_msgs/local/lib/python3.10/dist-packages/px4_msgs/msg/_gimbal_manager_set_manual_control.py\n'}
[0.878215] (px4_msgs) StdoutLine: {'line': b'-- Up-to-date: /home/jmj/pro_asp_ws/ws_px4_controls/install/px4_msgs/local/lib/python3.10/dist-packages/px4_msgs/msg/_parameter_set_value_request_s.c\n'}
[0.878263] (px4_msgs) StdoutLine: {'line': b'-- Up-to-date: /home/jmj/pro_asp_ws/ws_px4_controls/install/px4_msgs/local/lib/python3.10/dist-packages/px4_msgs/msg/_gimbal_device_set_attitude.py\n'}
[0.878303] (px4_msgs) StdoutLine: {'line': b'-- Up-to-date: /home/jmj/pro_asp_ws/ws_px4_controls/install/px4_msgs/local/lib/python3.10/dist-packages/px4_msgs/msg/_vehicle_rates_setpoint.py\n'}
[0.878341] (px4_msgs) StdoutLine: {'line': b'-- Up-to-date: /home/jmj/pro_asp_ws/ws_px4_controls/install/px4_msgs/local/lib/python3.10/dist-packages/px4_msgs/msg/_landing_gear_s.c\n'}
[0.878383] (px4_msgs) StdoutLine: {'line': b'-- Up-to-date: /home/jmj/pro_asp_ws/ws_px4_controls/install/px4_msgs/local/lib/python3.10/dist-packages/px4_msgs/msg/_open_drone_id_self_id.py\n'}
[0.878433] (px4_msgs) StdoutLine: {'line': b'-- Up-to-date: /home/jmj/pro_asp_ws/ws_px4_controls/install/px4_msgs/local/lib/python3.10/dist-packages/px4_msgs/msg/_logger_status_s.c\n'}
[0.878480] (px4_msgs) StdoutLine: {'line': b'-- Up-to-date: /home/jmj/pro_asp_ws/ws_px4_controls/install/px4_msgs/local/lib/python3.10/dist-packages/px4_msgs/msg/_actuator_motors.py\n'}
[0.878552] (px4_msgs) StdoutLine: {'line': b'-- Up-to-date: /home/jmj/pro_asp_ws/ws_px4_controls/install/px4_msgs/local/lib/python3.10/dist-packages/px4_msgs/msg/_position_setpoint_s.c\n'}
[0.878597] (px4_msgs) StdoutLine: {'line': b'-- Up-to-date: /home/jmj/pro_asp_ws/ws_px4_controls/install/px4_msgs/local/lib/python3.10/dist-packages/px4_msgs/msg/_collision_constraints.py\n'}
[0.878633] (px4_msgs) StdoutLine: {'line': b'-- Up-to-date: /home/jmj/pro_asp_ws/ws_px4_controls/install/px4_msgs/local/lib/python3.10/dist-packages/px4_msgs/msg/_vehicle_angular_acceleration_setpoint_s.c\n'}
[0.878660] (px4_msgs) StdoutLine: {'line': b'-- Up-to-date: /home/jmj/pro_asp_ws/ws_px4_controls/install/px4_msgs/local/lib/python3.10/dist-packages/px4_msgs/msg/_sensor_accel_fifo_s.c\n'}
[0.878689] (px4_msgs) StdoutLine: {'line': b'-- Up-to-date: /home/jmj/pro_asp_ws/ws_px4_controls/install/px4_msgs/local/lib/python3.10/dist-packages/px4_msgs/msg/_sensor_optical_flow.py\n'}
[0.878725] (px4_msgs) StdoutLine: {'line': b'-- Up-to-date: /home/jmj/pro_asp_ws/ws_px4_controls/install/px4_msgs/local/lib/python3.10/dist-packages/px4_msgs/msg/_event_s.c\n'}
[0.878837] (px4_msgs) StdoutLine: {'line': b'-- Up-to-date: /home/jmj/pro_asp_ws/ws_px4_controls/install/px4_msgs/local/lib/python3.10/dist-packages/px4_msgs/msg/_manual_control_setpoint.py\n'}
[0.878885] (px4_msgs) StdoutLine: {'line': b'-- Up-to-date: /home/jmj/pro_asp_ws/ws_px4_controls/install/px4_msgs/local/lib/python3.10/dist-packages/px4_msgs/msg/_vehicle_magnetometer.py\n'}
[0.878913] (px4_msgs) StdoutLine: {'line': b'-- Up-to-date: /home/jmj/pro_asp_ws/ws_px4_controls/install/px4_msgs/local/lib/python3.10/dist-packages/px4_msgs/msg/_satellite_info.py\n'}
[0.878944] (px4_msgs) StdoutLine: {'line': b'-- Up-to-date: /home/jmj/pro_asp_ws/ws_px4_controls/install/px4_msgs/local/lib/python3.10/dist-packages/px4_msgs/msg/_event.py\n'}
[0.878969] (px4_msgs) StdoutLine: {'line': b'-- Up-to-date: /home/jmj/pro_asp_ws/ws_px4_controls/install/px4_msgs/local/lib/python3.10/dist-packages/px4_msgs/msg/_differential_pressure_s.c\n'}
[0.878995] (px4_msgs) StdoutLine: {'line': b'-- Up-to-date: /home/jmj/pro_asp_ws/ws_px4_controls/install/px4_msgs/local/lib/python3.10/dist-packages/px4_msgs/msg/_gpio_out.py\n'}
[0.879019] (px4_msgs) StdoutLine: {'line': b'-- Up-to-date: /home/jmj/pro_asp_ws/ws_px4_controls/install/px4_msgs/local/lib/python3.10/dist-packages/px4_msgs/msg/_orbit_status_s.c\n'}
[0.879045] (px4_msgs) StdoutLine: {'line': b'-- Up-to-date: /home/jmj/pro_asp_ws/ws_px4_controls/install/px4_msgs/local/lib/python3.10/dist-packages/px4_msgs/msg/_config_overrides.py\n'}
[0.879070] (px4_msgs) StdoutLine: {'line': b'-- Up-to-date: /home/jmj/pro_asp_ws/ws_px4_controls/install/px4_msgs/local/lib/python3.10/dist-packages/px4_msgs/msg/_parameter_update_s.c\n'}
[0.879095] (px4_msgs) StdoutLine: {'line': b'-- Up-to-date: /home/jmj/pro_asp_ws/ws_px4_controls/install/px4_msgs/local/lib/python3.10/dist-packages/px4_msgs/msg/_irlock_report_s.c\n'}
[0.879121] (px4_msgs) StdoutLine: {'line': b'-- Up-to-date: /home/jmj/pro_asp_ws/ws_px4_controls/install/px4_msgs/local/lib/python3.10/dist-packages/px4_msgs/msg/_camera_trigger.py\n'}
[0.879152] (px4_msgs) StdoutLine: {'line': b'-- Up-to-date: /home/jmj/pro_asp_ws/ws_px4_controls/install/px4_msgs/local/lib/python3.10/dist-packages/px4_msgs/msg/_vehicle_land_detected.py\n'}
[0.879180] (px4_msgs) StdoutLine: {'line': b'-- Up-to-date: /home/jmj/pro_asp_ws/ws_px4_controls/install/px4_msgs/local/lib/python3.10/dist-packages/px4_msgs/msg/_fixed_wing_longitudinal_setpoint.py\n'}
[0.879218] (px4_msgs) StdoutLine: {'line': b'-- Up-to-date: /home/jmj/pro_asp_ws/ws_px4_controls/install/px4_msgs/local/lib/python3.10/dist-packages/px4_msgs/msg/_estimator_aid_source3d_s.c\n'}
[0.879251] (px4_msgs) StdoutLine: {'line': b'-- Up-to-date: /home/jmj/pro_asp_ws/ws_px4_controls/install/px4_msgs/local/lib/python3.10/dist-packages/px4_msgs/msg/_internal_combustion_engine_status_s.c\n'}
[0.879288] (px4_msgs) StdoutLine: {'line': b'-- Up-to-date: /home/jmj/pro_asp_ws/ws_px4_controls/install/px4_msgs/local/lib/python3.10/dist-packages/px4_msgs/msg/_launch_detection_status.py\n'}
[0.879478] (px4_msgs) StdoutLine: {'line': b'-- Up-to-date: /home/jmj/pro_asp_ws/ws_px4_controls/install/px4_msgs/local/lib/python3.10/dist-packages/px4_msgs/msg/_qshell_req_s.c\n'}
[0.879574] (px4_msgs) StdoutLine: {'line': b'-- Up-to-date: /home/jmj/pro_asp_ws/ws_px4_controls/install/px4_msgs/local/lib/python3.10/dist-packages/px4_msgs/msg/_landing_gear.py\n'}
[0.879667] (px4_msgs) StdoutLine: {'line': b'-- Up-to-date: /home/jmj/pro_asp_ws/ws_px4_controls/install/px4_msgs/local/lib/python3.10/dist-packages/px4_msgs/msg/_parameter_set_used_request_s.c\n'}
[0.879753] (px4_msgs) StdoutLine: {'line': b'-- Up-to-date: /home/jmj/pro_asp_ws/ws_px4_controls/install/px4_msgs/local/lib/python3.10/dist-packages/px4_msgs/msg/_flight_phase_estimation.py\n'}
[0.879846] (px4_msgs) StdoutLine: {'line': b'-- Up-to-date: /home/jmj/pro_asp_ws/ws_px4_controls/install/px4_msgs/local/lib/python3.10/dist-packages/px4_msgs/msg/_rover_velocity_status.py\n'}
[0.879950] (px4_msgs) StdoutLine: {'line': b'-- Up-to-date: /home/jmj/pro_asp_ws/ws_px4_controls/install/px4_msgs/local/lib/python3.10/dist-packages/px4_msgs/msg/_vehicle_attitude.py\n'}
[0.880017] (px4_msgs) StdoutLine: {'line': b'-- Up-to-date: /home/jmj/pro_asp_ws/ws_px4_controls/install/px4_msgs/local/lib/python3.10/dist-packages/px4_msgs/msg/_takeoff_status_s.c\n'}
[0.880080] (px4_msgs) StdoutLine: {'line': b'-- Up-to-date: /home/jmj/pro_asp_ws/ws_px4_controls/install/px4_msgs/local/lib/python3.10/dist-packages/px4_msgs/msg/_vehicle_acceleration.py\n'}
[0.880144] (px4_msgs) StdoutLine: {'line': b'-- Up-to-date: /home/jmj/pro_asp_ws/ws_px4_controls/install/px4_msgs/local/lib/python3.10/dist-packages/px4_msgs/msg/_vehicle_status_s.c\n'}
[0.880209] (px4_msgs) StdoutLine: {'line': b'-- Up-to-date: /home/jmj/pro_asp_ws/ws_px4_controls/install/px4_msgs/local/lib/python3.10/dist-packages/px4_msgs/msg/_vehicle_optical_flow.py\n'}
[0.880278] (px4_msgs) StdoutLine: {'line': b'-- Up-to-date: /home/jmj/pro_asp_ws/ws_px4_controls/install/px4_msgs/local/lib/python3.10/dist-packages/px4_msgs/msg/_can_interface_status_s.c\n'}
[0.880358] (px4_msgs) StdoutLine: {'line': b'-- Up-to-date: /home/jmj/pro_asp_ws/ws_px4_controls/install/px4_msgs/local/lib/python3.10/dist-packages/px4_msgs/msg/_velocity_limits_s.c\n'}
[0.880469] (px4_msgs) StdoutLine: {'line': b'-- Up-to-date: /home/jmj/pro_asp_ws/ws_px4_controls/install/px4_msgs/local/lib/python3.10/dist-packages/px4_msgs/msg/_parameter_set_used_request.py\n'}
[0.880556] (px4_msgs) StdoutLine: {'line': b'-- Up-to-date: /home/jmj/pro_asp_ws/ws_px4_controls/install/px4_msgs/local/lib/python3.10/dist-packages/px4_msgs/msg/_pps_capture_s.c\n'}
[0.880661] (px4_msgs) StdoutLine: {'line': b'-- Up-to-date: /home/jmj/pro_asp_ws/ws_px4_controls/install/px4_msgs/local/lib/python3.10/dist-packages/px4_msgs/msg/_landing_gear_wheel_s.c\n'}
[0.880742] (px4_msgs) StdoutLine: {'line': b'-- Up-to-date: /home/jmj/pro_asp_ws/ws_px4_controls/install/px4_msgs/local/lib/python3.10/dist-packages/px4_msgs/msg/_yaw_estimator_status.py\n'}
[0.880827] (px4_msgs) StdoutLine: {'line': b'-- Up-to-date: /home/jmj/pro_asp_ws/ws_px4_controls/install/px4_msgs/local/lib/python3.10/dist-packages/px4_msgs/msg/_sensor_baro_s.c\n'}
[0.880894] (px4_msgs) StdoutLine: {'line': b'-- Up-to-date: /home/jmj/pro_asp_ws/ws_px4_controls/install/px4_msgs/local/lib/python3.10/dist-packages/px4_msgs/msg/_gps_inject_data.py\n'}
[0.880996] (px4_msgs) StdoutLine: {'line': b'-- Up-to-date: /home/jmj/pro_asp_ws/ws_px4_controls/install/px4_msgs/local/lib/python3.10/dist-packages/px4_msgs/msg/_estimator_aid_source1d.py\n'}
[0.881033] (px4_msgs) StdoutLine: {'line': b'-- Up-to-date: /home/jmj/pro_asp_ws/ws_px4_controls/install/px4_msgs/local/lib/python3.10/dist-packages/px4_msgs/msg/_vehicle_imu_s.c\n'}
[0.881059] (px4_msgs) StdoutLine: {'line': b'-- Up-to-date: /home/jmj/pro_asp_ws/ws_px4_controls/install/px4_msgs/local/lib/python3.10/dist-packages/px4_msgs/msg/_vehicle_optical_flow_vel_s.c\n'}
[0.881083] (px4_msgs) StdoutLine: {'line': b'-- Up-to-date: /home/jmj/pro_asp_ws/ws_px4_controls/install/px4_msgs/local/lib/python3.10/dist-packages/px4_msgs/msg/_gimbal_manager_set_attitude_s.c\n'}
[0.881106] (px4_msgs) StdoutLine: {'line': b'-- Up-to-date: /home/jmj/pro_asp_ws/ws_px4_controls/install/px4_msgs/local/lib/python3.10/dist-packages/px4_msgs/msg/_sensor_correction_s.c\n'}
[0.881128] (px4_msgs) StdoutLine: {'line': b'-- Up-to-date: /home/jmj/pro_asp_ws/ws_px4_controls/install/px4_msgs/local/lib/python3.10/dist-packages/px4_msgs/msg/_vehicle_angular_acceleration_setpoint.py\n'}
[0.881158] (px4_msgs) StdoutLine: {'line': b'-- Up-to-date: /home/jmj/pro_asp_ws/ws_px4_controls/install/px4_msgs/local/lib/python3.10/dist-packages/px4_msgs/msg/_follow_target_estimator_s.c\n'}
[0.881183] (px4_msgs) StdoutLine: {'line': b'-- Up-to-date: /home/jmj/pro_asp_ws/ws_px4_controls/install/px4_msgs/local/lib/python3.10/dist-packages/px4_msgs/msg/_onboard_computer_status_s.c\n'}
[0.881219] (px4_msgs) StdoutLine: {'line': b'-- Up-to-date: /home/jmj/pro_asp_ws/ws_px4_controls/install/px4_msgs/local/lib/python3.10/dist-packages/px4_msgs/msg/_collision_constraints_s.c\n'}
[0.881329] (px4_msgs) StdoutLine: {'line': b'-- Up-to-date: /home/jmj/pro_asp_ws/ws_px4_controls/install/px4_msgs/local/lib/python3.10/dist-packages/px4_msgs/msg/_sensor_combined_s.c\n'}
[0.881404] (px4_msgs) StdoutLine: {'line': b'-- Up-to-date: /home/jmj/pro_asp_ws/ws_px4_controls/install/px4_msgs/local/lib/python3.10/dist-packages/px4_msgs/msg/_satellite_info_s.c\n'}
[0.881499] (px4_msgs) StdoutLine: {'line': b'-- Up-to-date: /home/jmj/pro_asp_ws/ws_px4_controls/install/px4_msgs/local/lib/python3.10/dist-packages/px4_msgs/msg/_rtl_time_estimate.py\n'}
[0.881565] (px4_msgs) StdoutLine: {'line': b'-- Up-to-date: /home/jmj/pro_asp_ws/ws_px4_controls/install/px4_msgs/local/lib/python3.10/dist-packages/px4_msgs/msg/_pure_pursuit_status_s.c\n'}
[0.881627] (px4_msgs) StdoutLine: {'line': b'-- Up-to-date: /home/jmj/pro_asp_ws/ws_px4_controls/install/px4_msgs/local/lib/python3.10/dist-packages/px4_msgs/msg/_distance_sensor_mode_change_request.py\n'}
[0.881698] (px4_msgs) StdoutLine: {'line': b'-- Up-to-date: /home/jmj/pro_asp_ws/ws_px4_controls/install/px4_msgs/local/lib/python3.10/dist-packages/px4_msgs/msg/_navigator_status_s.c\n'}
[0.881796] (px4_msgs) StdoutLine: {'line': b'-- Up-to-date: /home/jmj/pro_asp_ws/ws_px4_controls/install/px4_msgs/local/lib/python3.10/dist-packages/px4_msgs/msg/_landing_target_innovations.py\n'}
[0.881866] (px4_msgs) StdoutLine: {'line': b'-- Up-to-date: /home/jmj/pro_asp_ws/ws_px4_controls/install/px4_msgs/local/lib/python3.10/dist-packages/px4_msgs/msg/_heater_status.py\n'}
[0.881931] (px4_msgs) StdoutLine: {'line': b'-- Up-to-date: /home/jmj/pro_asp_ws/ws_px4_controls/install/px4_msgs/local/lib/python3.10/dist-packages/px4_msgs/msg/_normalized_unsigned_setpoint.py\n'}
[0.881998] (px4_msgs) StdoutLine: {'line': b'-- Up-to-date: /home/jmj/pro_asp_ws/ws_px4_controls/install/px4_msgs/local/lib/python3.10/dist-packages/px4_msgs/msg/_ulog_stream_ack_s.c\n'}
[0.882090] (px4_msgs) StdoutLine: {'line': b'-- Up-to-date: /home/jmj/pro_asp_ws/ws_px4_controls/install/px4_msgs/local/lib/python3.10/dist-packages/px4_msgs/msg/_fixed_wing_lateral_guidance_status.py\n'}
[0.882171] (px4_msgs) StdoutLine: {'line': b'-- Up-to-date: /home/jmj/pro_asp_ws/ws_px4_controls/install/px4_msgs/local/lib/python3.10/dist-packages/px4_msgs/msg/_sensor_gnss_relative_s.c\n'}
[0.882239] (px4_msgs) StdoutLine: {'line': b'-- Up-to-date: /home/jmj/pro_asp_ws/ws_px4_controls/install/px4_msgs/local/lib/python3.10/dist-packages/px4_msgs/msg/_vehicle_local_position_setpoint_s.c\n'}
[0.882307] (px4_msgs) StdoutLine: {'line': b'-- Up-to-date: /home/jmj/pro_asp_ws/ws_px4_controls/install/px4_msgs/local/lib/python3.10/dist-packages/px4_msgs/msg/_ulog_stream.py\n'}
[0.882369] (px4_msgs) StdoutLine: {'line': b'-- Up-to-date: /home/jmj/pro_asp_ws/ws_px4_controls/install/px4_msgs/local/lib/python3.10/dist-packages/px4_msgs/msg/_rate_ctrl_status.py\n'}
[0.882506] (px4_msgs) StdoutLine: {'line': b'-- Up-to-date: /home/jmj/pro_asp_ws/ws_px4_controls/install/px4_msgs/local/lib/python3.10/dist-packages/px4_msgs/msg/_sensor_hygrometer_s.c\n'}
[0.882648] (px4_msgs) StdoutLine: {'line': b'-- Up-to-date: /home/jmj/pro_asp_ws/ws_px4_controls/install/px4_msgs/local/lib/python3.10/dist-packages/px4_msgs/msg/_task_stack_info.py\n'}
[0.882736] (px4_msgs) StdoutLine: {'line': b'-- Up-to-date: /home/jmj/pro_asp_ws/ws_px4_controls/install/px4_msgs/local/lib/python3.10/dist-packages/px4_msgs/msg/_failure_detector_status.py\n'}
[0.882841] (px4_msgs) StdoutLine: {'line': b'-- Up-to-date: /home/jmj/pro_asp_ws/ws_px4_controls/install/px4_msgs/local/lib/python3.10/dist-packages/px4_msgs/msg/_fixed_wing_lateral_guidance_status_s.c\n'}
[0.882921] (px4_msgs) StdoutLine: {'line': b'-- Up-to-date: /home/jmj/pro_asp_ws/ws_px4_controls/install/px4_msgs/local/lib/python3.10/dist-packages/px4_msgs/msg/_airspeed_s.c\n'}
[0.883003] (px4_msgs) StdoutLine: {'line': b'-- Up-to-date: /home/jmj/pro_asp_ws/ws_px4_controls/install/px4_msgs/local/lib/python3.10/dist-packages/px4_msgs/msg/_open_drone_id_operator_id_s.c\n'}
[0.883081] (px4_msgs) StdoutLine: {'line': b'-- Up-to-date: /home/jmj/pro_asp_ws/ws_px4_controls/install/px4_msgs/local/lib/python3.10/dist-packages/px4_msgs/msg/_cpuload.py\n'}
[0.883193] (px4_msgs) StdoutLine: {'line': b'-- Up-to-date: /home/jmj/pro_asp_ws/ws_px4_controls/install/px4_msgs/local/lib/python3.10/dist-packages/px4_msgs/msg/_mavlink_log_s.c\n'}
[0.883270] (px4_msgs) StdoutLine: {'line': b'-- Up-to-date: /home/jmj/pro_asp_ws/ws_px4_controls/install/px4_msgs/local/lib/python3.10/dist-packages/px4_msgs/msg/_vehicle_odometry_s.c\n'}
[0.883341] (px4_msgs) StdoutLine: {'line': b'-- Up-to-date: /home/jmj/pro_asp_ws/ws_px4_controls/install/px4_msgs/local/lib/python3.10/dist-packages/px4_msgs/msg/_gimbal_device_information.py\n'}
[0.883413] (px4_msgs) StdoutLine: {'line': b'-- Up-to-date: /home/jmj/pro_asp_ws/ws_px4_controls/install/px4_msgs/local/lib/python3.10/dist-packages/px4_msgs/msg/_qshell_retval_s.c\n'}
[0.883495] (px4_msgs) StdoutLine: {'line': b'-- Up-to-date: /home/jmj/pro_asp_ws/ws_px4_controls/install/px4_msgs/local/lib/python3.10/dist-packages/px4_msgs/msg/_takeoff_status.py\n'}
[0.883610] (px4_msgs) StdoutLine: {'line': b'-- Up-to-date: /home/jmj/pro_asp_ws/ws_px4_controls/install/px4_msgs/local/lib/python3.10/dist-packages/px4_msgs/msg/_debug_value_s.c\n'}
[0.883686] (px4_msgs) StdoutLine: {'line': b'-- Up-to-date: /home/jmj/pro_asp_ws/ws_px4_controls/install/px4_msgs/local/lib/python3.10/dist-packages/px4_msgs/msg/_lateral_control_configuration_s.c\n'}
[0.883770] (px4_msgs) StdoutLine: {'line': b'-- Up-to-date: /home/jmj/pro_asp_ws/ws_px4_controls/install/px4_msgs/local/lib/python3.10/dist-packages/px4_msgs/msg/_vehicle_attitude_s.c\n'}
[0.883852] (px4_msgs) StdoutLine: {'line': b'-- Up-to-date: /home/jmj/pro_asp_ws/ws_px4_controls/install/px4_msgs/local/lib/python3.10/dist-packages/px4_msgs/msg/_log_message.py\n'}
[0.883923] (px4_msgs) StdoutLine: {'line': b'-- Up-to-date: /home/jmj/pro_asp_ws/ws_px4_controls/install/px4_msgs/local/lib/python3.10/dist-packages/px4_msgs/msg/_vehicle_air_data_s.c\n'}
[0.884120] (px4_msgs) StdoutLine: {'line': b'-- Up-to-date: /home/jmj/pro_asp_ws/ws_px4_controls/install/px4_msgs/local/lib/python3.10/dist-packages/px4_msgs/msg/_fixed_wing_lateral_status.py\n'}
[0.884224] (px4_msgs) StdoutLine: {'line': b'-- Up-to-date: /home/jmj/pro_asp_ws/ws_px4_controls/install/px4_msgs/local/lib/python3.10/dist-packages/px4_msgs/msg/_rover_rate_setpoint_s.c\n'}
[0.884308] (px4_msgs) StdoutLine: {'line': b'-- Up-to-date: /home/jmj/pro_asp_ws/ws_px4_controls/install/px4_msgs/local/lib/python3.10/dist-packages/px4_msgs/msg/_heater_status_s.c\n'}
[0.884487] (px4_msgs) StdoutLine: {'line': b'-- Up-to-date: /home/jmj/pro_asp_ws/ws_px4_controls/install/px4_msgs/local/lib/python3.10/dist-packages/px4_msgs/msg/_unregister_ext_component_s.c\n'}
[0.884520] (px4_msgs) StdoutLine: {'line': b'-- Up-to-date: /home/jmj/pro_asp_ws/ws_px4_controls/install/px4_msgs/local/lib/python3.10/dist-packages/px4_msgs/msg/_pure_pursuit_status.py\n'}
[0.884544] (px4_msgs) StdoutLine: {'line': b'-- Up-to-date: /home/jmj/pro_asp_ws/ws_px4_controls/install/px4_msgs/local/lib/python3.10/dist-packages/px4_msgs/msg/_ulog_stream_ack.py\n'}
[0.884572] (px4_msgs) StdoutLine: {'line': b'-- Up-to-date: /home/jmj/pro_asp_ws/ws_px4_controls/install/px4_msgs/local/lib/python3.10/dist-packages/px4_msgs/msg/_input_rc.py\n'}
[0.884599] (px4_msgs) StdoutLine: {'line': b'-- Up-to-date: /home/jmj/pro_asp_ws/ws_px4_controls/install/px4_msgs/local/lib/python3.10/dist-packages/px4_msgs/msg/_mavlink_tunnel.py\n'}
[0.884633] (px4_msgs) StdoutLine: {'line': b'-- Up-to-date: /home/jmj/pro_asp_ws/ws_px4_controls/install/px4_msgs/local/lib/python3.10/dist-packages/px4_msgs/msg/_pwm_input.py\n'}
[0.884656] (px4_msgs) StdoutLine: {'line': b'-- Up-to-date: /home/jmj/pro_asp_ws/ws_px4_controls/install/px4_msgs/local/lib/python3.10/dist-packages/px4_msgs/msg/_esc_report.py\n'}
[0.884695] (px4_msgs) StdoutLine: {'line': b'-- Up-to-date: /home/jmj/pro_asp_ws/ws_px4_controls/install/px4_msgs/local/lib/python3.10/dist-packages/px4_msgs/msg/_arming_check_request.py\n'}
[0.884718] (px4_msgs) StdoutLine: {'line': b'-- Up-to-date: /home/jmj/pro_asp_ws/ws_px4_controls/install/px4_msgs/local/lib/python3.10/dist-packages/px4_msgs/msg/_offboard_control_mode.py\n'}
[0.884742] (px4_msgs) StdoutLine: {'line': b'-- Up-to-date: /home/jmj/pro_asp_ws/ws_px4_controls/install/px4_msgs/local/lib/python3.10/dist-packages/px4_msgs/msg/_flight_phase_estimation_s.c\n'}
[0.884785] (px4_msgs) StdoutLine: {'line': b'-- Up-to-date: /home/jmj/pro_asp_ws/ws_px4_controls/install/px4_msgs/local/lib/python3.10/dist-packages/px4_msgs/msg/_gpio_request_s.c\n'}
[0.884808] (px4_msgs) StdoutLine: {'line': b'-- Up-to-date: /home/jmj/pro_asp_ws/ws_px4_controls/install/px4_msgs/local/lib/python3.10/dist-packages/px4_msgs/msg/_power_monitor_s.c\n'}
[0.884831] (px4_msgs) StdoutLine: {'line': b'-- Up-to-date: /home/jmj/pro_asp_ws/ws_px4_controls/install/px4_msgs/local/lib/python3.10/dist-packages/px4_msgs/msg/_orbit_status.py\n'}
[0.884852] (px4_msgs) StdoutLine: {'line': b'-- Up-to-date: /home/jmj/pro_asp_ws/ws_px4_controls/install/px4_msgs/local/lib/python3.10/dist-packages/px4_msgs/msg/_dataman_request_s.c\n'}
[0.884875] (px4_msgs) StdoutLine: {'line': b'-- Up-to-date: /home/jmj/pro_asp_ws/ws_px4_controls/install/px4_msgs/local/lib/python3.10/dist-packages/px4_msgs/msg/_landing_target_innovations_s.c\n'}
[0.884899] (px4_msgs) StdoutLine: {'line': b'-- Up-to-date: /home/jmj/pro_asp_ws/ws_px4_controls/install/px4_msgs/local/lib/python3.10/dist-packages/px4_msgs/msg/_parameter_reset_request_s.c\n'}
[0.884921] (px4_msgs) StdoutLine: {'line': b'-- Up-to-date: /home/jmj/pro_asp_ws/ws_px4_controls/install/px4_msgs/local/lib/python3.10/dist-packages/px4_msgs/msg/_orb_test_medium_s.c\n'}
[0.884944] (px4_msgs) StdoutLine: {'line': b'-- Up-to-date: /home/jmj/pro_asp_ws/ws_px4_controls/install/px4_msgs/local/lib/python3.10/dist-packages/px4_msgs/msg/_landing_gear_wheel.py\n'}
[0.884966] (px4_msgs) StdoutLine: {'line': b'-- Up-to-date: /home/jmj/pro_asp_ws/ws_px4_controls/install/px4_msgs/local/lib/python3.10/dist-packages/px4_msgs/msg/_actuator_servos_trim.py\n'}
[0.884991] (px4_msgs) StdoutLine: {'line': b'-- Up-to-date: /home/jmj/pro_asp_ws/ws_px4_controls/install/px4_msgs/local/lib/python3.10/dist-packages/px4_msgs/msg/_position_setpoint.py\n'}
[0.885014] (px4_msgs) StdoutLine: {'line': b'-- Up-to-date: /home/jmj/pro_asp_ws/ws_px4_controls/install/px4_msgs/local/lib/python3.10/dist-packages/px4_msgs/msg/_rover_throttle_setpoint.py\n'}
[0.885037] (px4_msgs) StdoutLine: {'line': b'-- Up-to-date: /home/jmj/pro_asp_ws/ws_px4_controls/install/px4_msgs/local/lib/python3.10/dist-packages/px4_msgs/msg/_actuator_outputs_s.c\n'}
[0.885060] (px4_msgs) StdoutLine: {'line': b'-- Up-to-date: /home/jmj/pro_asp_ws/ws_px4_controls/install/px4_msgs/local/lib/python3.10/dist-packages/px4_msgs/msg/_fixed_wing_longitudinal_setpoint_s.c\n'}
[0.885087] (px4_msgs) StdoutLine: {'line': b'-- Up-to-date: /home/jmj/pro_asp_ws/ws_px4_controls/install/px4_msgs/local/lib/python3.10/dist-packages/px4_msgs/msg/_radio_status.py\n'}
[0.885118] (px4_msgs) StdoutLine: {'line': b'-- Up-to-date: /home/jmj/pro_asp_ws/ws_px4_controls/install/px4_msgs/local/lib/python3.10/dist-packages/px4_msgs/msg/_fixed_wing_lateral_setpoint.py\n'}
[0.885145] (px4_msgs) StdoutLine: {'line': b'-- Up-to-date: /home/jmj/pro_asp_ws/ws_px4_controls/install/px4_msgs/local/lib/python3.10/dist-packages/px4_msgs/msg/_sensor_baro.py\n'}
[0.885189] (px4_msgs) StdoutLine: {'line': b'-- Up-to-date: /home/jmj/pro_asp_ws/ws_px4_controls/install/px4_msgs/local/lib/python3.10/dist-packages/px4_msgs/msg/_generator_status_s.c\n'}
[0.885215] (px4_msgs) StdoutLine: {'line': b'-- Up-to-date: /home/jmj/pro_asp_ws/ws_px4_controls/install/px4_msgs/local/lib/python3.10/dist-packages/px4_msgs/msg/_vehicle_thrust_setpoint.py\n'}
[0.885240] (px4_msgs) StdoutLine: {'line': b'-- Up-to-date: /home/jmj/pro_asp_ws/ws_px4_controls/install/px4_msgs/local/lib/python3.10/dist-packages/px4_msgs/msg/_mission_result_s.c\n'}
[0.885270] (px4_msgs) StdoutLine: {'line': b'-- Up-to-date: /home/jmj/pro_asp_ws/ws_px4_controls/install/px4_msgs/local/lib/python3.10/dist-packages/px4_msgs/msg/_estimator_status_s.c\n'}
[0.885303] (px4_msgs) StdoutLine: {'line': b'-- Up-to-date: /home/jmj/pro_asp_ws/ws_px4_controls/install/px4_msgs/local/lib/python3.10/dist-packages/px4_msgs/msg/_mavlink_tunnel_s.c\n'}
[0.885466] (px4_msgs) StdoutLine: {'line': b'-- Up-to-date: /home/jmj/pro_asp_ws/ws_px4_controls/install/px4_msgs/local/lib/python3.10/dist-packages/px4_msgs/msg/_vehicle_command_s.c\n'}
[0.885540] (px4_msgs) StdoutLine: {'line': b'-- Up-to-date: /home/jmj/pro_asp_ws/ws_px4_controls/install/px4_msgs/local/lib/python3.10/dist-packages/px4_msgs/msg/_estimator_selector_status_s.c\n'}
[0.885605] (px4_msgs) StdoutLine: {'line': b'-- Up-to-date: /home/jmj/pro_asp_ws/ws_px4_controls/install/px4_msgs/local/lib/python3.10/dist-packages/px4_msgs/msg/_rpm.py\n'}
[0.885666] (px4_msgs) StdoutLine: {'line': b'-- Up-to-date: /home/jmj/pro_asp_ws/ws_px4_controls/install/px4_msgs/local/lib/python3.10/dist-packages/px4_msgs/msg/_px4io_status_s.c\n'}
[0.885828] (px4_msgs) StdoutLine: {'line': b'-- Up-to-date: /home/jmj/pro_asp_ws/ws_px4_controls/install/px4_msgs/local/lib/python3.10/dist-packages/px4_msgs/msg/_vehicle_global_position_s.c\n'}
[0.885881] (px4_msgs) StdoutLine: {'line': b'-- Up-to-date: /home/jmj/pro_asp_ws/ws_px4_controls/install/px4_msgs/local/lib/python3.10/dist-packages/px4_msgs/msg/_estimator_innovations.py\n'}
[0.885908] (px4_msgs) StdoutLine: {'line': b'-- Up-to-date: /home/jmj/pro_asp_ws/ws_px4_controls/install/px4_msgs/local/lib/python3.10/dist-packages/px4_msgs/msg/_gimbal_manager_set_attitude.py\n'}
[0.885931] (px4_msgs) StdoutLine: {'line': b'-- Up-to-date: /home/jmj/pro_asp_ws/ws_px4_controls/install/px4_msgs/local/lib/python3.10/dist-packages/px4_msgs/msg/_mode_completed.py\n'}
[0.885963] (px4_msgs) StdoutLine: {'line': b'-- Up-to-date: /home/jmj/pro_asp_ws/ws_px4_controls/install/px4_msgs/local/lib/python3.10/dist-packages/px4_msgs/msg/_estimator_gps_status_s.c\n'}
[0.885987] (px4_msgs) StdoutLine: {'line': b'-- Up-to-date: /home/jmj/pro_asp_ws/ws_px4_controls/install/px4_msgs/local/lib/python3.10/dist-packages/px4_msgs/msg/_sensor_correction.py\n'}
[0.886012] (px4_msgs) StdoutLine: {'line': b'-- Up-to-date: /home/jmj/pro_asp_ws/ws_px4_controls/install/px4_msgs/local/lib/python3.10/dist-packages/px4_msgs/msg/_vehicle_control_mode.py\n'}
[0.886035] (px4_msgs) StdoutLine: {'line': b'-- Up-to-date: /home/jmj/pro_asp_ws/ws_px4_controls/install/px4_msgs/local/lib/python3.10/dist-packages/px4_msgs/msg/_gimbal_device_attitude_status.py\n'}
[0.886062] (px4_msgs) StdoutLine: {'line': b'-- Up-to-date: /home/jmj/pro_asp_ws/ws_px4_controls/install/px4_msgs/local/lib/python3.10/dist-packages/px4_msgs/msg/_debug_vect_s.c\n'}
[0.886108] (px4_msgs) StdoutLine: {'line': b'-- Up-to-date: /home/jmj/pro_asp_ws/ws_px4_controls/install/px4_msgs/local/lib/python3.10/dist-packages/px4_msgs/msg/_uavcan_parameter_request_s.c\n'}
[0.886134] (px4_msgs) StdoutLine: {'line': b'-- Up-to-date: /home/jmj/pro_asp_ws/ws_px4_controls/install/px4_msgs/local/lib/python3.10/dist-packages/px4_msgs/msg/_estimator_event_flags.py\n'}
[0.886158] (px4_msgs) StdoutLine: {'line': b'-- Up-to-date: /home/jmj/pro_asp_ws/ws_px4_controls/install/px4_msgs/local/lib/python3.10/dist-packages/px4_msgs/msg/_vehicle_rates_setpoint_s.c\n'}
[0.886181] (px4_msgs) StdoutLine: {'line': b'-- Up-to-date: /home/jmj/pro_asp_ws/ws_px4_controls/install/px4_msgs/local/lib/python3.10/dist-packages/px4_msgs/msg/_vehicle_optical_flow_vel.py\n'}
[0.886208] (px4_msgs) StdoutLine: {'line': b'-- Up-to-date: /home/jmj/pro_asp_ws/ws_px4_controls/install/px4_msgs/local/lib/python3.10/dist-packages/px4_msgs/msg/_cellular_status.py\n'}
[0.886229] (px4_msgs) StdoutLine: {'line': b'-- Up-to-date: /home/jmj/pro_asp_ws/ws_px4_controls/install/px4_msgs/local/lib/python3.10/dist-packages/px4_msgs/msg/_vehicle_air_data.py\n'}
[0.886251] (px4_msgs) StdoutLine: {'line': b'-- Up-to-date: /home/jmj/pro_asp_ws/ws_px4_controls/install/px4_msgs/local/lib/python3.10/dist-packages/px4_msgs/msg/_vehicle_status.py\n'}
[0.886272] (px4_msgs) StdoutLine: {'line': b'-- Up-to-date: /home/jmj/pro_asp_ws/ws_px4_controls/install/px4_msgs/local/lib/python3.10/dist-packages/px4_msgs/msg/_sensors_status.py\n'}
[0.886297] (px4_msgs) StdoutLine: {'line': b'-- Up-to-date: /home/jmj/pro_asp_ws/ws_px4_controls/install/px4_msgs/local/lib/python3.10/dist-packages/px4_msgs/msg/_orb_test.py\n'}
[0.886321] (px4_msgs) StdoutLine: {'line': b'-- Up-to-date: /home/jmj/pro_asp_ws/ws_px4_controls/install/px4_msgs/local/lib/python3.10/dist-packages/px4_msgs/msg/_timesync_status.py\n'}
[0.886344] (px4_msgs) StdoutLine: {'line': b'-- Up-to-date: /home/jmj/pro_asp_ws/ws_px4_controls/install/px4_msgs/local/lib/python3.10/dist-packages/px4_msgs/msg/_button_event.py\n'}
[0.886367] (px4_msgs) StdoutLine: {'line': b'-- Up-to-date: /home/jmj/pro_asp_ws/ws_px4_controls/install/px4_msgs/local/lib/python3.10/dist-packages/px4_msgs/msg/_rover_velocity_setpoint_s.c\n'}
[0.886391] (px4_msgs) StdoutLine: {'line': b'-- Up-to-date: /home/jmj/pro_asp_ws/ws_px4_controls/install/px4_msgs/local/lib/python3.10/dist-packages/px4_msgs/msg/_tecs_status_s.c\n'}
[0.886424] (px4_msgs) StdoutLine: {'line': b'-- Up-to-date: /home/jmj/pro_asp_ws/ws_px4_controls/install/px4_msgs/local/lib/python3.10/dist-packages/px4_msgs/msg/_launch_detection_status_s.c\n'}
[0.886446] (px4_msgs) StdoutLine: {'line': b'-- Up-to-date: /home/jmj/pro_asp_ws/ws_px4_controls/install/px4_msgs/local/lib/python3.10/dist-packages/px4_msgs/msg/_vehicle_roi_s.c\n'}
[0.886469] (px4_msgs) StdoutLine: {'line': b'-- Up-to-date: /home/jmj/pro_asp_ws/ws_px4_controls/install/px4_msgs/local/lib/python3.10/dist-packages/px4_msgs/msg/_cellular_status_s.c\n'}
[0.886495] (px4_msgs) StdoutLine: {'line': b'-- Up-to-date: /home/jmj/pro_asp_ws/ws_px4_controls/install/px4_msgs/local/lib/python3.10/dist-packages/px4_msgs/msg/_vehicle_command_ack_s.c\n'}
[0.886519] (px4_msgs) StdoutLine: {'line': b'-- Up-to-date: /home/jmj/pro_asp_ws/ws_px4_controls/install/px4_msgs/local/lib/python3.10/dist-packages/px4_msgs/msg/_esc_status.py\n'}
[0.886553] (px4_msgs) StdoutLine: {'line': b'-- Up-to-date: /home/jmj/pro_asp_ws/ws_px4_controls/install/px4_msgs/local/lib/python3.10/dist-packages/px4_msgs/msg/_obstacle_distance_s.c\n'}
[0.886577] (px4_msgs) StdoutLine: {'line': b'-- Up-to-date: /home/jmj/pro_asp_ws/ws_px4_controls/install/px4_msgs/local/lib/python3.10/dist-packages/px4_msgs/msg/_health_report_s.c\n'}
[0.886601] (px4_msgs) StdoutLine: {'line': b'-- Up-to-date: /home/jmj/pro_asp_ws/ws_px4_controls/install/px4_msgs/local/lib/python3.10/dist-packages/px4_msgs/msg/_transponder_report_s.c\n'}
[0.886624] (px4_msgs) StdoutLine: {'line': b'-- Up-to-date: /home/jmj/pro_asp_ws/ws_px4_controls/install/px4_msgs/local/lib/python3.10/dist-packages/px4_msgs/msg/_magnetometer_bias_estimate_s.c\n'}
[0.886649] (px4_msgs) StdoutLine: {'line': b'-- Up-to-date: /home/jmj/pro_asp_ws/ws_px4_controls/install/px4_msgs/local/lib/python3.10/dist-packages/px4_msgs/msg/_estimator_bias_s.c\n'}
[0.886672] (px4_msgs) StdoutLine: {'line': b'-- Up-to-date: /home/jmj/pro_asp_ws/ws_px4_controls/install/px4_msgs/local/lib/python3.10/dist-packages/px4_msgs/msg/_pwm_input_s.c\n'}
[0.886704] (px4_msgs) StdoutLine: {'line': b'-- Up-to-date: /home/jmj/pro_asp_ws/ws_px4_controls/install/px4_msgs/local/lib/python3.10/dist-packages/px4_msgs/msg/_fixed_wing_runway_control_s.c\n'}
[0.886733] (px4_msgs) StdoutLine: {'line': b'-- Up-to-date: /home/jmj/pro_asp_ws/ws_px4_controls/install/px4_msgs/local/lib/python3.10/dist-packages/px4_msgs/msg/_sensor_gyro_s.c\n'}
[0.886767] (px4_msgs) StdoutLine: {'line': b'-- Up-to-date: /home/jmj/pro_asp_ws/ws_px4_controls/install/px4_msgs/local/lib/python3.10/dist-packages/px4_msgs/msg/_wheel_encoders.py\n'}
[0.886791] (px4_msgs) StdoutLine: {'line': b'-- Up-to-date: /home/jmj/pro_asp_ws/ws_px4_controls/install/px4_msgs/local/lib/python3.10/dist-packages/px4_msgs/msg/_fuel_tank_status_s.c\n'}
[0.886815] (px4_msgs) StdoutLine: {'line': b'-- Up-to-date: /home/jmj/pro_asp_ws/ws_px4_controls/install/px4_msgs/local/lib/python3.10/dist-packages/px4_msgs/msg/_power_button_state_s.c\n'}
[0.886839] (px4_msgs) StdoutLine: {'line': b'-- Up-to-date: /home/jmj/pro_asp_ws/ws_px4_controls/install/px4_msgs/local/lib/python3.10/dist-packages/px4_msgs/msg/_sensor_airflow_s.c\n'}
[0.886865] (px4_msgs) StdoutLine: {'line': b'-- Up-to-date: /home/jmj/pro_asp_ws/ws_px4_controls/install/px4_msgs/local/lib/python3.10/dist-packages/px4_msgs/msg/_gimbal_manager_information_s.c\n'}
[0.886889] (px4_msgs) StdoutLine: {'line': b'-- Up-to-date: /home/jmj/pro_asp_ws/ws_px4_controls/install/px4_msgs/local/lib/python3.10/dist-packages/px4_msgs/msg/_register_ext_component_reply_s.c\n'}
[0.886914] (px4_msgs) StdoutLine: {'line': b'-- Up-to-date: /home/jmj/pro_asp_ws/ws_px4_controls/install/px4_msgs/local/lib/python3.10/dist-packages/px4_msgs/msg/_follow_target_status_s.c\n'}
[0.886937] (px4_msgs) StdoutLine: {'line': b'-- Up-to-date: /home/jmj/pro_asp_ws/ws_px4_controls/install/px4_msgs/local/lib/python3.10/dist-packages/px4_msgs/msg/_rate_ctrl_status_s.c\n'}
[0.886961] (px4_msgs) StdoutLine: {'line': b'-- Up-to-date: /home/jmj/pro_asp_ws/ws_px4_controls/install/px4_msgs/local/lib/python3.10/dist-packages/px4_msgs/msg/_trajectory_setpoint_s.c\n'}
[0.886984] (px4_msgs) StdoutLine: {'line': b'-- Up-to-date: /home/jmj/pro_asp_ws/ws_px4_controls/install/px4_msgs/local/lib/python3.10/dist-packages/px4_msgs/msg/_rover_steering_setpoint.py\n'}
[0.887013] (px4_msgs) StdoutLine: {'line': b'-- Up-to-date: /home/jmj/pro_asp_ws/ws_px4_controls/install/px4_msgs/local/lib/python3.10/dist-packages/px4_msgs/msg/_normalized_unsigned_setpoint_s.c\n'}
[0.887043] (px4_msgs) StdoutLine: {'line': b'-- Up-to-date: /home/jmj/pro_asp_ws/ws_px4_controls/install/px4_msgs/local/lib/python3.10/dist-packages/px4_msgs/msg/_orb_test_s.c\n'}
[0.887072] (px4_msgs) StdoutLine: {'line': b'-- Up-to-date: /home/jmj/pro_asp_ws/ws_px4_controls/install/px4_msgs/local/lib/python3.10/dist-packages/px4_msgs/msg/_navigator_mission_item.py\n'}
[0.887103] (px4_msgs) StdoutLine: {'line': b'-- Up-to-date: /home/jmj/pro_asp_ws/ws_px4_controls/install/px4_msgs/local/lib/python3.10/dist-packages/px4_msgs/msg/_vehicle_imu_status_s.c\n'}
[0.887132] (px4_msgs) StdoutLine: {'line': b'-- Up-to-date: /home/jmj/pro_asp_ws/ws_px4_controls/install/px4_msgs/local/lib/python3.10/dist-packages/px4_msgs/msg/_actuator_controls_status_s.c\n'}
[0.887161] (px4_msgs) StdoutLine: {'line': b'-- Up-to-date: /home/jmj/pro_asp_ws/ws_px4_controls/install/px4_msgs/local/lib/python3.10/dist-packages/px4_msgs/msg/_pps_capture.py\n'}
[0.887193] (px4_msgs) StdoutLine: {'line': b'-- Up-to-date: /home/jmj/pro_asp_ws/ws_px4_controls/install/px4_msgs/local/lib/python3.10/dist-packages/px4_msgs/msg/_rc_channels.py\n'}
[0.887225] (px4_msgs) StdoutLine: {'line': b'-- Up-to-date: /home/jmj/pro_asp_ws/ws_px4_controls/install/px4_msgs/local/lib/python3.10/dist-packages/px4_msgs/msg/_task_stack_info_s.c\n'}
[0.887254] (px4_msgs) StdoutLine: {'line': b'-- Up-to-date: /home/jmj/pro_asp_ws/ws_px4_controls/install/px4_msgs/local/lib/python3.10/dist-packages/px4_msgs/msg/_estimator_aid_source2d_s.c\n'}
[0.887281] (px4_msgs) StdoutLine: {'line': b'-- Up-to-date: /home/jmj/pro_asp_ws/ws_px4_controls/install/px4_msgs/local/lib/python3.10/dist-packages/px4_msgs/msg/_uavcan_parameter_request.py\n'}
[0.887328] (px4_msgs) StdoutLine: {'line': b'-- Up-to-date: /home/jmj/pro_asp_ws/ws_px4_controls/install/px4_msgs/local/lib/python3.10/dist-packages/px4_msgs/msg/_rc_parameter_map.py\n'}
[0.887358] (px4_msgs) StdoutLine: {'line': b'-- Up-to-date: /home/jmj/pro_asp_ws/ws_px4_controls/install/px4_msgs/local/lib/python3.10/dist-packages/px4_msgs/msg/_system_power.py\n'}
[0.887383] (px4_msgs) StdoutLine: {'line': b'-- Up-to-date: /home/jmj/pro_asp_ws/ws_px4_controls/install/px4_msgs/local/lib/python3.10/dist-packages/px4_msgs/msg/_estimator_event_flags_s.c\n'}
[0.887408] (px4_msgs) StdoutLine: {'line': b'-- Up-to-date: /home/jmj/pro_asp_ws/ws_px4_controls/install/px4_msgs/local/lib/python3.10/dist-packages/px4_msgs/msg/_position_controller_status_s.c\n'}
[0.887437] (px4_msgs) StdoutLine: {'line': b'-- Up-to-date: /home/jmj/pro_asp_ws/ws_px4_controls/install/px4_msgs/local/lib/python3.10/dist-packages/px4_msgs/msg/_longitudinal_control_configuration.py\n'}
[0.887464] (px4_msgs) StdoutLine: {'line': b'-- Up-to-date: /home/jmj/pro_asp_ws/ws_px4_controls/install/px4_msgs/local/lib/python3.10/dist-packages/px4_msgs/msg/_lateral_control_configuration.py\n'}
[0.887489] (px4_msgs) StdoutLine: {'line': b'-- Up-to-date: /home/jmj/pro_asp_ws/ws_px4_controls/install/px4_msgs/local/lib/python3.10/dist-packages/px4_msgs/msg/_position_controller_landing_status_s.c\n'}
[0.887543] (px4_msgs) StdoutLine: {'line': b'-- Up-to-date: /home/jmj/pro_asp_ws/ws_px4_controls/install/px4_msgs/local/lib/python3.10/dist-packages/px4_msgs/msg/_vehicle_imu_status.py\n'}
[0.887571] (px4_msgs) StdoutLine: {'line': b'-- Up-to-date: /home/jmj/pro_asp_ws/ws_px4_controls/install/px4_msgs/local/lib/python3.10/dist-packages/px4_msgs/msg/_manual_control_switches.py\n'}
[0.887596] (px4_msgs) StdoutLine: {'line': b'-- Up-to-date: /home/jmj/pro_asp_ws/ws_px4_controls/install/px4_msgs/local/lib/python3.10/dist-packages/px4_msgs/msg/_vehicle_angular_velocity_s.c\n'}
[0.887632] (px4_msgs) StdoutLine: {'line': b'-- Up-to-date: /home/jmj/pro_asp_ws/ws_px4_controls/install/px4_msgs/local/lib/python3.10/dist-packages/px4_msgs/msg/_estimator_aid_source3d.py\n'}
[0.887666] (px4_msgs) StdoutLine: {'line': b'-- Up-to-date: /home/jmj/pro_asp_ws/ws_px4_controls/install/px4_msgs/local/lib/python3.10/dist-packages/px4_msgs/msg/_mission_s.c\n'}
[0.887693] (px4_msgs) StdoutLine: {'line': b'-- Up-to-date: /home/jmj/pro_asp_ws/ws_px4_controls/install/px4_msgs/local/lib/python3.10/dist-packages/px4_msgs/msg/_debug_key_value.py\n'}
[0.887718] (px4_msgs) StdoutLine: {'line': b'-- Up-to-date: /home/jmj/pro_asp_ws/ws_px4_controls/install/px4_msgs/local/lib/python3.10/dist-packages/px4_msgs/msg/_radio_status_s.c\n'}
[0.887742] (px4_msgs) StdoutLine: {'line': b'-- Up-to-date: /home/jmj/pro_asp_ws/ws_px4_controls/install/px4_msgs/local/lib/python3.10/dist-packages/px4_msgs/msg/_generator_status.py\n'}
[0.887775] (px4_msgs) StdoutLine: {'line': b'-- Up-to-date: /home/jmj/pro_asp_ws/ws_px4_controls/install/px4_msgs/local/lib/python3.10/dist-packages/px4_msgs/msg/_vehicle_command_ack.py\n'}
[0.887802] (px4_msgs) StdoutLine: {'line': b'-- Up-to-date: /home/jmj/pro_asp_ws/ws_px4_controls/install/px4_msgs/local/lib/python3.10/dist-packages/px4_msgs/msg/_landing_target_pose_s.c\n'}
[0.887846] (px4_msgs) StdoutLine: {'line': b'-- Up-to-date: /home/jmj/pro_asp_ws/ws_px4_controls/install/px4_msgs/local/lib/python3.10/dist-packages/px4_msgs/msg/_mission.py\n'}
[0.887872] (px4_msgs) StdoutLine: {'line': b'-- Up-to-date: /home/jmj/pro_asp_ws/ws_px4_controls/install/px4_msgs/local/lib/python3.10/dist-packages/px4_msgs/msg/_estimator_status.py\n'}
[0.887895] (px4_msgs) StdoutLine: {'line': b'-- Up-to-date: /home/jmj/pro_asp_ws/ws_px4_controls/install/px4_msgs/local/lib/python3.10/dist-packages/px4_msgs/msg/_gimbal_controls.py\n'}
[0.887918] (px4_msgs) StdoutLine: {'line': b'-- Up-to-date: /home/jmj/pro_asp_ws/ws_px4_controls/install/px4_msgs/local/lib/python3.10/dist-packages/px4_msgs/msg/_longitudinal_control_configuration_s.c\n'}
[0.887940] (px4_msgs) StdoutLine: {'line': b'-- Up-to-date: /home/jmj/pro_asp_ws/ws_px4_controls/install/px4_msgs/local/lib/python3.10/dist-packages/px4_msgs/msg/_health_report.py\n'}
[0.887963] (px4_msgs) StdoutLine: {'line': b'-- Up-to-date: /home/jmj/pro_asp_ws/ws_px4_controls/install/px4_msgs/local/lib/python3.10/dist-packages/px4_msgs/msg/_uavcan_parameter_value_s.c\n'}
[0.887998] (px4_msgs) StdoutLine: {'line': b'-- Up-to-date: /home/jmj/pro_asp_ws/ws_px4_controls/install/px4_msgs/local/lib/python3.10/dist-packages/px4_msgs/msg/_debug_key_value_s.c\n'}
[0.888024] (px4_msgs) StdoutLine: {'line': b'-- Up-to-date: /home/jmj/pro_asp_ws/ws_px4_controls/install/px4_msgs/local/lib/python3.10/dist-packages/px4_msgs/msg/_mag_worker_data.py\n'}
[0.888050] (px4_msgs) StdoutLine: {'line': b'-- Up-to-date: /home/jmj/pro_asp_ws/ws_px4_controls/install/px4_msgs/local/lib/python3.10/dist-packages/px4_msgs/msg/_message_format_request_s.c\n'}
[0.888078] (px4_msgs) StdoutLine: {'line': b'-- Up-to-date: /home/jmj/pro_asp_ws/ws_px4_controls/install/px4_msgs/local/lib/python3.10/dist-packages/px4_msgs/msg/_gpio_in.py\n'}
[0.888119] (px4_msgs) StdoutLine: {'line': b'-- Up-to-date: /home/jmj/pro_asp_ws/ws_px4_controls/install/px4_msgs/local/lib/python3.10/dist-packages/px4_msgs/msg/_tune_control.py\n'}
[0.888147] (px4_msgs) StdoutLine: {'line': b'-- Up-to-date: /home/jmj/pro_asp_ws/ws_px4_controls/install/px4_msgs/local/lib/python3.10/dist-packages/px4_msgs/msg/_rc_channels_s.c\n'}
[0.888173] (px4_msgs) StdoutLine: {'line': b'-- Up-to-date: /home/jmj/pro_asp_ws/ws_px4_controls/install/px4_msgs/local/lib/python3.10/dist-packages/px4_msgs/msg/_estimator_bias3d.py\n'}
[0.888199] (px4_msgs) StdoutLine: {'line': b'-- Up-to-date: /home/jmj/pro_asp_ws/ws_px4_controls/install/px4_msgs/local/lib/python3.10/dist-packages/px4_msgs/msg/_open_drone_id_operator_id.py\n'}
[0.888223] (px4_msgs) StdoutLine: {'line': b'-- Up-to-date: /home/jmj/pro_asp_ws/ws_px4_controls/install/px4_msgs/local/lib/python3.10/dist-packages/px4_msgs/msg/_rover_attitude_setpoint_s.c\n'}
[0.888247] (px4_msgs) StdoutLine: {'line': b'-- Up-to-date: /home/jmj/pro_asp_ws/ws_px4_controls/install/px4_msgs/local/lib/python3.10/dist-packages/px4_msgs/msg/_sensor_mag_s.c\n'}
[0.888285] (px4_msgs) StdoutLine: {'line': b'-- Up-to-date: /home/jmj/pro_asp_ws/ws_px4_controls/install/px4_msgs/local/lib/python3.10/dist-packages/px4_msgs/msg/_control_allocator_status_s.c\n'}
[0.888310] (px4_msgs) StdoutLine: {'line': b'-- Up-to-date: /home/jmj/pro_asp_ws/ws_px4_controls/install/px4_msgs/local/lib/python3.10/dist-packages/px4_msgs/msg/_sensor_mag.py\n'}
[0.888335] (px4_msgs) StdoutLine: {'line': b'-- Up-to-date: /home/jmj/pro_asp_ws/ws_px4_controls/install/px4_msgs/local/lib/python3.10/dist-packages/px4_msgs/msg/_uavcan_parameter_value.py\n'}
[0.888359] (px4_msgs) StdoutLine: {'line': b'-- Up-to-date: /home/jmj/pro_asp_ws/ws_px4_controls/install/px4_msgs/local/lib/python3.10/dist-packages/px4_msgs/msg/_adc_report.py\n'}
[0.888402] (px4_msgs) StdoutLine: {'line': b'-- Up-to-date: /home/jmj/pro_asp_ws/ws_px4_controls/install/px4_msgs/local/lib/python3.10/dist-packages/px4_msgs/msg/_arming_check_request_s.c\n'}
[0.888428] (px4_msgs) StdoutLine: {'line': b'-- Up-to-date: /home/jmj/pro_asp_ws/ws_px4_controls/install/px4_msgs/local/lib/python3.10/dist-packages/px4_msgs/msg/_rover_rate_status.py\n'}
[0.888453] (px4_msgs) StdoutLine: {'line': b'-- Up-to-date: /home/jmj/pro_asp_ws/ws_px4_controls/install/px4_msgs/local/lib/python3.10/dist-packages/px4_msgs/msg/_irlock_report.py\n'}
[0.888496] (px4_msgs) StdoutLine: {'line': b'-- Up-to-date: /home/jmj/pro_asp_ws/ws_px4_controls/install/px4_msgs/local/lib/python3.10/dist-packages/px4_msgs/msg/_fixed_wing_lateral_status_s.c\n'}
[0.888527] (px4_msgs) StdoutLine: {'line': b'-- Up-to-date: /home/jmj/pro_asp_ws/ws_px4_controls/install/px4_msgs/local/lib/python3.10/dist-packages/px4_msgs/msg/_open_drone_id_arm_status_s.c\n'}
[0.888572] (px4_msgs) StdoutLine: {'line': b'-- Up-to-date: /home/jmj/pro_asp_ws/ws_px4_controls/install/px4_msgs/local/lib/python3.10/dist-packages/px4_msgs/msg/_rover_attitude_status.py\n'}
[0.888616] (px4_msgs) StdoutLine: {'line': b'-- Up-to-date: /home/jmj/pro_asp_ws/ws_px4_controls/install/px4_msgs/local/lib/python3.10/dist-packages/px4_msgs/msg/_sensor_hygrometer.py\n'}
[0.888780] (px4_msgs) StdoutLine: {'line': b'-- Up-to-date: /home/jmj/pro_asp_ws/ws_px4_controls/install/px4_msgs/local/lib/python3.10/dist-packages/px4_msgs/msg/_ping_s.c\n'}
[0.888864] (px4_msgs) StdoutLine: {'line': b'-- Up-to-date: /home/jmj/pro_asp_ws/ws_px4_controls/install/px4_msgs/local/lib/python3.10/dist-packages/px4_msgs/msg/_ekf2_timestamps_s.c\n'}
[0.888928] (px4_msgs) StdoutLine: {'line': b'-- Up-to-date: /home/jmj/pro_asp_ws/ws_px4_controls/install/px4_msgs/local/lib/python3.10/dist-packages/px4_msgs/msg/_distance_sensor_mode_change_request_s.c\n'}
[0.888993] (px4_msgs) StdoutLine: {'line': b'-- Up-to-date: /home/jmj/pro_asp_ws/ws_px4_controls/install/px4_msgs/local/lib/python3.10/dist-packages/px4_msgs/msg/_estimator_sensor_bias_s.c\n'}
[0.889076] (px4_msgs) StdoutLine: {'line': b'-- Up-to-date: /home/jmj/pro_asp_ws/ws_px4_controls/install/px4_msgs/local/lib/python3.10/dist-packages/px4_msgs/msg/_airspeed_validated.py\n'}
[0.889138] (px4_msgs) StdoutLine: {'line': b'-- Up-to-date: /home/jmj/pro_asp_ws/ws_px4_controls/install/px4_msgs/local/lib/python3.10/dist-packages/px4_msgs/msg/_offboard_control_mode_s.c\n'}
[0.889217] (px4_msgs) StdoutLine: {'line': b'-- Up-to-date: /home/jmj/pro_asp_ws/ws_px4_controls/install/px4_msgs/local/lib/python3.10/dist-packages/px4_msgs/msg/_tiltrotor_extra_controls.py\n'}
[0.889280] (px4_msgs) StdoutLine: {'line': b'-- Up-to-date: /home/jmj/pro_asp_ws/ws_px4_controls/install/px4_msgs/local/lib/python3.10/dist-packages/px4_msgs/msg/_home_position.py\n'}
[0.889340] (px4_msgs) StdoutLine: {'line': b'-- Up-to-date: /home/jmj/pro_asp_ws/ws_px4_controls/install/px4_msgs/local/lib/python3.10/dist-packages/px4_msgs/msg/_register_ext_component_reply.py\n'}
[0.889403] (px4_msgs) StdoutLine: {'line': b'-- Up-to-date: /home/jmj/pro_asp_ws/ws_px4_controls/install/px4_msgs/local/lib/python3.10/dist-packages/px4_msgs/msg/_follow_target_estimator.py\n'}
[0.889492] (px4_msgs) StdoutLine: {'line': b'-- Up-to-date: /home/jmj/pro_asp_ws/ws_px4_controls/install/px4_msgs/local/lib/python3.10/dist-packages/px4_msgs/msg/_sensor_uwb.py\n'}
[0.889558] (px4_msgs) StdoutLine: {'line': b'-- Up-to-date: /home/jmj/pro_asp_ws/ws_px4_controls/install/px4_msgs/local/lib/python3.10/dist-packages/px4_msgs/msg/_actuator_controls_status.py\n'}
[0.889663] (px4_msgs) StdoutLine: {'line': b'-- Up-to-date: /home/jmj/pro_asp_ws/ws_px4_controls/install/px4_msgs/local/lib/python3.10/dist-packages/px4_msgs/msg/_sensor_airflow.py\n'}
[0.889728] (px4_msgs) StdoutLine: {'line': b'-- Up-to-date: /home/jmj/pro_asp_ws/ws_px4_controls/install/px4_msgs/local/lib/python3.10/dist-packages/px4_msgs/msg/_sensors_status_imu_s.c\n'}
[0.889808] (px4_msgs) StdoutLine: {'line': b'-- Up-to-date: /home/jmj/pro_asp_ws/ws_px4_controls/install/px4_msgs/local/lib/python3.10/dist-packages/px4_msgs/msg/_follow_target.py\n'}
[0.889872] (px4_msgs) StdoutLine: {'line': b'-- Up-to-date: /home/jmj/pro_asp_ws/ws_px4_controls/install/px4_msgs/local/lib/python3.10/dist-packages/px4_msgs/msg/_open_drone_id_self_id_s.c\n'}
[0.889948] (px4_msgs) StdoutLine: {'line': b'-- Up-to-date: /home/jmj/pro_asp_ws/ws_px4_controls/install/px4_msgs/local/lib/python3.10/dist-packages/px4_msgs/msg/_obstacle_distance.py\n'}
[0.890009] (px4_msgs) StdoutLine: {'line': b'-- Up-to-date: /home/jmj/pro_asp_ws/ws_px4_controls/install/px4_msgs/local/lib/python3.10/dist-packages/px4_msgs/msg/_estimator_bias3d_s.c\n'}
[0.890070] (px4_msgs) StdoutLine: {'line': b'-- Up-to-date: /home/jmj/pro_asp_ws/ws_px4_controls/install/px4_msgs/local/lib/python3.10/dist-packages/px4_msgs/msg/_distance_sensor_s.c\n'}
[0.890146] (px4_msgs) StdoutLine: {'line': b'-- Up-to-date: /home/jmj/pro_asp_ws/ws_px4_controls/install/px4_msgs/local/lib/python3.10/dist-packages/px4_msgs/msg/_sensor_uwb_s.c\n'}
[0.890208] (px4_msgs) StdoutLine: {'line': b'-- Up-to-date: /home/jmj/pro_asp_ws/ws_px4_controls/install/px4_msgs/local/lib/python3.10/dist-packages/px4_msgs/msg/_vehicle_attitude_setpoint.py\n'}
[0.890269] (px4_msgs) StdoutLine: {'line': b'-- Up-to-date: /home/jmj/pro_asp_ws/ws_px4_controls/install/px4_msgs/local/lib/python3.10/dist-packages/px4_msgs/msg/_message_format_response.py\n'}
[0.890356] (px4_msgs) StdoutLine: {'line': b'-- Up-to-date: /home/jmj/pro_asp_ws/ws_px4_controls/install/px4_msgs/local/lib/python3.10/dist-packages/px4_msgs/msg/_sensors_status_imu.py\n'}
[0.890418] (px4_msgs) StdoutLine: {'line': b'-- Up-to-date: /home/jmj/pro_asp_ws/ws_px4_controls/install/px4_msgs/local/lib/python3.10/dist-packages/px4_msgs/msg/_rover_rate_setpoint.py\n'}
[0.890480] (px4_msgs) StdoutLine: {'line': b'-- Up-to-date: /home/jmj/pro_asp_ws/ws_px4_controls/install/px4_msgs/local/lib/python3.10/dist-packages/px4_msgs/msg/_rover_throttle_setpoint_s.c\n'}
[0.890556] (px4_msgs) StdoutLine: {'line': b'-- Up-to-date: /home/jmj/pro_asp_ws/ws_px4_controls/install/px4_msgs/local/lib/python3.10/dist-packages/px4_msgs/msg/_unregister_ext_component.py\n'}
[0.890621] (px4_msgs) StdoutLine: {'line': b'-- Up-to-date: /home/jmj/pro_asp_ws/ws_px4_controls/install/px4_msgs/local/lib/python3.10/dist-packages/px4_msgs/msg/_manual_control_setpoint_s.c\n'}
[0.890685] (px4_msgs) StdoutLine: {'line': b'-- Up-to-date: /home/jmj/pro_asp_ws/ws_px4_controls/install/px4_msgs/local/lib/python3.10/dist-packages/px4_msgs/msg/_rover_steering_setpoint_s.c\n'}
[0.890761] (px4_msgs) StdoutLine: {'line': b'-- Up-to-date: /home/jmj/pro_asp_ws/ws_px4_controls/install/px4_msgs/local/lib/python3.10/dist-packages/px4_msgs/msg/_goto_setpoint.py\n'}
[0.890841] (px4_msgs) StdoutLine: {'line': b'-- Up-to-date: /home/jmj/pro_asp_ws/ws_px4_controls/install/px4_msgs/local/lib/python3.10/dist-packages/px4_msgs/msg/_sensor_selection_s.c\n'}
[0.890934] (px4_msgs) StdoutLine: {'line': b'-- Up-to-date: /home/jmj/pro_asp_ws/ws_px4_controls/install/px4_msgs/local/lib/python3.10/dist-packages/px4_msgs/msg/_geofence_result_s.c\n'}
[0.891005] (px4_msgs) StdoutLine: {'line': b'-- Up-to-date: /home/jmj/pro_asp_ws/ws_px4_controls/install/px4_msgs/local/lib/python3.10/dist-packages/px4_msgs/msg/_iridiumsbd_status_s.c\n'}
[0.891081] (px4_msgs) StdoutLine: {'line': b'-- Up-to-date: /home/jmj/pro_asp_ws/ws_px4_controls/install/px4_msgs/local/lib/python3.10/dist-packages/px4_msgs/msg/_dataman_response_s.c\n'}
[0.891147] (px4_msgs) StdoutLine: {'line': b'-- Up-to-date: /home/jmj/pro_asp_ws/ws_px4_controls/install/px4_msgs/local/lib/python3.10/dist-packages/px4_msgs/msg/_gimbal_device_information_s.c\n'}
[0.891241] (px4_msgs) StdoutLine: {'line': b'-- Up-to-date: /home/jmj/pro_asp_ws/ws_px4_controls/install/px4_msgs/local/lib/python3.10/dist-packages/px4_msgs/msg/_battery_status.py\n'}
[0.891328] (px4_msgs) StdoutLine: {'line': b'-- Up-to-date: /home/jmj/pro_asp_ws/ws_px4_controls/install/px4_msgs/local/lib/python3.10/dist-packages/px4_msgs/msg/_rtl_status_s.c\n'}
[0.891392] (px4_msgs) StdoutLine: {'line': b'-- Up-to-date: /home/jmj/pro_asp_ws/ws_px4_controls/install/px4_msgs/local/lib/python3.10/dist-packages/px4_msgs/msg/_camera_status_s.c\n'}
[0.891458] (px4_msgs) StdoutLine: {'line': b'-- Up-to-date: /home/jmj/pro_asp_ws/ws_px4_controls/install/px4_msgs/local/lib/python3.10/dist-packages/px4_msgs/msg/_navigator_mission_item_s.c\n'}
[0.891534] (px4_msgs) StdoutLine: {'line': b'-- Up-to-date: /home/jmj/pro_asp_ws/ws_px4_controls/install/px4_msgs/local/lib/python3.10/dist-packages/px4_msgs/msg/_telemetry_status_s.c\n'}
[0.891601] (px4_msgs) StdoutLine: {'line': b'-- Up-to-date: /home/jmj/pro_asp_ws/ws_px4_controls/install/px4_msgs/local/lib/python3.10/dist-packages/px4_msgs/msg/_wheel_encoders_s.c\n'}
[0.891665] (px4_msgs) StdoutLine: {'line': b'-- Up-to-date: /home/jmj/pro_asp_ws/ws_px4_controls/install/px4_msgs/local/lib/python3.10/dist-packages/px4_msgs/msg/_estimator_status_flags_s.c\n'}
[0.891741] (px4_msgs) StdoutLine: {'line': b'-- Up-to-date: /home/jmj/pro_asp_ws/ws_px4_controls/install/px4_msgs/local/lib/python3.10/dist-packages/px4_msgs/msg/_internal_combustion_engine_control.py\n'}
[0.891923] (px4_msgs) StdoutLine: {'line': b'-- Up-to-date: /home/jmj/pro_asp_ws/ws_px4_controls/install/px4_msgs/local/lib/python3.10/dist-packages/px4_msgs/msg/_orb_test_large_s.c\n'}
[0.892028] (px4_msgs) StdoutLine: {'line': b'-- Up-to-date: /home/jmj/pro_asp_ws/ws_px4_controls/install/px4_msgs/local/lib/python3.10/dist-packages/px4_msgs/msg/_estimator_aid_source1d_s.c\n'}
[0.892115] (px4_msgs) StdoutLine: {'line': b'-- Up-to-date: /home/jmj/pro_asp_ws/ws_px4_controls/install/px4_msgs/local/lib/python3.10/dist-packages/px4_msgs/msg/_vehicle_land_detected_s.c\n'}
[0.892252] (px4_msgs) StdoutLine: {'line': b'-- Up-to-date: /home/jmj/pro_asp_ws/ws_px4_controls/install/px4_msgs/local/lib/python3.10/dist-packages/px4_msgs/msg/_sensor_gyro.py\n'}
[0.892303] (px4_msgs) StdoutLine: {'line': b'-- Up-to-date: /home/jmj/pro_asp_ws/ws_px4_controls/install/px4_msgs/local/lib/python3.10/dist-packages/px4_msgs/msg/_rover_velocity_setpoint.py\n'}
[0.892418] (px4_msgs) StdoutLine: {'line': b'-- Up-to-date: /home/jmj/pro_asp_ws/ws_px4_controls/install/px4_msgs/local/lib/python3.10/dist-packages/px4_msgs/msg/_led_control_s.c\n'}
[0.892450] (px4_msgs) StdoutLine: {'line': b'-- Up-to-date: /home/jmj/pro_asp_ws/ws_px4_controls/install/px4_msgs/local/lib/python3.10/dist-packages/px4_msgs/msg/_vehicle_odometry.py\n'}
[0.892475] (px4_msgs) StdoutLine: {'line': b'-- Up-to-date: /home/jmj/pro_asp_ws/ws_px4_controls/install/px4_msgs/local/lib/python3.10/dist-packages/px4_msgs/msg/_config_overrides_s.c\n'}
[0.892499] (px4_msgs) StdoutLine: {'line': b'-- Up-to-date: /home/jmj/pro_asp_ws/ws_px4_controls/install/px4_msgs/local/lib/python3.10/dist-packages/px4_msgs/msg/_tiltrotor_extra_controls_s.c\n'}
[0.892535] (px4_msgs) StdoutLine: {'line': b'-- Up-to-date: /home/jmj/pro_asp_ws/ws_px4_controls/install/px4_msgs/local/lib/python3.10/dist-packages/px4_msgs/msg/_mode_completed_s.c\n'}
[0.892562] (px4_msgs) StdoutLine: {'line': b'-- Up-to-date: /home/jmj/pro_asp_ws/ws_px4_controls/install/px4_msgs/local/lib/python3.10/dist-packages/px4_msgs/msg/_rover_rate_status_s.c\n'}
[0.892585] (px4_msgs) StdoutLine: {'line': b'-- Up-to-date: /home/jmj/pro_asp_ws/ws_px4_controls/install/px4_msgs/local/lib/python3.10/dist-packages/px4_msgs/msg/_system_power_s.c\n'}
[0.892608] (px4_msgs) StdoutLine: {'line': b'-- Up-to-date: /home/jmj/pro_asp_ws/ws_px4_controls/install/px4_msgs/local/lib/python3.10/dist-packages/px4_msgs/msg/_vtol_vehicle_status_s.c\n'}
[0.892637] (px4_msgs) StdoutLine: {'line': b'-- Up-to-date: /home/jmj/pro_asp_ws/ws_px4_controls/install/px4_msgs/local/lib/python3.10/dist-packages/px4_msgs/msg/_esc_report_s.c\n'}
[0.892670] (px4_msgs) StdoutLine: {'line': b'-- Up-to-date: /home/jmj/pro_asp_ws/ws_px4_controls/install/px4_msgs/local/lib/python3.10/dist-packages/px4_msgs/msg/_sensor_combined.py\n'}
[0.892700] (px4_msgs) StdoutLine: {'line': b'-- Up-to-date: /home/jmj/pro_asp_ws/ws_px4_controls/install/px4_msgs/local/lib/python3.10/dist-packages/px4_msgs/msg/_geofence_status_s.c\n'}
[0.892728] (px4_msgs) StdoutLine: {'line': b'-- Up-to-date: /home/jmj/pro_asp_ws/ws_px4_controls/install/px4_msgs/local/lib/python3.10/dist-packages/px4_msgs/msg/_hover_thrust_estimate.py\n'}
[0.892814] (px4_msgs) StdoutLine: {'line': b'-- Up-to-date: /home/jmj/pro_asp_ws/ws_px4_controls/install/px4_msgs/local/lib/python3.10/dist-packages/px4_msgs/msg/_camera_capture.py\n'}
[0.892900] (px4_msgs) StdoutLine: {'line': b'-- Up-to-date: /home/jmj/pro_asp_ws/ws_px4_controls/install/px4_msgs/local/lib/python3.10/dist-packages/px4_msgs/msg/_gimbal_manager_status_s.c\n'}
[0.892946] (px4_msgs) StdoutLine: {'line': b'-- Up-to-date: /home/jmj/pro_asp_ws/ws_px4_controls/install/px4_msgs/local/lib/python3.10/dist-packages/px4_msgs/msg/_transponder_report.py\n'}
[0.892988] (px4_msgs) StdoutLine: {'line': b'-- Up-to-date: /home/jmj/pro_asp_ws/ws_px4_controls/install/px4_msgs/local/lib/python3.10/dist-packages/px4_msgs/msg/_gps_dump.py\n'}
[0.893028] (px4_msgs) StdoutLine: {'line': b'-- Up-to-date: /home/jmj/pro_asp_ws/ws_px4_controls/install/px4_msgs/local/lib/python3.10/dist-packages/px4_msgs/msg/_ekf2_timestamps.py\n'}
[0.893056] (px4_msgs) StdoutLine: {'line': b'-- Up-to-date: /home/jmj/pro_asp_ws/ws_px4_controls/install/px4_msgs/local/lib/python3.10/dist-packages/px4_msgs/msg/_gimbal_manager_status.py\n'}
[0.893105] (px4_msgs) StdoutLine: {'line': b'-- Up-to-date: /home/jmj/pro_asp_ws/ws_px4_controls/install/px4_msgs/local/lib/python3.10/dist-packages/px4_msgs/msg/_gpio_config.py\n'}
[0.893140] (px4_msgs) StdoutLine: {'line': b'-- Up-to-date: /home/jmj/pro_asp_ws/ws_px4_controls/install/px4_msgs/local/lib/python3.10/dist-packages/px4_msgs/msg/_vehicle_constraints_s.c\n'}
[0.893174] (px4_msgs) StdoutLine: {'line': b'-- Up-to-date: /home/jmj/pro_asp_ws/ws_px4_controls/install/px4_msgs/local/lib/python3.10/dist-packages/px4_msgs/msg/_ulog_stream_s.c\n'}
[0.893211] (px4_msgs) StdoutLine: {'line': b'-- Up-to-date: /home/jmj/pro_asp_ws/ws_px4_controls/install/px4_msgs/local/lib/python3.10/dist-packages/px4_msgs/msg/_hover_thrust_estimate_s.c\n'}
[0.893259] (px4_msgs) StdoutLine: {'line': b'-- Up-to-date: /home/jmj/pro_asp_ws/ws_px4_controls/install/px4_msgs/local/lib/python3.10/dist-packages/px4_msgs/msg/_message_format_response_s.c\n'}
[0.893289] (px4_msgs) StdoutLine: {'line': b'-- Up-to-date: /home/jmj/pro_asp_ws/ws_px4_controls/install/px4_msgs/local/lib/python3.10/dist-packages/px4_msgs/msg/_led_control.py\n'}
[0.893417] (px4_msgs) StdoutLine: {'line': b'-- Up-to-date: /home/jmj/pro_asp_ws/ws_px4_controls/install/px4_msgs/local/lib/python3.10/dist-packages/px4_msgs/msg/_sensor_accel.py\n'}
[0.893488] (px4_msgs) StdoutLine: {'line': b'-- Up-to-date: /home/jmj/pro_asp_ws/ws_px4_controls/install/px4_msgs/local/lib/python3.10/dist-packages/px4_msgs/msg/_estimator_status_flags.py\n'}
[0.893539] (px4_msgs) StdoutLine: {'line': b'-- Up-to-date: /home/jmj/pro_asp_ws/ws_px4_controls/install/px4_msgs/local/lib/python3.10/dist-packages/px4_msgs/msg/_esc_status_s.c\n'}
[0.893589] (px4_msgs) StdoutLine: {'line': b'-- Up-to-date: /home/jmj/pro_asp_ws/ws_px4_controls/install/px4_msgs/local/lib/python3.10/dist-packages/px4_msgs/msg/_position_controller_landing_status.py\n'}
[0.893640] (px4_msgs) StdoutLine: {'line': b'-- Up-to-date: /home/jmj/pro_asp_ws/ws_px4_controls/install/px4_msgs/local/lib/python3.10/dist-packages/px4_msgs/msg/_gpio_request.py\n'}
[0.893693] (px4_msgs) StdoutLine: {'line': b'-- Up-to-date: /home/jmj/pro_asp_ws/ws_px4_controls/install/px4_msgs/local/lib/python3.10/dist-packages/px4_msgs/msg/_gimbal_controls_s.c\n'}
[0.893736] (px4_msgs) StdoutLine: {'line': b'-- Up-to-date: /home/jmj/pro_asp_ws/ws_px4_controls/install/px4_msgs/local/lib/python3.10/dist-packages/px4_msgs/msg/_open_drone_id_arm_status.py\n'}
[0.893792] (px4_msgs) StdoutLine: {'line': b'-- Up-to-date: /home/jmj/pro_asp_ws/ws_px4_controls/install/px4_msgs/local/lib/python3.10/dist-packages/px4_msgs/msg/_gpio_config_s.c\n'}
[0.893848] (px4_msgs) StdoutLine: {'line': b'-- Up-to-date: /home/jmj/pro_asp_ws/ws_px4_controls/install/px4_msgs/local/lib/python3.10/dist-packages/px4_msgs/msg/_goto_setpoint_s.c\n'}
[0.893956] (px4_msgs) StdoutLine: {'line': b'-- Up-to-date: /home/jmj/pro_asp_ws/ws_px4_controls/install/px4_msgs/local/lib/python3.10/dist-packages/px4_msgs/msg/_rover_attitude_status_s.c\n'}
[0.894001] (px4_msgs) StdoutLine: {'line': b'-- Up-to-date: /home/jmj/pro_asp_ws/ws_px4_controls/install/px4_msgs/local/lib/python3.10/dist-packages/px4_msgs/msg/_sensor_selection.py\n'}
[0.894044] (px4_msgs) StdoutLine: {'line': b'-- Up-to-date: /home/jmj/pro_asp_ws/ws_px4_controls/install/px4_msgs/local/lib/python3.10/dist-packages/px4_msgs/msg/_sensor_gps.py\n'}
[0.894185] (px4_msgs) StdoutLine: {'line': b'-- Up-to-date: /home/jmj/pro_asp_ws/ws_px4_controls/install/px4_msgs/local/lib/python3.10/dist-packages/px4_msgs/msg/_gpio_out_s.c\n'}
[0.894260] (px4_msgs) StdoutLine: {'line': b'-- Up-to-date: /home/jmj/pro_asp_ws/ws_px4_controls/install/px4_msgs/local/lib/python3.10/dist-packages/px4_msgs/msg/_telemetry_status.py\n'}
[0.894325] (px4_msgs) StdoutLine: {'line': b'-- Up-to-date: /home/jmj/pro_asp_ws/ws_px4_controls/install/px4_msgs/local/lib/python3.10/dist-packages/px4_msgs/msg/_actuator_servos.py\n'}
[0.894389] (px4_msgs) StdoutLine: {'line': b'-- Up-to-date: /home/jmj/pro_asp_ws/ws_px4_controls/install/px4_msgs/local/lib/python3.10/dist-packages/px4_msgs/msg/_parameter_set_value_response_s.c\n'}
[0.894522] (px4_msgs) StdoutLine: {'line': b'-- Up-to-date: /home/jmj/pro_asp_ws/ws_px4_controls/install/px4_msgs/local/lib/python3.10/dist-packages/px4_msgs/msg/_actuator_armed_s.c\n'}
[0.894577] (px4_msgs) StdoutLine: {'line': b'-- Up-to-date: /home/jmj/pro_asp_ws/ws_px4_controls/install/px4_msgs/local/lib/python3.10/dist-packages/px4_msgs/msg/_mavlink_log.py\n'}
[0.894605] (px4_msgs) StdoutLine: {'line': b'-- Up-to-date: /home/jmj/pro_asp_ws/ws_px4_controls/install/px4_msgs/local/lib/python3.10/dist-packages/px4_msgs/msg/_vehicle_optical_flow_s.c\n'}
[0.894636] (px4_msgs) StdoutLine: {'line': b'-- Up-to-date: /home/jmj/pro_asp_ws/ws_px4_controls/install/px4_msgs/local/lib/python3.10/dist-packages/px4_msgs/msg/_mount_orientation_s.c\n'}
[0.894663] (px4_msgs) StdoutLine: {'line': b'-- Up-to-date: /home/jmj/pro_asp_ws/ws_px4_controls/install/px4_msgs/local/lib/python3.10/dist-packages/px4_msgs/msg/_parameter_set_value_response.py\n'}
[0.894687] (px4_msgs) StdoutLine: {'line': b"Listing '/home/jmj/pro_asp_ws/ws_px4_controls/install/px4_msgs/local/lib/python3.10/dist-packages/px4_msgs'...\n"}
[0.894719] (px4_msgs) StdoutLine: {'line': b"Listing '/home/jmj/pro_asp_ws/ws_px4_controls/install/px4_msgs/local/lib/python3.10/dist-packages/px4_msgs/msg'...\n"}
[0.894754] (px4_msgs) StdoutLine: {'line': b"Listing '/home/jmj/pro_asp_ws/ws_px4_controls/install/px4_msgs/local/lib/python3.10/dist-packages/px4_msgs/srv'...\n"}
[0.894811] (px4_msgs) StdoutLine: {'line': b'-- Up-to-date: /home/jmj/pro_asp_ws/ws_px4_controls/install/px4_msgs/local/lib/python3.10/dist-packages/px4_msgs/px4_msgs_s__rosidl_typesupport_fastrtps_c.cpython-310-x86_64-linux-gnu.so\n'}
[0.894851] (px4_msgs) StdoutLine: {'line': b'-- Up-to-date: /home/jmj/pro_asp_ws/ws_px4_controls/install/px4_msgs/local/lib/python3.10/dist-packages/px4_msgs/px4_msgs_s__rosidl_typesupport_introspection_c.cpython-310-x86_64-linux-gnu.so\n'}
[0.894889] (px4_msgs) StdoutLine: {'line': b'-- Up-to-date: /home/jmj/pro_asp_ws/ws_px4_controls/install/px4_msgs/local/lib/python3.10/dist-packages/px4_msgs/px4_msgs_s__rosidl_typesupport_c.cpython-310-x86_64-linux-gnu.so\n'}
[0.894916] (px4_msgs) StdoutLine: {'line': b'-- Up-to-date: /home/jmj/pro_asp_ws/ws_px4_controls/install/px4_msgs/lib/libpx4_msgs__rosidl_generator_py.so\n'}
[0.894944] (px4_msgs) StdoutLine: {'line': b'-- Up-to-date: /home/jmj/pro_asp_ws/ws_px4_controls/install/px4_msgs/share/px4_msgs/msg/ActionRequest.idl\n'}
[0.894972] (px4_msgs) StdoutLine: {'line': b'-- Up-to-date: /home/jmj/pro_asp_ws/ws_px4_controls/install/px4_msgs/share/px4_msgs/msg/ActuatorArmed.idl\n'}
[0.894998] (px4_msgs) StdoutLine: {'line': b'-- Up-to-date: /home/jmj/pro_asp_ws/ws_px4_controls/install/px4_msgs/share/px4_msgs/msg/ActuatorControlsStatus.idl\n'}
[0.895032] (px4_msgs) StdoutLine: {'line': b'-- Up-to-date: /home/jmj/pro_asp_ws/ws_px4_controls/install/px4_msgs/share/px4_msgs/msg/ActuatorMotors.idl\n'}
[0.895058] (px4_msgs) StdoutLine: {'line': b'-- Up-to-date: /home/jmj/pro_asp_ws/ws_px4_controls/install/px4_msgs/share/px4_msgs/msg/ActuatorOutputs.idl\n'}
[0.895085] (px4_msgs) StdoutLine: {'line': b'-- Up-to-date: /home/jmj/pro_asp_ws/ws_px4_controls/install/px4_msgs/share/px4_msgs/msg/ActuatorServos.idl\n'}
[0.895114] (px4_msgs) StdoutLine: {'line': b'-- Up-to-date: /home/jmj/pro_asp_ws/ws_px4_controls/install/px4_msgs/share/px4_msgs/msg/ActuatorServosTrim.idl\n'}
[0.895147] (px4_msgs) StdoutLine: {'line': b'-- Up-to-date: /home/jmj/pro_asp_ws/ws_px4_controls/install/px4_msgs/share/px4_msgs/msg/ActuatorTest.idl\n'}
[0.895179] (px4_msgs) StdoutLine: {'line': b'-- Up-to-date: /home/jmj/pro_asp_ws/ws_px4_controls/install/px4_msgs/share/px4_msgs/msg/AdcReport.idl\n'}
[0.895215] (px4_msgs) StdoutLine: {'line': b'-- Up-to-date: /home/jmj/pro_asp_ws/ws_px4_controls/install/px4_msgs/share/px4_msgs/msg/Airspeed.idl\n'}
[0.895250] (px4_msgs) StdoutLine: {'line': b'-- Up-to-date: /home/jmj/pro_asp_ws/ws_px4_controls/install/px4_msgs/share/px4_msgs/msg/AirspeedValidated.idl\n'}
[0.895314] (px4_msgs) StdoutLine: {'line': b'-- Up-to-date: /home/jmj/pro_asp_ws/ws_px4_controls/install/px4_msgs/share/px4_msgs/msg/AirspeedWind.idl\n'}
[0.895349] (px4_msgs) StdoutLine: {'line': b'-- Up-to-date: /home/jmj/pro_asp_ws/ws_px4_controls/install/px4_msgs/share/px4_msgs/msg/ArmingCheckReply.idl\n'}
[0.895380] (px4_msgs) StdoutLine: {'line': b'-- Up-to-date: /home/jmj/pro_asp_ws/ws_px4_controls/install/px4_msgs/share/px4_msgs/msg/ArmingCheckRequest.idl\n'}
[0.895424] (px4_msgs) StdoutLine: {'line': b'-- Up-to-date: /home/jmj/pro_asp_ws/ws_px4_controls/install/px4_msgs/share/px4_msgs/msg/AutotuneAttitudeControlStatus.idl\n'}
[0.895500] (px4_msgs) StdoutLine: {'line': b'-- Up-to-date: /home/jmj/pro_asp_ws/ws_px4_controls/install/px4_msgs/share/px4_msgs/msg/BatteryStatus.idl\n'}
[0.895539] (px4_msgs) StdoutLine: {'line': b'-- Up-to-date: /home/jmj/pro_asp_ws/ws_px4_controls/install/px4_msgs/share/px4_msgs/msg/ButtonEvent.idl\n'}
[0.895566] (px4_msgs) StdoutLine: {'line': b'-- Up-to-date: /home/jmj/pro_asp_ws/ws_px4_controls/install/px4_msgs/share/px4_msgs/msg/CameraCapture.idl\n'}
[0.895591] (px4_msgs) StdoutLine: {'line': b'-- Up-to-date: /home/jmj/pro_asp_ws/ws_px4_controls/install/px4_msgs/share/px4_msgs/msg/CameraStatus.idl\n'}
[0.895617] (px4_msgs) StdoutLine: {'line': b'-- Up-to-date: /home/jmj/pro_asp_ws/ws_px4_controls/install/px4_msgs/share/px4_msgs/msg/CameraTrigger.idl\n'}
[0.895644] (px4_msgs) StdoutLine: {'line': b'-- Up-to-date: /home/jmj/pro_asp_ws/ws_px4_controls/install/px4_msgs/share/px4_msgs/msg/CanInterfaceStatus.idl\n'}
[0.895677] (px4_msgs) StdoutLine: {'line': b'-- Up-to-date: /home/jmj/pro_asp_ws/ws_px4_controls/install/px4_msgs/share/px4_msgs/msg/CellularStatus.idl\n'}
[0.895712] (px4_msgs) StdoutLine: {'line': b'-- Up-to-date: /home/jmj/pro_asp_ws/ws_px4_controls/install/px4_msgs/share/px4_msgs/msg/CollisionConstraints.idl\n'}
[0.895746] (px4_msgs) StdoutLine: {'line': b'-- Up-to-date: /home/jmj/pro_asp_ws/ws_px4_controls/install/px4_msgs/share/px4_msgs/msg/ConfigOverrides.idl\n'}
[0.895828] (px4_msgs) StdoutLine: {'line': b'-- Up-to-date: /home/jmj/pro_asp_ws/ws_px4_controls/install/px4_msgs/share/px4_msgs/msg/ControlAllocatorStatus.idl\n'}
[0.895870] (px4_msgs) StdoutLine: {'line': b'-- Up-to-date: /home/jmj/pro_asp_ws/ws_px4_controls/install/px4_msgs/share/px4_msgs/msg/Cpuload.idl\n'}
[0.895901] (px4_msgs) StdoutLine: {'line': b'-- Up-to-date: /home/jmj/pro_asp_ws/ws_px4_controls/install/px4_msgs/share/px4_msgs/msg/DatamanRequest.idl\n'}
[0.895946] (px4_msgs) StdoutLine: {'line': b'-- Up-to-date: /home/jmj/pro_asp_ws/ws_px4_controls/install/px4_msgs/share/px4_msgs/msg/DatamanResponse.idl\n'}
[0.896019] (px4_msgs) StdoutLine: {'line': b'-- Up-to-date: /home/jmj/pro_asp_ws/ws_px4_controls/install/px4_msgs/share/px4_msgs/msg/DebugArray.idl\n'}
[0.896061] (px4_msgs) StdoutLine: {'line': b'-- Up-to-date: /home/jmj/pro_asp_ws/ws_px4_controls/install/px4_msgs/share/px4_msgs/msg/DebugKeyValue.idl\n'}
[0.896096] (px4_msgs) StdoutLine: {'line': b'-- Up-to-date: /home/jmj/pro_asp_ws/ws_px4_controls/install/px4_msgs/share/px4_msgs/msg/DebugValue.idl\n'}
[0.896122] (px4_msgs) StdoutLine: {'line': b'-- Up-to-date: /home/jmj/pro_asp_ws/ws_px4_controls/install/px4_msgs/share/px4_msgs/msg/DebugVect.idl\n'}
[0.896146] (px4_msgs) StdoutLine: {'line': b'-- Up-to-date: /home/jmj/pro_asp_ws/ws_px4_controls/install/px4_msgs/share/px4_msgs/msg/DifferentialPressure.idl\n'}
[0.896175] (px4_msgs) StdoutLine: {'line': b'-- Up-to-date: /home/jmj/pro_asp_ws/ws_px4_controls/install/px4_msgs/share/px4_msgs/msg/DistanceSensor.idl\n'}
[0.896202] (px4_msgs) StdoutLine: {'line': b'-- Up-to-date: /home/jmj/pro_asp_ws/ws_px4_controls/install/px4_msgs/share/px4_msgs/msg/DistanceSensorModeChangeRequest.idl\n'}
[0.896229] (px4_msgs) StdoutLine: {'line': b'-- Up-to-date: /home/jmj/pro_asp_ws/ws_px4_controls/install/px4_msgs/share/px4_msgs/msg/Ekf2Timestamps.idl\n'}
[0.896271] (px4_msgs) StdoutLine: {'line': b'-- Up-to-date: /home/jmj/pro_asp_ws/ws_px4_controls/install/px4_msgs/share/px4_msgs/msg/EscReport.idl\n'}
[0.896331] (px4_msgs) StdoutLine: {'line': b'-- Up-to-date: /home/jmj/pro_asp_ws/ws_px4_controls/install/px4_msgs/share/px4_msgs/msg/EscStatus.idl\n'}
[0.896375] (px4_msgs) StdoutLine: {'line': b'-- Up-to-date: /home/jmj/pro_asp_ws/ws_px4_controls/install/px4_msgs/share/px4_msgs/msg/EstimatorAidSource1d.idl\n'}
[0.896421] (px4_msgs) StdoutLine: {'line': b'-- Up-to-date: /home/jmj/pro_asp_ws/ws_px4_controls/install/px4_msgs/share/px4_msgs/msg/EstimatorAidSource2d.idl\n'}
[0.896466] (px4_msgs) StdoutLine: {'line': b'-- Up-to-date: /home/jmj/pro_asp_ws/ws_px4_controls/install/px4_msgs/share/px4_msgs/msg/EstimatorAidSource3d.idl\n'}
[0.896510] (px4_msgs) StdoutLine: {'line': b'-- Up-to-date: /home/jmj/pro_asp_ws/ws_px4_controls/install/px4_msgs/share/px4_msgs/msg/EstimatorBias.idl\n'}
[0.896543] (px4_msgs) StdoutLine: {'line': b'-- Up-to-date: /home/jmj/pro_asp_ws/ws_px4_controls/install/px4_msgs/share/px4_msgs/msg/EstimatorBias3d.idl\n'}
[0.896568] (px4_msgs) StdoutLine: {'line': b'-- Up-to-date: /home/jmj/pro_asp_ws/ws_px4_controls/install/px4_msgs/share/px4_msgs/msg/EstimatorEventFlags.idl\n'}
[0.896596] (px4_msgs) StdoutLine: {'line': b'-- Up-to-date: /home/jmj/pro_asp_ws/ws_px4_controls/install/px4_msgs/share/px4_msgs/msg/EstimatorGpsStatus.idl\n'}
[0.896626] (px4_msgs) StdoutLine: {'line': b'-- Up-to-date: /home/jmj/pro_asp_ws/ws_px4_controls/install/px4_msgs/share/px4_msgs/msg/EstimatorInnovations.idl\n'}
[0.896652] (px4_msgs) StdoutLine: {'line': b'-- Up-to-date: /home/jmj/pro_asp_ws/ws_px4_controls/install/px4_msgs/share/px4_msgs/msg/EstimatorSelectorStatus.idl\n'}
[0.896679] (px4_msgs) StdoutLine: {'line': b'-- Up-to-date: /home/jmj/pro_asp_ws/ws_px4_controls/install/px4_msgs/share/px4_msgs/msg/EstimatorSensorBias.idl\n'}
[0.896708] (px4_msgs) StdoutLine: {'line': b'-- Up-to-date: /home/jmj/pro_asp_ws/ws_px4_controls/install/px4_msgs/share/px4_msgs/msg/EstimatorStates.idl\n'}
[0.896735] (px4_msgs) StdoutLine: {'line': b'-- Up-to-date: /home/jmj/pro_asp_ws/ws_px4_controls/install/px4_msgs/share/px4_msgs/msg/EstimatorStatus.idl\n'}
[0.896789] (px4_msgs) StdoutLine: {'line': b'-- Up-to-date: /home/jmj/pro_asp_ws/ws_px4_controls/install/px4_msgs/share/px4_msgs/msg/EstimatorStatusFlags.idl\n'}
[0.896828] (px4_msgs) StdoutLine: {'line': b'-- Up-to-date: /home/jmj/pro_asp_ws/ws_px4_controls/install/px4_msgs/share/px4_msgs/msg/Event.idl\n'}
[0.896854] (px4_msgs) StdoutLine: {'line': b'-- Up-to-date: /home/jmj/pro_asp_ws/ws_px4_controls/install/px4_msgs/share/px4_msgs/msg/FailsafeFlags.idl\n'}
[0.896879] (px4_msgs) StdoutLine: {'line': b'-- Up-to-date: /home/jmj/pro_asp_ws/ws_px4_controls/install/px4_msgs/share/px4_msgs/msg/FailureDetectorStatus.idl\n'}
[0.896912] (px4_msgs) StdoutLine: {'line': b'-- Up-to-date: /home/jmj/pro_asp_ws/ws_px4_controls/install/px4_msgs/share/px4_msgs/msg/FigureEightStatus.idl\n'}
[0.896964] (px4_msgs) StdoutLine: {'line': b'-- Up-to-date: /home/jmj/pro_asp_ws/ws_px4_controls/install/px4_msgs/share/px4_msgs/msg/FixedWingLateralGuidanceStatus.idl\n'}
[0.897015] (px4_msgs) StdoutLine: {'line': b'-- Up-to-date: /home/jmj/pro_asp_ws/ws_px4_controls/install/px4_msgs/share/px4_msgs/msg/FixedWingLateralSetpoint.idl\n'}
[0.897070] (px4_msgs) StdoutLine: {'line': b'-- Up-to-date: /home/jmj/pro_asp_ws/ws_px4_controls/install/px4_msgs/share/px4_msgs/msg/FixedWingLateralStatus.idl\n'}
[0.897131] (px4_msgs) StdoutLine: {'line': b'-- Up-to-date: /home/jmj/pro_asp_ws/ws_px4_controls/install/px4_msgs/share/px4_msgs/msg/FixedWingLongitudinalSetpoint.idl\n'}
[0.897224] (px4_msgs) StdoutLine: {'line': b'-- Up-to-date: /home/jmj/pro_asp_ws/ws_px4_controls/install/px4_msgs/share/px4_msgs/msg/FixedWingRunwayControl.idl\n'}
[0.897275] (px4_msgs) StdoutLine: {'line': b'-- Up-to-date: /home/jmj/pro_asp_ws/ws_px4_controls/install/px4_msgs/share/px4_msgs/msg/FlightPhaseEstimation.idl\n'}
[0.897306] (px4_msgs) StdoutLine: {'line': b'-- Up-to-date: /home/jmj/pro_asp_ws/ws_px4_controls/install/px4_msgs/share/px4_msgs/msg/FollowTarget.idl\n'}
[0.897329] (px4_msgs) StdoutLine: {'line': b'-- Up-to-date: /home/jmj/pro_asp_ws/ws_px4_controls/install/px4_msgs/share/px4_msgs/msg/FollowTargetEstimator.idl\n'}
[0.897357] (px4_msgs) StdoutLine: {'line': b'-- Up-to-date: /home/jmj/pro_asp_ws/ws_px4_controls/install/px4_msgs/share/px4_msgs/msg/FollowTargetStatus.idl\n'}
[0.897380] (px4_msgs) StdoutLine: {'line': b'-- Up-to-date: /home/jmj/pro_asp_ws/ws_px4_controls/install/px4_msgs/share/px4_msgs/msg/FuelTankStatus.idl\n'}
[0.897404] (px4_msgs) StdoutLine: {'line': b'-- Up-to-date: /home/jmj/pro_asp_ws/ws_px4_controls/install/px4_msgs/share/px4_msgs/msg/GeneratorStatus.idl\n'}
[0.897430] (px4_msgs) StdoutLine: {'line': b'-- Up-to-date: /home/jmj/pro_asp_ws/ws_px4_controls/install/px4_msgs/share/px4_msgs/msg/GeofenceResult.idl\n'}
[0.897456] (px4_msgs) StdoutLine: {'line': b'-- Up-to-date: /home/jmj/pro_asp_ws/ws_px4_controls/install/px4_msgs/share/px4_msgs/msg/GeofenceStatus.idl\n'}
[0.897548] (px4_msgs) StdoutLine: {'line': b'-- Up-to-date: /home/jmj/pro_asp_ws/ws_px4_controls/install/px4_msgs/share/px4_msgs/msg/GimbalControls.idl\n'}
[0.897611] (px4_msgs) StdoutLine: {'line': b'-- Up-to-date: /home/jmj/pro_asp_ws/ws_px4_controls/install/px4_msgs/share/px4_msgs/msg/GimbalDeviceAttitudeStatus.idl\n'}
[0.897664] (px4_msgs) StdoutLine: {'line': b'-- Up-to-date: /home/jmj/pro_asp_ws/ws_px4_controls/install/px4_msgs/share/px4_msgs/msg/GimbalDeviceInformation.idl\n'}
[0.897711] (px4_msgs) StdoutLine: {'line': b'-- Up-to-date: /home/jmj/pro_asp_ws/ws_px4_controls/install/px4_msgs/share/px4_msgs/msg/GimbalDeviceSetAttitude.idl\n'}
[0.897767] (px4_msgs) StdoutLine: {'line': b'-- Up-to-date: /home/jmj/pro_asp_ws/ws_px4_controls/install/px4_msgs/share/px4_msgs/msg/GimbalManagerInformation.idl\n'}
[0.897854] (px4_msgs) StdoutLine: {'line': b'-- Up-to-date: /home/jmj/pro_asp_ws/ws_px4_controls/install/px4_msgs/share/px4_msgs/msg/GimbalManagerSetAttitude.idl\n'}
[0.897888] (px4_msgs) StdoutLine: {'line': b'-- Up-to-date: /home/jmj/pro_asp_ws/ws_px4_controls/install/px4_msgs/share/px4_msgs/msg/GimbalManagerSetManualControl.idl\n'}
[0.897922] (px4_msgs) StdoutLine: {'line': b'-- Up-to-date: /home/jmj/pro_asp_ws/ws_px4_controls/install/px4_msgs/share/px4_msgs/msg/GimbalManagerStatus.idl\n'}
[0.897965] (px4_msgs) StdoutLine: {'line': b'-- Up-to-date: /home/jmj/pro_asp_ws/ws_px4_controls/install/px4_msgs/share/px4_msgs/msg/GotoSetpoint.idl\n'}
[0.898003] (px4_msgs) StdoutLine: {'line': b'-- Up-to-date: /home/jmj/pro_asp_ws/ws_px4_controls/install/px4_msgs/share/px4_msgs/msg/GpioConfig.idl\n'}
[0.898041] (px4_msgs) StdoutLine: {'line': b'-- Up-to-date: /home/jmj/pro_asp_ws/ws_px4_controls/install/px4_msgs/share/px4_msgs/msg/GpioIn.idl\n'}
[0.898078] (px4_msgs) StdoutLine: {'line': b'-- Up-to-date: /home/jmj/pro_asp_ws/ws_px4_controls/install/px4_msgs/share/px4_msgs/msg/GpioOut.idl\n'}
[0.898116] (px4_msgs) StdoutLine: {'line': b'-- Up-to-date: /home/jmj/pro_asp_ws/ws_px4_controls/install/px4_msgs/share/px4_msgs/msg/GpioRequest.idl\n'}
[0.898153] (px4_msgs) StdoutLine: {'line': b'-- Up-to-date: /home/jmj/pro_asp_ws/ws_px4_controls/install/px4_msgs/share/px4_msgs/msg/GpsDump.idl\n'}
[0.898190] (px4_msgs) StdoutLine: {'line': b'-- Up-to-date: /home/jmj/pro_asp_ws/ws_px4_controls/install/px4_msgs/share/px4_msgs/msg/GpsInjectData.idl\n'}
[0.898230] (px4_msgs) StdoutLine: {'line': b'-- Up-to-date: /home/jmj/pro_asp_ws/ws_px4_controls/install/px4_msgs/share/px4_msgs/msg/Gripper.idl\n'}
[0.898303] (px4_msgs) StdoutLine: {'line': b'-- Up-to-date: /home/jmj/pro_asp_ws/ws_px4_controls/install/px4_msgs/share/px4_msgs/msg/HealthReport.idl\n'}
[0.898341] (px4_msgs) StdoutLine: {'line': b'-- Up-to-date: /home/jmj/pro_asp_ws/ws_px4_controls/install/px4_msgs/share/px4_msgs/msg/HeaterStatus.idl\n'}
[0.898379] (px4_msgs) StdoutLine: {'line': b'-- Up-to-date: /home/jmj/pro_asp_ws/ws_px4_controls/install/px4_msgs/share/px4_msgs/msg/HomePosition.idl\n'}
[0.898417] (px4_msgs) StdoutLine: {'line': b'-- Up-to-date: /home/jmj/pro_asp_ws/ws_px4_controls/install/px4_msgs/share/px4_msgs/msg/HoverThrustEstimate.idl\n'}
[0.898480] (px4_msgs) StdoutLine: {'line': b'-- Up-to-date: /home/jmj/pro_asp_ws/ws_px4_controls/install/px4_msgs/share/px4_msgs/msg/InputRc.idl\n'}
[0.898519] (px4_msgs) StdoutLine: {'line': b'-- Up-to-date: /home/jmj/pro_asp_ws/ws_px4_controls/install/px4_msgs/share/px4_msgs/msg/InternalCombustionEngineControl.idl\n'}
[0.898555] (px4_msgs) StdoutLine: {'line': b'-- Up-to-date: /home/jmj/pro_asp_ws/ws_px4_controls/install/px4_msgs/share/px4_msgs/msg/InternalCombustionEngineStatus.idl\n'}
[0.898591] (px4_msgs) StdoutLine: {'line': b'-- Up-to-date: /home/jmj/pro_asp_ws/ws_px4_controls/install/px4_msgs/share/px4_msgs/msg/IridiumsbdStatus.idl\n'}
[0.898629] (px4_msgs) StdoutLine: {'line': b'-- Up-to-date: /home/jmj/pro_asp_ws/ws_px4_controls/install/px4_msgs/share/px4_msgs/msg/IrlockReport.idl\n'}
[0.898666] (px4_msgs) StdoutLine: {'line': b'-- Up-to-date: /home/jmj/pro_asp_ws/ws_px4_controls/install/px4_msgs/share/px4_msgs/msg/LandingGear.idl\n'}
[0.898702] (px4_msgs) StdoutLine: {'line': b'-- Up-to-date: /home/jmj/pro_asp_ws/ws_px4_controls/install/px4_msgs/share/px4_msgs/msg/LandingGearWheel.idl\n'}
[0.898739] (px4_msgs) StdoutLine: {'line': b'-- Up-to-date: /home/jmj/pro_asp_ws/ws_px4_controls/install/px4_msgs/share/px4_msgs/msg/LandingTargetInnovations.idl\n'}
[0.898788] (px4_msgs) StdoutLine: {'line': b'-- Up-to-date: /home/jmj/pro_asp_ws/ws_px4_controls/install/px4_msgs/share/px4_msgs/msg/LandingTargetPose.idl\n'}
[0.898828] (px4_msgs) StdoutLine: {'line': b'-- Up-to-date: /home/jmj/pro_asp_ws/ws_px4_controls/install/px4_msgs/share/px4_msgs/msg/LateralControlConfiguration.idl\n'}
[0.898863] (px4_msgs) StdoutLine: {'line': b'-- Up-to-date: /home/jmj/pro_asp_ws/ws_px4_controls/install/px4_msgs/share/px4_msgs/msg/LaunchDetectionStatus.idl\n'}
[0.898902] (px4_msgs) StdoutLine: {'line': b'-- Up-to-date: /home/jmj/pro_asp_ws/ws_px4_controls/install/px4_msgs/share/px4_msgs/msg/LedControl.idl\n'}
[0.898940] (px4_msgs) StdoutLine: {'line': b'-- Up-to-date: /home/jmj/pro_asp_ws/ws_px4_controls/install/px4_msgs/share/px4_msgs/msg/LogMessage.idl\n'}
[0.898979] (px4_msgs) StdoutLine: {'line': b'-- Up-to-date: /home/jmj/pro_asp_ws/ws_px4_controls/install/px4_msgs/share/px4_msgs/msg/LoggerStatus.idl\n'}
[0.899020] (px4_msgs) StdoutLine: {'line': b'-- Up-to-date: /home/jmj/pro_asp_ws/ws_px4_controls/install/px4_msgs/share/px4_msgs/msg/LongitudinalControlConfiguration.idl\n'}
[0.899060] (px4_msgs) StdoutLine: {'line': b'-- Up-to-date: /home/jmj/pro_asp_ws/ws_px4_controls/install/px4_msgs/share/px4_msgs/msg/MagWorkerData.idl\n'}
[0.899146] (px4_msgs) StdoutLine: {'line': b'-- Up-to-date: /home/jmj/pro_asp_ws/ws_px4_controls/install/px4_msgs/share/px4_msgs/msg/MagnetometerBiasEstimate.idl\n'}
[0.899184] (px4_msgs) StdoutLine: {'line': b'-- Up-to-date: /home/jmj/pro_asp_ws/ws_px4_controls/install/px4_msgs/share/px4_msgs/msg/ManualControlSetpoint.idl\n'}
[0.899218] (px4_msgs) StdoutLine: {'line': b'-- Up-to-date: /home/jmj/pro_asp_ws/ws_px4_controls/install/px4_msgs/share/px4_msgs/msg/ManualControlSwitches.idl\n'}
[0.899252] (px4_msgs) StdoutLine: {'line': b'-- Up-to-date: /home/jmj/pro_asp_ws/ws_px4_controls/install/px4_msgs/share/px4_msgs/msg/MavlinkLog.idl\n'}
[0.899292] (px4_msgs) StdoutLine: {'line': b'-- Up-to-date: /home/jmj/pro_asp_ws/ws_px4_controls/install/px4_msgs/share/px4_msgs/msg/MavlinkTunnel.idl\n'}
[0.899325] (px4_msgs) StdoutLine: {'line': b'-- Up-to-date: /home/jmj/pro_asp_ws/ws_px4_controls/install/px4_msgs/share/px4_msgs/msg/MessageFormatRequest.idl\n'}
[0.899362] (px4_msgs) StdoutLine: {'line': b'-- Up-to-date: /home/jmj/pro_asp_ws/ws_px4_controls/install/px4_msgs/share/px4_msgs/msg/MessageFormatResponse.idl\n'}
[0.899399] (px4_msgs) StdoutLine: {'line': b'-- Up-to-date: /home/jmj/pro_asp_ws/ws_px4_controls/install/px4_msgs/share/px4_msgs/msg/Mission.idl\n'}
[0.899435] (px4_msgs) StdoutLine: {'line': b'-- Up-to-date: /home/jmj/pro_asp_ws/ws_px4_controls/install/px4_msgs/share/px4_msgs/msg/MissionResult.idl\n'}
[0.899472] (px4_msgs) StdoutLine: {'line': b'-- Up-to-date: /home/jmj/pro_asp_ws/ws_px4_controls/install/px4_msgs/share/px4_msgs/msg/ModeCompleted.idl\n'}
[0.899510] (px4_msgs) StdoutLine: {'line': b'-- Up-to-date: /home/jmj/pro_asp_ws/ws_px4_controls/install/px4_msgs/share/px4_msgs/msg/MountOrientation.idl\n'}
[0.899584] (px4_msgs) StdoutLine: {'line': b'-- Up-to-date: /home/jmj/pro_asp_ws/ws_px4_controls/install/px4_msgs/share/px4_msgs/msg/NavigatorMissionItem.idl\n'}
[0.899620] (px4_msgs) StdoutLine: {'line': b'-- Up-to-date: /home/jmj/pro_asp_ws/ws_px4_controls/install/px4_msgs/share/px4_msgs/msg/NavigatorStatus.idl\n'}
[0.899660] (px4_msgs) StdoutLine: {'line': b'-- Up-to-date: /home/jmj/pro_asp_ws/ws_px4_controls/install/px4_msgs/share/px4_msgs/msg/NormalizedUnsignedSetpoint.idl\n'}
[0.899696] (px4_msgs) StdoutLine: {'line': b'-- Up-to-date: /home/jmj/pro_asp_ws/ws_px4_controls/install/px4_msgs/share/px4_msgs/msg/ObstacleDistance.idl\n'}
[0.899734] (px4_msgs) StdoutLine: {'line': b'-- Up-to-date: /home/jmj/pro_asp_ws/ws_px4_controls/install/px4_msgs/share/px4_msgs/msg/OffboardControlMode.idl\n'}
[0.899778] (px4_msgs) StdoutLine: {'line': b'-- Up-to-date: /home/jmj/pro_asp_ws/ws_px4_controls/install/px4_msgs/share/px4_msgs/msg/OnboardComputerStatus.idl\n'}
[0.899817] (px4_msgs) StdoutLine: {'line': b'-- Up-to-date: /home/jmj/pro_asp_ws/ws_px4_controls/install/px4_msgs/share/px4_msgs/msg/OpenDroneIdArmStatus.idl\n'}
[0.899884] (px4_msgs) StdoutLine: {'line': b'-- Up-to-date: /home/jmj/pro_asp_ws/ws_px4_controls/install/px4_msgs/share/px4_msgs/msg/OpenDroneIdOperatorId.idl\n'}
[0.899921] (px4_msgs) StdoutLine: {'line': b'-- Up-to-date: /home/jmj/pro_asp_ws/ws_px4_controls/install/px4_msgs/share/px4_msgs/msg/OpenDroneIdSelfId.idl\n'}
[0.899984] (px4_msgs) StdoutLine: {'line': b'-- Up-to-date: /home/jmj/pro_asp_ws/ws_px4_controls/install/px4_msgs/share/px4_msgs/msg/OpenDroneIdSystem.idl\n'}
[0.900027] (px4_msgs) StdoutLine: {'line': b'-- Up-to-date: /home/jmj/pro_asp_ws/ws_px4_controls/install/px4_msgs/share/px4_msgs/msg/OrbTest.idl\n'}
[0.900063] (px4_msgs) StdoutLine: {'line': b'-- Up-to-date: /home/jmj/pro_asp_ws/ws_px4_controls/install/px4_msgs/share/px4_msgs/msg/OrbTestLarge.idl\n'}
[0.900098] (px4_msgs) StdoutLine: {'line': b'-- Up-to-date: /home/jmj/pro_asp_ws/ws_px4_controls/install/px4_msgs/share/px4_msgs/msg/OrbTestMedium.idl\n'}
[0.900133] (px4_msgs) StdoutLine: {'line': b'-- Up-to-date: /home/jmj/pro_asp_ws/ws_px4_controls/install/px4_msgs/share/px4_msgs/msg/OrbitStatus.idl\n'}
[0.900170] (px4_msgs) StdoutLine: {'line': b'-- Up-to-date: /home/jmj/pro_asp_ws/ws_px4_controls/install/px4_msgs/share/px4_msgs/msg/ParameterResetRequest.idl\n'}
[0.900210] (px4_msgs) StdoutLine: {'line': b'-- Up-to-date: /home/jmj/pro_asp_ws/ws_px4_controls/install/px4_msgs/share/px4_msgs/msg/ParameterSetUsedRequest.idl\n'}
[0.900249] (px4_msgs) StdoutLine: {'line': b'-- Up-to-date: /home/jmj/pro_asp_ws/ws_px4_controls/install/px4_msgs/share/px4_msgs/msg/ParameterSetValueRequest.idl\n'}
[0.900290] (px4_msgs) StdoutLine: {'line': b'-- Up-to-date: /home/jmj/pro_asp_ws/ws_px4_controls/install/px4_msgs/share/px4_msgs/msg/ParameterSetValueResponse.idl\n'}
[0.900332] (px4_msgs) StdoutLine: {'line': b'-- Up-to-date: /home/jmj/pro_asp_ws/ws_px4_controls/install/px4_msgs/share/px4_msgs/msg/ParameterUpdate.idl\n'}
[0.900373] (px4_msgs) StdoutLine: {'line': b'-- Up-to-date: /home/jmj/pro_asp_ws/ws_px4_controls/install/px4_msgs/share/px4_msgs/msg/Ping.idl\n'}
[0.900415] (px4_msgs) StdoutLine: {'line': b'-- Up-to-date: /home/jmj/pro_asp_ws/ws_px4_controls/install/px4_msgs/share/px4_msgs/msg/PositionControllerLandingStatus.idl\n'}
[0.900455] (px4_msgs) StdoutLine: {'line': b'-- Up-to-date: /home/jmj/pro_asp_ws/ws_px4_controls/install/px4_msgs/share/px4_msgs/msg/PositionControllerStatus.idl\n'}
[0.900497] (px4_msgs) StdoutLine: {'line': b'-- Up-to-date: /home/jmj/pro_asp_ws/ws_px4_controls/install/px4_msgs/share/px4_msgs/msg/PositionSetpoint.idl\n'}
[0.900536] (px4_msgs) StdoutLine: {'line': b'-- Up-to-date: /home/jmj/pro_asp_ws/ws_px4_controls/install/px4_msgs/share/px4_msgs/msg/PositionSetpointTriplet.idl\n'}
[0.900577] (px4_msgs) StdoutLine: {'line': b'-- Up-to-date: /home/jmj/pro_asp_ws/ws_px4_controls/install/px4_msgs/share/px4_msgs/msg/PowerButtonState.idl\n'}
[0.900629] (px4_msgs) StdoutLine: {'line': b'-- Up-to-date: /home/jmj/pro_asp_ws/ws_px4_controls/install/px4_msgs/share/px4_msgs/msg/PowerMonitor.idl\n'}
[0.900671] (px4_msgs) StdoutLine: {'line': b'-- Up-to-date: /home/jmj/pro_asp_ws/ws_px4_controls/install/px4_msgs/share/px4_msgs/msg/PpsCapture.idl\n'}
[0.900712] (px4_msgs) StdoutLine: {'line': b'-- Up-to-date: /home/jmj/pro_asp_ws/ws_px4_controls/install/px4_msgs/share/px4_msgs/msg/PurePursuitStatus.idl\n'}
[0.900792] (px4_msgs) StdoutLine: {'line': b'-- Up-to-date: /home/jmj/pro_asp_ws/ws_px4_controls/install/px4_msgs/share/px4_msgs/msg/PwmInput.idl\n'}
[0.900832] (px4_msgs) StdoutLine: {'line': b'-- Up-to-date: /home/jmj/pro_asp_ws/ws_px4_controls/install/px4_msgs/share/px4_msgs/msg/Px4ioStatus.idl\n'}
[0.900869] (px4_msgs) StdoutLine: {'line': b'-- Up-to-date: /home/jmj/pro_asp_ws/ws_px4_controls/install/px4_msgs/share/px4_msgs/msg/QshellReq.idl\n'}
[0.900907] (-) TimerEvent: {}
[0.901017] (px4_msgs) StdoutLine: {'line': b'-- Up-to-date: /home/jmj/pro_asp_ws/ws_px4_controls/install/px4_msgs/share/px4_msgs/msg/QshellRetval.idl\n'}
[0.901095] (px4_msgs) StdoutLine: {'line': b'-- Up-to-date: /home/jmj/pro_asp_ws/ws_px4_controls/install/px4_msgs/share/px4_msgs/msg/RadioStatus.idl\n'}
[0.901124] (px4_msgs) StdoutLine: {'line': b'-- Up-to-date: /home/jmj/pro_asp_ws/ws_px4_controls/install/px4_msgs/share/px4_msgs/msg/RateCtrlStatus.idl\n'}
[0.901148] (px4_msgs) StdoutLine: {'line': b'-- Up-to-date: /home/jmj/pro_asp_ws/ws_px4_controls/install/px4_msgs/share/px4_msgs/msg/RcChannels.idl\n'}
[0.901188] (px4_msgs) StdoutLine: {'line': b'-- Up-to-date: /home/jmj/pro_asp_ws/ws_px4_controls/install/px4_msgs/share/px4_msgs/msg/RcParameterMap.idl\n'}
[0.901227] (px4_msgs) StdoutLine: {'line': b'-- Up-to-date: /home/jmj/pro_asp_ws/ws_px4_controls/install/px4_msgs/share/px4_msgs/msg/RegisterExtComponentReply.idl\n'}
[0.901266] (px4_msgs) StdoutLine: {'line': b'-- Up-to-date: /home/jmj/pro_asp_ws/ws_px4_controls/install/px4_msgs/share/px4_msgs/msg/RegisterExtComponentRequest.idl\n'}
[0.901302] (px4_msgs) StdoutLine: {'line': b'-- Up-to-date: /home/jmj/pro_asp_ws/ws_px4_controls/install/px4_msgs/share/px4_msgs/msg/RoverAttitudeSetpoint.idl\n'}
[0.901340] (px4_msgs) StdoutLine: {'line': b'-- Up-to-date: /home/jmj/pro_asp_ws/ws_px4_controls/install/px4_msgs/share/px4_msgs/msg/RoverAttitudeStatus.idl\n'}
[0.901379] (px4_msgs) StdoutLine: {'line': b'-- Up-to-date: /home/jmj/pro_asp_ws/ws_px4_controls/install/px4_msgs/share/px4_msgs/msg/RoverPositionSetpoint.idl\n'}
[0.901419] (px4_msgs) StdoutLine: {'line': b'-- Up-to-date: /home/jmj/pro_asp_ws/ws_px4_controls/install/px4_msgs/share/px4_msgs/msg/RoverRateSetpoint.idl\n'}
[0.901458] (px4_msgs) StdoutLine: {'line': b'-- Up-to-date: /home/jmj/pro_asp_ws/ws_px4_controls/install/px4_msgs/share/px4_msgs/msg/RoverRateStatus.idl\n'}
[0.901497] (px4_msgs) StdoutLine: {'line': b'-- Up-to-date: /home/jmj/pro_asp_ws/ws_px4_controls/install/px4_msgs/share/px4_msgs/msg/RoverSteeringSetpoint.idl\n'}
[0.901537] (px4_msgs) StdoutLine: {'line': b'-- Up-to-date: /home/jmj/pro_asp_ws/ws_px4_controls/install/px4_msgs/share/px4_msgs/msg/RoverThrottleSetpoint.idl\n'}
[0.901575] (px4_msgs) StdoutLine: {'line': b'-- Up-to-date: /home/jmj/pro_asp_ws/ws_px4_controls/install/px4_msgs/share/px4_msgs/msg/RoverVelocitySetpoint.idl\n'}
[0.901614] (px4_msgs) StdoutLine: {'line': b'-- Up-to-date: /home/jmj/pro_asp_ws/ws_px4_controls/install/px4_msgs/share/px4_msgs/msg/RoverVelocityStatus.idl\n'}
[0.901651] (px4_msgs) StdoutLine: {'line': b'-- Up-to-date: /home/jmj/pro_asp_ws/ws_px4_controls/install/px4_msgs/share/px4_msgs/msg/Rpm.idl\n'}
[0.901708] (px4_msgs) StdoutLine: {'line': b'-- Up-to-date: /home/jmj/pro_asp_ws/ws_px4_controls/install/px4_msgs/share/px4_msgs/msg/RtlStatus.idl\n'}
[0.901858] (px4_msgs) StdoutLine: {'line': b'-- Up-to-date: /home/jmj/pro_asp_ws/ws_px4_controls/install/px4_msgs/share/px4_msgs/msg/RtlTimeEstimate.idl\n'}
[0.901957] (px4_msgs) StdoutLine: {'line': b'-- Up-to-date: /home/jmj/pro_asp_ws/ws_px4_controls/install/px4_msgs/share/px4_msgs/msg/SatelliteInfo.idl\n'}
[0.902008] (px4_msgs) StdoutLine: {'line': b'-- Up-to-date: /home/jmj/pro_asp_ws/ws_px4_controls/install/px4_msgs/share/px4_msgs/msg/SensorAccel.idl\n'}
[0.902050] (px4_msgs) StdoutLine: {'line': b'-- Up-to-date: /home/jmj/pro_asp_ws/ws_px4_controls/install/px4_msgs/share/px4_msgs/msg/SensorAccelFifo.idl\n'}
[0.902092] (px4_msgs) StdoutLine: {'line': b'-- Up-to-date: /home/jmj/pro_asp_ws/ws_px4_controls/install/px4_msgs/share/px4_msgs/msg/SensorAirflow.idl\n'}
[0.902128] (px4_msgs) StdoutLine: {'line': b'-- Up-to-date: /home/jmj/pro_asp_ws/ws_px4_controls/install/px4_msgs/share/px4_msgs/msg/SensorBaro.idl\n'}
[0.902187] (px4_msgs) StdoutLine: {'line': b'-- Up-to-date: /home/jmj/pro_asp_ws/ws_px4_controls/install/px4_msgs/share/px4_msgs/msg/SensorCombined.idl\n'}
[0.902246] (px4_msgs) StdoutLine: {'line': b'-- Up-to-date: /home/jmj/pro_asp_ws/ws_px4_controls/install/px4_msgs/share/px4_msgs/msg/SensorCorrection.idl\n'}
[0.902300] (px4_msgs) StdoutLine: {'line': b'-- Up-to-date: /home/jmj/pro_asp_ws/ws_px4_controls/install/px4_msgs/share/px4_msgs/msg/SensorGnssRelative.idl\n'}
[0.902366] (px4_msgs) StdoutLine: {'line': b'-- Up-to-date: /home/jmj/pro_asp_ws/ws_px4_controls/install/px4_msgs/share/px4_msgs/msg/SensorGps.idl\n'}
[0.902413] (px4_msgs) StdoutLine: {'line': b'-- Up-to-date: /home/jmj/pro_asp_ws/ws_px4_controls/install/px4_msgs/share/px4_msgs/msg/SensorGyro.idl\n'}
[0.902456] (px4_msgs) StdoutLine: {'line': b'-- Up-to-date: /home/jmj/pro_asp_ws/ws_px4_controls/install/px4_msgs/share/px4_msgs/msg/SensorGyroFft.idl\n'}
[0.902497] (px4_msgs) StdoutLine: {'line': b'-- Up-to-date: /home/jmj/pro_asp_ws/ws_px4_controls/install/px4_msgs/share/px4_msgs/msg/SensorGyroFifo.idl\n'}
[0.902557] (px4_msgs) StdoutLine: {'line': b'-- Up-to-date: /home/jmj/pro_asp_ws/ws_px4_controls/install/px4_msgs/share/px4_msgs/msg/SensorHygrometer.idl\n'}
[0.902630] (px4_msgs) StdoutLine: {'line': b'-- Up-to-date: /home/jmj/pro_asp_ws/ws_px4_controls/install/px4_msgs/share/px4_msgs/msg/SensorMag.idl\n'}
[0.902676] (px4_msgs) StdoutLine: {'line': b'-- Up-to-date: /home/jmj/pro_asp_ws/ws_px4_controls/install/px4_msgs/share/px4_msgs/msg/SensorOpticalFlow.idl\n'}
[0.902717] (px4_msgs) StdoutLine: {'line': b'-- Up-to-date: /home/jmj/pro_asp_ws/ws_px4_controls/install/px4_msgs/share/px4_msgs/msg/SensorPreflightMag.idl\n'}
[0.902766] (px4_msgs) StdoutLine: {'line': b'-- Up-to-date: /home/jmj/pro_asp_ws/ws_px4_controls/install/px4_msgs/share/px4_msgs/msg/SensorSelection.idl\n'}
[0.902811] (px4_msgs) StdoutLine: {'line': b'-- Up-to-date: /home/jmj/pro_asp_ws/ws_px4_controls/install/px4_msgs/share/px4_msgs/msg/SensorUwb.idl\n'}
[0.902857] (px4_msgs) StdoutLine: {'line': b'-- Up-to-date: /home/jmj/pro_asp_ws/ws_px4_controls/install/px4_msgs/share/px4_msgs/msg/SensorsStatus.idl\n'}
[0.902955] (px4_msgs) StdoutLine: {'line': b'-- Up-to-date: /home/jmj/pro_asp_ws/ws_px4_controls/install/px4_msgs/share/px4_msgs/msg/SensorsStatusImu.idl\n'}
[0.903022] (px4_msgs) StdoutLine: {'line': b'-- Up-to-date: /home/jmj/pro_asp_ws/ws_px4_controls/install/px4_msgs/share/px4_msgs/msg/SystemPower.idl\n'}
[0.903063] (px4_msgs) StdoutLine: {'line': b'-- Up-to-date: /home/jmj/pro_asp_ws/ws_px4_controls/install/px4_msgs/share/px4_msgs/msg/TakeoffStatus.idl\n'}
[0.903100] (px4_msgs) StdoutLine: {'line': b'-- Up-to-date: /home/jmj/pro_asp_ws/ws_px4_controls/install/px4_msgs/share/px4_msgs/msg/TaskStackInfo.idl\n'}
[0.903140] (px4_msgs) StdoutLine: {'line': b'-- Up-to-date: /home/jmj/pro_asp_ws/ws_px4_controls/install/px4_msgs/share/px4_msgs/msg/TecsStatus.idl\n'}
[0.903183] (px4_msgs) StdoutLine: {'line': b'-- Up-to-date: /home/jmj/pro_asp_ws/ws_px4_controls/install/px4_msgs/share/px4_msgs/msg/TelemetryStatus.idl\n'}
[0.903225] (px4_msgs) StdoutLine: {'line': b'-- Up-to-date: /home/jmj/pro_asp_ws/ws_px4_controls/install/px4_msgs/share/px4_msgs/msg/TiltrotorExtraControls.idl\n'}
[0.903265] (px4_msgs) StdoutLine: {'line': b'-- Up-to-date: /home/jmj/pro_asp_ws/ws_px4_controls/install/px4_msgs/share/px4_msgs/msg/TimesyncStatus.idl\n'}
[0.903318] (px4_msgs) StdoutLine: {'line': b'-- Up-to-date: /home/jmj/pro_asp_ws/ws_px4_controls/install/px4_msgs/share/px4_msgs/msg/TrajectorySetpoint.idl\n'}
[0.903361] (px4_msgs) StdoutLine: {'line': b'-- Up-to-date: /home/jmj/pro_asp_ws/ws_px4_controls/install/px4_msgs/share/px4_msgs/msg/TrajectorySetpoint6dof.idl\n'}
[0.903405] (px4_msgs) StdoutLine: {'line': b'-- Up-to-date: /home/jmj/pro_asp_ws/ws_px4_controls/install/px4_msgs/share/px4_msgs/msg/TransponderReport.idl\n'}
[0.903449] (px4_msgs) StdoutLine: {'line': b'-- Up-to-date: /home/jmj/pro_asp_ws/ws_px4_controls/install/px4_msgs/share/px4_msgs/msg/TuneControl.idl\n'}
[0.903492] (px4_msgs) StdoutLine: {'line': b'-- Up-to-date: /home/jmj/pro_asp_ws/ws_px4_controls/install/px4_msgs/share/px4_msgs/msg/UavcanParameterRequest.idl\n'}
[0.903537] (px4_msgs) StdoutLine: {'line': b'-- Up-to-date: /home/jmj/pro_asp_ws/ws_px4_controls/install/px4_msgs/share/px4_msgs/msg/UavcanParameterValue.idl\n'}
[0.903586] (px4_msgs) StdoutLine: {'line': b'-- Up-to-date: /home/jmj/pro_asp_ws/ws_px4_controls/install/px4_msgs/share/px4_msgs/msg/UlogStream.idl\n'}
[0.903633] (px4_msgs) StdoutLine: {'line': b'-- Up-to-date: /home/jmj/pro_asp_ws/ws_px4_controls/install/px4_msgs/share/px4_msgs/msg/UlogStreamAck.idl\n'}
[0.903725] (px4_msgs) StdoutLine: {'line': b'-- Up-to-date: /home/jmj/pro_asp_ws/ws_px4_controls/install/px4_msgs/share/px4_msgs/msg/UnregisterExtComponent.idl\n'}
[0.903785] (px4_msgs) StdoutLine: {'line': b'-- Up-to-date: /home/jmj/pro_asp_ws/ws_px4_controls/install/px4_msgs/share/px4_msgs/msg/VehicleAcceleration.idl\n'}
[0.903850] (px4_msgs) StdoutLine: {'line': b'-- Up-to-date: /home/jmj/pro_asp_ws/ws_px4_controls/install/px4_msgs/share/px4_msgs/msg/VehicleAirData.idl\n'}
[0.903938] (px4_msgs) StdoutLine: {'line': b'-- Up-to-date: /home/jmj/pro_asp_ws/ws_px4_controls/install/px4_msgs/share/px4_msgs/msg/VehicleAngularAccelerationSetpoint.idl\n'}
[0.903985] (px4_msgs) StdoutLine: {'line': b'-- Up-to-date: /home/jmj/pro_asp_ws/ws_px4_controls/install/px4_msgs/share/px4_msgs/msg/VehicleAngularVelocity.idl\n'}
[0.904025] (px4_msgs) StdoutLine: {'line': b'-- Up-to-date: /home/jmj/pro_asp_ws/ws_px4_controls/install/px4_msgs/share/px4_msgs/msg/VehicleAttitude.idl\n'}
[0.904065] (px4_msgs) StdoutLine: {'line': b'-- Up-to-date: /home/jmj/pro_asp_ws/ws_px4_controls/install/px4_msgs/share/px4_msgs/msg/VehicleAttitudeSetpoint.idl\n'}
[0.904102] (px4_msgs) StdoutLine: {'line': b'-- Up-to-date: /home/jmj/pro_asp_ws/ws_px4_controls/install/px4_msgs/share/px4_msgs/msg/VehicleCommand.idl\n'}
[0.904147] (px4_msgs) StdoutLine: {'line': b'-- Up-to-date: /home/jmj/pro_asp_ws/ws_px4_controls/install/px4_msgs/share/px4_msgs/msg/VehicleCommandAck.idl\n'}
[0.904224] (px4_msgs) StdoutLine: {'line': b'-- Up-to-date: /home/jmj/pro_asp_ws/ws_px4_controls/install/px4_msgs/share/px4_msgs/msg/VehicleConstraints.idl\n'}
[0.904274] (px4_msgs) StdoutLine: {'line': b'-- Up-to-date: /home/jmj/pro_asp_ws/ws_px4_controls/install/px4_msgs/share/px4_msgs/msg/VehicleControlMode.idl\n'}
[0.904316] (px4_msgs) StdoutLine: {'line': b'-- Up-to-date: /home/jmj/pro_asp_ws/ws_px4_controls/install/px4_msgs/share/px4_msgs/msg/VehicleGlobalPosition.idl\n'}
[0.904354] (px4_msgs) StdoutLine: {'line': b'-- Up-to-date: /home/jmj/pro_asp_ws/ws_px4_controls/install/px4_msgs/share/px4_msgs/msg/VehicleImu.idl\n'}
[0.904392] (px4_msgs) StdoutLine: {'line': b'-- Up-to-date: /home/jmj/pro_asp_ws/ws_px4_controls/install/px4_msgs/share/px4_msgs/msg/VehicleImuStatus.idl\n'}
[0.904432] (px4_msgs) StdoutLine: {'line': b'-- Up-to-date: /home/jmj/pro_asp_ws/ws_px4_controls/install/px4_msgs/share/px4_msgs/msg/VehicleLandDetected.idl\n'}
[0.904477] (px4_msgs) StdoutLine: {'line': b'-- Up-to-date: /home/jmj/pro_asp_ws/ws_px4_controls/install/px4_msgs/share/px4_msgs/msg/VehicleLocalPosition.idl\n'}
[0.904561] (px4_msgs) StdoutLine: {'line': b'-- Up-to-date: /home/jmj/pro_asp_ws/ws_px4_controls/install/px4_msgs/share/px4_msgs/msg/VehicleLocalPositionSetpoint.idl\n'}
[0.904611] (px4_msgs) StdoutLine: {'line': b'-- Up-to-date: /home/jmj/pro_asp_ws/ws_px4_controls/install/px4_msgs/share/px4_msgs/msg/VehicleMagnetometer.idl\n'}
[0.904668] (px4_msgs) StdoutLine: {'line': b'-- Up-to-date: /home/jmj/pro_asp_ws/ws_px4_controls/install/px4_msgs/share/px4_msgs/msg/VehicleOdometry.idl\n'}
[0.904703] (px4_msgs) StdoutLine: {'line': b'-- Up-to-date: /home/jmj/pro_asp_ws/ws_px4_controls/install/px4_msgs/share/px4_msgs/msg/VehicleOpticalFlow.idl\n'}
[0.904746] (px4_msgs) StdoutLine: {'line': b'-- Up-to-date: /home/jmj/pro_asp_ws/ws_px4_controls/install/px4_msgs/share/px4_msgs/msg/VehicleOpticalFlowVel.idl\n'}
[0.904797] (px4_msgs) StdoutLine: {'line': b'-- Up-to-date: /home/jmj/pro_asp_ws/ws_px4_controls/install/px4_msgs/share/px4_msgs/msg/VehicleRatesSetpoint.idl\n'}
[0.904834] (px4_msgs) StdoutLine: {'line': b'-- Up-to-date: /home/jmj/pro_asp_ws/ws_px4_controls/install/px4_msgs/share/px4_msgs/msg/VehicleRoi.idl\n'}
[0.904874] (px4_msgs) StdoutLine: {'line': b'-- Up-to-date: /home/jmj/pro_asp_ws/ws_px4_controls/install/px4_msgs/share/px4_msgs/msg/VehicleStatus.idl\n'}
[0.904910] (px4_msgs) StdoutLine: {'line': b'-- Up-to-date: /home/jmj/pro_asp_ws/ws_px4_controls/install/px4_msgs/share/px4_msgs/msg/VehicleThrustSetpoint.idl\n'}
[0.904952] (px4_msgs) StdoutLine: {'line': b'-- Up-to-date: /home/jmj/pro_asp_ws/ws_px4_controls/install/px4_msgs/share/px4_msgs/msg/VehicleTorqueSetpoint.idl\n'}
[0.904994] (px4_msgs) StdoutLine: {'line': b'-- Up-to-date: /home/jmj/pro_asp_ws/ws_px4_controls/install/px4_msgs/share/px4_msgs/msg/VelocityLimits.idl\n'}
[0.905038] (px4_msgs) StdoutLine: {'line': b'-- Up-to-date: /home/jmj/pro_asp_ws/ws_px4_controls/install/px4_msgs/share/px4_msgs/msg/VtolVehicleStatus.idl\n'}
[0.905077] (px4_msgs) StdoutLine: {'line': b'-- Up-to-date: /home/jmj/pro_asp_ws/ws_px4_controls/install/px4_msgs/share/px4_msgs/msg/WheelEncoders.idl\n'}
[0.905145] (px4_msgs) StdoutLine: {'line': b'-- Up-to-date: /home/jmj/pro_asp_ws/ws_px4_controls/install/px4_msgs/share/px4_msgs/msg/Wind.idl\n'}
[0.905202] (px4_msgs) StdoutLine: {'line': b'-- Up-to-date: /home/jmj/pro_asp_ws/ws_px4_controls/install/px4_msgs/share/px4_msgs/msg/YawEstimatorStatus.idl\n'}
[0.905244] (px4_msgs) StdoutLine: {'line': b'-- Up-to-date: /home/jmj/pro_asp_ws/ws_px4_controls/install/px4_msgs/share/px4_msgs/srv/VehicleCommand.idl\n'}
[0.905287] (px4_msgs) StdoutLine: {'line': b'-- Up-to-date: /home/jmj/pro_asp_ws/ws_px4_controls/install/px4_msgs/share/px4_msgs/msg/ActionRequest.msg\n'}
[0.905326] (px4_msgs) StdoutLine: {'line': b'-- Up-to-date: /home/jmj/pro_asp_ws/ws_px4_controls/install/px4_msgs/share/px4_msgs/msg/ActuatorArmed.msg\n'}
[0.905369] (px4_msgs) StdoutLine: {'line': b'-- Up-to-date: /home/jmj/pro_asp_ws/ws_px4_controls/install/px4_msgs/share/px4_msgs/msg/ActuatorControlsStatus.msg\n'}
[0.905407] (px4_msgs) StdoutLine: {'line': b'-- Up-to-date: /home/jmj/pro_asp_ws/ws_px4_controls/install/px4_msgs/share/px4_msgs/msg/ActuatorMotors.msg\n'}
[0.905450] (px4_msgs) StdoutLine: {'line': b'-- Up-to-date: /home/jmj/pro_asp_ws/ws_px4_controls/install/px4_msgs/share/px4_msgs/msg/ActuatorOutputs.msg\n'}
[0.905520] (px4_msgs) StdoutLine: {'line': b'-- Up-to-date: /home/jmj/pro_asp_ws/ws_px4_controls/install/px4_msgs/share/px4_msgs/msg/ActuatorServos.msg\n'}
[0.905579] (px4_msgs) StdoutLine: {'line': b'-- Up-to-date: /home/jmj/pro_asp_ws/ws_px4_controls/install/px4_msgs/share/px4_msgs/msg/ActuatorServosTrim.msg\n'}
[0.905624] (px4_msgs) StdoutLine: {'line': b'-- Up-to-date: /home/jmj/pro_asp_ws/ws_px4_controls/install/px4_msgs/share/px4_msgs/msg/ActuatorTest.msg\n'}
[0.905665] (px4_msgs) StdoutLine: {'line': b'-- Up-to-date: /home/jmj/pro_asp_ws/ws_px4_controls/install/px4_msgs/share/px4_msgs/msg/AdcReport.msg\n'}
[0.905705] (px4_msgs) StdoutLine: {'line': b'-- Up-to-date: /home/jmj/pro_asp_ws/ws_px4_controls/install/px4_msgs/share/px4_msgs/msg/Airspeed.msg\n'}
[0.905744] (px4_msgs) StdoutLine: {'line': b'-- Up-to-date: /home/jmj/pro_asp_ws/ws_px4_controls/install/px4_msgs/share/px4_msgs/msg/AirspeedValidated.msg\n'}
[0.905985] (px4_msgs) StdoutLine: {'line': b'-- Up-to-date: /home/jmj/pro_asp_ws/ws_px4_controls/install/px4_msgs/share/px4_msgs/msg/AirspeedWind.msg\n'}
[0.906116] (px4_msgs) StdoutLine: {'line': b'-- Up-to-date: /home/jmj/pro_asp_ws/ws_px4_controls/install/px4_msgs/share/px4_msgs/msg/ArmingCheckReply.msg\n'}
[0.906518] (px4_msgs) StdoutLine: {'line': b'-- Up-to-date: /home/jmj/pro_asp_ws/ws_px4_controls/install/px4_msgs/share/px4_msgs/msg/ArmingCheckRequest.msg\n'}
[0.906945] (px4_msgs) StdoutLine: {'line': b'-- Up-to-date: /home/jmj/pro_asp_ws/ws_px4_controls/install/px4_msgs/share/px4_msgs/msg/AutotuneAttitudeControlStatus.msg\n'}
[0.907282] (px4_msgs) StdoutLine: {'line': b'-- Up-to-date: /home/jmj/pro_asp_ws/ws_px4_controls/install/px4_msgs/share/px4_msgs/msg/BatteryStatus.msg\n'}
[0.907482] (px4_msgs) StdoutLine: {'line': b'-- Up-to-date: /home/jmj/pro_asp_ws/ws_px4_controls/install/px4_msgs/share/px4_msgs/msg/ButtonEvent.msg\n'}
[0.908403] (px4_msgs) StdoutLine: {'line': b'-- Up-to-date: /home/jmj/pro_asp_ws/ws_px4_controls/install/px4_msgs/share/px4_msgs/msg/CameraCapture.msg\n'}
[0.908533] (px4_msgs) StdoutLine: {'line': b'-- Up-to-date: /home/jmj/pro_asp_ws/ws_px4_controls/install/px4_msgs/share/px4_msgs/msg/CameraStatus.msg\n'}
[0.908624] (px4_msgs) StdoutLine: {'line': b'-- Up-to-date: /home/jmj/pro_asp_ws/ws_px4_controls/install/px4_msgs/share/px4_msgs/msg/CameraTrigger.msg\n'}
[0.908900] (px4_msgs) StdoutLine: {'line': b'-- Up-to-date: /home/jmj/pro_asp_ws/ws_px4_controls/install/px4_msgs/share/px4_msgs/msg/CanInterfaceStatus.msg\n'}
[0.909284] (px4_msgs) StdoutLine: {'line': b'-- Up-to-date: /home/jmj/pro_asp_ws/ws_px4_controls/install/px4_msgs/share/px4_msgs/msg/CellularStatus.msg\n'}
[0.909682] (px4_msgs) StdoutLine: {'line': b'-- Up-to-date: /home/jmj/pro_asp_ws/ws_px4_controls/install/px4_msgs/share/px4_msgs/msg/CollisionConstraints.msg\n'}
[0.909936] (px4_msgs) StdoutLine: {'line': b'-- Up-to-date: /home/jmj/pro_asp_ws/ws_px4_controls/install/px4_msgs/share/px4_msgs/msg/ConfigOverrides.msg\n'}
[0.910202] (px4_msgs) StdoutLine: {'line': b'-- Up-to-date: /home/jmj/pro_asp_ws/ws_px4_controls/install/px4_msgs/share/px4_msgs/msg/ControlAllocatorStatus.msg\n'}
[0.910456] (px4_msgs) StdoutLine: {'line': b'-- Up-to-date: /home/jmj/pro_asp_ws/ws_px4_controls/install/px4_msgs/share/px4_msgs/msg/Cpuload.msg\n'}
[0.910879] (px4_msgs) StdoutLine: {'line': b'-- Up-to-date: /home/jmj/pro_asp_ws/ws_px4_controls/install/px4_msgs/share/px4_msgs/msg/DatamanRequest.msg\n'}
[0.911161] (px4_msgs) StdoutLine: {'line': b'-- Up-to-date: /home/jmj/pro_asp_ws/ws_px4_controls/install/px4_msgs/share/px4_msgs/msg/DatamanResponse.msg\n'}
[0.911726] (px4_msgs) StdoutLine: {'line': b'-- Up-to-date: /home/jmj/pro_asp_ws/ws_px4_controls/install/px4_msgs/share/px4_msgs/msg/DebugArray.msg\n'}
[0.911835] (px4_msgs) StdoutLine: {'line': b'-- Up-to-date: /home/jmj/pro_asp_ws/ws_px4_controls/install/px4_msgs/share/px4_msgs/msg/DebugKeyValue.msg\n'}
[0.912194] (px4_msgs) StdoutLine: {'line': b'-- Up-to-date: /home/jmj/pro_asp_ws/ws_px4_controls/install/px4_msgs/share/px4_msgs/msg/DebugValue.msg\n'}
[0.912393] (px4_msgs) StdoutLine: {'line': b'-- Up-to-date: /home/jmj/pro_asp_ws/ws_px4_controls/install/px4_msgs/share/px4_msgs/msg/DebugVect.msg\n'}
[0.912697] (px4_msgs) StdoutLine: {'line': b'-- Up-to-date: /home/jmj/pro_asp_ws/ws_px4_controls/install/px4_msgs/share/px4_msgs/msg/DifferentialPressure.msg\n'}
[0.913027] (px4_msgs) StdoutLine: {'line': b'-- Up-to-date: /home/jmj/pro_asp_ws/ws_px4_controls/install/px4_msgs/share/px4_msgs/msg/DistanceSensor.msg\n'}
[0.913401] (px4_msgs) StdoutLine: {'line': b'-- Up-to-date: /home/jmj/pro_asp_ws/ws_px4_controls/install/px4_msgs/share/px4_msgs/msg/DistanceSensorModeChangeRequest.msg\n'}
[0.913844] (px4_msgs) StdoutLine: {'line': b'-- Up-to-date: /home/jmj/pro_asp_ws/ws_px4_controls/install/px4_msgs/share/px4_msgs/msg/Ekf2Timestamps.msg\n'}
[0.913947] (px4_msgs) StdoutLine: {'line': b'-- Up-to-date: /home/jmj/pro_asp_ws/ws_px4_controls/install/px4_msgs/share/px4_msgs/msg/EscReport.msg\n'}
[0.914354] (px4_msgs) StdoutLine: {'line': b'-- Up-to-date: /home/jmj/pro_asp_ws/ws_px4_controls/install/px4_msgs/share/px4_msgs/msg/EscStatus.msg\n'}
[0.914718] (px4_msgs) StdoutLine: {'line': b'-- Up-to-date: /home/jmj/pro_asp_ws/ws_px4_controls/install/px4_msgs/share/px4_msgs/msg/EstimatorAidSource1d.msg\n'}
[0.914952] (px4_msgs) StdoutLine: {'line': b'-- Up-to-date: /home/jmj/pro_asp_ws/ws_px4_controls/install/px4_msgs/share/px4_msgs/msg/EstimatorAidSource2d.msg\n'}
[0.915166] (px4_msgs) StdoutLine: {'line': b'-- Up-to-date: /home/jmj/pro_asp_ws/ws_px4_controls/install/px4_msgs/share/px4_msgs/msg/EstimatorAidSource3d.msg\n'}
[0.915398] (px4_msgs) StdoutLine: {'line': b'-- Up-to-date: /home/jmj/pro_asp_ws/ws_px4_controls/install/px4_msgs/share/px4_msgs/msg/EstimatorBias.msg\n'}
[0.915764] (px4_msgs) StdoutLine: {'line': b'-- Up-to-date: /home/jmj/pro_asp_ws/ws_px4_controls/install/px4_msgs/share/px4_msgs/msg/EstimatorBias3d.msg\n'}
[0.916002] (px4_msgs) StdoutLine: {'line': b'-- Up-to-date: /home/jmj/pro_asp_ws/ws_px4_controls/install/px4_msgs/share/px4_msgs/msg/EstimatorEventFlags.msg\n'}
[0.916220] (px4_msgs) StdoutLine: {'line': b'-- Up-to-date: /home/jmj/pro_asp_ws/ws_px4_controls/install/px4_msgs/share/px4_msgs/msg/EstimatorGpsStatus.msg\n'}
[0.916473] (px4_msgs) StdoutLine: {'line': b'-- Up-to-date: /home/jmj/pro_asp_ws/ws_px4_controls/install/px4_msgs/share/px4_msgs/msg/EstimatorInnovations.msg\n'}
[0.916872] (px4_msgs) StdoutLine: {'line': b'-- Up-to-date: /home/jmj/pro_asp_ws/ws_px4_controls/install/px4_msgs/share/px4_msgs/msg/EstimatorSelectorStatus.msg\n'}
[0.917110] (px4_msgs) StdoutLine: {'line': b'-- Up-to-date: /home/jmj/pro_asp_ws/ws_px4_controls/install/px4_msgs/share/px4_msgs/msg/EstimatorSensorBias.msg\n'}
[0.917368] (px4_msgs) StdoutLine: {'line': b'-- Up-to-date: /home/jmj/pro_asp_ws/ws_px4_controls/install/px4_msgs/share/px4_msgs/msg/EstimatorStates.msg\n'}
[0.917623] (px4_msgs) StdoutLine: {'line': b'-- Up-to-date: /home/jmj/pro_asp_ws/ws_px4_controls/install/px4_msgs/share/px4_msgs/msg/EstimatorStatus.msg\n'}
[0.918049] (px4_msgs) StdoutLine: {'line': b'-- Up-to-date: /home/jmj/pro_asp_ws/ws_px4_controls/install/px4_msgs/share/px4_msgs/msg/EstimatorStatusFlags.msg\n'}
[0.918481] (px4_msgs) StdoutLine: {'line': b'-- Up-to-date: /home/jmj/pro_asp_ws/ws_px4_controls/install/px4_msgs/share/px4_msgs/msg/Event.msg\n'}
[0.918666] (px4_msgs) StdoutLine: {'line': b'-- Up-to-date: /home/jmj/pro_asp_ws/ws_px4_controls/install/px4_msgs/share/px4_msgs/msg/FailsafeFlags.msg\n'}
[0.918929] (px4_msgs) StdoutLine: {'line': b'-- Up-to-date: /home/jmj/pro_asp_ws/ws_px4_controls/install/px4_msgs/share/px4_msgs/msg/FailureDetectorStatus.msg\n'}
[0.919439] (px4_msgs) StdoutLine: {'line': b'-- Up-to-date: /home/jmj/pro_asp_ws/ws_px4_controls/install/px4_msgs/share/px4_msgs/msg/FigureEightStatus.msg\n'}
[0.919914] (px4_msgs) StdoutLine: {'line': b'-- Up-to-date: /home/jmj/pro_asp_ws/ws_px4_controls/install/px4_msgs/share/px4_msgs/msg/FixedWingLateralGuidanceStatus.msg\n'}
[0.920023] (px4_msgs) StdoutLine: {'line': b'-- Up-to-date: /home/jmj/pro_asp_ws/ws_px4_controls/install/px4_msgs/share/px4_msgs/msg/FixedWingLateralSetpoint.msg\n'}
[0.920574] (px4_msgs) StdoutLine: {'line': b'-- Up-to-date: /home/jmj/pro_asp_ws/ws_px4_controls/install/px4_msgs/share/px4_msgs/msg/FixedWingLateralStatus.msg\n'}
[0.921135] (px4_msgs) StdoutLine: {'line': b'-- Up-to-date: /home/jmj/pro_asp_ws/ws_px4_controls/install/px4_msgs/share/px4_msgs/msg/FixedWingLongitudinalSetpoint.msg\n'}
[0.921519] (px4_msgs) StdoutLine: {'line': b'-- Up-to-date: /home/jmj/pro_asp_ws/ws_px4_controls/install/px4_msgs/share/px4_msgs/msg/FixedWingRunwayControl.msg\n'}
[0.921644] (px4_msgs) StdoutLine: {'line': b'-- Up-to-date: /home/jmj/pro_asp_ws/ws_px4_controls/install/px4_msgs/share/px4_msgs/msg/FlightPhaseEstimation.msg\n'}
[0.922070] (px4_msgs) StdoutLine: {'line': b'-- Up-to-date: /home/jmj/pro_asp_ws/ws_px4_controls/install/px4_msgs/share/px4_msgs/msg/FollowTarget.msg\n'}
[0.922534] (px4_msgs) StdoutLine: {'line': b'-- Up-to-date: /home/jmj/pro_asp_ws/ws_px4_controls/install/px4_msgs/share/px4_msgs/msg/FollowTargetEstimator.msg\n'}
[0.922764] (px4_msgs) StdoutLine: {'line': b'-- Up-to-date: /home/jmj/pro_asp_ws/ws_px4_controls/install/px4_msgs/share/px4_msgs/msg/FollowTargetStatus.msg\n'}
[0.923064] (px4_msgs) StdoutLine: {'line': b'-- Up-to-date: /home/jmj/pro_asp_ws/ws_px4_controls/install/px4_msgs/share/px4_msgs/msg/FuelTankStatus.msg\n'}
[0.923499] (px4_msgs) StdoutLine: {'line': b'-- Up-to-date: /home/jmj/pro_asp_ws/ws_px4_controls/install/px4_msgs/share/px4_msgs/msg/GeneratorStatus.msg\n'}
[0.924100] (px4_msgs) StdoutLine: {'line': b'-- Up-to-date: /home/jmj/pro_asp_ws/ws_px4_controls/install/px4_msgs/share/px4_msgs/msg/GeofenceResult.msg\n'}
[0.925072] (px4_msgs) StdoutLine: {'line': b'-- Up-to-date: /home/jmj/pro_asp_ws/ws_px4_controls/install/px4_msgs/share/px4_msgs/msg/GeofenceStatus.msg\n'}
[0.925290] (px4_msgs) StdoutLine: {'line': b'-- Up-to-date: /home/jmj/pro_asp_ws/ws_px4_controls/install/px4_msgs/share/px4_msgs/msg/GimbalControls.msg\n'}
[0.925387] (px4_msgs) StdoutLine: {'line': b'-- Up-to-date: /home/jmj/pro_asp_ws/ws_px4_controls/install/px4_msgs/share/px4_msgs/msg/GimbalDeviceAttitudeStatus.msg\n'}
[0.925621] (px4_msgs) StdoutLine: {'line': b'-- Up-to-date: /home/jmj/pro_asp_ws/ws_px4_controls/install/px4_msgs/share/px4_msgs/msg/GimbalDeviceInformation.msg\n'}
[0.925893] (px4_msgs) StdoutLine: {'line': b'-- Up-to-date: /home/jmj/pro_asp_ws/ws_px4_controls/install/px4_msgs/share/px4_msgs/msg/GimbalDeviceSetAttitude.msg\n'}
[0.926169] (px4_msgs) StdoutLine: {'line': b'-- Up-to-date: /home/jmj/pro_asp_ws/ws_px4_controls/install/px4_msgs/share/px4_msgs/msg/GimbalManagerInformation.msg\n'}
[0.926541] (px4_msgs) StdoutLine: {'line': b'-- Up-to-date: /home/jmj/pro_asp_ws/ws_px4_controls/install/px4_msgs/share/px4_msgs/msg/GimbalManagerSetAttitude.msg\n'}
[0.927092] (px4_msgs) StdoutLine: {'line': b'-- Up-to-date: /home/jmj/pro_asp_ws/ws_px4_controls/install/px4_msgs/share/px4_msgs/msg/GimbalManagerSetManualControl.msg\n'}
[0.927314] (px4_msgs) StdoutLine: {'line': b'-- Up-to-date: /home/jmj/pro_asp_ws/ws_px4_controls/install/px4_msgs/share/px4_msgs/msg/GimbalManagerStatus.msg\n'}
[0.927619] (px4_msgs) StdoutLine: {'line': b'-- Up-to-date: /home/jmj/pro_asp_ws/ws_px4_controls/install/px4_msgs/share/px4_msgs/msg/GotoSetpoint.msg\n'}
[0.928030] (px4_msgs) StdoutLine: {'line': b'-- Up-to-date: /home/jmj/pro_asp_ws/ws_px4_controls/install/px4_msgs/share/px4_msgs/msg/GpioConfig.msg\n'}
[0.928496] (px4_msgs) StdoutLine: {'line': b'-- Up-to-date: /home/jmj/pro_asp_ws/ws_px4_controls/install/px4_msgs/share/px4_msgs/msg/GpioIn.msg\n'}
[0.929005] (px4_msgs) StdoutLine: {'line': b'-- Up-to-date: /home/jmj/pro_asp_ws/ws_px4_controls/install/px4_msgs/share/px4_msgs/msg/GpioOut.msg\n'}
[0.929141] (px4_msgs) StdoutLine: {'line': b'-- Up-to-date: /home/jmj/pro_asp_ws/ws_px4_controls/install/px4_msgs/share/px4_msgs/msg/GpioRequest.msg\n'}
[0.929547] (px4_msgs) StdoutLine: {'line': b'-- Up-to-date: /home/jmj/pro_asp_ws/ws_px4_controls/install/px4_msgs/share/px4_msgs/msg/GpsDump.msg\n'}
[0.929938] (px4_msgs) StdoutLine: {'line': b'-- Up-to-date: /home/jmj/pro_asp_ws/ws_px4_controls/install/px4_msgs/share/px4_msgs/msg/GpsInjectData.msg\n'}
[0.930248] (px4_msgs) StdoutLine: {'line': b'-- Up-to-date: /home/jmj/pro_asp_ws/ws_px4_controls/install/px4_msgs/share/px4_msgs/msg/Gripper.msg\n'}
[0.930506] (px4_msgs) StdoutLine: {'line': b'-- Up-to-date: /home/jmj/pro_asp_ws/ws_px4_controls/install/px4_msgs/share/px4_msgs/msg/HealthReport.msg\n'}
[0.930861] (px4_msgs) StdoutLine: {'line': b'-- Up-to-date: /home/jmj/pro_asp_ws/ws_px4_controls/install/px4_msgs/share/px4_msgs/msg/HeaterStatus.msg\n'}
[0.931219] (px4_msgs) StdoutLine: {'line': b'-- Up-to-date: /home/jmj/pro_asp_ws/ws_px4_controls/install/px4_msgs/share/px4_msgs/msg/HomePosition.msg\n'}
[0.931441] (px4_msgs) StdoutLine: {'line': b'-- Up-to-date: /home/jmj/pro_asp_ws/ws_px4_controls/install/px4_msgs/share/px4_msgs/msg/HoverThrustEstimate.msg\n'}
[0.931689] (px4_msgs) StdoutLine: {'line': b'-- Up-to-date: /home/jmj/pro_asp_ws/ws_px4_controls/install/px4_msgs/share/px4_msgs/msg/InputRc.msg\n'}
[0.931955] (px4_msgs) StdoutLine: {'line': b'-- Up-to-date: /home/jmj/pro_asp_ws/ws_px4_controls/install/px4_msgs/share/px4_msgs/msg/InternalCombustionEngineControl.msg\n'}
[0.932357] (px4_msgs) StdoutLine: {'line': b'-- Up-to-date: /home/jmj/pro_asp_ws/ws_px4_controls/install/px4_msgs/share/px4_msgs/msg/InternalCombustionEngineStatus.msg\n'}
[0.932665] (px4_msgs) StdoutLine: {'line': b'-- Up-to-date: /home/jmj/pro_asp_ws/ws_px4_controls/install/px4_msgs/share/px4_msgs/msg/IridiumsbdStatus.msg\n'}
[0.932929] (px4_msgs) StdoutLine: {'line': b'-- Up-to-date: /home/jmj/pro_asp_ws/ws_px4_controls/install/px4_msgs/share/px4_msgs/msg/IrlockReport.msg\n'}
[0.933275] (px4_msgs) StdoutLine: {'line': b'-- Up-to-date: /home/jmj/pro_asp_ws/ws_px4_controls/install/px4_msgs/share/px4_msgs/msg/LandingGear.msg\n'}
[0.933656] (px4_msgs) StdoutLine: {'line': b'-- Up-to-date: /home/jmj/pro_asp_ws/ws_px4_controls/install/px4_msgs/share/px4_msgs/msg/LandingGearWheel.msg\n'}
[0.933965] (px4_msgs) StdoutLine: {'line': b'-- Up-to-date: /home/jmj/pro_asp_ws/ws_px4_controls/install/px4_msgs/share/px4_msgs/msg/LandingTargetInnovations.msg\n'}
[0.934242] (px4_msgs) StdoutLine: {'line': b'-- Up-to-date: /home/jmj/pro_asp_ws/ws_px4_controls/install/px4_msgs/share/px4_msgs/msg/LandingTargetPose.msg\n'}
[0.934556] (px4_msgs) StdoutLine: {'line': b'-- Up-to-date: /home/jmj/pro_asp_ws/ws_px4_controls/install/px4_msgs/share/px4_msgs/msg/LateralControlConfiguration.msg\n'}
[0.935237] (px4_msgs) StdoutLine: {'line': b'-- Up-to-date: /home/jmj/pro_asp_ws/ws_px4_controls/install/px4_msgs/share/px4_msgs/msg/LaunchDetectionStatus.msg\n'}
[0.935599] (px4_msgs) StdoutLine: {'line': b'-- Up-to-date: /home/jmj/pro_asp_ws/ws_px4_controls/install/px4_msgs/share/px4_msgs/msg/LedControl.msg\n'}
[0.935706] (px4_msgs) StdoutLine: {'line': b'-- Up-to-date: /home/jmj/pro_asp_ws/ws_px4_controls/install/px4_msgs/share/px4_msgs/msg/LogMessage.msg\n'}
[0.936301] (px4_msgs) StdoutLine: {'line': b'-- Up-to-date: /home/jmj/pro_asp_ws/ws_px4_controls/install/px4_msgs/share/px4_msgs/msg/LoggerStatus.msg\n'}
[0.936953] (px4_msgs) StdoutLine: {'line': b'-- Up-to-date: /home/jmj/pro_asp_ws/ws_px4_controls/install/px4_msgs/share/px4_msgs/msg/LongitudinalControlConfiguration.msg\n'}
[0.937117] (px4_msgs) StdoutLine: {'line': b'-- Up-to-date: /home/jmj/pro_asp_ws/ws_px4_controls/install/px4_msgs/share/px4_msgs/msg/MagWorkerData.msg\n'}
[0.937418] (px4_msgs) StdoutLine: {'line': b'-- Up-to-date: /home/jmj/pro_asp_ws/ws_px4_controls/install/px4_msgs/share/px4_msgs/msg/MagnetometerBiasEstimate.msg\n'}
[0.937814] (px4_msgs) StdoutLine: {'line': b'-- Up-to-date: /home/jmj/pro_asp_ws/ws_px4_controls/install/px4_msgs/share/px4_msgs/msg/ManualControlSetpoint.msg\n'}
[0.938302] (px4_msgs) StdoutLine: {'line': b'-- Up-to-date: /home/jmj/pro_asp_ws/ws_px4_controls/install/px4_msgs/share/px4_msgs/msg/ManualControlSwitches.msg\n'}
[0.938558] (px4_msgs) StdoutLine: {'line': b'-- Up-to-date: /home/jmj/pro_asp_ws/ws_px4_controls/install/px4_msgs/share/px4_msgs/msg/MavlinkLog.msg\n'}
[0.938860] (px4_msgs) StdoutLine: {'line': b'-- Up-to-date: /home/jmj/pro_asp_ws/ws_px4_controls/install/px4_msgs/share/px4_msgs/msg/MavlinkTunnel.msg\n'}
[0.939278] (px4_msgs) StdoutLine: {'line': b'-- Up-to-date: /home/jmj/pro_asp_ws/ws_px4_controls/install/px4_msgs/share/px4_msgs/msg/MessageFormatRequest.msg\n'}
[0.939799] (px4_msgs) StdoutLine: {'line': b'-- Up-to-date: /home/jmj/pro_asp_ws/ws_px4_controls/install/px4_msgs/share/px4_msgs/msg/MessageFormatResponse.msg\n'}
[0.940082] (px4_msgs) StdoutLine: {'line': b'-- Up-to-date: /home/jmj/pro_asp_ws/ws_px4_controls/install/px4_msgs/share/px4_msgs/msg/Mission.msg\n'}
[0.940376] (px4_msgs) StdoutLine: {'line': b'-- Up-to-date: /home/jmj/pro_asp_ws/ws_px4_controls/install/px4_msgs/share/px4_msgs/msg/MissionResult.msg\n'}
[0.940792] (px4_msgs) StdoutLine: {'line': b'-- Up-to-date: /home/jmj/pro_asp_ws/ws_px4_controls/install/px4_msgs/share/px4_msgs/msg/ModeCompleted.msg\n'}
[0.941210] (px4_msgs) StdoutLine: {'line': b'-- Up-to-date: /home/jmj/pro_asp_ws/ws_px4_controls/install/px4_msgs/share/px4_msgs/msg/MountOrientation.msg\n'}
[0.941610] (px4_msgs) StdoutLine: {'line': b'-- Up-to-date: /home/jmj/pro_asp_ws/ws_px4_controls/install/px4_msgs/share/px4_msgs/msg/NavigatorMissionItem.msg\n'}
[0.941768] (px4_msgs) StdoutLine: {'line': b'-- Up-to-date: /home/jmj/pro_asp_ws/ws_px4_controls/install/px4_msgs/share/px4_msgs/msg/NavigatorStatus.msg\n'}
[0.942388] (px4_msgs) StdoutLine: {'line': b'-- Up-to-date: /home/jmj/pro_asp_ws/ws_px4_controls/install/px4_msgs/share/px4_msgs/msg/NormalizedUnsignedSetpoint.msg\n'}
[0.942837] (px4_msgs) StdoutLine: {'line': b'-- Up-to-date: /home/jmj/pro_asp_ws/ws_px4_controls/install/px4_msgs/share/px4_msgs/msg/ObstacleDistance.msg\n'}
[0.943006] (px4_msgs) StdoutLine: {'line': b'-- Up-to-date: /home/jmj/pro_asp_ws/ws_px4_controls/install/px4_msgs/share/px4_msgs/msg/OffboardControlMode.msg\n'}
[0.943281] (px4_msgs) StdoutLine: {'line': b'-- Up-to-date: /home/jmj/pro_asp_ws/ws_px4_controls/install/px4_msgs/share/px4_msgs/msg/OnboardComputerStatus.msg\n'}
[0.943706] (px4_msgs) StdoutLine: {'line': b'-- Up-to-date: /home/jmj/pro_asp_ws/ws_px4_controls/install/px4_msgs/share/px4_msgs/msg/OpenDroneIdArmStatus.msg\n'}
[0.944176] (px4_msgs) StdoutLine: {'line': b'-- Up-to-date: /home/jmj/pro_asp_ws/ws_px4_controls/install/px4_msgs/share/px4_msgs/msg/OpenDroneIdOperatorId.msg\n'}
[0.944601] (px4_msgs) StdoutLine: {'line': b'-- Up-to-date: /home/jmj/pro_asp_ws/ws_px4_controls/install/px4_msgs/share/px4_msgs/msg/OpenDroneIdSelfId.msg\n'}
[0.944710] (px4_msgs) StdoutLine: {'line': b'-- Up-to-date: /home/jmj/pro_asp_ws/ws_px4_controls/install/px4_msgs/share/px4_msgs/msg/OpenDroneIdSystem.msg\n'}
[0.945259] (px4_msgs) StdoutLine: {'line': b'-- Up-to-date: /home/jmj/pro_asp_ws/ws_px4_controls/install/px4_msgs/share/px4_msgs/msg/OrbTest.msg\n'}
[0.945762] (px4_msgs) StdoutLine: {'line': b'-- Up-to-date: /home/jmj/pro_asp_ws/ws_px4_controls/install/px4_msgs/share/px4_msgs/msg/OrbTestLarge.msg\n'}
[0.946083] (px4_msgs) StdoutLine: {'line': b'-- Up-to-date: /home/jmj/pro_asp_ws/ws_px4_controls/install/px4_msgs/share/px4_msgs/msg/OrbTestMedium.msg\n'}
[0.946406] (px4_msgs) StdoutLine: {'line': b'-- Up-to-date: /home/jmj/pro_asp_ws/ws_px4_controls/install/px4_msgs/share/px4_msgs/msg/OrbitStatus.msg\n'}
[0.946802] (px4_msgs) StdoutLine: {'line': b'-- Up-to-date: /home/jmj/pro_asp_ws/ws_px4_controls/install/px4_msgs/share/px4_msgs/msg/ParameterResetRequest.msg\n'}
[0.947403] (px4_msgs) StdoutLine: {'line': b'-- Up-to-date: /home/jmj/pro_asp_ws/ws_px4_controls/install/px4_msgs/share/px4_msgs/msg/ParameterSetUsedRequest.msg\n'}
[0.947578] (px4_msgs) StdoutLine: {'line': b'-- Up-to-date: /home/jmj/pro_asp_ws/ws_px4_controls/install/px4_msgs/share/px4_msgs/msg/ParameterSetValueRequest.msg\n'}
[0.947932] (px4_msgs) StdoutLine: {'line': b'-- Up-to-date: /home/jmj/pro_asp_ws/ws_px4_controls/install/px4_msgs/share/px4_msgs/msg/ParameterSetValueResponse.msg\n'}
[0.948097] (px4_msgs) StdoutLine: {'line': b'-- Up-to-date: /home/jmj/pro_asp_ws/ws_px4_controls/install/px4_msgs/share/px4_msgs/msg/ParameterUpdate.msg\n'}
[0.948520] (px4_msgs) StdoutLine: {'line': b'-- Up-to-date: /home/jmj/pro_asp_ws/ws_px4_controls/install/px4_msgs/share/px4_msgs/msg/Ping.msg\n'}
[0.948762] (px4_msgs) StdoutLine: {'line': b'-- Up-to-date: /home/jmj/pro_asp_ws/ws_px4_controls/install/px4_msgs/share/px4_msgs/msg/PositionControllerLandingStatus.msg\n'}
[0.948997] (px4_msgs) StdoutLine: {'line': b'-- Up-to-date: /home/jmj/pro_asp_ws/ws_px4_controls/install/px4_msgs/share/px4_msgs/msg/PositionControllerStatus.msg\n'}
[0.949489] (px4_msgs) StdoutLine: {'line': b'-- Up-to-date: /home/jmj/pro_asp_ws/ws_px4_controls/install/px4_msgs/share/px4_msgs/msg/PositionSetpoint.msg\n'}
[0.950239] (px4_msgs) StdoutLine: {'line': b'-- Up-to-date: /home/jmj/pro_asp_ws/ws_px4_controls/install/px4_msgs/share/px4_msgs/msg/PositionSetpointTriplet.msg\n'}
[0.950332] (px4_msgs) StdoutLine: {'line': b'-- Up-to-date: /home/jmj/pro_asp_ws/ws_px4_controls/install/px4_msgs/share/px4_msgs/msg/PowerButtonState.msg\n'}
[0.950428] (px4_msgs) StdoutLine: {'line': b'-- Up-to-date: /home/jmj/pro_asp_ws/ws_px4_controls/install/px4_msgs/share/px4_msgs/msg/PowerMonitor.msg\n'}
[0.950722] (px4_msgs) StdoutLine: {'line': b'-- Up-to-date: /home/jmj/pro_asp_ws/ws_px4_controls/install/px4_msgs/share/px4_msgs/msg/PpsCapture.msg\n'}
[0.951316] (px4_msgs) StdoutLine: {'line': b'-- Up-to-date: /home/jmj/pro_asp_ws/ws_px4_controls/install/px4_msgs/share/px4_msgs/msg/PurePursuitStatus.msg\n'}
[0.951782] (px4_msgs) StdoutLine: {'line': b'-- Up-to-date: /home/jmj/pro_asp_ws/ws_px4_controls/install/px4_msgs/share/px4_msgs/msg/PwmInput.msg\n'}
[0.951922] (px4_msgs) StdoutLine: {'line': b'-- Up-to-date: /home/jmj/pro_asp_ws/ws_px4_controls/install/px4_msgs/share/px4_msgs/msg/Px4ioStatus.msg\n'}
[0.952320] (px4_msgs) StdoutLine: {'line': b'-- Up-to-date: /home/jmj/pro_asp_ws/ws_px4_controls/install/px4_msgs/share/px4_msgs/msg/QshellReq.msg\n'}
[0.952778] (px4_msgs) StdoutLine: {'line': b'-- Up-to-date: /home/jmj/pro_asp_ws/ws_px4_controls/install/px4_msgs/share/px4_msgs/msg/QshellRetval.msg\n'}
[0.952981] (px4_msgs) StdoutLine: {'line': b'-- Up-to-date: /home/jmj/pro_asp_ws/ws_px4_controls/install/px4_msgs/share/px4_msgs/msg/RadioStatus.msg\n'}
[0.953395] (px4_msgs) StdoutLine: {'line': b'-- Up-to-date: /home/jmj/pro_asp_ws/ws_px4_controls/install/px4_msgs/share/px4_msgs/msg/RateCtrlStatus.msg\n'}
[0.953627] (px4_msgs) StdoutLine: {'line': b'-- Up-to-date: /home/jmj/pro_asp_ws/ws_px4_controls/install/px4_msgs/share/px4_msgs/msg/RcChannels.msg\n'}
[0.954147] (px4_msgs) StdoutLine: {'line': b'-- Up-to-date: /home/jmj/pro_asp_ws/ws_px4_controls/install/px4_msgs/share/px4_msgs/msg/RcParameterMap.msg\n'}
[0.954369] (px4_msgs) StdoutLine: {'line': b'-- Up-to-date: /home/jmj/pro_asp_ws/ws_px4_controls/install/px4_msgs/share/px4_msgs/msg/RegisterExtComponentReply.msg\n'}
[0.954628] (px4_msgs) StdoutLine: {'line': b'-- Up-to-date: /home/jmj/pro_asp_ws/ws_px4_controls/install/px4_msgs/share/px4_msgs/msg/RegisterExtComponentRequest.msg\n'}
[0.955204] (px4_msgs) StdoutLine: {'line': b'-- Up-to-date: /home/jmj/pro_asp_ws/ws_px4_controls/install/px4_msgs/share/px4_msgs/msg/RoverAttitudeSetpoint.msg\n'}
[0.955447] (px4_msgs) StdoutLine: {'line': b'-- Up-to-date: /home/jmj/pro_asp_ws/ws_px4_controls/install/px4_msgs/share/px4_msgs/msg/RoverAttitudeStatus.msg\n'}
[0.955739] (px4_msgs) StdoutLine: {'line': b'-- Up-to-date: /home/jmj/pro_asp_ws/ws_px4_controls/install/px4_msgs/share/px4_msgs/msg/RoverPositionSetpoint.msg\n'}
[0.956006] (px4_msgs) StdoutLine: {'line': b'-- Up-to-date: /home/jmj/pro_asp_ws/ws_px4_controls/install/px4_msgs/share/px4_msgs/msg/RoverRateSetpoint.msg\n'}
[0.956339] (px4_msgs) StdoutLine: {'line': b'-- Up-to-date: /home/jmj/pro_asp_ws/ws_px4_controls/install/px4_msgs/share/px4_msgs/msg/RoverRateStatus.msg\n'}
[0.957031] (px4_msgs) StdoutLine: {'line': b'-- Up-to-date: /home/jmj/pro_asp_ws/ws_px4_controls/install/px4_msgs/share/px4_msgs/msg/RoverSteeringSetpoint.msg\n'}
[0.957219] (px4_msgs) StdoutLine: {'line': b'-- Up-to-date: /home/jmj/pro_asp_ws/ws_px4_controls/install/px4_msgs/share/px4_msgs/msg/RoverThrottleSetpoint.msg\n'}
[0.957349] (px4_msgs) StdoutLine: {'line': b'-- Up-to-date: /home/jmj/pro_asp_ws/ws_px4_controls/install/px4_msgs/share/px4_msgs/msg/RoverVelocitySetpoint.msg\n'}
[0.957735] (px4_msgs) StdoutLine: {'line': b'-- Up-to-date: /home/jmj/pro_asp_ws/ws_px4_controls/install/px4_msgs/share/px4_msgs/msg/RoverVelocityStatus.msg\n'}
[0.958266] (px4_msgs) StdoutLine: {'line': b'-- Up-to-date: /home/jmj/pro_asp_ws/ws_px4_controls/install/px4_msgs/share/px4_msgs/msg/Rpm.msg\n'}
[0.958631] (px4_msgs) StdoutLine: {'line': b'-- Up-to-date: /home/jmj/pro_asp_ws/ws_px4_controls/install/px4_msgs/share/px4_msgs/msg/RtlStatus.msg\n'}
[0.958855] (px4_msgs) StdoutLine: {'line': b'-- Up-to-date: /home/jmj/pro_asp_ws/ws_px4_controls/install/px4_msgs/share/px4_msgs/msg/RtlTimeEstimate.msg\n'}
[0.959273] (px4_msgs) StdoutLine: {'line': b'-- Up-to-date: /home/jmj/pro_asp_ws/ws_px4_controls/install/px4_msgs/share/px4_msgs/msg/SatelliteInfo.msg\n'}
[0.959778] (px4_msgs) StdoutLine: {'line': b'-- Up-to-date: /home/jmj/pro_asp_ws/ws_px4_controls/install/px4_msgs/share/px4_msgs/msg/SensorAccel.msg\n'}
[0.960050] (px4_msgs) StdoutLine: {'line': b'-- Up-to-date: /home/jmj/pro_asp_ws/ws_px4_controls/install/px4_msgs/share/px4_msgs/msg/SensorAccelFifo.msg\n'}
[0.960340] (px4_msgs) StdoutLine: {'line': b'-- Up-to-date: /home/jmj/pro_asp_ws/ws_px4_controls/install/px4_msgs/share/px4_msgs/msg/SensorAirflow.msg\n'}
[0.960641] (px4_msgs) StdoutLine: {'line': b'-- Up-to-date: /home/jmj/pro_asp_ws/ws_px4_controls/install/px4_msgs/share/px4_msgs/msg/SensorBaro.msg\n'}
[0.961076] (px4_msgs) StdoutLine: {'line': b'-- Up-to-date: /home/jmj/pro_asp_ws/ws_px4_controls/install/px4_msgs/share/px4_msgs/msg/SensorCombined.msg\n'}
[0.961337] (px4_msgs) StdoutLine: {'line': b'-- Up-to-date: /home/jmj/pro_asp_ws/ws_px4_controls/install/px4_msgs/share/px4_msgs/msg/SensorCorrection.msg\n'}
[0.961595] (px4_msgs) StdoutLine: {'line': b'-- Up-to-date: /home/jmj/pro_asp_ws/ws_px4_controls/install/px4_msgs/share/px4_msgs/msg/SensorGnssRelative.msg\n'}
[0.961970] (px4_msgs) StdoutLine: {'line': b'-- Up-to-date: /home/jmj/pro_asp_ws/ws_px4_controls/install/px4_msgs/share/px4_msgs/msg/SensorGps.msg\n'}
[0.962433] (px4_msgs) StdoutLine: {'line': b'-- Up-to-date: /home/jmj/pro_asp_ws/ws_px4_controls/install/px4_msgs/share/px4_msgs/msg/SensorGyro.msg\n'}
[0.962701] (px4_msgs) StdoutLine: {'line': b'-- Up-to-date: /home/jmj/pro_asp_ws/ws_px4_controls/install/px4_msgs/share/px4_msgs/msg/SensorGyroFft.msg\n'}
[0.963517] (px4_msgs) StdoutLine: {'line': b'-- Up-to-date: /home/jmj/pro_asp_ws/ws_px4_controls/install/px4_msgs/share/px4_msgs/msg/SensorGyroFifo.msg\n'}
[0.963587] (px4_msgs) StdoutLine: {'line': b'-- Up-to-date: /home/jmj/pro_asp_ws/ws_px4_controls/install/px4_msgs/share/px4_msgs/msg/SensorHygrometer.msg\n'}
[0.963893] (px4_msgs) StdoutLine: {'line': b'-- Up-to-date: /home/jmj/pro_asp_ws/ws_px4_controls/install/px4_msgs/share/px4_msgs/msg/SensorMag.msg\n'}
[0.964149] (px4_msgs) StdoutLine: {'line': b'-- Up-to-date: /home/jmj/pro_asp_ws/ws_px4_controls/install/px4_msgs/share/px4_msgs/msg/SensorOpticalFlow.msg\n'}
[0.964380] (px4_msgs) StdoutLine: {'line': b'-- Up-to-date: /home/jmj/pro_asp_ws/ws_px4_controls/install/px4_msgs/share/px4_msgs/msg/SensorPreflightMag.msg\n'}
[0.964648] (px4_msgs) StdoutLine: {'line': b'-- Up-to-date: /home/jmj/pro_asp_ws/ws_px4_controls/install/px4_msgs/share/px4_msgs/msg/SensorSelection.msg\n'}
[0.965231] (px4_msgs) StdoutLine: {'line': b'-- Up-to-date: /home/jmj/pro_asp_ws/ws_px4_controls/install/px4_msgs/share/px4_msgs/msg/SensorUwb.msg\n'}
[0.965465] (px4_msgs) StdoutLine: {'line': b'-- Up-to-date: /home/jmj/pro_asp_ws/ws_px4_controls/install/px4_msgs/share/px4_msgs/msg/SensorsStatus.msg\n'}
[0.965709] (px4_msgs) StdoutLine: {'line': b'-- Up-to-date: /home/jmj/pro_asp_ws/ws_px4_controls/install/px4_msgs/share/px4_msgs/msg/SensorsStatusImu.msg\n'}
[0.966036] (px4_msgs) StdoutLine: {'line': b'-- Up-to-date: /home/jmj/pro_asp_ws/ws_px4_controls/install/px4_msgs/share/px4_msgs/msg/SystemPower.msg\n'}
[0.966515] (px4_msgs) StdoutLine: {'line': b'-- Up-to-date: /home/jmj/pro_asp_ws/ws_px4_controls/install/px4_msgs/share/px4_msgs/msg/TakeoffStatus.msg\n'}
[0.967055] (px4_msgs) StdoutLine: {'line': b'-- Up-to-date: /home/jmj/pro_asp_ws/ws_px4_controls/install/px4_msgs/share/px4_msgs/msg/TaskStackInfo.msg\n'}
[0.967194] (px4_msgs) StdoutLine: {'line': b'-- Up-to-date: /home/jmj/pro_asp_ws/ws_px4_controls/install/px4_msgs/share/px4_msgs/msg/TecsStatus.msg\n'}
[0.967724] (px4_msgs) StdoutLine: {'line': b'-- Up-to-date: /home/jmj/pro_asp_ws/ws_px4_controls/install/px4_msgs/share/px4_msgs/msg/TelemetryStatus.msg\n'}
[0.968216] (px4_msgs) StdoutLine: {'line': b'-- Up-to-date: /home/jmj/pro_asp_ws/ws_px4_controls/install/px4_msgs/share/px4_msgs/msg/TiltrotorExtraControls.msg\n'}
[0.968521] (px4_msgs) StdoutLine: {'line': b'-- Up-to-date: /home/jmj/pro_asp_ws/ws_px4_controls/install/px4_msgs/share/px4_msgs/msg/TimesyncStatus.msg\n'}
[0.969428] (px4_msgs) StdoutLine: {'line': b'-- Up-to-date: /home/jmj/pro_asp_ws/ws_px4_controls/install/px4_msgs/share/px4_msgs/msg/TrajectorySetpoint.msg\n'}
[0.969613] (px4_msgs) StdoutLine: {'line': b'-- Up-to-date: /home/jmj/pro_asp_ws/ws_px4_controls/install/px4_msgs/share/px4_msgs/msg/TrajectorySetpoint6dof.msg\n'}
[0.969856] (px4_msgs) StdoutLine: {'line': b'-- Up-to-date: /home/jmj/pro_asp_ws/ws_px4_controls/install/px4_msgs/share/px4_msgs/msg/TransponderReport.msg\n'}
[0.970177] (px4_msgs) StdoutLine: {'line': b'-- Up-to-date: /home/jmj/pro_asp_ws/ws_px4_controls/install/px4_msgs/share/px4_msgs/msg/TuneControl.msg\n'}
[0.970607] (px4_msgs) StdoutLine: {'line': b'-- Up-to-date: /home/jmj/pro_asp_ws/ws_px4_controls/install/px4_msgs/share/px4_msgs/msg/UavcanParameterRequest.msg\n'}
[0.971124] (px4_msgs) StdoutLine: {'line': b'-- Up-to-date: /home/jmj/pro_asp_ws/ws_px4_controls/install/px4_msgs/share/px4_msgs/msg/UavcanParameterValue.msg\n'}
[0.971705] (px4_msgs) StdoutLine: {'line': b'-- Up-to-date: /home/jmj/pro_asp_ws/ws_px4_controls/install/px4_msgs/share/px4_msgs/msg/UlogStream.msg\n'}
[0.972067] (px4_msgs) StdoutLine: {'line': b'-- Up-to-date: /home/jmj/pro_asp_ws/ws_px4_controls/install/px4_msgs/share/px4_msgs/msg/UlogStreamAck.msg\n'}
[0.972423] (px4_msgs) StdoutLine: {'line': b'-- Up-to-date: /home/jmj/pro_asp_ws/ws_px4_controls/install/px4_msgs/share/px4_msgs/msg/UnregisterExtComponent.msg\n'}
[0.972903] (px4_msgs) StdoutLine: {'line': b'-- Up-to-date: /home/jmj/pro_asp_ws/ws_px4_controls/install/px4_msgs/share/px4_msgs/msg/VehicleAcceleration.msg\n'}
[0.973423] (px4_msgs) StdoutLine: {'line': b'-- Up-to-date: /home/jmj/pro_asp_ws/ws_px4_controls/install/px4_msgs/share/px4_msgs/msg/VehicleAirData.msg\n'}
[0.973782] (px4_msgs) StdoutLine: {'line': b'-- Up-to-date: /home/jmj/pro_asp_ws/ws_px4_controls/install/px4_msgs/share/px4_msgs/msg/VehicleAngularAccelerationSetpoint.msg\n'}
[0.974127] (px4_msgs) StdoutLine: {'line': b'-- Up-to-date: /home/jmj/pro_asp_ws/ws_px4_controls/install/px4_msgs/share/px4_msgs/msg/VehicleAngularVelocity.msg\n'}
[0.974553] (px4_msgs) StdoutLine: {'line': b'-- Up-to-date: /home/jmj/pro_asp_ws/ws_px4_controls/install/px4_msgs/share/px4_msgs/msg/VehicleAttitude.msg\n'}
[0.975139] (px4_msgs) StdoutLine: {'line': b'-- Up-to-date: /home/jmj/pro_asp_ws/ws_px4_controls/install/px4_msgs/share/px4_msgs/msg/VehicleAttitudeSetpoint.msg\n'}
[0.975786] (px4_msgs) StdoutLine: {'line': b'-- Up-to-date: /home/jmj/pro_asp_ws/ws_px4_controls/install/px4_msgs/share/px4_msgs/msg/VehicleCommand.msg\n'}
[0.975911] (px4_msgs) StdoutLine: {'line': b'-- Up-to-date: /home/jmj/pro_asp_ws/ws_px4_controls/install/px4_msgs/share/px4_msgs/msg/VehicleCommandAck.msg\n'}
[0.976609] (px4_msgs) StdoutLine: {'line': b'-- Up-to-date: /home/jmj/pro_asp_ws/ws_px4_controls/install/px4_msgs/share/px4_msgs/msg/VehicleConstraints.msg\n'}
[0.977297] (px4_msgs) StdoutLine: {'line': b'-- Up-to-date: /home/jmj/pro_asp_ws/ws_px4_controls/install/px4_msgs/share/px4_msgs/msg/VehicleControlMode.msg\n'}
[0.977509] (px4_msgs) StdoutLine: {'line': b'-- Up-to-date: /home/jmj/pro_asp_ws/ws_px4_controls/install/px4_msgs/share/px4_msgs/msg/VehicleGlobalPosition.msg\n'}
[0.977800] (px4_msgs) StdoutLine: {'line': b'-- Up-to-date: /home/jmj/pro_asp_ws/ws_px4_controls/install/px4_msgs/share/px4_msgs/msg/VehicleImu.msg\n'}
[0.978224] (px4_msgs) StdoutLine: {'line': b'-- Up-to-date: /home/jmj/pro_asp_ws/ws_px4_controls/install/px4_msgs/share/px4_msgs/msg/VehicleImuStatus.msg\n'}
[0.978782] (px4_msgs) StdoutLine: {'line': b'-- Up-to-date: /home/jmj/pro_asp_ws/ws_px4_controls/install/px4_msgs/share/px4_msgs/msg/VehicleLandDetected.msg\n'}
[0.979153] (px4_msgs) StdoutLine: {'line': b'-- Up-to-date: /home/jmj/pro_asp_ws/ws_px4_controls/install/px4_msgs/share/px4_msgs/msg/VehicleLocalPosition.msg\n'}
[0.979549] (px4_msgs) StdoutLine: {'line': b'-- Up-to-date: /home/jmj/pro_asp_ws/ws_px4_controls/install/px4_msgs/share/px4_msgs/msg/VehicleLocalPositionSetpoint.msg\n'}
[0.980000] (px4_msgs) StdoutLine: {'line': b'-- Up-to-date: /home/jmj/pro_asp_ws/ws_px4_controls/install/px4_msgs/share/px4_msgs/msg/VehicleMagnetometer.msg\n'}
[0.980644] (px4_msgs) StdoutLine: {'line': b'-- Up-to-date: /home/jmj/pro_asp_ws/ws_px4_controls/install/px4_msgs/share/px4_msgs/msg/VehicleOdometry.msg\n'}
[0.980985] (px4_msgs) StdoutLine: {'line': b'-- Up-to-date: /home/jmj/pro_asp_ws/ws_px4_controls/install/px4_msgs/share/px4_msgs/msg/VehicleOpticalFlow.msg\n'}
[0.981354] (px4_msgs) StdoutLine: {'line': b'-- Up-to-date: /home/jmj/pro_asp_ws/ws_px4_controls/install/px4_msgs/share/px4_msgs/msg/VehicleOpticalFlowVel.msg\n'}
[0.981870] (px4_msgs) StdoutLine: {'line': b'-- Up-to-date: /home/jmj/pro_asp_ws/ws_px4_controls/install/px4_msgs/share/px4_msgs/msg/VehicleRatesSetpoint.msg\n'}
[0.982413] (px4_msgs) StdoutLine: {'line': b'-- Up-to-date: /home/jmj/pro_asp_ws/ws_px4_controls/install/px4_msgs/share/px4_msgs/msg/VehicleRoi.msg\n'}
[0.982765] (px4_msgs) StdoutLine: {'line': b'-- Up-to-date: /home/jmj/pro_asp_ws/ws_px4_controls/install/px4_msgs/share/px4_msgs/msg/VehicleStatus.msg\n'}
[0.983091] (px4_msgs) StdoutLine: {'line': b'-- Up-to-date: /home/jmj/pro_asp_ws/ws_px4_controls/install/px4_msgs/share/px4_msgs/msg/VehicleThrustSetpoint.msg\n'}
[0.983572] (px4_msgs) StdoutLine: {'line': b'-- Up-to-date: /home/jmj/pro_asp_ws/ws_px4_controls/install/px4_msgs/share/px4_msgs/msg/VehicleTorqueSetpoint.msg\n'}
[0.985004] (px4_msgs) StdoutLine: {'line': b'-- Up-to-date: /home/jmj/pro_asp_ws/ws_px4_controls/install/px4_msgs/share/px4_msgs/msg/VelocityLimits.msg\n'}
[0.985175] (px4_msgs) StdoutLine: {'line': b'-- Up-to-date: /home/jmj/pro_asp_ws/ws_px4_controls/install/px4_msgs/share/px4_msgs/msg/VtolVehicleStatus.msg\n'}
[0.985249] (px4_msgs) StdoutLine: {'line': b'-- Up-to-date: /home/jmj/pro_asp_ws/ws_px4_controls/install/px4_msgs/share/px4_msgs/msg/WheelEncoders.msg\n'}
[0.985301] (px4_msgs) StdoutLine: {'line': b'-- Up-to-date: /home/jmj/pro_asp_ws/ws_px4_controls/install/px4_msgs/share/px4_msgs/msg/Wind.msg\n'}
[0.985779] (px4_msgs) StdoutLine: {'line': b'-- Up-to-date: /home/jmj/pro_asp_ws/ws_px4_controls/install/px4_msgs/share/px4_msgs/msg/YawEstimatorStatus.msg\n'}
[0.986424] (px4_msgs) StdoutLine: {'line': b'-- Up-to-date: /home/jmj/pro_asp_ws/ws_px4_controls/install/px4_msgs/share/px4_msgs/srv/VehicleCommand.srv\n'}
[0.986558] (px4_msgs) StdoutLine: {'line': b'-- Up-to-date: /home/jmj/pro_asp_ws/ws_px4_controls/install/px4_msgs/share/px4_msgs/srv/VehicleCommand_Request.msg\n'}
[0.987184] (px4_msgs) StdoutLine: {'line': b'-- Up-to-date: /home/jmj/pro_asp_ws/ws_px4_controls/install/px4_msgs/share/px4_msgs/srv/VehicleCommand_Response.msg\n'}
[0.987694] (px4_msgs) StdoutLine: {'line': b'-- Up-to-date: /home/jmj/pro_asp_ws/ws_px4_controls/install/px4_msgs/share/ament_index/resource_index/package_run_dependencies/px4_msgs\n'}
[0.988075] (px4_msgs) StdoutLine: {'line': b'-- Up-to-date: /home/jmj/pro_asp_ws/ws_px4_controls/install/px4_msgs/share/ament_index/resource_index/parent_prefix_path/px4_msgs\n'}
[0.988430] (px4_msgs) StdoutLine: {'line': b'-- Up-to-date: /home/jmj/pro_asp_ws/ws_px4_controls/install/px4_msgs/share/px4_msgs/environment/ament_prefix_path.sh\n'}
[0.988861] (px4_msgs) StdoutLine: {'line': b'-- Up-to-date: /home/jmj/pro_asp_ws/ws_px4_controls/install/px4_msgs/share/px4_msgs/environment/ament_prefix_path.dsv\n'}
[0.989396] (px4_msgs) StdoutLine: {'line': b'-- Up-to-date: /home/jmj/pro_asp_ws/ws_px4_controls/install/px4_msgs/share/px4_msgs/environment/path.sh\n'}
[0.989753] (px4_msgs) StdoutLine: {'line': b'-- Up-to-date: /home/jmj/pro_asp_ws/ws_px4_controls/install/px4_msgs/share/px4_msgs/environment/path.dsv\n'}
[0.990048] (px4_msgs) StdoutLine: {'line': b'-- Up-to-date: /home/jmj/pro_asp_ws/ws_px4_controls/install/px4_msgs/share/px4_msgs/local_setup.bash\n'}
[0.990482] (px4_msgs) StdoutLine: {'line': b'-- Up-to-date: /home/jmj/pro_asp_ws/ws_px4_controls/install/px4_msgs/share/px4_msgs/local_setup.sh\n'}
[0.991899] (px4_msgs) StdoutLine: {'line': b'-- Up-to-date: /home/jmj/pro_asp_ws/ws_px4_controls/install/px4_msgs/share/px4_msgs/local_setup.zsh\n'}
[0.992098] (px4_msgs) StdoutLine: {'line': b'-- Up-to-date: /home/jmj/pro_asp_ws/ws_px4_controls/install/px4_msgs/share/px4_msgs/local_setup.dsv\n'}
[0.992168] (px4_msgs) StdoutLine: {'line': b'-- Installing: /home/jmj/pro_asp_ws/ws_px4_controls/install/px4_msgs/share/px4_msgs/package.dsv\n'}
[0.992757] (px4_msgs) StdoutLine: {'line': b'-- Up-to-date: /home/jmj/pro_asp_ws/ws_px4_controls/install/px4_msgs/share/ament_index/resource_index/packages/px4_msgs\n'}
[0.993496] (px4_msgs) StdoutLine: {'line': b'-- Up-to-date: /home/jmj/pro_asp_ws/ws_px4_controls/install/px4_msgs/share/px4_msgs/cmake/export_px4_msgs__rosidl_generator_cExport.cmake\n'}
[0.994431] (px4_msgs) StdoutLine: {'line': b'-- Up-to-date: /home/jmj/pro_asp_ws/ws_px4_controls/install/px4_msgs/share/px4_msgs/cmake/export_px4_msgs__rosidl_generator_cExport-noconfig.cmake\n'}
[0.994562] (px4_msgs) StdoutLine: {'line': b'-- Up-to-date: /home/jmj/pro_asp_ws/ws_px4_controls/install/px4_msgs/share/px4_msgs/cmake/export_px4_msgs__rosidl_typesupport_fastrtps_cExport.cmake\n'}
[0.994720] (px4_msgs) StdoutLine: {'line': b'-- Up-to-date: /home/jmj/pro_asp_ws/ws_px4_controls/install/px4_msgs/share/px4_msgs/cmake/export_px4_msgs__rosidl_typesupport_fastrtps_cExport-noconfig.cmake\n'}
[0.995247] (px4_msgs) StdoutLine: {'line': b'-- Up-to-date: /home/jmj/pro_asp_ws/ws_px4_controls/install/px4_msgs/share/px4_msgs/cmake/export_px4_msgs__rosidl_generator_cppExport.cmake\n'}
[0.995709] (px4_msgs) StdoutLine: {'line': b'-- Up-to-date: /home/jmj/pro_asp_ws/ws_px4_controls/install/px4_msgs/share/px4_msgs/cmake/export_px4_msgs__rosidl_typesupport_fastrtps_cppExport.cmake\n'}
[0.995818] (px4_msgs) StdoutLine: {'line': b'-- Up-to-date: /home/jmj/pro_asp_ws/ws_px4_controls/install/px4_msgs/share/px4_msgs/cmake/export_px4_msgs__rosidl_typesupport_fastrtps_cppExport-noconfig.cmake\n'}
[0.996393] (px4_msgs) StdoutLine: {'line': b'-- Up-to-date: /home/jmj/pro_asp_ws/ws_px4_controls/install/px4_msgs/share/px4_msgs/cmake/px4_msgs__rosidl_typesupport_introspection_cExport.cmake\n'}
[0.996786] (px4_msgs) StdoutLine: {'line': b'-- Up-to-date: /home/jmj/pro_asp_ws/ws_px4_controls/install/px4_msgs/share/px4_msgs/cmake/px4_msgs__rosidl_typesupport_introspection_cExport-noconfig.cmake\n'}
[0.997073] (px4_msgs) StdoutLine: {'line': b'-- Up-to-date: /home/jmj/pro_asp_ws/ws_px4_controls/install/px4_msgs/share/px4_msgs/cmake/px4_msgs__rosidl_typesupport_cExport.cmake\n'}
[0.997337] (px4_msgs) StdoutLine: {'line': b'-- Up-to-date: /home/jmj/pro_asp_ws/ws_px4_controls/install/px4_msgs/share/px4_msgs/cmake/px4_msgs__rosidl_typesupport_cExport-noconfig.cmake\n'}
[0.997705] (px4_msgs) StdoutLine: {'line': b'-- Up-to-date: /home/jmj/pro_asp_ws/ws_px4_controls/install/px4_msgs/share/px4_msgs/cmake/px4_msgs__rosidl_typesupport_introspection_cppExport.cmake\n'}
[0.998109] (px4_msgs) StdoutLine: {'line': b'-- Up-to-date: /home/jmj/pro_asp_ws/ws_px4_controls/install/px4_msgs/share/px4_msgs/cmake/px4_msgs__rosidl_typesupport_introspection_cppExport-noconfig.cmake\n'}
[0.998476] (px4_msgs) StdoutLine: {'line': b'-- Up-to-date: /home/jmj/pro_asp_ws/ws_px4_controls/install/px4_msgs/share/px4_msgs/cmake/px4_msgs__rosidl_typesupport_cppExport.cmake\n'}
[0.998773] (px4_msgs) StdoutLine: {'line': b'-- Up-to-date: /home/jmj/pro_asp_ws/ws_px4_controls/install/px4_msgs/share/px4_msgs/cmake/px4_msgs__rosidl_typesupport_cppExport-noconfig.cmake\n'}
[0.999239] (px4_msgs) StdoutLine: {'line': b'-- Up-to-date: /home/jmj/pro_asp_ws/ws_px4_controls/install/px4_msgs/share/px4_msgs/cmake/export_px4_msgs__rosidl_generator_pyExport.cmake\n'}
[0.999808] (px4_msgs) StdoutLine: {'line': b'-- Up-to-date: /home/jmj/pro_asp_ws/ws_px4_controls/install/px4_msgs/share/px4_msgs/cmake/export_px4_msgs__rosidl_generator_pyExport-noconfig.cmake\n'}
[1.000023] (px4_msgs) StdoutLine: {'line': b'-- Up-to-date: /home/jmj/pro_asp_ws/ws_px4_controls/install/px4_msgs/share/px4_msgs/cmake/rosidl_cmake-extras.cmake\n'}
[1.000314] (px4_msgs) StdoutLine: {'line': b'-- Up-to-date: /home/jmj/pro_asp_ws/ws_px4_controls/install/px4_msgs/share/px4_msgs/cmake/ament_cmake_export_dependencies-extras.cmake\n'}
[1.000720] (px4_msgs) StdoutLine: {'line': b'-- Up-to-date: /home/jmj/pro_asp_ws/ws_px4_controls/install/px4_msgs/share/px4_msgs/cmake/ament_cmake_export_include_directories-extras.cmake\n'}
[1.000980] (-) TimerEvent: {}
[1.001269] (px4_msgs) StdoutLine: {'line': b'-- Up-to-date: /home/jmj/pro_asp_ws/ws_px4_controls/install/px4_msgs/share/px4_msgs/cmake/ament_cmake_export_libraries-extras.cmake\n'}
[1.001854] (px4_msgs) StdoutLine: {'line': b'-- Up-to-date: /home/jmj/pro_asp_ws/ws_px4_controls/install/px4_msgs/share/px4_msgs/cmake/ament_cmake_export_targets-extras.cmake\n'}
[1.002213] (px4_msgs) StdoutLine: {'line': b'-- Up-to-date: /home/jmj/pro_asp_ws/ws_px4_controls/install/px4_msgs/share/px4_msgs/cmake/rosidl_cmake_export_typesupport_targets-extras.cmake\n'}
[1.002500] (px4_msgs) StdoutLine: {'line': b'-- Up-to-date: /home/jmj/pro_asp_ws/ws_px4_controls/install/px4_msgs/share/px4_msgs/cmake/rosidl_cmake_export_typesupport_libraries-extras.cmake\n'}
[1.002973] (px4_msgs) StdoutLine: {'line': b'-- Up-to-date: /home/jmj/pro_asp_ws/ws_px4_controls/install/px4_msgs/share/px4_msgs/cmake/px4_msgsConfig.cmake\n'}
[1.003089] (px4_msgs) StdoutLine: {'line': b'-- Up-to-date: /home/jmj/pro_asp_ws/ws_px4_controls/install/px4_msgs/share/px4_msgs/cmake/px4_msgsConfig-version.cmake\n'}
[1.003407] (px4_msgs) StdoutLine: {'line': b'-- Up-to-date: /home/jmj/pro_asp_ws/ws_px4_controls/install/px4_msgs/share/px4_msgs/package.xml\n'}
[1.008396] (px4_msgs) CommandEnded: {'returncode': 0}
[1.032184] (px4_msgs) JobEnded: {'identifier': 'px4_msgs', 'rc': 0}
[1.034942] (px4_ros_com) JobStarted: {'identifier': 'px4_ros_com'}
[1.038320] (uav_controller_pkg) JobStarted: {'identifier': 'uav_controller_pkg'}
[1.043761] (utilities_pkg) JobStarted: {'identifier': 'utilities_pkg'}
[1.052305] (px4_ros_com) JobProgress: {'identifier': 'px4_ros_com', 'progress': 'cmake'}
[1.052903] (px4_ros_com) JobProgress: {'identifier': 'px4_ros_com', 'progress': 'build'}
[1.053096] (px4_ros_com) Command: {'cmd': ['/usr/bin/cmake', '--build', '/home/jmj/pro_asp_ws/ws_px4_controls/build/px4_ros_com', '--', '-j20', '-l20'], 'cwd': '/home/jmj/pro_asp_ws/ws_px4_controls/build/px4_ros_com', 'env': OrderedDict([('LESSOPEN', '| /usr/bin/lesspipe %s'), ('USER', 'jmj'), ('LC_TIME', 'ko_KR.UTF-8'), ('CCACHE_DIR', '/var/tmp/ccache'), ('XDG_SESSION_TYPE', 'x11'), ('SHLVL', '1'), ('LD_LIBRARY_PATH', '/home/jmj/pro_asp_ws/ws_px4_controls/install/px4_msgs/lib:/home/jmj/pro_asp_ws/ws_aruco/install/aruco_interfaces/lib:/home/jmj/pro_asp_ws/ws_aruco/install/multi_tracker/lib:/home/jmj/pro_asp_ws/ws_aruco/install/image_geometry/lib:/home/jmj/pro_asp_ws/ws_aruco/install/cv_bridge/lib:/home/jmj/pro_asp_ws/ws_px4_controls/install/px4_ros_com/lib:/opt/ros/humble/opt/rviz_ogre_vendor/lib:/opt/ros/humble/lib/x86_64-linux-gnu:/opt/ros/humble/lib:/usr/local/cuda/lib64'), ('HOME', '/home/jmj'), ('OLDPWD', '/home/jmj/pro_asp_ws'), ('DESKTOP_SESSION', 'ubuntu'), ('NVM_BIN', '/home/jmj/.nvm/versions/node/v22.14.0/bin'), ('NVM_INC', '/home/jmj/.nvm/versions/node/v22.14.0/include/node'), ('ROS_PYTHON_VERSION', '3'), ('GNOME_SHELL_SESSION_MODE', 'ubuntu'), ('GTK_MODULES', 'gail:atk-bridge'), ('LC_MONETARY', 'ko_KR.UTF-8'), ('MANAGERPID', '1020'), ('SYSTEMD_EXEC_PID', '2153'), ('DBUS_SESSION_BUS_ADDRESS', 'unix:path=/run/user/1000/bus'), ('COLORTERM', 'truecolor'), ('TERMINATOR_DBUS_NAME', 'net.tenshu.Terminator21a9d5db22c73a993ff0b42f64b396873'), ('GIO_LAUNCHED_DESKTOP_FILE_PID', '4545'), ('NVM_DIR', '/home/jmj/.nvm'), ('IM_CONFIG_PHASE', '1'), ('COLCON_PREFIX_PATH', '/home/jmj/pro_asp_ws/ws_aruco/install:/home/jmj/pro_asp_ws/ws_px4_controls/install'), ('ROS_DISTRO', 'humble'), ('GTK_IM_MODULE', 'ibus'), ('LOGNAME', 'jmj'), ('JOURNAL_STREAM', '8:7695'), ('_', '/usr/bin/colcon'), ('ROS_VERSION', '2'), ('XDG_SESSION_CLASS', 'user'), ('USERNAME', 'jmj'), ('TERM', 'xterm-256color'), ('GNOME_DESKTOP_SESSION_ID', 'this-is-deprecated'), ('ROS_LOCALHOST_ONLY', '0'), ('WINDOWPATH', '2'), ('PATH', '/home/jmj/anaconda3/bin:/usr/bin:/opt/ros/humble/bin:/home/jmj/.nvm/versions/node/v22.14.0/bin:/usr/local/cuda/bin:/home/jmj/.cargo/bin:/usr/local/sbin:/usr/local/bin:/usr/sbin:/usr/bin:/sbin:/bin:/usr/games:/usr/local/games:/snap/bin:/snap/bin:/home/jmj/.local/bin'), ('SESSION_MANAGER', 'local/jmj:@/tmp/.ICE-unix/1927,unix/jmj:/tmp/.ICE-unix/1927'), ('INVOCATION_ID', '76055a6707e341d29d392405f8760929'), ('XDG_MENU_PREFIX', 'gnome-'), ('LC_ADDRESS', 'ko_KR.UTF-8'), ('XDG_RUNTIME_DIR', '/run/user/1000'), ('DISPLAY', ':0'), ('TERMINATOR_DBUS_PATH', '/net/tenshu/Terminator2'), ('LANG', 'en_US.UTF-8'), ('XDG_CURRENT_DESKTOP', 'ubuntu:GNOME'), ('IBUS_DISABLE_SNOOPER', '1'), ('LC_TELEPHONE', 'ko_KR.UTF-8'), ('XMODIFIERS', '@im=ibus'), ('XDG_SESSION_DESKTOP', 'ubuntu'), ('XAUTHORITY', '/run/user/1000/gdm/Xauthority'), ('LS_COLORS', 'rs=0:di=01;34:ln=01;36:mh=00:pi=40;33:so=01;35:do=01;35:bd=40;33;01:cd=40;33;01:or=40;31;01:mi=00:su=37;41:sg=30;43:ca=30;41:tw=30;42:ow=34;42:st=37;44:ex=01;32:*.tar=01;31:*.tgz=01;31:*.arc=01;31:*.arj=01;31:*.taz=01;31:*.lha=01;31:*.lz4=01;31:*.lzh=01;31:*.lzma=01;31:*.tlz=01;31:*.txz=01;31:*.tzo=01;31:*.t7z=01;31:*.zip=01;31:*.z=01;31:*.dz=01;31:*.gz=01;31:*.lrz=01;31:*.lz=01;31:*.lzo=01;31:*.xz=01;31:*.zst=01;31:*.tzst=01;31:*.bz2=01;31:*.bz=01;31:*.tbz=01;31:*.tbz2=01;31:*.tz=01;31:*.deb=01;31:*.rpm=01;31:*.jar=01;31:*.war=01;31:*.ear=01;31:*.sar=01;31:*.rar=01;31:*.alz=01;31:*.ace=01;31:*.zoo=01;31:*.cpio=01;31:*.7z=01;31:*.rz=01;31:*.cab=01;31:*.wim=01;31:*.swm=01;31:*.dwm=01;31:*.esd=01;31:*.jpg=01;35:*.jpeg=01;35:*.mjpg=01;35:*.mjpeg=01;35:*.gif=01;35:*.bmp=01;35:*.pbm=01;35:*.pgm=01;35:*.ppm=01;35:*.tga=01;35:*.xbm=01;35:*.xpm=01;35:*.tif=01;35:*.tiff=01;35:*.png=01;35:*.svg=01;35:*.svgz=01;35:*.mng=01;35:*.pcx=01;35:*.mov=01;35:*.mpg=01;35:*.mpeg=01;35:*.m2v=01;35:*.mkv=01;35:*.webm=01;35:*.webp=01;35:*.ogm=01;35:*.mp4=01;35:*.m4v=01;35:*.mp4v=01;35:*.vob=01;35:*.qt=01;35:*.nuv=01;35:*.wmv=01;35:*.asf=01;35:*.rm=01;35:*.rmvb=01;35:*.flc=01;35:*.avi=01;35:*.fli=01;35:*.flv=01;35:*.gl=01;35:*.dl=01;35:*.xcf=01;35:*.xwd=01;35:*.yuv=01;35:*.cgm=01;35:*.emf=01;35:*.ogv=01;35:*.ogx=01;35:*.aac=00;36:*.au=00;36:*.flac=00;36:*.m4a=00;36:*.mid=00;36:*.midi=00;36:*.mka=00;36:*.mp3=00;36:*.mpc=00;36:*.ogg=00;36:*.ra=00;36:*.wav=00;36:*.oga=00;36:*.opus=00;36:*.spx=00;36:*.xspf=00;36:'), ('SSH_AGENT_LAUNCHER', 'gnome-keyring'), ('SSH_AUTH_SOCK', '/run/user/1000/keyring/ssh'), ('AMENT_PREFIX_PATH', '/home/jmj/pro_asp_ws/ws_aruco/install/aruco_interfaces:/home/jmj/pro_asp_ws/ws_aruco/install/vision_opencv:/home/jmj/pro_asp_ws/ws_aruco/install/opencv_tests:/home/jmj/pro_asp_ws/ws_aruco/install/multi_tracker:/home/jmj/pro_asp_ws/ws_aruco/install/image_geometry:/home/jmj/pro_asp_ws/ws_aruco/install/cv_bridge:/home/jmj/pro_asp_ws/ws_px4_controls/install/utilities_pkg:/home/jmj/pro_asp_ws/ws_px4_controls/install/uav_controller_pkg:/home/jmj/pro_asp_ws/ws_px4_controls/install/px4_ros_com:/home/jmj/pro_asp_ws/ws_px4_controls/install/px4_msgs:/opt/ros/humble'), ('SHELL', '/bin/bash'), ('LC_NAME', 'ko_KR.UTF-8'), ('TERMINATOR_UUID', 'urn:uuid:ac10e9f5-7634-4617-a685-a5192a4cf882'), ('QT_ACCESSIBILITY', '1'), ('CXX', '/usr/lib/ccache/g++'), ('GDMSESSION', 'ubuntu'), ('LESSCLOSE', '/usr/bin/lesspipe %s %s'), ('LC_MEASUREMENT', 'ko_KR.UTF-8'), ('GPG_AGENT_INFO', '/run/user/1000/gnupg/S.gpg-agent:0:1'), ('LC_IDENTIFICATION', 'ko_KR.UTF-8'), ('QT_IM_MODULE', 'ibus'), ('PWD', '/home/jmj/pro_asp_ws/ws_px4_controls/build/px4_ros_com'), ('LC_ALL', 'en_US.UTF-8'), ('XDG_CONFIG_DIRS', '/etc/xdg/xdg-ubuntu:/etc/xdg'), ('NVM_CD_FLAGS', ''), ('XDG_DATA_DIRS', '/usr/share/ubuntu:/usr/share/gnome:/usr/local/share/:/usr/share/:/var/lib/snapd/desktop'), ('PYTHONPATH', '/home/jmj/pro_asp_ws/ws_aruco/install/aruco_interfaces/local/lib/python3.10/dist-packages:/home/jmj/pro_asp_ws/ws_aruco/install/multi_tracker/local/lib/python3.10/dist-packages:/home/jmj/pro_asp_ws/ws_aruco/install/opencv_tests/lib/python3.10/site-packages:/home/jmj/pro_asp_ws/ws_aruco/install/image_geometry/local/lib/python3.10/dist-packages:/home/jmj/pro_asp_ws/ws_aruco/install/cv_bridge/local/lib/python3.10/dist-packages:/home/jmj/pro_asp_ws/ws_px4_controls/install/px4_ros_com/local/lib/python3.10/dist-packages:/home/jmj/pro_asp_ws/ws_px4_controls/install/px4_msgs/local/lib/python3.10/dist-packages:/opt/ros/humble/lib/python3.10/site-packages:/opt/ros/humble/local/lib/python3.10/dist-packages'), ('LC_NUMERIC', 'ko_KR.UTF-8'), ('LC_PAPER', 'ko_KR.UTF-8'), ('CC', '/usr/lib/ccache/gcc'), ('COLCON', '1'), ('VTE_VERSION', '6800'), ('CMAKE_PREFIX_PATH', '/home/jmj/pro_asp_ws/ws_px4_controls/install/px4_msgs:/home/jmj/pro_asp_ws/ws_aruco/install/aruco_interfaces:/home/jmj/pro_asp_ws/ws_aruco/install/vision_opencv:/home/jmj/pro_asp_ws/ws_aruco/install/multi_tracker:/home/jmj/pro_asp_ws/ws_aruco/install/image_geometry:/home/jmj/pro_asp_ws/ws_aruco/install/cv_bridge:/home/jmj/pro_asp_ws/ws_px4_controls/install/utilities_pkg:/home/jmj/pro_asp_ws/ws_px4_controls/install/uav_controller_pkg:/home/jmj/pro_asp_ws/ws_px4_controls/install/px4_ros_com:/home/jmj/pro_asp_ws/ws_aruco/install/opencv_tests:/opt/ros/humble')]), 'shell': False}
[1.054932] (uav_controller_pkg) JobProgress: {'identifier': 'uav_controller_pkg', 'progress': 'cmake'}
[1.055660] (uav_controller_pkg) JobProgress: {'identifier': 'uav_controller_pkg', 'progress': 'build'}
[1.055937] (uav_controller_pkg) Command: {'cmd': ['/usr/bin/cmake', '--build', '/home/jmj/pro_asp_ws/ws_px4_controls/build/uav_controller_pkg', '--', '-j20', '-l20'], 'cwd': '/home/jmj/pro_asp_ws/ws_px4_controls/build/uav_controller_pkg', 'env': OrderedDict([('LESSOPEN', '| /usr/bin/lesspipe %s'), ('USER', 'jmj'), ('LC_TIME', 'ko_KR.UTF-8'), ('CCACHE_DIR', '/var/tmp/ccache'), ('XDG_SESSION_TYPE', 'x11'), ('SHLVL', '1'), ('LD_LIBRARY_PATH', '/home/jmj/pro_asp_ws/ws_px4_controls/install/px4_msgs/lib:/home/jmj/pro_asp_ws/ws_aruco/install/aruco_interfaces/lib:/home/jmj/pro_asp_ws/ws_aruco/install/multi_tracker/lib:/home/jmj/pro_asp_ws/ws_aruco/install/image_geometry/lib:/home/jmj/pro_asp_ws/ws_aruco/install/cv_bridge/lib:/home/jmj/pro_asp_ws/ws_px4_controls/install/px4_ros_com/lib:/opt/ros/humble/opt/rviz_ogre_vendor/lib:/opt/ros/humble/lib/x86_64-linux-gnu:/opt/ros/humble/lib:/usr/local/cuda/lib64'), ('HOME', '/home/jmj'), ('OLDPWD', '/home/jmj/pro_asp_ws'), ('DESKTOP_SESSION', 'ubuntu'), ('NVM_BIN', '/home/jmj/.nvm/versions/node/v22.14.0/bin'), ('NVM_INC', '/home/jmj/.nvm/versions/node/v22.14.0/include/node'), ('ROS_PYTHON_VERSION', '3'), ('GNOME_SHELL_SESSION_MODE', 'ubuntu'), ('GTK_MODULES', 'gail:atk-bridge'), ('LC_MONETARY', 'ko_KR.UTF-8'), ('MANAGERPID', '1020'), ('SYSTEMD_EXEC_PID', '2153'), ('DBUS_SESSION_BUS_ADDRESS', 'unix:path=/run/user/1000/bus'), ('COLORTERM', 'truecolor'), ('TERMINATOR_DBUS_NAME', 'net.tenshu.Terminator21a9d5db22c73a993ff0b42f64b396873'), ('GIO_LAUNCHED_DESKTOP_FILE_PID', '4545'), ('NVM_DIR', '/home/jmj/.nvm'), ('IM_CONFIG_PHASE', '1'), ('COLCON_PREFIX_PATH', '/home/jmj/pro_asp_ws/ws_aruco/install:/home/jmj/pro_asp_ws/ws_px4_controls/install'), ('ROS_DISTRO', 'humble'), ('GTK_IM_MODULE', 'ibus'), ('LOGNAME', 'jmj'), ('JOURNAL_STREAM', '8:7695'), ('_', '/usr/bin/colcon'), ('ROS_VERSION', '2'), ('XDG_SESSION_CLASS', 'user'), ('USERNAME', 'jmj'), ('TERM', 'xterm-256color'), ('GNOME_DESKTOP_SESSION_ID', 'this-is-deprecated'), ('ROS_LOCALHOST_ONLY', '0'), ('WINDOWPATH', '2'), ('PATH', '/home/jmj/anaconda3/bin:/usr/bin:/opt/ros/humble/bin:/home/jmj/.nvm/versions/node/v22.14.0/bin:/usr/local/cuda/bin:/home/jmj/.cargo/bin:/usr/local/sbin:/usr/local/bin:/usr/sbin:/usr/bin:/sbin:/bin:/usr/games:/usr/local/games:/snap/bin:/snap/bin:/home/jmj/.local/bin'), ('SESSION_MANAGER', 'local/jmj:@/tmp/.ICE-unix/1927,unix/jmj:/tmp/.ICE-unix/1927'), ('INVOCATION_ID', '76055a6707e341d29d392405f8760929'), ('XDG_MENU_PREFIX', 'gnome-'), ('LC_ADDRESS', 'ko_KR.UTF-8'), ('XDG_RUNTIME_DIR', '/run/user/1000'), ('DISPLAY', ':0'), ('TERMINATOR_DBUS_PATH', '/net/tenshu/Terminator2'), ('LANG', 'en_US.UTF-8'), ('XDG_CURRENT_DESKTOP', 'ubuntu:GNOME'), ('IBUS_DISABLE_SNOOPER', '1'), ('LC_TELEPHONE', 'ko_KR.UTF-8'), ('XMODIFIERS', '@im=ibus'), ('XDG_SESSION_DESKTOP', 'ubuntu'), ('XAUTHORITY', '/run/user/1000/gdm/Xauthority'), ('LS_COLORS', 'rs=0:di=01;34:ln=01;36:mh=00:pi=40;33:so=01;35:do=01;35:bd=40;33;01:cd=40;33;01:or=40;31;01:mi=00:su=37;41:sg=30;43:ca=30;41:tw=30;42:ow=34;42:st=37;44:ex=01;32:*.tar=01;31:*.tgz=01;31:*.arc=01;31:*.arj=01;31:*.taz=01;31:*.lha=01;31:*.lz4=01;31:*.lzh=01;31:*.lzma=01;31:*.tlz=01;31:*.txz=01;31:*.tzo=01;31:*.t7z=01;31:*.zip=01;31:*.z=01;31:*.dz=01;31:*.gz=01;31:*.lrz=01;31:*.lz=01;31:*.lzo=01;31:*.xz=01;31:*.zst=01;31:*.tzst=01;31:*.bz2=01;31:*.bz=01;31:*.tbz=01;31:*.tbz2=01;31:*.tz=01;31:*.deb=01;31:*.rpm=01;31:*.jar=01;31:*.war=01;31:*.ear=01;31:*.sar=01;31:*.rar=01;31:*.alz=01;31:*.ace=01;31:*.zoo=01;31:*.cpio=01;31:*.7z=01;31:*.rz=01;31:*.cab=01;31:*.wim=01;31:*.swm=01;31:*.dwm=01;31:*.esd=01;31:*.jpg=01;35:*.jpeg=01;35:*.mjpg=01;35:*.mjpeg=01;35:*.gif=01;35:*.bmp=01;35:*.pbm=01;35:*.pgm=01;35:*.ppm=01;35:*.tga=01;35:*.xbm=01;35:*.xpm=01;35:*.tif=01;35:*.tiff=01;35:*.png=01;35:*.svg=01;35:*.svgz=01;35:*.mng=01;35:*.pcx=01;35:*.mov=01;35:*.mpg=01;35:*.mpeg=01;35:*.m2v=01;35:*.mkv=01;35:*.webm=01;35:*.webp=01;35:*.ogm=01;35:*.mp4=01;35:*.m4v=01;35:*.mp4v=01;35:*.vob=01;35:*.qt=01;35:*.nuv=01;35:*.wmv=01;35:*.asf=01;35:*.rm=01;35:*.rmvb=01;35:*.flc=01;35:*.avi=01;35:*.fli=01;35:*.flv=01;35:*.gl=01;35:*.dl=01;35:*.xcf=01;35:*.xwd=01;35:*.yuv=01;35:*.cgm=01;35:*.emf=01;35:*.ogv=01;35:*.ogx=01;35:*.aac=00;36:*.au=00;36:*.flac=00;36:*.m4a=00;36:*.mid=00;36:*.midi=00;36:*.mka=00;36:*.mp3=00;36:*.mpc=00;36:*.ogg=00;36:*.ra=00;36:*.wav=00;36:*.oga=00;36:*.opus=00;36:*.spx=00;36:*.xspf=00;36:'), ('SSH_AGENT_LAUNCHER', 'gnome-keyring'), ('SSH_AUTH_SOCK', '/run/user/1000/keyring/ssh'), ('AMENT_PREFIX_PATH', '/home/jmj/pro_asp_ws/ws_aruco/install/aruco_interfaces:/home/jmj/pro_asp_ws/ws_aruco/install/vision_opencv:/home/jmj/pro_asp_ws/ws_aruco/install/opencv_tests:/home/jmj/pro_asp_ws/ws_aruco/install/multi_tracker:/home/jmj/pro_asp_ws/ws_aruco/install/image_geometry:/home/jmj/pro_asp_ws/ws_aruco/install/cv_bridge:/home/jmj/pro_asp_ws/ws_px4_controls/install/utilities_pkg:/home/jmj/pro_asp_ws/ws_px4_controls/install/uav_controller_pkg:/home/jmj/pro_asp_ws/ws_px4_controls/install/px4_ros_com:/home/jmj/pro_asp_ws/ws_px4_controls/install/px4_msgs:/opt/ros/humble'), ('SHELL', '/bin/bash'), ('LC_NAME', 'ko_KR.UTF-8'), ('TERMINATOR_UUID', 'urn:uuid:ac10e9f5-7634-4617-a685-a5192a4cf882'), ('QT_ACCESSIBILITY', '1'), ('CXX', '/usr/lib/ccache/g++'), ('GDMSESSION', 'ubuntu'), ('LESSCLOSE', '/usr/bin/lesspipe %s %s'), ('LC_MEASUREMENT', 'ko_KR.UTF-8'), ('GPG_AGENT_INFO', '/run/user/1000/gnupg/S.gpg-agent:0:1'), ('LC_IDENTIFICATION', 'ko_KR.UTF-8'), ('QT_IM_MODULE', 'ibus'), ('PWD', '/home/jmj/pro_asp_ws/ws_px4_controls/build/uav_controller_pkg'), ('LC_ALL', 'en_US.UTF-8'), ('XDG_CONFIG_DIRS', '/etc/xdg/xdg-ubuntu:/etc/xdg'), ('NVM_CD_FLAGS', ''), ('XDG_DATA_DIRS', '/usr/share/ubuntu:/usr/share/gnome:/usr/local/share/:/usr/share/:/var/lib/snapd/desktop'), ('PYTHONPATH', '/home/jmj/pro_asp_ws/ws_aruco/install/aruco_interfaces/local/lib/python3.10/dist-packages:/home/jmj/pro_asp_ws/ws_aruco/install/multi_tracker/local/lib/python3.10/dist-packages:/home/jmj/pro_asp_ws/ws_aruco/install/opencv_tests/lib/python3.10/site-packages:/home/jmj/pro_asp_ws/ws_aruco/install/image_geometry/local/lib/python3.10/dist-packages:/home/jmj/pro_asp_ws/ws_aruco/install/cv_bridge/local/lib/python3.10/dist-packages:/home/jmj/pro_asp_ws/ws_px4_controls/install/px4_ros_com/local/lib/python3.10/dist-packages:/home/jmj/pro_asp_ws/ws_px4_controls/install/px4_msgs/local/lib/python3.10/dist-packages:/opt/ros/humble/lib/python3.10/site-packages:/opt/ros/humble/local/lib/python3.10/dist-packages'), ('LC_NUMERIC', 'ko_KR.UTF-8'), ('LC_PAPER', 'ko_KR.UTF-8'), ('CC', '/usr/lib/ccache/gcc'), ('COLCON', '1'), ('VTE_VERSION', '6800'), ('CMAKE_PREFIX_PATH', '/home/jmj/pro_asp_ws/ws_px4_controls/install/px4_msgs:/home/jmj/pro_asp_ws/ws_aruco/install/aruco_interfaces:/home/jmj/pro_asp_ws/ws_aruco/install/vision_opencv:/home/jmj/pro_asp_ws/ws_aruco/install/multi_tracker:/home/jmj/pro_asp_ws/ws_aruco/install/image_geometry:/home/jmj/pro_asp_ws/ws_aruco/install/cv_bridge:/home/jmj/pro_asp_ws/ws_px4_controls/install/utilities_pkg:/home/jmj/pro_asp_ws/ws_px4_controls/install/uav_controller_pkg:/home/jmj/pro_asp_ws/ws_px4_controls/install/px4_ros_com:/home/jmj/pro_asp_ws/ws_aruco/install/opencv_tests:/opt/ros/humble')]), 'shell': False}
[1.058544] (utilities_pkg) JobProgress: {'identifier': 'utilities_pkg', 'progress': 'cmake'}
[1.059143] (utilities_pkg) JobProgress: {'identifier': 'utilities_pkg', 'progress': 'build'}
[1.059422] (utilities_pkg) Command: {'cmd': ['/usr/bin/cmake', '--build', '/home/jmj/pro_asp_ws/ws_px4_controls/build/utilities_pkg', '--', '-j20', '-l20'], 'cwd': '/home/jmj/pro_asp_ws/ws_px4_controls/build/utilities_pkg', 'env': OrderedDict([('LESSOPEN', '| /usr/bin/lesspipe %s'), ('USER', 'jmj'), ('LC_TIME', 'ko_KR.UTF-8'), ('CCACHE_DIR', '/var/tmp/ccache'), ('XDG_SESSION_TYPE', 'x11'), ('SHLVL', '1'), ('LD_LIBRARY_PATH', '/home/jmj/pro_asp_ws/ws_px4_controls/install/px4_msgs/lib:/home/jmj/pro_asp_ws/ws_aruco/install/aruco_interfaces/lib:/home/jmj/pro_asp_ws/ws_aruco/install/multi_tracker/lib:/home/jmj/pro_asp_ws/ws_aruco/install/image_geometry/lib:/home/jmj/pro_asp_ws/ws_aruco/install/cv_bridge/lib:/home/jmj/pro_asp_ws/ws_px4_controls/install/px4_ros_com/lib:/opt/ros/humble/opt/rviz_ogre_vendor/lib:/opt/ros/humble/lib/x86_64-linux-gnu:/opt/ros/humble/lib:/usr/local/cuda/lib64'), ('HOME', '/home/jmj'), ('OLDPWD', '/home/jmj/pro_asp_ws'), ('DESKTOP_SESSION', 'ubuntu'), ('NVM_BIN', '/home/jmj/.nvm/versions/node/v22.14.0/bin'), ('NVM_INC', '/home/jmj/.nvm/versions/node/v22.14.0/include/node'), ('ROS_PYTHON_VERSION', '3'), ('GNOME_SHELL_SESSION_MODE', 'ubuntu'), ('GTK_MODULES', 'gail:atk-bridge'), ('LC_MONETARY', 'ko_KR.UTF-8'), ('MANAGERPID', '1020'), ('SYSTEMD_EXEC_PID', '2153'), ('DBUS_SESSION_BUS_ADDRESS', 'unix:path=/run/user/1000/bus'), ('COLORTERM', 'truecolor'), ('TERMINATOR_DBUS_NAME', 'net.tenshu.Terminator21a9d5db22c73a993ff0b42f64b396873'), ('GIO_LAUNCHED_DESKTOP_FILE_PID', '4545'), ('NVM_DIR', '/home/jmj/.nvm'), ('IM_CONFIG_PHASE', '1'), ('COLCON_PREFIX_PATH', '/home/jmj/pro_asp_ws/ws_aruco/install:/home/jmj/pro_asp_ws/ws_px4_controls/install'), ('ROS_DISTRO', 'humble'), ('GTK_IM_MODULE', 'ibus'), ('LOGNAME', 'jmj'), ('JOURNAL_STREAM', '8:7695'), ('_', '/usr/bin/colcon'), ('ROS_VERSION', '2'), ('XDG_SESSION_CLASS', 'user'), ('USERNAME', 'jmj'), ('TERM', 'xterm-256color'), ('GNOME_DESKTOP_SESSION_ID', 'this-is-deprecated'), ('ROS_LOCALHOST_ONLY', '0'), ('WINDOWPATH', '2'), ('PATH', '/home/jmj/anaconda3/bin:/usr/bin:/opt/ros/humble/bin:/home/jmj/.nvm/versions/node/v22.14.0/bin:/usr/local/cuda/bin:/home/jmj/.cargo/bin:/usr/local/sbin:/usr/local/bin:/usr/sbin:/usr/bin:/sbin:/bin:/usr/games:/usr/local/games:/snap/bin:/snap/bin:/home/jmj/.local/bin'), ('SESSION_MANAGER', 'local/jmj:@/tmp/.ICE-unix/1927,unix/jmj:/tmp/.ICE-unix/1927'), ('INVOCATION_ID', '76055a6707e341d29d392405f8760929'), ('XDG_MENU_PREFIX', 'gnome-'), ('LC_ADDRESS', 'ko_KR.UTF-8'), ('XDG_RUNTIME_DIR', '/run/user/1000'), ('DISPLAY', ':0'), ('TERMINATOR_DBUS_PATH', '/net/tenshu/Terminator2'), ('LANG', 'en_US.UTF-8'), ('XDG_CURRENT_DESKTOP', 'ubuntu:GNOME'), ('IBUS_DISABLE_SNOOPER', '1'), ('LC_TELEPHONE', 'ko_KR.UTF-8'), ('XMODIFIERS', '@im=ibus'), ('XDG_SESSION_DESKTOP', 'ubuntu'), ('XAUTHORITY', '/run/user/1000/gdm/Xauthority'), ('LS_COLORS', 'rs=0:di=01;34:ln=01;36:mh=00:pi=40;33:so=01;35:do=01;35:bd=40;33;01:cd=40;33;01:or=40;31;01:mi=00:su=37;41:sg=30;43:ca=30;41:tw=30;42:ow=34;42:st=37;44:ex=01;32:*.tar=01;31:*.tgz=01;31:*.arc=01;31:*.arj=01;31:*.taz=01;31:*.lha=01;31:*.lz4=01;31:*.lzh=01;31:*.lzma=01;31:*.tlz=01;31:*.txz=01;31:*.tzo=01;31:*.t7z=01;31:*.zip=01;31:*.z=01;31:*.dz=01;31:*.gz=01;31:*.lrz=01;31:*.lz=01;31:*.lzo=01;31:*.xz=01;31:*.zst=01;31:*.tzst=01;31:*.bz2=01;31:*.bz=01;31:*.tbz=01;31:*.tbz2=01;31:*.tz=01;31:*.deb=01;31:*.rpm=01;31:*.jar=01;31:*.war=01;31:*.ear=01;31:*.sar=01;31:*.rar=01;31:*.alz=01;31:*.ace=01;31:*.zoo=01;31:*.cpio=01;31:*.7z=01;31:*.rz=01;31:*.cab=01;31:*.wim=01;31:*.swm=01;31:*.dwm=01;31:*.esd=01;31:*.jpg=01;35:*.jpeg=01;35:*.mjpg=01;35:*.mjpeg=01;35:*.gif=01;35:*.bmp=01;35:*.pbm=01;35:*.pgm=01;35:*.ppm=01;35:*.tga=01;35:*.xbm=01;35:*.xpm=01;35:*.tif=01;35:*.tiff=01;35:*.png=01;35:*.svg=01;35:*.svgz=01;35:*.mng=01;35:*.pcx=01;35:*.mov=01;35:*.mpg=01;35:*.mpeg=01;35:*.m2v=01;35:*.mkv=01;35:*.webm=01;35:*.webp=01;35:*.ogm=01;35:*.mp4=01;35:*.m4v=01;35:*.mp4v=01;35:*.vob=01;35:*.qt=01;35:*.nuv=01;35:*.wmv=01;35:*.asf=01;35:*.rm=01;35:*.rmvb=01;35:*.flc=01;35:*.avi=01;35:*.fli=01;35:*.flv=01;35:*.gl=01;35:*.dl=01;35:*.xcf=01;35:*.xwd=01;35:*.yuv=01;35:*.cgm=01;35:*.emf=01;35:*.ogv=01;35:*.ogx=01;35:*.aac=00;36:*.au=00;36:*.flac=00;36:*.m4a=00;36:*.mid=00;36:*.midi=00;36:*.mka=00;36:*.mp3=00;36:*.mpc=00;36:*.ogg=00;36:*.ra=00;36:*.wav=00;36:*.oga=00;36:*.opus=00;36:*.spx=00;36:*.xspf=00;36:'), ('SSH_AGENT_LAUNCHER', 'gnome-keyring'), ('SSH_AUTH_SOCK', '/run/user/1000/keyring/ssh'), ('AMENT_PREFIX_PATH', '/home/jmj/pro_asp_ws/ws_aruco/install/aruco_interfaces:/home/jmj/pro_asp_ws/ws_aruco/install/vision_opencv:/home/jmj/pro_asp_ws/ws_aruco/install/opencv_tests:/home/jmj/pro_asp_ws/ws_aruco/install/multi_tracker:/home/jmj/pro_asp_ws/ws_aruco/install/image_geometry:/home/jmj/pro_asp_ws/ws_aruco/install/cv_bridge:/home/jmj/pro_asp_ws/ws_px4_controls/install/utilities_pkg:/home/jmj/pro_asp_ws/ws_px4_controls/install/uav_controller_pkg:/home/jmj/pro_asp_ws/ws_px4_controls/install/px4_ros_com:/home/jmj/pro_asp_ws/ws_px4_controls/install/px4_msgs:/opt/ros/humble'), ('SHELL', '/bin/bash'), ('LC_NAME', 'ko_KR.UTF-8'), ('TERMINATOR_UUID', 'urn:uuid:ac10e9f5-7634-4617-a685-a5192a4cf882'), ('QT_ACCESSIBILITY', '1'), ('CXX', '/usr/lib/ccache/g++'), ('GDMSESSION', 'ubuntu'), ('LESSCLOSE', '/usr/bin/lesspipe %s %s'), ('LC_MEASUREMENT', 'ko_KR.UTF-8'), ('GPG_AGENT_INFO', '/run/user/1000/gnupg/S.gpg-agent:0:1'), ('LC_IDENTIFICATION', 'ko_KR.UTF-8'), ('QT_IM_MODULE', 'ibus'), ('PWD', '/home/jmj/pro_asp_ws/ws_px4_controls/build/utilities_pkg'), ('LC_ALL', 'en_US.UTF-8'), ('XDG_CONFIG_DIRS', '/etc/xdg/xdg-ubuntu:/etc/xdg'), ('NVM_CD_FLAGS', ''), ('XDG_DATA_DIRS', '/usr/share/ubuntu:/usr/share/gnome:/usr/local/share/:/usr/share/:/var/lib/snapd/desktop'), ('PYTHONPATH', '/home/jmj/pro_asp_ws/ws_aruco/install/aruco_interfaces/local/lib/python3.10/dist-packages:/home/jmj/pro_asp_ws/ws_aruco/install/multi_tracker/local/lib/python3.10/dist-packages:/home/jmj/pro_asp_ws/ws_aruco/install/opencv_tests/lib/python3.10/site-packages:/home/jmj/pro_asp_ws/ws_aruco/install/image_geometry/local/lib/python3.10/dist-packages:/home/jmj/pro_asp_ws/ws_aruco/install/cv_bridge/local/lib/python3.10/dist-packages:/home/jmj/pro_asp_ws/ws_px4_controls/install/px4_ros_com/local/lib/python3.10/dist-packages:/home/jmj/pro_asp_ws/ws_px4_controls/install/px4_msgs/local/lib/python3.10/dist-packages:/opt/ros/humble/lib/python3.10/site-packages:/opt/ros/humble/local/lib/python3.10/dist-packages'), ('LC_NUMERIC', 'ko_KR.UTF-8'), ('LC_PAPER', 'ko_KR.UTF-8'), ('CC', '/usr/lib/ccache/gcc'), ('COLCON', '1'), ('VTE_VERSION', '6800'), ('CMAKE_PREFIX_PATH', '/home/jmj/pro_asp_ws/ws_px4_controls/install/px4_msgs:/home/jmj/pro_asp_ws/ws_aruco/install/aruco_interfaces:/home/jmj/pro_asp_ws/ws_aruco/install/vision_opencv:/home/jmj/pro_asp_ws/ws_aruco/install/multi_tracker:/home/jmj/pro_asp_ws/ws_aruco/install/image_geometry:/home/jmj/pro_asp_ws/ws_aruco/install/cv_bridge:/home/jmj/pro_asp_ws/ws_px4_controls/install/utilities_pkg:/home/jmj/pro_asp_ws/ws_px4_controls/install/uav_controller_pkg:/home/jmj/pro_asp_ws/ws_px4_controls/install/px4_ros_com:/home/jmj/pro_asp_ws/ws_aruco/install/opencv_tests:/opt/ros/humble')]), 'shell': False}
[1.096732] (uav_controller_pkg) StdoutLine: {'line': b'\x1b[35m\x1b[1mConsolidate compiler generated dependencies of target uav_controller\x1b[0m\n'}
[1.097483] (px4_ros_com) StdoutLine: {'line': b'[ 12%] Built target debug_vect_advertiser\n'}
[1.097667] (px4_ros_com) StdoutLine: {'line': b'[ 25%] Built target offboard_control_key\n'}
[1.097720] (px4_ros_com) StdoutLine: {'line': b'[ 37%] Built target frame_transforms\n'}
[1.097830] (px4_ros_com) StdoutLine: {'line': b'[ 56%] Built target sensor_combined_listener\n'}
[1.097897] (px4_ros_com) StdoutLine: {'line': b'[ 62%] Built target cli_pose_command\n'}
[1.098425] (px4_ros_com) StdoutLine: {'line': b'[ 75%] Built target vehicle_gps_position_listener\n'}
[1.101148] (-) TimerEvent: {}
[1.102658] (px4_ros_com) StdoutLine: {'line': b'[ 75%] Built target ament_cmake_python_copy_px4_ros_com\n'}
[1.103026] (px4_ros_com) StdoutLine: {'line': b'[ 87%] Built target offboard_control_srv\n'}
[1.105521] (px4_ros_com) StdoutLine: {'line': b'[100%] Built target offboard_control\n'}
[1.108249] (uav_controller_pkg) StdoutLine: {'line': b'[ 66%] Built target offboard_control_node\n'}
[1.108406] (uav_controller_pkg) StdoutLine: {'line': b'[ 66%] Built target pose_to_tf_broadcaster\n'}
[1.108561] (utilities_pkg) StdoutLine: {'line': b'[100%] Built target keyboard_control_node\n'}
[1.110984] (uav_controller_pkg) StdoutLine: {'line': b'[ 83%] \x1b[32mBuilding CXX object CMakeFiles/uav_controller.dir/src/uav_controller.cpp.o\x1b[0m\n'}
[1.118686] (utilities_pkg) CommandEnded: {'returncode': 0}
[1.119321] (utilities_pkg) JobProgress: {'identifier': 'utilities_pkg', 'progress': 'install'}
[1.119593] (utilities_pkg) Command: {'cmd': ['/usr/bin/cmake', '--install', '/home/jmj/pro_asp_ws/ws_px4_controls/build/utilities_pkg'], 'cwd': '/home/jmj/pro_asp_ws/ws_px4_controls/build/utilities_pkg', 'env': OrderedDict([('LESSOPEN', '| /usr/bin/lesspipe %s'), ('USER', 'jmj'), ('LC_TIME', 'ko_KR.UTF-8'), ('CCACHE_DIR', '/var/tmp/ccache'), ('XDG_SESSION_TYPE', 'x11'), ('SHLVL', '1'), ('LD_LIBRARY_PATH', '/home/jmj/pro_asp_ws/ws_px4_controls/install/px4_msgs/lib:/home/jmj/pro_asp_ws/ws_aruco/install/aruco_interfaces/lib:/home/jmj/pro_asp_ws/ws_aruco/install/multi_tracker/lib:/home/jmj/pro_asp_ws/ws_aruco/install/image_geometry/lib:/home/jmj/pro_asp_ws/ws_aruco/install/cv_bridge/lib:/home/jmj/pro_asp_ws/ws_px4_controls/install/px4_ros_com/lib:/opt/ros/humble/opt/rviz_ogre_vendor/lib:/opt/ros/humble/lib/x86_64-linux-gnu:/opt/ros/humble/lib:/usr/local/cuda/lib64'), ('HOME', '/home/jmj'), ('OLDPWD', '/home/jmj/pro_asp_ws'), ('DESKTOP_SESSION', 'ubuntu'), ('NVM_BIN', '/home/jmj/.nvm/versions/node/v22.14.0/bin'), ('NVM_INC', '/home/jmj/.nvm/versions/node/v22.14.0/include/node'), ('ROS_PYTHON_VERSION', '3'), ('GNOME_SHELL_SESSION_MODE', 'ubuntu'), ('GTK_MODULES', 'gail:atk-bridge'), ('LC_MONETARY', 'ko_KR.UTF-8'), ('MANAGERPID', '1020'), ('SYSTEMD_EXEC_PID', '2153'), ('DBUS_SESSION_BUS_ADDRESS', 'unix:path=/run/user/1000/bus'), ('COLORTERM', 'truecolor'), ('TERMINATOR_DBUS_NAME', 'net.tenshu.Terminator21a9d5db22c73a993ff0b42f64b396873'), ('GIO_LAUNCHED_DESKTOP_FILE_PID', '4545'), ('NVM_DIR', '/home/jmj/.nvm'), ('IM_CONFIG_PHASE', '1'), ('COLCON_PREFIX_PATH', '/home/jmj/pro_asp_ws/ws_aruco/install:/home/jmj/pro_asp_ws/ws_px4_controls/install'), ('ROS_DISTRO', 'humble'), ('GTK_IM_MODULE', 'ibus'), ('LOGNAME', 'jmj'), ('JOURNAL_STREAM', '8:7695'), ('_', '/usr/bin/colcon'), ('ROS_VERSION', '2'), ('XDG_SESSION_CLASS', 'user'), ('USERNAME', 'jmj'), ('TERM', 'xterm-256color'), ('GNOME_DESKTOP_SESSION_ID', 'this-is-deprecated'), ('ROS_LOCALHOST_ONLY', '0'), ('WINDOWPATH', '2'), ('PATH', '/home/jmj/anaconda3/bin:/usr/bin:/opt/ros/humble/bin:/home/jmj/.nvm/versions/node/v22.14.0/bin:/usr/local/cuda/bin:/home/jmj/.cargo/bin:/usr/local/sbin:/usr/local/bin:/usr/sbin:/usr/bin:/sbin:/bin:/usr/games:/usr/local/games:/snap/bin:/snap/bin:/home/jmj/.local/bin'), ('SESSION_MANAGER', 'local/jmj:@/tmp/.ICE-unix/1927,unix/jmj:/tmp/.ICE-unix/1927'), ('INVOCATION_ID', '76055a6707e341d29d392405f8760929'), ('XDG_MENU_PREFIX', 'gnome-'), ('LC_ADDRESS', 'ko_KR.UTF-8'), ('XDG_RUNTIME_DIR', '/run/user/1000'), ('DISPLAY', ':0'), ('TERMINATOR_DBUS_PATH', '/net/tenshu/Terminator2'), ('LANG', 'en_US.UTF-8'), ('XDG_CURRENT_DESKTOP', 'ubuntu:GNOME'), ('IBUS_DISABLE_SNOOPER', '1'), ('LC_TELEPHONE', 'ko_KR.UTF-8'), ('XMODIFIERS', '@im=ibus'), ('XDG_SESSION_DESKTOP', 'ubuntu'), ('XAUTHORITY', '/run/user/1000/gdm/Xauthority'), ('LS_COLORS', 'rs=0:di=01;34:ln=01;36:mh=00:pi=40;33:so=01;35:do=01;35:bd=40;33;01:cd=40;33;01:or=40;31;01:mi=00:su=37;41:sg=30;43:ca=30;41:tw=30;42:ow=34;42:st=37;44:ex=01;32:*.tar=01;31:*.tgz=01;31:*.arc=01;31:*.arj=01;31:*.taz=01;31:*.lha=01;31:*.lz4=01;31:*.lzh=01;31:*.lzma=01;31:*.tlz=01;31:*.txz=01;31:*.tzo=01;31:*.t7z=01;31:*.zip=01;31:*.z=01;31:*.dz=01;31:*.gz=01;31:*.lrz=01;31:*.lz=01;31:*.lzo=01;31:*.xz=01;31:*.zst=01;31:*.tzst=01;31:*.bz2=01;31:*.bz=01;31:*.tbz=01;31:*.tbz2=01;31:*.tz=01;31:*.deb=01;31:*.rpm=01;31:*.jar=01;31:*.war=01;31:*.ear=01;31:*.sar=01;31:*.rar=01;31:*.alz=01;31:*.ace=01;31:*.zoo=01;31:*.cpio=01;31:*.7z=01;31:*.rz=01;31:*.cab=01;31:*.wim=01;31:*.swm=01;31:*.dwm=01;31:*.esd=01;31:*.jpg=01;35:*.jpeg=01;35:*.mjpg=01;35:*.mjpeg=01;35:*.gif=01;35:*.bmp=01;35:*.pbm=01;35:*.pgm=01;35:*.ppm=01;35:*.tga=01;35:*.xbm=01;35:*.xpm=01;35:*.tif=01;35:*.tiff=01;35:*.png=01;35:*.svg=01;35:*.svgz=01;35:*.mng=01;35:*.pcx=01;35:*.mov=01;35:*.mpg=01;35:*.mpeg=01;35:*.m2v=01;35:*.mkv=01;35:*.webm=01;35:*.webp=01;35:*.ogm=01;35:*.mp4=01;35:*.m4v=01;35:*.mp4v=01;35:*.vob=01;35:*.qt=01;35:*.nuv=01;35:*.wmv=01;35:*.asf=01;35:*.rm=01;35:*.rmvb=01;35:*.flc=01;35:*.avi=01;35:*.fli=01;35:*.flv=01;35:*.gl=01;35:*.dl=01;35:*.xcf=01;35:*.xwd=01;35:*.yuv=01;35:*.cgm=01;35:*.emf=01;35:*.ogv=01;35:*.ogx=01;35:*.aac=00;36:*.au=00;36:*.flac=00;36:*.m4a=00;36:*.mid=00;36:*.midi=00;36:*.mka=00;36:*.mp3=00;36:*.mpc=00;36:*.ogg=00;36:*.ra=00;36:*.wav=00;36:*.oga=00;36:*.opus=00;36:*.spx=00;36:*.xspf=00;36:'), ('SSH_AGENT_LAUNCHER', 'gnome-keyring'), ('SSH_AUTH_SOCK', '/run/user/1000/keyring/ssh'), ('AMENT_PREFIX_PATH', '/home/jmj/pro_asp_ws/ws_aruco/install/aruco_interfaces:/home/jmj/pro_asp_ws/ws_aruco/install/vision_opencv:/home/jmj/pro_asp_ws/ws_aruco/install/opencv_tests:/home/jmj/pro_asp_ws/ws_aruco/install/multi_tracker:/home/jmj/pro_asp_ws/ws_aruco/install/image_geometry:/home/jmj/pro_asp_ws/ws_aruco/install/cv_bridge:/home/jmj/pro_asp_ws/ws_px4_controls/install/utilities_pkg:/home/jmj/pro_asp_ws/ws_px4_controls/install/uav_controller_pkg:/home/jmj/pro_asp_ws/ws_px4_controls/install/px4_ros_com:/home/jmj/pro_asp_ws/ws_px4_controls/install/px4_msgs:/opt/ros/humble'), ('SHELL', '/bin/bash'), ('LC_NAME', 'ko_KR.UTF-8'), ('TERMINATOR_UUID', 'urn:uuid:ac10e9f5-7634-4617-a685-a5192a4cf882'), ('QT_ACCESSIBILITY', '1'), ('CXX', '/usr/lib/ccache/g++'), ('GDMSESSION', 'ubuntu'), ('LESSCLOSE', '/usr/bin/lesspipe %s %s'), ('LC_MEASUREMENT', 'ko_KR.UTF-8'), ('GPG_AGENT_INFO', '/run/user/1000/gnupg/S.gpg-agent:0:1'), ('LC_IDENTIFICATION', 'ko_KR.UTF-8'), ('QT_IM_MODULE', 'ibus'), ('PWD', '/home/jmj/pro_asp_ws/ws_px4_controls/build/utilities_pkg'), ('LC_ALL', 'en_US.UTF-8'), ('XDG_CONFIG_DIRS', '/etc/xdg/xdg-ubuntu:/etc/xdg'), ('NVM_CD_FLAGS', ''), ('XDG_DATA_DIRS', '/usr/share/ubuntu:/usr/share/gnome:/usr/local/share/:/usr/share/:/var/lib/snapd/desktop'), ('PYTHONPATH', '/home/jmj/pro_asp_ws/ws_aruco/install/aruco_interfaces/local/lib/python3.10/dist-packages:/home/jmj/pro_asp_ws/ws_aruco/install/multi_tracker/local/lib/python3.10/dist-packages:/home/jmj/pro_asp_ws/ws_aruco/install/opencv_tests/lib/python3.10/site-packages:/home/jmj/pro_asp_ws/ws_aruco/install/image_geometry/local/lib/python3.10/dist-packages:/home/jmj/pro_asp_ws/ws_aruco/install/cv_bridge/local/lib/python3.10/dist-packages:/home/jmj/pro_asp_ws/ws_px4_controls/install/px4_ros_com/local/lib/python3.10/dist-packages:/home/jmj/pro_asp_ws/ws_px4_controls/install/px4_msgs/local/lib/python3.10/dist-packages:/opt/ros/humble/lib/python3.10/site-packages:/opt/ros/humble/local/lib/python3.10/dist-packages'), ('LC_NUMERIC', 'ko_KR.UTF-8'), ('LC_PAPER', 'ko_KR.UTF-8'), ('CC', '/usr/lib/ccache/gcc'), ('COLCON', '1'), ('VTE_VERSION', '6800'), ('CMAKE_PREFIX_PATH', '/home/jmj/pro_asp_ws/ws_px4_controls/install/px4_msgs:/home/jmj/pro_asp_ws/ws_aruco/install/aruco_interfaces:/home/jmj/pro_asp_ws/ws_aruco/install/vision_opencv:/home/jmj/pro_asp_ws/ws_aruco/install/multi_tracker:/home/jmj/pro_asp_ws/ws_aruco/install/image_geometry:/home/jmj/pro_asp_ws/ws_aruco/install/cv_bridge:/home/jmj/pro_asp_ws/ws_px4_controls/install/utilities_pkg:/home/jmj/pro_asp_ws/ws_px4_controls/install/uav_controller_pkg:/home/jmj/pro_asp_ws/ws_px4_controls/install/px4_ros_com:/home/jmj/pro_asp_ws/ws_aruco/install/opencv_tests:/opt/ros/humble')]), 'shell': False}
[1.125318] (utilities_pkg) StdoutLine: {'line': b'-- Install configuration: ""\n'}
[1.125504] (utilities_pkg) StdoutLine: {'line': b'-- Up-to-date: /home/jmj/pro_asp_ws/ws_px4_controls/install/utilities_pkg/lib/utilities_pkg/keyboard_control_node\n'}
[1.125548] (utilities_pkg) StdoutLine: {'line': b'-- Up-to-date: /home/jmj/pro_asp_ws/ws_px4_controls/install/utilities_pkg/share/ament_index/resource_index/package_run_dependencies/utilities_pkg\n'}
[1.125576] (utilities_pkg) StdoutLine: {'line': b'-- Up-to-date: /home/jmj/pro_asp_ws/ws_px4_controls/install/utilities_pkg/share/ament_index/resource_index/parent_prefix_path/utilities_pkg\n'}
[1.125634] (utilities_pkg) StdoutLine: {'line': b'-- Up-to-date: /home/jmj/pro_asp_ws/ws_px4_controls/install/utilities_pkg/share/utilities_pkg/environment/ament_prefix_path.sh\n'}
[1.125677] (utilities_pkg) StdoutLine: {'line': b'-- Up-to-date: /home/jmj/pro_asp_ws/ws_px4_controls/install/utilities_pkg/share/utilities_pkg/environment/ament_prefix_path.dsv\n'}
[1.125702] (utilities_pkg) StdoutLine: {'line': b'-- Up-to-date: /home/jmj/pro_asp_ws/ws_px4_controls/install/utilities_pkg/share/utilities_pkg/environment/path.sh\n'}
[1.125725] (utilities_pkg) StdoutLine: {'line': b'-- Up-to-date: /home/jmj/pro_asp_ws/ws_px4_controls/install/utilities_pkg/share/utilities_pkg/environment/path.dsv\n'}
[1.125752] (utilities_pkg) StdoutLine: {'line': b'-- Up-to-date: /home/jmj/pro_asp_ws/ws_px4_controls/install/utilities_pkg/share/utilities_pkg/local_setup.bash\n'}
[1.125780] (utilities_pkg) StdoutLine: {'line': b'-- Up-to-date: /home/jmj/pro_asp_ws/ws_px4_controls/install/utilities_pkg/share/utilities_pkg/local_setup.sh\n'}
[1.125891] (utilities_pkg) StdoutLine: {'line': b'-- Up-to-date: /home/jmj/pro_asp_ws/ws_px4_controls/install/utilities_pkg/share/utilities_pkg/local_setup.zsh\n'}
[1.125939] (utilities_pkg) StdoutLine: {'line': b'-- Up-to-date: /home/jmj/pro_asp_ws/ws_px4_controls/install/utilities_pkg/share/utilities_pkg/local_setup.dsv\n'}
[1.125971] (utilities_pkg) StdoutLine: {'line': b'-- Installing: /home/jmj/pro_asp_ws/ws_px4_controls/install/utilities_pkg/share/utilities_pkg/package.dsv\n'}
[1.126005] (utilities_pkg) StdoutLine: {'line': b'-- Up-to-date: /home/jmj/pro_asp_ws/ws_px4_controls/install/utilities_pkg/share/ament_index/resource_index/packages/utilities_pkg\n'}
[1.126041] (utilities_pkg) StdoutLine: {'line': b'-- Up-to-date: /home/jmj/pro_asp_ws/ws_px4_controls/install/utilities_pkg/share/utilities_pkg/cmake/utilities_pkgConfig.cmake\n'}
[1.126075] (utilities_pkg) StdoutLine: {'line': b'-- Up-to-date: /home/jmj/pro_asp_ws/ws_px4_controls/install/utilities_pkg/share/utilities_pkg/cmake/utilities_pkgConfig-version.cmake\n'}
[1.126109] (utilities_pkg) StdoutLine: {'line': b'-- Up-to-date: /home/jmj/pro_asp_ws/ws_px4_controls/install/utilities_pkg/share/utilities_pkg/package.xml\n'}
[1.127233] (utilities_pkg) CommandEnded: {'returncode': 0}
[1.133816] (utilities_pkg) JobEnded: {'identifier': 'utilities_pkg', 'rc': 0}
[1.201236] (-) TimerEvent: {}
[1.293777] (px4_ros_com) StdoutLine: {'line': b'running egg_info\n'}
[1.294328] (px4_ros_com) StdoutLine: {'line': b'writing px4_ros_com.egg-info/PKG-INFO\n'}
[1.294509] (px4_ros_com) StdoutLine: {'line': b'writing dependency_links to px4_ros_com.egg-info/dependency_links.txt\n'}
[1.294566] (px4_ros_com) StdoutLine: {'line': b'writing top-level names to px4_ros_com.egg-info/top_level.txt\n'}
[1.296693] (px4_ros_com) StdoutLine: {'line': b"reading manifest file 'px4_ros_com.egg-info/SOURCES.txt'\n"}
[1.297097] (px4_ros_com) StdoutLine: {'line': b"writing manifest file 'px4_ros_com.egg-info/SOURCES.txt'\n"}
[1.301374] (-) TimerEvent: {}
[1.325779] (px4_ros_com) StdoutLine: {'line': b'[100%] Built target ament_cmake_python_build_px4_ros_com_egg\n'}
[1.334234] (px4_ros_com) CommandEnded: {'returncode': 0}
[1.334920] (px4_ros_com) JobProgress: {'identifier': 'px4_ros_com', 'progress': 'install'}
[1.335292] (px4_ros_com) Command: {'cmd': ['/usr/bin/cmake', '--install', '/home/jmj/pro_asp_ws/ws_px4_controls/build/px4_ros_com'], 'cwd': '/home/jmj/pro_asp_ws/ws_px4_controls/build/px4_ros_com', 'env': OrderedDict([('LESSOPEN', '| /usr/bin/lesspipe %s'), ('USER', 'jmj'), ('LC_TIME', 'ko_KR.UTF-8'), ('CCACHE_DIR', '/var/tmp/ccache'), ('XDG_SESSION_TYPE', 'x11'), ('SHLVL', '1'), ('LD_LIBRARY_PATH', '/home/jmj/pro_asp_ws/ws_px4_controls/install/px4_msgs/lib:/home/jmj/pro_asp_ws/ws_aruco/install/aruco_interfaces/lib:/home/jmj/pro_asp_ws/ws_aruco/install/multi_tracker/lib:/home/jmj/pro_asp_ws/ws_aruco/install/image_geometry/lib:/home/jmj/pro_asp_ws/ws_aruco/install/cv_bridge/lib:/home/jmj/pro_asp_ws/ws_px4_controls/install/px4_ros_com/lib:/opt/ros/humble/opt/rviz_ogre_vendor/lib:/opt/ros/humble/lib/x86_64-linux-gnu:/opt/ros/humble/lib:/usr/local/cuda/lib64'), ('HOME', '/home/jmj'), ('OLDPWD', '/home/jmj/pro_asp_ws'), ('DESKTOP_SESSION', 'ubuntu'), ('NVM_BIN', '/home/jmj/.nvm/versions/node/v22.14.0/bin'), ('NVM_INC', '/home/jmj/.nvm/versions/node/v22.14.0/include/node'), ('ROS_PYTHON_VERSION', '3'), ('GNOME_SHELL_SESSION_MODE', 'ubuntu'), ('GTK_MODULES', 'gail:atk-bridge'), ('LC_MONETARY', 'ko_KR.UTF-8'), ('MANAGERPID', '1020'), ('SYSTEMD_EXEC_PID', '2153'), ('DBUS_SESSION_BUS_ADDRESS', 'unix:path=/run/user/1000/bus'), ('COLORTERM', 'truecolor'), ('TERMINATOR_DBUS_NAME', 'net.tenshu.Terminator21a9d5db22c73a993ff0b42f64b396873'), ('GIO_LAUNCHED_DESKTOP_FILE_PID', '4545'), ('NVM_DIR', '/home/jmj/.nvm'), ('IM_CONFIG_PHASE', '1'), ('COLCON_PREFIX_PATH', '/home/jmj/pro_asp_ws/ws_aruco/install:/home/jmj/pro_asp_ws/ws_px4_controls/install'), ('ROS_DISTRO', 'humble'), ('GTK_IM_MODULE', 'ibus'), ('LOGNAME', 'jmj'), ('JOURNAL_STREAM', '8:7695'), ('_', '/usr/bin/colcon'), ('ROS_VERSION', '2'), ('XDG_SESSION_CLASS', 'user'), ('USERNAME', 'jmj'), ('TERM', 'xterm-256color'), ('GNOME_DESKTOP_SESSION_ID', 'this-is-deprecated'), ('ROS_LOCALHOST_ONLY', '0'), ('WINDOWPATH', '2'), ('PATH', '/home/jmj/anaconda3/bin:/usr/bin:/opt/ros/humble/bin:/home/jmj/.nvm/versions/node/v22.14.0/bin:/usr/local/cuda/bin:/home/jmj/.cargo/bin:/usr/local/sbin:/usr/local/bin:/usr/sbin:/usr/bin:/sbin:/bin:/usr/games:/usr/local/games:/snap/bin:/snap/bin:/home/jmj/.local/bin'), ('SESSION_MANAGER', 'local/jmj:@/tmp/.ICE-unix/1927,unix/jmj:/tmp/.ICE-unix/1927'), ('INVOCATION_ID', '76055a6707e341d29d392405f8760929'), ('XDG_MENU_PREFIX', 'gnome-'), ('LC_ADDRESS', 'ko_KR.UTF-8'), ('XDG_RUNTIME_DIR', '/run/user/1000'), ('DISPLAY', ':0'), ('TERMINATOR_DBUS_PATH', '/net/tenshu/Terminator2'), ('LANG', 'en_US.UTF-8'), ('XDG_CURRENT_DESKTOP', 'ubuntu:GNOME'), ('IBUS_DISABLE_SNOOPER', '1'), ('LC_TELEPHONE', 'ko_KR.UTF-8'), ('XMODIFIERS', '@im=ibus'), ('XDG_SESSION_DESKTOP', 'ubuntu'), ('XAUTHORITY', '/run/user/1000/gdm/Xauthority'), ('LS_COLORS', 'rs=0:di=01;34:ln=01;36:mh=00:pi=40;33:so=01;35:do=01;35:bd=40;33;01:cd=40;33;01:or=40;31;01:mi=00:su=37;41:sg=30;43:ca=30;41:tw=30;42:ow=34;42:st=37;44:ex=01;32:*.tar=01;31:*.tgz=01;31:*.arc=01;31:*.arj=01;31:*.taz=01;31:*.lha=01;31:*.lz4=01;31:*.lzh=01;31:*.lzma=01;31:*.tlz=01;31:*.txz=01;31:*.tzo=01;31:*.t7z=01;31:*.zip=01;31:*.z=01;31:*.dz=01;31:*.gz=01;31:*.lrz=01;31:*.lz=01;31:*.lzo=01;31:*.xz=01;31:*.zst=01;31:*.tzst=01;31:*.bz2=01;31:*.bz=01;31:*.tbz=01;31:*.tbz2=01;31:*.tz=01;31:*.deb=01;31:*.rpm=01;31:*.jar=01;31:*.war=01;31:*.ear=01;31:*.sar=01;31:*.rar=01;31:*.alz=01;31:*.ace=01;31:*.zoo=01;31:*.cpio=01;31:*.7z=01;31:*.rz=01;31:*.cab=01;31:*.wim=01;31:*.swm=01;31:*.dwm=01;31:*.esd=01;31:*.jpg=01;35:*.jpeg=01;35:*.mjpg=01;35:*.mjpeg=01;35:*.gif=01;35:*.bmp=01;35:*.pbm=01;35:*.pgm=01;35:*.ppm=01;35:*.tga=01;35:*.xbm=01;35:*.xpm=01;35:*.tif=01;35:*.tiff=01;35:*.png=01;35:*.svg=01;35:*.svgz=01;35:*.mng=01;35:*.pcx=01;35:*.mov=01;35:*.mpg=01;35:*.mpeg=01;35:*.m2v=01;35:*.mkv=01;35:*.webm=01;35:*.webp=01;35:*.ogm=01;35:*.mp4=01;35:*.m4v=01;35:*.mp4v=01;35:*.vob=01;35:*.qt=01;35:*.nuv=01;35:*.wmv=01;35:*.asf=01;35:*.rm=01;35:*.rmvb=01;35:*.flc=01;35:*.avi=01;35:*.fli=01;35:*.flv=01;35:*.gl=01;35:*.dl=01;35:*.xcf=01;35:*.xwd=01;35:*.yuv=01;35:*.cgm=01;35:*.emf=01;35:*.ogv=01;35:*.ogx=01;35:*.aac=00;36:*.au=00;36:*.flac=00;36:*.m4a=00;36:*.mid=00;36:*.midi=00;36:*.mka=00;36:*.mp3=00;36:*.mpc=00;36:*.ogg=00;36:*.ra=00;36:*.wav=00;36:*.oga=00;36:*.opus=00;36:*.spx=00;36:*.xspf=00;36:'), ('SSH_AGENT_LAUNCHER', 'gnome-keyring'), ('SSH_AUTH_SOCK', '/run/user/1000/keyring/ssh'), ('AMENT_PREFIX_PATH', '/home/jmj/pro_asp_ws/ws_aruco/install/aruco_interfaces:/home/jmj/pro_asp_ws/ws_aruco/install/vision_opencv:/home/jmj/pro_asp_ws/ws_aruco/install/opencv_tests:/home/jmj/pro_asp_ws/ws_aruco/install/multi_tracker:/home/jmj/pro_asp_ws/ws_aruco/install/image_geometry:/home/jmj/pro_asp_ws/ws_aruco/install/cv_bridge:/home/jmj/pro_asp_ws/ws_px4_controls/install/utilities_pkg:/home/jmj/pro_asp_ws/ws_px4_controls/install/uav_controller_pkg:/home/jmj/pro_asp_ws/ws_px4_controls/install/px4_ros_com:/home/jmj/pro_asp_ws/ws_px4_controls/install/px4_msgs:/opt/ros/humble'), ('SHELL', '/bin/bash'), ('LC_NAME', 'ko_KR.UTF-8'), ('TERMINATOR_UUID', 'urn:uuid:ac10e9f5-7634-4617-a685-a5192a4cf882'), ('QT_ACCESSIBILITY', '1'), ('CXX', '/usr/lib/ccache/g++'), ('GDMSESSION', 'ubuntu'), ('LESSCLOSE', '/usr/bin/lesspipe %s %s'), ('LC_MEASUREMENT', 'ko_KR.UTF-8'), ('GPG_AGENT_INFO', '/run/user/1000/gnupg/S.gpg-agent:0:1'), ('LC_IDENTIFICATION', 'ko_KR.UTF-8'), ('QT_IM_MODULE', 'ibus'), ('PWD', '/home/jmj/pro_asp_ws/ws_px4_controls/build/px4_ros_com'), ('LC_ALL', 'en_US.UTF-8'), ('XDG_CONFIG_DIRS', '/etc/xdg/xdg-ubuntu:/etc/xdg'), ('NVM_CD_FLAGS', ''), ('XDG_DATA_DIRS', '/usr/share/ubuntu:/usr/share/gnome:/usr/local/share/:/usr/share/:/var/lib/snapd/desktop'), ('PYTHONPATH', '/home/jmj/pro_asp_ws/ws_aruco/install/aruco_interfaces/local/lib/python3.10/dist-packages:/home/jmj/pro_asp_ws/ws_aruco/install/multi_tracker/local/lib/python3.10/dist-packages:/home/jmj/pro_asp_ws/ws_aruco/install/opencv_tests/lib/python3.10/site-packages:/home/jmj/pro_asp_ws/ws_aruco/install/image_geometry/local/lib/python3.10/dist-packages:/home/jmj/pro_asp_ws/ws_aruco/install/cv_bridge/local/lib/python3.10/dist-packages:/home/jmj/pro_asp_ws/ws_px4_controls/install/px4_ros_com/local/lib/python3.10/dist-packages:/home/jmj/pro_asp_ws/ws_px4_controls/install/px4_msgs/local/lib/python3.10/dist-packages:/opt/ros/humble/lib/python3.10/site-packages:/opt/ros/humble/local/lib/python3.10/dist-packages'), ('LC_NUMERIC', 'ko_KR.UTF-8'), ('LC_PAPER', 'ko_KR.UTF-8'), ('CC', '/usr/lib/ccache/gcc'), ('COLCON', '1'), ('VTE_VERSION', '6800'), ('CMAKE_PREFIX_PATH', '/home/jmj/pro_asp_ws/ws_px4_controls/install/px4_msgs:/home/jmj/pro_asp_ws/ws_aruco/install/aruco_interfaces:/home/jmj/pro_asp_ws/ws_aruco/install/vision_opencv:/home/jmj/pro_asp_ws/ws_aruco/install/multi_tracker:/home/jmj/pro_asp_ws/ws_aruco/install/image_geometry:/home/jmj/pro_asp_ws/ws_aruco/install/cv_bridge:/home/jmj/pro_asp_ws/ws_px4_controls/install/utilities_pkg:/home/jmj/pro_asp_ws/ws_px4_controls/install/uav_controller_pkg:/home/jmj/pro_asp_ws/ws_px4_controls/install/px4_ros_com:/home/jmj/pro_asp_ws/ws_aruco/install/opencv_tests:/opt/ros/humble')]), 'shell': False}
[1.343507] (px4_ros_com) StdoutLine: {'line': b'-- Install configuration: ""\n'}
[1.344048] (px4_ros_com) StdoutLine: {'line': b'-- Up-to-date: /home/jmj/pro_asp_ws/ws_px4_controls/install/px4_ros_com/lib/px4_ros_com/sensor_combined_listener\n'}
[1.344163] (px4_ros_com) StdoutLine: {'line': b'-- Up-to-date: /home/jmj/pro_asp_ws/ws_px4_controls/install/px4_ros_com/lib/px4_ros_com/vehicle_gps_position_listener\n'}
[1.344256] (px4_ros_com) StdoutLine: {'line': b'-- Up-to-date: /home/jmj/pro_asp_ws/ws_px4_controls/install/px4_ros_com/lib/px4_ros_com/debug_vect_advertiser\n'}
[1.344335] (px4_ros_com) StdoutLine: {'line': b'-- Up-to-date: /home/jmj/pro_asp_ws/ws_px4_controls/install/px4_ros_com/lib/px4_ros_com/offboard_control\n'}
[1.344416] (px4_ros_com) StdoutLine: {'line': b'-- Up-to-date: /home/jmj/pro_asp_ws/ws_px4_controls/install/px4_ros_com/lib/px4_ros_com/offboard_control_srv\n'}
[1.344482] (px4_ros_com) StdoutLine: {'line': b'-- Up-to-date: /home/jmj/pro_asp_ws/ws_px4_controls/install/px4_ros_com/lib/px4_ros_com/offboard_control_key\n'}
[1.344559] (px4_ros_com) StdoutLine: {'line': b'-- Up-to-date: /home/jmj/pro_asp_ws/ws_px4_controls/install/px4_ros_com/lib/px4_ros_com/cli_pose_command\n'}
[1.344683] (px4_ros_com) StdoutLine: {'line': b'-- Up-to-date: /home/jmj/pro_asp_ws/ws_px4_controls/install/px4_ros_com/share/px4_ros_com/environment/library_path.sh\n'}
[1.344731] (px4_ros_com) StdoutLine: {'line': b'-- Up-to-date: /home/jmj/pro_asp_ws/ws_px4_controls/install/px4_ros_com/share/px4_ros_com/environment/library_path.dsv\n'}
[1.344788] (px4_ros_com) StdoutLine: {'line': b'-- Up-to-date: /home/jmj/pro_asp_ws/ws_px4_controls/install/px4_ros_com/include/px4_ros_com\n'}
[1.344832] (px4_ros_com) StdoutLine: {'line': b'-- Up-to-date: /home/jmj/pro_asp_ws/ws_px4_controls/install/px4_ros_com/include/px4_ros_com/frame_transforms.h\n'}
[1.344859] (px4_ros_com) StdoutLine: {'line': b'-- Up-to-date: /home/jmj/pro_asp_ws/ws_px4_controls/install/px4_ros_com/lib/libframe_transforms.so\n'}
[1.344884] (px4_ros_com) StdoutLine: {'line': b'-- Up-to-date: /home/jmj/pro_asp_ws/ws_px4_controls/install/px4_ros_com/share/px4_ros_com//launch\n'}
[1.344946] (px4_ros_com) StdoutLine: {'line': b'-- Up-to-date: /home/jmj/pro_asp_ws/ws_px4_controls/install/px4_ros_com/share/px4_ros_com//launch/sensor_combined_listener.launch.py\n'}
[1.344987] (px4_ros_com) StdoutLine: {'line': b'-- Up-to-date: /home/jmj/pro_asp_ws/ws_px4_controls/install/px4_ros_com/share/px4_ros_com//launch/offboard_control_launch.yaml\n'}
[1.345030] (px4_ros_com) StdoutLine: {'line': b'-- Up-to-date: /home/jmj/pro_asp_ws/ws_px4_controls/install/px4_ros_com/share/px4_ros_com//test\n'}
[1.345069] (px4_ros_com) StdoutLine: {'line': b'-- Up-to-date: /home/jmj/pro_asp_ws/ws_px4_controls/install/px4_ros_com/share/px4_ros_com//test/test_input.py\n'}
[1.345102] (px4_ros_com) StdoutLine: {'line': b'-- Up-to-date: /home/jmj/pro_asp_ws/ws_px4_controls/install/px4_ros_com/share/px4_ros_com//test/__init__.py\n'}
[1.345142] (px4_ros_com) StdoutLine: {'line': b'-- Up-to-date: /home/jmj/pro_asp_ws/ws_px4_controls/install/px4_ros_com/share/px4_ros_com//test/test_output.py\n'}
[1.345265] (px4_ros_com) StdoutLine: {'line': b'-- Up-to-date: /home/jmj/pro_asp_ws/ws_px4_controls/install/px4_ros_com/share/px4_ros_com//test/pipeline_io_test.py\n'}
[1.345316] (px4_ros_com) StdoutLine: {'line': b'-- Up-to-date: /home/jmj/pro_asp_ws/ws_px4_controls/install/px4_ros_com/share/px4_ros_com/environment/pythonpath.sh\n'}
[1.345358] (px4_ros_com) StdoutLine: {'line': b'-- Up-to-date: /home/jmj/pro_asp_ws/ws_px4_controls/install/px4_ros_com/share/px4_ros_com/environment/pythonpath.dsv\n'}
[1.345401] (px4_ros_com) StdoutLine: {'line': b'-- Up-to-date: /home/jmj/pro_asp_ws/ws_px4_controls/install/px4_ros_com/local/lib/python3.10/dist-packages/px4_ros_com-0.1.0-py3.10.egg-info\n'}
[1.345445] (px4_ros_com) StdoutLine: {'line': b'-- Installing: /home/jmj/pro_asp_ws/ws_px4_controls/install/px4_ros_com/local/lib/python3.10/dist-packages/px4_ros_com-0.1.0-py3.10.egg-info/dependency_links.txt\n'}
[1.345531] (px4_ros_com) StdoutLine: {'line': b'-- Installing: /home/jmj/pro_asp_ws/ws_px4_controls/install/px4_ros_com/local/lib/python3.10/dist-packages/px4_ros_com-0.1.0-py3.10.egg-info/top_level.txt\n'}
[1.345572] (px4_ros_com) StdoutLine: {'line': b'-- Installing: /home/jmj/pro_asp_ws/ws_px4_controls/install/px4_ros_com/local/lib/python3.10/dist-packages/px4_ros_com-0.1.0-py3.10.egg-info/PKG-INFO\n'}
[1.345611] (px4_ros_com) StdoutLine: {'line': b'-- Installing: /home/jmj/pro_asp_ws/ws_px4_controls/install/px4_ros_com/local/lib/python3.10/dist-packages/px4_ros_com-0.1.0-py3.10.egg-info/SOURCES.txt\n'}
[1.345648] (px4_ros_com) StdoutLine: {'line': b'-- Up-to-date: /home/jmj/pro_asp_ws/ws_px4_controls/install/px4_ros_com/local/lib/python3.10/dist-packages/px4_ros_com\n'}
[1.345698] (px4_ros_com) StdoutLine: {'line': b'-- Up-to-date: /home/jmj/pro_asp_ws/ws_px4_controls/install/px4_ros_com/local/lib/python3.10/dist-packages/px4_ros_com/__init__.py\n'}
[1.345737] (px4_ros_com) StdoutLine: {'line': b'-- Up-to-date: /home/jmj/pro_asp_ws/ws_px4_controls/install/px4_ros_com/local/lib/python3.10/dist-packages/px4_ros_com/module_to_import.py\n'}
[1.369213] (px4_ros_com) StdoutLine: {'line': b"Listing '/home/jmj/pro_asp_ws/ws_px4_controls/install/px4_ros_com/local/lib/python3.10/dist-packages/px4_ros_com'...\n"}
[1.373051] (px4_ros_com) StdoutLine: {'line': b'-- Up-to-date: /home/jmj/pro_asp_ws/ws_px4_controls/install/px4_ros_com/lib/px4_ros_com/offboard_control.py\n'}
[1.373357] (px4_ros_com) StdoutLine: {'line': b'-- Up-to-date: /home/jmj/pro_asp_ws/ws_px4_controls/install/px4_ros_com/share/ament_index/resource_index/package_run_dependencies/px4_ros_com\n'}
[1.373495] (px4_ros_com) StdoutLine: {'line': b'-- Up-to-date: /home/jmj/pro_asp_ws/ws_px4_controls/install/px4_ros_com/share/ament_index/resource_index/parent_prefix_path/px4_ros_com\n'}
[1.373546] (px4_ros_com) StdoutLine: {'line': b'-- Up-to-date: /home/jmj/pro_asp_ws/ws_px4_controls/install/px4_ros_com/share/px4_ros_com/environment/ament_prefix_path.sh\n'}
[1.373583] (px4_ros_com) StdoutLine: {'line': b'-- Up-to-date: /home/jmj/pro_asp_ws/ws_px4_controls/install/px4_ros_com/share/px4_ros_com/environment/ament_prefix_path.dsv\n'}
[1.373618] (px4_ros_com) StdoutLine: {'line': b'-- Up-to-date: /home/jmj/pro_asp_ws/ws_px4_controls/install/px4_ros_com/share/px4_ros_com/environment/path.sh\n'}
[1.373652] (px4_ros_com) StdoutLine: {'line': b'-- Up-to-date: /home/jmj/pro_asp_ws/ws_px4_controls/install/px4_ros_com/share/px4_ros_com/environment/path.dsv\n'}
[1.373686] (px4_ros_com) StdoutLine: {'line': b'-- Up-to-date: /home/jmj/pro_asp_ws/ws_px4_controls/install/px4_ros_com/share/px4_ros_com/local_setup.bash\n'}
[1.373720] (px4_ros_com) StdoutLine: {'line': b'-- Up-to-date: /home/jmj/pro_asp_ws/ws_px4_controls/install/px4_ros_com/share/px4_ros_com/local_setup.sh\n'}
[1.373757] (px4_ros_com) StdoutLine: {'line': b'-- Up-to-date: /home/jmj/pro_asp_ws/ws_px4_controls/install/px4_ros_com/share/px4_ros_com/local_setup.zsh\n'}
[1.373830] (px4_ros_com) StdoutLine: {'line': b'-- Up-to-date: /home/jmj/pro_asp_ws/ws_px4_controls/install/px4_ros_com/share/px4_ros_com/local_setup.dsv\n'}
[1.373857] (px4_ros_com) StdoutLine: {'line': b'-- Installing: /home/jmj/pro_asp_ws/ws_px4_controls/install/px4_ros_com/share/px4_ros_com/package.dsv\n'}
[1.373899] (px4_ros_com) StdoutLine: {'line': b'-- Up-to-date: /home/jmj/pro_asp_ws/ws_px4_controls/install/px4_ros_com/share/ament_index/resource_index/packages/px4_ros_com\n'}
[1.373925] (px4_ros_com) StdoutLine: {'line': b'-- Up-to-date: /home/jmj/pro_asp_ws/ws_px4_controls/install/px4_ros_com/share/px4_ros_com/cmake/export_frame_transformsExport.cmake\n'}
[1.373953] (px4_ros_com) StdoutLine: {'line': b'-- Up-to-date: /home/jmj/pro_asp_ws/ws_px4_controls/install/px4_ros_com/share/px4_ros_com/cmake/export_frame_transformsExport-noconfig.cmake\n'}
[1.373977] (px4_ros_com) StdoutLine: {'line': b'-- Up-to-date: /home/jmj/pro_asp_ws/ws_px4_controls/install/px4_ros_com/share/px4_ros_com/cmake/ament_cmake_export_dependencies-extras.cmake\n'}
[1.374002] (px4_ros_com) StdoutLine: {'line': b'-- Up-to-date: /home/jmj/pro_asp_ws/ws_px4_controls/install/px4_ros_com/share/px4_ros_com/cmake/ament_cmake_export_targets-extras.cmake\n'}
[1.374025] (px4_ros_com) StdoutLine: {'line': b'-- Up-to-date: /home/jmj/pro_asp_ws/ws_px4_controls/install/px4_ros_com/share/px4_ros_com/cmake/ament_cmake_export_include_directories-extras.cmake\n'}
[1.374050] (px4_ros_com) StdoutLine: {'line': b'-- Up-to-date: /home/jmj/pro_asp_ws/ws_px4_controls/install/px4_ros_com/share/px4_ros_com/cmake/ament_cmake_export_libraries-extras.cmake\n'}
[1.374077] (px4_ros_com) StdoutLine: {'line': b'-- Up-to-date: /home/jmj/pro_asp_ws/ws_px4_controls/install/px4_ros_com/share/px4_ros_com/cmake/px4_ros_comConfig.cmake\n'}
[1.374107] (px4_ros_com) StdoutLine: {'line': b'-- Up-to-date: /home/jmj/pro_asp_ws/ws_px4_controls/install/px4_ros_com/share/px4_ros_com/cmake/px4_ros_comConfig-version.cmake\n'}
[1.374131] (px4_ros_com) StdoutLine: {'line': b'-- Up-to-date: /home/jmj/pro_asp_ws/ws_px4_controls/install/px4_ros_com/share/px4_ros_com/package.xml\n'}
[1.376205] (px4_ros_com) CommandEnded: {'returncode': 0}
[1.385889] (px4_ros_com) JobEnded: {'identifier': 'px4_ros_com', 'rc': 0}
[1.401518] (-) TimerEvent: {}
[1.501936] (-) TimerEvent: {}
[1.602266] (-) TimerEvent: {}
[1.702528] (-) TimerEvent: {}
[1.802783] (-) TimerEvent: {}
[1.903108] (-) TimerEvent: {}
[2.003444] (-) TimerEvent: {}
[2.103999] (-) TimerEvent: {}
[2.204352] (-) TimerEvent: {}
[2.304697] (-) TimerEvent: {}
[2.404962] (-) TimerEvent: {}
[2.505257] (-) TimerEvent: {}
[2.605740] (-) TimerEvent: {}
[2.706021] (-) TimerEvent: {}
[2.806253] (-) TimerEvent: {}
[2.906512] (-) TimerEvent: {}
[3.006844] (-) TimerEvent: {}
[3.107166] (-) TimerEvent: {}
[3.207414] (-) TimerEvent: {}
[3.307688] (-) TimerEvent: {}
[3.408038] (-) TimerEvent: {}
[3.508498] (-) TimerEvent: {}
[3.608984] (-) TimerEvent: {}
[3.709512] (-) TimerEvent: {}
[3.810040] (-) TimerEvent: {}
[3.910389] (-) TimerEvent: {}
[4.010743] (-) TimerEvent: {}
[4.111221] (-) TimerEvent: {}
[4.211569] (-) TimerEvent: {}
[4.311871] (-) TimerEvent: {}
[4.412213] (-) TimerEvent: {}
[4.512634] (-) TimerEvent: {}
[4.613152] (-) TimerEvent: {}
[4.713471] (-) TimerEvent: {}
[4.813810] (-) TimerEvent: {}
[4.914145] (-) TimerEvent: {}
[5.014596] (-) TimerEvent: {}
[5.115076] (-) TimerEvent: {}
[5.215441] (-) TimerEvent: {}
[5.315768] (-) TimerEvent: {}
[5.416079] (-) TimerEvent: {}
[5.516395] (-) TimerEvent: {}
[5.569788] (uav_controller_pkg) StderrLine: {'line': b'\x1b[01m\x1b[K/home/jmj/pro_asp_ws/ws_px4_controls/src/uav_controller_pkg/src/uav_controller.cpp:\x1b[m\x1b[K In constructor \xe2\x80\x98\x1b[01m\x1b[KUavController::UavController()\x1b[m\x1b[K\xe2\x80\x99:\n'}
[5.570094] (uav_controller_pkg) StderrLine: {'line': b'\x1b[01m\x1b[K/home/jmj/pro_asp_ws/ws_px4_controls/src/uav_controller_pkg/src/uav_controller.cpp:54:43:\x1b[m\x1b[K \x1b[01;31m\x1b[Kerror: \x1b[m\x1b[K\xe2\x80\x98\x1b[01m\x1b[Kmulti_tracker\x1b[m\x1b[K\xe2\x80\x99 was not declared in this scope\n'}
[5.570186] (uav_controller_pkg) StderrLine: {'line': b'   54 |         marker_sub_ = create_subscription<\x1b[01;31m\x1b[Kmulti_tracker\x1b[m\x1b[K::msg::MarkerPoseId>(\n'}
[5.570266] (uav_controller_pkg) StderrLine: {'line': b'      |                                           \x1b[01;31m\x1b[K^~~~~~~~~~~~~\x1b[m\x1b[K\n'}
[5.570338] (uav_controller_pkg) StderrLine: {'line': b'\x1b[01m\x1b[K/home/jmj/pro_asp_ws/ws_px4_controls/src/uav_controller_pkg/src/uav_controller.cpp:54:23:\x1b[m\x1b[K \x1b[01;31m\x1b[Kerror: \x1b[m\x1b[Kparse error in template argument list\n'}
[5.570411] (uav_controller_pkg) StderrLine: {'line': b'   54 |         marker_sub_ = \x1b[01;31m\x1b[Kcreate_subscription<multi_tracker::msg::MarkerPoseId>\x1b[m\x1b[K(\n'}
[5.570484] (uav_controller_pkg) StderrLine: {'line': b'      |                       \x1b[01;31m\x1b[K^~~~~~~~~~~~~~~~~~~~~~~~~~~~~~~~~~~~~~~~~~~~~~~~~~~~~\x1b[m\x1b[K\n'}
[5.570553] (uav_controller_pkg) StderrLine: {'line': b'\x1b[01m\x1b[K/home/jmj/pro_asp_ws/ws_px4_controls/src/uav_controller_pkg/src/uav_controller.cpp:54:76:\x1b[m\x1b[K \x1b[01;31m\x1b[Kerror: \x1b[m\x1b[Kno matching function for call to \xe2\x80\x98\x1b[01m\x1b[KUavController::create_subscription<<expression error> >(const char [13], rclcpp::QoS&, std::_Bind_helper<false, void (UavController::*)(std::shared_ptr<aruco_interfaces::msg::MarkerPoseId_<std::allocator<void> > >), UavController*, const std::_Placeholder<1>&>::type)\x1b[m\x1b[K\xe2\x80\x99\n'}
[5.570634] (uav_controller_pkg) StderrLine: {'line': b'   54 |         marker_sub_ = \x1b[01;31m\x1b[Kcreate_subscription<multi_tracker::msg::MarkerPoseId>(\x1b[m\x1b[K\n'}
[5.570709] (uav_controller_pkg) StderrLine: {'line': b'      |                       \x1b[01;31m\x1b[K~~~~~~~~~~~~~~~~~~~~~~~~~~~~~~~~~~~~~~~~~~~~~~~~~~~~~^\x1b[m\x1b[K\n'}
[5.570843] (uav_controller_pkg) StderrLine: {'line': b'   55 | \x1b[01;31m\x1b[K        "/x500/target", pose_qos, // pose_qos\xeb\x8a\x94 \xec\xa0\x81\xec\xa0\x88\xed\x9e\x88 \xec\xa0\x95\xec\x9d\x98\xeb\x90\x98\xec\x96\xb4 \xec\x9e\x88\xeb\x8b\xa4\xea\xb3\xa0 \xea\xb0\x80\xec\xa0\x95\x1b[m\x1b[K\n'}
[5.570965] (uav_controller_pkg) StderrLine: {'line': b'      |         \x1b[01;31m\x1b[K~~~~~~~~~~~~~~~~~~~~~~~~~~~~~~~~~~~~~~~~~~~~~~~~~~~~~~~~~~~~~~~~~~~\x1b[m\x1b[K \n'}
[5.571045] (uav_controller_pkg) StderrLine: {'line': b'   56 | \x1b[01;31m\x1b[K        std::bind(&UavController::aruco_marker_cb, this, std::placeholders::_1))\x1b[m\x1b[K; // \xec\xb6\x94\xea\xb0\x80\n'}
[5.571128] (uav_controller_pkg) StderrLine: {'line': b'      |         \x1b[01;31m\x1b[K~~~~~~~~~~~~~~~~~~~~~~~~~~~~~~~~~~~~~~~~~~~~~~~~~~~~~~~~~~~~~~~~~~~~~~~~\x1b[m\x1b[K\n'}
[5.571226] (uav_controller_pkg) StderrLine: {'line': b'In file included from \x1b[01m\x1b[K/opt/ros/humble/include/rclcpp/rclcpp/executors/single_threaded_executor.hpp:28\x1b[m\x1b[K,\n'}
[5.571293] (uav_controller_pkg) StderrLine: {'line': b'                 from \x1b[01m\x1b[K/opt/ros/humble/include/rclcpp/rclcpp/executors.hpp:22\x1b[m\x1b[K,\n'}
[5.571369] (uav_controller_pkg) StderrLine: {'line': b'                 from \x1b[01m\x1b[K/opt/ros/humble/include/rclcpp/rclcpp/rclcpp.hpp:155\x1b[m\x1b[K,\n'}
[5.571436] (uav_controller_pkg) StderrLine: {'line': b'                 from \x1b[01m\x1b[K/home/jmj/pro_asp_ws/ws_px4_controls/src/uav_controller_pkg/src/uav_controller.cpp:11\x1b[m\x1b[K:\n'}
[5.571511] (uav_controller_pkg) StderrLine: {'line': b'\x1b[01m\x1b[K/opt/ros/humble/include/rclcpp/rclcpp/node.hpp:219:3:\x1b[m\x1b[K \x1b[01;36m\x1b[Knote: \x1b[m\x1b[Kcandidate: \xe2\x80\x98\x1b[01m\x1b[Ktemplate<class MessageT, class CallbackT, class AllocatorT, class SubscriptionT, class MessageMemoryStrategyT> std::shared_ptr<ROSMessageT> rclcpp::Node::create_subscription(const string&, const rclcpp::QoS&, CallbackT&&, const rclcpp::SubscriptionOptionsWithAllocator<AllocatorT>&, typename MessageMemoryStrategyT::SharedPtr)\x1b[m\x1b[K\xe2\x80\x99\n'}
[5.571582] (uav_controller_pkg) StderrLine: {'line': b'  219 |   \x1b[01;36m\x1b[Kcreate_subscription\x1b[m\x1b[K(\n'}
[5.571645] (uav_controller_pkg) StderrLine: {'line': b'      |   \x1b[01;36m\x1b[K^~~~~~~~~~~~~~~~~~~\x1b[m\x1b[K\n'}
[5.571713] (uav_controller_pkg) StderrLine: {'line': b'\x1b[01m\x1b[K/opt/ros/humble/include/rclcpp/rclcpp/node.hpp:219:3:\x1b[m\x1b[K \x1b[01;36m\x1b[Knote: \x1b[m\x1b[K  template argument deduction/substitution failed:\n'}
[5.571784] (uav_controller_pkg) StderrLine: {'line': b'\x1b[01m\x1b[K/home/jmj/pro_asp_ws/ws_px4_controls/src/uav_controller_pkg/src/uav_controller.cpp:54:76:\x1b[m\x1b[K \x1b[01;31m\x1b[Kerror: \x1b[m\x1b[Ktemplate argument 1 is invalid\n'}
[5.571850] (uav_controller_pkg) StderrLine: {'line': b'   54 |         marker_sub_ = \x1b[01;31m\x1b[Kcreate_subscription<multi_tracker::msg::MarkerPoseId>(\x1b[m\x1b[K\n'}
[5.571913] (uav_controller_pkg) StderrLine: {'line': b'      |                       \x1b[01;31m\x1b[K~~~~~~~~~~~~~~~~~~~~~~~~~~~~~~~~~~~~~~~~~~~~~~~~~~~~~^\x1b[m\x1b[K\n'}
[5.571975] (uav_controller_pkg) StderrLine: {'line': b'   55 | \x1b[01;31m\x1b[K        "/x500/target", pose_qos, // pose_qos\xeb\x8a\x94 \xec\xa0\x81\xec\xa0\x88\xed\x9e\x88 \xec\xa0\x95\xec\x9d\x98\xeb\x90\x98\xec\x96\xb4 \xec\x9e\x88\xeb\x8b\xa4\xea\xb3\xa0 \xea\xb0\x80\xec\xa0\x95\x1b[m\x1b[K\n'}
[5.572038] (uav_controller_pkg) StderrLine: {'line': b'      |         \x1b[01;31m\x1b[K~~~~~~~~~~~~~~~~~~~~~~~~~~~~~~~~~~~~~~~~~~~~~~~~~~~~~~~~~~~~~~~~~~~\x1b[m\x1b[K \n'}
[5.572100] (uav_controller_pkg) StderrLine: {'line': b'   56 | \x1b[01;31m\x1b[K        std::bind(&UavController::aruco_marker_cb, this, std::placeholders::_1))\x1b[m\x1b[K; // \xec\xb6\x94\xea\xb0\x80\n'}
[5.572160] (uav_controller_pkg) StderrLine: {'line': b'      |         \x1b[01;31m\x1b[K~~~~~~~~~~~~~~~~~~~~~~~~~~~~~~~~~~~~~~~~~~~~~~~~~~~~~~~~~~~~~~~~~~~~~~~~\x1b[m\x1b[K\n'}
[5.572229] (uav_controller_pkg) StderrLine: {'line': b'gmake[2]: *** [CMakeFiles/uav_controller.dir/build.make:76: CMakeFiles/uav_controller.dir/src/uav_controller.cpp.o] Error 1\n'}
[5.572289] (uav_controller_pkg) StderrLine: {'line': b'gmake[1]: *** [CMakeFiles/Makefile2:167: CMakeFiles/uav_controller.dir/all] Error 2\n'}
[5.572354] (uav_controller_pkg) StderrLine: {'line': b'gmake: *** [Makefile:146: all] Error 2\n'}
[5.573199] (uav_controller_pkg) CommandEnded: {'returncode': 2}
[5.576491] (uav_controller_pkg) JobEnded: {'identifier': 'uav_controller_pkg', 'rc': 2}
[5.587007] (-) EventReactorShutdown: {}
